Timestamp,User Count,Type,Name,Requests/s,Failures/s,50%,66%,75%,80%,90%,95%,98%,99%,99.9%,99.99%,100%,Total Request Count,Total Failure Count,Total Median Response Time,Total Average Response Time,Total Min Response Time,Total Max Response Time,Total Average Content Size
1782358147,0,,Aggregated,0.000000,0.000000,N/A,N/A,N/A,N/A,N/A,N/A,N/A,N/A,N/A,N/A,N/A,0,0,0,0.0,0,0,0
1782358148,1,,Aggregated,0.000000,0.000000,N/A,N/A,N/A,N/A,N/A,N/A,N/A,N/A,N/A,N/A,N/A,0,0,0,0.0,0,0,0
1782358149,2,,Aggregated,0.000000,0.000000,N/A,N/A,N/A,N/A,N/A,N/A,N/A,N/A,N/A,N/A,N/A,0,0,0,0.0,0,0,0
1782358150,2,,Aggregated,0.000000,0.000000,2400,2400,2400,2400,2400,2400,2400,2400,2400,2400,2400,1,0,2386.231600001338,2386.231600001338,2386.231600001338,2386.231600001338,10499.0
1782358151,2,,Aggregated,0.000000,0.000000,2400,2400,2400,2400,2400,2400,2400,2400,2400,2400,2400,2,0,2100,2219.307300001674,2052.38300000201,2386.231600001338,10499.0
1782358152,2,,Aggregated,0.000000,0.000000,2400,2400,2400,2400,2400,2400,2400,2400,2400,2400,2400,2,0,2100,2219.307300001674,2052.38300000201,2386.231600001338,10499.0
1782358153,2,,Aggregated,0.333333,0.000000,2100,2100,2400,2400,2400,2400,2400,2400,2400,2400,2400,4,0,77,1133.738850001464,18.863500001316424,2386.231600001338,9146.0
1782358154,2,,Aggregated,0.333333,0.000000,2100,2100,2400,2400,2400,2400,2400,2400,2400,2400,2400,4,0,77,1133.738850001464,18.863500001316424,2386.231600001338,9146.0
1782358155,2,,Aggregated,0.400000,0.000000,77,2100,2100,2400,2400,2400,2400,2400,2400,2400,2400,5,0,77,908.3124200013117,6.6067000007024035,2386.231600001338,8334.2
1782358156,2,,Aggregated,0.400000,0.000000,77,2100,2100,2400,2400,2400,2400,2400,2400,2400,2400,5,0,77,908.3124200013117,6.6067000007024035,2386.231600001338,8334.2
1782358157,2,,Aggregated,0.571429,0.000000,77,77,2100,2100,2400,2400,2400,2400,2400,2400,2400,6,0,36,762.8492166671398,6.6067000007024035,2386.231600001338,8695.0
1782358158,2,,Aggregated,0.571429,0.000000,77,77,2100,2100,2400,2400,2400,2400,2400,2400,2400,6,0,36,762.8492166671398,6.6067000007024035,2386.231600001338,8695.0
1782358159,2,,Aggregated,0.571429,0.000000,77,77,2100,2100,2400,2400,2400,2400,2400,2400,2400,6,0,36,762.8492166671398,6.6067000007024035,2386.231600001338,8695.0
1782358160,2,,Aggregated,0.600000,0.000000,36,77,2100,2100,2400,2400,2400,2400,2400,2400,2400,8,0,19,575.5046124995715,6.6067000007024035,2386.231600001338,8469.5
1782358161,2,,Aggregated,0.600000,0.000000,36,77,2100,2100,2400,2400,2400,2400,2400,2400,2400,8,0,19,575.5046124995715,6.6067000007024035,2386.231600001338,8469.5
1782358162,2,,Aggregated,0.600000,0.000000,36,77,2100,2100,2400,2400,2400,2400,2400,2400,2400,8,0,19,575.5046124995715,6.6067000007024035,2386.231600001338,8469.5
1782358163,2,,Aggregated,0.600000,0.000000,19,36,77,2100,2400,2400,2400,2400,2400,2400,2400,9,0,19,512.2879333333307,6.554500003403518,2386.231600001338,8180.111111111111
1782358164,2,,Aggregated,0.600000,0.000000,19,36,77,2100,2400,2400,2400,2400,2400,2400,2400,9,0,19,512.2879333333307,6.554500003403518,2386.231600001338,8180.111111111111
1782358165,2,,Aggregated,0.600000,0.000000,19,36,77,77,2100,2400,2400,2400,2400,2400,2400,11,0,19,422.42999090971847,6.554500003403518,2386.231600001338,8601.727272727272
1782358166,2,,Aggregated,0.600000,0.000000,19,36,77,77,2100,2400,2400,2400,2400,2400,2400,11,0,19,422.42999090971847,6.554500003403518,2386.231600001338,8601.727272727272
1782358167,2,,Aggregated,0.600000,0.000000,19,36,77,77,2100,2400,2400,2400,2400,2400,2400,11,0,19,422.42999090971847,6.554500003403518,2386.231600001338,8601.727272727272
1782358168,2,,Aggregated,0.600000,0.000000,19,36,77,77,2100,2400,2400,2400,2400,2400,2400,11,0,19,422.42999090971847,6.554500003403518,2386.231600001338,8601.727272727272
1782358169,2,,Aggregated,0.600000,0.000000,17,24,36,77,2100,2400,2400,2400,2400,2400,2400,13,0,17,358.40514615399746,6.075799996324349,2386.231600001338,8120.846153846154
1782358170,2,,Aggregated,0.600000,0.000000,17,24,36,77,2100,2400,2400,2400,2400,2400,2400,13,0,17,358.40514615399746,6.075799996324349,2386.231600001338,8120.846153846154
1782358171,2,,Aggregated,0.600000,0.000000,17,24,36,77,2100,2400,2400,2400,2400,2400,2400,13,0,17,358.40514615399746,6.075799996324349,2386.231600001338,8120.846153846154
1782358172,2,,Aggregated,0.600000,0.000000,17,24,36,77,2100,2400,2400,2400,2400,2400,2400,13,0,17,358.40514615399746,6.075799996324349,2386.231600001338,8120.846153846154
1782358173,2,,Aggregated,0.500000,0.000000,17,24,39,77,2100,2400,2400,2400,2400,2400,2400,15,0,17,313.9874466670638,6.075799996324349,2386.231600001338,8129.0
1782358174,2,,Aggregated,0.500000,0.000000,17,24,39,77,2100,2400,2400,2400,2400,2400,2400,15,0,17,313.9874466670638,6.075799996324349,2386.231600001338,8129.0
1782358175,2,,Aggregated,0.500000,0.000000,17,24,39,39,2100,2400,2400,2400,2400,2400,2400,16,0,14,295.24196250076784,6.075799996324349,2386.231600001338,8277.125
1782358176,2,,Aggregated,0.500000,0.000000,17,24,39,39,2100,2400,2400,2400,2400,2400,2400,16,0,14,295.24196250076784,6.075799996324349,2386.231600001338,8277.125
1782358177,2,,Aggregated,0.500000,0.000000,14,24,36,39,2100,2400,2400,2400,2400,2400,2400,17,0,14,278.2929941184942,6.075799996324349,2386.231600001338,8135.235294117647
1782358178,2,,Aggregated,0.500000,0.000000,14,19,36,39,2100,2400,2400,2400,2400,2400,2400,18,0,12,263.20944444523775,6.075799996324349,2386.231600001338,7965.888888888889
1782358179,2,,Aggregated,0.500000,0.000000,14,19,36,39,2100,2400,2400,2400,2400,2400,2400,18,0,12,263.20944444523775,6.075799996324349,2386.231600001338,7965.888888888889
1782358180,2,,Aggregated,0.500000,0.000000,14,19,36,39,2100,2400,2400,2400,2400,2400,2400,18,0,12,263.20944444523775,6.075799996324349,2386.231600001338,7965.888888888889
1782358181,2,,Aggregated,0.500000,0.000000,14,19,36,39,2100,2400,2400,2400,2400,2400,2400,18,0,12,263.20944444523775,6.075799996324349,2386.231600001338,7965.888888888889
1782358182,2,,Aggregated,0.500000,0.000000,12,19,36,39,2100,2400,2400,2400,2400,2400,2400,19,0,12,249.71359473764957,6.075799996324349,2386.231600001338,7855.315789473684
1782358183,2,,Aggregated,0.500000,0.000000,14,24,36,39,2100,2400,2400,2400,2400,2400,2400,20,0,12,238.53527000101167,6.075799996324349,2386.231600001338,7987.5
1782358184,2,,Aggregated,0.500000,0.000000,14,24,36,39,2100,2400,2400,2400,2400,2400,2400,20,0,12,238.53527000101167,6.075799996324349,2386.231600001338,7987.5
1782358185,2,,Aggregated,0.600000,0.000000,12,19,26,36,77,2100,2400,2400,2400,2400,2400,21,0,12,227.502838095894,6.075799996324349,2386.231600001338,7886.428571428572
1782358186,2,,Aggregated,0.600000,0.000000,12,19,26,36,77,2100,2400,2400,2400,2400,2400,21,0,12,227.502838095894,6.075799996324349,2386.231600001338,7886.428571428572
1782358187,2,,Aggregated,0.500000,0.000000,12,19,26,36,77,2100,2400,2400,2400,2400,2400,22,0,11,217.49186818223362,6.075799996324349,2386.231600001338,7794.545454545455
1782358188,2,,Aggregated,0.500000,0.000000,12,19,26,36,77,2100,2400,2400,2400,2400,2400,22,0,11,217.49186818223362,6.075799996324349,2386.231600001338,7794.545454545455
1782358189,2,,Aggregated,0.500000,0.000000,11,19,26,36,77,2100,2400,2400,2400,2400,2400,23,0,11,208.35078260911953,6.075799996324349,2386.231600001338,7676.826086956522
1782358190,2,,Aggregated,0.600000,0.000000,12,19,33,36,77,2100,2400,2400,2400,2400,2400,24,0,11,201.0574458336123,6.075799996324349,2386.231600001338,7794.416666666667
1782358191,2,,Aggregated,0.600000,0.000000,12,19,33,36,77,2100,2400,2400,2400,2400,2400,24,0,11,201.0574458336123,6.075799996324349,2386.231600001338,7794.416666666667
1782358192,2,,Aggregated,0.500000,0.000000,12,19,26,36,77,2100,2400,2400,2400,2400,2400,25,0,12,193.57324800017523,6.075799996324349,2386.231600001338,7902.6
1782358193,2,,Aggregated,0.500000,0.000000,12,19,26,36,77,2100,2400,2400,2400,2400,2400,25,0,12,193.57324800017523,6.075799996324349,2386.231600001338,7902.6
1782358194,2,,Aggregated,0.700000,0.000000,12,17,26,33,77,2100,2400,2400,2400,2400,2400,27,0,12,179.95998888929736,6.075799996324349,2386.231600001338,7894.481481481482
1782358195,2,,Aggregated,0.700000,0.000000,12,17,26,33,77,2100,2400,2400,2400,2400,2400,27,0,12,179.95998888929736,6.075799996324349,2386.231600001338,7894.481481481482
1782358196,2,,Aggregated,0.700000,0.000000,12,17,26,33,77,2100,2400,2400,2400,2400,2400,27,0,12,179.95998888929736,6.075799996324349,2386.231600001338,7894.481481481482
1782358197,2,,Aggregated,0.700000,0.000000,11,17,24,33,77,2100,2400,2400,2400,2400,2400,29,0,11,168.04247586245262,6.075799996324349,2386.231600001338,7754.517241379311
1782358198,2,,Aggregated,0.700000,0.000000,11,17,24,33,77,2100,2400,2400,2400,2400,2400,29,0,11,168.04247586245262,6.075799996324349,2386.231600001338,7754.517241379311
1782358199,2,,Aggregated,0.700000,0.000000,11,17,24,33,77,2100,2400,2400,2400,2400,2400,29,0,11,168.04247586245262,6.075799996324349,2386.231600001338,7754.517241379311
1782358200,2,,Aggregated,0.700000,0.000000,11,17,24,33,77,2100,2400,2400,2400,2400,2400,29,0,11,168.04247586245262,6.075799996324349,2386.231600001338,7754.517241379311
1782358201,2,,Aggregated,0.700000,0.000000,12,17,26,33,39,2100,2400,2400,2400,2400,2400,31,0,12,158.79600645195987,6.075799996324349,2386.231600001338,7931.580645161291
1782358202,2,,Aggregated,0.700000,0.000000,12,17,26,33,39,2100,2400,2400,2400,2400,2400,31,0,12,158.79600645195987,6.075799996324349,2386.231600001338,7931.580645161291
1782358203,2,,Aggregated,0.700000,0.000000,12,17,26,33,39,2100,2400,2400,2400,2400,2400,31,0,12,158.79600645195987,6.075799996324349,2386.231600001338,7931.580645161291
1782358204,2,,Aggregated,0.600000,0.000000,12,17,26,33,39,2100,2400,2400,2400,2400,2400,32,0,11,154.05796250047388,6.075799996324349,2386.231600001338,7867.0
1782358205,2,,Aggregated,0.600000,0.000000,11,15,24,33,39,2100,2400,2400,2400,2400,2400,33,0,11,149.562312121623,5.7014999983948655,2386.231600001338,7782.757575757576
1782358206,2,,Aggregated,0.600000,0.000000,11,15,24,33,39,2100,2400,2400,2400,2400,2400,33,0,11,149.562312121623,5.7014999983948655,2386.231600001338,7782.757575757576
1782358207,2,,Aggregated,0.500000,0.000000,11,15,24,33,39,2100,2400,2400,2400,2400,2400,34,0,10,145.41000000035103,5.7014999983948655,2386.231600001338,7726.35294117647
1782358208,2,,Aggregated,0.500000,0.000000,11,15,24,33,39,2100,2400,2400,2400,2400,2400,34,0,10,145.41000000035103,5.7014999983948655,2386.231600001338,7726.35294117647
1782358209,2,,Aggregated,0.500000,0.000000,11,15,24,33,39,2100,2400,2400,2400,2400,2400,34,0,10,145.41000000035103,5.7014999983948655,2386.231600001338,7726.35294117647
1782358210,2,,Aggregated,0.600000,0.000000,11,15,24,26,39,2100,2400,2400,2400,2400,2400,36,0,10,138.161769444802,5.7014999983948655,2386.231600001338,7751.666666666667
1782358211,2,,Aggregated,0.600000,0.000000,11,15,24,26,39,2100,2400,2400,2400,2400,2400,36,0,10,138.161769444802,5.7014999983948655,2386.231600001338,7751.666666666667
1782358212,2,,Aggregated,0.700000,0.000000,11,17,22,26,39,2100,2400,2400,2400,2400,2400,38,0,10,131.5532447371975,5.7014999983948655,2386.231600001338,7753.8421052631575
1782358213,2,,Aggregated,0.700000,0.000000,11,17,22,26,39,2100,2400,2400,2400,2400,2400,38,0,10,131.5532447371975,5.7014999983948655,2386.231600001338,7753.8421052631575
1782358214,2,,Aggregated,0.700000,0.000000,11,17,22,26,39,2100,2400,2400,2400,2400,2400,38,0,10,131.5532447371975,5.7014999983948655,2386.231600001338,7753.8421052631575
1782358215,2,,Aggregated,0.700000,0.000000,12,18,24,30,39,2100,2400,2400,2400,2400,2400,40,0,11,126.18888000015431,5.7014999983948655,2386.231600001338,7891.1
1782358216,2,,Aggregated,0.700000,0.000000,12,18,24,30,39,2100,2400,2400,2400,2400,2400,40,0,11,126.18888000015431,5.7014999983948655,2386.231600001338,7891.1
1782358217,2,,Aggregated,0.700000,0.000000,12,18,24,30,39,2100,2400,2400,2400,2400,2400,40,0,11,126.18888000015431,5.7014999983948655,2386.231600001338,7891.1
1782358218,2,,Aggregated,0.700000,0.000000,12,18,24,30,39,2100,2400,2400,2400,2400,2400,40,0,11,126.18888000015431,5.7014999983948655,2386.231600001338,7891.1
1782358219,2,,Aggregated,0.700000,0.000000,11,18,22,26,36,77,2400,2400,2400,2400,2400,41,0,11,123.2853804879308,5.7014999983948655,2386.231600001338,7841.682926829269
1782358220,2,,Aggregated,0.700000,0.000000,11,17,22,26,36,77,2400,2400,2400,2400,2400,42,0,10,120.5089166668629,5.7014999983948655,2386.231600001338,7776.0952380952385
1782358221,2,,Aggregated,0.700000,0.000000,11,17,22,26,36,77,2400,2400,2400,2400,2400,42,0,10,120.5089166668629,5.7014999983948655,2386.231600001338,7776.0952380952385
1782358222,2,,Aggregated,0.700000,0.000000,11,17,22,26,36,77,2400,2400,2400,2400,2400,42,0,10,120.5089166668629,5.7014999983948655,2386.231600001338,7776.0952380952385
1782358223,2,,Aggregated,0.600000,0.000000,11,18,23,26,36,77,2400,2400,2400,2400,2400,43,0,11,118.2296511630506,5.7014999983948655,2386.231600001338,7839.418604651163
1782358224,2,,Aggregated,0.500000,0.000000,11,18,23,26,36,77,2400,2400,2400,2400,2400,44,0,10,115.6721181819607,5.69819999509491,2386.231600001338,7794.545454545455
1782358225,2,,Aggregated,0.500000,0.000000,11,17,22,26,36,77,2400,2400,2400,2400,2400,45,0,11,113.42587777795012,5.69819999509491,2386.231600001338,7854.644444444444
1782358226,2,,Aggregated,0.500000,0.000000,11,17,22,26,36,77,2400,2400,2400,2400,2400,45,0,11,113.42587777795012,5.69819999509491,2386.231600001338,7854.644444444444
1782358227,2,,Aggregated,0.500000,0.000000,11,17,22,26,36,77,2400,2400,2400,2400,2400,45,0,11,113.42587777795012,5.69819999509491,2386.231600001338,7854.644444444444
1782358228,2,,Aggregated,0.500000,0.000000,11,18,23,26,36,77,2400,2400,2400,2400,2400,47,0,11,109.3042404257737,5.69819999509491,2386.231600001338,7868.574468085107
1782358229,2,,Aggregated,0.500000,0.000000,11,18,23,26,36,77,2400,2400,2400,2400,2400,47,0,11,109.3042404257737,5.69819999509491,2386.231600001338,7868.574468085107
1782358230,2,,Aggregated,0.600000,0.000000,12,18,24,27,36,77,2400,2400,2400,2400,2400,48,0,11,107.62217291691438,5.69819999509491,2386.231600001338,7923.375
1782358231,2,,Aggregated,0.600000,0.000000,12,18,24,27,36,77,2400,2400,2400,2400,2400,48,0,11,107.62217291691438,5.69819999509491,2386.231600001338,7923.375
1782358232,2,,Aggregated,0.600000,0.000000,12,18,24,27,36,77,2400,2400,2400,2400,2400,48,0,11,107.62217291691438,5.69819999509491,2386.231600001338,7923.375
1782358233,2,,Aggregated,0.600000,0.000000,11,18,23,27,36,77,2400,2400,2400,2400,2400,50,0,10,103.60954800024047,5.69819999509491,2386.231600001338,7825.48
1782358234,2,,Aggregated,0.600000,0.000000,11,18,23,27,36,77,2400,2400,2400,2400,2400,50,0,10,103.60954800024047,5.69819999509491,2386.231600001338,7825.48
1782358235,2,,Aggregated,0.500000,0.000000,10,17,23,26,34,77,2100,2400,2400,2400,2400,51,0,10,101.69937058854688,5.69819999509491,2386.231600001338,7771.78431372549
1782358236,2,,Aggregated,0.700000,0.000000,10,17,23,26,34,77,2100,2400,2400,2400,2400,52,0,8,99.88556153873036,5.69819999509491,2386.231600001338,7735.115384615385
1782358237,2,,Aggregated,0.700000,0.000000,10,17,23,26,34,77,2100,2400,2400,2400,2400,52,0,8,99.88556153873036,5.69819999509491,2386.231600001338,7735.115384615385
1782358238,2,,Aggregated,0.600000,0.000000,8,15,22,26,34,77,2100,2400,2400,2400,2400,53,0,8,98.12769056630061,5.69819999509491,2386.231600001338,7685.1509433962265
1782358239,2,,Aggregated,0.600000,0.000000,8,15,22,26,34,77,2100,2400,2400,2400,2400,53,0,8,98.12769056630061,5.69819999509491,2386.231600001338,7685.1509433962265
1782358240,2,,Aggregated,0.700000,0.000000,8,17,23,27,36,77,2100,2400,2400,2400,2400,55,0,8,95.38501272750595,5.69819999509491,2386.231600001338,7703.218181818182
1782358241,2,,Aggregated,0.700000,0.000000,8,17,23,27,36,77,2100,2400,2400,2400,2400,55,0,8,95.38501272750595,5.69819999509491,2386.231600001338,7703.218181818182
1782358242,2,,Aggregated,0.600000,0.000000,8,15,23,26,36,77,2100,2400,2400,2400,2400,56,0,8,93.78832142881167,5.69819999509491,2386.231600001338,7670.392857142857
1782358243,2,,Aggregated,0.600000,0.000000,8,15,23,26,36,77,2100,2400,2400,2400,2400,56,0,8,93.78832142881167,5.69819999509491,2386.231600001338,7670.392857142857
1782358244,2,,Aggregated,0.600000,0.000000,8,15,23,26,36,77,2100,2400,2400,2400,2400,56,0,8,93.78832142881167,5.69819999509491,2386.231600001338,7670.392857142857
1782358245,2,,Aggregated,0.800000,0.000000,8,15,22,26,36,77,2100,2400,2400,2400,2400,57,0,8,92.30878421071235,5.69819999509491,2386.231600001338,7638.7192982456145
1782358246,2,,Aggregated,0.800000,0.000000,8,15,22,26,36,77,2100,2400,2400,2400,2400,57,0,8,92.30878421071235,5.69819999509491,2386.231600001338,7638.7192982456145
1782358247,2,,Aggregated,0.600000,0.000000,8,15,22,26,36,77,2100,2400,2400,2400,2400,58,0,8,90.83620517262246,5.69819999509491,2386.231600001338,7594.724137931034
1782358248,2,,Aggregated,0.600000,0.000000,8,15,22,26,36,77,2100,2400,2400,2400,2400,59,0,8,89.41185254254871,5.69819999509491,2386.231600001338,7565.406779661017
1782358249,2,,Aggregated,0.500000,0.000000,8,15,22,26,36,77,2100,2400,2400,2400,2400,60,0,8,88.037090000095,5.69819999509491,2386.231600001338,7524.1
1782358250,2,,Aggregated,0.500000,0.000000,8,15,22,26,36,77,2100,2400,2400,2400,2400,60,0,8,88.037090000095,5.69819999509491,2386.231600001338,7524.1
1782358251,2,,Aggregated,0.500000,0.000000,8,15,22,26,36,77,2100,2400,2400,2400,2400,60,0,8,88.037090000095,5.69819999509491,2386.231600001338,7524.1
1782358252,2,,Aggregated,0.600000,0.000000,8,15,22,26,36,49,2100,2400,2400,2400,2400,62,0,8,86.1003064516896,5.69819999509491,2386.231600001338,7545.322580645161
1782358253,2,,Aggregated,0.600000,0.000000,8,15,22,26,36,49,2100,2400,2400,2400,2400,62,0,8,86.1003064516896,5.69819999509491,2386.231600001338,7545.322580645161
1782358254,2,,Aggregated,0.700000,0.000000,8,15,22,26,36,49,2100,2400,2400,2400,2400,64,0,8,83.78198281263849,5.69819999509491,2386.231600001338,7565.21875
1782358255,2,,Aggregated,0.700000,0.000000,8,15,22,26,36,49,2100,2400,2400,2400,2400,64,0,8,83.78198281263849,5.69819999509491,2386.231600001338,7565.21875
1782358256,2,,Aggregated,0.700000,0.000000,8,15,22,26,36,49,2100,2400,2400,2400,2400,64,0,8,83.78198281263849,5.69819999509491,2386.231600001338,7565.21875
1782358257,2,,Aggregated,0.800000,0.000000,8,15,19,24,36,49,2100,2400,2400,2400,2400,66,0,8,81.48679696971544,5.69819999509491,2386.231600001338,7513.69696969697
1782358258,2,,Aggregated,0.800000,0.000000,8,15,19,24,36,49,2100,2400,2400,2400,2400,66,0,8,81.48679696971544,5.69819999509491,2386.231600001338,7513.69696969697
1782358259,2,,Aggregated,0.800000,0.000000,8,15,19,24,36,49,2100,2400,2400,2400,2400,66,0,8,81.48679696971544,5.69819999509491,2386.231600001338,7513.69696969697
1782358260,2,,Aggregated,0.800000,0.000000,8,15,19,24,36,49,2100,2400,2400,2400,2400,67,0,8,80.37238208961034,5.69819999509491,2386.231600001338,7477.477611940299
1782358261,2,,Aggregated,0.700000,0.000000,8,15,22,25,36,49,2100,2400,2400,2400,2400,68,0,8,79.55175294120957,5.69819999509491,2386.231600001338,7521.911764705882
1782358262,2,,Aggregated,0.700000,0.000000,8,15,22,25,36,49,2100,2400,2400,2400,2400,68,0,8,79.55175294120957,5.69819999509491,2386.231600001338,7521.911764705882
1782358263,2,,Aggregated,0.700000,0.000000,8,15,22,25,36,49,2100,2400,2400,2400,2400,68,0,8,79.55175294120957,5.69819999509491,2386.231600001338,7521.911764705882
1782358264,2,,Aggregated,0.600000,0.000000,8,15,19,25,36,49,2100,2400,2400,2400,2400,69,0,8,78.60822318848543,5.69819999509491,2386.231600001338,7565.057971014493
1782358265,2,,Aggregated,0.600000,0.000000,8,15,19,25,36,49,2100,2400,2400,2400,2400,70,0,8,77.58976714300972,5.69819999509491,2386.231600001338,7540.771428571428
1782358266,2,,Aggregated,0.600000,0.000000,8,15,19,25,36,49,2100,2400,2400,2400,2400,70,0,8,77.58976714300972,5.69819999509491,2386.231600001338,7540.771428571428
1782358267,2,,Aggregated,0.600000,0.000000,8,15,19,25,36,49,2100,2400,2400,2400,2400,70,0,8,77.58976714300972,5.69819999509491,2386.231600001338,7540.771428571428
1782358268,2,,Aggregated,0.600000,0.000000,8,15,22,25,34,49,2100,2400,2400,2400,2400,71,0,8,76.8518056339276,5.69819999509491,2386.231600001338,7582.43661971831
1782358269,2,,Aggregated,0.600000,0.000000,8,15,23,25,34,49,2100,2400,2400,2400,2400,72,0,8,76.18278472232811,5.69819999509491,2386.231600001338,7622.944444444444
1782358270,2,,Aggregated,0.600000,0.000000,8,15,23,25,34,49,2100,2400,2400,2400,2400,72,0,8,76.18278472232811,5.69819999509491,2386.231600001338,7622.944444444444
1782358271,2,,Aggregated,0.600000,0.000000,8,15,23,25,34,49,2100,2400,2400,2400,2400,72,0,8,76.18278472232811,5.69819999509491,2386.231600001338,7622.944444444444
1782358273,2,,Aggregated,0.600000,0.000000,8,15,22,25,34,49,2100,2400,2400,2400,2400,73,0,8,75.33919863027683,5.69819999509491,2386.231600001338,7662.342465753424
1782358274,2,,Aggregated,0.500000,0.000000,8,15,22,25,34,49,2100,2400,2400,2400,2400,74,0,8,74.40033108129707,5.69819999509491,2386.231600001338,7638.054054054054
1782358275,2,,Aggregated,0.500000,0.000000,8,15,22,25,34,49,2100,2400,2400,2400,2400,74,0,8,74.40033108129707,5.69819999509491,2386.231600001338,7638.054054054054
1782358276,2,,Aggregated,0.500000,0.000000,8,15,22,25,34,49,2100,2400,2400,2400,2400,74,0,8,74.40033108129707,5.69819999509491,2386.231600001338,7638.054054054054
1782358277,2,,Aggregated,0.600000,0.000000,8,15,23,25,34,49,2100,2400,2400,2400,2400,76,0,8,72.81720394760333,5.631100000755396,2386.231600001338,7642.131578947368
1782358278,2,,Aggregated,0.600000,0.000000,8,15,23,25,34,49,2100,2400,2400,2400,2400,76,0,8,72.81720394760333,5.631100000755396,2386.231600001338,7642.131578947368
1782358279,2,,Aggregated,0.600000,0.000000,8,15,23,25,34,49,2100,2400,2400,2400,2400,76,0,8,72.81720394760333,5.631100000755396,2386.231600001338,7642.131578947368
1782358280,2,,Aggregated,0.600000,0.000000,8,15,22,25,34,49,2100,2400,2400,2400,2400,77,0,8,71.96385194827174,5.631100000755396,2386.231600001338,7608.948051948052
1782358281,2,,Aggregated,0.600000,0.000000,8,15,22,25,34,49,2100,2400,2400,2400,2400,78,0,8,71.14452564126576,5.631100000755396,2386.231600001338,7586.589743589743
1782358282,2,,Aggregated,0.600000,0.000000,8,15,22,25,34,49,2100,2400,2400,2400,2400,78,0,8,71.14452564126576,5.631100000755396,2386.231600001338,7586.589743589743
1782358283,2,,Aggregated,0.500000,0.000000,8,15,22,25,34,49,2100,2400,2400,2400,2400,79,0,8,70.51113291158741,5.631100000755396,2386.231600001338,7623.455696202532
1782358284,2,,Aggregated,0.600000,0.000000,8,15,22,25,34,49,2100,2400,2400,2400,2400,80,0,8,69.81882875015799,5.631100000755396,2386.231600001338,7659.4
1782358285,2,,Aggregated,0.600000,0.000000,8,15,22,25,34,49,2100,2400,2400,2400,2400,80,0,8,69.81882875015799,5.631100000755396,2386.231600001338,7659.4
1782358286,2,,Aggregated,0.600000,0.000000,8,15,21,24,33,39,2100,2400,2400,2400,2400,81,0,8,69.03390370388041,5.631100000755396,2386.231600001338,7637.246913580247
1782358287,2,,Aggregated,0.600000,0.000000,8,15,21,24,33,39,2100,2400,2400,2400,2400,81,0,8,69.03390370388041,5.631100000755396,2386.231600001338,7637.246913580247
1782358288,2,,Aggregated,0.600000,0.000000,8,15,21,24,33,39,2100,2400,2400,2400,2400,82,0,8,68.29227682944138,5.631100000755396,2386.231600001338,7615.634146341464
1782358289,2,,Aggregated,0.700000,0.000000,8,15,21,24,33,39,2100,2400,2400,2400,2400,83,0,8,67.55142650612228,5.631100000755396,2386.231600001338,7585.168674698795
1782358290,2,,Aggregated,0.700000,0.000000,8,15,21,24,33,39,2100,2400,2400,2400,2400,83,0,8,67.55142650612228,5.631100000755396,2386.231600001338,7585.168674698795
1782358291,2,,Aggregated,0.600000,0.000000,8,15,21,24,33,39,2100,2400,2400,2400,2400,85,0,8,66.31605176474241,5.631100000755396,2386.231600001338,7599.211764705882
1782358292,2,,Aggregated,0.600000,0.000000,8,15,21,24,33,39,2100,2400,2400,2400,2400,85,0,8,66.31605176474241,5.631100000755396,2386.231600001338,7599.211764705882
1782358293,2,,Aggregated,0.600000,0.000000,8,15,21,23,33,39,2100,2400,2400,2400,2400,86,0,8,65.65917325581744,5.631100000755396,2386.231600001338,7579.046511627907
1782358294,2,,Aggregated,0.600000,0.000000,8,15,21,23,33,39,2100,2400,2400,2400,2400,86,0,8,65.65917325581744,5.631100000755396,2386.231600001338,7579.046511627907
1782358295,2,,Aggregated,0.700000,0.000000,8,15,21,23,33,39,2100,2400,2400,2400,2400,88,0,8,64.38097045454263,5.631100000755396,2386.231600001338,7583.909090909091
1782358296,2,,Aggregated,0.700000,0.000000,8,15,21,23,33,39,2100,2400,2400,2400,2400,88,0,8,64.38097045454263,5.631100000755396,2386.231600001338,7583.909090909091
1782358297,2,,Aggregated,0.700000,0.000000,8,15,19,23,33,39,2100,2400,2400,2400,2400,89,0,8,63.73078089888898,5.631100000755396,2386.231600001338,7555.853932584269
1782358298,2,,Aggregated,0.700000,0.000000,8,15,19,23,33,39,2100,2400,2400,2400,2400,90,0,8,63.10290666660876,5.631100000755396,2386.231600001338,7537.066666666667
1782358299,2,,Aggregated,0.700000,0.000000,8,15,19,23,33,39,2100,2400,2400,2400,2400,90,0,8,63.10290666660876,5.631100000755396,2386.231600001338,7537.066666666667
1782358300,2,,Aggregated,0.700000,0.000000,8,15,19,23,33,39,2100,2400,2400,2400,2400,90,0,8,63.10290666660876,5.631100000755396,2386.231600001338,7537.066666666667
1782358301,2,,Aggregated,0.700000,0.000000,8,15,19,23,30,39,2100,2400,2400,2400,2400,91,0,8,62.49303956036993,5.631100000755396,2386.231600001338,7510.142857142857
1782358302,2,,Aggregated,0.700000,0.000000,8,15,21,23,30,39,2100,2400,2400,2400,2400,92,0,8,62.06744456508402,5.631100000755396,2386.231600001338,7542.630434782609
1782358303,2,,Aggregated,0.700000,0.000000,8,15,21,23,30,39,2100,2400,2400,2400,2400,92,0,8,62.06744456508402,5.631100000755396,2386.231600001338,7542.630434782609
1782358304,2,,Aggregated,0.700000,0.000000,8,15,21,23,30,39,2100,2400,2400,2400,2400,92,0,8,62.06744456508402,5.631100000755396,2386.231600001338,7542.630434782609
1782358305,2,,Aggregated,0.600000,0.000000,8,15,19,23,30,39,2100,2400,2400,2400,2400,93,0,8,61.56101290307756,5.631100000755396,2386.231600001338,7574.419354838709
1782358306,2,,Aggregated,0.600000,0.000000,8,15,19,23,30,39,2100,2400,2400,2400,2400,94,0,8,61.05098617007706,5.631100000755396,2386.231600001338,7605.531914893617
1782358307,2,,Aggregated,0.600000,0.000000,8,15,19,23,30,39,2100,2400,2400,2400,2400,94,0,8,61.05098617007706,5.631100000755396,2386.231600001338,7605.531914893617
1782358308,2,,Aggregated,0.500000,0.000000,8,15,19,23,30,39,2100,2400,2400,2400,2400,95,0,8,60.484206315672246,5.631100000755396,2386.231600001338,7587.210526315789
1782358309,2,,Aggregated,0.500000,0.000000,8,15,19,23,30,39,2100,2400,2400,2400,2400,95,0,8,60.484206315672246,5.631100000755396,2386.231600001338,7587.210526315789
1782358310,2,,Aggregated,0.600000,0.000000,8,15,21,23,33,39,2100,2400,2400,2400,2400,96,0,8,60.21437395823644,5.631100000755396,2386.231600001338,7617.541666666667
1782358311,2,,Aggregated,0.600000,0.000000,8,15,21,23,33,39,2100,2400,2400,2400,2400,96,0,8,60.21437395823644,5.631100000755396,2386.231600001338,7617.541666666667
1782358312,2,,Aggregated,0.600000,0.000000,8,15,21,23,33,39,2100,2400,2400,2400,2400,96,0,8,60.21437395823644,5.631100000755396,2386.231600001338,7617.541666666667
1782358313,2,,Aggregated,0.600000,0.000000,8,15,19,23,33,39,2100,2400,2400,2400,2400,97,0,8,59.67459278341716,5.631100000755396,2386.231600001338,7599.474226804124
1782358314,2,,Aggregated,0.400000,0.000000,8,15,19,23,33,39,2100,2400,2400,2400,2400,98,0,8,59.193777550921816,5.631100000755396,2386.231600001338,7629.061224489796
1782358315,2,,Aggregated,0.400000,0.000000,8,15,19,23,33,39,2100,2400,2400,2400,2400,98,0,8,59.193777550921816,5.631100000755396,2386.231600001338,7629.061224489796
1782358316,2,,Aggregated,0.400000,0.000000,8,15,19,23,33,39,2100,2400,2400,2400,2400,98,0,8,59.193777550921816,5.631100000755396,2386.231600001338,7629.061224489796
1782358317,2,,Aggregated,0.500000,0.000000,8,15,19,23,33,39,2100,2400,2400,2400,2400,99,0,8,58.66359696959291,5.631100000755396,2386.231600001338,7611.242424242424
1782358318,2,,Aggregated,0.500000,0.000000,8,15,19,23,33,39,2100,2400,2400,2400,2400,99,0,8,58.66359696959291,5.631100000755396,2386.231600001338,7611.242424242424
1782358319,2,,Aggregated,0.500000,0.000000,8,14,19,23,30,38,77,2100,2400,2400,2400,101,0,8,57.628092079107546,5.631100000755396,2386.231600001338,7568.960396039604
1782358320,2,,Aggregated,0.500000,0.000000,8,14,19,23,30,38,77,2100,2400,2400,2400,101,0,8,57.628092079107546,5.631100000755396,2386.231600001338,7568.960396039604
1782358321,2,,Aggregated,0.500000,0.000000,8,14,19,23,30,38,77,2100,2400,2400,2400,101,0,8,57.628092079107546,5.631100000755396,2386.231600001338,7568.960396039604
1782358322,2,,Aggregated,0.500000,0.000000,8,15,19,23,30,38,77,2100,2400,2400,2400,102,0,8,57.30636176460893,5.631100000755396,2386.231600001338,7597.686274509804
1782358323,2,,Aggregated,0.500000,0.000000,8,14,19,23,30,38,77,2100,2400,2400,2400,103,0,8,56.82245145627587,5.631100000755396,2386.231600001338,7580.864077669903
1782358324,2,,Aggregated,0.500000,0.000000,8,14,19,23,30,38,77,2100,2400,2400,2400,103,0,8,56.82245145627587,5.631100000755396,2386.231600001338,7580.864077669903
1782358325,2,,Aggregated,0.500000,0.000000,8,14,19,23,30,38,77,2100,2400,2400,2400,103,0,8,56.82245145627587,5.631100000755396,2386.231600001338,7580.864077669903
1782358326,2,,Aggregated,0.500000,0.000000,8,14,19,23,30,38,77,2100,2400,2400,2400,103,0,8,56.82245145627587,5.631100000755396,2386.231600001338,7580.864077669903
1782358327,2,,Aggregated,0.500000,0.000000,8,15,19,23,33,39,77,2100,2400,2400,2400,105,0,8,56.20786761892738,5.631100000755396,2386.231600001338,7592.314285714286
1782358328,2,,Aggregated,0.500000,0.000000,8,15,19,23,33,39,77,2100,2400,2400,2400,105,0,8,56.20786761892738,5.631100000755396,2386.231600001338,7592.314285714286
1782358329,2,,Aggregated,0.500000,0.000000,8,14,19,23,33,39,77,2100,2400,2400,2400,106,0,8,55.73956226403682,5.631100000755396,2386.231600001338,7568.679245283019
1782358330,2,,Aggregated,0.500000,0.000000,8,14,19,23,33,39,77,2100,2400,2400,2400,106,0,8,55.73956226403682,5.631100000755396,2386.231600001338,7568.679245283019
1782358331,2,,Aggregated,0.500000,0.000000,8,14,19,23,33,39,77,2100,2400,2400,2400,106,0,8,55.73956226403682,5.631100000755396,2386.231600001338,7568.679245283019
1782358332,2,,Aggregated,0.500000,0.000000,8,15,22,24,34,39,77,2100,2400,2400,2400,108,0,8,55.28069351836435,5.631100000755396,2386.231600001338,7622.944444444444
1782358333,2,,Aggregated,0.500000,0.000000,8,15,22,24,34,39,77,2100,2400,2400,2400,108,0,8,55.28069351836435,5.631100000755396,2386.231600001338,7622.944444444444
1782358334,2,,Aggregated,0.500000,0.000000,8,15,22,24,34,39,77,2100,2400,2400,2400,108,0,8,55.28069351836435,5.631100000755396,2386.231600001338,7622.944444444444
1782358335,2,,Aggregated,0.500000,0.000000,8,15,21,24,34,39,77,2100,2400,2400,2400,109,0,8,54.89219816495321,5.631100000755396,2386.231600001338,7649.3302752293575
1782358336,2,,Aggregated,0.500000,0.000000,8,15,21,24,34,39,77,2100,2400,2400,2400,109,0,8,54.89219816495321,5.631100000755396,2386.231600001338,7649.3302752293575
1782358337,2,,Aggregated,0.600000,0.000000,8,15,21,24,34,39,77,2100,2400,2400,2400,110,0,8,54.45978454531128,5.631100000755396,2386.231600001338,7626.036363636364
1782358338,2,,Aggregated,0.600000,0.000000,8,15,21,24,34,39,77,2100,2400,2400,2400,110,0,8,54.45978454531128,5.631100000755396,2386.231600001338,7626.036363636364
1782358339,2,,Aggregated,0.600000,0.000000,8,15,21,23,33,39,77,2100,2400,2400,2400,111,0,8,54.022386486378295,5.631100000755396,2386.231600001338,7603.1621621621625
1782358340,2,,Aggregated,0.600000,0.000000,8,15,21,23,33,39,77,2100,2400,2400,2400,111,0,8,54.022386486378295,5.631100000755396,2386.231600001338,7603.1621621621625
1782358341,2,,Aggregated,0.600000,0.000000,8,14,21,23,33,39,77,2100,2400,2400,2400,112,0,8,53.593501785599074,5.631100000755396,2386.231600001338,7580.696428571428
1782358342,2,,Aggregated,0.600000,0.000000,8,14,21,23,33,39,77,2100,2400,2400,2400,112,0,8,53.593501785599074,5.631100000755396,2386.231600001338,7580.696428571428
1782358343,2,,Aggregated,0.500000,0.000000,8,14,19,23,33,39,77,2100,2400,2400,2400,113,0,8,53.17345840701384,5.631100000755396,2386.231600001338,7565.513274336283
1782358344,2,,Aggregated,0.500000,0.000000,8,15,21,23,33,39,77,2100,2400,2400,2400,114,0,8,52.90518157887977,5.631100000755396,2386.231600001338,7591.245614035088
1782358345,2,,Aggregated,0.500000,0.000000,8,15,21,23,33,39,77,2100,2400,2400,2400,114,0,8,52.90518157887977,5.631100000755396,2386.231600001338,7591.245614035088
1782358346,2,,Aggregated,0.500000,0.000000,8,15,21,23,33,39,77,2100,2400,2400,2400,114,0,8,52.90518157887977,5.631100000755396,2386.231600001338,7591.245614035088
1782358347,2,,Aggregated,0.500000,0.000000,8,14,21,23,33,39,77,2100,2400,2400,2400,115,0,8,52.559657391216405,5.631100000755396,2386.231600001338,7616.530434782609
1782358348,2,,Aggregated,0.500000,0.000000,8,14,21,23,33,39,77,2100,2400,2400,2400,116,0,8,52.15649568953236,5.631100000755396,2386.231600001338,7594.724137931034
1782358349,2,,Aggregated,0.500000,0.000000,8,14,21,23,33,39,77,2100,2400,2400,2400,116,0,8,52.15649568953236,5.631100000755396,2386.231600001338,7594.724137931034
1782358350,2,,Aggregated,0.500000,0.000000,8,14,21,23,33,39,77,2100,2400,2400,2400,116,0,8,52.15649568953236,5.631100000755396,2386.231600001338,7594.724137931034
1782358351,2,,Aggregated,0.500000,0.000000,8,14,21,23,33,39,77,2100,2400,2400,2400,116,0,8,52.15649568953236,5.631100000755396,2386.231600001338,7594.724137931034
1782358352,2,,Aggregated,0.500000,0.000000,8,14,19,23,33,39,77,2100,2400,2400,2400,117,0,8,51.76897863236815,5.631100000755396,2386.231600001338,7579.940170940171
1782358353,2,,Aggregated,0.500000,0.000000,8,14,21,23,33,39,77,2100,2400,2400,2400,118,0,8,51.53004576258955,5.631100000755396,2386.231600001338,7604.677966101695
1782358354,2,,Aggregated,0.500000,0.000000,8,14,21,23,33,39,77,2100,2400,2400,2400,118,0,8,51.53004576258955,5.631100000755396,2386.231600001338,7604.677966101695
1782358355,2,,Aggregated,0.500000,0.000000,8,14,21,23,33,39,77,2100,2400,2400,2400,118,0,8,51.53004576258955,5.631100000755396,2386.231600001338,7604.677966101695
1782358356,2,,Aggregated,0.500000,0.000000,8,14,21,23,33,39,77,2100,2400,2400,2400,119,0,8,51.16747815111562,5.631100000755396,2386.231600001338,7583.5210084033615
1782358357,2,,Aggregated,0.400000,0.000000,8,14,21,23,33,39,77,2100,2400,2400,2400,120,0,8,50.79367666652009,5.631100000755396,2386.231600001338,7569.2
1782358358,2,,Aggregated,0.400000,0.000000,8,14,19,23,30,38,77,2100,2400,2400,2400,121,0,8,50.43124958662574,5.631100000755396,2386.231600001338,7555.115702479339
1782358359,2,,Aggregated,0.400000,0.000000,8,14,19,23,30,38,77,2100,2400,2400,2400,121,0,8,50.43124958662574,5.631100000755396,2386.231600001338,7555.115702479339
1782358360,2,,Aggregated,0.400000,0.000000,8,14,19,23,30,38,77,2100,2400,2400,2400,121,0,8,50.43124958662574,5.631100000755396,2386.231600001338,7555.115702479339
1782358361,2,,Aggregated,0.500000,0.000000,8,14,19,23,30,38,77,2100,2400,2400,2400,123,0,8,49.70694878029758,5.631100000755396,2386.231600001338,7527.634146341464
1782358362,2,,Aggregated,0.500000,0.000000,8,14,19,23,30,38,77,2100,2400,2400,2400,123,0,8,49.70694878029758,5.631100000755396,2386.231600001338,7527.634146341464
1782358363,2,,Aggregated,0.500000,0.000000,8,14,19,23,30,38,77,2100,2400,2400,2400,123,0,8,49.70694878029758,5.631100000755396,2386.231600001338,7527.634146341464
1782358364,2,,Aggregated,0.600000,0.000000,8,14,19,23,30,38,77,2100,2400,2400,2400,125,0,8,49.126489599759225,5.631100000755396,2386.231600001338,7538.104
1782358365,2,,Aggregated,0.600000,0.000000,8,14,19,23,30,38,77,2100,2400,2400,2400,125,0,8,49.126489599759225,5.631100000755396,2386.231600001338,7538.104
1782358366,2,,Aggregated,0.500000,0.000000,8,14,21,23,32,38,77,2100,2400,2400,2400,126,0,8,48.99319999978096,5.631100000755396,2386.231600001338,7561.603174603175
1782358367,2,,Aggregated,0.500000,0.000000,8,14,21,23,32,38,77,2100,2400,2400,2400,126,0,8,48.99319999978096,5.631100000755396,2386.231600001338,7561.603174603175
1782358368,2,,Aggregated,0.500000,0.000000,8,14,21,23,32,38,77,2100,2400,2400,2400,126,0,8,48.99319999978096,5.631100000755396,2386.231600001338,7561.603174603175
1782358369,2,,Aggregated,0.700000,0.000000,8,14,21,23,32,38,77,2100,2400,2400,2400,127,0,8,48.66856535410602,5.631100000755396,2386.231600001338,7542.118110236221
1782358370,2,,Aggregated,0.600000,0.000000,8,14,21,23,32,38,77,2100,2400,2400,2400,128,0,8,48.34159609350763,5.631100000755396,2386.231600001338,7529.015625
1782358371,2,,Aggregated,0.600000,0.000000,8,14,21,23,32,38,77,2100,2400,2400,2400,128,0,8,48.34159609350763,5.631100000755396,2386.231600001338,7529.015625
1782358372,2,,Aggregated,0.600000,0.000000,8,14,21,23,32,38,77,2100,2400,2400,2400,128,0,8,48.34159609350763,5.631100000755396,2386.231600001338,7529.015625
1782358373,2,,Aggregated,0.600000,0.000000,8,14,21,23,32,38,77,2100,2400,2400,2400,130,0,8,47.843374615163505,5.631100000755396,2386.231600001338,7539.0615384615385
1782358374,2,,Aggregated,0.600000,0.000000,8,14,21,23,32,38,77,2100,2400,2400,2400,130,0,8,47.843374615163505,5.631100000755396,2386.231600001338,7539.0615384615385
1782358376,2,,Aggregated,0.600000,0.000000,8,14,21,23,32,38,77,2100,2400,2400,2400,130,0,8,47.843374615163505,5.631100000755396,2386.231600001338,7539.0615384615385
1782358377,2,,Aggregated,0.700000,0.000000,8,14,21,23,30,38,77,2100,2400,2400,2400,131,0,8,47.58772748066575,5.631100000755396,2386.231600001338,7561.656488549618
1782358378,2,,Aggregated,0.500000,0.000000,8,14,21,23,30,38,77,2100,2400,2400,2400,132,0,8,47.2796636361388,5.631100000755396,2386.231600001338,7548.80303030303
1782358379,2,,Aggregated,0.500000,0.000000,8,14,21,23,30,38,77,2100,2400,2400,2400,132,0,8,47.2796636361388,5.631100000755396,2386.231600001338,7548.80303030303
1782358380,2,,Aggregated,0.500000,0.000000,8,14,21,23,30,38,77,2100,2400,2400,2400,133,0,8,47.101781954689045,5.631100000755396,2386.231600001338,7570.984962406015
1782358381,2,,Aggregated,0.500000,0.000000,8,14,21,23,30,38,77,2100,2400,2400,2400,133,0,8,47.101781954689045,5.631100000755396,2386.231600001338,7570.984962406015
1782358382,2,,Aggregated,0.500000,0.000000,8,14,21,23,30,38,77,2100,2400,2400,2400,133,0,8,47.101781954689045,5.631100000755396,2386.231600001338,7570.984962406015
1782358383,2,,Aggregated,0.600000,0.000000,8,14,21,23,30,38,77,2100,2400,2400,2400,134,0,8,46.84160671620621,5.631100000755396,2386.231600001338,7592.835820895522
1782358384,2,,Aggregated,0.600000,0.000000,8,14,21,23,30,38,77,2100,2400,2400,2400,134,0,8,46.84160671620621,5.631100000755396,2386.231600001338,7592.835820895522
1782358385,2,,Aggregated,0.500000,0.000000,8,14,21,23,30,38,77,2100,2400,2400,2400,136,0,8,46.3720874997628,5.631100000755396,2386.231600001338,7601.5
1782358386,2,,Aggregated,0.500000,0.000000,8,14,21,23,30,38,77,2100,2400,2400,2400,136,0,8,46.3720874997628,5.631100000755396,2386.231600001338,7601.5
1782358387,2,,Aggregated,0.500000,0.000000,8,14,21,23,30,38,77,2100,2400,2400,2400,136,0,8,46.3720874997628,5.631100000755396,2386.231600001338,7601.5
1782358388,2,,Aggregated,0.500000,0.000000,8,14,21,23,30,38,77,2100,2400,2400,2400,136,0,8,46.3720874997628,5.631100000755396,2386.231600001338,7601.5
1782358389,2,,Aggregated,0.600000,0.000000,8,14,21,23,30,38,77,2100,2400,2400,2400,137,0,8,46.135736496115946,5.631100000755396,2386.231600001338,7622.649635036496
1782358390,2,,Aggregated,0.500000,0.000000,8,14,21,23,32,39,77,2100,2400,2400,2400,138,0,8,46.161443478079,5.631100000755396,2386.231600001338,7643.492753623188
1782358391,2,,Aggregated,0.500000,0.000000,8,14,21,23,32,39,77,2100,2400,2400,2400,138,0,8,46.161443478079,5.631100000755396,2386.231600001338,7643.492753623188
1782358392,2,,Aggregated,0.500000,0.000000,8,14,21,23,32,39,77,2100,2400,2400,2400,140,0,8,45.738070714131545,5.631100000755396,2386.231600001338,7684.285714285715
1782358393,2,,Aggregated,0.500000,0.000000,8,14,21,23,32,39,77,2100,2400,2400,2400,140,0,8,45.738070714131545,5.631100000755396,2386.231600001338,7684.285714285715
1782358394,2,,Aggregated,0.500000,0.000000,8,14,21,23,30,38,77,2100,2400,2400,2400,141,0,8,45.50926312037409,5.631100000755396,2386.231600001338,7704.248226950354
1782358395,2,,Aggregated,0.600000,0.000000,8,14,21,23,30,38,77,2100,2400,2400,2400,142,0,8,45.32216830967358,5.631100000755396,2386.231600001338,7723.929577464789
1782358396,2,,Aggregated,0.600000,0.000000,8,14,21,23,30,38,77,2100,2400,2400,2400,143,0,8,45.057203496319495,5.631100000755396,2386.231600001338,7710.93006993007
1782358397,2,,Aggregated,0.600000,0.000000,8,14,21,23,30,38,77,2100,2400,2400,2400,143,0,8,45.057203496319495,5.631100000755396,2386.231600001338,7710.93006993007
1782358398,2,,Aggregated,0.600000,0.000000,8,14,21,23,30,38,77,2100,2400,2400,2400,144,0,8,44.78539583316079,5.631100000755396,2386.231600001338,7698.111111111111
1782358399,2,,Aggregated,0.600000,0.000000,8,14,21,23,30,38,77,2100,2400,2400,2400,144,0,8,44.78539583316079,5.631100000755396,2386.231600001338,7698.111111111111
1782358400,2,,Aggregated,0.800000,0.000000,8,14,21,23,30,38,77,2100,2400,2400,2400,145,0,8,44.52138068947283,5.631100000755396,2386.231600001338,7680.103448275862
1782358401,2,,Aggregated,0.800000,0.000000,8,14,21,23,30,38,77,2100,2400,2400,2400,145,0,8,44.52138068947283,5.631100000755396,2386.231600001338,7680.103448275862
1782358402,2,,Aggregated,0.700000,0.000000,8,14,21,23,30,38,77,2100,2400,2400,2400,146,0,8,44.39687945187085,5.631100000755396,2386.231600001338,7699.41095890411
1782358403,2,,Aggregated,0.700000,0.000000,8,14,21,23,30,38,77,2100,2400,2400,2400,146,0,8,44.39687945187085,5.631100000755396,2386.231600001338,7699.41095890411
1782358404,2,,Aggregated,0.700000,0.000000,8,14,21,23,30,38,77,2100,2400,2400,2400,146,0,8,44.39687945187085,5.631100000755396,2386.231600001338,7699.41095890411
1782358405,2,,Aggregated,0.700000,0.000000,8,14,21,23,30,38,77,2100,2400,2400,2400,147,0,8,44.155727890969516,5.631100000755396,2386.231600001338,7681.639455782313
1782358406,2,,Aggregated,0.600000,0.000000,8,14,21,23,30,38,77,2100,2400,2400,2400,148,0,8,43.90127499981325,5.631100000755396,2386.231600001338,7669.364864864865
1782358407,2,,Aggregated,0.600000,0.000000,8,14,21,23,30,38,77,2100,2400,2400,2400,148,0,8,43.90127499981325,5.631100000755396,2386.231600001338,7669.364864864865
1782358408,2,,Aggregated,0.600000,0.000000,8,14,21,23,30,38,77,2100,2400,2400,2400,148,0,8,43.90127499981325,5.631100000755396,2386.231600001338,7669.364864864865
1782358409,2,,Aggregated,0.500000,0.000000,8,14,21,23,30,38,77,2100,2400,2400,2400,149,0,8,43.65247516759442,5.631100000755396,2386.231600001338,7652.03355704698
1782358410,2,,Aggregated,0.400000,0.000000,8,14,21,23,30,38,77,2100,2400,2400,2400,150,0,8,43.4053006664908,5.631100000755396,2386.231600001338,7634.933333333333
1782358411,2,,Aggregated,0.400000,0.000000,8,14,21,23,29,38,50,2100,2400,2400,2400,151,0,8,43.27445960245542,5.631100000755396,2386.231600001338,7653.900662251655
1782358412,2,,Aggregated,0.400000,0.000000,8,14,21,23,29,38,50,2100,2400,2400,2400,151,0,8,43.27445960245542,5.631100000755396,2386.231600001338,7653.900662251655
1782358413,2,,Aggregated,0.400000,0.000000,8,14,21,23,29,38,50,2100,2400,2400,2400,151,0,8,43.27445960245542,5.631100000755396,2386.231600001338,7653.900662251655
1782358414,2,,Aggregated,0.600000,0.000000,8,14,21,23,29,38,50,2100,2400,2400,2400,152,0,8,43.061455920858286,5.631100000755396,2386.231600001338,7672.618421052632
1782358415,2,,Aggregated,0.600000,0.000000,8,14,21,23,29,38,50,2100,2400,2400,2400,152,0,8,43.061455920858286,5.631100000755396,2386.231600001338,7672.618421052632
1782358416,2,,Aggregated,0.500000,0.000000,8,14,21,23,29,38,50,2100,2400,2400,2400,154,0,8,42.74058246731081,5.631100000755396,2386.231600001338,7709.324675324675
1782358417,2,,Aggregated,0.500000,0.000000,8,14,21,23,29,38,50,2100,2400,2400,2400,154,0,8,42.74058246731081,5.631100000755396,2386.231600001338,7709.324675324675
1782358418,2,,Aggregated,0.500000,0.000000,8,14,21,24,29,38,50,2100,2400,2400,2400,155,0,8,42.65056451592001,5.631100000755396,2386.231600001338,7727.322580645161
1782358419,2,,Aggregated,0.500000,0.000000,8,14,21,24,29,38,50,2100,2400,2400,2400,155,0,8,42.65056451592001,5.631100000755396,2386.231600001338,7727.322580645161
1782358420,2,,Aggregated,0.700000,0.000000,8,14,22,24,30,38,50,2100,2400,2400,2400,156,0,8,42.57407115363047,5.631100000755396,2386.231600001338,7745.089743589743
1782358421,2,,Aggregated,0.700000,0.000000,8,14,22,24,30,38,50,2100,2400,2400,2400,156,0,8,42.57407115363047,5.631100000755396,2386.231600001338,7745.089743589743
1782358422,2,,Aggregated,0.600000,0.000000,8,14,21,24,30,38,50,2100,2400,2400,2400,157,0,8,42.39123630553193,5.631100000755396,2386.231600001338,7762.630573248408
1782358423,2,,Aggregated,0.600000,0.000000,8,14,21,24,30,38,50,2100,2400,2400,2400,157,0,8,42.39123630553193,5.631100000755396,2386.231600001338,7762.630573248408
1782358424,2,,Aggregated,0.500000,0.000000,8,14,21,24,30,38,50,2100,2400,2400,2400,158,0,8,42.160393670661804,5.631100000755396,2386.231600001338,7750.620253164557
1782358425,2,,Aggregated,0.600000,0.000000,8,14,22,24,31,38,50,2100,2400,2400,2400,159,0,8,42.09155597464649,5.631100000755396,2386.231600001338,7767.905660377359
1782358426,2,,Aggregated,0.600000,0.000000,8,14,22,24,31,38,50,2100,2400,2400,2400,159,0,8,42.09155597464649,5.631100000755396,2386.231600001338,7767.905660377359
1782358427,2,,Aggregated,0.600000,0.000000,8,14,22,24,31,38,50,2100,2400,2400,2400,160,0,8,41.87377187481616,5.631100000755396,2386.231600001338,7756.0125
1782358428,2,,Aggregated,0.600000,0.000000,8,14,22,24,31,38,50,2100,2400,2400,2400,160,0,8,41.87377187481616,5.631100000755396,2386.231600001338,7756.0125
1782358429,2,,Aggregated,0.500000,0.000000,8,14,21,24,30,38,50,2100,2400,2400,2400,161,0,8,41.65486335385264,5.631100000755396,2386.231600001338,7744.267080745341
1782358430,2,,Aggregated,0.500000,0.000000,8,14,21,24,30,38,50,2100,2400,2400,2400,161,0,8,41.65486335385264,5.631100000755396,2386.231600001338,7744.267080745341
1782358431,2,,Aggregated,0.500000,0.000000,8,14,21,24,30,38,50,2100,2400,2400,2400,161,0,8,41.65486335385264,5.631100000755396,2386.231600001338,7744.267080745341
1782358432,2,,Aggregated,0.600000,0.000000,8,14,21,24,30,38,50,2100,2400,2400,2400,163,0,8,41.31523926359918,5.631100000755396,2386.231600001338,7744.865030674847
1782358433,2,,Aggregated,0.600000,0.000000,8,14,21,24,30,38,50,2100,2400,2400,2400,163,0,8,41.31523926359918,5.631100000755396,2386.231600001338,7744.865030674847
1782358434,2,,Aggregated,0.600000,0.000000,8,14,21,24,30,38,50,2100,2400,2400,2400,163,0,8,41.31523926359918,5.631100000755396,2386.231600001338,7744.865030674847
1782358435,2,,Aggregated,0.600000,0.000000,8,14,21,24,30,38,50,2100,2400,2400,2400,164,0,8,41.14235670709693,5.631100000755396,2386.231600001338,7761.658536585366
1782358436,2,,Aggregated,0.500000,0.000000,8,14,21,24,30,38,50,2100,2400,2400,2400,165,0,8,40.950436363434136,5.631100000755396,2386.231600001338,7750.163636363636
1782358437,2,,Aggregated,0.500000,0.000000,8,14,21,24,30,38,50,2100,2400,2400,2400,165,0,8,40.950436363434136,5.631100000755396,2386.231600001338,7750.163636363636
1782358438,2,,Aggregated,0.500000,0.000000,8,14,21,24,30,38,50,2100,2400,2400,2400,165,0,8,40.950436363434136,5.631100000755396,2386.231600001338,7750.163636363636
1782358439,2,,Aggregated,0.500000,0.000000,8,14,21,23,30,38,50,2100,2400,2400,2400,167,0,8,40.655616167455236,5.631100000755396,2386.231600001338,7783.083832335329
1782358440,2,,Aggregated,0.500000,0.000000,8,14,21,23,30,38,50,2100,2400,2400,2400,167,0,8,40.655616167455236,5.631100000755396,2386.231600001338,7783.083832335329
1782358441,2,,Aggregated,0.500000,0.000000,8,14,21,23,30,38,50,2100,2400,2400,2400,167,0,8,40.655616167455236,5.631100000755396,2386.231600001338,7783.083832335329
1782358442,2,,Aggregated,0.600000,0.000000,8,14,21,23,30,38,50,2100,2400,2400,2400,169,0,8,40.331657396246456,5.631100000755396,2386.231600001338,7815.224852071006
1782358443,2,,Aggregated,0.600000,0.000000,8,14,21,23,30,38,50,2100,2400,2400,2400,169,0,8,40.331657396246456,5.631100000755396,2386.231600001338,7815.224852071006
1782358444,2,,Aggregated,0.800000,0.000000,8,14,21,23,30,38,50,2100,2400,2400,2400,170,0,8,40.14390941156307,5.631100000755396,2386.231600001338,7803.752941176471
1782358445,2,,Aggregated,0.800000,0.000000,8,14,21,23,29,38,50,2100,2400,2400,2400,171,0,8,39.946715789302445,5.631100000755396,2386.231600001338,7792.415204678363
1782358446,2,,Aggregated,0.800000,0.000000,8,14,21,23,29,38,50,2100,2400,2400,2400,171,0,8,39.946715789302445,5.631100000755396,2386.231600001338,7792.415204678363
1782358447,2,,Aggregated,0.800000,0.000000,8,14,21,23,30,38,50,2100,2400,2400,2400,173,0,8,39.73563641601281,5.631100000755396,2386.231600001338,7796.9190751445085
1782358448,2,,Aggregated,0.800000,0.000000,8,14,21,23,30,38,50,2100,2400,2400,2400,173,0,8,39.73563641601281,5.631100000755396,2386.231600001338,7796.9190751445085
1782358449,2,,Aggregated,0.800000,0.000000,8,14,21,23,30,38,50,2100,2400,2400,2400,173,0,8,39.73563641601281,5.631100000755396,2386.231600001338,7796.9190751445085
1782358450,2,,Aggregated,0.800000,0.000000,8,14,21,23,30,38,50,2100,2400,2400,2400,175,0,8,39.39718057127071,5.631100000755396,2386.231600001338,7801.32
1782358451,2,,Aggregated,0.800000,0.000000,8,14,21,23,30,38,50,2100,2400,2400,2400,175,0,8,39.39718057127071,5.631100000755396,2386.231600001338,7801.32
1782358452,2,,Aggregated,0.800000,0.000000,8,14,21,23,30,38,50,2100,2400,2400,2400,175,0,8,39.39718057127071,5.631100000755396,2386.231600001338,7801.32
1782358453,2,,Aggregated,0.800000,0.000000,8,14,21,23,30,38,50,2100,2400,2400,2400,175,0,8,39.39718057127071,5.631100000755396,2386.231600001338,7801.32
1782358454,2,,Aggregated,0.600000,0.000000,8,14,21,23,30,38,50,2100,2400,2400,2400,176,0,8,39.29942727257764,5.631100000755396,2386.231600001338,7816.647727272727
1782358455,2,,Aggregated,0.600000,0.000000,8,14,21,23,30,38,50,2100,2400,2400,2400,177,0,8,39.11531299417924,5.631100000755396,2386.231600001338,7801.225988700565
1782358456,2,,Aggregated,0.600000,0.000000,8,14,21,23,30,38,50,2100,2400,2400,2400,177,0,8,39.11531299417924,5.631100000755396,2386.231600001338,7801.225988700565
1782358457,2,,Aggregated,0.600000,0.000000,8,14,21,23,30,38,50,2100,2400,2400,2400,177,0,8,39.11531299417924,5.631100000755396,2386.231600001338,7801.225988700565
1782358458,2,,Aggregated,0.600000,0.000000,8,14,21,23,30,38,50,2100,2400,2400,2400,178,0,8,38.94292190993889,5.631100000755396,2386.231600001338,7785.9775280898875
1782358459,2,,Aggregated,0.500000,0.000000,8,14,21,23,30,38,50,2100,2400,2400,2400,179,0,8,38.76938770932286,5.631100000755396,2386.231600001338,7775.245810055866
1782358460,2,,Aggregated,0.500000,0.000000,8,14,21,23,30,38,50,2100,2400,2400,2400,179,0,8,38.76938770932286,5.631100000755396,2386.231600001338,7775.245810055866
1782358461,2,,Aggregated,0.500000,0.000000,8,14,21,23,30,38,50,2100,2400,2400,2400,179,0,8,38.76938770932286,5.631100000755396,2386.231600001338,7775.245810055866
1782358462,2,,Aggregated,0.500000,0.000000,8,14,21,23,30,38,50,2100,2400,2400,2400,179,0,8,38.76938770932286,5.631100000755396,2386.231600001338,7775.245810055866
1782358463,2,,Aggregated,0.600000,0.000000,8,14,21,23,30,38,50,2100,2400,2400,2400,180,0,8,38.58913499983222,5.631100000755396,2386.231600001338,7760.311111111111
1782358464,2,,Aggregated,0.400000,0.000000,8,14,21,23,29,36,50,2100,2400,2400,2400,181,0,8,38.41300331476918,5.631100000755396,2386.231600001338,7749.839779005525
1782358465,2,,Aggregated,0.400000,0.000000,8,14,21,23,29,36,50,2100,2400,2400,2400,181,0,8,38.41300331476918,5.631100000755396,2386.231600001338,7749.839779005525
1782358466,2,,Aggregated,0.400000,0.000000,8,14,21,23,29,36,50,2100,2400,2400,2400,181,0,8,38.41300331476918,5.631100000755396,2386.231600001338,7749.839779005525
1782358467,2,,Aggregated,0.400000,0.000000,8,14,21,23,30,36,50,2100,2400,2400,2400,182,0,8,38.36626813170989,5.631100000755396,2386.231600001338,7764.945054945055
1782358468,2,,Aggregated,0.400000,0.000000,8,14,21,23,30,36,50,2100,2400,2400,2400,183,0,8,38.22335737688681,5.631100000755396,2386.231600001338,7779.88524590164
1782358469,2,,Aggregated,0.400000,0.000000,8,14,21,23,30,36,50,2100,2400,2400,2400,183,0,8,38.22335737688681,5.631100000755396,2386.231600001338,7779.88524590164
1782358470,2,,Aggregated,0.400000,0.000000,8,14,21,23,30,36,50,2100,2400,2400,2400,183,0,8,38.22335737688681,5.631100000755396,2386.231600001338,7779.88524590164
1782358471,2,,Aggregated,0.500000,0.000000,8,14,21,23,30,36,50,2100,2400,2400,2400,184,0,8,38.06569782591396,5.631100000755396,2386.231600001338,7765.25
1782358472,2,,Aggregated,0.400000,0.000000,8,14,21,23,30,36,50,2100,2400,2400,2400,185,0,8,37.89415459441197,5.631100000755396,2386.231600001338,7754.978378378379
1782358473,2,,Aggregated,0.400000,0.000000,8,14,21,23,30,36,50,2100,2400,2400,2400,185,0,8,37.89415459441197,5.631100000755396,2386.231600001338,7754.978378378379
1782358474,2,,Aggregated,0.500000,0.000000,8,14,21,23,30,36,50,2100,2400,2400,2400,186,0,8,37.723604838530626,5.631100000755396,2386.231600001338,7744.817204301075
1782358475,2,,Aggregated,0.500000,0.000000,8,14,21,23,30,36,50,2100,2400,2400,2400,187,0,8,37.64655133673515,5.631100000755396,2386.231600001338,7759.545454545455
1782358477,2,,Aggregated,0.500000,0.000000,8,14,21,23,30,36,50,2100,2400,2400,2400,187,0,8,37.64655133673515,5.631100000755396,2386.231600001338,7759.545454545455
1782358478,2,,Aggregated,0.500000,0.000000,8,14,21,23,30,36,50,2100,2400,2400,2400,187,0,8,37.64655133673515,5.631100000755396,2386.231600001338,7759.545454545455
1782358479,2,,Aggregated,0.500000,0.000000,8,14,21,23,30,36,50,2100,2400,2400,2400,187,0,8,37.64655133673515,5.631100000755396,2386.231600001338,7759.545454545455
1782358480,2,,Aggregated,0.600000,0.000000,8,14,21,23,30,36,50,2100,2400,2400,2400,188,0,8,37.47943404240242,5.631100000755396,2386.231600001338,7749.468085106383
1782358481,2,,Aggregated,0.500000,0.000000,8,14,21,23,30,36,50,2100,2400,2400,2400,189,0,8,37.33305767180537,5.631100000755396,2386.231600001338,7735.380952380952
1782358482,2,,Aggregated,0.500000,0.000000,8,14,21,23,30,36,50,2100,2400,2400,2400,189,0,8,37.33305767180537,5.631100000755396,2386.231600001338,7735.380952380952
1782358483,2,,Aggregated,0.500000,0.000000,8,14,21,23,30,36,50,2100,2400,2400,2400,190,0,8,37.24961684194185,5.631100000755396,2386.231600001338,7749.926315789474
1782358484,2,,Aggregated,0.500000,0.000000,8,14,21,23,30,36,50,2100,2400,2400,2400,190,0,8,37.24961684194185,5.631100000755396,2386.231600001338,7749.926315789474
1782358485,2,,Aggregated,0.500000,0.000000,8,14,21,23,29,36,50,2100,2400,2400,2400,191,0,8,37.14616544487099,5.631100000755396,2386.231600001338,7764.319371727749
1782358486,2,,Aggregated,0.500000,0.000000,8,14,21,23,29,36,50,2100,2400,2400,2400,191,0,8,37.14616544487099,5.631100000755396,2386.231600001338,7764.319371727749
1782358487,2,,Aggregated,0.500000,0.000000,8,14,21,23,29,36,50,2100,2400,2400,2400,192,0,8,36.99480885400893,5.631100000755396,2386.231600001338,7754.427083333333
1782358488,2,,Aggregated,0.500000,0.000000,8,14,21,23,29,36,50,2100,2400,2400,2400,193,0,8,36.83691813453363,5.631100000755396,2386.231600001338,7740.606217616581
1782358489,2,,Aggregated,0.500000,0.000000,8,14,21,23,29,36,50,2100,2400,2400,2400,193,0,8,36.83691813453363,5.631100000755396,2386.231600001338,7740.606217616581
1782358490,2,,Aggregated,0.500000,0.000000,8,14,21,23,29,36,50,2100,2400,2400,2400,193,0,8,36.83691813453363,5.631100000755396,2386.231600001338,7740.606217616581
1782358491,2,,Aggregated,0.600000,0.000000,8,14,21,23,29,36,50,2100,2400,2400,2400,195,0,8,36.6188035895436,5.631100000755396,2386.231600001338,7745.133333333333
1782358492,2,,Aggregated,0.600000,0.000000,8,14,21,23,29,36,50,2100,2400,2400,2400,195,0,8,36.6188035895436,5.631100000755396,2386.231600001338,7745.133333333333
1782358493,2,,Aggregated,0.600000,0.000000,8,14,21,23,29,36,50,2100,2400,2400,2400,195,0,8,36.6188035895436,5.631100000755396,2386.231600001338,7745.133333333333
1782358494,2,,Aggregated,0.600000,0.000000,8,14,21,23,29,36,50,2100,2400,2400,2400,196,0,8,36.46292193858541,5.631100000755396,2386.231600001338,7735.540816326531
1782358495,2,,Aggregated,0.600000,0.000000,8,14,21,23,29,36,50,2100,2400,2400,2400,197,0,8,36.32305380693273,5.631100000755396,2386.231600001338,7726.045685279188
1782358496,2,,Aggregated,0.600000,0.000000,8,14,21,23,29,36,50,2100,2400,2400,2400,197,0,8,36.32305380693273,5.631100000755396,2386.231600001338,7726.045685279188
1782358497,2,,Aggregated,0.500000,0.000000,8,14,21,23,29,36,50,2100,2400,2400,2400,198,0,8,36.17695808060664,5.631100000755396,2386.231600001338,7716.646464646465
1782358498,2,,Aggregated,0.500000,0.000000,8,14,21,23,29,36,50,2100,2400,2400,2400,198,0,8,36.17695808060664,5.631100000755396,2386.231600001338,7716.646464646465
1782358499,2,,Aggregated,0.600000,0.000000,8,14,21,23,29,36,50,2100,2400,2400,2400,199,0,8,36.115955778690996,5.631100000755396,2386.231600001338,7730.628140703518
1782358500,2,,Aggregated,0.600000,0.000000,8,14,21,23,29,36,50,2100,2400,2400,2400,199,0,8,36.115955778690996,5.631100000755396,2386.231600001338,7730.628140703518
1782358501,2,,Aggregated,0.600000,0.000000,8,14,21,23,29,36,49,77,2400,2400,2400,201,0,8,35.936381094318705,5.631100000755396,2386.231600001338,7758.174129353234
1782358502,2,,Aggregated,0.600000,0.000000,8,14,21,23,29,36,49,77,2400,2400,2400,201,0,8,35.936381094318705,5.631100000755396,2386.231600001338,7758.174129353234
1782358503,2,,Aggregated,0.600000,0.000000,8,14,21,23,29,36,49,77,2400,2400,2400,201,0,8,35.936381094318705,5.631100000755396,2386.231600001338,7758.174129353234
1782358504,2,,Aggregated,0.500000,0.000000,8,14,21,23,29,36,49,77,2400,2400,2400,202,0,8,35.7862321780156,5.606300001090858,2386.231600001338,7748.80198019802
1782358505,2,,Aggregated,0.600000,0.000000,8,14,21,23,29,36,49,77,2400,2400,2400,203,0,8,35.642441871746335,5.606300001090858,2386.231600001338,7735.689655172414
1782358506,2,,Aggregated,0.600000,0.000000,8,14,21,23,29,36,49,77,2400,2400,2400,203,0,8,35.642441871746335,5.606300001090858,2386.231600001338,7735.689655172414
1782358507,2,,Aggregated,0.500000,0.000000,8,14,21,23,29,36,49,77,2400,2400,2400,205,0,8,35.43829609740741,5.606300001090858,2386.231600001338,7740.043902439024
1782358508,2,,Aggregated,0.500000,0.000000,8,14,21,23,29,36,49,77,2400,2400,2400,205,0,8,35.43829609740741,5.606300001090858,2386.231600001338,7740.043902439024
1782358509,2,,Aggregated,0.600000,0.000000,8,14,21,23,29,36,49,77,2400,2400,2400,206,0,8,35.30124854352958,5.606300001090858,2386.231600001338,7730.941747572816
1782358510,2,,Aggregated,0.600000,0.000000,8,14,21,23,29,36,49,77,2400,2400,2400,207,0,8,35.16469613511446,5.606300001090858,2386.231600001338,7718.169082125604
1782358511,2,,Aggregated,0.600000,0.000000,8,14,21,23,29,36,49,77,2400,2400,2400,207,0,8,35.16469613511446,5.606300001090858,2386.231600001338,7718.169082125604
1782358512,2,,Aggregated,0.600000,0.000000,8,14,21,23,29,36,49,77,2400,2400,2400,207,0,8,35.16469613511446,5.606300001090858,2386.231600001338,7718.169082125604
1782358513,2,,Aggregated,0.800000,0.000000,8,14,21,23,29,36,49,77,2400,2400,2400,208,0,8,35.02912548058772,5.606300001090858,2386.231600001338,7709.259615384615
1782358514,2,,Aggregated,0.800000,0.000000,8,14,21,23,29,36,49,77,2400,2400,2400,209,0,8,34.969088038107664,5.606300001090858,2386.231600001338,7722.607655502392
1782358515,2,,Aggregated,0.800000,0.000000,8,14,21,23,29,36,49,77,2400,2400,2400,209,0,8,34.969088038107664,5.606300001090858,2386.231600001338,7722.607655502392
1782358516,2,,Aggregated,0.600000,0.000000,8,14,21,23,29,36,49,77,2400,2400,2400,210,0,8,34.867401904574805,5.606300001090858,2386.231600001338,7735.828571428571
1782358517,2,,Aggregated,0.700000,0.000000,8,14,21,23,29,36,49,77,2400,2400,2400,211,0,8,34.87669241688296,5.606300001090858,2386.231600001338,7748.924170616114
1782358518,2,,Aggregated,0.700000,0.000000,8,14,21,23,29,36,49,77,2400,2400,2400,211,0,8,34.87669241688296,5.606300001090858,2386.231600001338,7748.924170616114
1782358519,2,,Aggregated,0.700000,0.000000,8,14,21,23,29,36,49,77,2400,2400,2400,213,0,8,34.690442722857256,5.606300001090858,2386.231600001338,7752.9906103286385
1782358520,2,,Aggregated,0.700000,0.000000,8,14,21,23,29,36,49,77,2400,2400,2400,213,0,8,34.690442722857256,5.606300001090858,2386.231600001338,7752.9906103286385
1782358521,2,,Aggregated,0.700000,0.000000,8,14,21,23,29,36,49,77,2400,2400,2400,213,0,8,34.690442722857256,5.606300001090858,2386.231600001338,7752.9906103286385
1782358522,2,,Aggregated,0.600000,0.000000,8,14,21,23,29,36,49,77,2400,2400,2400,214,0,8,34.58975046716966,5.606300001090858,2386.231600001338,7765.822429906542
1782358523,2,,Aggregated,0.600000,0.000000,8,14,21,23,29,36,49,77,2400,2400,2400,215,0,8,34.468259999892666,5.606300001090858,2386.231600001338,7756.981395348837
1782358524,2,,Aggregated,0.600000,0.000000,8,14,21,23,29,36,49,77,2400,2400,2400,215,0,8,34.468259999892666,5.606300001090858,2386.231600001338,7756.981395348837
1782358525,2,,Aggregated,0.700000,0.000000,8,14,21,23,29,36,49,77,2400,2400,2400,216,0,8,34.339244444338505,5.606300001090858,2386.231600001338,7748.222222222223
1782358526,2,,Aggregated,0.700000,0.000000,8,14,21,23,29,36,49,77,2400,2400,2400,216,0,8,34.339244444338505,5.606300001090858,2386.231600001338,7748.222222222223
1782358527,2,,Aggregated,0.700000,0.000000,8,14,21,23,29,36,49,77,2400,2400,2400,216,0,8,34.339244444338505,5.606300001090858,2386.231600001338,7748.222222222223
1782358528,2,,Aggregated,0.600000,0.000000,8,14,21,23,29,36,49,77,2400,2400,2400,218,0,8,34.16485137602132,5.606300001090858,2386.231600001338,7748.633027522936
1782358529,2,,Aggregated,0.600000,0.000000,8,14,21,23,29,36,49,77,2400,2400,2400,218,0,8,34.16485137602132,5.606300001090858,2386.231600001338,7748.633027522936
1782358530,2,,Aggregated,0.500000,0.000000,8,14,21,23,29,36,49,77,2400,2400,2400,219,0,8,34.06658447478482,5.606300001090858,2386.231600001338,7761.191780821918
1782358531,2,,Aggregated,0.500000,0.000000,8,14,21,23,29,36,49,77,2400,2400,2400,219,0,8,34.06658447478482,5.606300001090858,2386.231600001338,7761.191780821918
1782358532,2,,Aggregated,0.500000,0.000000,8,14,21,23,29,36,49,77,2400,2400,2400,219,0,8,34.06658447478482,5.606300001090858,2386.231600001338,7761.191780821918
1782358533,2,,Aggregated,0.600000,0.000000,8,14,21,23,29,36,49,77,2400,2400,2400,220,0,8,33.96225863626486,5.606300001090858,2386.231600001338,7773.636363636364
1782358534,2,,Aggregated,0.500000,0.000000,8,14,21,23,29,36,49,77,2400,2400,2400,221,0,8,33.92341312207888,5.606300001090858,2386.231600001338,7785.968325791855
1782358535,2,,Aggregated,0.500000,0.000000,8,14,21,23,29,36,49,77,2400,2400,2400,221,0,8,33.92341312207888,5.606300001090858,2386.231600001338,7785.968325791855
1782358536,2,,Aggregated,0.500000,0.000000,8,14,21,23,29,36,49,77,2400,2400,2400,221,0,8,33.92341312207888,5.606300001090858,2386.231600001338,7785.968325791855
1782358537,2,,Aggregated,0.500000,0.000000,8,14,21,23,29,36,49,77,2400,2400,2400,222,0,8,33.80721801793468,5.606300001090858,2386.231600001338,7777.315315315315
1782358538,2,,Aggregated,0.500000,0.000000,8,14,21,23,29,36,49,77,2400,2400,2400,223,0,8,33.71332780262398,5.606300001090858,2386.231600001338,7789.520179372197
1782358539,2,,Aggregated,0.500000,0.000000,8,14,21,23,29,36,49,77,2400,2400,2400,223,0,8,33.71332780262398,5.606300001090858,2386.231600001338,7789.520179372197
1782358540,2,,Aggregated,0.500000,0.000000,8,14,21,23,29,36,49,77,2400,2400,2400,223,0,8,33.71332780262398,5.606300001090858,2386.231600001338,7789.520179372197
1782358541,2,,Aggregated,0.500000,0.000000,9,14,21,23,29,36,49,77,2400,2400,2400,225,0,9,33.564988888813076,5.606300001090858,2386.231600001338,7813.604444444444
1782358542,2,,Aggregated,0.500000,0.000000,9,14,21,23,29,36,49,77,2400,2400,2400,225,0,9,33.564988888813076,5.606300001090858,2386.231600001338,7813.604444444444
1782358543,2,,Aggregated,0.500000,0.000000,9,14,21,23,29,36,49,77,2400,2400,2400,225,0,9,33.564988888813076,5.606300001090858,2386.231600001338,7813.604444444444
1782358544,2,,Aggregated,0.500000,0.000000,9,14,21,23,29,36,49,77,2400,2400,2400,225,0,9,33.564988888813076,5.606300001090858,2386.231600001338,7813.604444444444
1782358545,2,,Aggregated,0.500000,0.000000,9,14,21,23,29,36,49,77,2400,2400,2400,226,0,8,33.446897787546256,5.606300001090858,2386.231600001338,7801.539823008849
1782358546,2,,Aggregated,0.500000,0.000000,9,14,21,23,29,36,49,77,2400,2400,2400,227,0,9,33.442633480114644,5.606300001090858,2386.231600001338,7813.422907488987
1782358547,2,,Aggregated,0.500000,0.000000,9,14,21,23,29,36,49,77,2400,2400,2400,227,0,9,33.442633480114644,5.606300001090858,2386.231600001338,7813.422907488987
1782358548,2,,Aggregated,0.500000,0.000000,9,14,21,23,29,36,49,77,2400,2400,2400,228,0,9,33.353606140289024,5.606300001090858,2386.231600001338,7825.201754385965
1782358549,2,,Aggregated,0.500000,0.000000,9,14,21,23,29,36,49,77,2400,2400,2400,229,0,9,33.23876244537319,5.606300001090858,2386.231600001338,7816.6419213973795
1782358550,2,,Aggregated,0.500000,0.000000,9,14,21,23,29,36,49,77,2400,2400,2400,229,0,9,33.23876244537319,5.606300001090858,2386.231600001338,7816.6419213973795
1782358551,2,,Aggregated,0.500000,0.000000,9,14,21,23,29,36,49,77,2400,2400,2400,229,0,9,33.23876244537319,5.606300001090858,2386.231600001338,7816.6419213973795
1782358552,2,,Aggregated,0.600000,0.000000,8,14,21,23,29,36,49,77,2400,2400,2400,231,0,8,33.012252813853976,5.606300001090858,2386.231600001338,7796.376623376624
1782358553,2,,Aggregated,0.600000,0.000000,8,14,21,23,29,36,49,77,2400,2400,2400,231,0,8,33.012252813853976,5.606300001090858,2386.231600001338,7796.376623376624
1782358554,2,,Aggregated,0.400000,0.000000,9,14,21,23,29,36,49,77,2400,2400,2400,232,0,8,32.97636465516728,5.606300001090858,2386.231600001338,7808.025862068966
1782358555,2,,Aggregated,0.400000,0.000000,9,14,21,23,29,36,49,77,2400,2400,2400,232,0,8,32.97636465516728,5.606300001090858,2386.231600001338,7808.025862068966
1782358556,2,,Aggregated,0.600000,0.000000,8,14,21,23,29,36,49,77,2400,2400,2400,233,0,8,32.87000901286481,5.606300001090858,2386.231600001338,7799.68669527897
1782358557,2,,Aggregated,0.600000,0.000000,8,14,21,23,29,36,49,77,2400,2400,2400,233,0,8,32.87000901286481,5.606300001090858,2386.231600001338,7799.68669527897
1782358558,2,,Aggregated,0.600000,0.000000,8,14,21,23,29,36,49,77,2400,2400,2400,233,0,8,32.87000901286481,5.606300001090858,2386.231600001338,7799.68669527897
1782358559,2,,Aggregated,0.600000,0.000000,8,14,21,23,29,36,49,77,2400,2400,2400,235,0,8,32.72011872338245,5.606300001090858,2386.231600001338,7802.940425531915
1782358560,2,,Aggregated,0.600000,0.000000,8,14,21,23,29,36,49,77,2400,2400,2400,235,0,8,32.72011872338245,5.606300001090858,2386.231600001338,7802.940425531915
1782358561,2,,Aggregated,0.600000,0.000000,8,14,21,23,29,36,49,77,2400,2400,2400,235,0,8,32.72011872338245,5.606300001090858,2386.231600001338,7802.940425531915
1782358562,2,,Aggregated,0.600000,0.000000,8,14,21,23,29,36,49,77,2400,2400,2400,237,0,8,32.5476455695992,5.606300001090858,2386.231600001338,7802.856540084388
1782358563,2,,Aggregated,0.600000,0.000000,8,14,21,23,29,36,49,77,2400,2400,2400,237,0,8,32.5476455695992,5.606300001090858,2386.231600001338,7802.856540084388
1782358564,2,,Aggregated,0.600000,0.000000,8,14,21,23,29,36,49,77,2400,2400,2400,238,0,8,32.44529159662819,5.606300001090858,2386.231600001338,7794.714285714285
1782358565,2,,Aggregated,0.600000,0.000000,8,14,21,23,29,36,49,77,2400,2400,2400,238,0,8,32.44529159662819,5.606300001090858,2386.231600001338,7794.714285714285
1782358566,2,,Aggregated,0.600000,0.000000,8,14,21,23,29,36,49,77,2400,2400,2400,238,0,8,32.44529159662819,5.606300001090858,2386.231600001338,7794.714285714285
1782358567,2,,Aggregated,0.600000,0.000000,8,14,21,23,29,36,49,77,2400,2400,2400,240,0,8,32.2450933333433,5.606300001090858,2386.231600001338,7772.15
1782358568,2,,Aggregated,0.600000,0.000000,8,14,21,23,29,36,49,77,2400,2400,2400,240,0,8,32.2450933333433,5.606300001090858,2386.231600001338,7772.15
1782358569,2,,Aggregated,0.600000,0.000000,8,14,21,23,29,36,49,77,2400,2400,2400,240,0,8,32.2450933333433,5.606300001090858,2386.231600001338,7772.15
1782358570,2,,Aggregated,0.700000,0.000000,8,14,21,23,27,35,49,77,2400,2400,2400,241,0,8,32.21155311204628,5.606300001090858,2386.231600001338,7783.464730290457
1782358571,2,,Aggregated,0.700000,0.000000,8,14,21,23,27,35,49,77,2400,2400,2400,241,0,8,32.21155311204628,5.606300001090858,2386.231600001338,7783.464730290457
1782358572,2,,Aggregated,0.500000,0.000000,9,14,21,23,27,35,49,77,2400,2400,2400,242,0,8,32.14114338845305,5.606300001090858,2386.231600001338,7794.6859504132235
1782358573,2,,Aggregated,0.500000,0.000000,9,14,21,23,27,35,49,77,2400,2400,2400,242,0,8,32.14114338845305,5.606300001090858,2386.231600001338,7794.6859504132235
1782358574,2,,Aggregated,0.500000,0.000000,9,14,21,23,27,35,49,77,2400,2400,2400,242,0,8,32.14114338845305,5.606300001090858,2386.231600001338,7794.6859504132235
1782358575,2,,Aggregated,0.500000,0.000000,9,14,21,23,27,35,49,77,2400,2400,2400,243,0,9,32.06340987655098,5.606300001090858,2386.231600001338,7805.814814814815
1782358576,2,,Aggregated,0.500000,0.000000,9,14,21,23,27,35,49,77,2400,2400,2400,244,0,9,32.0270204918147,5.606300001090858,2386.231600001338,7816.852459016393
1782358577,2,,Aggregated,0.500000,0.000000,9,14,21,23,27,35,49,77,2400,2400,2400,244,0,9,32.0270204918147,5.606300001090858,2386.231600001338,7816.852459016393
1782358579,2,,Aggregated,0.500000,0.000000,9,14,21,23,27,35,49,77,2400,2400,2400,244,0,9,32.0270204918147,5.606300001090858,2386.231600001338,7816.852459016393
1782358580,2,,Aggregated,0.600000,0.000000,9,14,21,23,27,35,49,77,2400,2400,2400,245,0,9,31.947775102073173,5.606300001090858,2386.231600001338,7827.8
1782358581,2,,Aggregated,0.400000,0.000000,9,14,21,23,27,35,49,77,2400,2400,2400,246,0,9,31.867417886199448,5.606300001090858,2386.231600001338,7838.658536585366
1782358582,2,,Aggregated,0.400000,0.000000,9,14,21,23,27,35,49,77,2400,2400,2400,246,0,9,31.867417886199448,5.606300001090858,2386.231600001338,7838.658536585366
1782358583,2,,Aggregated,0.500000,0.000000,9,14,21,23,27,35,49,77,2400,2400,2400,247,0,9,31.763177327977857,5.606300001090858,2386.231600001338,7827.5182186234815
1782358584,2,,Aggregated,0.500000,0.000000,9,14,21,23,27,35,49,77,2400,2400,2400,247,0,9,31.763177327977857,5.606300001090858,2386.231600001338,7827.5182186234815
1782358585,2,,Aggregated,0.500000,0.000000,9,14,21,23,27,35,49,77,2400,2400,2400,249,0,9,31.61858433739976,5.606300001090858,2386.231600001338,7830.365461847389
1782358586,2,,Aggregated,0.500000,0.000000,9,14,21,23,27,35,49,77,2400,2400,2400,249,0,9,31.61858433739976,5.606300001090858,2386.231600001338,7830.365461847389
1782358587,2,,Aggregated,0.500000,0.000000,9,14,21,23,27,35,49,77,2400,2400,2400,249,0,9,31.61858433739976,5.606300001090858,2386.231600001338,7830.365461847389
1782358588,2,,Aggregated,0.700000,0.000000,9,14,21,23,29,35,49,77,2400,2400,2400,250,0,9,31.620420400053263,5.606300001090858,2386.231600001338,7841.04
1782358589,2,,Aggregated,0.700000,0.000000,9,14,21,23,29,35,49,77,2400,2400,2400,250,0,9,31.620420400053263,5.606300001090858,2386.231600001338,7841.04
1782358590,2,,Aggregated,0.500000,0.000000,9,14,21,23,27,35,42,77,2400,2400,2400,251,0,9,31.52012589645124,5.606300001090858,2386.231600001338,7833.167330677291
1782358591,2,,Aggregated,0.500000,0.000000,9,14,21,23,27,35,42,77,2400,2400,2400,251,0,9,31.52012589645124,5.606300001090858,2386.231600001338,7833.167330677291
1782358592,2,,Aggregated,0.600000,0.000000,9,14,21,23,27,35,42,77,2400,2400,2400,252,0,9,31.479974206376937,5.606300001090858,2386.231600001338,7843.746031746032
1782358593,2,,Aggregated,0.600000,0.000000,9,14,21,23,27,35,42,77,2400,2400,2400,252,0,9,31.479974206376937,5.606300001090858,2386.231600001338,7843.746031746032
1782358594,2,,Aggregated,0.600000,0.000000,9,14,21,23,27,35,42,77,2400,2400,2400,254,0,9,31.28501338586092,5.606300001090858,2386.231600001338,7825.102362204724
1782358595,2,,Aggregated,0.600000,0.000000,9,14,21,23,27,35,42,77,2400,2400,2400,254,0,9,31.28501338586092,5.606300001090858,2386.231600001338,7825.102362204724
1782358596,2,,Aggregated,0.600000,0.000000,9,14,21,23,27,35,42,77,2400,2400,2400,254,0,9,31.28501338586092,5.606300001090858,2386.231600001338,7825.102362204724
1782358597,2,,Aggregated,0.600000,0.000000,9,14,21,23,27,35,42,77,2400,2400,2400,254,0,9,31.28501338586092,5.606300001090858,2386.231600001338,7825.102362204724
1782358598,2,,Aggregated,0.500000,0.000000,9,14,21,23,27,35,42,77,2400,2400,2400,256,0,9,31.204002734398273,5.606300001090858,2386.231600001338,7845.9921875
1782358599,2,,Aggregated,0.500000,0.000000,9,14,21,23,27,35,42,77,2400,2400,2400,256,0,9,31.204002734398273,5.606300001090858,2386.231600001338,7845.9921875
1782358600,2,,Aggregated,0.500000,0.000000,9,14,21,23,27,35,42,77,2400,2400,2400,256,0,9,31.204002734398273,5.606300001090858,2386.231600001338,7845.9921875
1782358601,2,,Aggregated,0.600000,0.000000,9,14,21,23,27,35,42,77,2400,2400,2400,257,0,9,31.103806225710922,5.4535000017494895,2386.231600001338,7838.284046692607
1782358602,2,,Aggregated,0.600000,0.000000,9,14,21,23,27,35,42,77,2400,2400,2400,258,0,9,31.072042248080496,5.4535000017494895,2386.231600001338,7848.596899224806
1782358603,2,,Aggregated,0.600000,0.000000,9,14,21,23,27,35,42,77,2400,2400,2400,258,0,9,31.072042248080496,5.4535000017494895,2386.231600001338,7848.596899224806
1782358604,2,,Aggregated,0.600000,0.000000,9,14,21,23,27,35,42,77,2400,2400,2400,258,0,9,31.072042248080496,5.4535000017494895,2386.231600001338,7848.596899224806
1782358605,2,,Aggregated,0.600000,0.000000,9,14,21,23,29,36,42,77,2400,2400,2400,259,0,9,31.091565250969243,5.4535000017494895,2386.231600001338,7858.830115830116
1782358606,2,,Aggregated,0.600000,0.000000,9,14,21,23,29,36,42,77,2400,2400,2400,260,0,9,31.023631153864418,5.4535000017494895,2386.231600001338,7868.984615384616
1782358607,2,,Aggregated,0.600000,0.000000,9,14,21,23,29,36,42,77,2400,2400,2400,260,0,9,31.023631153864418,5.4535000017494895,2386.231600001338,7868.984615384616
1782358608,2,,Aggregated,0.600000,0.000000,9,14,21,23,29,36,42,77,2400,2400,2400,260,0,9,31.023631153864418,5.4535000017494895,2386.231600001338,7868.984615384616
1782358609,2,,Aggregated,0.600000,0.000000,9,14,21,23,27,35,42,77,2400,2400,2400,261,0,9,30.99637892723023,5.4535000017494895,2386.231600001338,7879.061302681992
1782358610,2,,Aggregated,0.600000,0.000000,9,14,21,23,27,35,42,77,2400,2400,2400,262,0,9,30.905543129805846,5.4535000017494895,2386.231600001338,7871.374045801526
1782358611,2,,Aggregated,0.600000,0.000000,9,14,21,23,27,35,42,77,2400,2400,2400,262,0,9,30.905543129805846,5.4535000017494895,2386.231600001338,7871.374045801526
1782358612,2,,Aggregated,0.500000,0.000000,9,14,21,23,27,35,42,77,2400,2400,2400,263,0,9,30.835355893554283,5.4535000017494895,2386.231600001338,7881.365019011407
1782358613,2,,Aggregated,0.500000,0.000000,9,14,21,23,27,35,42,77,2400,2400,2400,263,0,9,30.835355893554283,5.4535000017494895,2386.231600001338,7881.365019011407
1782358614,2,,Aggregated,0.500000,0.000000,9,14,21,23,27,35,42,77,2400,2400,2400,264,0,9,30.746480303054284,5.4535000017494895,2386.231600001338,7873.727272727273
1782358615,2,,Aggregated,0.500000,0.000000,9,14,21,23,27,35,42,77,2400,2400,2400,265,0,9,30.65357471702023,5.4535000017494895,2386.231600001338,7866.147169811321
1782358616,2,,Aggregated,0.500000,0.000000,9,14,21,23,27,35,42,77,2400,2400,2400,265,0,9,30.65357471702023,5.4535000017494895,2386.231600001338,7866.147169811321
1782358617,2,,Aggregated,0.600000,0.000000,9,14,21,23,27,35,42,77,2400,2400,2400,266,0,9,30.624691353432695,5.4535000017494895,2386.231600001338,7876.045112781955
1782358618,2,,Aggregated,0.600000,0.000000,9,14,21,23,27,35,42,77,2400,2400,2400,266,0,9,30.624691353432695,5.4535000017494895,2386.231600001338,7876.045112781955
1782358619,2,,Aggregated,0.500000,0.000000,9,14,21,23,27,35,42,77,2400,2400,2400,267,0,9,30.55968239704192,5.4535000017494895,2386.231600001338,7885.868913857678
1782358620,2,,Aggregated,0.500000,0.000000,9,14,21,23,27,35,42,77,2400,2400,2400,267,0,9,30.55968239704192,5.4535000017494895,2386.231600001338,7885.868913857678
1782358621,2,,Aggregated,0.600000,0.000000,9,14,21,23,27,35,42,77,2400,2400,2400,268,0,9,30.496413806025913,5.4535000017494895,2386.231600001338,7895.619402985075
1782358622,2,,Aggregated,0.600000,0.000000,9,14,21,23,27,35,42,77,2400,2400,2400,269,0,9,30.411059479629465,5.4535000017494895,2386.231600001338,7885.17843866171
1782358623,2,,Aggregated,0.500000,0.000000,9,14,21,23,27,35,42,77,2400,2400,2400,270,0,9,30.324368148231535,5.4535000017494895,2386.231600001338,7877.696296296296
1782358624,2,,Aggregated,0.500000,0.000000,9,14,21,23,27,35,42,77,2400,2400,2400,270,0,9,30.324368148231535,5.4535000017494895,2386.231600001338,7877.696296296296
1782358625,2,,Aggregated,0.500000,0.000000,9,14,21,23,27,35,42,77,2400,2400,2400,270,0,9,30.324368148231535,5.4535000017494895,2386.231600001338,7877.696296296296
1782358626,2,,Aggregated,0.600000,0.000000,9,14,21,23,26,35,42,77,2400,2400,2400,271,0,9,30.240098524059434,5.4535000017494895,2386.231600001338,7867.39852398524
1782358627,2,,Aggregated,0.600000,0.000000,9,14,21,23,26,35,42,77,2400,2400,2400,272,0,9,30.211972426540715,5.4535000017494895,2386.231600001338,7877.073529411765
1782358628,2,,Aggregated,0.600000,0.000000,9,14,21,23,26,35,42,77,2400,2400,2400,272,0,9,30.211972426540715,5.4535000017494895,2386.231600001338,7877.073529411765
1782358629,2,,Aggregated,0.600000,0.000000,9,14,21,23,26,35,42,77,2400,2400,2400,272,0,9,30.211972426540715,5.4535000017494895,2386.231600001338,7877.073529411765
1782358630,2,,Aggregated,0.600000,0.000000,9,14,21,23,26,35,42,77,2400,2400,2400,272,0,9,30.211972426540715,5.4535000017494895,2386.231600001338,7877.073529411765
1782358631,2,,Aggregated,0.500000,0.000000,9,14,21,23,26,35,42,77,2400,2400,2400,274,0,9,30.048241970868805,5.4535000017494895,2386.231600001338,7862.386861313868
1782358632,2,,Aggregated,0.500000,0.000000,9,14,21,23,26,35,42,77,2400,2400,2400,274,0,9,30.048241970868805,5.4535000017494895,2386.231600001338,7862.386861313868
1782358633,2,,Aggregated,0.500000,0.000000,9,14,21,23,26,35,42,77,2400,2400,2400,274,0,9,30.048241970868805,5.4535000017494895,2386.231600001338,7862.386861313868
1782358634,2,,Aggregated,0.500000,0.000000,9,14,21,23,26,35,42,77,2400,2400,2400,274,0,9,30.048241970868805,5.4535000017494895,2386.231600001338,7862.386861313868
1782358635,2,,Aggregated,0.500000,0.000000,9,14,21,23,26,35,42,77,2400,2400,2400,276,0,9,29.878967753667393,5.4535000017494895,2386.231600001338,7845.094202898551
1782358636,2,,Aggregated,0.500000,0.000000,9,14,21,23,26,35,42,77,2400,2400,2400,276,0,9,29.878967753667393,5.4535000017494895,2386.231600001338,7845.094202898551
1782358637,2,,Aggregated,0.400000,0.000000,9,14,21,23,26,35,42,77,2400,2400,2400,277,0,9,29.794599639029293,5.4535000017494895,2386.231600001338,7837.9458483754515
1782358638,2,,Aggregated,0.400000,0.000000,9,14,21,23,26,35,42,77,2400,2400,2400,277,0,9,29.794599639029293,5.4535000017494895,2386.231600001338,7837.9458483754515
1782358639,2,,Aggregated,0.400000,0.000000,9,14,21,23,26,35,42,77,2400,2400,2400,277,0,9,29.794599639029293,5.4535000017494895,2386.231600001338,7837.9458483754515
1782358640,2,,Aggregated,0.500000,0.000000,9,14,21,23,26,35,42,77,2400,2400,2400,279,0,9,29.694945878168987,5.4535000017494895,2386.231600001338,7837.623655913979
1782358641,2,,Aggregated,0.500000,0.000000,9,14,21,23,26,35,42,77,2400,2400,2400,279,0,9,29.694945878168987,5.4535000017494895,2386.231600001338,7837.623655913979
1782358642,2,,Aggregated,0.500000,0.000000,9,14,21,23,26,35,42,77,2400,2400,2400,279,0,9,29.694945878168987,5.4535000017494895,2386.231600001338,7837.623655913979
1782358643,2,,Aggregated,0.500000,0.000000,9,14,21,23,26,35,42,77,2400,2400,2400,279,0,9,29.694945878168987,5.4535000017494895,2386.231600001338,7837.623655913979
1782358644,2,,Aggregated,0.600000,0.000000,9,14,21,23,26,35,42,77,2400,2400,2400,280,0,9,29.612942857160565,5.4535000017494895,2386.231600001338,7830.578571428571
1782358645,2,,Aggregated,0.500000,0.000000,9,14,21,23,26,34,42,77,2400,2400,2400,281,0,9,29.594143060521965,5.4535000017494895,2386.231600001338,7840.074733096086
1782358646,2,,Aggregated,0.500000,0.000000,9,14,21,23,26,34,42,77,2400,2400,2400,281,0,9,29.594143060521965,5.4535000017494895,2386.231600001338,7840.074733096086
1782358647,2,,Aggregated,0.600000,0.000000,9,14,21,23,26,34,42,77,2400,2400,2400,282,0,9,29.51394219860907,5.4535000017494895,2386.231600001338,7833.070921985815
1782358648,2,,Aggregated,0.500000,0.000000,9,14,21,23,26,34,42,77,2400,2400,2400,283,0,9,29.43347420497874,5.4535000017494895,2386.231600001338,7826.116607773852
1782358649,2,,Aggregated,0.500000,0.000000,9,14,21,23,26,34,42,77,2400,2400,2400,283,0,9,29.43347420497874,5.4535000017494895,2386.231600001338,7826.116607773852
1782358650,2,,Aggregated,0.500000,0.000000,9,14,21,23,26,34,42,77,2400,2400,2400,285,0,9,29.342340350890403,5.4535000017494895,2386.231600001338,7828.6140350877195
1782358651,2,,Aggregated,0.500000,0.000000,9,14,21,23,26,34,42,77,2400,2400,2400,285,0,9,29.342340350890403,5.4535000017494895,2386.231600001338,7828.6140350877195
1782358652,2,,Aggregated,0.500000,0.000000,9,14,21,23,26,34,42,77,2400,2400,2400,285,0,9,29.342340350890403,5.4535000017494895,2386.231600001338,7828.6140350877195
1782358653,2,,Aggregated,0.500000,0.000000,9,14,21,23,26,34,42,77,2400,2400,2400,285,0,9,29.342340350890403,5.4535000017494895,2386.231600001338,7828.6140350877195
1782358654,2,,Aggregated,0.600000,0.000000,9,14,21,23,26,34,42,77,2400,2400,2400,287,0,9,29.198923344969895,5.4535000017494895,2386.231600001338,7828.365853658536
1782358655,2,,Aggregated,0.600000,0.000000,9,14,21,23,26,34,42,77,2400,2400,2400,287,0,9,29.198923344969895,5.4535000017494895,2386.231600001338,7828.365853658536
1782358656,2,,Aggregated,0.600000,0.000000,9,14,21,23,26,34,42,77,2400,2400,2400,288,0,8,29.121963541683726,5.4535000017494895,2386.231600001338,7818.847222222223
1782358657,2,,Aggregated,0.600000,0.000000,9,14,21,23,26,34,42,77,2400,2400,2400,288,0,8,29.121963541683726,5.4535000017494895,2386.231600001338,7818.847222222223
1782358658,2,,Aggregated,0.700000,0.000000,8,14,21,23,26,34,42,77,2400,2400,2400,289,0,8,29.04316574395723,5.4535000017494895,2386.231600001338,7812.086505190311
1782358659,2,,Aggregated,0.600000,0.000000,9,14,21,23,26,34,42,77,2400,2400,2400,290,0,8,29.02242999999575,5.4535000017494895,2386.231600001338,7821.351724137931
1782358660,2,,Aggregated,0.600000,0.000000,9,14,21,23,26,34,42,77,2400,2400,2400,290,0,8,29.02242999999575,5.4535000017494895,2386.231600001338,7821.351724137931
1782358661,2,,Aggregated,0.600000,0.000000,9,14,21,23,26,34,42,77,2400,2400,2400,290,0,8,29.02242999999575,5.4535000017494895,2386.231600001338,7821.351724137931
1782358662,2,,Aggregated,0.700000,0.000000,9,14,21,23,26,34,42,77,2400,2400,2400,292,0,8,28.89491883561028,5.4535000017494895,2386.231600001338,7823.821917808219
1782358663,2,,Aggregated,0.700000,0.000000,9,14,21,23,26,34,42,77,2400,2400,2400,292,0,8,28.89491883561028,5.4535000017494895,2386.231600001338,7823.821917808219
1782358664,2,,Aggregated,0.600000,0.000000,9,14,21,23,26,34,42,77,2400,2400,2400,293,0,9,28.90863959042696,5.4535000017494895,2386.231600001338,7832.952218430034
1782358665,2,,Aggregated,0.700000,0.000000,9,14,21,23,26,34,42,77,2400,2400,2400,294,0,8,28.833442857131825,5.4535000017494895,2386.231600001338,7826.258503401361
1782358666,2,,Aggregated,0.700000,0.000000,9,14,21,23,26,34,42,77,2400,2400,2400,294,0,8,28.833442857131825,5.4535000017494895,2386.231600001338,7826.258503401361
1782358667,2,,Aggregated,0.600000,0.000000,9,14,21,23,26,34,42,77,2400,2400,2400,295,0,9,28.780576610154377,5.4535000017494895,2386.231600001338,7835.318644067796
1782358668,2,,Aggregated,0.600000,0.000000,9,14,21,23,26,34,42,77,2400,2400,2400,296,0,8,28.710929391874398,5.4535000017494895,2386.231600001338,7826.033783783784
1782358669,2,,Aggregated,0.600000,0.000000,9,14,21,23,26,34,42,77,2400,2400,2400,296,0,8,28.710929391874398,5.4535000017494895,2386.231600001338,7826.033783783784
1782358670,2,,Aggregated,0.700000,0.000000,8,14,21,23,26,34,42,77,2400,2400,2400,297,0,8,28.636496296268692,5.4535000017494895,2386.231600001338,7816.811447811448
1782358671,2,,Aggregated,0.700000,0.000000,8,14,21,23,26,34,42,77,2400,2400,2400,297,0,8,28.636496296268692,5.4535000017494895,2386.231600001338,7816.811447811448
1782358672,2,,Aggregated,0.700000,0.000000,8,14,21,23,26,34,42,77,2400,2400,2400,297,0,8,28.636496296268692,5.4535000017494895,2386.231600001338,7816.811447811448
1782358673,2,,Aggregated,0.600000,0.000000,9,14,21,23,26,34,42,77,2400,2400,2400,298,0,8,28.62209261741939,5.4535000017494895,2386.231600001338,7825.812080536913
1782358674,2,,Aggregated,0.600000,0.000000,9,14,21,23,26,34,42,77,2400,2400,2400,298,0,8,28.62209261741939,5.4535000017494895,2386.231600001338,7825.812080536913
1782358675,2,,Aggregated,0.600000,0.000000,8,14,21,23,26,34,42,77,2400,2400,2400,299,0,8,28.554172575216622,5.4535000017494895,2386.231600001338,7819.254180602006
1782358676,2,,Aggregated,0.600000,0.000000,8,14,21,23,26,34,42,77,2400,2400,2400,299,0,8,28.554172575216622,5.4535000017494895,2386.231600001338,7819.254180602006
1782358677,2,,Aggregated,0.600000,0.000000,9,14,21,23,26,34,42,77,2400,2400,2400,300,0,8,28.534388333306804,5.4535000017494895,2386.231600001338,7828.1866666666665
1782358678,2,,Aggregated,0.500000,0.000000,8,14,21,23,26,33,39,50,2400,2400,2400,301,0,8,28.46515448502419,5.4535000017494895,2386.231600001338,7819.079734219269
1782358679,2,,Aggregated,0.500000,0.000000,8,14,21,23,26,33,39,50,2400,2400,2400,301,0,8,28.46515448502419,5.4535000017494895,2386.231600001338,7819.079734219269
1782358680,2,,Aggregated,0.500000,0.000000,9,14,21,23,26,33,39,50,2400,2400,2400,302,0,8,28.418882119182932,5.4535000017494895,2386.231600001338,7827.953642384106
1782358681,2,,Aggregated,0.500000,0.000000,8,14,21,23,26,33,39,50,2400,2400,2400,303,0,8,28.35173036300127,5.4535000017494895,2386.231600001338,7821.475247524752
1782358682,2,,Aggregated,0.500000,0.000000,8,14,21,23,26,33,39,50,2400,2400,2400,303,0,8,28.35173036300127,5.4535000017494895,2386.231600001338,7821.475247524752
1782358683,2,,Aggregated,0.500000,0.000000,8,14,21,23,26,33,39,50,2400,2400,2400,303,0,8,28.35173036300127,5.4535000017494895,2386.231600001338,7821.475247524752
1782358684,2,,Aggregated,0.500000,0.000000,8,14,21,23,26,33,39,50,2400,2400,2400,303,0,8,28.35173036300127,5.4535000017494895,2386.231600001338,7821.475247524752
1782358685,2,,Aggregated,0.500000,0.000000,9,14,21,23,26,33,39,50,2400,2400,2400,304,0,8,28.332011513133406,5.4535000017494895,2386.231600001338,7830.2828947368425
1782358686,2,,Aggregated,0.500000,0.000000,8,14,21,23,26,33,39,50,2400,2400,2400,305,0,8,28.261948196688806,5.4535000017494895,2386.231600001338,7823.8393442622955
1782358688,2,,Aggregated,0.500000,0.000000,8,14,21,23,26,33,39,50,2400,2400,2400,305,0,8,28.261948196688806,5.4535000017494895,2386.231600001338,7823.8393442622955
1782358689,2,,Aggregated,0.500000,0.000000,8,14,21,23,26,33,39,50,2400,2400,2400,305,0,8,28.261948196688806,5.4535000017494895,2386.231600001338,7823.8393442622955
1782358690,2,,Aggregated,0.600000,0.000000,9,14,21,23,26,33,39,50,2400,2400,2400,306,0,8,28.21164477120642,5.4535000017494895,2386.231600001338,7832.581699346405
1782358691,2,,Aggregated,0.500000,0.000000,9,14,21,23,26,33,39,50,2400,2400,2400,307,0,9,28.194024429935467,5.4535000017494895,2386.231600001338,7841.267100977198
1782358692,2,,Aggregated,0.500000,0.000000,9,14,21,23,26,33,39,50,2400,2400,2400,307,0,9,28.194024429935467,5.4535000017494895,2386.231600001338,7841.267100977198
1782358693,2,,Aggregated,0.500000,0.000000,9,14,21,23,26,33,39,50,2400,2400,2400,307,0,9,28.194024429935467,5.4535000017494895,2386.231600001338,7841.267100977198
1782358694,2,,Aggregated,0.500000,0.000000,9,14,21,23,26,33,39,50,2400,2400,2400,308,0,8,28.123979870082174,5.4535000017494895,2386.231600001338,7834.850649350649
1782358695,2,,Aggregated,0.400000,0.000000,8,14,21,23,26,33,39,50,2400,2400,2400,309,0,8,28.055559870504215,5.4535000017494895,2386.231600001338,7828.47572815534
1782358696,2,,Aggregated,0.400000,0.000000,9,14,21,23,26,33,39,50,2400,2400,2400,310,0,8,28.038305483829802,5.4535000017494895,2386.231600001338,7837.090322580645
1782358697,2,,Aggregated,0.400000,0.000000,9,14,21,23,26,33,39,50,2400,2400,2400,310,0,8,28.038305483829802,5.4535000017494895,2386.231600001338,7837.090322580645
1782358698,2,,Aggregated,0.600000,0.000000,9,14,21,23,25,33,39,50,2400,2400,2400,311,0,9,27.989767202533823,5.4535000017494895,2386.231600001338,7845.6495176848875
1782358699,2,,Aggregated,0.600000,0.000000,9,14,21,23,25,33,39,50,2400,2400,2400,312,0,9,27.937669551227792,5.4535000017494895,2386.231600001338,7854.153846153846
1782358700,2,,Aggregated,0.600000,0.000000,9,14,21,23,25,33,39,50,2400,2400,2400,312,0,9,27.937669551227792,5.4535000017494895,2386.231600001338,7854.153846153846
1782358701,2,,Aggregated,0.600000,0.000000,9,14,21,23,26,34,39,50,2400,2400,2400,313,0,9,27.972737380148903,5.4535000017494895,2386.231600001338,7862.6038338658145
1782358702,2,,Aggregated,0.700000,0.000000,9,14,21,23,26,34,39,50,2400,2400,2400,314,0,9,27.90419585982621,5.4535000017494895,2386.231600001338,7853.764331210191
1782358703,2,,Aggregated,0.700000,0.000000,9,14,21,23,26,34,39,50,2400,2400,2400,314,0,9,27.90419585982621,5.4535000017494895,2386.231600001338,7853.764331210191
1782358704,2,,Aggregated,0.600000,0.000000,9,14,21,23,26,34,39,50,2400,2400,2400,315,0,9,27.835792380903428,5.4535000017494895,2386.231600001338,7844.980952380953
1782358705,2,,Aggregated,0.600000,0.000000,9,14,21,23,26,34,39,50,2400,2400,2400,315,0,9,27.835792380903428,5.4535000017494895,2386.231600001338,7844.980952380953
1782358706,2,,Aggregated,0.700000,0.000000,9,14,21,23,26,34,39,50,2400,2400,2400,316,0,8,27.768097468306454,5.4535000017494895,2386.231600001338,7836.2531645569625
1782358707,2,,Aggregated,0.700000,0.000000,9,14,21,23,26,34,39,50,2400,2400,2400,316,0,8,27.768097468306454,5.4535000017494895,2386.231600001338,7836.2531645569625
1782358708,2,,Aggregated,0.600000,0.000000,8,14,21,23,26,34,39,50,2400,2400,2400,317,0,8,27.700735962096225,5.4535000017494895,2386.231600001338,7830.0347003154575
1782358709,2,,Aggregated,0.600000,0.000000,9,14,21,23,26,34,39,50,2400,2400,2400,318,0,8,27.685715094284316,5.4535000017494895,2386.231600001338,7838.427672955975
1782358710,2,,Aggregated,0.600000,0.000000,9,14,21,23,26,34,39,50,2400,2400,2400,318,0,8,27.685715094284316,5.4535000017494895,2386.231600001338,7838.427672955975
1782358711,2,,Aggregated,0.600000,0.000000,8,14,21,23,26,34,39,50,2400,2400,2400,319,0,8,27.619460814977888,5.4535000017494895,2386.231600001338,7832.241379310345
1782358712,2,,Aggregated,0.600000,0.000000,8,14,21,23,26,34,39,50,2400,2400,2400,319,0,8,27.619460814977888,5.4535000017494895,2386.231600001338,7832.241379310345
1782358713,2,,Aggregated,0.600000,0.000000,8,14,21,23,26,34,39,50,2400,2400,2400,320,0,8,27.558379999936733,5.4535000017494895,2386.231600001338,7826.09375
1782358714,2,,Aggregated,0.600000,0.000000,8,14,21,23,25,33,39,50,2400,2400,2400,321,0,8,27.490946417388823,5.4535000017494895,2386.231600001338,7817.560747663551
1782358715,2,,Aggregated,0.600000,0.000000,8,14,21,23,25,33,39,50,2400,2400,2400,321,0,8,27.490946417388823,5.4535000017494895,2386.231600001338,7817.560747663551
1782358716,2,,Aggregated,0.600000,0.000000,8,14,21,23,25,33,39,50,2400,2400,2400,321,0,8,27.490946417388823,5.4535000017494895,2386.231600001338,7817.560747663551
1782358717,2,,Aggregated,0.600000,0.000000,8,14,21,23,25,33,39,50,2400,2400,2400,321,0,8,27.490946417388823,5.4535000017494895,2386.231600001338,7817.560747663551
1782358718,2,,Aggregated,0.600000,0.000000,8,14,21,23,25,33,39,50,2400,2400,2400,323,0,8,27.4152105262414,5.4535000017494895,2386.231600001338,7819.817337461301
1782358719,2,,Aggregated,0.600000,0.000000,8,14,21,23,25,33,39,50,2400,2400,2400,323,0,8,27.4152105262414,5.4535000017494895,2386.231600001338,7819.817337461301
1782358720,2,,Aggregated,0.600000,0.000000,8,14,21,23,25,33,39,50,2400,2400,2400,323,0,8,27.4152105262414,5.4535000017494895,2386.231600001338,7819.817337461301
1782358721,2,,Aggregated,0.600000,0.000000,8,14,21,23,25,33,39,50,2400,2400,2400,323,0,8,27.4152105262414,5.4535000017494895,2386.231600001338,7819.817337461301
1782358722,2,,Aggregated,0.500000,0.000000,8,14,21,23,25,33,39,50,2400,2400,2400,324,0,8,27.391015123376512,5.4535000017494895,2386.231600001338,7828.086419753086
1782358723,2,,Aggregated,0.500000,0.000000,8,14,21,23,25,33,39,50,2400,2400,2400,325,0,8,27.380177538389734,5.4535000017494895,2386.231600001338,7836.304615384615
1782358724,2,,Aggregated,0.500000,0.000000,8,14,21,23,25,33,39,50,2400,2400,2400,325,0,8,27.380177538389734,5.4535000017494895,2386.231600001338,7836.304615384615
1782358725,2,,Aggregated,0.500000,0.000000,9,14,21,23,25,33,39,50,2400,2400,2400,326,0,8,27.335396932430516,5.4535000017494895,2386.231600001338,7844.472392638037
1782358726,2,,Aggregated,0.500000,0.000000,9,14,21,23,26,33,39,50,2400,2400,2400,327,0,9,27.352011314898892,5.4535000017494895,2386.231600001338,7838.418960244649
1782358727,2,,Aggregated,0.500000,0.000000,9,14,21,23,26,33,39,50,2400,2400,2400,327,0,9,27.352011314898892,5.4535000017494895,2386.231600001338,7838.418960244649
1782358728,2,,Aggregated,0.600000,0.000000,9,14,21,23,26,33,39,50,2400,2400,2400,328,0,8,27.290085365787423,5.4535000017494895,2386.231600001338,7830.030487804878
1782358729,2,,Aggregated,0.600000,0.000000,9,14,21,23,26,33,39,50,2400,2400,2400,328,0,8,27.290085365787423,5.4535000017494895,2386.231600001338,7830.030487804878
1782358730,2,,Aggregated,0.600000,0.000000,9,14,21,23,26,33,39,50,2400,2400,2400,329,0,9,27.278181762859333,5.4535000017494895,2386.231600001338,7838.142857142857
1782358731,2,,Aggregated,0.600000,0.000000,9,14,21,23,26,33,39,50,2400,2400,2400,329,0,9,27.278181762859333,5.4535000017494895,2386.231600001338,7838.142857142857
1782358732,2,,Aggregated,0.500000,0.000000,9,14,21,23,26,33,39,50,2400,2400,2400,330,0,9,27.232858484807586,5.4535000017494895,2386.231600001338,7846.20606060606
1782358733,2,,Aggregated,0.500000,0.000000,9,14,21,23,26,33,39,50,2400,2400,2400,330,0,9,27.232858484807586,5.4535000017494895,2386.231600001338,7846.20606060606
1782358734,2,,Aggregated,0.600000,0.000000,9,14,21,23,25,33,39,50,2400,2400,2400,331,0,9,27.19284350448499,5.4535000017494895,2386.231600001338,7854.220543806647
1782358735,2,,Aggregated,0.600000,0.000000,9,14,21,23,25,33,39,50,2400,2400,2400,331,0,9,27.19284350448499,5.4535000017494895,2386.231600001338,7854.220543806647
1782358736,2,,Aggregated,0.500000,0.000000,9,14,21,23,25,33,39,50,2400,2400,2400,332,0,9,27.130205120425146,5.4535000017494895,2386.231600001338,7848.22891566265
1782358737,2,,Aggregated,0.500000,0.000000,9,14,21,23,25,33,39,50,2400,2400,2400,332,0,9,27.130205120425146,5.4535000017494895,2386.231600001338,7848.22891566265
1782358738,2,,Aggregated,0.500000,0.000000,9,14,21,23,25,33,39,50,2400,2400,2400,332,0,9,27.130205120425146,5.4535000017494895,2386.231600001338,7848.22891566265
1782358739,2,,Aggregated,0.500000,0.000000,9,14,21,23,25,33,39,50,2400,2400,2400,334,0,8,27.00723532926602,5.4535000017494895,2386.231600001338,7836.353293413174
1782358740,2,,Aggregated,0.500000,0.000000,9,14,21,23,25,33,39,50,2400,2400,2400,334,0,8,27.00723532926602,5.4535000017494895,2386.231600001338,7836.353293413174
1782358741,2,,Aggregated,0.500000,0.000000,9,14,21,23,25,33,39,50,2400,2400,2400,334,0,8,27.00723532926602,5.4535000017494895,2386.231600001338,7836.353293413174
1782358742,2,,Aggregated,0.600000,0.000000,8,14,21,23,25,33,39,50,2400,2400,2400,335,0,8,26.944918507373885,5.4535000017494895,2386.231600001338,7830.468656716418
1782358743,2,,Aggregated,0.500000,0.000000,8,14,21,23,25,33,39,50,2400,2400,2400,336,0,8,26.888216666564055,5.4535000017494895,2386.231600001338,7824.619047619048
1782358744,2,,Aggregated,0.500000,0.000000,8,14,21,23,25,33,39,50,2400,2400,2400,337,0,8,26.8291154301745,5.4535000017494895,2386.231600001338,7818.80415430267
1782358745,2,,Aggregated,0.600000,0.000000,8,14,21,23,25,33,39,50,2400,2400,2400,338,0,8,26.818007692222288,5.4535000017494895,2386.231600001338,7826.733727810651
1782358746,2,,Aggregated,0.600000,0.000000,8,14,21,23,25,33,39,50,2400,2400,2400,338,0,8,26.818007692222288,5.4535000017494895,2386.231600001338,7826.733727810651
1782358747,2,,Aggregated,0.600000,0.000000,8,14,21,23,25,33,39,50,2400,2400,2400,338,0,8,26.818007692222288,5.4535000017494895,2386.231600001338,7826.733727810651
1782358748,2,,Aggregated,0.600000,0.000000,8,14,21,23,26,33,39,50,2400,2400,2400,339,0,8,26.835802949768915,5.4535000017494895,2386.231600001338,7834.616519174041
1782358749,2,,Aggregated,0.600000,0.000000,8,14,21,23,26,33,39,50,2400,2400,2400,340,0,8,26.776602941090996,5.4535000017494895,2386.231600001338,7828.823529411765
1782358750,2,,Aggregated,0.600000,0.000000,8,14,21,23,26,33,39,50,2400,2400,2400,340,0,8,26.776602941090996,5.4535000017494895,2386.231600001338,7828.823529411765
1782358751,2,,Aggregated,0.600000,0.000000,8,14,21,23,26,33,39,50,2400,2400,2400,340,0,8,26.776602941090996,5.4535000017494895,2386.231600001338,7828.823529411765
1782358752,2,,Aggregated,0.600000,0.000000,8,14,21,23,26,33,39,50,2400,2400,2400,340,0,8,26.776602941090996,5.4535000017494895,2386.231600001338,7828.823529411765
1782358753,2,,Aggregated,0.600000,0.000000,8,14,21,23,25,33,39,50,2400,2400,2400,342,0,8,26.665441812779747,5.4535000017494895,2386.231600001338,7812.789473684211
1782358754,2,,Aggregated,0.600000,0.000000,8,14,21,23,25,33,39,50,2400,2400,2400,342,0,8,26.665441812779747,5.4535000017494895,2386.231600001338,7812.789473684211
1782358755,2,,Aggregated,0.600000,0.000000,8,14,21,23,25,33,39,50,2400,2400,2400,342,0,8,26.665441812779747,5.4535000017494895,2386.231600001338,7812.789473684211
1782358756,2,,Aggregated,0.600000,0.000000,8,14,21,23,25,33,39,50,2400,2400,2400,342,0,8,26.665441812779747,5.4535000017494895,2386.231600001338,7812.789473684211
1782358757,2,,Aggregated,0.500000,0.000000,8,14,21,23,25,33,39,50,2400,2400,2400,344,0,8,26.553430232461537,5.4535000017494895,2386.231600001338,7799.203488372093
1782358758,2,,Aggregated,0.500000,0.000000,8,14,21,23,25,33,39,50,2400,2400,2400,344,0,8,26.553430232461537,5.4535000017494895,2386.231600001338,7799.203488372093
1782358759,2,,Aggregated,0.400000,0.000000,8,14,21,23,25,33,39,50,2400,2400,2400,345,0,8,26.498277681062262,5.4535000017494895,2386.231600001338,7793.597101449275
1782358760,2,,Aggregated,0.400000,0.000000,8,14,21,23,25,33,39,50,2400,2400,2400,345,0,8,26.498277681062262,5.4535000017494895,2386.231600001338,7793.597101449275
1782358761,2,,Aggregated,0.600000,0.000000,8,14,21,23,25,33,39,50,2400,2400,2400,346,0,8,26.48481531781138,5.4535000017494895,2386.231600001338,7801.416184971098
1782358762,2,,Aggregated,0.600000,0.000000,8,14,21,23,25,33,39,50,2400,2400,2400,346,0,8,26.48481531781138,5.4535000017494895,2386.231600001338,7801.416184971098
1782358763,2,,Aggregated,0.600000,0.000000,8,14,21,23,25,33,39,50,2400,2400,2400,346,0,8,26.48481531781138,5.4535000017494895,2386.231600001338,7801.416184971098
1782358764,2,,Aggregated,0.600000,0.000000,8,14,21,23,25,33,39,50,2400,2400,2400,348,0,8,26.40482844816134,5.4535000017494895,2386.231600001338,7816.919540229885
1782358765,2,,Aggregated,0.600000,0.000000,8,14,21,23,25,33,39,50,2400,2400,2400,348,0,8,26.40482844816134,5.4535000017494895,2386.231600001338,7816.919540229885
1782358766,2,,Aggregated,0.600000,0.000000,8,14,21,23,25,33,39,50,2400,2400,2400,348,0,8,26.40482844816134,5.4535000017494895,2386.231600001338,7816.919540229885
1782358767,2,,Aggregated,0.600000,0.000000,8,14,21,23,25,33,39,50,2400,2400,2400,348,0,8,26.40482844816134,5.4535000017494895,2386.231600001338,7816.919540229885
1782358768,2,,Aggregated,0.600000,0.000000,8,14,21,23,25,33,39,50,2400,2400,2400,349,0,8,26.34914441248182,5.4535000017494895,2386.231600001338,7809.097421203438
1782358769,2,,Aggregated,0.600000,0.000000,8,14,21,23,25,33,39,50,2400,2400,2400,350,0,8,26.337385142729286,5.4535000017494895,2386.231600001338,7816.782857142857
1782358770,2,,Aggregated,0.500000,0.000000,8,14,21,23,25,33,39,50,2400,2400,2400,351,0,8,26.28061196566881,5.4535000017494895,2386.231600001338,7811.222222222223
1782358771,2,,Aggregated,0.500000,0.000000,8,14,21,23,25,33,39,50,2400,2400,2400,351,0,8,26.28061196566881,5.4535000017494895,2386.231600001338,7811.222222222223
1782358772,2,,Aggregated,0.500000,0.000000,8,14,21,23,25,33,39,50,2400,2400,2400,351,0,8,26.28061196566881,5.4535000017494895,2386.231600001338,7811.222222222223
1782358773,2,,Aggregated,0.500000,0.000000,8,14,21,23,25,33,39,50,2400,2400,2400,352,0,8,26.232305965777414,5.4535000017494895,2386.231600001338,7803.482954545455
1782358774,2,,Aggregated,0.500000,0.000000,8,14,21,23,25,33,39,50,2400,2400,2400,353,0,8,26.177762889372687,5.4535000017494895,2386.231600001338,7797.991501416431
1782358775,2,,Aggregated,0.500000,0.000000,8,14,21,23,25,33,39,50,2400,2400,2400,353,0,8,26.177762889372687,5.4535000017494895,2386.231600001338,7797.991501416431
1782358776,2,,Aggregated,0.600000,0.000000,8,14,21,23,25,33,39,50,2400,2400,2400,354,0,8,26.16782429363591,5.4535000017494895,2386.231600001338,7805.6214689265535
1782358777,2,,Aggregated,0.600000,0.000000,8,14,21,23,25,33,39,50,2400,2400,2400,355,0,8,26.117702816759767,5.4535000017494895,2386.231600001338,7797.96338028169
1782358778,2,,Aggregated,0.600000,0.000000,8,14,21,23,25,33,39,50,2400,2400,2400,355,0,8,26.117702816759767,5.4535000017494895,2386.231600001338,7797.96338028169
1782358779,2,,Aggregated,0.700000,0.000000,8,14,21,23,25,33,39,50,2400,2400,2400,356,0,8,26.079942134682813,5.4535000017494895,2386.231600001338,7805.550561797752
1782358780,2,,Aggregated,0.600000,0.000000,8,14,21,23,25,33,39,50,2400,2400,2400,357,0,8,26.022501120296358,5.4535000017494895,2386.231600001338,7800.114845938376
1782358781,2,,Aggregated,0.600000,0.000000,8,14,21,23,25,33,39,50,2400,2400,2400,357,0,8,26.022501120296358,5.4535000017494895,2386.231600001338,7800.114845938376
1782358782,2,,Aggregated,0.600000,0.000000,8,14,21,23,25,33,39,50,2400,2400,2400,357,0,8,26.022501120296358,5.4535000017494895,2386.231600001338,7800.114845938376
1782358783,2,,Aggregated,0.600000,0.000000,8,14,21,23,25,33,39,50,2400,2400,2400,358,0,8,25.96772709481666,5.4535000017494895,2386.231600001338,7794.709497206704
1782358784,2,,Aggregated,0.600000,0.000000,8,14,21,23,25,33,39,50,2400,2400,2400,359,0,8,25.912365180889047,5.4535000017494895,2386.231600001338,7789.33426183844
1782358785,2,,Aggregated,0.600000,0.000000,8,14,21,23,25,33,39,50,2400,2400,2400,359,0,8,25.912365180889047,5.4535000017494895,2386.231600001338,7789.33426183844
1782358786,2,,Aggregated,0.600000,0.000000,8,14,21,23,25,33,39,50,2400,2400,2400,359,0,8,25.912365180889047,5.4535000017494895,2386.231600001338,7789.33426183844
1782358787,2,,Aggregated,0.600000,0.000000,8,14,21,23,25,33,39,50,2400,2400,2400,361,0,8,25.87458144028402,5.4535000017494895,2386.231600001338,7804.3462603878115
1782358788,2,,Aggregated,0.600000,0.000000,8,14,21,23,25,33,39,50,2400,2400,2400,361,0,8,25.87458144028402,5.4535000017494895,2386.231600001338,7804.3462603878115
1782358789,2,,Aggregated,0.500000,0.000000,8,14,21,23,25,33,39,50,2400,2400,2400,362,0,8,25.81880607719656,5.4535000017494895,2386.231600001338,7798.9889502762435
1782358790,2,,Aggregated,0.500000,0.000000,8,14,21,23,25,33,39,50,2400,2400,2400,362,0,8,25.81880607719656,5.4535000017494895,2386.231600001338,7798.9889502762435
1782358791,2,,Aggregated,0.600000,0.000000,8,14,21,23,25,33,39,50,2400,2400,2400,363,0,8,25.80674600535067,5.4535000017494895,2386.231600001338,7806.426997245179
1782358792,2,,Aggregated,0.600000,0.000000,8,14,21,23,25,33,39,50,2400,2400,2400,364,0,8,25.75178626358428,5.4535000017494895,2386.231600001338,7801.093406593406
1782358793,2,,Aggregated,0.600000,0.000000,8,14,21,23,25,33,39,50,2400,2400,2400,364,0,8,25.75178626358428,5.4535000017494895,2386.231600001338,7801.093406593406
1782358794,2,,Aggregated,0.600000,0.000000,8,14,21,23,25,33,39,50,2400,2400,2400,365,0,8,25.731547397110063,5.4535000017494895,2386.231600001338,7808.4849315068495
1782358795,2,,Aggregated,0.600000,0.000000,8,14,21,23,25,33,39,50,2400,2400,2400,365,0,8,25.731547397110063,5.4535000017494895,2386.231600001338,7808.4849315068495
1782358796,2,,Aggregated,0.600000,0.000000,8,14,21,23,25,33,39,50,2400,2400,2400,365,0,8,25.731547397110063,5.4535000017494895,2386.231600001338,7808.4849315068495
1782358797,2,,Aggregated,0.600000,0.000000,8,14,21,23,25,33,39,50,2400,2400,2400,367,0,8,25.629982016194766,5.4535000017494895,2386.231600001338,7795.773841961853
1782358798,2,,Aggregated,0.600000,0.000000,8,14,21,23,25,33,39,50,2400,2400,2400,367,0,8,25.629982016194766,5.4535000017494895,2386.231600001338,7795.773841961853
1782358799,2,,Aggregated,0.600000,0.000000,8,14,21,23,25,33,39,50,2400,2400,2400,367,0,8,25.629982016194766,5.4535000017494895,2386.231600001338,7795.773841961853
1782358800,2,,Aggregated,0.500000,0.000000,8,14,21,23,25,33,39,50,2400,2400,2400,368,0,8,25.576724184623384,5.4535000017494895,2386.231600001338,7790.527173913043
1782358801,2,,Aggregated,0.600000,0.000000,8,14,21,23,25,33,39,50,2400,2400,2400,369,0,8,25.5259520323642,5.4535000017494895,2386.231600001338,7785.308943089431
1782358802,2,,Aggregated,0.600000,0.000000,8,14,21,23,25,33,39,50,2400,2400,2400,369,0,8,25.5259520323642,5.4535000017494895,2386.231600001338,7785.308943089431
1782358803,2,,Aggregated,0.600000,0.000000,8,14,21,23,25,33,39,50,2400,2400,2400,370,0,8,25.480554864711973,5.4535000017494895,2386.231600001338,7780.118918918919
1782358804,2,,Aggregated,0.600000,0.000000,8,14,21,23,25,33,39,50,2400,2400,2400,370,0,8,25.480554864711973,5.4535000017494895,2386.231600001338,7780.118918918919
1782358805,2,,Aggregated,0.600000,0.000000,8,14,21,23,25,33,39,50,2400,2400,2400,370,0,8,25.480554864711973,5.4535000017494895,2386.231600001338,7780.118918918919
1782358806,2,,Aggregated,0.600000,0.000000,8,14,21,23,25,33,39,50,2400,2400,2400,372,0,8,25.382366666509437,5.4535000017494895,2386.231600001338,7769.822580645161
1782358807,2,,Aggregated,0.600000,0.000000,8,14,21,23,25,33,39,50,2400,2400,2400,372,0,8,25.382366666509437,5.4535000017494895,2386.231600001338,7769.822580645161
1782358808,2,,Aggregated,0.600000,0.000000,8,14,21,23,25,33,39,50,2400,2400,2400,372,0,8,25.382366666509437,5.4535000017494895,2386.231600001338,7769.822580645161
1782358809,2,,Aggregated,0.600000,0.000000,8,14,21,23,25,33,39,50,2400,2400,2400,372,0,8,25.382366666509437,5.4535000017494895,2386.231600001338,7769.822580645161
1782358810,2,,Aggregated,0.500000,0.000000,8,14,21,23,25,33,39,50,2400,2400,2400,373,0,8,25.3295906164645,5.4535000017494895,2386.231600001338,7764.71581769437
1782358811,2,,Aggregated,0.500000,0.000000,8,14,21,23,25,33,39,50,2400,2400,2400,374,0,8,25.28234679128335,5.4535000017494895,2386.231600001338,7759.636363636364
1782358812,2,,Aggregated,0.500000,0.000000,8,14,21,23,25,33,39,50,2400,2400,2400,374,0,8,25.28234679128335,5.4535000017494895,2386.231600001338,7759.636363636364
1782358813,2,,Aggregated,0.500000,0.000000,8,14,21,23,25,33,39,50,2400,2400,2400,374,0,8,25.28234679128335,5.4535000017494895,2386.231600001338,7759.636363636364
1782358814,2,,Aggregated,0.500000,0.000000,8,14,21,23,25,33,39,50,2400,2400,2400,375,0,8,25.23158266651444,5.4535000017494895,2386.231600001338,7754.584
1782358815,2,,Aggregated,0.500000,0.000000,8,14,21,23,25,33,39,50,2400,2400,2400,376,0,8,25.18167473389188,5.4535000017494895,2386.231600001338,7747.489361702128
1782358816,2,,Aggregated,0.500000,0.000000,8,14,21,23,25,33,39,50,2400,2400,2400,376,0,8,25.18167473389188,5.4535000017494895,2386.231600001338,7747.489361702128
1782358817,2,,Aggregated,0.500000,0.000000,8,13,21,23,25,33,39,50,2400,2400,2400,377,0,8,25.13160742690002,5.4535000017494895,2386.231600001338,7740.432360742706
1782358818,2,,Aggregated,0.500000,0.000000,8,13,21,23,25,33,39,50,2400,2400,2400,377,0,8,25.13160742690002,5.4535000017494895,2386.231600001338,7740.432360742706
1782358819,2,,Aggregated,0.400000,0.000000,8,13,21,23,25,33,39,50,2400,2400,2400,379,0,8,25.03517651699694,5.4535000017494895,2386.231600001338,7730.53562005277
1782358820,2,,Aggregated,0.400000,0.000000,8,13,21,23,25,33,39,50,2400,2400,2400,379,0,8,25.03517651699694,5.4535000017494895,2386.231600001338,7730.53562005277
1782358821,2,,Aggregated,0.500000,0.000000,8,13,21,23,25,33,39,50,2400,2400,2400,380,0,8,25.028533947203726,5.4535000017494895,2386.231600001338,7737.821052631579
1782358822,2,,Aggregated,0.500000,0.000000,8,13,21,23,25,33,39,50,2400,2400,2400,380,0,8,25.028533947203726,5.4535000017494895,2386.231600001338,7737.821052631579
1782358823,2,,Aggregated,0.500000,0.000000,8,13,21,23,25,33,39,50,2400,2400,2400,381,0,8,24.997653543146747,5.4535000017494895,2386.231600001338,7745.068241469817
1782358824,2,,Aggregated,0.600000,0.000000,8,13,21,23,25,33,39,50,2400,2400,2400,382,0,8,24.9493345548155,5.4535000017494895,2386.231600001338,7740.146596858639
1782358825,2,,Aggregated,0.600000,0.000000,8,13,21,23,25,33,39,50,2400,2400,2400,383,0,8,24.919600260940044,5.4535000017494895,2386.231600001338,7747.3498694516975
1782358826,2,,Aggregated,0.600000,0.000000,8,13,21,23,25,33,39,50,2400,2400,2400,383,0,8,24.919600260940044,5.4535000017494895,2386.231600001338,7747.3498694516975
1782358827,2,,Aggregated,0.600000,0.000000,8,13,21,23,25,33,39,50,2400,2400,2400,383,0,8,24.919600260940044,5.4535000017494895,2386.231600001338,7747.3498694516975
1782358828,2,,Aggregated,0.700000,0.000000,8,13,21,23,25,33,39,50,2400,2400,2400,384,0,8,24.873233333172113,5.4535000017494895,2386.231600001338,7740.421875
1782358829,2,,Aggregated,0.700000,0.000000,8,13,21,23,25,33,39,50,2400,2400,2400,384,0,8,24.873233333172113,5.4535000017494895,2386.231600001338,7740.421875
1782358830,2,,Aggregated,0.600000,0.000000,8,14,21,23,25,33,39,50,2400,2400,2400,385,0,8,24.865405194634455,5.4535000017494895,2386.231600001338,7747.587012987013
1782358831,2,,Aggregated,0.600000,0.000000,8,14,21,23,25,33,39,50,2400,2400,2400,385,0,8,24.865405194634455,5.4535000017494895,2386.231600001338,7747.587012987013
1782358832,2,,Aggregated,0.500000,0.000000,8,13,21,23,25,33,39,50,2400,2400,2400,386,0,8,24.820307253707934,5.4535000017494895,2386.231600001338,7742.709844559586
1782358833,2,,Aggregated,0.600000,0.000000,8,13,21,23,25,33,39,50,2400,2400,2400,387,0,8,24.77210542618087,5.4535000017494895,2386.231600001338,7737.857881136951
1782358834,2,,Aggregated,0.600000,0.000000,8,13,21,23,25,33,39,50,2400,2400,2400,387,0,8,24.77210542618087,5.4535000017494895,2386.231600001338,7737.857881136951
1782358835,2,,Aggregated,0.600000,0.000000,8,14,21,23,25,33,39,50,2400,2400,2400,388,0,8,24.762602061677285,5.4535000017494895,2386.231600001338,7744.974226804124
1782358836,2,,Aggregated,0.600000,0.000000,8,14,21,23,25,33,39,50,2400,2400,2400,388,0,8,24.762602061677285,5.4535000017494895,2386.231600001338,7744.974226804124
1782358837,2,,Aggregated,0.500000,0.000000,8,14,21,23,25,33,39,50,2400,2400,2400,389,0,8,24.794417480538016,5.4535000017494895,2386.231600001338,7752.053984575836
1782358838,2,,Aggregated,0.500000,0.000000,8,14,21,23,25,33,39,50,2400,2400,2400,389,0,8,24.794417480538016,5.4535000017494895,2386.231600001338,7752.053984575836
1782358839,2,,Aggregated,0.500000,0.000000,8,14,21,23,25,33,39,50,2400,2400,2400,391,0,8,24.775064705703272,5.4535000017494895,2386.231600001338,7754.253196930947
1782358840,2,,Aggregated,0.500000,0.000000,8,14,21,23,25,33,39,50,2400,2400,2400,391,0,8,24.775064705703272,5.4535000017494895,2386.231600001338,7754.253196930947
1782358841,2,,Aggregated,0.500000,0.000000,8,14,21,23,25,33,39,50,2400,2400,2400,392,0,8,24.744845152893003,5.4535000017494895,2386.231600001338,7761.255102040816
1782358843,2,,Aggregated,0.500000,0.000000,8,14,21,23,25,33,39,50,2400,2400,2400,392,0,8,24.744845152893003,5.4535000017494895,2386.231600001338,7761.255102040816
1782358844,2,,Aggregated,0.600000,0.000000,8,14,21,23,25,33,39,50,2400,2400,2400,393,0,8,24.699357251734288,5.4535000017494895,2386.231600001338,7754.4503816793895
1782358845,2,,Aggregated,0.600000,0.000000,8,14,21,23,25,33,39,50,2400,2400,2400,393,0,8,24.699357251734288,5.4535000017494895,2386.231600001338,7754.4503816793895
1782358846,2,,Aggregated,0.600000,0.000000,8,14,21,23,25,33,39,50,2400,2400,2400,395,0,8,24.65186607576332,5.4535000017494895,2386.231600001338,7754.645569620253
1782358847,2,,Aggregated,0.600000,0.000000,8,14,21,23,25,33,39,50,2400,2400,2400,395,0,8,24.65186607576332,5.4535000017494895,2386.231600001338,7754.645569620253
1782358848,2,,Aggregated,0.600000,0.000000,8,14,21,23,25,33,39,50,2400,2400,2400,395,0,8,24.65186607576332,5.4535000017494895,2386.231600001338,7754.645569620253
1782358849,2,,Aggregated,0.700000,0.000000,8,14,21,23,25,33,39,50,2400,2400,2400,397,0,8,24.644730982188282,5.4535000017494895,2386.231600001338,7768.471032745592
1782358850,2,,Aggregated,0.700000,0.000000,8,14,21,23,25,33,39,50,2400,2400,2400,397,0,8,24.644730982188282,5.4535000017494895,2386.231600001338,7768.471032745592
1782358851,2,,Aggregated,0.700000,0.000000,8,14,21,23,25,33,39,50,2400,2400,2400,397,0,8,24.644730982188282,5.4535000017494895,2386.231600001338,7768.471032745592
1782358852,2,,Aggregated,0.800000,0.000000,8,14,21,23,25,33,39,50,2400,2400,2400,399,0,8,24.60369649105402,5.4535000017494895,2386.231600001338,7782.1578947368425
1782358853,2,,Aggregated,0.800000,0.000000,8,14,21,23,25,33,39,50,2400,2400,2400,399,0,8,24.60369649105402,5.4535000017494895,2386.231600001338,7782.1578947368425
1782358854,2,,Aggregated,0.800000,0.000000,8,14,21,23,25,33,39,50,2400,2400,2400,399,0,8,24.60369649105402,5.4535000017494895,2386.231600001338,7782.1578947368425
1782358855,2,,Aggregated,0.700000,0.000000,8,14,21,23,25,33,39,50,2400,2400,2400,400,0,8,24.557572999838158,5.4535000017494895,2386.231600001338,7775.42
1782358856,2,,Aggregated,0.700000,0.000000,8,14,21,23,25,33,38,49,2400,2400,2400,401,0,8,24.51368603474554,5.4535000017494895,2386.231600001338,7770.655860349128
1782358857,2,,Aggregated,0.700000,0.000000,8,14,21,23,25,33,38,49,2400,2400,2400,401,0,8,24.51368603474554,5.4535000017494895,2386.231600001338,7770.655860349128
1782358858,2,,Aggregated,0.700000,0.000000,8,14,21,23,25,33,38,49,2400,2400,2400,402,0,8,24.466767910273834,5.4535000017494895,2386.231600001338,7765.915422885572
1782358859,2,,Aggregated,0.700000,0.000000,8,14,21,23,25,33,38,49,2400,2400,2400,402,0,8,24.466767910273834,5.4535000017494895,2386.231600001338,7765.915422885572
1782358860,2,,Aggregated,0.600000,0.000000,8,14,21,23,25,33,38,49,2400,2400,2400,403,0,8,24.423165756648796,5.4535000017494895,2386.231600001338,7761.198511166253
1782358861,2,,Aggregated,0.700000,0.000000,8,14,21,23,25,33,38,49,2400,2400,2400,404,0,8,24.424527227550936,5.4535000017494895,2386.231600001338,7767.975247524752
1782358862,2,,Aggregated,0.700000,0.000000,8,14,21,23,25,33,38,49,2400,2400,2400,404,0,8,24.424527227550936,5.4535000017494895,2386.231600001338,7767.975247524752
1782358863,2,,Aggregated,0.600000,0.000000,8,14,21,23,25,33,38,49,2400,2400,2400,405,0,8,24.381640987480807,5.4535000017494895,2386.231600001338,7763.276543209877
1782358864,2,,Aggregated,0.600000,0.000000,8,14,21,23,25,33,38,49,2400,2400,2400,405,0,8,24.381640987480807,5.4535000017494895,2386.231600001338,7763.276543209877
1782358865,2,,Aggregated,0.600000,0.000000,8,14,21,23,25,33,38,49,2400,2400,2400,406,0,8,24.339117487516024,5.4535000017494895,2386.231600001338,7756.68472906404
1782358866,2,,Aggregated,0.600000,0.000000,8,14,21,23,25,33,38,49,2400,2400,2400,407,0,8,24.29502284995518,5.4535000017494895,2386.231600001338,7752.036855036855
1782358867,2,,Aggregated,0.600000,0.000000,8,14,21,23,25,33,38,49,2400,2400,2400,407,0,8,24.29502284995518,5.4535000017494895,2386.231600001338,7752.036855036855
1782358868,2,,Aggregated,0.600000,0.000000,8,14,21,23,25,33,38,49,2400,2400,2400,407,0,8,24.29502284995518,5.4535000017494895,2386.231600001338,7752.036855036855
1782358869,2,,Aggregated,0.600000,0.000000,8,14,21,23,25,33,38,49,2400,2400,2400,408,0,8,24.29408063708965,5.4535000017494895,2386.231600001338,7758.769607843137
1782358870,2,,Aggregated,0.600000,0.000000,8,14,21,23,25,33,38,49,2400,2400,2400,409,0,8,24.248944254126542,5.4535000017494895,2386.231600001338,7754.139364303179
1782358871,2,,Aggregated,0.600000,0.000000,8,14,21,23,25,33,38,49,2400,2400,2400,409,0,8,24.248944254126542,5.4535000017494895,2386.231600001338,7754.139364303179
1782358872,2,,Aggregated,0.600000,0.000000,8,14,21,23,25,33,38,49,2400,2400,2400,409,0,8,24.248944254126542,5.4535000017494895,2386.231600001338,7754.139364303179
1782358873,2,,Aggregated,0.600000,0.000000,8,14,21,23,25,33,38,49,2400,2400,2400,409,0,8,24.248944254126542,5.4535000017494895,2386.231600001338,7754.139364303179
1782358874,2,,Aggregated,0.500000,0.000000,8,14,21,23,25,33,38,49,2400,2400,2400,410,0,8,24.246529024236313,5.4535000017494895,2386.231600001338,7760.834146341464
1782358875,2,,Aggregated,0.500000,0.000000,8,14,21,23,25,33,38,49,2400,2400,2400,411,0,8,24.203593430487174,5.4535000017494895,2386.231600001338,7756.221411192214
1782358876,2,,Aggregated,0.500000,0.000000,8,14,21,23,25,33,38,49,2400,2400,2400,412,0,8,24.178822815354103,5.4535000017494895,2386.231600001338,7762.878640776699
1782358877,2,,Aggregated,0.500000,0.000000,8,14,21,23,25,33,38,49,2400,2400,2400,413,0,8,24.136253026445576,5.4535000017494895,2386.231600001338,7758.283292978208
1782358878,2,,Aggregated,0.500000,0.000000,8,14,21,23,25,33,38,49,2400,2400,2400,413,0,8,24.136253026445576,5.4535000017494895,2386.231600001338,7758.283292978208
1782358879,2,,Aggregated,0.400000,0.000000,8,14,21,23,25,33,38,49,2400,2400,2400,414,0,8,24.094995410437612,5.4535000017494895,2386.231600001338,7753.710144927536
1782358880,2,,Aggregated,0.600000,0.000000,8,14,21,23,25,33,38,49,2400,2400,2400,415,0,8,24.05284481908192,5.4535000017494895,2386.231600001338,7749.159036144579
1782358881,2,,Aggregated,0.600000,0.000000,8,14,21,23,25,33,38,49,2400,2400,2400,415,0,8,24.05284481908192,5.4535000017494895,2386.231600001338,7749.159036144579
1782358882,2,,Aggregated,0.600000,0.000000,8,14,21,23,25,33,38,49,2400,2400,2400,415,0,8,24.05284481908192,5.4535000017494895,2386.231600001338,7749.159036144579
1782358883,2,,Aggregated,0.600000,0.000000,8,14,21,23,25,33,38,49,2400,2400,2400,416,0,8,24.011014182493593,5.4535000017494895,2386.231600001338,7744.629807692308
1782358884,2,,Aggregated,0.600000,0.000000,8,14,21,23,25,33,38,49,2400,2400,2400,417,0,8,24.03396834513327,5.4535000017494895,2386.231600001338,7751.235011990408
1782358885,2,,Aggregated,0.600000,0.000000,8,14,21,23,25,33,38,49,2400,2400,2400,417,0,8,24.03396834513327,5.4535000017494895,2386.231600001338,7751.235011990408
1782358886,2,,Aggregated,0.700000,0.000000,8,14,21,23,25,33,38,49,2400,2400,2400,418,0,8,24.01073062181797,5.4535000017494895,2386.231600001338,7757.808612440192
1782358887,2,,Aggregated,0.700000,0.000000,8,14,21,23,25,33,38,49,2400,2400,2400,418,0,8,24.01073062181797,5.4535000017494895,2386.231600001338,7757.808612440192
1782358888,2,,Aggregated,0.600000,0.000000,8,14,21,23,25,33,38,49,2400,2400,2400,419,0,8,23.970183293366535,5.4535000017494895,2386.231600001338,7751.434367541766
1782358889,2,,Aggregated,0.600000,0.000000,8,14,21,23,25,33,38,49,2400,2400,2400,419,0,8,23.970183293366535,5.4535000017494895,2386.231600001338,7751.434367541766
1782358890,2,,Aggregated,0.500000,0.000000,8,14,21,23,25,33,39,49,2400,2400,2400,420,0,8,24.00589261886212,5.4535000017494895,2386.231600001338,7757.976190476191
1782358891,2,,Aggregated,0.500000,0.000000,8,14,21,23,25,33,39,49,2400,2400,2400,421,0,8,23.96672446538712,5.4535000017494895,2386.231600001338,7751.631828978622
1782358892,2,,Aggregated,0.500000,0.000000,8,14,21,23,25,33,39,49,2400,2400,2400,422,0,8,23.928800710736663,5.4535000017494895,2386.231600001338,7747.1611374407585
1782358893,2,,Aggregated,0.500000,0.000000,8,14,21,23,25,33,39,49,2400,2400,2400,422,0,8,23.928800710736663,5.4535000017494895,2386.231600001338,7747.1611374407585
1782358894,2,,Aggregated,0.500000,0.000000,8,14,21,23,25,33,39,49,2400,2400,2400,422,0,8,23.928800710736663,5.4535000017494895,2386.231600001338,7747.1611374407585
1782358895,2,,Aggregated,0.500000,0.000000,8,14,21,23,25,33,39,49,2400,2400,2400,422,0,8,23.928800710736663,5.4535000017494895,2386.231600001338,7747.1611374407585
1782358896,2,,Aggregated,0.600000,0.000000,8,14,21,23,25,33,39,49,2400,2400,2400,424,0,8,23.9109433960725,5.4535000017494895,2386.231600001338,7749.212264150943
1782358897,2,,Aggregated,0.600000,0.000000,8,14,21,23,25,33,39,49,2400,2400,2400,424,0,8,23.9109433960725,5.4535000017494895,2386.231600001338,7749.212264150943
1782358898,2,,Aggregated,0.600000,0.000000,8,14,21,23,25,33,39,49,2400,2400,2400,424,0,8,23.9109433960725,5.4535000017494895,2386.231600001338,7749.212264150943
1782358899,2,,Aggregated,0.600000,0.000000,8,14,21,23,25,33,39,49,2400,2400,2400,426,0,8,23.86304694821565,5.4535000017494895,2386.231600001338,7762.1220657277
1782358900,2,,Aggregated,0.600000,0.000000,8,14,21,23,25,33,39,49,2400,2400,2400,426,0,8,23.86304694821565,5.4535000017494895,2386.231600001338,7762.1220657277
1782358901,2,,Aggregated,0.600000,0.000000,8,14,21,23,25,33,39,49,2400,2400,2400,426,0,8,23.86304694821565,5.4535000017494895,2386.231600001338,7762.1220657277
1782358902,2,,Aggregated,0.600000,0.000000,8,14,21,23,25,33,39,49,2400,2400,2400,427,0,8,23.859279390955585,5.4535000017494895,2386.231600001338,7768.531615925059
1782358903,2,,Aggregated,0.600000,0.000000,8,14,21,23,25,33,39,49,2400,2400,2400,428,0,8,23.835787383032876,5.4535000017494895,2386.231600001338,7774.911214953271
1782358904,2,,Aggregated,0.600000,0.000000,8,14,21,23,25,33,39,49,2400,2400,2400,428,0,8,23.835787383032876,5.4535000017494895,2386.231600001338,7774.911214953271
1782358905,2,,Aggregated,0.500000,0.000000,8,14,21,23,25,33,39,49,2400,2400,2400,429,0,8,23.79615081569909,5.4535000017494895,2386.231600001338,7768.645687645688
1782358906,2,,Aggregated,0.500000,0.000000,8,14,21,23,25,33,39,49,2400,2400,2400,430,0,8,23.805961162640394,5.4535000017494895,2386.231600001338,7774.995348837209
1782358907,2,,Aggregated,0.600000,0.000000,8,14,21,23,25,33,39,49,2400,2400,2400,431,0,8,23.768731322355045,5.4535000017494895,2386.231600001338,7768.758700696056
1782358908,2,,Aggregated,0.600000,0.000000,8,14,21,23,25,33,39,49,2400,2400,2400,431,0,8,23.768731322355045,5.4535000017494895,2386.231600001338,7768.758700696056
1782358909,2,,Aggregated,0.600000,0.000000,8,14,21,23,25,33,39,49,2400,2400,2400,431,0,8,23.768731322355045,5.4535000017494895,2386.231600001338,7768.758700696056
1782358910,2,,Aggregated,0.600000,0.000000,8,14,21,23,25,33,39,49,2400,2400,2400,431,0,8,23.768731322355045,5.4535000017494895,2386.231600001338,7768.758700696056
1782358911,2,,Aggregated,0.700000,0.000000,8,14,21,23,25,33,39,49,2400,2400,2400,433,0,8,23.693236258526454,5.4535000017494895,2386.231600001338,7758.168591224018
1782358912,2,,Aggregated,0.700000,0.000000,8,14,21,23,25,33,39,49,2400,2400,2400,433,0,8,23.693236258526454,5.4535000017494895,2386.231600001338,7758.168591224018
1782358913,2,,Aggregated,0.700000,0.000000,8,14,21,23,25,33,39,49,2400,2400,2400,433,0,8,23.693236258526454,5.4535000017494895,2386.231600001338,7758.168591224018
1782358914,2,,Aggregated,0.700000,0.000000,8,14,21,23,25,33,39,49,2400,2400,2400,434,0,8,23.71144354824097,5.4535000017494895,2386.231600001338,7764.4838709677415
1782358915,2,,Aggregated,0.600000,0.000000,8,14,21,23,25,33,39,49,2400,2400,2400,435,0,8,23.672087356179215,5.4535000017494895,2386.231600001338,7760.11724137931
1782358916,2,,Aggregated,0.600000,0.000000,8,14,21,23,25,33,39,49,2400,2400,2400,435,0,8,23.672087356179215,5.4535000017494895,2386.231600001338,7760.11724137931
1782358917,2,,Aggregated,0.600000,0.000000,8,14,21,23,25,33,39,49,2400,2400,2400,436,0,8,23.63236376132849,5.4535000017494895,2386.231600001338,7753.98623853211
1782358918,2,,Aggregated,0.600000,0.000000,8,14,21,23,25,33,39,49,2400,2400,2400,436,0,8,23.63236376132849,5.4535000017494895,2386.231600001338,7753.98623853211
1782358919,2,,Aggregated,0.600000,0.000000,8,14,21,23,25,33,39,49,2400,2400,2400,436,0,8,23.63236376132849,5.4535000017494895,2386.231600001338,7753.98623853211
1782358920,2,,Aggregated,0.500000,0.000000,8,14,21,23,25,33,39,49,2400,2400,2400,438,0,8,23.560023059244944,5.4535000017494895,2386.231600001338,7745.3607305936075
1782358921,2,,Aggregated,0.500000,0.000000,8,14,21,23,25,33,39,49,2400,2400,2400,438,0,8,23.560023059244944,5.4535000017494895,2386.231600001338,7745.3607305936075
1782358922,2,,Aggregated,0.500000,0.000000,8,14,21,23,25,33,39,49,2400,2400,2400,439,0,8,23.52475649190938,5.4535000017494895,2386.231600001338,7739.305239179955
1782358923,2,,Aggregated,0.500000,0.000000,8,14,21,23,25,33,39,49,2400,2400,2400,439,0,8,23.52475649190938,5.4535000017494895,2386.231600001338,7739.305239179955
1782358924,2,,Aggregated,0.500000,0.000000,8,14,21,23,25,33,39,49,2400,2400,2400,440,0,8,23.488907045347414,5.4535000017494895,2386.231600001338,7735.045454545455
1782358925,2,,Aggregated,0.600000,0.000000,8,14,21,23,25,33,39,49,2400,2400,2400,441,0,8,23.488307709646882,5.4535000017494895,2386.231600001338,7741.312925170068
1782358926,2,,Aggregated,0.600000,0.000000,8,14,21,23,25,33,39,49,2400,2400,2400,441,0,8,23.488307709646882,5.4535000017494895,2386.231600001338,7741.312925170068
1782358927,2,,Aggregated,0.600000,0.000000,8,14,21,23,25,33,39,49,2400,2400,2400,441,0,8,23.488307709646882,5.4535000017494895,2386.231600001338,7741.312925170068
1782358928,2,,Aggregated,0.600000,0.000000,8,14,21,23,25,33,39,49,2400,2400,2400,442,0,8,23.464625339271745,5.4535000017494895,2386.231600001338,7747.552036199095
1782358929,2,,Aggregated,0.600000,0.000000,8,14,21,23,25,33,39,49,2400,2400,2400,443,0,8,23.438432957004345,5.4535000017494895,2386.231600001338,7753.762979683973
1782358930,2,,Aggregated,0.600000,0.000000,8,14,21,23,25,33,39,49,2400,2400,2400,443,0,8,23.438432957004345,5.4535000017494895,2386.231600001338,7753.762979683973
1782358931,2,,Aggregated,0.600000,0.000000,8,14,21,23,25,33,39,49,2400,2400,2400,444,0,8,23.43548851340447,5.4535000017494895,2386.231600001338,7759.945945945946
1782358932,2,,Aggregated,0.600000,0.000000,8,14,21,23,25,33,39,49,2400,2400,2400,444,0,8,23.43548851340447,5.4535000017494895,2386.231600001338,7759.945945945946
1782358933,2,,Aggregated,0.600000,0.000000,8,14,21,23,25,33,39,49,2400,2400,2400,444,0,8,23.43548851340447,5.4535000017494895,2386.231600001338,7759.945945945946
1782358934,2,,Aggregated,0.500000,0.000000,8,14,21,23,25,33,39,49,2400,2400,2400,445,0,8,23.39745775269661,5.4535000017494895,2386.231600001338,7755.687640449438
1782358935,2,,Aggregated,0.500000,0.000000,8,14,21,23,25,33,39,49,2400,2400,2400,446,0,8,23.4220233182753,5.4535000017494895,2386.231600001338,7761.838565022422
1782358936,2,,Aggregated,0.500000,0.000000,8,14,21,23,25,33,39,49,2400,2400,2400,446,0,8,23.4220233182753,5.4535000017494895,2386.231600001338,7761.838565022422
1782358937,2,,Aggregated,0.500000,0.000000,8,14,21,23,25,33,39,49,2400,2400,2400,446,0,8,23.4220233182753,5.4535000017494895,2386.231600001338,7761.838565022422
1782358938,2,,Aggregated,0.500000,0.000000,8,14,21,23,25,33,39,49,2400,2400,2400,447,0,8,23.386910067002265,5.4535000017494895,2386.231600001338,7757.595078299776
1782358939,2,,Aggregated,0.500000,0.000000,8,14,21,23,25,33,39,49,2400,2400,2400,448,0,8,23.349360714178147,5.4535000017494895,2386.231600001338,7751.633928571428
1782358940,2,,Aggregated,0.500000,0.000000,8,14,21,23,25,33,39,49,2400,2400,2400,448,0,8,23.349360714178147,5.4535000017494895,2386.231600001338,7751.633928571428
1782358941,2,,Aggregated,0.500000,0.000000,8,14,21,23,25,33,39,49,2400,2400,2400,448,0,8,23.349360714178147,5.4535000017494895,2386.231600001338,7751.633928571428
1782358942,2,,Aggregated,0.500000,0.000000,8,14,21,23,25,33,39,49,2400,2400,2400,449,0,8,23.312018039978042,5.4535000017494895,2386.231600001338,7747.432071269488
1782358943,2,,Aggregated,0.500000,0.000000,8,14,21,23,25,33,39,49,2400,2400,2400,450,0,8,23.31351222211702,5.4535000017494895,2386.231600001338,7753.546666666667
1782358944,2,,Aggregated,0.500000,0.000000,8,14,21,23,25,33,39,49,2400,2400,2400,450,0,8,23.31351222211702,5.4535000017494895,2386.231600001338,7753.546666666667
1782358945,2,,Aggregated,0.500000,0.000000,8,14,21,23,25,33,39,49,2400,2400,2400,450,0,8,23.31351222211702,5.4535000017494895,2386.231600001338,7753.546666666667
1782358946,2,,Aggregated,0.600000,0.000000,8,14,21,23,25,33,38,49,2400,2400,2400,451,0,8,23.27842150765529,5.4535000017494895,2386.231600001338,7749.359201773836
1782358947,2,,Aggregated,0.400000,0.000000,8,14,21,23,25,33,38,49,2400,2400,2400,452,0,8,23.28231814148384,5.4535000017494895,2386.231600001338,7755.442477876106
1782358948,2,,Aggregated,0.400000,0.000000,8,14,21,23,25,33,38,49,2400,2400,2400,452,0,8,23.28231814148384,5.4535000017494895,2386.231600001338,7755.442477876106
1782358949,2,,Aggregated,0.400000,0.000000,8,14,21,23,25,33,38,49,2400,2400,2400,452,0,8,23.28231814148384,5.4535000017494895,2386.231600001338,7755.442477876106
1782358950,2,,Aggregated,0.600000,0.000000,8,14,21,23,25,33,38,49,2400,2400,2400,454,0,8,23.227791629821017,5.4535000017494895,2386.231600001338,7767.528634361233
1782358951,2,,Aggregated,0.600000,0.000000,8,14,21,23,25,33,38,49,2400,2400,2400,454,0,8,23.227791629821017,5.4535000017494895,2386.231600001338,7767.528634361233
1782358952,2,,Aggregated,0.600000,0.000000,8,14,21,23,25,33,38,49,2400,2400,2400,454,0,8,23.227791629821017,5.4535000017494895,2386.231600001338,7767.528634361233
1782358953,2,,Aggregated,0.600000,0.000000,8,14,21,23,25,33,38,49,2400,2400,2400,454,0,8,23.227791629821017,5.4535000017494895,2386.231600001338,7767.528634361233
1782358954,2,,Aggregated,0.600000,0.000000,8,14,21,23,25,33,38,49,2400,2400,2400,455,0,8,23.224312527336124,5.4535000017494895,2386.231600001338,7773.531868131869
1782358955,2,,Aggregated,0.400000,0.000000,8,14,21,23,25,33,38,49,2400,2400,2400,456,0,8,23.18683552616756,5.4535000017494895,2386.231600001338,7769.346491228071
1782358956,2,,Aggregated,0.400000,0.000000,8,14,21,23,25,33,38,49,2400,2400,2400,456,0,8,23.18683552616756,5.4535000017494895,2386.231600001338,7769.346491228071
1782358957,2,,Aggregated,0.400000,0.000000,8,14,21,23,25,33,38,49,2400,2400,2400,456,0,8,23.18683552616756,5.4535000017494895,2386.231600001338,7769.346491228071
1782358958,2,,Aggregated,0.500000,0.000000,8,14,21,23,25,33,38,49,2400,2400,2400,457,0,8,23.156582275573655,5.4535000017494895,2386.231600001338,7765.17943107221
1782358959,2,,Aggregated,0.500000,0.000000,8,14,21,23,25,33,38,49,2400,2400,2400,458,0,8,23.12021048022251,5.4535000017494895,2386.231600001338,7761.03056768559
1782358960,2,,Aggregated,0.500000,0.000000,8,14,21,23,25,33,38,49,2400,2400,2400,458,0,8,23.12021048022251,5.4535000017494895,2386.231600001338,7761.03056768559
1782358961,2,,Aggregated,0.500000,0.000000,8,14,21,23,25,33,38,49,2400,2400,2400,459,0,8,23.084147494440504,5.4535000017494895,2386.231600001338,7756.899782135076
1782358962,2,,Aggregated,0.500000,0.000000,8,14,21,23,25,33,38,49,2400,2400,2400,459,0,8,23.084147494440504,5.4535000017494895,2386.231600001338,7756.899782135076
1782358963,2,,Aggregated,0.500000,0.000000,8,14,21,23,25,33,38,49,2400,2400,2400,460,0,8,23.080993912931856,5.4535000017494895,2386.231600001338,7762.860869565217
1782358964,2,,Aggregated,0.500000,0.000000,8,14,21,23,25,33,38,49,2400,2400,2400,461,0,8,23.046823861053436,5.4535000017494895,2386.231600001338,7758.744034707159
1782358965,2,,Aggregated,0.500000,0.000000,8,14,21,23,25,33,38,49,2400,2400,2400,461,0,8,23.046823861053436,5.4535000017494895,2386.231600001338,7758.744034707159
1782358966,2,,Aggregated,0.500000,0.000000,8,14,21,23,25,33,38,49,2400,2400,2400,463,0,8,22.999859395131196,5.4535000017494895,2386.231600001338,7770.580993520518
1782358967,2,,Aggregated,0.500000,0.000000,8,14,21,23,25,33,38,49,2400,2400,2400,463,0,8,22.999859395131196,5.4535000017494895,2386.231600001338,7770.580993520518
1782358968,2,,Aggregated,0.500000,0.000000,8,14,21,23,25,33,38,49,2400,2400,2400,463,0,8,22.999859395131196,5.4535000017494895,2386.231600001338,7770.580993520518
1782358969,2,,Aggregated,0.500000,0.000000,8,14,21,23,25,33,38,49,2400,2400,2400,464,0,8,22.96385581884947,5.4535000017494895,2386.231600001338,7766.474137931034
1782358970,2,,Aggregated,0.600000,0.000000,8,14,21,23,25,33,38,49,2400,2400,2400,465,0,8,22.984174838598182,5.4535000017494895,2386.231600001338,7772.350537634408
1782358971,2,,Aggregated,0.600000,0.000000,8,14,21,23,25,33,38,49,2400,2400,2400,465,0,8,22.984174838598182,5.4535000017494895,2386.231600001338,7772.350537634408
1782358972,2,,Aggregated,0.600000,0.000000,8,14,21,23,25,33,38,49,2400,2400,2400,466,0,8,22.95905987114062,5.4535000017494895,2386.231600001338,7778.201716738197
1782358973,2,,Aggregated,0.600000,0.000000,8,14,21,23,25,33,38,49,2400,2400,2400,466,0,8,22.95905987114062,5.4535000017494895,2386.231600001338,7778.201716738197
1782358974,2,,Aggregated,0.600000,0.000000,8,14,21,23,25,33,38,49,2400,2400,2400,466,0,8,22.95905987114062,5.4535000017494895,2386.231600001338,7778.201716738197
1782358975,2,,Aggregated,0.700000,0.000000,8,14,21,23,25,33,38,49,2400,2400,2400,467,0,8,22.924606852146535,5.4535000017494895,2386.231600001338,7772.438972162741
1782358976,2,,Aggregated,0.600000,0.000000,8,13,21,23,25,33,38,49,2400,2400,2400,468,0,8,22.88952478622191,5.4535000017494895,2386.231600001338,7768.363247863248
1782358978,2,,Aggregated,0.600000,0.000000,8,13,21,23,25,33,38,49,2400,2400,2400,468,0,8,22.88952478622191,5.4535000017494895,2386.231600001338,7768.363247863248
1782358979,2,,Aggregated,0.600000,0.000000,8,14,21,23,25,33,38,49,2400,2400,2400,469,0,8,22.890040085192144,5.4535000017494895,2386.231600001338,7774.185501066098
1782358980,2,,Aggregated,0.600000,0.000000,8,14,21,23,25,33,38,49,2400,2400,2400,469,0,8,22.890040085192144,5.4535000017494895,2386.231600001338,7774.185501066098
1782358981,2,,Aggregated,0.500000,0.000000,8,14,21,23,25,33,38,49,2400,2400,2400,470,0,8,22.85655872331885,5.4535000017494895,2386.231600001338,7770.123404255319
1782358982,2,,Aggregated,0.500000,0.000000,8,14,21,23,25,33,38,49,2400,2400,2400,470,0,8,22.85655872331885,5.4535000017494895,2386.231600001338,7770.123404255319
1782358983,2,,Aggregated,0.500000,0.000000,8,14,21,23,25,33,38,49,2400,2400,2400,471,0,8,22.884991507345244,5.4535000017494895,2386.231600001338,7775.91719745223
1782358984,2,,Aggregated,0.500000,0.000000,8,14,21,23,25,33,38,49,2400,2400,2400,472,0,8,22.8870766948418,5.4535000017494895,2386.231600001338,7781.686440677966
1782358985,2,,Aggregated,0.500000,0.000000,8,14,21,23,25,33,38,49,2400,2400,2400,473,0,8,22.865381818105973,5.4535000017494895,2386.231600001338,7787.431289640592
1782358986,2,,Aggregated,0.500000,0.000000,8,14,21,23,25,33,38,49,2400,2400,2400,473,0,8,22.865381818105973,5.4535000017494895,2386.231600001338,7787.431289640592
1782358987,2,,Aggregated,0.600000,0.000000,8,14,21,23,25,33,38,49,2400,2400,2400,474,0,8,22.829615400770933,5.4535000017494895,2386.231600001338,7781.734177215189
1782358988,2,,Aggregated,0.700000,0.000000,8,14,21,23,25,33,38,49,2400,2400,2400,475,0,8,22.859854105182947,5.4535000017494895,2386.231600001338,7787.454736842105
1782358989,2,,Aggregated,0.700000,0.000000,8,14,21,23,25,33,38,49,2400,2400,2400,475,0,8,22.859854105182947,5.4535000017494895,2386.231600001338,7787.454736842105
1782358990,2,,Aggregated,0.600000,0.000000,8,14,21,23,25,33,38,49,2400,2400,2400,476,0,8,22.824127100762826,5.4535000017494895,2386.231600001338,7781.781512605042
1782358991,2,,Aggregated,0.600000,0.000000,8,14,21,23,25,33,38,49,2400,2400,2400,476,0,8,22.824127100762826,5.4535000017494895,2386.231600001338,7781.781512605042
1782358992,2,,Aggregated,0.600000,0.000000,8,14,21,23,25,33,38,49,2400,2400,2400,477,0,8,22.790539832200597,5.4535000017494895,2386.231600001338,7776.132075471698
1782358993,2,,Aggregated,0.600000,0.000000,8,14,21,23,25,33,38,49,2400,2400,2400,477,0,8,22.790539832200597,5.4535000017494895,2386.231600001338,7776.132075471698
1782358994,2,,Aggregated,0.600000,0.000000,8,14,21,23,25,33,38,49,2400,2400,2400,478,0,8,22.789240376483143,5.4535000017494895,2386.231600001338,7781.828451882845
1782358995,2,,Aggregated,0.700000,0.000000,8,14,21,23,25,33,38,49,2400,2400,2400,479,0,8,22.75475010429927,5.4535000017494895,2386.231600001338,7777.8267223382045
1782358996,2,,Aggregated,0.700000,0.000000,8,14,21,23,25,33,38,49,2400,2400,2400,479,0,8,22.75475010429927,5.4535000017494895,2386.231600001338,7777.8267223382045
1782358997,2,,Aggregated,0.600000,0.000000,8,14,21,23,25,33,38,49,2400,2400,2400,480,0,8,22.71952708324534,5.4535000017494895,2386.231600001338,7773.841666666666
1782358998,2,,Aggregated,0.600000,0.000000,8,14,21,23,25,33,38,49,2400,2400,2400,480,0,8,22.71952708324534,5.4535000017494895,2386.231600001338,7773.841666666666
1782358999,2,,Aggregated,0.600000,0.000000,8,14,21,23,25,33,38,49,2400,2400,2400,481,0,8,22.720881496799826,5.4535000017494895,2386.231600001338,7779.507276507276
1782359000,2,,Aggregated,0.600000,0.000000,8,14,21,23,25,33,38,49,2400,2400,2400,481,0,8,22.720881496799826,5.4535000017494895,2386.231600001338,7779.507276507276
1782359001,2,,Aggregated,0.600000,0.000000,8,14,21,23,25,33,38,49,2400,2400,2400,482,0,8,22.68621493768248,5.4535000017494895,2386.231600001338,7773.921161825726
1782359002,2,,Aggregated,0.600000,0.000000,8,14,21,23,25,33,38,49,2400,2400,2400,483,0,8,22.66636894402486,5.4535000017494895,2386.231600001338,7779.56314699793
1782359003,2,,Aggregated,0.600000,0.000000,8,14,21,23,25,33,38,49,2400,2400,2400,483,0,8,22.66636894402486,5.4535000017494895,2386.231600001338,7779.56314699793
1782359004,2,,Aggregated,0.500000,0.000000,8,14,21,23,25,33,38,49,2400,2400,2400,484,0,8,22.634055578432594,5.4535000017494895,2386.231600001338,7775.607438016529
1782359005,2,,Aggregated,0.500000,0.000000,8,14,21,23,25,33,38,49,2400,2400,2400,484,0,8,22.634055578432594,5.4535000017494895,2386.231600001338,7775.607438016529
1782359006,2,,Aggregated,0.600000,0.000000,8,14,21,23,25,33,38,49,2400,2400,2400,485,0,8,22.600588247332404,5.4535000017494895,2386.231600001338,7771.668041237113
1782359007,2,,Aggregated,0.600000,0.000000,8,14,21,23,25,33,38,49,2400,2400,2400,485,0,8,22.600588247332404,5.4535000017494895,2386.231600001338,7771.668041237113
1782359008,2,,Aggregated,0.600000,0.000000,8,14,21,23,25,33,38,49,2400,2400,2400,486,0,8,22.599355349705363,5.4535000017494895,2386.231600001338,7777.279835390947
1782359009,2,,Aggregated,0.600000,0.000000,8,14,21,23,25,33,38,49,2400,2400,2400,486,0,8,22.599355349705363,5.4535000017494895,2386.231600001338,7777.279835390947
1782359010,2,,Aggregated,0.500000,0.000000,8,14,21,23,25,33,38,49,2400,2400,2400,487,0,8,22.567174948573957,5.4535000017494895,2386.231600001338,7773.35318275154
1782359011,2,,Aggregated,0.500000,0.000000,8,14,21,23,25,33,38,49,2400,2400,2400,487,0,8,22.567174948573957,5.4535000017494895,2386.231600001338,7773.35318275154
1782359012,2,,Aggregated,0.600000,0.000000,8,14,21,23,25,33,38,49,2400,2400,2400,488,0,8,22.534622540899633,5.4535000017494895,2386.231600001338,7767.848360655737
1782359013,2,,Aggregated,0.600000,0.000000,8,14,21,23,25,33,38,49,2400,2400,2400,489,0,8,22.534037218723757,5.4535000017494895,2386.231600001338,7773.433537832311
1782359014,2,,Aggregated,0.600000,0.000000,8,14,21,23,25,33,38,49,2400,2400,2400,489,0,8,22.534037218723757,5.4535000017494895,2386.231600001338,7773.433537832311
1782359015,2,,Aggregated,0.400000,0.000000,8,14,21,23,25,33,38,49,2400,2400,2400,490,0,8,22.502325714208848,5.4535000017494895,2386.231600001338,7769.538775510204
1782359016,2,,Aggregated,0.400000,0.000000,8,14,21,23,25,33,38,49,2400,2400,2400,490,0,8,22.502325714208848,5.4535000017494895,2386.231600001338,7769.538775510204
1782359017,2,,Aggregated,0.500000,0.000000,8,14,21,23,25,33,38,49,2400,2400,2400,491,0,8,22.47105376773477,5.4535000017494895,2386.231600001338,7765.659877800407
1782359018,2,,Aggregated,0.500000,0.000000,8,14,21,23,25,33,38,49,2400,2400,2400,491,0,8,22.47105376773477,5.4535000017494895,2386.231600001338,7765.659877800407
1782359019,2,,Aggregated,0.500000,0.000000,8,14,21,23,25,33,38,49,2400,2400,2400,491,0,8,22.47105376773477,5.4535000017494895,2386.231600001338,7765.659877800407
1782359020,2,,Aggregated,0.600000,0.000000,8,13,21,23,25,33,38,49,2400,2400,2400,492,0,8,22.439072967392896,5.4535000017494895,2386.231600001338,7761.79674796748
1782359021,2,,Aggregated,0.500000,0.000000,8,13,21,23,25,33,38,49,2400,2400,2400,493,0,8,22.406602636836592,5.4535000017494895,2386.231600001338,7756.371196754564
1782359022,2,,Aggregated,0.500000,0.000000,8,13,21,23,25,33,38,49,2400,2400,2400,493,0,8,22.406602636836592,5.4535000017494895,2386.231600001338,7756.371196754564
1782359023,2,,Aggregated,0.500000,0.000000,8,13,21,23,25,33,38,49,2400,2400,2400,493,0,8,22.406602636836592,5.4535000017494895,2386.231600001338,7756.371196754564
1782359024,2,,Aggregated,0.500000,0.000000,8,13,21,23,25,33,38,49,2400,2400,2400,493,0,8,22.406602636836592,5.4535000017494895,2386.231600001338,7756.371196754564
1782359025,2,,Aggregated,0.600000,0.000000,8,13,21,23,25,33,38,49,2400,2400,2400,494,0,8,22.373086032302115,5.4535000017494895,2386.231600001338,7752.542510121458
1782359026,2,,Aggregated,0.400000,0.000000,8,13,21,23,25,33,38,49,2400,2400,2400,495,0,8,22.376426262531144,5.4535000017494895,2386.231600001338,7758.090909090909
1782359027,2,,Aggregated,0.400000,0.000000,8,13,21,23,25,33,38,49,2400,2400,2400,495,0,8,22.376426262531144,5.4535000017494895,2386.231600001338,7758.090909090909
1782359028,2,,Aggregated,0.500000,0.000000,8,13,21,23,25,33,38,49,2400,2400,2400,496,0,8,22.347729636998515,5.4535000017494895,2386.231600001338,7754.274193548387
1782359029,2,,Aggregated,0.500000,0.000000,8,13,21,23,25,33,38,49,2400,2400,2400,497,0,8,22.314912273549833,5.4535000017494895,2386.231600001338,7748.907444668008
1782359030,2,,Aggregated,0.500000,0.000000,8,13,21,23,25,33,38,49,2400,2400,2400,497,0,8,22.314912273549833,5.4535000017494895,2386.231600001338,7748.907444668008
1782359031,2,,Aggregated,0.400000,0.000000,8,13,21,23,25,33,38,49,2400,2400,2400,498,0,8,22.281451003911652,5.4535000017494895,2386.231600001338,7745.1244979919675
1782359032,2,,Aggregated,0.400000,0.000000,8,13,21,23,25,33,38,49,2400,2400,2400,498,0,8,22.281451003911652,5.4535000017494895,2386.231600001338,7745.1244979919675
1782359033,2,,Aggregated,0.500000,0.000000,8,13,21,23,25,33,38,49,2400,2400,2400,499,0,8,22.25016733456927,5.4535000017494895,2386.231600001338,7741.356713426853
1782359034,2,,Aggregated,0.500000,0.000000,8,13,21,23,25,33,38,49,2400,2400,2400,499,0,8,22.25016733456927,5.4535000017494895,2386.231600001338,7741.356713426853
1782359035,2,,Aggregated,0.600000,0.000000,8,13,21,23,25,33,38,49,2400,2400,2400,500,0,8,22.24956719990587,5.4535000017494895,2386.231600001338,7746.872
1782359036,2,,Aggregated,0.600000,0.000000,8,13,21,23,25,33,38,49,2400,2400,2400,500,0,8,22.24956719990587,5.4535000017494895,2386.231600001338,7746.872
1782359037,2,,Aggregated,0.500000,0.000000,8,13,21,23,25,33,38,42,2400,2400,2400,501,0,8,22.218180638635737,5.4535000017494895,2386.231600001338,7743.115768463073
1782359038,2,,Aggregated,0.500000,0.000000,8,13,21,23,25,33,38,42,2400,2400,2400,502,0,8,22.18773346603883,5.4535000017494895,2386.231600001338,7739.374501992032
1782359039,2,,Aggregated,0.500000,0.000000,8,13,21,23,25,33,38,42,2400,2400,2400,502,0,8,22.18773346603883,5.4535000017494895,2386.231600001338,7739.374501992032
1782359040,2,,Aggregated,0.500000,0.000000,8,13,21,23,25,33,38,42,2400,2400,2400,503,0,8,22.157693836883368,5.4535000017494895,2386.231600001338,7735.648111332008
1782359041,2,,Aggregated,0.500000,0.000000,8,13,21,23,25,33,38,42,2400,2400,2400,503,0,8,22.157693836883368,5.4535000017494895,2386.231600001338,7735.648111332008
1782359042,2,,Aggregated,0.500000,0.000000,8,13,21,23,25,33,38,42,2400,2400,2400,503,0,8,22.157693836883368,5.4535000017494895,2386.231600001338,7735.648111332008
1782359043,2,,Aggregated,0.600000,0.000000,8,13,21,23,25,33,38,42,2400,2400,2400,504,0,8,22.159313690382177,5.4535000017494895,2386.231600001338,7741.130952380952
1782359044,2,,Aggregated,0.500000,0.000000,8,13,21,23,25,33,38,42,2400,2400,2400,505,0,8,22.130089702870176,5.4535000017494895,2386.231600001338,7735.875247524753
1782359045,2,,Aggregated,0.500000,0.000000,8,13,21,23,25,33,38,42,2400,2400,2400,505,0,8,22.130089702870176,5.4535000017494895,2386.231600001338,7735.875247524753
1782359046,2,,Aggregated,0.500000,0.000000,8,13,21,23,25,33,38,42,2400,2400,2400,505,0,8,22.130089702870176,5.4535000017494895,2386.231600001338,7735.875247524753
1782359047,2,,Aggregated,0.500000,0.000000,8,13,21,23,25,33,38,42,2400,2400,2400,506,0,8,22.108794466303404,5.4535000017494895,2386.231600001338,7741.335968379447
1782359048,2,,Aggregated,0.500000,0.000000,8,13,21,23,25,33,38,42,2400,2400,2400,506,0,8,22.108794466303404,5.4535000017494895,2386.231600001338,7741.335968379447
1782359049,2,,Aggregated,0.500000,0.000000,8,13,21,23,25,33,38,42,2400,2400,2400,507,0,8,22.079064496942678,5.4535000017494895,2386.231600001338,7736.100591715976
1782359050,2,,Aggregated,0.500000,0.000000,8,13,21,23,25,33,38,42,2400,2400,2400,507,0,8,22.079064496942678,5.4535000017494895,2386.231600001338,7736.100591715976
1782359051,2,,Aggregated,0.500000,0.000000,8,13,21,23,25,33,38,42,2400,2400,2400,507,0,8,22.079064496942678,5.4535000017494895,2386.231600001338,7736.100591715976
1782359052,2,,Aggregated,0.500000,0.000000,8,13,21,23,25,33,38,42,2400,2400,2400,508,0,8,22.04712303139922,5.4535000017494895,2386.231600001338,7732.417322834645
1782359053,2,,Aggregated,0.400000,0.000000,8,13,21,23,25,33,38,42,2400,2400,2400,509,0,8,22.02001493113984,5.4535000017494895,2386.231600001338,7727.220039292731
1782359054,2,,Aggregated,0.500000,0.000000,8,13,21,23,25,33,38,42,2400,2400,2400,510,0,8,21.98954980383004,5.4535000017494895,2386.231600001338,7722.043137254902
1782359055,2,,Aggregated,0.500000,0.000000,8,13,21,23,25,33,38,42,2400,2400,2400,510,0,8,21.98954980383004,5.4535000017494895,2386.231600001338,7722.043137254902
1782359056,2,,Aggregated,0.500000,0.000000,8,13,21,23,25,33,38,42,2400,2400,2400,510,0,8,21.98954980383004,5.4535000017494895,2386.231600001338,7722.043137254902
1782359057,2,,Aggregated,0.500000,0.000000,8,13,21,23,25,33,38,42,2400,2400,2400,511,0,8,22.02053365940121,5.4535000017494895,2386.231600001338,7727.477495107632
1782359058,2,,Aggregated,0.500000,0.000000,8,13,21,23,25,33,38,42,2400,2400,2400,512,0,8,22.014899804602805,5.4535000017494895,2386.231600001338,7732.890625
1782359059,2,,Aggregated,0.500000,0.000000,8,13,21,23,25,33,38,42,2400,2400,2400,512,0,8,22.014899804602805,5.4535000017494895,2386.231600001338,7732.890625
1782359060,2,,Aggregated,0.500000,0.000000,8,13,21,23,25,33,38,42,2400,2400,2400,513,0,8,22.004866471645045,5.4535000017494895,2386.231600001338,7738.282651072125
1782359061,2,,Aggregated,0.500000,0.000000,8,13,21,23,25,33,38,42,2400,2400,2400,513,0,8,22.004866471645045,5.4535000017494895,2386.231600001338,7738.282651072125
1782359062,2,,Aggregated,0.500000,0.000000,8,13,21,23,25,33,38,42,2400,2400,2400,514,0,8,22.004766536874634,5.4535000017494895,2386.231600001338,7743.653696498054
1782359063,2,,Aggregated,0.500000,0.000000,8,13,21,23,25,33,38,42,2400,2400,2400,514,0,8,22.004766536874634,5.4535000017494895,2386.231600001338,7743.653696498054
1782359064,2,,Aggregated,0.600000,0.000000,8,13,21,23,25,33,38,42,2400,2400,2400,515,0,8,21.987147572734596,5.4535000017494895,2386.231600001338,7749.003883495146
1782359065,2,,Aggregated,0.600000,0.000000,8,13,21,22,25,33,38,42,2400,2400,2400,516,0,8,21.959172092944875,5.4535000017494895,2386.231600001338,7745.352713178295
1782359066,2,,Aggregated,0.600000,0.000000,8,13,21,22,25,33,38,42,2400,2400,2400,516,0,8,21.959172092944875,5.4535000017494895,2386.231600001338,7745.352713178295
1782359067,2,,Aggregated,0.600000,0.000000,8,13,21,22,25,33,38,42,2400,2400,2400,516,0,8,21.959172092944875,5.4535000017494895,2386.231600001338,7745.352713178295
1782359068,2,,Aggregated,0.600000,0.000000,8,13,21,22,25,33,38,42,2400,2400,2400,518,0,8,21.900653281770165,5.4535000017494895,2386.231600001338,7736.590733590733
1782359069,2,,Aggregated,0.600000,0.000000,8,13,21,22,25,33,38,42,2400,2400,2400,518,0,8,21.900653281770165,5.4535000017494895,2386.231600001338,7736.590733590733
1782359070,2,,Aggregated,0.600000,0.000000,8,13,21,22,25,33,38,42,2400,2400,2400,518,0,8,21.900653281770165,5.4535000017494895,2386.231600001338,7736.590733590733
1782359071,2,,Aggregated,0.600000,0.000000,8,13,21,22,25,33,38,42,2400,2400,2400,518,0,8,21.900653281770165,5.4535000017494895,2386.231600001338,7736.590733590733
1782359072,2,,Aggregated,0.600000,0.000000,8,13,21,23,25,33,38,42,2400,2400,2400,520,0,8,21.871599422984918,5.4535000017494895,2386.231600001338,7738.303846153846
1782359073,2,,Aggregated,0.600000,0.000000,8,13,21,23,25,33,38,42,2400,2400,2400,520,0,8,21.871599422984918,5.4535000017494895,2386.231600001338,7738.303846153846
1782359074,2,,Aggregated,0.600000,0.000000,8,13,21,23,25,33,38,42,2400,2400,2400,520,0,8,21.871599422984918,5.4535000017494895,2386.231600001338,7738.303846153846
1782359075,2,,Aggregated,0.600000,0.000000,8,13,21,22,25,33,38,42,2400,2400,2400,521,0,8,21.84285374270929,5.4535000017494895,2386.231600001338,7733.214971209213
1782359076,2,,Aggregated,0.600000,0.000000,8,13,21,22,25,33,38,42,2400,2400,2400,521,0,8,21.84285374270929,5.4535000017494895,2386.231600001338,7733.214971209213
1782359077,2,,Aggregated,0.400000,0.000000,8,13,21,22,25,33,38,42,2400,2400,2400,523,0,8,21.792530592651833,5.4535000017494895,2386.231600001338,7733.443594646272
1782359078,2,,Aggregated,0.400000,0.000000,8,13,21,22,25,33,38,42,2400,2400,2400,523,0,8,21.792530592651833,5.4535000017494895,2386.231600001338,7733.443594646272
1782359079,2,,Aggregated,0.400000,0.000000,8,13,21,22,25,33,38,42,2400,2400,2400,523,0,8,21.792530592651833,5.4535000017494895,2386.231600001338,7733.443594646272
1782359080,2,,Aggregated,0.600000,0.000000,8,13,21,22,25,33,38,42,2400,2400,2400,524,0,8,21.765879389237526,5.4535000017494895,2386.231600001338,7729.87786259542
1782359081,2,,Aggregated,0.500000,0.000000,8,13,21,22,25,33,38,42,2400,2400,2400,525,0,8,21.737631809443148,5.4535000017494895,2386.231600001338,7724.84380952381
1782359082,2,,Aggregated,0.600000,0.000000,8,13,21,22,25,33,38,42,2400,2400,2400,526,0,8,21.738672243262343,5.4535000017494895,2386.231600001338,7730.1178707224335
1782359083,2,,Aggregated,0.600000,0.000000,8,13,21,22,25,33,38,42,2400,2400,2400,526,0,8,21.738672243262343,5.4535000017494895,2386.231600001338,7730.1178707224335
1782359084,2,,Aggregated,0.700000,0.000000,8,13,21,22,25,33,38,42,2400,2400,2400,527,0,8,21.71944573047117,5.4535000017494895,2386.231600001338,7735.371916508539
1782359085,2,,Aggregated,0.600000,0.000000,8,13,21,22,25,33,38,42,2400,2400,2400,528,0,8,21.69095984841492,5.4535000017494895,2386.231600001338,7730.356060606061
1782359086,2,,Aggregated,0.600000,0.000000,8,13,21,22,25,33,38,42,2400,2400,2400,528,0,8,21.69095984841492,5.4535000017494895,2386.231600001338,7730.356060606061
1782359087,2,,Aggregated,0.700000,0.000000,8,13,21,22,25,33,38,42,2400,2400,2400,530,0,8,21.66686037728038,5.4535000017494895,2386.231600001338,7730.592452830188
1782359088,2,,Aggregated,0.700000,0.000000,8,13,21,22,25,33,38,42,2400,2400,2400,530,0,8,21.66686037728038,5.4535000017494895,2386.231600001338,7730.592452830188
1782359089,2,,Aggregated,0.600000,0.000000,8,13,21,22,25,33,38,42,2400,2400,2400,531,0,8,21.648565160000206,5.4535000017494895,2386.231600001338,7735.806026365349
1782359090,2,,Aggregated,0.600000,0.000000,8,13,21,22,25,33,38,42,2400,2400,2400,531,0,8,21.648565160000206,5.4535000017494895,2386.231600001338,7735.806026365349
1782359091,2,,Aggregated,0.600000,0.000000,8,13,21,22,25,33,38,42,2400,2400,2400,531,0,8,21.648565160000206,5.4535000017494895,2386.231600001338,7735.806026365349
1782359092,2,,Aggregated,0.700000,0.000000,8,13,21,22,25,33,38,42,2400,2400,2400,532,0,8,21.618985714202356,5.4535000017494895,2386.231600001338,7730.827067669173
1782359093,2,,Aggregated,0.700000,0.000000,8,13,21,22,25,33,38,42,2400,2400,2400,532,0,8,21.618985714202356,5.4535000017494895,2386.231600001338,7730.827067669173
1782359094,2,,Aggregated,0.600000,0.000000,8,13,21,22,25,33,38,42,2400,2400,2400,533,0,8,21.623834896723825,5.4535000017494895,2386.231600001338,7736.020637898687
1782359095,2,,Aggregated,0.600000,0.000000,8,13,21,22,25,33,38,42,2400,2400,2400,533,0,8,21.623834896723825,5.4535000017494895,2386.231600001338,7736.020637898687
1782359096,2,,Aggregated,0.600000,0.000000,8,13,21,22,25,33,38,42,2400,2400,2400,535,0,8,21.58630205599578,5.4535000017494895,2386.231600001338,7737.6878504672895
1782359097,2,,Aggregated,0.600000,0.000000,8,13,21,22,25,33,38,42,2400,2400,2400,535,0,8,21.58630205599578,5.4535000017494895,2386.231600001338,7737.6878504672895
1782359098,2,,Aggregated,0.600000,0.000000,8,13,21,22,25,33,38,42,2400,2400,2400,535,0,8,21.58630205599578,5.4535000017494895,2386.231600001338,7737.6878504672895
1782359099,2,,Aggregated,0.600000,0.000000,8,13,21,22,25,33,38,42,2400,2400,2400,535,0,8,21.58630205599578,5.4535000017494895,2386.231600001338,7737.6878504672895
1782359101,2,,Aggregated,0.500000,0.000000,8,13,21,22,25,33,38,42,2400,2400,2400,536,0,8,21.560530970079405,5.4535000017494895,2386.231600001338,7734.194029850746
1782359102,2,,Aggregated,0.500000,0.000000,8,13,21,22,25,33,38,49,2400,2400,2400,537,0,8,21.842708938472835,5.4535000017494895,2386.231600001338,7739.342644320298
1782359103,2,,Aggregated,0.500000,0.000000,8,13,21,22,25,33,38,49,2400,2400,2400,537,0,8,21.842708938472835,5.4535000017494895,2386.231600001338,7739.342644320298
1782359104,2,,Aggregated,0.500000,0.000000,8,13,21,22,25,33,38,49,2400,2400,2400,539,0,8,21.809304081545434,5.4535000017494895,2386.231600001338,7740.985157699443
1782359105,2,,Aggregated,0.500000,0.000000,8,13,21,22,25,33,38,49,2400,2400,2400,539,0,8,21.809304081545434,5.4535000017494895,2386.231600001338,7740.985157699443
1782359106,2,,Aggregated,0.500000,0.000000,8,13,21,22,25,33,38,49,2400,2400,2400,539,0,8,21.809304081545434,5.4535000017494895,2386.231600001338,7740.985157699443
1782359107,2,,Aggregated,0.500000,0.000000,8,13,21,22,25,33,38,49,2400,2400,2400,539,0,8,21.809304081545434,5.4535000017494895,2386.231600001338,7740.985157699443
1782359108,2,,Aggregated,0.600000,0.000000,8,13,21,22,25,33,38,49,2400,2400,2400,540,0,8,21.80923333324716,5.4535000017494895,2386.231600001338,7746.092592592592
1782359109,2,,Aggregated,0.600000,0.000000,8,13,21,22,25,33,38,49,2400,2400,2400,541,0,8,21.779628465725274,5.4535000017494895,2386.231600001338,7742.6155268022185
1782359110,2,,Aggregated,0.600000,0.000000,8,13,21,22,25,33,38,49,2400,2400,2400,541,0,8,21.779628465725274,5.4535000017494895,2386.231600001338,7742.6155268022185
1782359111,2,,Aggregated,0.500000,0.000000,8,13,21,22,25,33,38,49,2400,2400,2400,542,0,8,21.752627306200356,5.4535000017494895,2386.231600001338,7739.151291512915
1782359112,2,,Aggregated,0.600000,0.000000,8,13,21,22,25,33,38,49,2400,2400,2400,543,0,8,21.72507421722909,5.4535000017494895,2386.231600001338,7735.699815837937
1782359113,2,,Aggregated,0.600000,0.000000,8,13,21,22,25,33,38,49,2400,2400,2400,544,0,8,21.696381801388377,5.4535000017494895,2386.231600001338,7730.830882352941
1782359114,2,,Aggregated,0.600000,0.000000,8,13,21,22,25,33,38,49,2400,2400,2400,544,0,8,21.696381801388377,5.4535000017494895,2386.231600001338,7730.830882352941
1782359115,2,,Aggregated,0.600000,0.000000,8,13,21,22,25,33,38,49,2400,2400,2400,544,0,8,21.696381801388377,5.4535000017494895,2386.231600001338,7730.830882352941
1782359116,2,,Aggregated,0.700000,0.000000,8,13,21,22,25,33,38,49,2400,2400,2400,545,0,8,21.706746605429434,5.4535000017494895,2386.231600001338,7735.91009174312
1782359117,2,,Aggregated,0.500000,0.000000,8,13,21,22,25,33,38,49,2400,2400,2400,546,0,8,21.677762637289682,5.4535000017494895,2386.231600001338,7732.483516483517
1782359118,2,,Aggregated,0.500000,0.000000,8,13,21,22,25,33,38,49,2400,2400,2400,546,0,8,21.677762637289682,5.4535000017494895,2386.231600001338,7732.483516483517
1782359119,2,,Aggregated,0.500000,0.000000,8,13,21,22,25,33,38,49,2400,2400,2400,546,0,8,21.677762637289682,5.4535000017494895,2386.231600001338,7732.483516483517
1782359120,2,,Aggregated,0.700000,0.000000,8,13,21,22,25,33,38,49,2400,2400,2400,547,0,8,21.67156691034282,5.4535000017494895,2386.231600001338,7737.54113345521
1782359121,2,,Aggregated,0.700000,0.000000,8,13,21,22,25,33,38,49,2400,2400,2400,547,0,8,21.67156691034282,5.4535000017494895,2386.231600001338,7737.54113345521
1782359122,2,,Aggregated,0.500000,0.000000,8,13,21,22,25,33,38,49,2400,2400,2400,548,0,8,21.64703156926487,5.4535000017494895,2386.231600001338,7734.124087591241
1782359123,2,,Aggregated,0.600000,0.000000,8,13,21,22,25,33,38,49,2400,2400,2400,549,0,8,21.62107067386864,5.4535000017494895,2386.231600001338,7729.302367941712
1782359124,2,,Aggregated,0.600000,0.000000,8,13,21,22,25,33,38,49,2400,2400,2400,549,0,8,21.62107067386864,5.4535000017494895,2386.231600001338,7729.302367941712
1782359125,2,,Aggregated,0.600000,0.000000,8,13,21,22,25,33,38,49,2400,2400,2400,549,0,8,21.62107067386864,5.4535000017494895,2386.231600001338,7729.302367941712
1782359126,2,,Aggregated,0.600000,0.000000,8,13,21,22,25,33,38,49,2400,2400,2400,549,0,8,21.62107067386864,5.4535000017494895,2386.231600001338,7729.302367941712
1782359127,2,,Aggregated,0.500000,0.000000,8,13,21,22,25,33,38,49,2400,2400,2400,551,0,8,21.622125045289692,5.4535000017494895,2386.231600001338,7730.94555353902
1782359128,2,,Aggregated,0.500000,0.000000,8,13,21,22,25,33,38,49,2400,2400,2400,551,0,8,21.622125045289692,5.4535000017494895,2386.231600001338,7730.94555353902
1782359129,2,,Aggregated,0.500000,0.000000,8,13,21,22,25,33,38,49,2400,2400,2400,553,0,8,21.590067269351074,5.4535000017494895,2386.231600001338,7740.956600361664
1782359130,2,,Aggregated,0.500000,0.000000,8,13,21,22,25,33,38,49,2400,2400,2400,553,0,8,21.590067269351074,5.4535000017494895,2386.231600001338,7740.956600361664
1782359131,2,,Aggregated,0.500000,0.000000,8,13,21,22,25,33,38,49,2400,2400,2400,553,0,8,21.590067269351074,5.4535000017494895,2386.231600001338,7740.956600361664
1782359132,2,,Aggregated,0.600000,0.000000,8,13,21,22,25,33,38,49,2400,2400,2400,554,0,8,21.5954021659723,5.4535000017494895,2386.231600001338,7745.935018050542
1782359133,2,,Aggregated,0.600000,0.000000,8,13,21,22,25,33,38,49,2400,2400,2400,555,0,8,21.570376396299284,5.4535000017494895,2386.231600001338,7742.545945945946
1782359134,2,,Aggregated,0.600000,0.000000,8,13,21,22,25,33,38,49,2400,2400,2400,555,0,8,21.570376396299284,5.4535000017494895,2386.231600001338,7742.545945945946
1782359135,2,,Aggregated,0.600000,0.000000,8,13,21,22,25,33,38,49,2400,2400,2400,556,0,8,21.546078597023442,5.4535000017494895,2386.231600001338,7739.169064748202
1782359136,2,,Aggregated,0.600000,0.000000,8,13,21,22,25,33,38,49,2400,2400,2400,557,0,8,21.53005511660091,5.4535000017494895,2386.231600001338,7744.123877917415
1782359137,2,,Aggregated,0.700000,0.000000,8,13,21,22,25,33,38,49,2400,2400,2400,558,0,8,21.50319050169497,5.4535000017494895,2386.231600001338,7740.756272401433
1782359138,2,,Aggregated,0.700000,0.000000,8,13,21,22,25,33,38,49,2400,2400,2400,558,0,8,21.50319050169497,5.4535000017494895,2386.231600001338,7740.756272401433
1782359139,2,,Aggregated,0.700000,0.000000,8,13,21,22,25,33,38,49,2400,2400,2400,558,0,8,21.50319050169497,5.4535000017494895,2386.231600001338,7740.756272401433
1782359140,2,,Aggregated,0.700000,0.000000,8,13,21,22,25,33,38,49,2400,2400,2400,560,0,8,21.476815535619867,5.4535000017494895,2386.231600001338,7742.332142857143
1782359141,2,,Aggregated,0.700000,0.000000,8,13,21,22,25,33,38,49,2400,2400,2400,560,0,8,21.476815535619867,5.4535000017494895,2386.231600001338,7742.332142857143
1782359142,2,,Aggregated,0.700000,0.000000,8,13,21,22,25,33,38,49,2400,2400,2400,560,0,8,21.476815535619867,5.4535000017494895,2386.231600001338,7742.332142857143
1782359143,2,,Aggregated,0.600000,0.000000,8,13,21,22,25,33,38,49,2400,2400,2400,561,0,8,21.450124777087865,5.4535000017494895,2386.231600001338,7738.985739750446
1782359144,2,,Aggregated,0.600000,0.000000,8,13,21,22,25,33,38,49,2400,2400,2400,562,0,8,21.432760498117016,5.4535000017494895,2386.231600001338,7743.896797153025
1782359145,2,,Aggregated,0.600000,0.000000,8,13,21,22,25,33,38,49,2400,2400,2400,562,0,8,21.432760498117016,5.4535000017494895,2386.231600001338,7743.896797153025
1782359146,2,,Aggregated,0.600000,0.000000,8,13,21,22,25,33,38,49,2400,2400,2400,563,0,8,21.4099163409179,5.4535000017494895,2386.231600001338,7739.177619893428
1782359147,2,,Aggregated,0.600000,0.000000,8,13,21,22,25,33,38,49,2400,2400,2400,563,0,8,21.4099163409179,5.4535000017494895,2386.231600001338,7739.177619893428
1782359148,2,,Aggregated,0.600000,0.000000,8,13,21,22,25,33,38,49,2400,2400,2400,564,0,8,21.41102588641243,5.4535000017494895,2386.231600001338,7744.070921985815
1782359149,2,,Aggregated,0.600000,0.000000,8,13,21,22,25,33,38,49,2400,2400,2400,564,0,8,21.41102588641243,5.4535000017494895,2386.231600001338,7744.070921985815
1782359150,2,,Aggregated,0.600000,0.000000,8,13,21,22,25,33,38,49,2400,2400,2400,565,0,8,21.405056460072345,5.4535000017494895,2386.231600001338,7748.946902654868
1782359151,2,,Aggregated,0.600000,0.000000,8,13,21,22,25,33,38,49,2400,2400,2400,565,0,8,21.405056460072345,5.4535000017494895,2386.231600001338,7748.946902654868
1782359152,2,,Aggregated,0.600000,0.000000,8,13,21,22,25,33,38,49,2400,2400,2400,566,0,8,21.378245406254283,5.4535000017494895,2386.231600001338,7744.243816254417
1782359153,2,,Aggregated,0.600000,0.000000,8,13,21,22,25,33,38,49,2400,2400,2400,566,0,8,21.378245406254283,5.4535000017494895,2386.231600001338,7744.243816254417
1782359154,2,,Aggregated,0.600000,0.000000,8,13,21,22,25,33,38,49,2400,2400,2400,567,0,8,21.39075220446975,5.4535000017494895,2386.231600001338,7749.102292768959
1782359155,2,,Aggregated,0.600000,0.000000,8,13,21,22,25,33,38,49,2400,2400,2400,567,0,8,21.39075220446975,5.4535000017494895,2386.231600001338,7749.102292768959
1782359156,2,,Aggregated,0.500000,0.000000,8,13,21,22,25,33,38,49,2400,2400,2400,568,0,8,21.37676249988634,5.4535000017494895,2386.231600001338,7753.943661971831
1782359157,2,,Aggregated,0.500000,0.000000,8,13,21,22,25,33,38,49,2400,2400,2400,568,0,8,21.37676249988634,5.4535000017494895,2386.231600001338,7753.943661971831
1782359158,2,,Aggregated,0.500000,0.000000,8,13,21,22,25,33,38,49,2400,2400,2400,568,0,8,21.37676249988634,5.4535000017494895,2386.231600001338,7753.943661971831
1782359159,2,,Aggregated,0.500000,0.000000,8,13,21,22,25,33,38,49,2400,2400,2400,570,0,8,21.340595438474946,5.4535000017494895,2386.231600001338,7755.445614035088
1782359160,2,,Aggregated,0.500000,0.000000,8,13,21,22,25,33,38,49,2400,2400,2400,570,0,8,21.340595438474946,5.4535000017494895,2386.231600001338,7755.445614035088
1782359161,2,,Aggregated,0.500000,0.000000,8,13,21,22,25,33,38,49,2400,2400,2400,570,0,8,21.340595438474946,5.4535000017494895,2386.231600001338,7755.445614035088
1782359162,2,,Aggregated,0.500000,0.000000,8,13,21,22,25,33,38,49,2400,2400,2400,570,0,8,21.340595438474946,5.4535000017494895,2386.231600001338,7755.445614035088
1782359163,2,,Aggregated,0.600000,0.000000,8,13,21,22,25,33,38,49,2400,2400,2400,572,0,8,21.318165908962545,5.4535000017494895,2386.231600001338,7755.576923076923
1782359164,2,,Aggregated,0.600000,0.000000,8,13,21,22,25,33,38,49,2400,2400,2400,572,0,8,21.318165908962545,5.4535000017494895,2386.231600001338,7755.576923076923
1782359165,2,,Aggregated,0.600000,0.000000,8,13,21,22,25,33,38,49,2400,2400,2400,573,0,8,21.29240872586889,5.4535000017494895,2386.231600001338,7750.919720767888
1782359166,2,,Aggregated,0.600000,0.000000,8,13,21,22,25,33,38,49,2400,2400,2400,573,0,8,21.29240872586889,5.4535000017494895,2386.231600001338,7750.919720767888
1782359167,2,,Aggregated,0.600000,0.000000,8,13,21,22,25,33,38,49,2400,2400,2400,574,0,8,21.305247038195272,5.4535000017494895,2386.231600001338,7755.707317073171
1782359168,2,,Aggregated,0.600000,0.000000,8,13,21,22,25,33,38,49,2400,2400,2400,574,0,8,21.305247038195272,5.4535000017494895,2386.231600001338,7755.707317073171
1782359169,2,,Aggregated,0.600000,0.000000,8,13,21,22,25,33,38,49,2400,2400,2400,574,0,8,21.305247038195272,5.4535000017494895,2386.231600001338,7755.707317073171
1782359170,2,,Aggregated,0.600000,0.000000,8,13,21,22,25,33,38,49,2400,2400,2400,576,0,8,21.287659374883738,5.4535000017494895,2386.231600001338,7757.1875
1782359171,2,,Aggregated,0.600000,0.000000,8,13,21,22,25,33,38,49,2400,2400,2400,576,0,8,21.287659374883738,5.4535000017494895,2386.231600001338,7757.1875
1782359172,2,,Aggregated,0.500000,0.000000,8,13,21,22,25,33,38,49,2400,2400,2400,577,0,8,21.27330779884383,5.4535000017494895,2386.231600001338,7761.939341421144
1782359173,2,,Aggregated,0.500000,0.000000,8,13,21,22,25,33,38,49,2400,2400,2400,577,0,8,21.27330779884383,5.4535000017494895,2386.231600001338,7761.939341421144
1782359174,2,,Aggregated,0.700000,0.000000,8,13,21,22,25,33,38,49,2400,2400,2400,578,0,8,21.25119965386371,5.4535000017494895,2386.231600001338,7757.311418685121
1782359175,2,,Aggregated,0.500000,0.000000,8,13,21,22,25,33,38,49,2400,2400,2400,579,0,8,21.229379792636504,5.4535000017494895,2386.231600001338,7752.699481865285
1782359176,2,,Aggregated,0.500000,0.000000,8,13,21,22,25,33,38,49,2400,2400,2400,579,0,8,21.229379792636504,5.4535000017494895,2386.231600001338,7752.699481865285
1782359177,2,,Aggregated,0.500000,0.000000,8,13,21,22,25,33,38,49,2400,2400,2400,580,0,8,21.2334760343671,5.4535000017494895,2386.231600001338,7757.434482758621
1782359178,2,,Aggregated,0.500000,0.000000,8,13,21,22,25,33,38,49,2400,2400,2400,580,0,8,21.2334760343671,5.4535000017494895,2386.231600001338,7757.434482758621
1782359179,2,,Aggregated,0.600000,0.000000,8,13,21,22,25,33,38,49,2400,2400,2400,581,0,8,21.207581067015678,5.4535000017494895,2386.231600001338,7754.177280550774
1782359180,2,,Aggregated,0.600000,0.000000,8,13,21,22,25,33,38,49,2400,2400,2400,582,0,8,21.195320618443695,5.4535000017494895,2386.231600001338,7758.893470790378
1782359181,2,,Aggregated,0.600000,0.000000,8,13,21,22,25,33,38,49,2400,2400,2400,582,0,8,21.195320618443695,5.4535000017494895,2386.231600001338,7758.893470790378
1782359182,2,,Aggregated,0.600000,0.000000,8,13,21,22,25,33,38,49,2400,2400,2400,582,0,8,21.195320618443695,5.4535000017494895,2386.231600001338,7758.893470790378
1782359183,2,,Aggregated,0.600000,0.000000,8,13,21,22,25,33,38,49,2400,2400,2400,583,0,8,21.170642023894032,5.4535000017494895,2386.231600001338,7755.644939965695
1782359184,2,,Aggregated,0.600000,0.000000,8,13,21,22,25,33,38,49,2400,2400,2400,584,0,8,21.146806849198946,5.4535000017494895,2386.231600001338,7752.407534246576
1782359185,2,,Aggregated,0.600000,0.000000,8,13,21,22,25,33,38,49,2400,2400,2400,584,0,8,21.146806849198946,5.4535000017494895,2386.231600001338,7752.407534246576
1782359186,2,,Aggregated,0.600000,0.000000,8,13,21,22,25,33,38,49,2400,2400,2400,584,0,8,21.146806849198946,5.4535000017494895,2386.231600001338,7752.407534246576
1782359187,2,,Aggregated,0.600000,0.000000,8,13,21,22,25,33,38,49,2400,2400,2400,585,0,8,21.12136888877453,5.4535000017494895,2386.231600001338,7747.851282051282
1782359188,2,,Aggregated,0.500000,0.000000,8,13,21,22,25,33,38,49,2400,2400,2400,586,0,8,21.099002218308403,5.4535000017494895,2386.231600001338,7744.638225255972
1782359189,2,,Aggregated,0.500000,0.000000,8,13,21,22,25,33,38,49,2400,2400,2400,586,0,8,21.099002218308403,5.4535000017494895,2386.231600001338,7744.638225255972
1782359190,2,,Aggregated,0.500000,0.000000,8,13,21,22,25,33,38,49,2400,2400,2400,587,0,8,21.098401362747822,5.4535000017494895,2386.231600001338,7749.330494037478
1782359191,2,,Aggregated,0.600000,0.000000,8,13,21,22,25,33,38,49,2400,2400,2400,588,0,8,21.073527210764766,5.4535000017494895,2386.231600001338,7746.125850340136
1782359192,2,,Aggregated,0.600000,0.000000,8,13,21,22,25,33,38,49,2400,2400,2400,588,0,8,21.073527210764766,5.4535000017494895,2386.231600001338,7746.125850340136
1782359193,2,,Aggregated,0.600000,0.000000,8,13,21,22,25,33,38,49,2400,2400,2400,588,0,8,21.073527210764766,5.4535000017494895,2386.231600001338,7746.125850340136
1782359194,2,,Aggregated,0.600000,0.000000,8,13,21,22,25,33,38,49,2400,2400,2400,589,0,8,21.05919286915398,5.4535000017494895,2386.231600001338,7750.799660441427
1782359195,2,,Aggregated,0.600000,0.000000,8,13,21,22,25,33,38,49,2400,2400,2400,590,0,8,21.045525932079773,5.4535000017494895,2386.231600001338,7755.457627118644
1782359196,2,,Aggregated,0.600000,0.000000,8,13,21,22,25,33,38,49,2400,2400,2400,590,0,8,21.045525932079773,5.4535000017494895,2386.231600001338,7755.457627118644
1782359197,2,,Aggregated,0.600000,0.000000,8,13,21,22,25,33,38,49,2400,2400,2400,590,0,8,21.045525932079773,5.4535000017494895,2386.231600001338,7755.457627118644
1782359198,2,,Aggregated,0.600000,0.000000,8,13,21,22,25,33,38,49,2400,2400,2400,592,0,8,20.99836858096259,5.4535000017494895,2386.231600001338,7749.070945945946
1782359199,2,,Aggregated,0.600000,0.000000,8,13,21,22,25,33,38,49,2400,2400,2400,592,0,8,20.99836858096259,5.4535000017494895,2386.231600001338,7749.070945945946
1782359200,2,,Aggregated,0.600000,0.000000,8,13,21,22,25,33,38,49,2400,2400,2400,592,0,8,20.99836858096259,5.4535000017494895,2386.231600001338,7749.070945945946
1782359201,2,,Aggregated,0.600000,0.000000,8,13,21,22,25,33,38,49,2400,2400,2400,593,0,8,21.030977234283316,5.4535000017494895,2386.231600001338,7753.70826306914
1782359202,2,,Aggregated,0.600000,0.000000,8,13,21,22,25,33,38,49,2400,2400,2400,593,0,8,21.030977234283316,5.4535000017494895,2386.231600001338,7753.70826306914
1782359203,2,,Aggregated,0.500000,0.000000,8,13,21,22,25,33,38,49,2400,2400,2400,594,0,8,21.005174579014156,5.4535000017494895,2386.231600001338,7749.218855218855
1782359204,2,,Aggregated,0.500000,0.000000,8,13,21,22,25,33,38,49,2400,2400,2400,595,0,8,20.99136974778224,5.4535000017494895,2386.231600001338,7753.8403361344535
1782359205,2,,Aggregated,0.500000,0.000000,8,13,21,22,25,33,38,49,2400,2400,2400,596,0,8,20.974974328739044,5.4535000017494895,2386.231600001338,7758.446308724832
1782359206,2,,Aggregated,0.500000,0.000000,8,13,21,22,25,33,38,49,2400,2400,2400,596,0,8,20.974974328739044,5.4535000017494895,2386.231600001338,7758.446308724832
1782359207,2,,Aggregated,0.500000,0.000000,8,13,21,22,25,33,38,49,2400,2400,2400,597,0,8,20.992799999892018,5.4535000017494895,2386.231600001338,7763.036850921273
1782359208,2,,Aggregated,0.500000,0.000000,8,13,21,22,25,33,38,49,2400,2400,2400,597,0,8,20.992799999892018,5.4535000017494895,2386.231600001338,7763.036850921273
1782359209,2,,Aggregated,0.500000,0.000000,8,13,21,22,25,33,38,49,2400,2400,2400,597,0,8,20.992799999892018,5.4535000017494895,2386.231600001338,7763.036850921273
1782359210,2,,Aggregated,0.700000,0.000000,8,13,21,22,25,33,38,49,2400,2400,2400,598,0,8,20.970230434674605,5.4535000017494895,2386.231600001338,7759.86287625418
1782359211,2,,Aggregated,0.500000,0.000000,8,13,21,22,25,33,38,49,2400,2400,2400,599,0,8,20.956965943128694,5.4535000017494895,2386.231600001338,7764.43572621035
1782359213,2,,Aggregated,0.500000,0.000000,8,13,21,22,25,33,38,49,2400,2400,2400,599,0,8,20.956965943128694,5.4535000017494895,2386.231600001338,7764.43572621035
1782359214,2,,Aggregated,0.600000,0.000000,8,13,21,22,25,33,38,49,2400,2400,2400,600,0,8,20.932111499896564,5.4535000017494895,2386.231600001338,7761.27
1782359215,2,,Aggregated,0.600000,0.000000,8,13,21,22,25,33,38,49,2400,2400,2400,600,0,8,20.932111499896564,5.4535000017494895,2386.231600001338,7761.27
1782359216,2,,Aggregated,0.600000,0.000000,8,13,21,22,25,33,38,42,2400,2400,2400,601,0,8,20.90780249573178,5.4535000017494895,2386.231600001338,7756.820299500832
1782359217,2,,Aggregated,0.600000,0.000000,8,13,21,22,25,33,38,42,2400,2400,2400,601,0,8,20.90780249573178,5.4535000017494895,2386.231600001338,7756.820299500832
1782359218,2,,Aggregated,0.500000,0.000000,8,13,21,22,25,33,38,42,2400,2400,2400,602,0,8,20.88525348825779,5.4535000017494895,2386.231600001338,7753.677740863787
1782359219,2,,Aggregated,0.500000,0.000000,8,13,21,22,25,33,38,42,2400,2400,2400,603,0,8,20.862102321614348,5.4535000017494895,2386.231600001338,7750.545605306799
1782359220,2,,Aggregated,0.500000,0.000000,8,13,21,22,25,33,38,42,2400,2400,2400,604,0,8,20.839794701877334,5.4535000017494895,2386.231600001338,7747.423841059603
1782359221,2,,Aggregated,0.500000,0.000000,8,13,21,22,25,33,38,42,2400,2400,2400,604,0,8,20.839794701877334,5.4535000017494895,2386.231600001338,7747.423841059603
1782359222,2,,Aggregated,0.600000,0.000000,8,13,21,22,25,33,38,42,2400,2400,2400,605,0,8,20.842445289142706,5.4535000017494895,2386.231600001338,7751.9719008264465
1782359223,2,,Aggregated,0.600000,0.000000,8,13,21,22,25,33,38,42,2400,2400,2400,605,0,8,20.842445289142706,5.4535000017494895,2386.231600001338,7751.9719008264465
1782359224,2,,Aggregated,0.600000,0.000000,8,13,21,22,25,33,38,42,2400,2400,2400,605,0,8,20.842445289142706,5.4535000017494895,2386.231600001338,7751.9719008264465
1782359225,2,,Aggregated,0.600000,0.000000,8,13,21,22,25,33,38,42,2400,2400,2400,607,0,8,20.80275420087462,5.4535000017494895,2386.231600001338,7745.7545304777595
1782359226,2,,Aggregated,0.600000,0.000000,8,13,21,22,25,33,38,42,2400,2400,2400,607,0,8,20.80275420087462,5.4535000017494895,2386.231600001338,7745.7545304777595
1782359227,2,,Aggregated,0.600000,0.000000,8,13,21,22,25,33,38,42,2400,2400,2400,607,0,8,20.80275420087462,5.4535000017494895,2386.231600001338,7745.7545304777595
1782359228,2,,Aggregated,0.600000,0.000000,8,13,21,22,25,33,38,42,2400,2400,2400,607,0,8,20.80275420087462,5.4535000017494895,2386.231600001338,7745.7545304777595
1782359229,2,,Aggregated,0.600000,0.000000,8,13,21,22,25,33,38,42,2400,2400,2400,609,0,8,20.79593743830736,5.4535000017494895,2386.231600001338,7745.9096880131365
1782359230,2,,Aggregated,0.600000,0.000000,8,13,21,22,25,33,38,42,2400,2400,2400,609,0,8,20.79593743830736,5.4535000017494895,2386.231600001338,7745.9096880131365
1782359231,2,,Aggregated,0.500000,0.000000,8,13,21,22,25,33,38,42,2400,2400,2400,610,0,8,20.77256295071165,5.4535000017494895,2386.231600001338,7742.826229508197
1782359232,2,,Aggregated,0.500000,0.000000,8,13,21,22,25,33,38,42,2400,2400,2400,610,0,8,20.77256295071165,5.4535000017494895,2386.231600001338,7742.826229508197
1782359233,2,,Aggregated,0.600000,0.000000,8,13,21,22,25,33,38,42,2400,2400,2400,611,0,8,20.74811538451463,5.4535000017494895,2386.231600001338,7739.75286415712
1782359234,2,,Aggregated,0.600000,0.000000,8,13,21,22,25,33,38,42,2400,2400,2400,611,0,8,20.74811538451463,5.4535000017494895,2386.231600001338,7739.75286415712
1782359235,2,,Aggregated,0.500000,0.000000,8,13,21,22,25,33,38,42,2400,2400,2400,612,0,8,20.724779738456537,5.4535000017494895,2386.231600001338,7735.418300653595
1782359236,2,,Aggregated,0.500000,0.000000,8,13,21,22,25,33,38,42,2400,2400,2400,612,0,8,20.724779738456537,5.4535000017494895,2386.231600001338,7735.418300653595
1782359237,2,,Aggregated,0.500000,0.000000,8,13,21,22,25,33,38,42,2400,2400,2400,612,0,8,20.724779738456537,5.4535000017494895,2386.231600001338,7735.418300653595
1782359238,2,,Aggregated,0.500000,0.000000,8,13,21,22,25,33,38,42,2400,2400,2400,614,0,8,20.70303876209869,5.4535000017494895,2386.231600001338,7736.872964169381
1782359239,2,,Aggregated,0.500000,0.000000,8,13,21,22,25,33,38,42,2400,2400,2400,614,0,8,20.70303876209869,5.4535000017494895,2386.231600001338,7736.872964169381
1782359240,2,,Aggregated,0.700000,0.000000,8,13,21,22,25,33,38,42,2400,2400,2400,615,0,8,20.6887224388978,5.4535000017494895,2386.231600001338,7741.364227642276
1782359241,2,,Aggregated,0.700000,0.000000,8,13,21,22,25,33,38,42,2400,2400,2400,616,0,8,20.669682792072013,5.4535000017494895,2386.231600001338,7738.318181818182
1782359242,2,,Aggregated,0.700000,0.000000,8,13,21,22,25,33,38,42,2400,2400,2400,616,0,8,20.669682792072013,5.4535000017494895,2386.231600001338,7738.318181818182
1782359243,2,,Aggregated,0.500000,0.000000,8,13,21,22,25,33,38,42,2400,2400,2400,617,0,8,20.672055267279525,5.4535000017494895,2386.231600001338,7742.792544570502
1782359244,2,,Aggregated,0.500000,0.000000,8,13,21,22,25,33,38,42,2400,2400,2400,617,0,8,20.672055267279525,5.4535000017494895,2386.231600001338,7742.792544570502
1782359245,2,,Aggregated,0.600000,0.000000,8,13,21,22,25,33,38,42,2400,2400,2400,618,0,8,20.648026213448865,5.4535000017494895,2386.231600001338,7739.754045307443
1782359246,2,,Aggregated,0.600000,0.000000,8,13,21,22,25,33,38,42,2400,2400,2400,618,0,8,20.648026213448865,5.4535000017494895,2386.231600001338,7739.754045307443
1782359247,2,,Aggregated,0.600000,0.000000,8,13,21,22,25,33,38,42,2400,2400,2400,619,0,8,20.642493053172792,5.4535000017494895,2386.231600001338,7744.211631663974
1782359248,2,,Aggregated,0.600000,0.000000,8,13,21,22,25,33,38,42,2400,2400,2400,620,0,8,20.620566451473298,5.4535000017494895,2386.231600001338,7739.9258064516125
1782359249,2,,Aggregated,0.600000,0.000000,8,13,21,22,25,33,38,42,2400,2400,2400,620,0,8,20.620566451473298,5.4535000017494895,2386.231600001338,7739.9258064516125
1782359250,2,,Aggregated,0.600000,0.000000,8,13,21,22,25,33,38,42,2400,2400,2400,620,0,8,20.620566451473298,5.4535000017494895,2386.231600001338,7739.9258064516125
1782359251,2,,Aggregated,0.600000,0.000000,8,13,21,22,25,33,38,42,2400,2400,2400,622,0,8,20.60058392269703,5.4535000017494895,2386.231600001338,7740.096463022508
1782359252,2,,Aggregated,0.600000,0.000000,8,13,21,22,25,33,38,42,2400,2400,2400,622,0,8,20.60058392269703,5.4535000017494895,2386.231600001338,7740.096463022508
1782359253,2,,Aggregated,0.600000,0.000000,8,13,21,22,25,33,38,42,2400,2400,2400,622,0,8,20.60058392269703,5.4535000017494895,2386.231600001338,7740.096463022508
1782359254,2,,Aggregated,0.600000,0.000000,8,13,21,22,25,33,38,42,2400,2400,2400,622,0,8,20.60058392269703,5.4535000017494895,2386.231600001338,7740.096463022508
1782359255,2,,Aggregated,0.600000,0.000000,8,13,21,22,25,33,38,42,2400,2400,2400,623,0,8,20.577268218160995,5.4535000017494895,2386.231600001338,7735.8378812199035
1782359256,2,,Aggregated,0.500000,0.000000,8,13,21,22,25,33,38,42,2400,2400,2400,624,0,8,20.579581730637585,5.4535000017494895,2386.231600001338,7740.266025641025
1782359257,2,,Aggregated,0.500000,0.000000,8,13,21,22,25,33,38,42,2400,2400,2400,624,0,8,20.579581730637585,5.4535000017494895,2386.231600001338,7740.266025641025
1782359258,2,,Aggregated,0.600000,0.000000,8,13,21,22,25,33,38,42,2400,2400,2400,626,0,8,20.55245750786087,5.4535000017494895,2386.231600001338,7741.67731629393
1782359259,2,,Aggregated,0.600000,0.000000,8,13,21,22,25,33,38,42,2400,2400,2400,626,0,8,20.55245750786087,5.4535000017494895,2386.231600001338,7741.67731629393
1782359260,2,,Aggregated,0.600000,0.000000,8,13,21,22,25,33,38,42,2400,2400,2400,626,0,8,20.55245750786087,5.4535000017494895,2386.231600001338,7741.67731629393
1782359261,2,,Aggregated,0.600000,0.000000,8,13,21,22,25,33,38,44,2400,2400,2400,627,0,8,20.589386762242466,5.4535000017494895,2386.231600001338,7746.074960127592
1782359262,2,,Aggregated,0.600000,0.000000,8,13,21,22,25,33,38,44,2400,2400,2400,627,0,8,20.589386762242466,5.4535000017494895,2386.231600001338,7746.074960127592
1782359263,2,,Aggregated,0.600000,0.000000,8,13,21,22,25,33,38,44,2400,2400,2400,628,0,8,20.57929649669575,5.4535000017494895,2386.231600001338,7750.458598726114
1782359264,2,,Aggregated,0.500000,0.000000,8,13,21,22,25,33,38,44,2400,2400,2400,629,0,8,20.568141971254132,5.4535000017494895,2386.231600001338,7754.828298887122
1782359265,2,,Aggregated,0.500000,0.000000,8,13,21,22,25,33,38,44,2400,2400,2400,629,0,8,20.568141971254132,5.4535000017494895,2386.231600001338,7754.828298887122
1782359266,2,,Aggregated,0.500000,0.000000,8,13,21,22,25,33,38,44,2400,2400,2400,629,0,8,20.568141971254132,5.4535000017494895,2386.231600001338,7754.828298887122
1782359267,2,,Aggregated,0.600000,0.000000,8,13,21,22,25,33,38,44,2400,2400,2400,630,0,8,20.545520317336056,5.4535000017494895,2386.231600001338,7751.828571428571
1782359268,2,,Aggregated,0.600000,0.000000,8,13,21,22,25,33,38,44,2400,2400,2400,631,0,8,20.547919017313955,5.4535000017494895,2386.231600001338,7756.182250396197
1782359269,2,,Aggregated,0.500000,0.000000,8,13,21,22,25,33,38,44,2400,2400,2400,632,0,8,20.52542310114784,5.4535000017494895,2386.231600001338,7751.958860759493
1782359270,2,,Aggregated,0.500000,0.000000,8,13,21,22,25,33,38,44,2400,2400,2400,632,0,8,20.52542310114784,5.4535000017494895,2386.231600001338,7751.958860759493
1782359271,2,,Aggregated,0.600000,0.000000,8,13,21,22,25,33,38,44,2400,2400,2400,633,0,8,20.50250679293659,5.4535000017494895,2386.231600001338,7748.977883096367
1782359272,2,,Aggregated,0.600000,0.000000,8,13,21,22,25,33,38,44,2400,2400,2400,634,0,8,20.481125394208597,5.4535000017494895,2386.231600001338,7744.7791798107255
1782359273,2,,Aggregated,0.600000,0.000000,8,13,21,22,25,33,38,44,2400,2400,2400,634,0,8,20.481125394208597,5.4535000017494895,2386.231600001338,7744.7791798107255
1782359274,2,,Aggregated,0.600000,0.000000,8,13,21,22,25,33,38,44,2400,2400,2400,635,0,8,20.458098740042388,5.4535000017494895,2386.231600001338,7741.818897637795
1782359275,2,,Aggregated,0.600000,0.000000,8,13,21,22,25,33,38,44,2400,2400,2400,635,0,8,20.458098740042388,5.4535000017494895,2386.231600001338,7741.818897637795
1782359276,2,,Aggregated,0.600000,0.000000,8,13,21,22,25,33,38,44,2400,2400,2400,636,0,8,20.459923584797327,5.4535000017494895,2386.231600001338,7746.154088050314
1782359277,2,,Aggregated,0.600000,0.000000,8,13,21,22,25,33,38,44,2400,2400,2400,637,0,8,20.44800172674002,5.4535000017494895,2386.231600001338,7750.475667189953
1782359278,2,,Aggregated,0.600000,0.000000,8,13,21,22,25,33,38,44,2400,2400,2400,637,0,8,20.44800172674002,5.4535000017494895,2386.231600001338,7750.475667189953
1782359279,2,,Aggregated,0.600000,0.000000,8,13,21,22,25,33,38,44,2400,2400,2400,638,0,8,20.427770062580468,5.4535000017494895,2386.231600001338,7747.520376175548
1782359280,2,,Aggregated,0.600000,0.000000,8,13,21,22,25,33,38,44,2400,2400,2400,638,0,8,20.427770062580468,5.4535000017494895,2386.231600001338,7747.520376175548
1782359281,2,,Aggregated,0.600000,0.000000,8,13,21,22,25,33,38,44,2400,2400,2400,638,0,8,20.427770062580468,5.4535000017494895,2386.231600001338,7747.520376175548
1782359282,2,,Aggregated,0.500000,0.000000,8,13,21,22,25,33,39,49,2400,2400,2400,639,0,8,20.530156494410313,5.4535000017494895,2386.231600001338,7751.826291079812
1782359283,2,,Aggregated,0.500000,0.000000,8,13,21,22,25,33,39,49,2400,2400,2400,639,0,8,20.530156494410313,5.4535000017494895,2386.231600001338,7751.826291079812
1782359284,2,,Aggregated,0.600000,0.000000,8,13,21,22,25,33,39,49,2400,2400,2400,640,0,8,20.508029374889247,5.4535000017494895,2386.231600001338,7748.878125
1782359285,2,,Aggregated,0.600000,0.000000,8,13,21,22,25,33,39,49,2400,2400,2400,641,0,8,20.518956474152844,5.4535000017494895,2386.231600001338,7753.16848673947
1782359286,2,,Aggregated,0.600000,0.000000,8,13,21,22,25,33,39,49,2400,2400,2400,641,0,8,20.518956474152844,5.4535000017494895,2386.231600001338,7753.16848673947
1782359287,2,,Aggregated,0.600000,0.000000,8,13,21,22,25,33,39,49,2400,2400,2400,643,0,8,20.47710046645362,5.4535000017494895,2386.231600001338,7747.295489891136
1782359288,2,,Aggregated,0.600000,0.000000,8,13,21,22,25,33,39,49,2400,2400,2400,643,0,8,20.47710046645362,5.4535000017494895,2386.231600001338,7747.295489891136
1782359289,2,,Aggregated,0.600000,0.000000,8,13,21,22,25,33,39,49,2400,2400,2400,643,0,8,20.47710046645362,5.4535000017494895,2386.231600001338,7747.295489891136
1782359290,2,,Aggregated,0.600000,0.000000,8,13,21,22,25,33,39,49,2400,2400,2400,643,0,8,20.47710046645362,5.4535000017494895,2386.231600001338,7747.295489891136
1782359291,2,,Aggregated,0.600000,0.000000,8,13,21,22,25,33,39,49,2400,2400,2400,645,0,8,20.462295968877875,5.4535000017494895,2386.231600001338,7748.643410852713
1782359292,2,,Aggregated,0.600000,0.000000,8,13,21,22,25,33,39,49,2400,2400,2400,645,0,8,20.462295968877875,5.4535000017494895,2386.231600001338,7748.643410852713
1782359293,2,,Aggregated,0.500000,0.000000,8,13,21,22,25,33,39,49,2400,2400,2400,646,0,8,20.449888080380312,5.4535000017494895,2386.231600001338,7752.90092879257
1782359294,2,,Aggregated,0.500000,0.000000,8,13,21,22,25,33,39,49,2400,2400,2400,646,0,8,20.449888080380312,5.4535000017494895,2386.231600001338,7752.90092879257
1782359295,2,,Aggregated,0.600000,0.000000,8,13,21,22,25,33,39,49,2400,2400,2400,647,0,8,20.42896383295521,5.4535000017494895,2386.231600001338,7748.780525502319
1782359296,2,,Aggregated,0.600000,0.000000,8,13,21,22,25,33,39,49,2400,2400,2400,647,0,8,20.42896383295521,5.4535000017494895,2386.231600001338,7748.780525502319
1782359297,2,,Aggregated,0.700000,0.000000,8,13,21,22,25,33,39,49,2400,2400,2400,648,0,8,20.40680509246697,5.4535000017494895,2386.231600001338,7745.873456790124
1782359298,2,,Aggregated,0.600000,0.000000,8,13,21,22,25,33,39,49,2400,2400,2400,649,0,8,20.385930970594938,5.4535000017494895,2386.231600001338,7742.975346687211
1782359299,2,,Aggregated,0.600000,0.000000,8,13,21,22,25,33,39,49,2400,2400,2400,649,0,8,20.385930970594938,5.4535000017494895,2386.231600001338,7742.975346687211
1782359300,2,,Aggregated,0.600000,0.000000,8,13,21,22,25,33,39,49,2400,2400,2400,650,0,8,20.36504230756411,5.4535000017494895,2386.231600001338,7740.086153846154
1782359301,2,,Aggregated,0.600000,0.000000,8,13,21,22,25,33,39,49,2400,2400,2400,650,0,8,20.36504230756411,5.4535000017494895,2386.231600001338,7740.086153846154
1782359302,2,,Aggregated,0.600000,0.000000,8,13,21,22,25,33,38,49,2400,2400,2400,651,0,8,20.34371551446339,5.4535000017494895,2386.231600001338,7736.010752688172
1782359303,2,,Aggregated,0.600000,0.000000,8,13,21,22,25,33,38,49,2400,2400,2400,651,0,8,20.34371551446339,5.4535000017494895,2386.231600001338,7736.010752688172
1782359304,2,,Aggregated,0.600000,0.000000,8,13,21,22,25,33,38,49,2400,2400,2400,651,0,8,20.34371551446339,5.4535000017494895,2386.231600001338,7736.010752688172
1782359305,2,,Aggregated,0.600000,0.000000,8,13,21,22,25,33,38,49,2400,2400,2400,653,0,8,20.34465803968309,5.4535000017494895,2386.231600001338,7737.376722817764
1782359306,2,,Aggregated,0.600000,0.000000,8,13,21,22,25,33,38,49,2400,2400,2400,653,0,8,20.34465803968309,5.4535000017494895,2386.231600001338,7737.376722817764
1782359307,2,,Aggregated,0.600000,0.000000,8,13,21,22,25,33,38,49,2400,2400,2400,654,0,8,20.326459479996355,5.4535000017494895,2386.231600001338,7734.51376146789
1782359308,2,,Aggregated,0.600000,0.000000,8,13,21,22,25,33,38,49,2400,2400,2400,655,0,8,20.30596916018612,5.4535000017494895,2386.231600001338,7730.471755725191
1782359309,2,,Aggregated,0.600000,0.000000,8,13,21,22,25,33,38,49,2400,2400,2400,655,0,8,20.30596916018612,5.4535000017494895,2386.231600001338,7730.471755725191
1782359310,2,,Aggregated,0.600000,0.000000,8,13,21,22,25,33,38,49,2400,2400,2400,656,0,8,20.285551219397504,5.4535000017494895,2386.231600001338,7727.628048780488
1782359311,2,,Aggregated,0.600000,0.000000,8,13,21,22,25,33,38,49,2400,2400,2400,657,0,8,20.266125570660915,5.4535000017494895,2386.231600001338,7724.79299847793
1782359312,2,,Aggregated,0.600000,0.000000,8,13,21,22,25,33,38,49,2400,2400,2400,657,0,8,20.266125570660915,5.4535000017494895,2386.231600001338,7724.79299847793
1782359313,2,,Aggregated,0.600000,0.000000,8,13,21,22,25,33,38,49,2400,2400,2400,657,0,8,20.266125570660915,5.4535000017494895,2386.231600001338,7724.79299847793
1782359314,2,,Aggregated,0.600000,0.000000,8,13,21,22,25,33,38,49,2400,2400,2400,658,0,8,20.252105926935673,5.4535000017494895,2386.231600001338,7721.966565349544
1782359315,2,,Aggregated,0.600000,0.000000,8,13,21,22,25,33,38,49,2400,2400,2400,658,0,8,20.252105926935673,5.4535000017494895,2386.231600001338,7721.966565349544
1782359316,2,,Aggregated,0.600000,0.000000,8,13,21,22,25,33,38,49,2400,2400,2400,659,0,8,20.25808755678525,5.4535000017494895,2386.231600001338,7726.180576631259
1782359317,2,,Aggregated,0.600000,0.000000,8,13,21,22,25,33,38,49,2400,2400,2400,659,0,8,20.25808755678525,5.4535000017494895,2386.231600001338,7726.180576631259
1782359318,2,,Aggregated,0.600000,0.000000,8,13,21,22,25,33,38,49,2400,2400,2400,661,0,8,20.23484160350995,5.4535000017494895,2386.231600001338,7734.57034795764
1782359319,2,,Aggregated,0.600000,0.000000,8,13,21,22,25,33,38,49,2400,2400,2400,661,0,8,20.23484160350995,5.4535000017494895,2386.231600001338,7734.57034795764
1782359320,2,,Aggregated,0.600000,0.000000,8,13,21,22,25,33,38,49,2400,2400,2400,661,0,8,20.23484160350995,5.4535000017494895,2386.231600001338,7734.57034795764
1782359321,2,,Aggregated,0.600000,0.000000,8,13,21,22,25,33,38,49,2400,2400,2400,661,0,8,20.23484160350995,5.4535000017494895,2386.231600001338,7734.57034795764
1782359322,2,,Aggregated,0.600000,0.000000,8,13,21,22,25,33,38,49,2400,2400,2400,663,0,8,20.22818552024524,5.4535000017494895,2386.231600001338,7734.746606334842
1782359323,2,,Aggregated,0.600000,0.000000,8,13,21,22,25,33,38,49,2400,2400,2400,663,0,8,20.22818552024524,5.4535000017494895,2386.231600001338,7734.746606334842
1782359324,2,,Aggregated,0.600000,0.000000,8,13,21,22,25,33,38,49,2400,2400,2400,663,0,8,20.22818552024524,5.4535000017494895,2386.231600001338,7734.746606334842
1782359325,2,,Aggregated,0.600000,0.000000,8,13,21,22,25,33,38,49,2400,2400,2400,664,0,8,20.208237650482502,5.4535000017494895,2386.231600001338,7731.930722891566
1782359326,2,,Aggregated,0.600000,0.000000,8,13,21,22,25,33,38,49,2400,2400,2400,665,0,8,20.227355187852023,5.4535000017494895,2386.231600001338,7736.091729323308
1782359327,2,,Aggregated,0.600000,0.000000,8,13,21,22,25,33,38,49,2400,2400,2400,665,0,8,20.227355187852023,5.4535000017494895,2386.231600001338,7736.091729323308
1782359328,2,,Aggregated,0.600000,0.000000,8,13,21,22,25,33,38,49,2400,2400,2400,665,0,8,20.227355187852023,5.4535000017494895,2386.231600001338,7736.091729323308
1782359329,2,,Aggregated,0.600000,0.000000,8,13,21,22,25,33,38,49,2400,2400,2400,665,0,8,20.227355187852023,5.4535000017494895,2386.231600001338,7736.091729323308
1782359330,2,,Aggregated,0.500000,0.000000,8,13,21,22,25,33,38,49,2400,2400,2400,667,0,8,20.195179010387193,5.4535000017494895,2386.231600001338,7737.428785607196
1782359332,2,,Aggregated,0.500000,0.000000,8,13,21,22,25,33,38,49,2400,2400,2400,667,0,8,20.195179010387193,5.4535000017494895,2386.231600001338,7737.428785607196
1782359333,2,,Aggregated,0.500000,0.000000,8,13,21,22,25,33,38,49,2400,2400,2400,667,0,8,20.195179010387193,5.4535000017494895,2386.231600001338,7737.428785607196
1782359334,2,,Aggregated,0.600000,0.000000,8,13,21,22,25,33,38,49,2400,2400,2400,669,0,8,20.177893422917958,5.4535000017494895,2386.231600001338,7737.594917787743
1782359335,2,,Aggregated,0.600000,0.000000,8,13,21,22,25,33,38,49,2400,2400,2400,669,0,8,20.177893422917958,5.4535000017494895,2386.231600001338,7737.594917787743
1782359336,2,,Aggregated,0.600000,0.000000,8,13,21,22,25,33,38,49,2400,2400,2400,669,0,8,20.177893422917958,5.4535000017494895,2386.231600001338,7737.594917787743
1782359337,2,,Aggregated,0.600000,0.000000,8,13,21,22,25,33,38,49,2400,2400,2400,670,0,8,20.17071582079403,5.4535000017494895,2386.231600001338,7741.7164179104475
1782359338,2,,Aggregated,0.600000,0.000000,8,13,21,22,25,33,38,49,2400,2400,2400,671,0,8,20.15037034266209,5.4535000017494895,2386.231600001338,7738.919523099851
1782359339,2,,Aggregated,0.600000,0.000000,8,13,21,22,25,33,38,49,2400,2400,2400,671,0,8,20.15037034266209,5.4535000017494895,2386.231600001338,7738.919523099851
1782359340,2,,Aggregated,0.500000,0.000000,8,13,21,22,25,33,38,49,2400,2400,2400,672,0,8,20.15390982132019,5.4535000017494895,2386.231600001338,7743.026785714285
1782359341,2,,Aggregated,0.600000,0.000000,8,13,21,22,25,33,38,49,2400,2400,2400,673,0,8,20.134628528861757,5.4535000017494895,2386.231600001338,7740.236255572066
1782359342,2,,Aggregated,0.600000,0.000000,8,13,21,22,25,33,38,49,2400,2400,2400,673,0,8,20.134628528861757,5.4535000017494895,2386.231600001338,7740.236255572066
1782359343,2,,Aggregated,0.600000,0.000000,8,13,21,22,25,33,38,49,2400,2400,2400,673,0,8,20.134628528861757,5.4535000017494895,2386.231600001338,7740.236255572066
1782359344,2,,Aggregated,0.600000,0.000000,8,13,21,22,25,33,38,49,2400,2400,2400,674,0,8,20.116877596333445,5.4535000017494895,2386.231600001338,7736.299703264095
1782359345,2,,Aggregated,0.600000,0.000000,8,13,21,22,25,33,38,49,2400,2400,2400,675,0,8,20.09583733323746,5.4535000017494895,2386.231600001338,7733.527407407408
1782359346,2,,Aggregated,0.600000,0.000000,8,13,21,22,25,33,38,49,2400,2400,2400,675,0,8,20.09583733323746,5.4535000017494895,2386.231600001338,7733.527407407408
1782359347,2,,Aggregated,0.500000,0.000000,8,13,21,22,25,33,38,49,2400,2400,2400,676,0,8,20.098931656708405,5.4535000017494895,2386.231600001338,7737.618343195266
1782359348,2,,Aggregated,0.500000,0.000000,8,13,21,22,25,33,38,49,2400,2400,2400,676,0,8,20.098931656708405,5.4535000017494895,2386.231600001338,7737.618343195266
1782359349,2,,Aggregated,0.600000,0.000000,8,13,21,22,25,33,38,49,2400,2400,2400,677,0,8,20.091833087050443,5.4535000017494895,2386.231600001338,7741.697193500739
1782359350,2,,Aggregated,0.600000,0.000000,8,13,21,22,25,33,38,49,2400,2400,2400,677,0,8,20.091833087050443,5.4535000017494895,2386.231600001338,7741.697193500739
1782359351,2,,Aggregated,0.600000,0.000000,8,13,21,22,25,33,38,49,2400,2400,2400,678,0,8,20.074370648871778,5.4535000017494895,2386.231600001338,7738.929203539823
1782359352,2,,Aggregated,0.600000,0.000000,8,13,21,22,25,33,38,49,2400,2400,2400,678,0,8,20.074370648871778,5.4535000017494895,2386.231600001338,7738.929203539823
1782359353,2,,Aggregated,0.500000,0.000000,8,13,21,22,25,33,38,49,2400,2400,2400,679,0,8,20.07908497781689,5.4535000017494895,2386.231600001338,7742.994108983799
1782359354,2,,Aggregated,0.500000,0.000000,8,13,21,22,25,33,38,49,2400,2400,2400,679,0,8,20.07908497781689,5.4535000017494895,2386.231600001338,7742.994108983799
1782359355,2,,Aggregated,0.500000,0.000000,8,13,21,22,25,33,38,49,2400,2400,2400,680,0,8,20.066486911673564,5.4535000017494895,2386.231600001338,7747.047058823529
1782359356,2,,Aggregated,0.500000,0.000000,8,13,21,22,25,33,38,49,2400,2400,2400,681,0,8,20.081513068925847,5.4535000017494895,2386.231600001338,7751.0881057268725
1782359357,2,,Aggregated,0.500000,0.000000,8,13,21,22,25,33,38,49,2400,2400,2400,681,0,8,20.081513068925847,5.4535000017494895,2386.231600001338,7751.0881057268725
1782359358,2,,Aggregated,0.500000,0.000000,8,13,21,22,25,33,38,49,2400,2400,2400,681,0,8,20.081513068925847,5.4535000017494895,2386.231600001338,7751.0881057268725
1782359359,2,,Aggregated,0.500000,0.000000,8,13,21,22,25,33,38,49,2400,2400,2400,683,0,8,20.03896207898563,5.2800000048591755,2386.231600001338,7745.565153733529
1782359360,2,,Aggregated,0.500000,0.000000,8,13,21,22,25,33,38,49,2400,2400,2400,683,0,8,20.03896207898563,5.2800000048591755,2386.231600001338,7745.565153733529
1782359361,2,,Aggregated,0.500000,0.000000,8,13,21,22,25,33,38,49,2400,2400,2400,683,0,8,20.03896207898563,5.2800000048591755,2386.231600001338,7745.565153733529
1782359362,2,,Aggregated,0.600000,0.000000,8,13,21,22,25,33,38,49,2400,2400,2400,684,0,8,20.04086271923019,5.2800000048591755,2386.231600001338,7749.590643274853
1782359363,2,,Aggregated,0.600000,0.000000,8,13,21,22,25,33,38,49,2400,2400,2400,684,0,8,20.04086271923019,5.2800000048591755,2386.231600001338,7749.590643274853
1782359364,2,,Aggregated,0.600000,0.000000,8,13,21,22,25,33,38,49,2400,2400,2400,685,0,8,20.03795912401771,5.2800000048591755,2386.231600001338,7753.6043795620435
1782359365,2,,Aggregated,0.600000,0.000000,8,13,21,22,25,33,38,49,2400,2400,2400,685,0,8,20.03795912401771,5.2800000048591755,2386.231600001338,7753.6043795620435
1782359366,2,,Aggregated,0.500000,0.000000,8,13,21,22,25,33,38,49,2400,2400,2400,686,0,8,20.037592565529227,5.2800000048591755,2386.231600001338,7757.606413994169
1782359367,2,,Aggregated,0.500000,0.000000,8,13,21,22,25,33,38,49,2400,2400,2400,686,0,8,20.037592565529227,5.2800000048591755,2386.231600001338,7757.606413994169
1782359368,2,,Aggregated,0.600000,0.000000,8,13,21,22,25,33,38,49,2400,2400,2400,688,0,8,20.026510901093282,5.2800000048591755,2386.231600001338,7765.575581395349
1782359369,2,,Aggregated,0.600000,0.000000,8,13,21,22,25,33,38,49,2400,2400,2400,688,0,8,20.026510901093282,5.2800000048591755,2386.231600001338,7765.575581395349
1782359370,2,,Aggregated,0.600000,0.000000,8,13,21,22,25,33,38,49,2400,2400,2400,688,0,8,20.026510901093282,5.2800000048591755,2386.231600001338,7765.575581395349
1782359371,2,,Aggregated,0.600000,0.000000,8,13,21,22,25,33,38,49,2400,2400,2400,688,0,8,20.026510901093282,5.2800000048591755,2386.231600001338,7765.575581395349
1782359372,2,,Aggregated,0.600000,0.000000,8,13,21,22,25,33,38,49,2400,2400,2400,688,0,8,20.026510901093282,5.2800000048591755,2386.231600001338,7765.575581395349
1782359373,2,,Aggregated,0.500000,0.000000,8,13,21,22,25,33,38,49,2400,2400,2400,690,0,8,20.033254347757634,5.2800000048591755,2386.231600001338,7773.498550724637
1782359374,2,,Aggregated,0.500000,0.000000,8,13,21,22,25,33,38,49,2400,2400,2400,690,0,8,20.033254347757634,5.2800000048591755,2386.231600001338,7773.498550724637
1782359375,2,,Aggregated,0.400000,0.000000,8,13,21,22,25,33,38,49,2400,2400,2400,691,0,8,20.0128263385695,5.2800000048591755,2386.231600001338,7770.736613603473
1782359376,2,,Aggregated,0.400000,0.000000,8,13,21,22,25,33,38,49,2400,2400,2400,691,0,8,20.0128263385695,5.2800000048591755,2386.231600001338,7770.736613603473
1782359377,2,,Aggregated,0.400000,0.000000,8,13,21,22,25,33,38,49,2400,2400,2400,691,0,8,20.0128263385695,5.2800000048591755,2386.231600001338,7770.736613603473
1782359378,2,,Aggregated,0.600000,0.000000,8,13,21,22,25,33,38,49,2400,2400,2400,693,0,8,20.004665367898273,5.2800000048591755,2386.231600001338,7778.61038961039
1782359379,2,,Aggregated,0.600000,0.000000,8,13,21,22,25,33,38,49,2400,2400,2400,693,0,8,20.004665367898273,5.2800000048591755,2386.231600001338,7778.61038961039
1782359380,2,,Aggregated,0.600000,0.000000,8,13,21,22,25,33,38,49,2400,2400,2400,694,0,8,19.99329193076899,5.2800000048591755,2386.231600001338,7782.530259365994
1782359381,2,,Aggregated,0.500000,0.000000,8,13,21,22,25,33,38,49,2400,2400,2400,695,0,8,19.971881870439162,5.113300001539756,2386.231600001338,7779.771223021583
1782359382,2,,Aggregated,0.500000,0.000000,8,13,21,22,25,33,38,49,2400,2400,2400,695,0,8,19.971881870439162,5.113300001539756,2386.231600001338,7779.771223021583
1782359383,2,,Aggregated,0.500000,0.000000,8,13,21,22,25,33,38,49,2400,2400,2400,695,0,8,19.971881870439162,5.113300001539756,2386.231600001338,7779.771223021583
1782359384,2,,Aggregated,0.500000,0.000000,8,13,21,22,25,33,38,49,2400,2400,2400,695,0,8,19.971881870439162,5.113300001539756,2386.231600001338,7779.771223021583
1782359385,2,,Aggregated,0.700000,0.000000,8,13,21,22,25,33,38,49,2400,2400,2400,697,0,8,19.962752941105457,5.113300001539756,2386.231600001338,7787.5738880918225
1782359386,2,,Aggregated,0.700000,0.000000,8,13,21,22,25,33,38,49,2400,2400,2400,697,0,8,19.962752941105457,5.113300001539756,2386.231600001338,7787.5738880918225
1782359387,2,,Aggregated,0.700000,0.000000,8,13,21,22,25,33,38,49,2400,2400,2400,697,0,8,19.962752941105457,5.113300001539756,2386.231600001338,7787.5738880918225
1782359388,2,,Aggregated,0.700000,0.000000,8,13,21,22,25,33,38,49,2400,2400,2400,697,0,8,19.962752941105457,5.113300001539756,2386.231600001338,7787.5738880918225
1782359389,2,,Aggregated,0.600000,0.000000,8,13,21,22,25,33,38,49,2400,2400,2400,699,0,8,19.932394849709556,5.113300001539756,2386.231600001338,7788.7024320457795
1782359390,2,,Aggregated,0.600000,0.000000,8,13,21,22,25,33,38,49,2400,2400,2400,699,0,8,19.932394849709556,5.113300001539756,2386.231600001338,7788.7024320457795
1782359391,2,,Aggregated,0.600000,0.000000,8,13,21,22,25,33,38,49,2400,2400,2400,700,0,8,19.913455857063777,5.113300001539756,2386.231600001338,7785.954285714286
1782359392,2,,Aggregated,0.600000,0.000000,8,13,21,22,25,33,38,44,2400,2400,2400,701,0,8,19.91888559192549,5.113300001539756,2386.231600001338,7789.824536376605
1782359393,2,,Aggregated,0.600000,0.000000,8,13,21,22,25,33,38,44,2400,2400,2400,701,0,8,19.91888559192549,5.113300001539756,2386.231600001338,7789.824536376605
1782359394,2,,Aggregated,0.600000,0.000000,8,13,21,22,25,33,38,44,2400,2400,2400,702,0,8,19.916580769138797,5.113300001539756,2386.231600001338,7793.683760683761
1782359395,2,,Aggregated,0.600000,0.000000,8,13,21,22,25,33,38,44,2400,2400,2400,703,0,8,19.93555092452502,5.113300001539756,2386.231600001338,7797.532005689901
1782359396,2,,Aggregated,0.600000,0.000000,8,13,21,22,25,33,38,44,2400,2400,2400,703,0,8,19.93555092452502,5.113300001539756,2386.231600001338,7797.532005689901
1782359397,2,,Aggregated,0.600000,0.000000,8,13,21,22,25,33,38,44,2400,2400,2400,703,0,8,19.93555092452502,5.113300001539756,2386.231600001338,7797.532005689901
1782359398,2,,Aggregated,0.600000,0.000000,8,13,21,22,25,33,38,44,2400,2400,2400,705,0,8,19.920042694954148,5.113300001539756,2386.231600001338,7798.622695035461
1782359399,2,,Aggregated,0.600000,0.000000,8,13,21,22,25,33,38,44,2400,2400,2400,705,0,8,19.920042694954148,5.113300001539756,2386.231600001338,7798.622695035461
1782359400,2,,Aggregated,0.600000,0.000000,8,13,21,22,25,33,38,44,2400,2400,2400,705,0,8,19.920042694954148,5.113300001539756,2386.231600001338,7798.622695035461
1782359401,2,,Aggregated,0.700000,0.000000,8,13,21,22,25,33,38,44,2400,2400,2400,706,0,8,19.909834985753765,5.113300001539756,2386.231600001338,7802.447592067989
1782359402,2,,Aggregated,0.600000,0.000000,8,13,21,22,25,33,38,44,2400,2400,2400,707,0,8,19.890293210671253,5.113300001539756,2386.231600001338,7799.707213578501
1782359403,2,,Aggregated,0.600000,0.000000,8,13,21,22,25,33,38,44,2400,2400,2400,707,0,8,19.890293210671253,5.113300001539756,2386.231600001338,7799.707213578501
1782359404,2,,Aggregated,0.600000,0.000000,8,13,21,22,25,33,38,44,2400,2400,2400,707,0,8,19.890293210671253,5.113300001539756,2386.231600001338,7799.707213578501
1782359405,2,,Aggregated,0.600000,0.000000,8,13,21,22,25,33,38,44,2400,2400,2400,708,0,8,19.873340112910824,5.113300001539756,2386.231600001338,7795.87570621469
1782359406,2,,Aggregated,0.600000,0.000000,8,13,21,22,25,33,38,44,2400,2400,2400,708,0,8,19.873340112910824,5.113300001539756,2386.231600001338,7795.87570621469
1782359407,2,,Aggregated,0.600000,0.000000,8,13,21,22,25,33,38,44,2400,2400,2400,709,0,8,19.856754583845174,5.113300001539756,2386.231600001338,7793.152327221439
1782359408,2,,Aggregated,0.600000,0.000000,8,13,21,22,25,33,38,44,2400,2400,2400,709,0,8,19.856754583845174,5.113300001539756,2386.231600001338,7793.152327221439
1782359409,2,,Aggregated,0.600000,0.000000,8,13,21,22,25,33,38,44,2400,2400,2400,710,0,8,19.837592535141468,5.113300001539756,2386.231600001338,7790.43661971831
1782359410,2,,Aggregated,0.500000,0.000000,8,13,21,22,25,33,38,44,2400,2400,2400,711,0,8,19.816658509072113,4.953499999828637,2386.231600001338,7787.728551336147
1782359411,2,,Aggregated,0.500000,0.000000,8,13,21,22,25,33,38,44,2400,2400,2400,711,0,8,19.816658509072113,4.953499999828637,2386.231600001338,7787.728551336147
1782359412,2,,Aggregated,0.500000,0.000000,8,13,21,22,25,33,38,44,2400,2400,2400,711,0,8,19.816658509072113,4.953499999828637,2386.231600001338,7787.728551336147
1782359413,2,,Aggregated,0.500000,0.000000,8,13,21,22,25,33,38,44,2400,2400,2400,712,0,8,19.821625842626652,4.953499999828637,2386.231600001338,7791.536516853933
1782359414,2,,Aggregated,0.400000,0.000000,8,13,21,22,25,33,38,44,2400,2400,2400,713,0,8,19.801962552521132,4.953499999828637,2386.231600001338,7787.743338008415
1782359415,2,,Aggregated,0.400000,0.000000,8,13,21,22,25,33,38,44,2400,2400,2400,713,0,8,19.801962552521132,4.953499999828637,2386.231600001338,7787.743338008415
1782359416,2,,Aggregated,0.500000,0.000000,8,13,21,22,25,33,38,44,2400,2400,2400,714,0,8,19.785494537732134,4.953499999828637,2386.231600001338,7785.050420168067
1782359417,2,,Aggregated,0.500000,0.000000,8,13,21,22,25,33,38,44,2400,2400,2400,715,0,8,19.77507972019689,4.953499999828637,2386.231600001338,7788.846153846154
1782359418,2,,Aggregated,0.500000,0.000000,8,13,21,22,25,33,38,44,2400,2400,2400,715,0,8,19.77507972019689,4.953499999828637,2386.231600001338,7788.846153846154
1782359419,2,,Aggregated,0.500000,0.000000,8,13,21,22,25,33,38,44,2400,2400,2400,716,0,8,19.756469133995505,4.953499999828637,2386.231600001338,7785.072625698324
1782359420,2,,Aggregated,0.600000,0.000000,8,13,21,22,25,33,38,44,2400,2400,2400,717,0,8,19.758664574534578,4.953499999828637,2386.231600001338,7788.857740585774
1782359421,2,,Aggregated,0.600000,0.000000,8,13,21,22,25,33,38,44,2400,2400,2400,717,0,8,19.758664574534578,4.953499999828637,2386.231600001338,7788.857740585774
1782359422,2,,Aggregated,0.600000,0.000000,8,13,21,22,25,33,38,44,2400,2400,2400,718,0,8,19.746948189325376,4.953499999828637,2386.231600001338,7792.632311977716
1782359423,2,,Aggregated,0.600000,0.000000,8,13,21,22,25,33,38,44,2400,2400,2400,719,0,8,19.735153268334816,4.953499999828637,2386.231600001338,7796.396383866481
1782359424,2,,Aggregated,0.600000,0.000000,8,13,21,22,25,33,38,44,2400,2400,2400,719,0,8,19.735153268334816,4.953499999828637,2386.231600001338,7796.396383866481
1782359425,2,,Aggregated,0.600000,0.000000,8,13,21,22,25,33,38,44,2400,2400,2400,719,0,8,19.735153268334816,4.953499999828637,2386.231600001338,7796.396383866481
1782359426,2,,Aggregated,0.700000,0.000000,8,13,21,22,25,33,38,44,2400,2400,2400,721,0,8,19.699690429859178,4.953499999828637,2386.231600001338,7788.880721220527
1782359427,2,,Aggregated,0.700000,0.000000,8,13,21,22,25,33,38,44,2400,2400,2400,721,0,8,19.699690429859178,4.953499999828637,2386.231600001338,7788.880721220527
1782359428,2,,Aggregated,0.700000,0.000000,8,13,21,22,25,33,38,44,2400,2400,2400,721,0,8,19.699690429859178,4.953499999828637,2386.231600001338,7788.880721220527
1782359429,2,,Aggregated,0.700000,0.000000,8,13,21,22,25,33,38,44,2400,2400,2400,722,0,8,19.680861495748445,4.953499999828637,2386.231600001338,7786.216066481995
1782359430,2,,Aggregated,0.700000,0.000000,8,13,21,22,25,33,38,44,2400,2400,2400,722,0,8,19.680861495748445,4.953499999828637,2386.231600001338,7786.216066481995
1782359431,2,,Aggregated,0.600000,0.000000,8,13,21,22,25,33,38,44,2400,2400,2400,723,0,8,19.66206473018604,4.953499999828637,2386.231600001338,7783.558782849239
1782359432,2,,Aggregated,0.600000,0.000000,8,13,21,22,25,33,38,44,2400,2400,2400,723,0,8,19.66206473018604,4.953499999828637,2386.231600001338,7783.558782849239
1782359433,2,,Aggregated,0.600000,0.000000,8,13,21,22,25,33,38,44,2400,2400,2400,723,0,8,19.66206473018604,4.953499999828637,2386.231600001338,7783.558782849239
1782359434,2,,Aggregated,0.500000,0.000000,8,13,21,22,25,33,38,44,2400,2400,2400,724,0,8,19.66539461315447,4.953499999828637,2386.231600001338,7787.309392265193
1782359435,2,,Aggregated,0.500000,0.000000,8,13,21,22,25,33,38,44,2400,2400,2400,725,0,8,19.689727034379633,4.953499999828637,2386.231600001338,7791.049655172414
1782359436,2,,Aggregated,0.500000,0.000000,8,13,21,22,25,33,38,44,2400,2400,2400,725,0,8,19.689727034379633,4.953499999828637,2386.231600001338,7791.049655172414
1782359437,2,,Aggregated,0.500000,0.000000,8,13,21,22,25,33,38,44,2400,2400,2400,725,0,8,19.689727034379633,4.953499999828637,2386.231600001338,7791.049655172414
1782359438,2,,Aggregated,0.500000,0.000000,8,13,21,22,25,33,38,44,2400,2400,2400,726,0,8,19.67086349851686,4.953499999828637,2386.231600001338,7788.396694214876
1782359440,2,,Aggregated,0.400000,0.000000,8,13,21,22,25,33,38,44,2400,2400,2400,727,0,8,19.65358239329392,4.953499999828637,2386.231600001338,7785.751031636863
1782359441,2,,Aggregated,0.400000,0.000000,8,13,21,22,25,33,38,44,2400,2400,2400,728,0,8,19.667478296599125,4.953499999828637,2386.231600001338,7789.478021978022
1782359442,2,,Aggregated,0.400000,0.000000,8,13,21,22,25,33,38,44,2400,2400,2400,728,0,8,19.667478296599125,4.953499999828637,2386.231600001338,7789.478021978022
1782359443,2,,Aggregated,0.400000,0.000000,8,13,21,22,25,33,38,44,2400,2400,2400,728,0,8,19.667478296599125,4.953499999828637,2386.231600001338,7789.478021978022
1782359444,2,,Aggregated,0.400000,0.000000,8,13,21,22,25,33,38,44,2400,2400,2400,728,0,8,19.667478296599125,4.953499999828637,2386.231600001338,7789.478021978022
1782359445,2,,Aggregated,0.500000,0.000000,8,13,21,22,25,33,38,44,2400,2400,2400,730,0,8,19.6328308218205,4.953499999828637,2386.231600001338,7783.139726027397
1782359446,2,,Aggregated,0.500000,0.000000,8,13,21,22,25,33,38,44,2400,2400,2400,730,0,8,19.6328308218205,4.953499999828637,2386.231600001338,7783.139726027397
1782359447,2,,Aggregated,0.500000,0.000000,8,13,21,22,25,33,38,44,2400,2400,2400,730,0,8,19.6328308218205,4.953499999828637,2386.231600001338,7783.139726027397
1782359448,2,,Aggregated,0.600000,0.000000,8,13,21,22,25,33,38,44,2400,2400,2400,732,0,8,19.62044248623604,4.953499999828637,2386.231600001338,7783.166666666667
1782359449,2,,Aggregated,0.600000,0.000000,8,13,21,22,25,33,38,44,2400,2400,2400,732,0,8,19.62044248623604,4.953499999828637,2386.231600001338,7783.166666666667
1782359450,2,,Aggregated,0.600000,0.000000,8,13,21,22,25,33,38,44,2400,2400,2400,732,0,8,19.62044248623604,4.953499999828637,2386.231600001338,7783.166666666667
1782359451,2,,Aggregated,0.600000,0.000000,8,13,21,22,25,33,38,44,2400,2400,2400,732,0,8,19.62044248623604,4.953499999828637,2386.231600001338,7783.166666666667
1782359452,2,,Aggregated,0.600000,0.000000,8,13,21,22,25,33,38,44,2400,2400,2400,733,0,8,19.602873533312835,4.953499999828637,2386.231600001338,7780.549795361528
1782359453,2,,Aggregated,0.500000,0.000000,8,13,21,22,25,33,38,44,2400,2400,2400,734,0,8,19.586660626591566,4.953499999828637,2386.231600001338,7777.940054495913
1782359454,2,,Aggregated,0.500000,0.000000,8,13,21,22,25,33,38,44,2400,2400,2400,734,0,8,19.586660626591566,4.953499999828637,2386.231600001338,7777.940054495913
1782359455,2,,Aggregated,0.500000,0.000000,8,13,21,22,25,33,38,44,2400,2400,2400,734,0,8,19.586660626591566,4.953499999828637,2386.231600001338,7777.940054495913
1782359456,2,,Aggregated,0.600000,0.000000,8,13,21,22,25,33,38,44,2400,2400,2400,735,0,8,19.569438367232294,4.953499999828637,2386.231600001338,7774.278911564626
1782359457,2,,Aggregated,0.600000,0.000000,8,13,21,22,25,33,38,44,2400,2400,2400,736,0,8,19.576491304237805,4.953499999828637,2386.231600001338,7777.98097826087
1782359458,2,,Aggregated,0.400000,0.000000,8,13,21,22,25,33,38,44,2400,2400,2400,737,0,8,19.561141655252637,4.953499999828637,2386.231600001338,7775.385345997286
1782359459,2,,Aggregated,0.400000,0.000000,8,13,21,22,25,33,38,44,2400,2400,2400,737,0,8,19.561141655252637,4.953499999828637,2386.231600001338,7775.385345997286
1782359460,2,,Aggregated,0.500000,0.000000,8,13,21,22,25,33,38,44,2400,2400,2400,738,0,8,19.554246070349606,4.953499999828637,2386.231600001338,7779.075880758807
1782359461,2,,Aggregated,0.500000,0.000000,8,13,21,22,25,33,38,44,2400,2400,2400,739,0,8,19.5438263869049,4.953499999828637,2386.231600001338,7782.7564276048715
1782359462,2,,Aggregated,0.500000,0.000000,8,13,21,22,25,33,38,44,2400,2400,2400,739,0,8,19.5438263869049,4.953499999828637,2386.231600001338,7782.7564276048715
1782359463,2,,Aggregated,0.500000,0.000000,8,13,21,22,25,33,38,44,2400,2400,2400,739,0,8,19.5438263869049,4.953499999828637,2386.231600001338,7782.7564276048715
1782359464,2,,Aggregated,0.700000,0.000000,8,13,21,22,25,33,38,44,2400,2400,2400,740,0,8,19.546634999888074,4.953499999828637,2386.231600001338,7786.427027027027
1782359465,2,,Aggregated,0.600000,0.000000,8,13,21,22,25,33,38,44,2400,2400,2400,741,0,8,19.560011605829626,4.953499999828637,2386.231600001338,7790.087719298245
1782359466,2,,Aggregated,0.600000,0.000000,8,13,21,22,25,33,38,44,2400,2400,2400,741,0,8,19.560011605829626,4.953499999828637,2386.231600001338,7790.087719298245
1782359467,2,,Aggregated,0.600000,0.000000,8,13,21,22,25,33,38,44,2400,2400,2400,741,0,8,19.560011605829626,4.953499999828637,2386.231600001338,7790.087719298245
1782359468,2,,Aggregated,0.700000,0.000000,8,13,21,22,25,33,38,44,2400,2400,2400,743,0,8,19.53195370110532,4.953499999828637,2386.231600001338,7791.14266487214
1782359469,2,,Aggregated,0.700000,0.000000,8,13,21,22,25,33,38,44,2400,2400,2400,743,0,8,19.53195370110532,4.953499999828637,2386.231600001338,7791.14266487214
1782359470,2,,Aggregated,0.700000,0.000000,8,13,21,22,25,33,38,44,2400,2400,2400,743,0,8,19.53195370110532,4.953499999828637,2386.231600001338,7791.14266487214
1782359471,2,,Aggregated,0.600000,0.000000,8,13,21,22,25,33,38,44,2400,2400,2400,744,0,8,19.5150155912963,4.953499999828637,2386.231600001338,7788.55376344086
1782359472,2,,Aggregated,0.600000,0.000000,8,13,21,22,25,33,38,44,2400,2400,2400,745,0,8,19.516802818694888,4.953499999828637,2386.231600001338,7792.191946308725
1782359473,2,,Aggregated,0.500000,0.000000,8,13,21,22,25,33,38,44,2400,2400,2400,746,0,8,19.505740616520278,4.953499999828637,2386.231600001338,7795.820375335121
1782359474,2,,Aggregated,0.500000,0.000000,8,13,21,22,25,33,38,44,2400,2400,2400,746,0,8,19.505740616520278,4.953499999828637,2386.231600001338,7795.820375335121
1782359475,2,,Aggregated,0.600000,0.000000,8,13,21,22,25,33,38,44,2400,2400,2400,747,0,8,19.48746479240237,4.953499999828637,2386.231600001338,7793.235609103079
1782359476,2,,Aggregated,0.600000,0.000000,8,13,21,22,25,33,38,44,2400,2400,2400,748,0,8,19.4704197859983,4.953499999828637,2386.231600001338,7789.617647058823
1782359477,2,,Aggregated,0.600000,0.000000,8,13,21,22,25,33,38,44,2400,2400,2400,748,0,8,19.4704197859983,4.953499999828637,2386.231600001338,7789.617647058823
1782359478,2,,Aggregated,0.600000,0.000000,8,13,21,22,25,33,38,44,2400,2400,2400,748,0,8,19.4704197859983,4.953499999828637,2386.231600001338,7789.617647058823
1782359479,2,,Aggregated,0.700000,0.000000,8,13,21,22,25,33,38,44,2400,2400,2400,750,0,8,19.459326799900737,4.953499999828637,2386.231600001338,7790.664
1782359480,2,,Aggregated,0.700000,0.000000,8,13,21,22,25,33,38,44,2400,2400,2400,750,0,8,19.459326799900737,4.953499999828637,2386.231600001338,7790.664
1782359481,2,,Aggregated,0.700000,0.000000,8,13,21,22,25,33,38,44,2400,2400,2400,750,0,8,19.459326799900737,4.953499999828637,2386.231600001338,7790.664
1782359482,2,,Aggregated,0.700000,0.000000,8,13,21,22,25,33,38,44,2400,2400,2400,750,0,8,19.459326799900737,4.953499999828637,2386.231600001338,7790.664
1782359483,2,,Aggregated,0.700000,0.000000,8,13,21,22,25,33,38,44,2400,2400,2400,751,0,8,19.442398002560775,4.953499999828637,2386.231600001338,7787.063914780293
1782359484,2,,Aggregated,0.600000,0.000000,8,13,21,22,25,33,38,44,2400,2400,2400,752,0,8,19.448518616917816,4.953499999828637,2386.231600001338,7790.670212765957
1782359485,2,,Aggregated,0.600000,0.000000,8,13,21,22,25,33,38,44,2400,2400,2400,752,0,8,19.448518616917816,4.953499999828637,2386.231600001338,7790.670212765957
1782359486,2,,Aggregated,0.600000,0.000000,8,13,21,22,25,33,38,44,2400,2400,2400,753,0,8,19.441294023802826,4.953499999828637,2386.231600001338,7794.266932270916
1782359487,2,,Aggregated,0.600000,0.000000,8,13,21,22,25,33,38,44,2400,2400,2400,753,0,8,19.441294023802826,4.953499999828637,2386.231600001338,7794.266932270916
1782359488,2,,Aggregated,0.600000,0.000000,8,13,21,22,25,33,38,44,2400,2400,2400,753,0,8,19.441294023802826,4.953499999828637,2386.231600001338,7794.266932270916
1782359489,2,,Aggregated,0.600000,0.000000,8,13,21,22,25,33,38,44,2400,2400,2400,754,0,8,19.427489124563728,4.953499999828637,2386.231600001338,7790.676392572945
1782359490,2,,Aggregated,0.500000,0.000000,8,13,21,22,25,33,38,44,2400,2400,2400,755,0,8,19.40990013234427,4.953499999828637,2386.231600001338,7788.12582781457
1782359491,2,,Aggregated,0.500000,0.000000,8,13,21,22,25,33,38,44,2400,2400,2400,755,0,8,19.40990013234427,4.953499999828637,2386.231600001338,7788.12582781457
1782359492,2,,Aggregated,0.500000,0.000000,8,13,21,22,25,33,38,44,2400,2400,2400,756,0,8,19.392524999896295,4.953499999828637,2386.231600001338,7785.58201058201
1782359493,2,,Aggregated,0.500000,0.000000,8,13,21,22,25,33,38,44,2400,2400,2400,756,0,8,19.392524999896295,4.953499999828637,2386.231600001338,7785.58201058201
1782359494,2,,Aggregated,0.600000,0.000000,8,13,21,22,25,33,38,44,2400,2400,2400,757,0,8,19.42462245696498,4.953499999828637,2386.231600001338,7789.166446499339
1782359495,2,,Aggregated,0.600000,0.000000,8,13,21,22,25,33,38,44,2400,2400,2400,757,0,8,19.42462245696498,4.953499999828637,2386.231600001338,7789.166446499339
1782359496,2,,Aggregated,0.500000,0.000000,8,13,21,22,25,33,38,44,2400,2400,2400,758,0,8,19.409742084333192,4.953499999828637,2386.231600001338,7786.627968337731
1782359497,2,,Aggregated,0.500000,0.000000,8,13,21,22,25,33,38,44,2400,2400,2400,758,0,8,19.409742084333192,4.953499999828637,2386.231600001338,7786.627968337731
1782359498,2,,Aggregated,0.500000,0.000000,8,13,21,22,25,33,38,44,2400,2400,2400,758,0,8,19.409742084333192,4.953499999828637,2386.231600001338,7786.627968337731
1782359499,2,,Aggregated,0.500000,0.000000,8,13,21,22,25,33,38,44,2400,2400,2400,760,0,8,19.374646052538562,4.953499999828637,2386.231600001338,7781.571052631579
1782359500,2,,Aggregated,0.500000,0.000000,8,13,21,22,25,33,38,44,2400,2400,2400,760,0,8,19.374646052538562,4.953499999828637,2386.231600001338,7781.571052631579
1782359501,2,,Aggregated,0.500000,0.000000,8,13,21,22,25,33,38,44,2400,2400,2400,760,0,8,19.374646052538562,4.953499999828637,2386.231600001338,7781.571052631579
1782359502,2,,Aggregated,0.500000,0.000000,8,13,21,22,25,33,38,44,2400,2400,2400,760,0,8,19.374646052538562,4.953499999828637,2386.231600001338,7781.571052631579
1782359503,2,,Aggregated,0.500000,0.000000,8,13,21,22,25,33,38,44,2400,2400,2400,762,0,8,19.37118398940264,4.953499999828637,2386.231600001338,7788.703412073491
1782359504,2,,Aggregated,0.500000,0.000000,8,13,21,22,25,33,38,44,2400,2400,2400,762,0,8,19.37118398940264,4.953499999828637,2386.231600001338,7788.703412073491
1782359505,2,,Aggregated,0.500000,0.000000,8,13,21,22,25,33,38,44,2400,2400,2400,762,0,8,19.37118398940264,4.953499999828637,2386.231600001338,7788.703412073491
1782359506,2,,Aggregated,0.600000,0.000000,8,13,21,22,25,33,38,44,2400,2400,2400,764,0,8,19.36139123026996,4.953499999828637,2386.231600001338,7789.732984293194
1782359507,2,,Aggregated,0.600000,0.000000,8,13,21,22,25,33,38,44,2400,2400,2400,764,0,8,19.36139123026996,4.953499999828637,2386.231600001338,7789.732984293194
1782359508,2,,Aggregated,0.600000,0.000000,8,13,21,22,25,33,38,44,2400,2400,2400,764,0,8,19.36139123026996,4.953499999828637,2386.231600001338,7789.732984293194
1782359509,2,,Aggregated,0.600000,0.000000,8,13,21,22,25,33,38,44,2400,2400,2400,765,0,8,19.36641660120621,4.953499999828637,2386.231600001338,7793.274509803921
1782359510,2,,Aggregated,0.600000,0.000000,8,13,21,22,25,33,38,44,2400,2400,2400,766,0,8,19.35907872052726,4.953499999828637,2386.231600001338,7796.80678851175
1782359511,2,,Aggregated,0.600000,0.000000,8,13,21,22,25,33,38,44,2400,2400,2400,766,0,8,19.35907872052726,4.953499999828637,2386.231600001338,7796.80678851175
1782359512,2,,Aggregated,0.600000,0.000000,8,13,21,22,25,33,38,44,2400,2400,2400,766,0,8,19.35907872052726,4.953499999828637,2386.231600001338,7796.80678851175
1782359513,2,,Aggregated,0.600000,0.000000,8,13,21,22,25,33,38,44,2400,2400,2400,768,0,8,19.336348958233884,4.953499999828637,2386.231600001338,7796.796875
1782359514,2,,Aggregated,0.600000,0.000000,8,13,21,22,25,33,38,44,2400,2400,2400,768,0,8,19.336348958233884,4.953499999828637,2386.231600001338,7796.796875
1782359515,2,,Aggregated,0.600000,0.000000,8,13,21,22,25,33,38,44,2400,2400,2400,768,0,8,19.336348958233884,4.953499999828637,2386.231600001338,7796.796875
1782359516,2,,Aggregated,0.600000,0.000000,8,13,21,22,25,33,38,44,2400,2400,2400,769,0,8,19.318873992103324,4.953499999828637,2386.231600001338,7794.2847854356305
1782359517,2,,Aggregated,0.600000,0.000000,8,13,21,22,25,33,38,44,2400,2400,2400,770,0,8,19.301911947950902,4.953499999828637,2386.231600001338,7791.779220779221
1782359518,2,,Aggregated,0.600000,0.000000,8,13,21,22,25,33,38,44,2400,2400,2400,770,0,8,19.301911947950902,4.953499999828637,2386.231600001338,7791.779220779221
1782359519,2,,Aggregated,0.600000,0.000000,8,13,21,22,25,33,38,44,2400,2400,2400,770,0,8,19.301911947950902,4.953499999828637,2386.231600001338,7791.779220779221
1782359520,2,,Aggregated,0.600000,0.000000,8,13,21,22,25,33,38,44,2400,2400,2400,772,0,8,19.269254015433816,4.953499999828637,2386.231600001338,7784.772020725389
1782359521,2,,Aggregated,0.600000,0.000000,8,13,21,22,25,33,38,44,2400,2400,2400,772,0,8,19.269254015433816,4.953499999828637,2386.231600001338,7784.772020725389
1782359522,2,,Aggregated,0.600000,0.000000,8,13,21,22,25,33,38,44,2400,2400,2400,772,0,8,19.269254015433816,4.953499999828637,2386.231600001338,7784.772020725389
1782359523,2,,Aggregated,0.600000,0.000000,8,13,21,22,25,33,38,44,2400,2400,2400,772,0,8,19.269254015433816,4.953499999828637,2386.231600001338,7784.772020725389
1782359524,2,,Aggregated,0.600000,0.000000,8,13,21,22,25,33,38,44,2400,2400,2400,773,0,8,19.28688887440308,4.953499999828637,2386.231600001338,7788.283311772316
1782359525,2,,Aggregated,0.600000,0.000000,8,13,21,22,25,33,38,44,2400,2400,2400,774,0,8,19.270498320308484,4.953499999828637,2386.231600001338,7784.793281653747
1782359526,2,,Aggregated,0.500000,0.000000,8,13,21,22,25,33,38,44,2400,2400,2400,775,0,8,19.253549806345553,4.953499999828637,2386.231600001338,7782.316129032258
1782359527,2,,Aggregated,0.500000,0.000000,8,13,21,22,25,33,38,44,2400,2400,2400,775,0,8,19.253549806345553,4.953499999828637,2386.231600001338,7782.316129032258
1782359528,2,,Aggregated,0.500000,0.000000,8,13,21,22,25,33,38,44,2400,2400,2400,776,0,8,19.25744832463061,4.953499999828637,2386.231600001338,7785.817010309278
1782359529,2,,Aggregated,0.500000,0.000000,8,13,21,22,25,33,38,44,2400,2400,2400,776,0,8,19.25744832463061,4.953499999828637,2386.231600001338,7785.817010309278
1782359530,2,,Aggregated,0.500000,0.000000,8,13,21,22,25,33,38,44,2400,2400,2400,777,0,8,19.247947876337747,4.953499999828637,2386.231600001338,7789.30888030888
1782359531,2,,Aggregated,0.500000,0.000000,8,13,21,22,25,33,38,44,2400,2400,2400,778,0,8,19.234789845650834,4.953499999828637,2386.231600001338,7785.835475578406
1782359532,2,,Aggregated,0.500000,0.000000,8,13,21,22,25,33,38,44,2400,2400,2400,778,0,8,19.234789845650834,4.953499999828637,2386.231600001338,7785.835475578406
1782359533,2,,Aggregated,0.600000,0.000000,8,13,21,22,25,33,38,44,2400,2400,2400,780,0,8,19.221074743482184,4.953499999828637,2386.231600001338,7786.851282051282
1782359534,2,,Aggregated,0.600000,0.000000,8,13,21,22,25,33,38,44,2400,2400,2400,780,0,8,19.221074743482184,4.953499999828637,2386.231600001338,7786.851282051282
1782359535,2,,Aggregated,0.600000,0.000000,8,13,21,22,25,33,38,44,2400,2400,2400,780,0,8,19.221074743482184,4.953499999828637,2386.231600001338,7786.851282051282
1782359536,2,,Aggregated,0.700000,0.000000,8,13,21,22,25,33,38,44,2400,2400,2400,781,0,8,19.2136359794098,4.953499999828637,2386.231600001338,7790.3239436619715
1782359537,2,,Aggregated,0.700000,0.000000,8,13,21,22,25,33,38,44,2400,2400,2400,781,0,8,19.2136359794098,4.953499999828637,2386.231600001338,7790.3239436619715
1782359538,2,,Aggregated,0.600000,0.000000,8,13,21,22,25,33,38,44,2400,2400,2400,782,0,8,19.205444884798972,4.953499999828637,2386.231600001338,7793.787723785166
1782359539,2,,Aggregated,0.600000,0.000000,8,13,21,22,25,33,38,44,2400,2400,2400,782,0,8,19.205444884798972,4.953499999828637,2386.231600001338,7793.787723785166
1782359540,2,,Aggregated,0.600000,0.000000,8,13,21,22,25,33,38,44,2400,2400,2400,782,0,8,19.205444884798972,4.953499999828637,2386.231600001338,7793.787723785166
1782359541,2,,Aggregated,0.600000,0.000000,8,13,21,22,25,33,38,44,2400,2400,2400,783,0,8,19.19167317996589,4.953499999828637,2386.231600001338,7791.3243933588765
1782359542,2,,Aggregated,0.600000,0.000000,8,13,21,22,25,33,38,44,2400,2400,2400,784,0,8,19.177741326418573,4.953499999828637,2386.231600001338,7787.875
1782359543,2,,Aggregated,0.600000,0.000000,8,13,21,22,25,33,38,44,2400,2400,2400,784,0,8,19.177741326418573,4.953499999828637,2386.231600001338,7787.875
1782359544,2,,Aggregated,0.600000,0.000000,8,13,21,22,25,33,38,44,2400,2400,2400,784,0,8,19.177741326418573,4.953499999828637,2386.231600001338,7787.875
1782359545,2,,Aggregated,0.500000,0.000000,8,13,21,22,25,33,38,44,2400,2400,2400,785,0,8,19.179981910713703,4.953499999828637,2386.231600001338,7791.328662420382
1782359546,2,,Aggregated,0.500000,0.000000,8,13,21,22,25,33,38,44,2400,2400,2400,785,0,8,19.179981910713703,4.953499999828637,2386.231600001338,7791.328662420382
1782359547,2,,Aggregated,0.400000,0.000000,8,13,21,22,25,33,38,44,2400,2400,2400,786,0,8,19.162611323039616,4.953499999828637,2386.231600001338,7787.888040712468
1782359548,2,,Aggregated,0.400000,0.000000,8,13,21,22,25,33,38,44,2400,2400,2400,786,0,8,19.162611323039616,4.953499999828637,2386.231600001338,7787.888040712468
1782359549,2,,Aggregated,0.500000,0.000000,8,13,21,22,25,33,38,44,2400,2400,2400,787,0,8,19.145722998611024,4.953499999828637,2386.231600001338,7784.456162642948
1782359550,2,,Aggregated,0.500000,0.000000,8,13,21,22,25,33,38,44,2400,2400,2400,787,0,8,19.145722998611024,4.953499999828637,2386.231600001338,7784.456162642948
1782359551,2,,Aggregated,0.400000,0.000000,8,13,21,22,25,33,38,44,2400,2400,2400,788,0,8,19.129726522722766,4.953499999828637,2386.231600001338,7782.0203045685275
1782359552,2,,Aggregated,0.500000,0.000000,8,13,21,22,25,33,38,44,2400,2400,2400,789,0,8,19.114307731188816,4.953499999828637,2386.231600001338,7779.59062103929
1782359553,2,,Aggregated,0.500000,0.000000,8,13,21,22,25,33,38,44,2400,2400,2400,790,0,8,19.118256328999184,4.953499999828637,2386.231600001338,7783.032911392405
1782359554,2,,Aggregated,0.500000,0.000000,8,13,21,22,25,33,38,44,2400,2400,2400,790,0,8,19.118256328999184,4.953499999828637,2386.231600001338,7783.032911392405
1782359555,2,,Aggregated,0.500000,0.000000,8,13,21,22,25,33,38,44,2400,2400,2400,791,0,8,19.10331845753548,4.953499999828637,2386.231600001338,7780.60809102402
1782359556,2,,Aggregated,0.600000,0.000000,8,13,21,22,25,33,38,44,2400,2400,2400,792,0,8,19.089569444334145,4.953499999828637,2386.231600001338,7778.189393939394
1782359557,2,,Aggregated,0.600000,0.000000,8,13,21,22,25,33,38,44,2400,2400,2400,792,0,8,19.089569444334145,4.953499999828637,2386.231600001338,7778.189393939394
1782359558,2,,Aggregated,0.600000,0.000000,8,13,21,22,25,33,38,44,2400,2400,2400,793,0,8,19.074503404677294,4.953499999828637,2386.231600001338,7775.776796973519
1782359560,2,,Aggregated,0.600000,0.000000,8,13,21,22,25,33,38,44,2400,2400,2400,793,0,8,19.074503404677294,4.953499999828637,2386.231600001338,7775.776796973519
1782359561,2,,Aggregated,0.600000,0.000000,8,13,21,22,25,33,38,44,2400,2400,2400,794,0,8,19.06180642306418,4.953499999828637,2386.231600001338,7773.370277078086
1782359562,2,,Aggregated,0.700000,0.000000,8,13,21,22,25,33,38,44,2400,2400,2400,795,0,8,19.04778037725072,4.953499999828637,2386.231600001338,7770.969811320755
1782359563,2,,Aggregated,0.700000,0.000000,8,13,21,22,25,33,38,44,2400,2400,2400,795,0,8,19.04778037725072,4.953499999828637,2386.231600001338,7770.969811320755
1782359564,2,,Aggregated,0.700000,0.000000,8,13,21,22,25,33,38,44,2400,2400,2400,795,0,8,19.04778037725072,4.953499999828637,2386.231600001338,7770.969811320755
1782359565,2,,Aggregated,0.700000,0.000000,8,13,21,22,25,33,38,44,2400,2400,2400,796,0,8,19.031782914470426,4.953499999828637,2386.231600001338,7768.575376884422
1782359566,2,,Aggregated,0.600000,0.000000,8,13,21,22,25,33,38,49,2400,2400,2400,797,0,8,19.07387854443548,4.953499999828637,2386.231600001338,7772.001254705145
1782359567,2,,Aggregated,0.600000,0.000000,8,13,21,22,25,33,38,49,2400,2400,2400,797,0,8,19.07387854443548,4.953499999828637,2386.231600001338,7772.001254705145
1782359568,2,,Aggregated,0.600000,0.000000,8,13,21,22,25,33,38,49,2400,2400,2400,797,0,8,19.07387854443548,4.953499999828637,2386.231600001338,7772.001254705145
1782359569,2,,Aggregated,0.500000,0.000000,8,13,21,22,25,33,38,49,2400,2400,2400,799,0,8,19.05581201490247,4.953499999828637,2386.231600001338,7772.05381727159
1782359570,2,,Aggregated,0.500000,0.000000,8,13,21,22,25,33,38,49,2400,2400,2400,799,0,8,19.05581201490247,4.953499999828637,2386.231600001338,7772.05381727159
1782359571,2,,Aggregated,0.500000,0.000000,8,13,21,22,25,33,38,49,2400,2400,2400,799,0,8,19.05581201490247,4.953499999828637,2386.231600001338,7772.05381727159
1782359572,2,,Aggregated,0.500000,0.000000,8,13,21,22,25,33,38,49,2400,2400,2400,799,0,8,19.05581201490247,4.953499999828637,2386.231600001338,7772.05381727159
1782359573,2,,Aggregated,0.600000,0.000000,8,13,21,22,25,33,38,44,2400,2400,2400,801,0,8,19.051991011118606,4.953499999828637,2386.231600001338,7778.862671660425
1782359574,2,,Aggregated,0.600000,0.000000,8,13,21,22,25,33,38,44,2400,2400,2400,801,0,8,19.051991011118606,4.953499999828637,2386.231600001338,7778.862671660425
1782359575,2,,Aggregated,0.600000,0.000000,8,13,21,22,25,33,38,44,2400,2400,2400,801,0,8,19.051991011118606,4.953499999828637,2386.231600001338,7778.862671660425
1782359576,2,,Aggregated,0.600000,0.000000,8,13,21,22,25,33,38,44,2400,2400,2400,801,0,8,19.051991011118606,4.953499999828637,2386.231600001338,7778.862671660425
1782359577,2,,Aggregated,0.600000,0.000000,8,13,21,22,25,33,38,44,2400,2400,2400,803,0,8,19.04069613935178,4.953499999828637,2386.231600001338,7778.897882938979
1782359578,2,,Aggregated,0.600000,0.000000,8,13,21,22,25,33,38,44,2400,2400,2400,803,0,8,19.04069613935178,4.953499999828637,2386.231600001338,7778.897882938979
1782359579,2,,Aggregated,0.600000,0.000000,8,13,21,22,25,33,38,44,2400,2400,2400,803,0,8,19.04069613935178,4.953499999828637,2386.231600001338,7778.897882938979
1782359580,2,,Aggregated,0.600000,0.000000,8,13,21,22,25,33,38,44,2400,2400,2400,804,0,8,19.034575248635285,4.953499999828637,2386.231600001338,7782.281094527363
1782359581,2,,Aggregated,0.600000,0.000000,8,13,21,22,25,33,38,44,2400,2400,2400,805,0,8,19.021560248332417,4.953499999828637,2386.231600001338,7779.899378881988
1782359582,2,,Aggregated,0.600000,0.000000,8,13,21,22,25,33,38,44,2400,2400,2400,805,0,8,19.021560248332417,4.953499999828637,2386.231600001338,7779.899378881988
1782359583,2,,Aggregated,0.600000,0.000000,8,13,21,22,25,33,38,44,2400,2400,2400,805,0,8,19.021560248332417,4.953499999828637,2386.231600001338,7779.899378881988
1782359584,2,,Aggregated,0.600000,0.000000,8,13,21,22,25,33,38,44,2400,2400,2400,806,0,8,19.007163275317126,4.953499999828637,2386.231600001338,7777.523573200992
1782359585,2,,Aggregated,0.400000,0.000000,8,13,21,22,25,33,38,44,2400,2400,2400,807,0,8,19.017533333212224,4.953499999828637,2386.231600001338,7780.8959107806695
1782359586,2,,Aggregated,0.400000,0.000000,8,13,21,22,25,33,38,44,2400,2400,2400,807,0,8,19.017533333212224,4.953499999828637,2386.231600001338,7780.8959107806695
1782359587,2,,Aggregated,0.500000,0.000000,8,13,21,22,25,33,38,44,2400,2400,2400,808,0,8,19.00122673254877,4.953499999828637,2386.231600001338,7777.561881188119
1782359588,2,,Aggregated,0.500000,0.000000,8,13,21,22,25,33,38,44,2400,2400,2400,808,0,8,19.00122673254877,4.953499999828637,2386.231600001338,7777.561881188119
1782359589,2,,Aggregated,0.400000,0.000000,8,13,21,22,25,33,38,44,2400,2400,2400,809,0,8,19.02539876378488,4.953499999828637,2386.231600001338,7780.925834363412
1782359590,2,,Aggregated,0.400000,0.000000,8,13,21,22,25,33,38,44,2400,2400,2400,809,0,8,19.02539876378488,4.953499999828637,2386.231600001338,7780.925834363412
1782359591,2,,Aggregated,0.400000,0.000000,8,13,21,22,25,33,38,44,2400,2400,2400,809,0,8,19.02539876378488,4.953499999828637,2386.231600001338,7780.925834363412
1782359592,2,,Aggregated,0.600000,0.000000,8,13,21,22,25,33,38,44,2400,2400,2400,810,0,8,19.029544938153034,4.953499999828637,2386.231600001338,7784.281481481482
1782359593,2,,Aggregated,0.600000,0.000000,8,13,21,22,25,33,38,44,2400,2400,2400,811,0,8,19.02094969161902,4.953499999828637,2386.231600001338,7787.628853267571
1782359594,2,,Aggregated,0.600000,0.000000,8,13,21,22,25,33,38,44,2400,2400,2400,811,0,8,19.02094969161902,4.953499999828637,2386.231600001338,7787.628853267571
1782359595,2,,Aggregated,0.600000,0.000000,8,13,21,22,25,33,38,44,2400,2400,2400,812,0,8,19.013326477712155,4.953499999828637,2386.231600001338,7790.967980295566
1782359596,2,,Aggregated,0.600000,0.000000,8,13,21,22,25,33,38,44,2400,2400,2400,812,0,8,19.013326477712155,4.953499999828637,2386.231600001338,7790.967980295566
1782359597,2,,Aggregated,0.600000,0.000000,8,13,21,22,25,33,38,44,2400,2400,2400,812,0,8,19.013326477712155,4.953499999828637,2386.231600001338,7790.967980295566
1782359598,2,,Aggregated,0.500000,0.000000,8,13,21,22,25,33,38,44,2400,2400,2400,813,0,8,18.999317097045534,4.953499999828637,2386.231600001338,7787.642066420664
1782359599,2,,Aggregated,0.500000,0.000000,8,13,21,22,25,33,38,44,2400,2400,2400,814,0,8,19.002973095695726,4.953499999828637,2386.231600001338,7790.972972972973
1782359600,2,,Aggregated,0.500000,0.000000,8,13,21,22,25,33,38,44,2400,2400,2400,814,0,8,19.002973095695726,4.953499999828637,2386.231600001338,7790.972972972973
1782359601,2,,Aggregated,0.500000,0.000000,8,13,21,22,25,33,38,44,2400,2400,2400,814,0,8,19.002973095695726,4.953499999828637,2386.231600001338,7790.972972972973
1782359602,2,,Aggregated,0.600000,0.000000,8,13,21,22,25,33,38,44,2400,2400,2400,816,0,8,18.988928431242005,4.953499999828637,2386.231600001338,7797.610294117647
1782359603,2,,Aggregated,0.600000,0.000000,8,13,21,22,25,33,38,44,2400,2400,2400,816,0,8,18.988928431242005,4.953499999828637,2386.231600001338,7797.610294117647
1782359604,2,,Aggregated,0.600000,0.000000,8,13,21,22,25,33,38,44,2400,2400,2400,816,0,8,18.988928431242005,4.953499999828637,2386.231600001338,7797.610294117647
1782359605,2,,Aggregated,0.500000,0.000000,8,13,21,22,25,33,38,44,2400,2400,2400,817,0,8,19.012311260580216,4.953499999828637,2386.231600001338,7800.916768665851
1782359606,2,,Aggregated,0.500000,0.000000,8,13,21,22,25,33,38,44,2400,2400,2400,818,0,8,18.999777994977727,4.953499999828637,2386.231600001338,7798.550122249389
1782359607,2,,Aggregated,0.500000,0.000000,8,13,21,22,25,33,38,44,2400,2400,2400,818,0,8,18.999777994977727,4.953499999828637,2386.231600001338,7798.550122249389
1782359608,2,,Aggregated,0.500000,0.000000,8,13,21,22,25,33,38,44,2400,2400,2400,818,0,8,18.999777994977727,4.953499999828637,2386.231600001338,7798.550122249389
1782359609,2,,Aggregated,0.600000,0.000000,8,13,21,22,25,33,38,44,2400,2400,2400,819,0,8,18.98450598277438,4.953499999828637,2386.231600001338,7796.189255189255
1782359610,2,,Aggregated,0.600000,0.000000,8,13,21,22,25,33,38,44,2400,2400,2400,819,0,8,18.98450598277438,4.953499999828637,2386.231600001338,7796.189255189255
1782359611,2,,Aggregated,0.500000,0.000000,8,13,21,22,25,33,38,44,2400,2400,2400,820,0,8,18.968852073042555,4.953499999828637,2386.231600001338,7793.834146341464
1782359612,2,,Aggregated,0.500000,0.000000,8,13,21,22,25,33,38,44,2400,2400,2400,820,0,8,18.968852073042555,4.953499999828637,2386.231600001338,7793.834146341464
1782359613,2,,Aggregated,0.600000,0.000000,8,13,21,22,25,33,38,44,2400,2400,2400,821,0,8,18.95342265516585,4.953499999828637,2386.231600001338,7791.484774665043
1782359614,2,,Aggregated,0.600000,0.000000,8,13,21,22,25,33,38,44,2400,2400,2400,822,0,8,18.957263746822434,4.953499999828637,2386.231600001338,7794.778588807786
1782359615,2,,Aggregated,0.600000,0.000000,8,13,21,22,25,33,38,44,2400,2400,2400,822,0,8,18.957263746822434,4.953499999828637,2386.231600001338,7794.778588807786
1782359616,2,,Aggregated,0.600000,0.000000,8,13,21,22,25,33,38,44,2400,2400,2400,824,0,8,18.950996237727292,4.953499999828637,2386.231600001338,7795.718446601942
1782359617,2,,Aggregated,0.600000,0.000000,8,13,21,22,25,33,38,44,2400,2400,2400,824,0,8,18.950996237727292,4.953499999828637,2386.231600001338,7795.718446601942
1782359618,2,,Aggregated,0.600000,0.000000,8,13,21,22,25,33,38,44,2400,2400,2400,824,0,8,18.950996237727292,4.953499999828637,2386.231600001338,7795.718446601942
1782359619,2,,Aggregated,0.600000,0.000000,8,13,21,22,25,33,38,44,2400,2400,2400,825,0,8,18.93572836349697,4.953499999828637,2386.231600001338,7792.435151515151
1782359620,2,,Aggregated,0.600000,0.000000,8,13,21,22,25,33,38,44,2400,2400,2400,826,0,8,18.93984467297581,4.953499999828637,2386.231600001338,7795.71186440678
1782359621,2,,Aggregated,0.600000,0.000000,8,13,21,22,25,33,38,44,2400,2400,2400,826,0,8,18.93984467297581,4.953499999828637,2386.231600001338,7795.71186440678
1782359622,2,,Aggregated,0.600000,0.000000,8,13,21,22,25,33,38,44,2400,2400,2400,826,0,8,18.93984467297581,4.953499999828637,2386.231600001338,7795.71186440678
1782359623,2,,Aggregated,0.600000,0.000000,8,13,21,22,25,33,38,44,2400,2400,2400,827,0,8,18.93165018123027,4.953499999828637,2386.231600001338,7798.980652962515
1782359624,2,,Aggregated,0.600000,0.000000,8,13,21,22,25,33,38,44,2400,2400,2400,828,0,8,18.917228381500195,4.953499999828637,2386.231600001338,7796.644927536232
1782359625,2,,Aggregated,0.600000,0.000000,8,13,21,22,25,33,38,44,2400,2400,2400,828,0,8,18.917228381500195,4.953499999828637,2386.231600001338,7796.644927536232
1782359626,2,,Aggregated,0.500000,0.000000,8,13,21,22,25,33,38,44,2400,2400,2400,829,0,8,18.902728588517125,4.953499999828637,2386.231600001338,7794.314837153197
1782359627,2,,Aggregated,0.500000,0.000000,8,13,21,22,25,33,38,44,2400,2400,2400,829,0,8,18.902728588517125,4.953499999828637,2386.231600001338,7794.314837153197
1782359628,2,,Aggregated,0.500000,0.000000,8,13,21,22,25,33,38,44,2400,2400,2400,830,0,8,18.910135662508218,4.953499999828637,2386.231600001338,7797.573493975904
1782359629,2,,Aggregated,0.500000,0.000000,8,13,21,22,25,33,38,44,2400,2400,2400,830,0,8,18.910135662508218,4.953499999828637,2386.231600001338,7797.573493975904
1782359630,2,,Aggregated,0.500000,0.000000,8,13,21,22,25,33,38,44,2400,2400,2400,830,0,8,18.910135662508218,4.953499999828637,2386.231600001338,7797.573493975904
1782359631,2,,Aggregated,0.500000,0.000000,8,13,21,22,25,33,38,44,2400,2400,2400,831,0,8,18.89725788192438,4.953499999828637,2386.231600001338,7794.311672683514
1782359632,2,,Aggregated,0.500000,0.000000,8,13,21,22,25,33,38,44,2400,2400,2400,832,0,8,18.883628365240558,4.953499999828637,2386.231600001338,7791.992788461538
1782359633,2,,Aggregated,0.500000,0.000000,8,13,21,22,25,33,38,44,2400,2400,2400,832,0,8,18.883628365240558,4.953499999828637,2386.231600001338,7791.992788461538
1782359634,2,,Aggregated,0.500000,0.000000,8,13,21,22,25,33,38,44,2400,2400,2400,832,0,8,18.883628365240558,4.953499999828637,2386.231600001338,7791.992788461538
1782359635,2,,Aggregated,0.600000,0.000000,8,13,21,22,25,33,38,44,2400,2400,2400,833,0,8,18.868114885803937,4.953499999828637,2386.231600001338,7789.679471788715
1782359636,2,,Aggregated,0.600000,0.000000,8,13,21,22,25,33,38,44,2400,2400,2400,833,0,8,18.868114885803937,4.953499999828637,2386.231600001338,7789.679471788715
1782359637,2,,Aggregated,0.500000,0.000000,8,13,21,22,25,33,38,44,2400,2400,2400,834,0,8,18.853625779233695,4.953499999828637,2386.231600001338,7787.37170263789
1782359638,2,,Aggregated,0.500000,0.000000,8,13,21,22,25,33,38,44,2400,2400,2400,834,0,8,18.853625779233695,4.953499999828637,2386.231600001338,7787.37170263789
1782359639,2,,Aggregated,0.500000,0.000000,8,13,21,22,25,33,38,44,2400,2400,2400,835,0,8,18.875381796258992,4.953499999828637,2386.231600001338,7790.619161676646
1782359640,2,,Aggregated,0.500000,0.000000,8,13,21,22,25,33,38,44,2400,2400,2400,835,0,8,18.875381796258992,4.953499999828637,2386.231600001338,7790.619161676646
1782359641,2,,Aggregated,0.500000,0.000000,8,13,21,22,25,33,38,44,2400,2400,2400,837,0,8,18.866133094235884,4.953499999828637,2386.231600001338,7791.554360812425
1782359642,2,,Aggregated,0.500000,0.000000,8,13,21,22,25,33,38,44,2400,2400,2400,837,0,8,18.866133094235884,4.953499999828637,2386.231600001338,7791.554360812425
1782359643,2,,Aggregated,0.500000,0.000000,8,13,21,22,25,33,38,44,2400,2400,2400,838,0,8,18.86113782800614,4.953499999828637,2386.231600001338,7794.785202863962
1782359644,2,,Aggregated,0.600000,0.000000,8,13,21,22,25,33,38,44,2400,2400,2400,839,0,8,18.848731704251215,4.953499999828637,2386.231600001338,7792.485101311085
