Timestamp,User Count,Type,Name,Requests/s,Failures/s,50%,66%,75%,80%,90%,95%,98%,99%,99.9%,99.99%,100%,Total Request Count,Total Failure Count,Total Median Response Time,Total Average Response Time,Total Min Response Time,Total Max Response Time,Total Average Content Size
1782210707,0,,Aggregated,0.000000,0.000000,N/A,N/A,N/A,N/A,N/A,N/A,N/A,N/A,N/A,N/A,N/A,0,0,0,0.0,0,0,0
1782210708,1,,Aggregated,0.000000,0.000000,34,34,34,34,34,34,34,34,34,34,34,1,0,33.817999999882886,33.817999999882886,33.817999999882886,33.817999999882886,5865.0
1782210709,3,,Aggregated,0.000000,0.000000,34,34,34,34,34,34,34,34,34,34,34,2,0,13,23.22854999874835,12.639099997613812,33.817999999882886,5865.0
1782210710,3,,Aggregated,0.000000,0.000000,34,34,43,43,43,43,43,43,43,43,43,4,0,13,23.803374999260996,5.863800000952324,42.89259999859496,7023.5
1782210711,3,,Aggregated,0.000000,0.000000,34,34,43,43,43,43,43,43,43,43,43,4,0,13,23.803374999260996,5.863800000952324,42.89259999859496,7023.5
1782210712,3,,Aggregated,1.333333,0.000000,13,34,34,43,43,43,43,43,43,43,43,5,0,13,21.386359999451088,5.863800000952324,42.89259999859496,7718.6
1782210713,3,,Aggregated,1.000000,0.000000,13,13,34,34,43,43,43,43,43,43,43,6,0,12,18.774983333059936,5.718100001104176,42.89259999859496,7409.666666666667
1782210714,3,,Aggregated,0.800000,0.000000,13,27,34,34,43,43,43,43,43,43,43,8,0,12,18.30462499992791,5.718100001104176,42.89259999859496,7505.5
1782210715,3,,Aggregated,0.800000,0.000000,13,27,34,34,43,43,43,43,43,43,43,8,0,12,18.30462499992791,5.718100001104176,42.89259999859496,7505.5
1782210716,3,,Aggregated,0.857143,0.000000,12,13,27,34,43,43,43,43,43,43,43,9,0,12,17.61885555566146,5.718100001104176,42.89259999859496,7838.111111111111
1782210717,3,,Aggregated,1.000000,0.000000,12,13,27,34,43,43,43,43,43,43,43,10,0,12,16.50039000014658,5.718100001104176,42.89259999859496,7563.0
1782210718,3,,Aggregated,0.888889,0.000000,12,15,27,27,34,43,43,43,43,43,43,11,0,12,16.36407272731462,5.718100001104176,42.89259999859496,7829.909090909091
1782210719,3,,Aggregated,0.888889,0.000000,12,13,27,27,34,43,43,43,43,43,43,12,0,12,16.02405833333857,5.718100001104176,42.89259999859496,8052.333333333333
1782210720,3,,Aggregated,0.900000,0.000000,12,13,15,27,34,43,43,43,43,43,43,13,0,12,15.410069230711088,5.718100001104176,42.89259999859496,7884.076923076923
1782210721,3,,Aggregated,1.000000,0.000000,12,13,15,27,34,43,43,43,43,43,43,14,0,12,14.745607142945769,5.718100001104176,42.89259999859496,7739.857142857143
1782210722,3,,Aggregated,1.000000,0.000000,12,13,15,27,34,43,43,43,43,43,43,14,0,12,14.745607142945769,5.718100001104176,42.89259999859496,7739.857142857143
1782210723,3,,Aggregated,0.900000,0.000000,12,13,25,27,34,43,43,43,43,43,43,15,0,12,15.45350666686621,5.718100001104176,42.89259999859496,7923.8
1782210724,3,,Aggregated,1.000000,0.000000,12,15,25,25,34,43,43,43,43,43,43,16,0,12,15.661606250205296,5.718100001104176,42.89259999859496,8084.75
1782210725,3,,Aggregated,1.000000,0.000000,12,13,19,25,34,43,43,43,43,43,43,18,0,12,14.693350000218036,5.718100001104176,42.89259999859496,7838.111111111111
1782210726,3,,Aggregated,1.000000,0.000000,12,13,19,25,34,43,43,43,43,43,43,18,0,12,14.693350000218036,5.718100001104176,42.89259999859496,7838.111111111111
1782210727,3,,Aggregated,0.800000,0.000000,12,13,19,25,34,43,43,43,43,43,43,19,0,12,14.263594737138575,5.718100001104176,42.89259999859496,7734.263157894737
1782210728,3,,Aggregated,1.000000,0.000000,12,13,19,25,34,43,43,43,43,43,43,20,0,8,13.888185000359954,5.718100001104176,42.89259999859496,7640.8
1782210729,3,,Aggregated,0.900000,0.000000,12,13,19,25,27,34,43,43,43,43,43,21,0,12,14.439576190766058,5.718100001104176,42.89259999859496,7776.9047619047615
1782210730,3,,Aggregated,0.900000,0.000000,12,13,19,25,27,34,43,43,43,43,43,22,0,12,14.393050000349335,5.718100001104176,42.89259999859496,7900.636363636364
1782210731,3,,Aggregated,0.900000,0.000000,12,13,19,25,27,34,43,43,43,43,43,22,0,12,14.393050000349335,5.718100001104176,42.89259999859496,7900.636363636364
1782210732,3,,Aggregated,0.800000,0.000000,12,13,19,25,27,34,43,43,43,43,43,23,0,12,14.061965217716415,5.718100001104176,42.89259999859496,7778.304347826087
1782210733,3,,Aggregated,0.900000,0.000000,12,13,19,25,27,34,43,43,43,43,43,24,0,8,13.747383333641968,5.718100001104176,42.89259999859496,7666.166666666667
1782210734,3,,Aggregated,0.900000,0.000000,12,13,15,25,27,34,43,43,43,43,43,25,0,12,13.769892000273103,5.718100001104176,42.89259999859496,7779.48
1782210735,3,,Aggregated,0.800000,0.000000,12,13,15,19,27,34,43,43,43,43,43,26,0,8,13.458461538763144,5.672700001014164,42.89259999859496,7705.846153846154
1782210736,3,,Aggregated,0.900000,0.000000,8,13,15,19,27,34,43,43,43,43,43,27,0,8,13.169351852142157,5.6524999999965075,42.89259999859496,7637.666666666667
1782210737,3,,Aggregated,0.900000,0.000000,8,13,15,19,27,34,43,43,43,43,43,27,0,8,13.169351852142157,5.6524999999965075,42.89259999859496,7637.666666666667
1782210738,3,,Aggregated,0.800000,0.000000,12,13,15,25,34,37,43,43,43,43,43,29,0,12,13.984075862340276,5.6524999999965075,42.89259999859496,7835.0
1782210739,3,,Aggregated,0.900000,0.000000,12,13,15,25,34,37,43,43,43,43,43,30,0,8,13.761480000296919,5.6524999999965075,42.89259999859496,7743.4
1782210740,3,,Aggregated,0.900000,0.000000,12,13,15,25,34,37,43,43,43,43,43,30,0,8,13.761480000296919,5.6524999999965075,42.89259999859496,7743.4
1782210741,3,,Aggregated,0.900000,0.000000,8,13,15,19,27,37,43,43,43,43,43,31,0,8,13.528029032562289,5.6524999999965075,42.89259999859496,7682.806451612903
1782210742,3,,Aggregated,0.900000,0.000000,7,13,14,19,27,37,43,43,43,43,43,33,0,7,13.077269697312273,5.6524999999965075,42.89259999859496,7525.484848484848
1782210743,3,,Aggregated,0.900000,0.000000,7,13,14,19,27,37,43,43,43,43,43,33,0,7,13.077269697312273,5.6524999999965075,42.89259999859496,7525.484848484848
1782210744,3,,Aggregated,0.800000,0.000000,7,13,14,19,27,37,43,43,43,43,43,34,0,7,12.872238235585803,5.6524999999965075,42.89259999859496,7476.64705882353
1782210745,3,,Aggregated,0.800000,0.000000,7,13,14,19,27,37,43,43,43,43,43,34,0,7,12.872238235585803,5.6524999999965075,42.89259999859496,7476.64705882353
1782210746,3,,Aggregated,0.900000,0.000000,8,13,15,19,27,37,43,43,43,43,43,36,0,7,13.20923333363074,5.6524999999965075,42.89259999859496,7644.555555555556
1782210747,3,,Aggregated,0.900000,0.000000,8,13,14,19,27,37,43,43,43,43,43,37,0,8,13.20008648680586,5.6524999999965075,42.89259999859496,7721.7027027027025
1782210748,3,,Aggregated,0.800000,0.000000,8,13,14,19,27,37,43,43,43,43,43,38,0,7,13.013592105524271,5.6524999999965075,42.89259999859496,7672.8421052631575
1782210749,3,,Aggregated,0.800000,0.000000,8,13,14,19,27,37,43,43,43,43,43,38,0,7,13.013592105524271,5.6524999999965075,42.89259999859496,7672.8421052631575
1782210751,3,,Aggregated,0.800000,0.000000,8,13,14,19,27,37,43,43,43,43,43,38,0,7,13.013592105524271,5.6524999999965075,42.89259999859496,7672.8421052631575
1782210752,3,,Aggregated,0.900000,0.000000,7,13,14,19,27,34,43,43,43,43,43,41,0,7,13.11735609789782,4.828100001759594,42.89259999859496,7653.585365853659
1782210753,3,,Aggregated,0.900000,0.000000,7,13,14,19,27,34,43,43,43,43,43,41,0,7,13.11735609789782,4.828100001759594,42.89259999859496,7653.585365853659
1782210754,3,,Aggregated,0.800000,0.000000,8,13,15,22,27,34,43,43,43,43,43,42,0,7,13.337659524127265,4.828100001759594,42.89259999859496,7721.333333333333
1782210755,3,,Aggregated,1.000000,0.000000,7,13,15,22,27,34,43,43,43,43,43,43,0,7,13.18637674447991,4.828100001759594,42.89259999859496,7678.162790697675
1782210756,3,,Aggregated,0.800000,0.000000,8,13,15,22,27,34,43,43,43,43,43,44,0,7,13.162890909370617,4.828100001759594,42.89259999859496,7742.272727272727
1782210757,3,,Aggregated,0.900000,0.000000,7,13,14,22,27,34,43,43,43,43,43,45,0,7,13.003951111426836,4.828100001759594,42.89259999859496,7683.266666666666
1782210758,3,,Aggregated,0.900000,0.000000,7,13,14,22,27,34,43,43,43,43,43,45,0,7,13.003951111426836,4.828100001759594,42.89259999859496,7683.266666666666
1782210759,3,,Aggregated,0.900000,0.000000,7,13,14,22,27,34,43,43,43,43,43,45,0,7,13.003951111426836,4.828100001759594,42.89259999859496,7683.266666666666
1782210760,3,,Aggregated,0.900000,0.000000,8,13,15,22,27,34,43,43,43,43,43,46,0,7,13.254776087231459,4.828100001759594,42.89259999859496,7744.478260869565
1782210761,3,,Aggregated,0.800000,0.000000,8,13,18,22,27,34,43,43,43,43,43,48,0,7,13.194179167006345,4.828100001759594,42.89259999859496,7762.708333333333
1782210762,3,,Aggregated,0.800000,0.000000,8,13,18,22,27,34,43,43,43,43,43,48,0,7,13.194179167006345,4.828100001759594,42.89259999859496,7762.708333333333
1782210763,3,,Aggregated,0.800000,0.000000,8,13,18,22,27,34,43,43,43,43,43,48,0,7,13.194179167006345,4.828100001759594,42.89259999859496,7762.708333333333
1782210764,3,,Aggregated,1.000000,0.000000,8,13,15,22,27,34,43,43,43,43,43,50,0,7,12.947390000335872,4.828100001759594,42.89259999859496,7671.24
1782210765,3,,Aggregated,0.700000,0.000000,7,13,15,19,25,34,37,43,43,43,43,51,0,7,12.831878431718318,4.828100001759594,42.89259999859496,7635.823529411765
1782210766,3,,Aggregated,0.700000,0.000000,7,13,15,19,25,34,37,43,43,43,43,51,0,7,12.831878431718318,4.828100001759594,42.89259999859496,7635.823529411765
1782210767,3,,Aggregated,0.800000,0.000000,7,13,15,19,25,34,37,43,43,43,43,52,0,7,12.715776923449503,4.828100001759594,42.89259999859496,7601.7692307692305
1782210768,3,,Aggregated,0.800000,0.000000,7,13,14,19,25,34,37,43,43,43,43,53,0,7,12.612501887112026,4.828100001759594,42.89259999859496,7554.320754716981
1782210769,3,,Aggregated,0.700000,0.000000,7,13,14,19,25,34,37,43,43,43,43,54,0,7,12.506075926231224,4.828100001759594,42.89259999859496,7523.037037037037
1782210770,3,,Aggregated,0.700000,0.000000,7,13,14,19,25,34,37,43,43,43,43,54,0,7,12.506075926231224,4.828100001759594,42.89259999859496,7523.037037037037
1782210771,3,,Aggregated,0.900000,0.000000,7,13,15,19,25,34,37,43,43,43,43,56,0,7,12.617305357447808,4.828100001759594,42.89259999859496,7546.571428571428
1782210772,3,,Aggregated,0.900000,0.000000,7,13,14,19,25,34,37,43,43,43,43,57,0,7,12.540501754668647,4.828100001759594,42.89259999859496,7503.421052631579
1782210773,3,,Aggregated,0.900000,0.000000,7,13,14,19,25,34,37,43,43,43,43,57,0,7,12.540501754668647,4.828100001759594,42.89259999859496,7503.421052631579
1782210774,3,,Aggregated,0.900000,0.000000,7,13,15,19,25,34,37,43,43,43,43,59,0,7,12.477874576550182,4.828100001759594,42.89259999859496,7526.423728813559
1782210775,3,,Aggregated,0.900000,0.000000,7,13,15,19,25,34,37,43,43,43,43,59,0,7,12.477874576550182,4.828100001759594,42.89259999859496,7526.423728813559
1782210776,3,,Aggregated,0.900000,0.000000,7,13,15,19,25,34,37,43,43,43,43,60,0,7,12.370981666936132,4.828100001759594,42.89259999859496,7498.733333333334
1782210777,3,,Aggregated,0.800000,0.000000,7,13,15,19,25,33,37,43,43,43,43,61,0,7,12.551209836333253,4.828100001759594,42.89259999859496,7547.918032786885
1782210778,3,,Aggregated,0.800000,0.000000,7,13,15,19,25,33,37,43,43,43,43,62,0,7,12.449861290611631,4.828100001759594,42.89259999859496,7508.225806451613
1782210779,3,,Aggregated,0.800000,0.000000,7,13,15,19,25,33,37,43,43,43,43,62,0,7,12.449861290611631,4.828100001759594,42.89259999859496,7508.225806451613
1782210780,3,,Aggregated,0.900000,0.000000,7,13,15,19,25,33,37,43,43,43,43,64,0,7,12.468748437811428,4.828100001759594,42.89259999859496,7601.6875
1782210781,3,,Aggregated,0.900000,0.000000,7,13,15,19,25,33,37,43,43,43,43,64,0,7,12.468748437811428,4.828100001759594,42.89259999859496,7601.6875
1782210782,3,,Aggregated,0.800000,0.000000,7,13,14,19,25,33,37,43,43,43,43,65,0,7,12.366643077201353,4.828100001759594,42.89259999859496,7574.969230769231
1782210783,3,,Aggregated,0.800000,0.000000,7,13,14,19,25,33,37,43,43,43,43,65,0,7,12.366643077201353,4.828100001759594,42.89259999859496,7574.969230769231
1782210784,3,,Aggregated,0.900000,0.000000,7,13,15,19,25,33,37,43,43,43,43,67,0,7,12.450034328601271,4.828100001759594,42.89259999859496,7581.477611940299
1782210785,3,,Aggregated,0.800000,0.000000,7,13,15,19,25,33,37,43,43,43,43,68,0,7,12.355788235521793,4.828100001759594,42.89259999859496,7544.794117647059
1782210786,3,,Aggregated,0.800000,0.000000,7,13,14,19,25,33,37,43,43,43,43,69,0,7,12.270724637926543,4.828100001759594,42.89259999859496,7520.449275362319
1782210787,3,,Aggregated,0.800000,0.000000,7,13,14,19,25,33,37,43,43,43,43,69,0,7,12.270724637926543,4.828100001759594,42.89259999859496,7520.449275362319
1782210788,3,,Aggregated,0.800000,0.000000,7,13,14,18,25,33,37,43,43,43,43,71,0,7,12.194526760857782,4.828100001759594,42.89259999859496,7539.084507042254
1782210789,3,,Aggregated,0.900000,0.000000,7,13,15,19,25,33,37,43,43,43,43,72,0,7,12.368330555849147,4.828100001759594,42.89259999859496,7580.194444444444
1782210790,3,,Aggregated,0.900000,0.000000,7,13,15,19,25,33,37,43,43,43,43,72,0,7,12.368330555849147,4.828100001759594,42.89259999859496,7580.194444444444
1782210791,3,,Aggregated,1.000000,0.000000,7,13,14,19,25,33,37,43,43,43,43,73,0,7,12.274019178395775,4.828100001759594,42.89259999859496,7546.041095890411
1782210792,3,,Aggregated,0.800000,0.000000,7,13,15,22,25,33,37,43,43,43,43,75,0,7,12.452929333618764,4.828100001759594,42.89259999859496,7552.626666666667
1782210793,3,,Aggregated,0.800000,0.000000,7,13,15,22,25,33,37,43,43,43,43,75,0,7,12.452929333618764,4.828100001759594,42.89259999859496,7552.626666666667
1782210794,3,,Aggregated,0.800000,0.000000,7,13,15,19,25,33,37,43,43,43,43,76,0,7,12.379932895017095,4.828100001759594,42.89259999859496,7530.421052631579
1782210795,3,,Aggregated,0.800000,0.000000,7,13,15,19,25,33,37,43,43,43,43,76,0,7,12.379932895017095,4.828100001759594,42.89259999859496,7530.421052631579
1782210796,3,,Aggregated,0.800000,0.000000,7,13,15,19,25,33,37,43,43,43,43,76,0,7,12.379932895017095,4.828100001759594,42.89259999859496,7530.421052631579
1782210797,3,,Aggregated,0.800000,0.000000,7,13,15,22,25,33,37,43,43,43,43,79,0,7,12.444718987664393,4.828100001759594,42.89259999859496,7515.987341772152
1782210798,3,,Aggregated,0.800000,0.000000,7,13,15,22,25,33,37,43,43,43,43,79,0,7,12.444718987664393,4.828100001759594,42.89259999859496,7515.987341772152
1782210799,3,,Aggregated,1.000000,0.000000,7,13,15,22,25,33,37,43,43,43,43,80,0,7,12.472340000294935,4.828100001759594,42.89259999859496,7553.275
1782210800,3,,Aggregated,1.000000,0.000000,7,13,15,19,25,31,37,43,43,43,43,81,0,7,12.407077778065016,4.828100001759594,42.89259999859496,7532.432098765432
1782210801,3,,Aggregated,0.800000,0.000000,7,13,15,19,25,31,37,43,43,43,43,82,0,7,12.33034878080106,4.828100001759594,42.89259999859496,7502.609756097561
1782210802,3,,Aggregated,0.900000,0.000000,7,13,15,22,25,31,37,43,43,43,43,83,0,7,12.475042169018094,4.828100001759594,42.89259999859496,7538.710843373494
1782210803,3,,Aggregated,1.000000,0.000000,7,13,15,22,25,31,37,43,43,43,43,84,0,7,12.397888095576837,4.828100001759594,42.89259999859496,7509.523809523809
1782210804,3,,Aggregated,1.000000,0.000000,7,13,15,22,25,31,37,43,43,43,43,84,0,7,12.397888095576837,4.828100001759594,42.89259999859496,7509.523809523809
1782210805,3,,Aggregated,0.800000,0.000000,7,13,15,19,25,31,37,43,43,43,43,86,0,7,12.437396511983067,4.828100001759594,42.89259999859496,7579.046511627907
1782210806,3,,Aggregated,0.800000,0.000000,7,13,15,19,25,31,37,43,43,43,43,86,0,7,12.437396511983067,4.828100001759594,42.89259999859496,7579.046511627907
1782210807,3,,Aggregated,0.900000,0.000000,7,13,15,19,25,31,37,43,43,43,43,87,0,7,12.367491954367209,4.828100001759594,42.89259999859496,7550.402298850575
1782210808,3,,Aggregated,1.000000,0.000000,7,13,15,22,25,31,37,43,43,43,43,88,0,7,12.549676136669321,4.828100001759594,42.89259999859496,7583.909090909091
1782210809,3,,Aggregated,1.000000,0.000000,7,13,15,22,25,31,37,43,43,43,43,89,0,7,12.50255842726832,4.828100001759594,42.89259999859496,7555.853932584269
1782210810,3,,Aggregated,0.700000,0.000000,7,13,15,22,25,31,37,43,43,43,43,90,0,7,12.432094444779473,4.828100001759594,42.89259999859496,7537.066666666667
1782210811,3,,Aggregated,0.700000,0.000000,7,13,15,22,25,31,37,43,43,43,43,90,0,7,12.432094444779473,4.828100001759594,42.89259999859496,7537.066666666667
1782210812,3,,Aggregated,0.700000,0.000000,7,13,15,22,25,31,37,43,43,43,43,90,0,7,12.432094444779473,4.828100001759594,42.89259999859496,7537.066666666667
1782210813,3,,Aggregated,0.800000,0.000000,7,13,15,19,25,31,37,43,43,43,43,93,0,7,12.225205376644128,4.828100001759594,42.89259999859496,7483.129032258064
1782210814,3,,Aggregated,0.800000,0.000000,7,13,15,19,25,31,37,43,43,43,43,93,0,7,12.225205376644128,4.828100001759594,42.89259999859496,7483.129032258064
1782210815,3,,Aggregated,0.800000,0.000000,7,13,15,19,25,31,37,43,43,43,43,94,0,7,12.17247340455868,4.828100001759594,42.89259999859496,7465.914893617021
1782210816,3,,Aggregated,0.800000,0.000000,7,13,15,19,25,31,37,43,43,43,43,94,0,7,12.17247340455868,4.828100001759594,42.89259999859496,7465.914893617021
1782210817,3,,Aggregated,0.900000,0.000000,7,13,15,19,25,31,37,43,43,43,43,97,0,7,12.219321649794924,4.828100001759594,42.89259999859496,7503.927835051546
1782210818,3,,Aggregated,0.900000,0.000000,7,13,15,19,25,31,37,43,43,43,43,97,0,7,12.219321649794924,4.828100001759594,42.89259999859496,7503.927835051546
1782210819,3,,Aggregated,0.900000,0.000000,7,13,15,19,25,31,37,43,43,43,43,97,0,7,12.219321649794924,4.828100001759594,42.89259999859496,7503.927835051546
1782210820,3,,Aggregated,0.800000,0.000000,7,13,15,19,25,31,37,43,43,43,43,98,0,7,12.224133673767863,4.828100001759594,42.89259999859496,7534.489795918367
1782210821,3,,Aggregated,0.800000,0.000000,7,13,15,19,25,31,37,43,43,43,43,98,0,7,12.224133673767863,4.828100001759594,42.89259999859496,7534.489795918367
1782210822,3,,Aggregated,0.800000,0.000000,7,13,15,19,25,31,37,43,43,43,43,100,0,7,12.164501000297605,4.828100001759594,42.89259999859496,7539.66
1782210823,3,,Aggregated,0.800000,0.000000,7,13,15,19,25,28,34,37,43,43,43,101,0,7,12.283529703282593,4.828100001759594,42.89259999859496,7568.960396039604
1782210824,3,,Aggregated,0.800000,0.000000,7,13,15,19,25,28,34,37,43,43,43,101,0,7,12.283529703282593,4.828100001759594,42.89259999859496,7568.960396039604
1782210825,3,,Aggregated,0.800000,0.000000,7,13,15,19,25,28,34,37,43,43,43,102,0,7,12.22835098069838,4.828100001759594,42.89259999859496,7552.254901960784
1782210826,3,,Aggregated,0.900000,0.000000,8,13,15,19,25,28,34,37,43,43,43,104,0,7,12.21722788491556,4.828100001759594,42.89259999859496,7608.923076923077
1782210827,3,,Aggregated,0.900000,0.000000,8,13,15,19,25,28,34,37,43,43,43,104,0,7,12.21722788491556,4.828100001759594,42.89259999859496,7608.923076923077
1782210828,3,,Aggregated,1.000000,0.000000,8,13,15,22,25,28,34,37,43,43,43,105,0,8,12.313545714555186,4.828100001759594,42.89259999859496,7636.447619047619
1782210829,3,,Aggregated,1.000000,0.000000,8,13,15,19,25,28,34,37,43,43,43,106,0,7,12.259666038002218,4.828100001759594,42.89259999859496,7619.735849056604
1782210830,3,,Aggregated,1.000000,0.000000,8,13,15,19,25,28,34,37,43,43,43,106,0,7,12.259666038002218,4.828100001759594,42.89259999859496,7619.735849056604
1782210831,3,,Aggregated,0.700000,0.000000,8,13,15,19,25,28,34,37,43,43,43,107,0,8,12.271663551668965,4.828100001759594,42.89259999859496,7646.644859813084
1782210832,3,,Aggregated,0.700000,0.000000,8,13,15,19,25,28,34,37,43,43,43,107,0,8,12.271663551668965,4.828100001759594,42.89259999859496,7646.644859813084
1782210833,3,,Aggregated,0.900000,0.000000,7,13,14,19,25,28,34,37,43,43,43,109,0,7,12.16485137637884,4.828100001759594,42.89259999859496,7613.954128440367
1782210834,3,,Aggregated,0.900000,0.000000,7,13,14,19,25,28,34,37,43,43,43,109,0,7,12.16485137637884,4.828100001759594,42.89259999859496,7613.954128440367
1782210835,3,,Aggregated,0.800000,0.000000,7,13,14,19,25,28,34,37,43,43,43,110,0,7,12.119862727525867,4.828100001759594,42.89259999859496,7598.054545454545
1782210836,3,,Aggregated,0.800000,0.000000,7,13,14,18,25,28,34,37,43,43,43,111,0,7,12.081485585850215,4.828100001759594,42.89259999859496,7575.4324324324325
1782210837,3,,Aggregated,0.700000,0.000000,8,13,15,19,25,28,34,37,43,43,43,112,0,7,12.175486607377804,4.828100001759594,42.89259999859496,7601.535714285715
1782210838,3,,Aggregated,0.600000,0.000000,8,13,14,19,25,28,34,37,43,43,43,113,0,8,12.17939823032568,4.828100001759594,42.89259999859496,7627.1769911504425
1782210839,3,,Aggregated,0.600000,0.000000,8,13,14,19,25,28,34,37,43,43,43,113,0,8,12.17939823032568,4.828100001759594,42.89259999859496,7627.1769911504425
1782210840,3,,Aggregated,0.800000,0.000000,8,13,14,19,25,28,34,37,43,43,43,114,0,8,12.187243859890467,4.828100001759594,42.89259999859496,7652.368421052632
1782210841,3,,Aggregated,0.800000,0.000000,8,13,14,19,25,28,34,37,43,43,43,115,0,8,12.134770435026756,4.828100001759594,42.89259999859496,7636.826086956522
1782210842,3,,Aggregated,0.800000,0.000000,8,13,14,19,25,28,34,37,43,43,43,115,0,8,12.134770435026756,4.828100001759594,42.89259999859496,7636.826086956522
1782210843,3,,Aggregated,0.700000,0.000000,8,13,14,19,25,28,34,37,43,43,43,117,0,8,12.225942735266216,4.828100001759594,42.89259999859496,7646.145299145299
1782210844,3,,Aggregated,0.800000,0.000000,8,13,15,19,25,28,34,37,43,43,43,118,0,8,12.262055932450941,4.828100001759594,42.89259999859496,7670.322033898305
1782210845,3,,Aggregated,0.800000,0.000000,8,13,15,19,25,28,34,37,43,43,43,118,0,8,12.262055932450941,4.828100001759594,42.89259999859496,7670.322033898305
1782210846,3,,Aggregated,0.800000,0.000000,8,13,15,19,25,28,34,37,43,43,43,118,0,8,12.262055932450941,4.828100001759594,42.89259999859496,7670.322033898305
1782210847,3,,Aggregated,0.900000,0.000000,8,13,15,22,25,28,34,37,43,43,43,120,0,8,12.421588333563705,4.828100001759594,42.89259999859496,7717.466666666666
1782210848,3,,Aggregated,0.900000,0.000000,8,13,15,22,25,28,34,37,43,43,43,120,0,8,12.421588333563705,4.828100001759594,42.89259999859496,7717.466666666666
1782210849,3,,Aggregated,0.800000,0.000000,8,13,15,19,25,27,34,37,43,43,43,122,0,8,12.325080328112369,4.828100001759594,42.89259999859496,7674.3442622950815
1782210850,3,,Aggregated,0.800000,0.000000,8,13,15,19,25,27,34,37,43,43,43,122,0,8,12.325080328112369,4.828100001759594,42.89259999859496,7674.3442622950815
1782210851,3,,Aggregated,0.800000,0.000000,8,13,15,19,25,27,34,37,43,43,43,122,0,8,12.325080328112369,4.828100001759594,42.89259999859496,7674.3442622950815
1782210852,3,,Aggregated,0.900000,0.000000,8,13,15,22,25,27,34,37,43,43,43,123,0,8,12.403782927063228,4.828100001759594,42.89259999859496,7697.308943089431
1782210853,3,,Aggregated,0.800000,0.000000,8,13,15,22,25,27,34,37,43,43,43,125,0,8,12.396797600231366,4.828100001759594,42.89259999859496,7742.136
1782210854,3,,Aggregated,0.800000,0.000000,8,13,15,22,25,27,34,37,43,43,43,125,0,8,12.396797600231366,4.828100001759594,42.89259999859496,7742.136
1782210855,3,,Aggregated,0.800000,0.000000,8,13,15,19,25,27,34,37,43,43,43,126,0,8,12.350748412924105,4.828100001759594,42.89259999859496,7727.238095238095
1782210856,3,,Aggregated,0.800000,0.000000,8,13,15,19,25,27,34,37,43,43,43,127,0,8,12.307130708897718,4.828100001759594,42.89259999859496,7712.574803149606
1782210857,3,,Aggregated,0.700000,0.000000,8,13,15,22,25,27,34,37,43,43,43,128,0,8,12.406753906503809,4.828100001759594,42.89259999859496,7734.34375
1782210858,3,,Aggregated,0.700000,0.000000,8,13,15,22,25,27,34,37,43,43,43,128,0,8,12.406753906503809,4.828100001759594,42.89259999859496,7734.34375
1782210859,3,,Aggregated,0.800000,0.000000,8,13,15,22,25,28,34,37,43,43,43,130,0,8,12.481053077191554,4.828100001759594,42.89259999859496,7741.2307692307695
1782210860,3,,Aggregated,0.800000,0.000000,8,13,15,22,25,28,34,37,43,43,43,131,0,8,12.43892748118556,4.828100001759594,42.89259999859496,7720.969465648855
1782210861,3,,Aggregated,0.800000,0.000000,8,13,15,22,25,28,34,37,43,43,43,132,0,8,12.39452954572092,4.828100001759594,42.89259999859496,7706.909090909091
1782210862,3,,Aggregated,0.800000,0.000000,8,13,15,22,25,28,34,37,43,43,43,132,0,8,12.39452954572092,4.828100001759594,42.89259999859496,7706.909090909091
1782210863,3,,Aggregated,0.900000,0.000000,8,13,15,22,25,28,34,37,43,43,43,133,0,8,12.359072932572177,4.828100001759594,42.89259999859496,7687.210526315789
1782210864,3,,Aggregated,1.000000,0.000000,8,13,15,22,25,28,34,37,43,43,43,134,0,8,12.315198507696632,4.828100001759594,42.89259999859496,7673.611940298508
1782210865,3,,Aggregated,1.000000,0.000000,8,13,15,22,25,28,34,37,43,43,43,134,0,8,12.315198507696632,4.828100001759594,42.89259999859496,7673.611940298508
1782210866,3,,Aggregated,0.800000,0.000000,8,13,15,22,25,28,34,37,43,43,43,137,0,8,12.356078832334436,4.828100001759594,42.89259999859496,7695.978102189781
1782210867,3,,Aggregated,0.800000,0.000000,8,13,15,22,25,28,34,37,43,43,43,137,0,8,12.356078832334436,4.828100001759594,42.89259999859496,7695.978102189781
1782210869,3,,Aggregated,1.000000,0.000000,8,13,15,22,25,28,34,37,43,43,43,138,0,8,12.355531884273606,4.828100001759594,42.89259999859496,7716.289855072464
1782210870,3,,Aggregated,1.000000,0.000000,8,13,15,22,25,28,34,37,43,43,43,138,0,8,12.355531884273606,4.828100001759594,42.89259999859496,7716.289855072464
1782210871,3,,Aggregated,0.900000,0.000000,8,13,15,22,25,28,34,37,43,43,43,140,0,8,12.315439285937048,4.828100001759594,42.89259999859496,7717.385714285714
1782210872,3,,Aggregated,0.900000,0.000000,8,13,15,19,25,27,34,37,43,43,43,141,0,8,12.268945390307172,4.828100001759594,42.89259999859496,7698.730496453901
1782210873,3,,Aggregated,0.800000,0.000000,8,13,15,19,25,27,34,37,43,43,43,142,0,8,12.241482394606017,4.828100001759594,42.89259999859496,7685.816901408451
1782210874,3,,Aggregated,0.900000,0.000000,8,13,15,19,25,27,34,37,43,43,43,143,0,8,12.20599930093158,4.828100001759594,42.89259999859496,7673.083916083916
1782210875,3,,Aggregated,0.900000,0.000000,8,13,15,22,25,27,34,37,43,43,43,144,0,8,12.28530694467938,4.828100001759594,42.89259999859496,7692.708333333333
1782210876,3,,Aggregated,0.900000,0.000000,8,13,15,22,25,27,34,37,43,43,43,144,0,8,12.28530694467938,4.828100001759594,42.89259999859496,7692.708333333333
1782210877,3,,Aggregated,1.000000,0.000000,8,13,15,22,25,27,34,37,43,43,43,145,0,8,12.244474483003582,4.828100001759594,42.89259999859496,7674.737931034483
1782210878,3,,Aggregated,1.000000,0.000000,8,13,15,22,25,27,34,37,43,43,43,145,0,8,12.244474483003582,4.828100001759594,42.89259999859496,7674.737931034483
1782210879,3,,Aggregated,1.000000,0.000000,8,13,15,19,25,27,34,37,43,43,43,146,0,8,12.217032192033725,4.828100001759594,42.89259999859496,7657.013698630137
1782210880,3,,Aggregated,0.800000,0.000000,8,13,15,19,25,27,34,37,43,43,43,147,0,8,12.183955782564313,4.828100001759594,42.89259999859496,7639.530612244898
1782210881,3,,Aggregated,0.800000,0.000000,8,13,15,19,25,27,34,37,43,43,43,147,0,8,12.183955782564313,4.828100001759594,42.89259999859496,7639.530612244898
1782210882,3,,Aggregated,0.900000,0.000000,8,13,15,22,25,27,34,37,43,43,43,149,0,8,12.229379194888446,4.828100001759594,42.89259999859496,7646.812080536913
1782210883,3,,Aggregated,0.900000,0.000000,8,13,15,22,25,27,34,37,43,43,43,149,0,8,12.229379194888446,4.828100001759594,42.89259999859496,7646.812080536913
1782210884,3,,Aggregated,0.700000,0.000000,8,13,15,19,25,27,33,37,43,43,43,151,0,8,12.185923179043172,4.828100001759594,42.89259999859496,7648.748344370861
1782210885,3,,Aggregated,0.700000,0.000000,8,13,15,19,25,27,33,37,43,43,43,151,0,8,12.185923179043172,4.828100001759594,42.89259999859496,7648.748344370861
1782210886,3,,Aggregated,0.800000,0.000000,8,13,15,22,25,28,33,37,43,43,43,153,0,8,12.288681045973528,4.828100001759594,42.89259999859496,7686.006535947712
1782210887,3,,Aggregated,0.800000,0.000000,8,13,15,22,25,28,33,37,43,43,43,153,0,8,12.288681045973528,4.828100001759594,42.89259999859496,7686.006535947712
1782210888,3,,Aggregated,0.700000,0.000000,8,13,15,22,25,28,33,37,43,43,43,154,0,8,12.262317532691053,4.828100001759594,42.89259999859496,7674.181818181818
1782210889,3,,Aggregated,0.700000,0.000000,8,13,15,22,25,28,33,37,43,43,43,154,0,8,12.262317532691053,4.828100001759594,42.89259999859496,7674.181818181818
1782210890,3,,Aggregated,0.900000,0.000000,8,13,14,19,25,28,33,37,43,43,43,157,0,8,12.14985732507453,4.828100001759594,42.89259999859496,7634.656050955414
1782210891,3,,Aggregated,0.900000,0.000000,8,13,14,19,25,28,33,37,43,43,43,157,0,8,12.14985732507453,4.828100001759594,42.89259999859496,7634.656050955414
1782210892,3,,Aggregated,0.900000,0.000000,8,13,14,19,25,28,33,37,43,43,43,157,0,8,12.14985732507453,4.828100001759594,42.89259999859496,7634.656050955414
1782210893,3,,Aggregated,0.900000,0.000000,8,13,14,19,25,28,33,37,43,43,43,158,0,8,12.124863924281605,4.828100001759594,42.89259999859496,7623.455696202532
1782210894,3,,Aggregated,1.000000,0.000000,8,13,15,22,25,28,33,37,43,43,43,160,0,8,12.170681250222515,4.828100001759594,42.89259999859496,7630.4375
1782210895,3,,Aggregated,1.000000,0.000000,8,13,15,22,25,28,33,37,43,43,43,160,0,8,12.170681250222515,4.828100001759594,42.89259999859496,7630.4375
1782210896,3,,Aggregated,1.000000,0.000000,8,13,15,22,25,28,33,37,43,43,43,160,0,8,12.170681250222515,4.828100001759594,42.89259999859496,7630.4375
1782210897,3,,Aggregated,0.900000,0.000000,8,13,14,19,25,27,33,37,43,43,43,163,0,8,12.127717178149943,4.828100001759594,42.89259999859496,7650.0306748466255
1782210898,3,,Aggregated,0.900000,0.000000,8,13,14,19,25,27,33,37,43,43,43,163,0,8,12.127717178149943,4.828100001759594,42.89259999859496,7650.0306748466255
1782210899,3,,Aggregated,0.900000,0.000000,8,13,14,19,25,27,33,37,43,43,43,163,0,8,12.127717178149943,4.828100001759594,42.89259999859496,7650.0306748466255
1782210900,3,,Aggregated,0.900000,0.000000,8,13,14,19,25,27,33,37,43,43,43,165,0,8,12.064524242635922,4.828100001759594,42.89259999859496,7623.678787878788
1782210901,3,,Aggregated,0.900000,0.000000,8,13,14,19,25,27,33,37,43,43,43,165,0,8,12.064524242635922,4.828100001759594,42.89259999859496,7623.678787878788
1782210902,3,,Aggregated,0.900000,0.000000,8,13,14,19,25,27,33,37,43,43,43,167,0,8,11.994838323549564,4.828100001759594,42.89259999859496,7597.958083832335
1782210903,3,,Aggregated,0.900000,0.000000,8,13,14,19,25,27,33,37,43,43,43,167,0,8,11.994838323549564,4.828100001759594,42.89259999859496,7597.958083832335
1782210904,3,,Aggregated,0.800000,0.000000,8,13,14,19,25,28,33,37,43,43,43,168,0,8,12.117390476392064,4.828100001759594,42.89259999859496,7615.226190476191
1782210905,3,,Aggregated,0.900000,0.000000,8,13,14,19,25,28,33,37,43,43,43,169,0,8,12.0846857990141,4.828100001759594,42.89259999859496,7604.869822485207
1782210906,3,,Aggregated,0.900000,0.000000,8,13,14,19,25,28,33,37,43,43,43,170,0,8,12.052874706076931,4.828100001759594,42.89259999859496,7590.058823529412
1782210907,3,,Aggregated,0.800000,0.000000,8,12,14,19,25,28,33,37,43,43,43,171,0,8,12.017787134697612,4.828100001759594,42.89259999859496,7575.421052631579
1782210908,3,,Aggregated,1.000000,0.000000,8,12,14,19,25,28,33,37,43,43,43,173,0,8,11.982982081116004,4.828100001759594,42.89259999859496,7582.43352601156
1782210909,3,,Aggregated,1.000000,0.000000,8,12,14,19,25,28,33,37,43,43,43,173,0,8,11.982982081116004,4.828100001759594,42.89259999859496,7582.43352601156
1782210910,3,,Aggregated,0.900000,0.000000,8,12,14,19,25,28,33,37,43,43,43,175,0,8,12.017800571608989,4.828100001759594,42.89259999859496,7589.285714285715
1782210911,3,,Aggregated,0.900000,0.000000,8,12,14,19,25,28,33,37,43,43,43,175,0,8,12.017800571608989,4.828100001759594,42.89259999859496,7589.285714285715
1782210912,3,,Aggregated,1.000000,0.000000,8,12,14,19,25,28,33,37,43,43,43,177,0,8,11.949194350466001,4.828100001759594,42.89259999859496,7569.802259887006
1782210913,3,,Aggregated,1.000000,0.000000,8,12,14,19,25,28,33,37,43,43,43,178,0,8,11.979297191184864,4.828100001759594,42.89259999859496,7586.258426966292
1782210914,3,,Aggregated,1.000000,0.000000,8,13,14,19,25,28,34,38,43,43,43,179,0,8,12.122915083967317,4.828100001759594,42.89259999859496,7602.530726256983
1782210915,3,,Aggregated,1.100000,0.000000,8,12,14,19,25,28,34,38,43,43,43,180,0,8,12.091501666832805,4.828100001759594,42.89259999859496,7592.877777777778
1782210916,3,,Aggregated,1.100000,0.000000,8,13,14,19,25,28,34,38,43,43,43,181,0,8,12.167016022270404,4.828100001759594,42.89259999859496,7608.933701657458
1782210917,3,,Aggregated,1.100000,0.000000,8,13,14,19,25,28,34,38,43,43,43,181,0,8,12.167016022270404,4.828100001759594,42.89259999859496,7608.933701657458
1782210918,3,,Aggregated,1.100000,0.000000,8,13,14,19,25,28,34,38,43,43,43,181,0,8,12.167016022270404,4.828100001759594,42.89259999859496,7608.933701657458
1782210919,3,,Aggregated,1.100000,0.000000,8,12,14,19,25,28,34,38,43,43,43,184,0,8,12.13265000020012,4.828100001759594,42.89259999859496,7626.641304347826
1782210920,3,,Aggregated,1.100000,0.000000,8,12,14,19,25,28,34,38,43,43,43,184,0,8,12.13265000020012,4.828100001759594,42.89259999859496,7626.641304347826
1782210921,3,,Aggregated,1.100000,0.000000,8,12,14,19,25,28,34,38,43,43,43,185,0,8,12.111110811010066,4.828100001759594,42.89259999859496,7612.913513513514
1782210922,3,,Aggregated,1.000000,0.000000,8,12,14,19,25,28,34,38,43,43,43,187,0,8,12.147773796977148,4.828100001759594,42.89259999859496,7619.0
1782210923,3,,Aggregated,1.000000,0.000000,8,12,14,19,25,28,34,38,43,43,43,187,0,8,12.147773796977148,4.828100001759594,42.89259999859496,7619.0
1782210924,3,,Aggregated,0.900000,0.000000,8,12,14,19,25,28,34,38,43,43,43,188,0,8,12.118924468268233,4.828100001759594,42.89259999859496,7605.531914893617
1782210925,3,,Aggregated,0.900000,0.000000,8,12,14,19,25,28,34,38,43,43,43,190,0,8,12.060445263341535,4.828100001759594,42.89259999859496,7579.021052631579
1782210926,3,,Aggregated,0.900000,0.000000,8,12,14,19,25,28,34,38,43,43,43,190,0,8,12.060445263341535,4.828100001759594,42.89259999859496,7579.021052631579
1782210927,3,,Aggregated,1.000000,0.000000,8,12,14,19,25,28,34,38,43,43,43,191,0,8,12.121681675573333,4.828100001759594,42.89259999859496,7594.308900523561
1782210928,3,,Aggregated,0.900000,0.000000,8,12,14,19,25,28,34,38,43,43,43,192,0,8,12.092066146010438,4.828100001759594,42.89259999859496,7585.302083333333
1782210929,3,,Aggregated,0.900000,0.000000,8,12,14,19,25,28,34,38,43,43,43,193,0,8,12.056693264427704,4.828100001759594,42.89259999859496,7576.388601036269
1782210930,3,,Aggregated,0.900000,0.000000,8,12,14,19,25,28,34,38,43,43,43,193,0,8,12.056693264427704,4.828100001759594,42.89259999859496,7576.388601036269
1782210931,3,,Aggregated,0.900000,0.000000,8,12,14,22,25,28,34,38,43,43,43,195,0,8,12.12221794888207,4.828100001759594,42.89259999859496,7578.610256410257
1782210932,3,,Aggregated,0.900000,0.000000,8,12,14,22,25,28,34,38,43,43,43,195,0,8,12.12221794888207,4.828100001759594,42.89259999859496,7578.610256410257
1782210933,3,,Aggregated,0.900000,0.000000,8,12,15,22,25,28,34,38,43,43,43,196,0,8,12.181632653237658,4.828100001759594,42.89259999859496,7593.510204081633
1782210934,3,,Aggregated,0.900000,0.000000,8,12,14,22,25,28,34,38,43,43,43,197,0,8,12.176959898654781,4.828100001759594,42.89259999859496,7608.258883248731
1782210935,3,,Aggregated,0.900000,0.000000,8,12,14,22,25,28,34,38,43,43,43,198,0,8,12.181690404226302,4.828100001759594,42.89259999859496,7622.858585858586
1782210936,3,,Aggregated,0.900000,0.000000,8,13,15,22,25,28,34,38,43,43,43,199,0,8,12.26730703537621,4.828100001759594,42.89259999859496,7637.311557788945
1782210937,3,,Aggregated,0.900000,0.000000,8,13,15,22,25,28,34,38,43,43,43,199,0,8,12.26730703537621,4.828100001759594,42.89259999859496,7637.311557788945
1782210938,3,,Aggregated,0.800000,0.000000,8,13,15,22,25,28,34,38,43,43,43,200,0,8,12.33808900020449,4.828100001759594,42.89259999859496,7651.62
1782210939,3,,Aggregated,0.800000,0.000000,8,13,15,22,25,28,33,37,43,43,43,201,0,8,12.317863184287136,4.828100001759594,42.89259999859496,7638.860696517413
1782210940,3,,Aggregated,0.700000,0.000000,8,13,15,22,25,28,33,37,43,43,43,202,0,8,12.285642574467358,4.828100001759594,42.89259999859496,7630.079207920792
1782210941,3,,Aggregated,0.700000,0.000000,8,13,15,22,25,28,33,37,43,43,43,202,0,8,12.285642574467358,4.828100001759594,42.89259999859496,7630.079207920792
1782210942,3,,Aggregated,0.800000,0.000000,8,12,15,22,25,28,33,37,43,43,43,204,0,8,12.258457843356654,4.828100001759594,42.89259999859496,7635.490196078431
1782210943,3,,Aggregated,0.800000,0.000000,8,12,15,22,25,28,33,37,43,43,43,204,0,8,12.258457843356654,4.828100001759594,42.89259999859496,7635.490196078431
1782210944,3,,Aggregated,0.700000,0.000000,8,12,15,22,25,28,33,37,43,43,43,206,0,8,12.281825242946105,4.828100001759594,42.89259999859496,7640.796116504855
1782210945,3,,Aggregated,0.800000,0.000000,8,12,15,22,25,28,33,37,43,43,43,207,0,8,12.249325121007606,4.828100001759594,42.89259999859496,7628.458937198067
1782210946,3,,Aggregated,0.800000,0.000000,8,12,15,22,25,28,33,37,43,43,43,207,0,8,12.249325121007606,4.828100001759594,42.89259999859496,7628.458937198067
1782210947,3,,Aggregated,0.700000,0.000000,8,13,15,22,25,28,34,37,43,43,43,208,0,8,12.362639423319987,4.828100001759594,42.89259999859496,7642.259615384615
1782210948,3,,Aggregated,0.900000,0.000000,8,12,15,22,25,28,34,37,43,43,43,210,0,8,12.31566619071167,4.828100001759594,42.89259999859496,7625.333333333333
1782210949,3,,Aggregated,0.900000,0.000000,8,12,15,22,25,28,34,37,43,43,43,210,0,8,12.31566619071167,4.828100001759594,42.89259999859496,7625.333333333333
1782210950,3,,Aggregated,0.900000,0.000000,8,12,15,22,25,28,34,37,43,43,43,211,0,8,12.285761137679716,4.828100001759594,42.89259999859496,7616.990521327014
1782210951,3,,Aggregated,0.900000,0.000000,8,12,15,22,25,28,34,37,43,43,43,212,0,8,12.259725943621097,4.828100001759594,42.89259999859496,7605.056603773585
1782210952,3,,Aggregated,1.000000,0.000000,8,12,14,22,25,28,34,37,43,43,43,213,0,8,12.23466525845199,4.828100001759594,42.89259999859496,7596.887323943662
1782210953,3,,Aggregated,1.000000,0.000000,8,12,14,22,25,28,34,37,43,43,43,214,0,8,12.209089719864462,4.828100001759594,42.89259999859496,7585.158878504673
1782210954,3,,Aggregated,1.000000,0.000000,8,12,14,22,25,28,34,37,43,43,43,214,0,8,12.209089719864462,4.828100001759594,42.89259999859496,7585.158878504673
1782210955,3,,Aggregated,1.000000,0.000000,8,12,14,22,25,28,34,37,43,43,43,216,0,8,12.15753935208273,4.828100001759594,42.89259999859496,7565.62962962963
1782210956,3,,Aggregated,1.000000,0.000000,8,12,14,22,25,28,34,37,43,43,43,216,0,8,12.15753935208273,4.828100001759594,42.89259999859496,7565.62962962963
1782210957,3,,Aggregated,0.900000,0.000000,8,12,14,22,25,28,34,37,43,43,43,218,0,8,12.106835321334207,4.828100001759594,42.89259999859496,7546.45871559633
1782210958,3,,Aggregated,0.900000,0.000000,8,12,14,22,25,28,34,37,43,43,43,219,0,8,12.084421461423355,4.828100001759594,42.89259999859496,7535.228310502283
1782210959,3,,Aggregated,0.900000,0.000000,8,12,14,22,25,28,34,37,43,43,43,219,0,8,12.084421461423355,4.828100001759594,42.89259999859496,7535.228310502283
1782210960,3,,Aggregated,0.900000,0.000000,8,12,14,22,25,28,34,37,43,43,43,219,0,8,12.084421461423355,4.828100001759594,42.89259999859496,7535.228310502283
1782210961,3,,Aggregated,0.900000,0.000000,8,12,14,22,25,28,34,37,43,43,43,221,0,8,12.129644796622172,4.828100001759594,42.89259999859496,7562.049773755656
1782210962,3,,Aggregated,0.800000,0.000000,8,12,14,22,25,28,34,37,43,43,43,222,0,8,12.130414414665816,4.828100001759594,42.89259999859496,7575.279279279279
1782210963,3,,Aggregated,0.800000,0.000000,8,12,14,22,25,28,34,37,43,43,43,222,0,8,12.130414414665816,4.828100001759594,42.89259999859496,7575.279279279279
1782210964,3,,Aggregated,0.800000,0.000000,8,12,14,22,25,28,34,37,43,43,43,222,0,8,12.130414414665816,4.828100001759594,42.89259999859496,7575.279279279279
1782210965,3,,Aggregated,0.800000,0.000000,8,12,14,22,25,28,34,37,43,43,43,223,0,8,12.11067219755851,4.828100001759594,42.89259999859496,7564.121076233184
1782210966,3,,Aggregated,0.800000,0.000000,8,12,14,22,25,28,34,37,43,43,43,225,0,8,12.13597155580323,4.828100001759594,42.89259999859496,7569.613333333334
1782210967,3,,Aggregated,0.800000,0.000000,8,12,14,22,25,28,34,37,43,43,43,225,0,8,12.13597155580323,4.828100001759594,42.89259999859496,7569.613333333334
1782210968,3,,Aggregated,0.800000,0.000000,8,12,14,22,25,28,34,37,43,43,43,226,0,8,12.110364159541586,4.828100001759594,42.89259999859496,7558.628318584071
1782210969,3,,Aggregated,0.900000,0.000000,8,12,14,22,25,28,34,37,43,43,43,227,0,8,12.0809013218372,4.828100001759594,42.89259999859496,7547.7400881057265
1782210970,3,,Aggregated,0.700000,0.000000,8,12,14,22,25,28,34,37,43,43,43,228,0,8,12.062342105501125,4.828100001759594,42.89259999859496,7536.9473684210525
1782210971,3,,Aggregated,0.700000,0.000000,8,12,14,22,25,28,34,37,43,43,43,228,0,8,12.062342105501125,4.828100001759594,42.89259999859496,7536.9473684210525
1782210972,3,,Aggregated,0.700000,0.000000,8,12,14,22,25,28,34,37,43,43,43,228,0,8,12.062342105501125,4.828100001759594,42.89259999859496,7536.9473684210525
1782210973,3,,Aggregated,0.900000,0.000000,8,12,14,22,25,28,34,37,43,43,43,230,0,8,12.013825652399607,4.828100001759594,42.89259999859496,7522.408695652174
1782210974,3,,Aggregated,0.900000,0.000000,8,12,14,19,25,28,34,37,43,43,43,231,0,8,11.996941991573456,4.828100001759594,42.89259999859496,7515.233766233766
1782210975,3,,Aggregated,0.900000,0.000000,8,12,14,19,25,28,34,37,43,43,43,231,0,8,11.996941991573456,4.828100001759594,42.89259999859496,7515.233766233766
1782210976,3,,Aggregated,0.900000,0.000000,8,12,13,19,25,28,34,37,43,43,43,233,0,8,11.951107725551275,4.828100001759594,42.89259999859496,7497.729613733905
1782210977,3,,Aggregated,0.900000,0.000000,8,12,13,19,25,28,34,37,43,43,43,233,0,8,11.951107725551275,4.828100001759594,42.89259999859496,7497.729613733905
1782210978,3,,Aggregated,0.700000,0.000000,8,12,14,22,25,28,34,37,43,43,43,235,0,8,11.974413191730607,4.828100001759594,42.89259999859496,7500.24255319149
1782210979,3,,Aggregated,0.700000,0.000000,8,12,14,22,25,28,34,37,43,43,43,235,0,8,11.974413191730607,4.828100001759594,42.89259999859496,7500.24255319149
1782210980,3,,Aggregated,0.800000,0.000000,8,12,14,19,25,28,34,37,43,43,43,236,0,8,11.977480508718699,4.828100001759594,42.89259999859496,7512.949152542373
1782210981,3,,Aggregated,0.800000,0.000000,8,12,14,19,25,28,34,37,43,43,43,236,0,8,11.977480508718699,4.828100001759594,42.89259999859496,7512.949152542373
1782210982,3,,Aggregated,0.800000,0.000000,8,12,13,19,25,28,34,37,43,43,43,238,0,8,11.95059411788441,4.828100001759594,42.89259999859496,7499.100840336135
1782210983,3,,Aggregated,0.800000,0.000000,8,12,13,19,25,28,34,37,43,43,43,239,0,8,11.93774267806753,4.828100001759594,42.89259999859496,7492.26359832636
1782210984,3,,Aggregated,0.800000,0.000000,8,12,13,19,25,28,34,37,43,43,43,240,0,8,11.92136041690901,4.828100001759594,42.89259999859496,7482.241666666667
1782210986,3,,Aggregated,0.800000,0.000000,8,12,13,19,25,28,34,37,43,43,43,240,0,8,11.92136041690901,4.828100001759594,42.89259999859496,7482.241666666667
1782210987,3,,Aggregated,0.800000,0.000000,8,12,13,19,25,28,34,37,43,43,43,241,0,8,11.902551037587633,4.828100001759594,42.89259999859496,7472.302904564315
1782210988,3,,Aggregated,0.900000,0.000000,8,12,13,19,25,28,34,37,43,43,43,242,0,8,11.950127272969493,4.828100001759594,42.89259999859496,7484.809917355372
1782210989,3,,Aggregated,0.900000,0.000000,8,12,13,19,25,28,34,37,43,43,43,243,0,8,11.929244856211671,4.828100001759594,42.89259999859496,7474.942386831276
1782210990,3,,Aggregated,0.900000,0.000000,8,12,13,19,25,28,34,37,43,43,43,243,0,8,11.929244856211671,4.828100001759594,42.89259999859496,7474.942386831276
1782210991,3,,Aggregated,0.900000,0.000000,8,12,13,19,25,28,34,37,43,43,43,244,0,8,11.90811762319113,4.828100001759594,42.89259999859496,7465.1557377049185
1782210992,3,,Aggregated,0.800000,0.000000,8,12,13,19,25,28,34,37,43,43,43,245,0,8,11.907933061459572,4.828100001759594,42.89259999859496,7477.538775510204
1782210993,3,,Aggregated,0.800000,0.000000,8,12,13,19,25,28,34,37,43,43,43,246,0,8,11.886734959587304,4.828100001759594,42.89259999859496,7470.983739837398
1782210994,3,,Aggregated,0.800000,0.000000,8,12,13,19,25,28,34,37,43,43,43,247,0,8,11.868258299823777,4.828100001759594,42.89259999859496,7464.4817813765185
1782210995,3,,Aggregated,0.800000,0.000000,8,12,13,19,25,28,34,37,43,43,43,248,0,8,11.910874193774596,4.828100001759594,42.89259999859496,7476.717741935484
1782210996,3,,Aggregated,0.800000,0.000000,8,12,13,19,25,28,34,37,43,43,43,248,0,8,11.910874193774596,4.828100001759594,42.89259999859496,7476.717741935484
1782210997,3,,Aggregated,0.800000,0.000000,8,12,13,19,25,28,34,37,43,43,43,249,0,8,11.894705221099017,4.828100001759594,42.89259999859496,7470.244979919678
1782210998,3,,Aggregated,0.800000,0.000000,8,12,13,19,25,28,34,37,43,43,43,249,0,8,11.894705221099017,4.828100001759594,42.89259999859496,7470.244979919678
1782210999,3,,Aggregated,0.800000,0.000000,8,12,13,19,25,28,33,37,43,43,43,251,0,8,11.85241035877463,4.828100001759594,42.89259999859496,7457.454183266932
1782211000,3,,Aggregated,0.800000,0.000000,8,12,13,19,25,28,33,37,43,43,43,252,0,8,11.830681746239803,4.828100001759594,42.89259999859496,7451.1349206349205
1782211001,3,,Aggregated,0.800000,0.000000,8,12,13,19,25,28,33,37,43,43,43,252,0,8,11.830681746239803,4.828100001759594,42.89259999859496,7451.1349206349205
1782211002,3,,Aggregated,0.800000,0.000000,8,12,13,19,25,28,33,37,43,43,43,253,0,8,11.893692885588449,4.828100001759594,42.89259999859496,7463.181818181818
1782211003,3,,Aggregated,0.800000,0.000000,8,12,13,19,25,28,33,37,43,43,43,254,0,8,11.893613386037462,4.828100001759594,42.89259999859496,7475.133858267716
1782211004,3,,Aggregated,0.800000,0.000000,8,12,13,19,25,28,33,37,43,43,43,254,0,8,11.893613386037462,4.828100001759594,42.89259999859496,7475.133858267716
1782211005,3,,Aggregated,0.800000,0.000000,8,12,13,19,25,28,33,37,43,43,43,256,0,8,11.878419531470286,4.828100001759594,42.89259999859496,7480.65625
1782211006,3,,Aggregated,0.700000,0.000000,8,12,13,19,25,28,33,37,43,43,43,257,0,8,11.862563035235258,4.828100001759594,42.89259999859496,7474.369649805448
1782211007,3,,Aggregated,0.700000,0.000000,8,12,13,19,25,28,33,37,43,43,43,258,0,8,11.89933914749361,4.828100001759594,42.89259999859496,7486.093023255814
1782211008,3,,Aggregated,0.900000,0.000000,8,12,13,19,25,28,33,37,43,43,43,259,0,8,11.901147876646816,4.828100001759594,42.89259999859496,7497.725868725869
1782211009,3,,Aggregated,0.900000,0.000000,8,12,13,19,25,28,33,37,43,43,43,260,0,8,11.889001154052563,4.828100001759594,42.89259999859496,7491.446153846154
1782211010,3,,Aggregated,0.900000,0.000000,8,12,13,19,25,28,33,37,43,43,43,260,0,8,11.889001154052563,4.828100001759594,42.89259999859496,7491.446153846154
1782211011,3,,Aggregated,1.000000,0.000000,8,12,13,19,25,28,33,37,43,43,43,261,0,8,11.871999233913826,4.828100001759594,42.89259999859496,7482.233716475096
1782211012,3,,Aggregated,0.800000,0.000000,8,12,13,19,25,28,33,37,43,43,43,263,0,8,11.930550570531015,4.828100001759594,42.89259999859496,7484.596958174905
1782211013,3,,Aggregated,0.800000,0.000000,8,12,13,19,25,28,33,37,43,43,43,263,0,8,11.930550570531015,4.828100001759594,42.89259999859496,7484.596958174905
1782211014,3,,Aggregated,0.800000,0.000000,8,12,13,19,25,28,33,37,43,43,43,263,0,8,11.930550570531015,4.828100001759594,42.89259999859496,7484.596958174905
1782211015,3,,Aggregated,0.900000,0.000000,8,12,13,19,25,28,33,37,43,43,43,266,0,8,11.894706767128454,4.828100001759594,42.89259999859496,7483.751879699248
1782211016,3,,Aggregated,0.900000,0.000000,8,12,13,19,25,28,33,37,43,43,43,266,0,8,11.894706767128454,4.828100001759594,42.89259999859496,7483.751879699248
1782211017,3,,Aggregated,0.900000,0.000000,8,12,13,19,25,28,34,38,43,43,43,267,0,8,11.99073670433334,4.828100001759594,42.89259999859496,7495.044943820225
1782211018,3,,Aggregated,0.900000,0.000000,8,12,13,19,25,28,34,38,43,43,43,267,0,8,11.99073670433334,4.828100001759594,42.89259999859496,7495.044943820225
1782211019,3,,Aggregated,0.900000,0.000000,8,12,13,19,25,28,34,38,43,43,43,268,0,8,11.982476119623813,4.828100001759594,42.89259999859496,7488.962686567164
1782211020,3,,Aggregated,0.900000,0.000000,8,12,13,19,25,28,34,38,43,43,43,269,0,8,11.969579925870875,4.828100001759594,42.89259999859496,7480.033457249071
1782211021,3,,Aggregated,0.800000,0.000000,8,12,13,19,25,28,34,38,43,43,43,271,0,8,11.97136531386789,4.828100001759594,42.89259999859496,7485.2140221402215
1782211022,3,,Aggregated,0.800000,0.000000,8,12,13,19,25,28,34,38,43,43,43,271,0,8,11.97136531386789,4.828100001759594,42.89259999859496,7485.2140221402215
1782211023,3,,Aggregated,0.800000,0.000000,8,12,13,19,25,28,34,38,43,43,43,271,0,8,11.97136531386789,4.828100001759594,42.89259999859496,7485.2140221402215
1782211024,3,,Aggregated,0.900000,0.000000,8,12,13,19,25,28,34,38,43,43,43,274,0,8,11.976360219187569,4.828100001759594,42.89259999859496,7481.5474452554745
1782211025,3,,Aggregated,0.900000,0.000000,8,12,13,19,25,28,34,38,43,43,43,274,0,8,11.976360219187569,4.828100001759594,42.89259999859496,7481.5474452554745
1782211026,3,,Aggregated,0.900000,0.000000,8,12,13,19,25,28,34,38,43,43,43,274,0,8,11.976360219187569,4.828100001759594,42.89259999859496,7481.5474452554745
1782211027,3,,Aggregated,0.800000,0.000000,8,12,13,19,25,28,34,38,43,43,43,275,0,8,11.96271418202245,4.828100001759594,42.89259999859496,7472.84
1782211028,3,,Aggregated,0.800000,0.000000,8,12,13,19,25,28,34,38,43,43,43,276,0,8,11.946361232098159,4.828100001759594,42.89259999859496,7464.195652173913
1782211029,3,,Aggregated,0.800000,0.000000,8,12,13,19,25,28,34,38,43,43,43,278,0,8,11.970557194453242,4.828100001759594,42.89259999859496,7466.561151079137
1782211030,3,,Aggregated,0.900000,0.000000,8,12,13,19,25,28,34,38,43,43,43,279,0,8,11.976160215261672,4.828100001759594,42.89259999859496,7477.430107526881
1782211031,3,,Aggregated,0.900000,0.000000,8,12,13,19,25,28,34,38,43,43,43,279,0,8,11.976160215261672,4.828100001759594,42.89259999859496,7477.430107526881
1782211032,3,,Aggregated,0.900000,0.000000,8,12,13,19,25,28,34,38,43,43,43,280,0,8,11.964763571644912,4.828100001759594,42.89259999859496,7471.671428571429
1782211033,3,,Aggregated,0.900000,0.000000,8,12,13,19,25,28,34,38,43,43,43,280,0,8,11.964763571644912,4.828100001759594,42.89259999859496,7471.671428571429
1782211034,3,,Aggregated,0.900000,0.000000,8,12,13,19,25,28,34,38,43,43,43,281,0,8,12.038114946827523,4.828100001759594,42.89259999859496,7482.4448398576515
1782211035,3,,Aggregated,0.900000,0.000000,8,12,13,19,25,28,34,38,43,43,43,283,0,8,12.003745936601758,4.828100001759594,42.89259999859496,7468.265017667844
1782211036,3,,Aggregated,0.900000,0.000000,8,12,13,19,25,28,34,38,43,43,43,283,0,8,12.003745936601758,4.828100001759594,42.89259999859496,7468.265017667844
1782211037,3,,Aggregated,0.900000,0.000000,8,12,13,19,25,28,34,38,43,43,43,283,0,8,12.003745936601758,4.828100001759594,42.89259999859496,7468.265017667844
1782211038,3,,Aggregated,0.900000,0.000000,8,12,14,19,25,28,34,38,43,43,43,284,0,8,12.02404542274168,4.828100001759594,42.89259999859496,7478.93661971831
1782211039,3,,Aggregated,0.800000,0.000000,8,12,13,19,25,28,34,38,43,43,43,286,0,8,11.985802447760271,4.828100001759594,42.89259999859496,7464.93006993007
1782211040,3,,Aggregated,0.800000,0.000000,8,12,13,19,25,28,34,38,43,43,43,286,0,8,11.985802447760271,4.828100001759594,42.89259999859496,7464.93006993007
1782211041,3,,Aggregated,0.800000,0.000000,8,12,13,19,25,28,34,38,43,43,43,287,0,8,11.970204181391349,4.828100001759594,42.89259999859496,7459.355400696864
1782211042,3,,Aggregated,0.800000,0.000000,8,12,13,19,25,28,34,38,43,43,43,288,0,8,11.95649652798794,4.828100001759594,42.89259999859496,7451.118055555556
1782211043,3,,Aggregated,0.800000,0.000000,8,12,13,19,25,28,34,38,43,43,43,289,0,8,11.935625605744988,4.828100001759594,42.89259999859496,7445.6297577854675
1782211044,3,,Aggregated,0.800000,0.000000,8,12,13,19,25,28,34,38,43,43,43,291,0,8,11.976332646251345,4.828100001759594,42.89259999859496,7466.615120274914
1782211045,3,,Aggregated,0.800000,0.000000,8,12,13,19,25,28,34,38,43,43,43,291,0,8,11.976332646251345,4.828100001759594,42.89259999859496,7466.615120274914
1782211046,3,,Aggregated,0.800000,0.000000,8,12,13,19,25,28,34,38,43,43,43,291,0,8,11.976332646251345,4.828100001759594,42.89259999859496,7466.615120274914
1782211047,3,,Aggregated,0.900000,0.000000,8,12,13,19,25,28,34,38,43,43,43,292,0,8,11.953748287876257,4.828100001759594,42.89259999859496,7458.465753424657
1782211048,3,,Aggregated,0.800000,0.000000,8,12,13,19,25,28,34,38,43,43,43,293,0,8,11.937825938761424,4.828100001759594,42.89259999859496,7450.372013651877
1782211049,3,,Aggregated,0.900000,0.000000,8,12,13,19,25,28,34,38,43,43,43,294,0,8,11.923784694073486,4.828100001759594,42.89259999859496,7444.9795918367345
1782211050,3,,Aggregated,0.900000,0.000000,8,12,13,19,25,28,34,38,43,43,43,295,0,8,11.967293220528765,4.828100001759594,42.89259999859496,7455.33220338983
1782211051,3,,Aggregated,0.900000,0.000000,8,12,13,19,25,28,34,38,43,43,43,295,0,8,11.967293220528765,4.828100001759594,42.89259999859496,7455.33220338983
1782211052,3,,Aggregated,0.900000,0.000000,8,12,13,19,25,28,34,38,43,43,43,298,0,8,11.910408053886721,4.828100001759594,42.89259999859496,7436.7114093959735
1782211053,3,,Aggregated,0.900000,0.000000,8,12,13,19,25,28,34,38,43,43,43,298,0,8,11.910408053886721,4.828100001759594,42.89259999859496,7436.7114093959735
1782211054,3,,Aggregated,0.900000,0.000000,8,12,13,19,25,28,34,38,43,43,43,298,0,8,11.910408053886721,4.828100001759594,42.89259999859496,7436.7114093959735
1782211055,3,,Aggregated,0.900000,0.000000,8,12,13,19,25,28,34,38,43,43,43,298,0,8,11.910408053886721,4.828100001759594,42.89259999859496,7436.7114093959735
1782211056,3,,Aggregated,0.900000,0.000000,8,12,13,19,25,28,34,38,43,43,43,300,0,8,11.878613666861687,4.828100001759594,42.89259999859496,7426.233333333334
1782211057,3,,Aggregated,0.900000,0.000000,8,12,13,19,25,28,34,38,46,46,46,301,0,8,11.99049800684905,4.828100001759594,45.55580000305781,7436.441860465116
1782211058,3,,Aggregated,0.700000,0.000000,8,12,13,19,25,28,34,38,46,46,46,302,0,8,12.016413245235539,4.828100001759594,45.55580000305781,7446.582781456954
1782211059,3,,Aggregated,0.700000,0.000000,8,12,13,19,25,28,34,38,46,46,46,302,0,8,12.016413245235539,4.828100001759594,45.55580000305781,7446.582781456954
1782211060,3,,Aggregated,0.900000,0.000000,8,12,14,20,25,28,36,38,46,46,46,303,0,8,12.096677557961488,4.828100001759594,45.55580000305781,7456.656765676567
1782211061,3,,Aggregated,0.900000,0.000000,8,12,14,20,25,28,36,38,46,46,46,304,0,8,12.086557237054015,4.828100001759594,45.55580000305781,7448.861842105263
1782211062,3,,Aggregated,0.700000,0.000000,8,12,13,20,25,28,36,38,46,46,46,305,0,8,12.074517705129482,4.828100001759594,45.55580000305781,7443.668852459016
1782211063,3,,Aggregated,0.700000,0.000000,8,12,13,20,25,28,36,38,46,46,46,305,0,8,12.074517705129482,4.828100001759594,45.55580000305781,7443.668852459016
1782211064,3,,Aggregated,0.700000,0.000000,8,12,13,20,25,28,36,38,46,46,46,305,0,8,12.074517705129482,4.828100001759594,45.55580000305781,7443.668852459016
1782211065,3,,Aggregated,0.700000,0.000000,8,12,13,19,25,28,36,38,46,46,46,307,0,8,12.036558957867163,4.828100001759594,45.55580000305781,7430.85016286645
1782211066,3,,Aggregated,0.700000,0.000000,8,12,13,19,25,28,36,38,46,46,46,308,0,8,12.022674350853116,4.828100001759594,45.55580000305781,7423.24025974026
1782211067,3,,Aggregated,0.700000,0.000000,8,12,13,19,25,28,36,38,46,46,46,308,0,8,12.022674350853116,4.828100001759594,45.55580000305781,7423.24025974026
1782211068,3,,Aggregated,0.700000,0.000000,8,12,13,19,25,28,36,38,46,46,46,308,0,8,12.022674350853116,4.828100001759594,45.55580000305781,7423.24025974026
1782211069,3,,Aggregated,1.000000,0.000000,8,12,13,20,25,28,36,38,46,46,46,309,0,8,12.061364077871573,4.828100001759594,45.55580000305781,7433.194174757282
1782211070,3,,Aggregated,0.700000,0.000000,8,12,13,19,25,28,36,38,46,46,46,311,0,8,12.058208038783565,4.828100001759594,45.55580000305781,7452.90996784566
1782211071,3,,Aggregated,0.700000,0.000000,8,12,14,19,25,28,36,38,46,46,46,312,0,8,12.064084615583571,4.828100001759594,45.55580000305781,7462.673076923077
1782211072,3,,Aggregated,0.700000,0.000000,8,12,14,19,25,28,36,38,46,46,46,312,0,8,12.064084615583571,4.828100001759594,45.55580000305781,7462.673076923077
1782211073,3,,Aggregated,0.700000,0.000000,8,12,14,19,25,28,36,38,46,46,46,312,0,8,12.064084615583571,4.828100001759594,45.55580000305781,7462.673076923077
1782211074,3,,Aggregated,0.800000,0.000000,8,12,14,20,25,28,36,38,46,46,46,314,0,8,12.084063057520591,4.828100001759594,45.55580000305781,7467.254777070064
1782211075,3,,Aggregated,0.700000,0.000000,8,12,14,20,25,28,36,38,46,46,46,315,0,8,12.098002857329982,4.828100001759594,45.55580000305781,7476.879365079365
1782211076,3,,Aggregated,0.700000,0.000000,8,12,14,20,25,28,36,38,46,46,46,315,0,8,12.098002857329982,4.828100001759594,45.55580000305781,7476.879365079365
1782211077,3,,Aggregated,0.900000,0.000000,8,12,14,19,25,28,36,38,46,46,46,316,0,8,12.076641455885554,4.828100001759594,45.55580000305781,7471.778481012659
1782211078,3,,Aggregated,0.900000,0.000000,8,12,14,20,25,28,36,38,46,46,46,318,0,8,12.096571069372395,4.828100001759594,45.55580000305781,7476.245283018868
1782211079,3,,Aggregated,0.900000,0.000000,8,12,14,20,25,28,36,38,46,46,46,318,0,8,12.096571069372395,4.828100001759594,45.55580000305781,7476.245283018868
1782211080,3,,Aggregated,1.000000,0.000000,8,12,14,20,25,28,36,38,46,46,46,319,0,8,12.079150783894624,4.828100001759594,45.55580000305781,7471.194357366771
1782211081,3,,Aggregated,0.900000,0.000000,8,12,14,20,25,28,36,38,46,46,46,320,0,8,12.058581562700965,4.828100001759594,45.55580000305781,7466.175
1782211082,3,,Aggregated,0.900000,0.000000,8,12,14,19,25,28,36,38,46,46,46,321,0,8,12.039972274346427,4.828100001759594,45.55580000305781,7461.186915887851
1782211083,3,,Aggregated,0.900000,0.000000,8,12,14,19,25,28,36,38,46,46,46,321,0,8,12.039972274346427,4.828100001759594,45.55580000305781,7461.186915887851
1782211084,3,,Aggregated,0.800000,0.000000,8,12,14,19,25,28,36,38,46,46,46,323,0,8,12.008082662723384,4.828100001759594,45.55580000305781,7451.303405572756
1782211085,3,,Aggregated,0.800000,0.000000,8,12,14,19,25,28,36,38,46,46,46,323,0,8,12.008082662723384,4.828100001759594,45.55580000305781,7451.303405572756
1782211086,3,,Aggregated,0.900000,0.000000,8,12,14,20,25,28,36,38,46,46,46,324,0,8,12.040166049566189,4.828100001759594,45.55580000305781,7460.70987654321
1782211087,3,,Aggregated,0.900000,0.000000,8,12,14,20,25,28,36,38,46,46,46,325,0,8,12.041532923254776,4.828100001759594,45.55580000305781,7470.058461538461
1782211088,3,,Aggregated,0.800000,0.000000,8,12,14,19,25,28,36,38,46,46,46,326,0,8,12.028040797728188,4.828100001759594,45.55580000305781,7465.134969325153
1782211089,3,,Aggregated,0.900000,0.000000,8,12,14,19,25,28,36,38,46,46,46,327,0,8,12.030702140864015,4.828100001759594,45.55580000305781,7474.412844036698
1782211090,3,,Aggregated,0.900000,0.000000,8,12,14,19,25,28,36,38,46,46,46,327,0,8,12.030702140864015,4.828100001759594,45.55580000305781,7474.412844036698
1782211091,3,,Aggregated,0.800000,0.000000,8,12,14,20,25,28,36,38,46,46,46,328,0,8,12.082824390423722,4.828100001759594,45.55580000305781,7483.634146341464
1782211092,3,,Aggregated,0.900000,0.000000,8,12,14,20,25,28,36,38,46,46,46,330,0,8,12.04740151532116,4.828100001759594,45.55580000305781,7471.466666666666
1782211093,3,,Aggregated,0.900000,0.000000,8,12,14,20,25,28,36,38,46,46,46,330,0,8,12.04740151532116,4.828100001759594,45.55580000305781,7471.466666666666
1782211094,3,,Aggregated,0.900000,0.000000,8,12,14,20,25,28,36,38,46,46,46,330,0,8,12.04740151532116,4.828100001759594,45.55580000305781,7471.466666666666
1782211095,3,,Aggregated,0.900000,0.000000,8,12,14,20,25,28,36,38,46,46,46,332,0,8,12.061109638728022,4.828100001759594,45.55580000305781,7475.746987951808
1782211096,3,,Aggregated,0.900000,0.000000,8,12,14,20,25,28,36,38,46,46,46,333,0,8,12.04314174190602,4.828100001759594,45.55580000305781,7470.90990990991
1782211097,3,,Aggregated,0.900000,0.000000,8,12,14,20,25,28,36,38,46,46,46,333,0,8,12.04314174190602,4.828100001759594,45.55580000305781,7470.90990990991
1782211098,3,,Aggregated,0.900000,0.000000,8,12,14,20,25,28,36,38,46,46,46,334,0,8,12.041834431302105,4.828100001759594,45.55580000305781,7479.976047904192
1782211100,3,,Aggregated,0.900000,0.000000,8,12,14,20,25,28,36,38,46,46,46,335,0,8,12.02775820912298,4.828100001759594,45.55580000305781,7475.155223880597
1782211101,3,,Aggregated,0.800000,0.000000,8,12,14,20,25,28,36,38,46,46,46,336,0,8,12.057910714453275,4.828100001759594,45.55580000305781,7484.1547619047615
1782211102,3,,Aggregated,0.800000,0.000000,8,12,14,20,25,28,36,38,46,46,46,337,0,8,12.041244213816931,4.828100001759594,45.55580000305781,7479.350148367953
1782211103,3,,Aggregated,0.800000,0.000000,8,12,14,20,25,28,36,38,46,46,46,337,0,8,12.041244213816931,4.828100001759594,45.55580000305781,7479.350148367953
1782211104,3,,Aggregated,0.900000,0.000000,8,12,14,20,25,28,36,38,46,46,46,338,0,8,12.024740532715494,4.828100001759594,45.55580000305781,7472.2721893491125
1782211105,3,,Aggregated,0.900000,0.000000,8,12,14,20,25,28,36,38,46,46,46,338,0,8,12.024740532715494,4.828100001759594,45.55580000305781,7472.2721893491125
1782211106,3,,Aggregated,0.700000,0.000000,8,12,14,20,25,28,36,38,46,46,46,339,0,8,12.013323893974045,4.828100001759594,45.55580000305781,7465.23598820059
1782211107,3,,Aggregated,0.800000,0.000000,8,12,14,20,25,28,36,38,46,46,46,340,0,8,11.99527794134851,4.828100001759594,45.55580000305781,7460.529411764706
1782211108,3,,Aggregated,0.800000,0.000000,8,12,13,19,25,28,36,38,46,46,46,341,0,8,11.978025220112539,4.828100001759594,45.55580000305781,7455.850439882698
1782211109,3,,Aggregated,0.700000,0.000000,8,12,13,19,25,28,36,38,46,46,46,342,0,8,11.96019970777013,4.828100001759594,45.55580000305781,7451.198830409357
1782211110,3,,Aggregated,0.700000,0.000000,8,12,14,20,25,28,36,38,46,46,46,344,0,8,11.97285813970116,4.828100001759594,45.55580000305781,7455.447674418605
1782211111,3,,Aggregated,0.700000,0.000000,8,12,14,20,25,28,36,38,46,46,46,344,0,8,11.97285813970116,4.828100001759594,45.55580000305781,7455.447674418605
1782211112,3,,Aggregated,0.800000,0.000000,8,12,13,20,25,28,36,38,46,46,46,345,0,8,11.974693913203817,4.828100001759594,45.55580000305781,7464.269565217392
1782211113,3,,Aggregated,0.900000,0.000000,8,12,13,19,25,28,36,38,46,46,46,346,0,8,11.976341329637116,4.828100001759594,45.55580000305781,7473.040462427745
1782211114,3,,Aggregated,0.900000,0.000000,8,12,13,19,25,28,36,38,46,46,46,346,0,8,11.976341329637116,4.828100001759594,45.55580000305781,7473.040462427745
1782211115,3,,Aggregated,0.800000,0.000000,8,12,14,20,25,28,36,38,46,46,46,348,0,8,12.03161235647629,4.828100001759594,45.55580000305781,7474.879310344828
1782211116,3,,Aggregated,0.800000,0.000000,8,12,14,20,25,28,36,38,46,46,46,348,0,8,12.03161235647629,4.828100001759594,45.55580000305781,7474.879310344828
1782211117,3,,Aggregated,0.800000,0.000000,8,12,14,21,25,28,36,38,46,46,46,349,0,8,12.064712034541891,4.828100001759594,45.55580000305781,7483.54441260745
1782211118,3,,Aggregated,0.800000,0.000000,8,12,14,21,25,28,36,38,46,46,46,349,0,8,12.064712034541891,4.828100001759594,45.55580000305781,7483.54441260745
1782211119,3,,Aggregated,0.900000,0.000000,8,12,14,20,25,28,36,38,46,46,46,351,0,8,12.068431909000228,4.828100001759594,45.55580000305781,7487.524216524216
1782211120,3,,Aggregated,0.900000,0.000000,8,12,14,21,25,29,36,38,46,46,46,352,0,8,12.132763920621157,4.828100001759594,45.55580000305781,7496.079545454545
1782211121,3,,Aggregated,0.900000,0.000000,8,12,14,21,25,29,36,38,46,46,46,352,0,8,12.132763920621157,4.828100001759594,45.55580000305781,7496.079545454545
1782211122,3,,Aggregated,0.800000,0.000000,8,12,14,21,25,29,36,38,46,46,46,353,0,8,12.135064306117119,4.828100001759594,45.55580000305781,7504.586402266289
1782211123,3,,Aggregated,0.800000,0.000000,8,12,14,21,25,29,36,38,46,46,46,353,0,8,12.135064306117119,4.828100001759594,45.55580000305781,7504.586402266289
1782211124,3,,Aggregated,0.800000,0.000000,8,12,14,21,25,29,36,38,46,46,46,355,0,8,12.117685915670247,4.828100001759594,45.55580000305781,7508.402816901408
1782211125,3,,Aggregated,0.800000,0.000000,8,12,14,21,25,29,36,38,46,46,46,355,0,8,12.117685915670247,4.828100001759594,45.55580000305781,7508.402816901408
1782211126,3,,Aggregated,0.700000,0.000000,8,12,14,21,25,29,36,38,46,46,46,356,0,8,12.153280056358444,4.828100001759594,45.55580000305781,7516.803370786517
1782211127,3,,Aggregated,0.900000,0.000000,8,12,14,21,25,29,36,38,46,46,46,357,0,8,12.150602801298561,4.828100001759594,45.55580000305781,7525.156862745098
1782211128,3,,Aggregated,0.700000,0.000000,8,12,14,21,25,29,36,38,46,46,46,358,0,8,12.136360335371238,4.828100001759594,45.55580000305781,7520.519553072626
1782211129,3,,Aggregated,0.700000,0.000000,8,12,14,21,25,29,36,38,46,46,46,358,0,8,12.136360335371238,4.828100001759594,45.55580000305781,7520.519553072626
1782211130,3,,Aggregated,0.800000,0.000000,8,12,14,21,25,29,36,38,46,46,46,360,0,8,12.101985277958091,4.828100001759594,45.55580000305781,7511.322222222222
1782211131,3,,Aggregated,0.800000,0.000000,8,12,14,21,25,29,36,38,46,46,46,360,0,8,12.101985277958091,4.828100001759594,45.55580000305781,7511.322222222222
1782211132,3,,Aggregated,0.700000,0.000000,8,12,14,21,25,28,36,38,46,46,46,362,0,8,12.137456077527421,4.828100001759594,45.55580000305781,7527.828729281768
1782211133,3,,Aggregated,0.800000,0.000000,8,12,14,21,25,28,36,38,46,46,46,363,0,8,12.121012947829499,4.828100001759594,45.55580000305781,7521.104683195592
1782211134,3,,Aggregated,0.800000,0.000000,8,12,14,21,25,28,36,38,46,46,46,363,0,8,12.121012947829499,4.828100001759594,45.55580000305781,7521.104683195592
1782211135,3,,Aggregated,1.000000,0.000000,8,12,14,21,25,28,36,38,46,46,46,364,0,8,12.10472087929632,4.828100001759594,45.55580000305781,7514.417582417583
1782211136,3,,Aggregated,0.800000,0.000000,8,12,14,21,25,29,36,38,46,46,46,365,0,8,12.155091507027041,4.828100001759594,45.55580000305781,7522.594520547946
1782211137,3,,Aggregated,0.900000,0.000000,8,12,14,21,25,29,36,38,46,46,46,366,0,8,12.139816120400267,4.828100001759594,45.55580000305781,7518.065573770492
1782211138,3,,Aggregated,0.800000,0.000000,8,12,14,21,25,29,36,38,46,46,46,367,0,8,12.16635940073187,4.828100001759594,45.55580000305781,7526.188010899183
1782211139,3,,Aggregated,0.800000,0.000000,8,12,14,21,25,29,36,38,46,46,46,367,0,8,12.16635940073187,4.828100001759594,45.55580000305781,7526.188010899183
1782211140,3,,Aggregated,0.800000,0.000000,8,12,14,21,25,29,36,38,46,46,46,369,0,8,12.132056910751437,4.828100001759594,45.55580000305781,7517.184281842819
1782211141,3,,Aggregated,0.800000,0.000000,8,12,14,21,25,29,36,38,46,46,46,369,0,8,12.132056910751437,4.828100001759594,45.55580000305781,7517.184281842819
1782211142,3,,Aggregated,0.800000,0.000000,8,12,14,21,25,29,36,38,46,46,46,369,0,8,12.132056910751437,4.828100001759594,45.55580000305781,7517.184281842819
1782211143,3,,Aggregated,0.900000,0.000000,8,12,14,21,25,29,36,38,46,46,46,370,0,8,12.12114675693777,4.828100001759594,45.55580000305781,7512.718918918919
1782211144,3,,Aggregated,0.700000,0.000000,8,12,14,21,25,29,36,38,46,46,46,372,0,8,12.13011397867963,4.828100001759594,45.55580000305781,7516.317204301075
1782211145,3,,Aggregated,0.700000,0.000000,8,12,14,21,25,29,36,38,46,46,46,372,0,8,12.13011397867963,4.828100001759594,45.55580000305781,7516.317204301075
1782211146,3,,Aggregated,0.700000,0.000000,8,12,14,21,25,29,36,38,46,46,46,372,0,8,12.13011397867963,4.828100001759594,45.55580000305781,7516.317204301075
1782211147,3,,Aggregated,0.800000,0.000000,8,12,14,21,25,29,36,38,46,46,46,374,0,8,12.169661764891252,4.828100001759594,45.55580000305781,7532.267379679144
1782211148,3,,Aggregated,0.800000,0.000000,8,12,14,21,25,29,36,38,46,46,46,374,0,8,12.169661764891252,4.828100001759594,45.55580000305781,7532.267379679144
1782211149,3,,Aggregated,0.800000,0.000000,8,12,14,21,25,29,36,38,46,46,46,375,0,8,12.155700000187304,4.828100001759594,45.55580000305781,7527.821333333333
1782211150,3,,Aggregated,0.700000,0.000000,8,12,14,21,25,29,36,38,46,46,46,376,0,8,12.138602925712435,4.828100001759594,45.55580000305781,7523.398936170212
1782211151,3,,Aggregated,0.800000,0.000000,8,12,14,21,25,29,36,38,46,46,46,377,0,8,12.175008488241327,4.828100001759594,45.55580000305781,7531.2917771883285
1782211152,3,,Aggregated,0.700000,0.000000,8,12,14,22,25,29,36,38,46,46,46,378,0,8,12.245757936686879,4.828100001759594,45.55580000305781,7539.142857142857
1782211153,3,,Aggregated,0.700000,0.000000,8,12,14,22,25,29,36,38,46,46,46,379,0,8,12.269176781185738,4.828100001759594,45.55580000305781,7546.952506596306
1782211154,3,,Aggregated,0.700000,0.000000,8,12,14,22,25,29,36,38,46,46,46,379,0,8,12.269176781185738,4.828100001759594,45.55580000305781,7546.952506596306
1782211155,3,,Aggregated,0.800000,0.000000,8,12,14,22,25,29,36,38,46,46,46,380,0,8,12.254392894915087,4.828100001759594,45.55580000305781,7542.526315789473
1782211156,3,,Aggregated,0.800000,0.000000,8,12,14,21,25,29,36,38,46,46,46,381,0,8,12.239018897806693,4.828100001759594,45.55580000305781,7538.123359580052
1782211157,3,,Aggregated,0.800000,0.000000,8,12,14,22,25,29,36,38,46,46,46,383,0,8,12.27562349886854,4.828100001759594,45.55580000305781,7539.454308093995
1782211158,3,,Aggregated,0.800000,0.000000,8,12,14,22,25,29,36,38,46,46,46,383,0,8,12.27562349886854,4.828100001759594,45.55580000305781,7539.454308093995
1782211159,3,,Aggregated,0.800000,0.000000,8,12,14,22,25,29,36,38,46,46,46,383,0,8,12.27562349886854,4.828100001759594,45.55580000305781,7539.454308093995
1782211160,3,,Aggregated,1.100000,0.000000,8,12,14,22,25,29,36,38,46,46,46,384,0,8,12.257760937671947,4.828100001759594,45.55580000305781,7535.09375
1782211161,3,,Aggregated,0.800000,0.000000,8,12,14,22,25,29,36,38,46,46,46,386,0,8,12.288053108988766,4.828100001759594,45.55580000305781,7550.4507772020725
1782211162,3,,Aggregated,0.800000,0.000000,8,12,15,22,25,29,36,38,46,46,46,387,0,8,12.296265633262767,4.828100001759594,45.55580000305781,7558.069767441861
1782211163,3,,Aggregated,0.900000,0.000000,8,12,15,22,25,29,36,38,46,46,46,388,0,8,12.332518556888186,4.828100001759594,45.55580000305781,7565.649484536082
1782211164,3,,Aggregated,0.900000,0.000000,8,12,15,22,25,29,36,38,46,46,46,389,0,8,12.330074293250808,4.828100001759594,45.55580000305781,7573.190231362468
1782211165,3,,Aggregated,0.900000,0.000000,8,12,15,22,25,29,36,38,46,46,46,389,0,8,12.330074293250808,4.828100001759594,45.55580000305781,7573.190231362468
1782211166,3,,Aggregated,0.800000,0.000000,8,12,15,22,25,29,36,38,46,46,46,390,0,8,12.31309538480463,4.828100001759594,45.55580000305781,7568.810256410256
1782211167,3,,Aggregated,0.800000,0.000000,8,12,15,22,25,29,36,38,46,46,46,390,0,8,12.31309538480463,4.828100001759594,45.55580000305781,7568.810256410256
1782211168,3,,Aggregated,1.000000,0.000000,8,12,15,22,25,29,36,38,46,46,46,392,0,8,12.282647959367825,4.828100001759594,45.55580000305781,7560.117346938776
1782211169,3,,Aggregated,1.000000,0.000000,8,12,15,22,25,29,36,38,46,46,46,392,0,8,12.282647959367825,4.828100001759594,45.55580000305781,7560.117346938776
1782211170,3,,Aggregated,0.800000,0.000000,8,12,14,22,25,29,36,38,46,46,46,393,0,8,12.269550890768935,4.828100001759594,45.55580000305781,7555.804071246819
1782211171,3,,Aggregated,0.800000,0.000000,8,12,15,22,25,29,36,38,46,46,46,395,0,8,12.285131645754356,4.828100001759594,45.55580000305781,7558.974683544304
1782211172,3,,Aggregated,0.800000,0.000000,8,12,15,22,25,29,36,38,46,46,46,395,0,8,12.285131645754356,4.828100001759594,45.55580000305781,7558.974683544304
1782211173,3,,Aggregated,0.800000,0.000000,8,12,15,22,25,29,36,38,46,46,46,395,0,8,12.285131645754356,4.828100001759594,45.55580000305781,7558.974683544304
1782211174,3,,Aggregated,0.900000,0.000000,8,12,14,22,25,29,36,38,46,46,46,397,0,8,12.263807808748394,4.828100001759594,45.55580000305781,7550.44080604534
1782211175,3,,Aggregated,0.900000,0.000000,8,12,15,22,25,29,36,38,46,46,46,398,0,8,12.279166080584195,4.828100001759594,45.55580000305781,7557.849246231156
1782211176,3,,Aggregated,0.900000,0.000000,8,12,15,22,25,29,36,38,46,46,46,398,0,8,12.279166080584195,4.828100001759594,45.55580000305781,7557.849246231156
1782211177,3,,Aggregated,0.900000,0.000000,8,12,15,22,25,29,36,38,46,46,46,399,0,8,12.266642606700406,4.828100001759594,45.55580000305781,7551.6566416040105
1782211178,3,,Aggregated,0.800000,0.000000,8,12,15,22,25,29,36,38,46,46,46,400,0,8,12.29112350018113,4.828100001759594,45.55580000305781,7559.025
1782211179,3,,Aggregated,0.800000,0.000000,8,12,15,22,25,29,36,38,46,46,46,401,0,8,12.277384788209664,4.828100001759594,45.55580000305781,7554.800498753118
1782211180,3,,Aggregated,0.800000,0.000000,8,12,15,22,25,29,36,38,46,46,46,401,0,8,12.277384788209664,4.828100001759594,45.55580000305781,7554.800498753118
1782211181,3,,Aggregated,0.900000,0.000000,8,12,15,22,25,29,36,38,46,46,46,402,0,8,12.26255223898545,4.828100001759594,45.55580000305781,7548.661691542288
1782211182,3,,Aggregated,0.900000,0.000000,8,12,15,22,25,29,36,38,46,46,46,403,0,8,12.247323821519116,4.828100001759594,45.55580000305781,7544.4838709677415
1782211183,3,,Aggregated,0.600000,0.000000,8,12,15,22,25,29,36,38,46,46,46,404,0,8,12.236572524932061,4.828100001759594,45.55580000305781,7540.3267326732675
1782211184,3,,Aggregated,0.600000,0.000000,8,12,15,22,25,29,36,38,46,46,46,405,0,8,12.26122370388583,4.828100001759594,45.55580000305781,7547.632098765432
1782211185,3,,Aggregated,0.800000,0.000000,8,12,15,22,25,29,36,38,46,46,46,407,0,8,12.241110565291796,4.828100001759594,45.55580000305781,7550.7493857493855
1782211186,3,,Aggregated,0.800000,0.000000,8,12,15,22,25,29,36,38,46,46,46,407,0,8,12.241110565291796,4.828100001759594,45.55580000305781,7550.7493857493855
1782211187,3,,Aggregated,0.700000,0.000000,8,12,15,22,25,29,36,38,46,46,46,408,0,8,12.241626225668192,4.828100001759594,45.55580000305781,7557.975490196079
1782211188,3,,Aggregated,0.900000,0.000000,8,12,14,22,25,29,36,38,46,46,46,409,0,8,12.231259413387582,4.828100001759594,45.55580000305781,7551.9339853300735
1782211189,3,,Aggregated,0.900000,0.000000,8,12,14,22,25,29,36,38,46,46,46,409,0,8,12.231259413387582,4.828100001759594,45.55580000305781,7551.9339853300735
1782211190,3,,Aggregated,0.900000,0.000000,8,12,15,22,25,29,36,38,46,46,46,411,0,8,12.25549513400462,4.828100001759594,45.55580000305781,7566.274939172749
1782211191,3,,Aggregated,0.900000,0.000000,8,12,15,22,25,29,36,38,46,46,46,411,0,8,12.25549513400462,4.828100001759594,45.55580000305781,7566.274939172749
1782211192,3,,Aggregated,0.900000,0.000000,8,12,15,22,25,29,36,38,46,46,46,412,0,8,12.253705825422056,4.828100001759594,45.55580000305781,7573.3932038834955
1782211193,3,,Aggregated,0.900000,0.000000,8,12,15,22,25,29,36,38,46,46,46,412,0,8,12.253705825422056,4.828100001759594,45.55580000305781,7573.3932038834955
1782211194,3,,Aggregated,0.900000,0.000000,8,12,14,22,25,29,36,38,46,46,46,413,0,8,12.239836319786615,4.828100001759594,45.55580000305781,7569.256658595642
1782211195,3,,Aggregated,0.900000,0.000000,8,12,15,22,25,29,36,38,46,46,46,414,0,8,12.268058454278595,4.828100001759594,45.55580000305781,7576.333333333333
1782211196,3,,Aggregated,0.700000,0.000000,8,12,15,22,25,29,36,38,46,46,46,416,0,8,12.242044471323565,4.828100001759594,45.55580000305781,7568.1057692307695
1782211197,3,,Aggregated,0.700000,0.000000,8,12,15,22,25,29,36,38,46,46,46,416,0,8,12.242044471323565,4.828100001759594,45.55580000305781,7568.1057692307695
1782211198,3,,Aggregated,0.800000,0.000000,8,12,14,22,25,29,36,38,46,46,46,417,0,8,12.22672350136901,4.828100001759594,45.55580000305781,7564.021582733813
1782211199,3,,Aggregated,0.900000,0.000000,8,12,14,22,25,29,36,38,46,46,46,418,0,8,12.218687799210901,4.828100001759594,45.55580000305781,7558.095693779905
1782211200,3,,Aggregated,0.800000,0.000000,8,12,15,22,25,29,36,38,46,46,46,419,0,8,12.241483055056738,4.828100001759594,45.55580000305781,7565.114558472554
1782211201,3,,Aggregated,0.800000,0.000000,8,12,15,22,25,29,36,38,46,46,46,419,0,8,12.241483055056738,4.828100001759594,45.55580000305781,7565.114558472554
1782211202,3,,Aggregated,0.800000,0.000000,8,12,15,22,25,29,36,38,46,46,46,420,0,8,12.228140476353085,4.828100001759594,45.55580000305781,7559.214285714285
1782211203,3,,Aggregated,0.800000,0.000000,8,12,15,22,25,28,36,38,46,46,46,422,0,8,12.236359241865857,4.828100001759594,45.55580000305781,7562.1658767772515
1782211204,3,,Aggregated,0.800000,0.000000,8,12,15,22,25,28,36,38,46,46,46,422,0,8,12.236359241865857,4.828100001759594,45.55580000305781,7562.1658767772515
1782211205,3,,Aggregated,0.800000,0.000000,8,12,15,22,25,28,36,38,46,46,46,422,0,8,12.236359241865857,4.828100001759594,45.55580000305781,7562.1658767772515
1782211206,3,,Aggregated,1.000000,0.000000,8,12,15,22,25,28,36,38,46,46,46,424,0,8,12.248789151108898,4.828100001759594,45.55580000305781,7565.08962264151
1782211207,3,,Aggregated,0.800000,0.000000,8,12,15,22,25,28,36,38,46,46,46,425,0,8,12.246719764875975,4.828100001759594,45.55580000305781,7571.992941176471
1782211208,3,,Aggregated,0.800000,0.000000,8,12,15,22,25,28,36,38,46,46,46,425,0,8,12.246719764875975,4.828100001759594,45.55580000305781,7571.992941176471
1782211209,3,,Aggregated,0.800000,0.000000,8,12,15,22,25,28,36,38,46,46,46,426,0,8,12.246807746644453,4.828100001759594,45.55580000305781,7578.863849765258
1782211210,3,,Aggregated,0.900000,0.000000,8,12,15,22,25,28,36,38,46,46,46,428,0,8,12.231964486150373,4.828100001759594,45.55580000305781,7581.682242990654
1782211211,3,,Aggregated,0.900000,0.000000,8,12,15,22,25,28,36,38,46,46,46,428,0,8,12.231964486150373,4.828100001759594,45.55580000305781,7581.682242990654
1782211213,3,,Aggregated,0.800000,0.000000,8,12,14,22,25,28,36,38,46,46,46,429,0,8,12.22066433582914,4.828100001759594,45.55580000305781,7575.867132867133
1782211214,3,,Aggregated,0.900000,0.000000,8,12,14,22,25,28,36,38,46,46,46,430,0,8,12.205964651332389,4.828100001759594,45.55580000305781,7570.079069767442
1782211215,3,,Aggregated,0.900000,0.000000,8,12,14,22,25,28,36,38,46,46,46,430,0,8,12.205964651332389,4.828100001759594,45.55580000305781,7570.079069767442
1782211216,3,,Aggregated,0.900000,0.000000,8,12,15,22,25,28,36,38,46,46,46,432,0,8,12.22014004646452,4.828100001759594,45.55580000305781,7571.111111111111
1782211217,3,,Aggregated,0.900000,0.000000,8,12,15,22,25,28,36,38,46,46,46,432,0,8,12.22014004646452,4.828100001759594,45.55580000305781,7571.111111111111
1782211218,3,,Aggregated,0.800000,0.000000,8,12,14,22,25,28,36,38,46,46,46,433,0,8,12.20785173226627,4.828100001759594,45.55580000305781,7567.17090069284
1782211219,3,,Aggregated,1.000000,0.000000,8,12,14,22,25,28,36,38,46,46,46,434,0,8,12.193109447169112,4.828100001759594,45.55580000305781,7563.248847926267
1782211220,3,,Aggregated,1.000000,0.000000,8,12,14,22,25,28,36,38,46,46,46,434,0,8,12.193109447169112,4.828100001759594,45.55580000305781,7563.248847926267
1782211221,3,,Aggregated,0.800000,0.000000,8,12,15,22,25,29,36,38,46,46,46,437,0,8,12.284401830831767,4.828100001759594,45.55580000305781,7583.402745995423
1782211222,3,,Aggregated,0.800000,0.000000,8,12,15,22,25,29,36,38,46,46,46,437,0,8,12.284401830831767,4.828100001759594,45.55580000305781,7583.402745995423
1782211223,3,,Aggregated,0.800000,0.000000,8,12,15,22,25,29,36,38,46,46,46,437,0,8,12.284401830831767,4.828100001759594,45.55580000305781,7583.402745995423
1782211224,3,,Aggregated,0.900000,0.000000,8,12,15,22,25,29,36,38,46,46,46,439,0,8,12.25766492044595,4.828100001759594,45.55580000305781,7573.801822323462
1782211225,3,,Aggregated,0.900000,0.000000,8,12,15,22,25,29,36,38,46,46,46,440,0,8,12.249051363803368,4.828100001759594,45.55580000305781,7569.918181818181
1782211226,3,,Aggregated,0.900000,0.000000,8,12,15,22,25,29,36,38,46,46,46,440,0,8,12.249051363803368,4.828100001759594,45.55580000305781,7569.918181818181
1782211227,3,,Aggregated,0.900000,0.000000,8,12,15,22,25,28,36,38,46,46,46,441,0,8,12.272512471817313,4.828100001759594,45.55580000305781,7576.5600907029475
1782211228,3,,Aggregated,1.000000,0.000000,8,12,15,22,25,28,36,38,46,46,46,443,0,8,12.246328668323496,4.828100001759594,45.55580000305781,7568.83295711061
1782211229,3,,Aggregated,0.800000,0.000000,8,12,15,22,25,28,36,38,46,46,46,444,0,8,12.232384910062178,4.828100001759594,45.55580000305781,7563.243243243243
1782211230,3,,Aggregated,0.900000,0.000000,8,12,15,22,25,28,36,38,46,46,46,445,0,8,12.219973932730957,4.828100001759594,45.55580000305781,7559.426966292135
1782211231,3,,Aggregated,0.900000,0.000000,8,12,15,22,25,28,36,38,46,46,46,445,0,8,12.219973932730957,4.828100001759594,45.55580000305781,7559.426966292135
1782211232,3,,Aggregated,1.000000,0.000000,8,12,15,22,25,28,36,38,46,46,46,446,0,8,12.255693722124507,4.828100001759594,45.55580000305781,7566.017937219731
1782211233,3,,Aggregated,0.800000,0.000000,8,12,15,22,25,28,36,38,46,46,46,447,0,8,12.24598411647879,4.828100001759594,45.55580000305781,7562.212527964206
1782211234,3,,Aggregated,0.800000,0.000000,8,12,15,22,25,28,36,38,46,46,46,448,0,8,12.280575669795521,4.828100001759594,45.55580000305781,7568.767857142857
1782211235,3,,Aggregated,0.900000,0.000000,8,12,15,22,25,28,36,38,46,46,46,449,0,8,12.279935189462067,4.828100001759594,45.55580000305781,7575.293986636971
1782211236,3,,Aggregated,0.900000,0.000000,8,12,15,22,25,28,36,38,46,46,46,450,0,8,12.28057200015529,4.828100001759594,45.55580000305781,7581.791111111111
1782211237,3,,Aggregated,0.900000,0.000000,8,12,15,22,25,29,35,38,46,46,46,451,0,8,12.33039135270332,4.828100001759594,45.55580000305781,7588.259423503326
1782211238,3,,Aggregated,0.900000,0.000000,8,12,15,22,25,29,35,38,46,46,46,451,0,8,12.33039135270332,4.828100001759594,45.55580000305781,7588.259423503326
1782211239,3,,Aggregated,1.000000,0.000000,8,12,15,22,25,29,35,38,46,46,46,452,0,8,12.318282743521662,4.828100001759594,45.55580000305781,7584.446902654868
1782211240,3,,Aggregated,0.900000,0.000000,8,12,15,22,25,29,35,38,46,46,46,453,0,8,12.339524724224566,4.828100001759594,45.55580000305781,7590.880794701987
1782211241,3,,Aggregated,0.800000,0.000000,8,12,15,22,25,29,35,38,46,46,46,454,0,8,12.327234801923304,4.828100001759594,45.55580000305781,7587.079295154185
1782211242,3,,Aggregated,0.800000,0.000000,8,12,15,22,25,29,35,38,46,46,46,455,0,8,12.33261560455603,4.828100001759594,45.55580000305781,7593.479120879121
1782211243,3,,Aggregated,0.800000,0.000000,8,12,15,22,25,29,35,38,46,46,46,455,0,8,12.33261560455603,4.828100001759594,45.55580000305781,7593.479120879121
1782211244,3,,Aggregated,0.900000,0.000000,8,12,15,22,25,29,35,38,46,46,46,457,0,8,12.31975623647866,4.828100001759594,45.55580000305781,7596.054704595186
1782211245,3,,Aggregated,0.900000,0.000000,8,12,15,22,25,29,35,38,46,46,46,457,0,8,12.31975623647866,4.828100001759594,45.55580000305781,7596.054704595186
1782211246,3,,Aggregated,0.900000,0.000000,8,12,15,22,25,29,35,38,46,46,46,457,0,8,12.31975623647866,4.828100001759594,45.55580000305781,7596.054704595186
1782211247,3,,Aggregated,0.800000,0.000000,8,12,15,22,25,29,35,38,46,46,46,459,0,8,12.325243791010488,4.828100001759594,45.55580000305781,7598.607843137255
1782211248,3,,Aggregated,0.800000,0.000000,8,12,15,22,25,29,35,38,46,46,46,459,0,8,12.325243791010488,4.828100001759594,45.55580000305781,7598.607843137255
1782211249,3,,Aggregated,0.900000,0.000000,8,12,15,22,25,29,35,38,46,46,46,460,0,8,12.311897608853304,4.828100001759594,45.55580000305781,7594.839130434782
1782211250,3,,Aggregated,0.800000,0.000000,8,12,15,22,25,28,35,38,46,46,46,461,0,8,12.30029783095896,4.828100001759594,45.55580000305781,7589.399132321041
1782211251,3,,Aggregated,0.700000,0.000000,8,12,15,22,25,28,35,38,46,46,46,462,0,8,12.287014718775074,4.828100001759594,45.55580000305781,7585.666666666667
1782211252,3,,Aggregated,0.700000,0.000000,8,12,15,22,25,28,35,38,46,46,46,463,0,8,12.272930237743765,4.828100001759594,45.55580000305781,7581.9503239740825
1782211253,3,,Aggregated,0.700000,0.000000,8,12,15,22,25,28,35,38,46,46,46,463,0,8,12.272930237743765,4.828100001759594,45.55580000305781,7581.9503239740825
1782211254,3,,Aggregated,0.800000,0.000000,8,12,15,22,25,28,35,38,46,46,46,464,0,8,12.306334913954084,4.828100001759594,45.55580000305781,7588.237068965517
1782211255,3,,Aggregated,0.800000,0.000000,8,12,15,22,25,28,35,38,46,46,46,466,0,8,12.282075965828565,4.828100001759594,45.55580000305781,7579.171673819743
1782211256,3,,Aggregated,0.800000,0.000000,8,12,15,22,25,28,35,38,46,46,46,466,0,8,12.282075965828565,4.828100001759594,45.55580000305781,7579.171673819743
1782211257,3,,Aggregated,0.800000,0.000000,8,12,15,22,25,28,35,38,46,46,46,466,0,8,12.282075965828565,4.828100001759594,45.55580000305781,7579.171673819743
1782211258,3,,Aggregated,0.800000,0.000000,8,12,15,22,25,28,35,38,46,46,46,467,0,8,12.267898287100875,4.828100001759594,45.55580000305781,7575.501070663811
1782211259,3,,Aggregated,0.700000,0.000000,8,12,15,22,25,28,35,38,46,46,46,468,0,8,12.259607265119314,4.828100001759594,45.55580000305781,7571.846153846154
1782211260,3,,Aggregated,0.700000,0.000000,8,12,15,22,25,28,35,38,46,46,46,469,0,8,12.280956716584187,4.828100001759594,45.55580000305781,7578.087420042644
1782211261,3,,Aggregated,0.800000,0.000000,8,12,15,22,25,28,35,38,46,46,46,470,0,8,12.312157872502018,4.828100001759594,45.55580000305781,7584.302127659575
1782211262,3,,Aggregated,0.900000,0.000000,8,12,15,22,25,28,35,38,46,46,46,472,0,8,12.308909534058946,4.828100001759594,45.55580000305781,7586.8347457627115
1782211263,3,,Aggregated,0.900000,0.000000,8,12,15,22,25,28,35,38,46,46,46,472,0,8,12.308909534058946,4.828100001759594,45.55580000305781,7586.8347457627115
1782211264,3,,Aggregated,0.900000,0.000000,8,12,15,22,25,28,35,38,46,46,46,472,0,8,12.308909534058946,4.828100001759594,45.55580000305781,7586.8347457627115
1782211265,3,,Aggregated,0.900000,0.000000,8,12,15,22,25,28,35,38,46,46,46,474,0,8,12.33009535881061,4.828100001759594,45.55580000305781,7599.122362869199
1782211266,3,,Aggregated,0.900000,0.000000,8,12,15,22,25,28,35,38,46,46,46,474,0,8,12.33009535881061,4.828100001759594,45.55580000305781,7599.122362869199
1782211267,3,,Aggregated,0.800000,0.000000,8,12,15,22,25,28,35,38,46,46,46,477,0,8,12.291842767454057,4.828100001759594,45.55580000305781,7588.215932914046
1782211268,3,,Aggregated,0.800000,0.000000,8,12,15,22,25,28,35,38,46,46,46,477,0,8,12.291842767454057,4.828100001759594,45.55580000305781,7588.215932914046
1782211269,3,,Aggregated,0.800000,0.000000,8,12,15,22,25,28,35,38,46,46,46,477,0,8,12.291842767454057,4.828100001759594,45.55580000305781,7588.215932914046
1782211270,3,,Aggregated,0.900000,0.000000,8,12,15,22,25,29,35,38,46,46,46,479,0,8,12.337791231888739,4.828100001759594,45.55580000305781,7600.369519832985
1782211271,3,,Aggregated,1.000000,0.000000,8,12,15,22,25,29,35,38,46,46,46,480,0,8,12.337396666824437,4.828100001759594,45.55580000305781,7606.408333333334
1782211272,3,,Aggregated,1.000000,0.000000,8,12,15,22,25,28,35,38,46,46,46,481,0,8,12.32816569661929,4.828100001759594,45.55580000305781,7602.787941787942
1782211273,3,,Aggregated,1.000000,0.000000,8,12,15,22,25,28,35,38,46,46,46,481,0,8,12.32816569661929,4.828100001759594,45.55580000305781,7602.787941787942
1782211274,3,,Aggregated,1.100000,0.000000,8,12,15,22,25,28,35,38,46,46,46,483,0,8,12.305572049835805,4.828100001759594,45.55580000305781,7592.370600414079
1782211275,3,,Aggregated,1.100000,0.000000,8,12,15,22,25,28,35,38,46,46,46,484,0,8,12.331484091056373,4.828100001759594,45.55580000305781,7598.376033057852
1782211276,3,,Aggregated,1.100000,0.000000,8,12,15,22,25,28,35,38,46,46,46,484,0,8,12.331484091056373,4.828100001759594,45.55580000305781,7598.376033057852
1782211277,3,,Aggregated,1.100000,0.000000,8,12,15,22,25,28,35,38,46,46,46,484,0,8,12.331484091056373,4.828100001759594,45.55580000305781,7598.376033057852
1782211278,3,,Aggregated,1.000000,0.000000,8,12,15,22,25,28,35,38,46,46,46,486,0,8,12.319034773810829,4.828100001759594,45.55580000305781,7600.777777777777
1782211279,3,,Aggregated,1.000000,0.000000,8,12,15,22,25,28,35,38,46,46,46,487,0,8,12.30798295702765,4.828100001759594,45.55580000305781,7595.616016427105
1782211280,3,,Aggregated,1.000000,0.000000,8,12,15,22,25,28,35,38,46,46,46,487,0,8,12.30798295702765,4.828100001759594,45.55580000305781,7595.616016427105
1782211281,3,,Aggregated,1.000000,0.000000,8,12,15,22,25,28,35,38,46,46,46,489,0,8,12.331495092168035,4.828100001759594,45.55580000305781,7607.490797546012
1782211282,3,,Aggregated,1.000000,0.000000,8,12,15,22,25,28,35,38,46,46,46,489,0,8,12.331495092168035,4.828100001759594,45.55580000305781,7607.490797546012
1782211283,3,,Aggregated,0.800000,0.000000,8,12,15,22,25,28,35,38,46,46,46,490,0,8,12.31948897973557,4.828100001759594,45.55580000305781,7602.34693877551
1782211284,3,,Aggregated,0.800000,0.000000,8,12,15,22,25,28,35,38,46,46,46,490,0,8,12.31948897973557,4.828100001759594,45.55580000305781,7602.34693877551
1782211285,3,,Aggregated,0.900000,0.000000,8,12,15,22,25,28,35,38,46,46,46,491,0,8,12.305906313786126,4.828100001759594,45.55580000305781,7598.808553971487
1782211286,3,,Aggregated,0.900000,0.000000,8,12,15,22,25,28,35,38,46,46,46,492,0,8,12.293474187128773,4.828100001759594,45.55580000305781,7595.284552845528
1782211287,3,,Aggregated,0.900000,0.000000,8,12,15,22,25,28,35,38,46,46,46,493,0,8,12.281997160380435,4.828100001759594,45.55580000305781,7591.774847870182
1782211288,3,,Aggregated,0.900000,0.000000,8,12,15,22,25,28,35,38,46,46,46,493,0,8,12.281997160380435,4.828100001759594,45.55580000305781,7591.774847870182
1782211289,3,,Aggregated,0.900000,0.000000,8,12,15,22,25,28,35,38,46,46,46,493,0,8,12.281997160380435,4.828100001759594,45.55580000305781,7591.774847870182
1782211290,3,,Aggregated,0.800000,0.000000,8,12,15,22,25,28,35,38,46,46,46,495,0,8,12.312289899126322,4.828100001759594,45.55580000305781,7603.521212121213
1782211291,3,,Aggregated,0.800000,0.000000,8,12,15,22,25,28,35,38,46,46,46,495,0,8,12.312289899126322,4.828100001759594,45.55580000305781,7603.521212121213
1782211292,3,,Aggregated,0.600000,0.000000,8,12,15,22,25,28,35,38,46,46,46,496,0,8,12.311273387233028,4.828100001759594,45.55580000305781,7609.3588709677415
1782211293,3,,Aggregated,0.600000,0.000000,8,12,15,22,25,28,35,38,46,46,46,496,0,8,12.311273387233028,4.828100001759594,45.55580000305781,7609.3588709677415
1782211294,3,,Aggregated,0.700000,0.000000,8,12,15,22,25,28,35,38,46,46,46,498,0,8,12.302263052341033,4.828100001759594,45.55580000305781,7610.096385542169
1782211295,3,,Aggregated,0.700000,0.000000,8,12,15,22,25,28,35,38,46,46,46,498,0,8,12.302263052341033,4.828100001759594,45.55580000305781,7610.096385542169
1782211296,3,,Aggregated,0.700000,0.000000,8,12,15,22,25,28,35,38,46,46,46,500,0,8,12.275155200135487,4.828100001759594,45.55580000305781,7603.116
1782211297,3,,Aggregated,0.700000,0.000000,8,12,15,22,25,28,35,38,46,46,46,500,0,8,12.275155200135487,4.828100001759594,45.55580000305781,7603.116
1782211298,3,,Aggregated,0.700000,0.000000,8,12,15,22,25,28,35,37,46,46,46,502,0,8,12.297363545950208,4.828100001759594,45.55580000305781,7614.653386454183
1782211299,3,,Aggregated,0.700000,0.000000,8,12,15,22,25,28,35,37,46,46,46,502,0,8,12.297363545950208,4.828100001759594,45.55580000305781,7614.653386454183
1782211300,3,,Aggregated,0.800000,0.000000,8,12,15,22,25,28,35,37,46,46,46,503,0,8,12.28888429436819,4.828100001759594,45.55580000305781,7611.174950298211
1782211301,3,,Aggregated,0.800000,0.000000,8,12,15,22,25,28,35,37,46,46,46,503,0,8,12.28888429436819,4.828100001759594,45.55580000305781,7611.174950298211
1782211302,3,,Aggregated,0.800000,0.000000,8,12,15,22,25,28,35,37,46,46,46,505,0,8,12.276913465476436,4.828100001759594,45.55580000305781,7613.435643564357
1782211303,3,,Aggregated,0.800000,0.000000,8,12,15,22,25,28,35,37,46,46,46,506,0,8,12.266306917125814,4.828100001759594,45.55580000305781,7609.98023715415
1782211304,3,,Aggregated,0.800000,0.000000,8,12,15,22,25,28,35,37,46,46,46,506,0,8,12.266306917125814,4.828100001759594,45.55580000305781,7609.98023715415
1782211305,3,,Aggregated,0.900000,0.000000,8,12,15,22,25,28,35,37,46,46,46,508,0,8,12.241476771789424,4.652700001315679,45.55580000305781,7600.047244094489
1782211306,3,,Aggregated,0.900000,0.000000,8,12,15,22,25,28,35,37,46,46,46,508,0,8,12.241476771789424,4.652700001315679,45.55580000305781,7600.047244094489
1782211307,3,,Aggregated,0.800000,0.000000,8,12,15,22,25,28,35,37,46,46,46,509,0,8,12.262032416641215,4.652700001315679,45.55580000305781,7605.742632612966
1782211308,3,,Aggregated,0.900000,0.000000,8,12,15,22,25,28,35,37,46,46,46,511,0,8,12.252603131261257,4.652700001315679,45.55580000305781,7607.998043052838
1782211309,3,,Aggregated,0.900000,0.000000,8,12,15,22,25,28,35,37,46,46,46,511,0,8,12.252603131261257,4.652700001315679,45.55580000305781,7607.998043052838
1782211310,3,,Aggregated,0.900000,0.000000,8,12,15,22,25,28,35,37,46,46,46,512,0,8,12.243632422020312,4.652700001315679,45.55580000305781,7604.59375
1782211311,3,,Aggregated,0.900000,0.000000,8,12,15,22,25,28,35,37,46,46,46,512,0,8,12.243632422020312,4.652700001315679,45.55580000305781,7604.59375
1782211312,3,,Aggregated,0.900000,0.000000,8,12,15,22,25,28,35,37,46,46,46,515,0,8,12.269534563246744,4.652700001315679,45.55580000305781,7621.454368932039
1782211313,3,,Aggregated,0.900000,0.000000,8,12,15,22,25,28,35,37,46,46,46,515,0,8,12.269534563246744,4.652700001315679,45.55580000305781,7621.454368932039
1782211314,3,,Aggregated,0.800000,0.000000,8,12,15,22,25,28,35,37,46,46,46,517,0,8,12.248676402466277,4.652700001315679,45.55580000305781,7611.649903288201
1782211315,3,,Aggregated,0.800000,0.000000,8,12,15,22,25,28,35,37,46,46,46,517,0,8,12.248676402466277,4.652700001315679,45.55580000305781,7611.649903288201
1782211316,3,,Aggregated,0.800000,0.000000,8,12,15,22,25,28,35,37,46,46,46,517,0,8,12.248676402466277,4.652700001315679,45.55580000305781,7611.649903288201
1782211317,3,,Aggregated,1.100000,0.000000,8,12,15,22,25,28,35,37,46,46,46,518,0,8,12.237440733731573,4.652700001315679,45.55580000305781,7608.277992277992
1782211318,3,,Aggregated,0.900000,0.000000,8,12,15,22,25,28,35,37,46,46,46,520,0,8,12.220775961682543,4.652700001315679,45.55580000305781,7600.076923076923
1782211319,3,,Aggregated,0.900000,0.000000,8,12,15,22,25,28,35,37,46,46,46,520,0,8,12.220775961682543,4.652700001315679,45.55580000305781,7600.076923076923
1782211320,3,,Aggregated,0.800000,0.000000,8,12,14,22,25,28,35,37,46,46,46,521,0,8,12.212925527974972,4.652700001315679,45.55580000305781,7595.253358925144
1782211321,3,,Aggregated,0.900000,0.000000,8,12,14,22,25,28,35,37,46,46,46,522,0,8,12.202133525049643,4.652700001315679,45.55580000305781,7591.938697318008
1782211322,3,,Aggregated,0.900000,0.000000,8,12,14,22,25,28,35,37,46,46,46,523,0,8,12.191058699950391,4.652700001315679,45.55580000305781,7587.14913957935
1782211323,3,,Aggregated,0.900000,0.000000,8,12,14,22,25,28,35,37,46,46,46,523,0,8,12.191058699950391,4.652700001315679,45.55580000305781,7587.14913957935
1782211324,3,,Aggregated,1.000000,0.000000,8,12,15,22,25,28,35,37,46,46,46,524,0,8,12.210137213875848,4.652700001315679,45.55580000305781,7592.706106870229
1782211325,3,,Aggregated,1.000000,0.000000,8,12,15,22,25,28,35,37,46,46,46,524,0,8,12.210137213875848,4.652700001315679,45.55580000305781,7592.706106870229
1782211326,3,,Aggregated,0.800000,0.000000,8,12,14,22,25,28,35,37,46,46,46,526,0,8,12.195681178839795,4.652700001315679,45.55580000305781,7594.946768060837
1782211327,3,,Aggregated,0.800000,0.000000,8,12,14,22,25,28,35,37,46,46,46,526,0,8,12.195681178839795,4.652700001315679,45.55580000305781,7594.946768060837
1782211329,3,,Aggregated,0.700000,0.000000,8,12,14,22,25,28,35,37,46,46,46,527,0,8,12.185124288561274,4.652700001315679,45.55580000305781,7591.664136622391
1782211330,3,,Aggregated,0.700000,0.000000,8,12,14,22,25,28,35,37,46,46,46,527,0,8,12.185124288561274,4.652700001315679,45.55580000305781,7591.664136622391
1782211331,3,,Aggregated,0.800000,0.000000,8,12,14,22,25,28,35,37,46,46,46,528,0,8,12.173607197100313,4.652700001315679,45.55580000305781,7588.393939393939
1782211332,3,,Aggregated,0.700000,0.000000,8,12,14,22,25,28,35,37,46,46,46,529,0,8,12.19250604928214,4.652700001315679,45.55580000305781,7593.896030245746
1782211333,3,,Aggregated,0.700000,0.000000,8,12,14,22,25,28,35,37,46,46,46,531,0,8,12.178276271319014,4.652700001315679,45.55580000305781,7596.111111111111
1782211334,3,,Aggregated,0.700000,0.000000,8,12,14,22,25,28,35,37,46,46,46,531,0,8,12.178276271319014,4.652700001315679,45.55580000305781,7596.111111111111
1782211335,3,,Aggregated,0.800000,0.000000,8,12,14,22,25,28,35,37,46,46,46,533,0,8,12.211376172738865,4.652700001315679,45.55580000305781,7598.3095684803
1782211336,3,,Aggregated,0.800000,0.000000,8,12,14,22,25,28,35,37,46,46,46,534,0,8,12.209898689267428,4.652700001315679,45.55580000305781,7603.741573033708
1782211337,3,,Aggregated,0.800000,0.000000,8,12,14,22,25,28,35,37,46,46,46,534,0,8,12.209898689267428,4.652700001315679,45.55580000305781,7603.741573033708
1782211338,3,,Aggregated,0.800000,0.000000,8,12,15,22,25,28,35,37,46,46,46,535,0,8,12.22610074779096,4.652700001315679,45.55580000305781,7609.153271028037
1782211339,3,,Aggregated,1.000000,0.000000,8,12,15,22,25,28,35,37,46,46,46,536,0,8,12.21674384341488,4.652700001315679,45.55580000305781,7605.899253731343
1782211340,3,,Aggregated,0.900000,0.000000,8,12,14,22,25,28,35,37,46,46,46,537,0,8,12.204959590442002,4.652700001315679,45.55580000305781,7602.657355679702
1782211341,3,,Aggregated,0.900000,0.000000,8,12,14,22,25,28,35,37,46,46,46,538,0,8,12.193363754765336,4.652700001315679,45.55580000305781,7599.4275092936805
1782211342,3,,Aggregated,0.900000,0.000000,8,12,14,22,25,28,35,37,46,46,46,538,0,8,12.193363754765336,4.652700001315679,45.55580000305781,7599.4275092936805
1782211343,3,,Aggregated,0.900000,0.000000,8,12,15,22,25,28,35,37,46,46,46,540,0,8,12.21451629641066,4.652700001315679,45.55580000305781,7610.166666666667
1782211344,3,,Aggregated,0.900000,0.000000,8,12,15,22,25,28,35,37,46,46,46,540,0,8,12.21451629641066,4.652700001315679,45.55580000305781,7610.166666666667
1782211345,3,,Aggregated,0.900000,0.000000,8,12,14,22,25,28,35,37,46,46,46,541,0,8,12.21432920528851,4.652700001315679,45.55580000305781,7615.506469500924
1782211346,3,,Aggregated,0.900000,0.000000,8,12,14,22,25,28,35,37,46,46,46,542,0,8,12.215235055462612,4.652700001315679,45.55580000305781,7620.826568265683
1782211347,3,,Aggregated,0.900000,0.000000,8,12,14,22,25,28,35,37,46,46,46,543,0,8,12.204005156650013,4.652700001315679,45.55580000305781,7616.160220994475
1782211348,3,,Aggregated,0.900000,0.000000,8,12,15,22,25,28,35,37,46,46,46,544,0,8,12.222042830992851,4.652700001315679,45.55580000305781,7621.45955882353
1782211349,3,,Aggregated,0.900000,0.000000,8,12,15,22,25,28,35,37,46,46,46,544,0,8,12.222042830992851,4.652700001315679,45.55580000305781,7621.45955882353
1782211350,3,,Aggregated,0.900000,0.000000,8,12,14,22,25,28,35,37,46,46,46,546,0,8,12.199959340767023,4.652700001315679,45.55580000305781,7613.600732600733
1782211351,3,,Aggregated,0.900000,0.000000,8,12,14,22,25,28,35,37,46,46,46,546,0,8,12.199959340767023,4.652700001315679,45.55580000305781,7613.600732600733
1782211352,3,,Aggregated,0.800000,0.000000,8,12,14,22,25,28,35,37,46,46,46,547,0,8,12.191768921496708,4.652700001315679,45.55580000305781,7608.981718464351
1782211353,3,,Aggregated,0.800000,0.000000,8,12,14,22,25,28,35,37,46,46,46,547,0,8,12.191768921496708,4.652700001315679,45.55580000305781,7608.981718464351
1782211354,3,,Aggregated,0.900000,0.000000,8,12,14,22,25,28,35,37,46,46,46,549,0,8,12.203763388083768,4.652700001315679,45.55580000305781,7611.069216757742
1782211355,3,,Aggregated,0.900000,0.000000,8,12,14,22,25,28,35,37,46,46,46,549,0,8,12.203763388083768,4.652700001315679,45.55580000305781,7611.069216757742
1782211356,3,,Aggregated,0.800000,0.000000,8,12,14,22,25,28,35,37,46,46,46,551,0,8,12.185504718805621,4.652700001315679,45.55580000305781,7603.31941923775
1782211357,3,,Aggregated,0.800000,0.000000,8,12,14,22,25,28,35,37,46,46,46,551,0,8,12.185504718805621,4.652700001315679,45.55580000305781,7603.31941923775
1782211358,3,,Aggregated,0.800000,0.000000,8,12,14,22,25,28,35,37,46,46,46,552,0,8,12.185739130545436,4.652700001315679,45.55580000305781,7608.565217391304
1782211359,3,,Aggregated,0.800000,0.000000,8,12,14,22,25,28,35,38,46,46,46,553,0,8,12.233152441336449,4.652700001315679,45.55580000305781,7613.792043399639
1782211360,3,,Aggregated,0.800000,0.000000,8,12,14,22,25,28,35,38,46,46,46,554,0,8,12.22218935028965,4.652700001315679,45.55580000305781,7610.635379061372
1782211361,3,,Aggregated,0.800000,0.000000,8,12,14,22,25,28,35,38,46,46,46,555,0,8,12.221340901010695,4.652700001315679,45.55580000305781,7615.839639639639
1782211362,3,,Aggregated,0.900000,0.000000,8,12,14,22,25,28,35,38,46,46,46,556,0,8,12.220851079245804,4.652700001315679,45.55580000305781,7621.025179856115
1782211363,3,,Aggregated,0.900000,0.000000,8,12,14,22,25,28,35,38,46,46,46,556,0,8,12.220851079245804,4.652700001315679,45.55580000305781,7621.025179856115
1782211364,3,,Aggregated,0.900000,0.000000,8,12,14,22,25,28,35,38,46,46,46,557,0,8,12.239901615912116,4.652700001315679,45.55580000305781,7626.192100538599
1782211365,3,,Aggregated,0.900000,0.000000,8,12,14,22,25,28,35,38,46,46,46,558,0,8,12.239426164984337,4.652700001315679,45.55580000305781,7631.340501792115
1782211366,3,,Aggregated,0.900000,0.000000,8,12,14,22,25,28,35,38,46,46,46,559,0,8,12.231163506372999,4.652700001315679,45.55580000305781,7628.1806797853305
1782211367,3,,Aggregated,0.900000,0.000000,8,12,14,22,25,28,35,38,46,46,46,560,0,8,12.232933392968855,4.652700001315679,45.55580000305781,7633.307142857143
1782211368,3,,Aggregated,0.900000,0.000000,8,12,14,22,25,28,35,38,46,46,46,561,0,8,12.23240659547464,4.652700001315679,45.55580000305781,7638.415329768271
1782211369,3,,Aggregated,0.900000,0.000000,8,12,14,22,25,28,35,38,46,46,46,561,0,8,12.23240659547464,4.652700001315679,45.55580000305781,7638.415329768271
1782211370,3,,Aggregated,0.900000,0.000000,8,12,14,22,25,28,35,38,46,46,46,562,0,8,12.221199288365158,4.652700001315679,45.55580000305781,7635.259786476869
1782211371,3,,Aggregated,0.800000,0.000000,8,12,14,22,25,28,35,38,46,46,46,563,0,8,12.210891296732761,4.652700001315679,45.55580000305781,7632.115452930729
1782211372,3,,Aggregated,0.800000,0.000000,8,12,14,22,25,28,35,38,46,46,46,564,0,8,12.226377482378576,4.652700001315679,45.55580000305781,7637.198581560284
1782211373,3,,Aggregated,0.800000,0.000000,8,12,14,22,25,28,35,38,46,46,46,564,0,8,12.226377482378576,4.652700001315679,45.55580000305781,7637.198581560284
1782211374,3,,Aggregated,0.800000,0.000000,8,12,14,22,25,28,35,38,46,46,46,565,0,8,12.215104778867731,4.652700001315679,45.55580000305781,7634.061946902655
1782211375,3,,Aggregated,0.800000,0.000000,8,12,14,22,25,28,35,38,46,46,46,566,0,8,12.204080742156313,4.652700001315679,45.55580000305781,7630.936395759717
1782211376,3,,Aggregated,0.800000,0.000000,8,12,14,22,25,28,35,38,46,46,46,567,0,8,12.192902292873415,4.652700001315679,45.55580000305781,7627.821869488536
1782211377,3,,Aggregated,0.800000,0.000000,8,12,14,22,25,28,35,38,46,46,46,568,0,8,12.183771655036509,4.652700001315679,45.55580000305781,7624.718309859155
1782211378,3,,Aggregated,0.800000,0.000000,8,12,14,22,25,28,35,38,46,46,46,568,0,8,12.183771655036509,4.652700001315679,45.55580000305781,7624.718309859155
1782211379,3,,Aggregated,0.800000,0.000000,8,12,14,22,25,28,35,38,46,46,46,569,0,8,12.17302231996236,4.652700001315679,45.55580000305781,7621.6256590509665
1782211380,3,,Aggregated,0.800000,0.000000,8,12,14,22,25,28,35,38,46,46,46,570,0,8,12.190586842208225,4.652700001315679,45.55580000305781,7626.6736842105265
1782211381,3,,Aggregated,0.800000,0.000000,8,12,14,22,25,28,35,38,46,46,46,571,0,8,12.217667425675357,4.652700001315679,45.55580000305781,7631.704028021016
1782211382,3,,Aggregated,0.800000,0.000000,8,12,14,22,25,28,35,38,46,46,46,572,0,8,12.20808951059114,4.652700001315679,45.55580000305781,7627.255244755244
1782211383,3,,Aggregated,0.700000,0.000000,8,12,14,22,25,28,35,38,46,46,46,573,0,8,12.196346946000926,4.652700001315679,45.55580000305781,7622.821989528796
1782211384,3,,Aggregated,0.800000,0.000000,8,12,14,22,25,28,35,38,46,46,46,574,0,8,12.196530139479409,4.652700001315679,45.55580000305781,7627.832752613241
1782211385,3,,Aggregated,0.800000,0.000000,8,12,14,22,25,28,35,38,46,46,46,574,0,8,12.196530139479409,4.652700001315679,45.55580000305781,7627.832752613241
1782211386,3,,Aggregated,0.800000,0.000000,8,12,14,22,25,28,35,38,46,46,46,576,0,8,12.203222395940985,4.652700001315679,45.55580000305781,7628.40625
1782211387,3,,Aggregated,0.800000,0.000000,8,12,14,22,25,28,35,38,46,46,46,577,0,8,12.19138370894329,4.652700001315679,45.55580000305781,7625.350086655113
1782211388,3,,Aggregated,0.800000,0.000000,8,12,14,22,25,28,35,38,46,46,46,577,0,8,12.19138370894329,4.652700001315679,45.55580000305781,7625.350086655113
1782211389,3,,Aggregated,0.900000,0.000000,8,12,14,22,25,28,35,38,46,46,46,578,0,8,12.194002768268811,4.652700001315679,45.55580000305781,7630.321799307959
1782211390,3,,Aggregated,0.900000,0.000000,8,12,14,22,25,28,35,38,46,46,46,580,0,8,12.209279482860815,4.652700001315679,45.55580000305781,7640.213793103449
1782211391,3,,Aggregated,0.900000,0.000000,8,12,14,22,25,28,35,38,46,46,46,580,0,8,12.209279482860815,4.652700001315679,45.55580000305781,7640.213793103449
1782211392,3,,Aggregated,1.000000,0.000000,8,12,14,22,25,28,35,38,46,46,46,581,0,8,12.209161962234973,4.652700001315679,45.55580000305781,7645.134251290878
1782211393,3,,Aggregated,1.000000,0.000000,8,12,14,22,25,28,35,38,46,46,46,582,0,8,12.20926821315828,4.652700001315679,45.55580000305781,7650.037800687285
1782211394,3,,Aggregated,1.000000,0.000000,8,12,14,22,25,28,35,38,46,46,46,582,0,8,12.20926821315828,4.652700001315679,45.55580000305781,7650.037800687285
1782211395,3,,Aggregated,0.900000,0.000000,8,12,14,22,25,28,35,38,46,46,46,584,0,8,12.201229109687368,4.652700001315679,45.55580000305781,7651.859589041096
1782211396,3,,Aggregated,0.900000,0.000000,8,12,14,22,25,28,35,38,46,46,46,585,0,8,12.230170769329655,4.652700001315679,45.55580000305781,7656.726495726496
1782211397,3,,Aggregated,0.900000,0.000000,8,12,14,22,25,28,35,38,46,46,46,585,0,8,12.230170769329655,4.652700001315679,45.55580000305781,7656.726495726496
1782211398,3,,Aggregated,0.800000,0.000000,8,12,14,22,25,28,35,38,46,46,46,586,0,8,12.254340443786479,4.652700001315679,45.55580000305781,7661.576791808874
1782211399,3,,Aggregated,0.800000,0.000000,8,12,14,22,25,28,35,38,46,46,46,586,0,8,12.254340443786479,4.652700001315679,45.55580000305781,7661.576791808874
1782211400,3,,Aggregated,0.900000,0.000000,8,12,14,22,25,28,35,38,46,46,46,588,0,8,12.23987329941418,4.652700001315679,45.55580000305781,7652.819727891157
1782211401,3,,Aggregated,0.900000,0.000000,8,12,14,22,25,28,35,38,46,46,46,588,0,8,12.23987329941418,4.652700001315679,45.55580000305781,7652.819727891157
1782211402,3,,Aggregated,0.900000,0.000000,8,12,14,22,25,28,35,38,46,46,46,589,0,8,12.26071239398461,4.652700001315679,45.55580000305781,7657.6519524618
1782211403,3,,Aggregated,0.900000,0.000000,8,12,14,22,25,28,35,38,46,46,46,589,0,8,12.26071239398461,4.652700001315679,45.55580000305781,7657.6519524618
1782211404,3,,Aggregated,0.900000,0.000000,8,12,15,22,25,28,35,38,46,46,46,591,0,8,12.282097123619133,4.652700001315679,45.55580000305781,7667.267343485618
1782211405,3,,Aggregated,0.800000,0.000000,8,12,15,22,25,28,35,38,46,46,46,592,0,8,12.272058783881565,4.652700001315679,45.55580000305781,7662.908783783784
1782211406,3,,Aggregated,0.800000,0.000000,8,12,15,22,25,28,35,38,46,46,46,592,0,8,12.272058783881565,4.652700001315679,45.55580000305781,7662.908783783784
1782211407,3,,Aggregated,0.700000,0.000000,8,12,15,22,25,28,35,38,46,46,46,593,0,8,12.28945986519048,4.652700001315679,45.55580000305781,7667.691399662732
1782211408,3,,Aggregated,0.800000,0.000000,8,12,15,22,25,28,35,38,46,46,46,594,0,8,12.293836532083667,4.652700001315679,45.55580000305781,7672.457912457912
1782211409,3,,Aggregated,0.800000,0.000000,8,12,15,22,25,28,35,38,46,46,46,595,0,8,12.283769748001232,4.652700001315679,45.55580000305781,7668.112605042017
1782211410,3,,Aggregated,0.800000,0.000000,8,12,15,22,25,28,35,38,46,46,46,595,0,8,12.283769748001232,4.652700001315679,45.55580000305781,7668.112605042017
1782211411,3,,Aggregated,0.900000,0.000000,8,12,15,22,25,28,35,38,46,46,46,596,0,8,12.285750335668249,4.652700001315679,45.55580000305781,7672.862416107382
1782211412,3,,Aggregated,0.900000,0.000000,8,12,15,22,25,28,35,38,46,46,46,596,0,8,12.285750335668249,4.652700001315679,45.55580000305781,7672.862416107382
1782211413,3,,Aggregated,0.700000,0.000000,8,12,15,22,25,28,35,38,46,46,46,598,0,8,12.265018060298281,4.652700001315679,45.55580000305781,7666.816053511706
1782211414,3,,Aggregated,0.700000,0.000000,8,12,15,22,25,28,35,38,46,46,46,599,0,8,12.256984474223037,4.652700001315679,45.55580000305781,7662.50918196995
1782211415,3,,Aggregated,0.700000,0.000000,8,12,15,22,25,28,35,38,46,46,46,599,0,8,12.256984474223037,4.652700001315679,45.55580000305781,7662.50918196995
1782211416,3,,Aggregated,0.900000,0.000000,8,12,15,22,25,28,35,38,46,46,46,600,0,8,12.246428500099379,4.652700001315679,45.55580000305781,7659.513333333333
1782211417,3,,Aggregated,0.800000,0.000000,8,12,14,22,25,28,35,37,46,46,46,601,0,8,12.237057404427212,4.652700001315679,45.55580000305781,7656.527454242929
1782211418,3,,Aggregated,0.700000,0.000000,8,12,14,22,25,28,35,37,46,46,46,602,0,8,12.225679568210547,4.652700001315679,45.55580000305781,7652.259136212625
1782211419,3,,Aggregated,0.700000,0.000000,8,12,14,22,25,28,35,37,46,46,46,603,0,8,12.217026699939048,4.652700001315679,45.55580000305781,7648.004975124378
1782211420,3,,Aggregated,0.700000,0.000000,8,12,14,22,25,28,35,37,46,46,46,603,0,8,12.217026699939048,4.652700001315679,45.55580000305781,7648.004975124378
1782211421,3,,Aggregated,0.700000,0.000000,8,12,14,22,25,28,35,37,46,46,46,604,0,8,12.209680960365963,4.652700001315679,45.55580000305781,7645.05298013245
1782211422,3,,Aggregated,0.800000,0.000000,8,12,14,22,25,28,35,38,46,46,46,605,0,8,12.261839338947734,4.652700001315679,45.55580000305781,7649.770247933884
1782211423,3,,Aggregated,0.800000,0.000000,8,12,15,22,25,28,35,38,46,46,46,607,0,8,12.283062438325544,4.652700001315679,45.55580000305781,7659.158154859967
1782211424,3,,Aggregated,0.800000,0.000000,8,12,15,22,25,28,35,38,46,46,46,607,0,8,12.283062438325544,4.652700001315679,45.55580000305781,7659.158154859967
1782211425,3,,Aggregated,0.800000,0.000000,8,12,15,22,25,28,35,38,46,46,46,607,0,8,12.283062438325544,4.652700001315679,45.55580000305781,7659.158154859967
1782211426,3,,Aggregated,0.900000,0.000000,8,12,15,22,25,28,35,38,46,46,46,608,0,8,12.303262829056237,4.652700001315679,45.55580000305781,7663.828947368421
1782211427,3,,Aggregated,0.800000,0.000000,8,12,15,22,25,28,35,38,46,46,46,610,0,8,12.321731967319062,4.652700001315679,45.55580000305781,7665.527868852459
1782211428,3,,Aggregated,0.800000,0.000000,8,12,15,22,25,28,35,38,46,46,46,610,0,8,12.321731967319062,4.652700001315679,45.55580000305781,7665.527868852459
1782211429,3,,Aggregated,0.800000,0.000000,8,12,15,22,25,28,35,38,46,46,46,611,0,8,12.318559410906717,4.652700001315679,45.55580000305781,7662.581014729951
1782211430,3,,Aggregated,0.900000,0.000000,8,12,15,22,25,28,35,38,46,46,46,612,0,8,12.321910457620676,4.652700001315679,45.55580000305781,7667.21568627451
1782211431,3,,Aggregated,0.900000,0.000000,8,12,15,22,25,28,35,38,46,46,46,612,0,8,12.321910457620676,4.652700001315679,45.55580000305781,7667.21568627451
1782211432,3,,Aggregated,0.800000,0.000000,8,12,15,22,25,28,35,38,46,46,46,614,0,8,12.338196417045522,4.652700001315679,45.55580000305781,7676.43973941368
1782211433,3,,Aggregated,0.800000,0.000000,8,12,15,22,25,28,35,38,46,46,46,614,0,8,12.338196417045522,4.652700001315679,45.55580000305781,7676.43973941368
1782211435,3,,Aggregated,0.800000,0.000000,8,12,15,22,25,28,35,38,46,46,46,615,0,8,12.3314743090482,4.652700001315679,45.55580000305781,7673.494308943089
1782211436,3,,Aggregated,0.800000,0.000000,8,12,15,22,25,28,35,38,46,46,46,615,0,8,12.3314743090482,4.652700001315679,45.55580000305781,7673.494308943089
1782211437,3,,Aggregated,0.800000,0.000000,8,12,15,22,25,28,35,38,46,46,46,616,0,8,12.320769155949518,4.652700001315679,45.55580000305781,7670.558441558442
1782211438,3,,Aggregated,0.800000,0.000000,8,12,15,22,25,28,35,38,46,46,46,617,0,8,12.318841491194886,4.652700001315679,45.55580000305781,7675.142625607779
1782211439,3,,Aggregated,0.800000,0.000000,8,12,15,22,25,28,35,38,46,46,46,618,0,8,12.30963802600033,4.652700001315679,45.55580000305781,7672.21359223301
1782211440,3,,Aggregated,0.800000,0.000000,8,12,15,22,25,28,35,38,46,46,46,618,0,8,12.30963802600033,4.652700001315679,45.55580000305781,7672.21359223301
1782211441,3,,Aggregated,0.700000,0.000000,8,12,15,22,25,28,35,38,46,46,46,619,0,8,12.323910016262783,4.652700001315679,45.55580000305781,7676.780290791599
1782211442,3,,Aggregated,0.800000,0.000000,8,12,15,22,25,28,35,38,46,46,46,620,0,8,12.315744354946805,4.652700001315679,45.55580000305781,7673.858064516129
1782211443,3,,Aggregated,0.700000,0.000000,8,12,15,22,25,28,35,38,46,46,46,621,0,8,12.315275040362836,4.652700001315679,45.55580000305781,7678.407407407408
1782211444,3,,Aggregated,0.700000,0.000000,8,12,15,22,25,28,35,38,46,46,46,621,0,8,12.315275040362836,4.652700001315679,45.55580000305781,7678.407407407408
1782211445,3,,Aggregated,0.800000,0.000000,8,12,15,22,25,28,35,38,46,46,46,622,0,8,12.357259646410276,4.652700001315679,45.55580000305781,7682.942122186495
1782211446,3,,Aggregated,0.700000,0.000000,8,12,15,22,25,28,35,38,46,46,46,624,0,8,12.37376025651662,4.652700001315679,45.55580000305781,7691.967948717948
1782211447,3,,Aggregated,0.700000,0.000000,8,12,15,22,25,28,35,38,46,46,46,624,0,8,12.37376025651662,4.652700001315679,45.55580000305781,7691.967948717948
1782211448,3,,Aggregated,0.700000,0.000000,8,12,15,22,25,28,35,38,46,46,46,624,0,8,12.37376025651662,4.652700001315679,45.55580000305781,7691.967948717948
1782211449,3,,Aggregated,0.800000,0.000000,8,12,15,22,25,28,35,38,46,46,46,626,0,8,12.373341853145421,4.652700001315679,45.55580000305781,7692.290734824282
1782211450,3,,Aggregated,0.700000,0.000000,8,12,15,22,25,28,35,38,46,46,46,627,0,8,12.410095534398332,4.652700001315679,45.55580000305781,7696.767145135566
1782211451,3,,Aggregated,0.700000,0.000000,8,12,15,22,25,28,35,38,46,46,46,627,0,8,12.410095534398332,4.652700001315679,45.55580000305781,7696.767145135566
1782211452,3,,Aggregated,0.800000,0.000000,8,12,15,22,25,28,35,38,46,46,46,628,0,8,12.399911465080011,4.652700001315679,45.55580000305781,7693.850318471337
1782211453,3,,Aggregated,0.800000,0.000000,8,12,15,22,25,28,35,38,46,46,46,630,0,8,12.381088254077772,4.652700001315679,45.55580000305781,7686.809523809524
1782211454,3,,Aggregated,0.800000,0.000000,8,12,15,22,25,28,35,38,46,46,46,630,0,8,12.381088254077772,4.652700001315679,45.55580000305781,7686.809523809524
1782211455,3,,Aggregated,0.800000,0.000000,8,12,15,22,25,28,35,38,46,46,46,631,0,8,12.397059746544464,4.652700001315679,45.55580000305781,7691.266244057052
1782211456,3,,Aggregated,0.800000,0.000000,8,12,15,22,25,28,35,38,46,46,46,631,0,8,12.397059746544464,4.652700001315679,45.55580000305781,7691.266244057052
1782211457,3,,Aggregated,0.900000,0.000000,8,12,15,22,25,28,35,38,46,46,46,633,0,8,12.395754186516536,4.652700001315679,45.55580000305781,7700.137440758293
1782211458,3,,Aggregated,0.900000,0.000000,8,12,15,22,25,28,35,38,46,46,46,633,0,8,12.395754186516536,4.652700001315679,45.55580000305781,7700.137440758293
1782211459,3,,Aggregated,0.900000,0.000000,8,12,15,22,25,28,35,38,46,46,46,635,0,8,12.388194960727187,4.652700001315679,45.55580000305781,7700.429921259843
1782211460,3,,Aggregated,0.900000,0.000000,8,12,15,22,25,28,35,38,46,46,46,636,0,8,12.377825629031943,4.652700001315679,45.55580000305781,7697.544025157233
1782211461,3,,Aggregated,0.900000,0.000000,8,12,15,22,25,28,35,38,46,46,46,637,0,8,12.369180533853948,4.652700001315679,45.55580000305781,7694.667189952905
1782211462,3,,Aggregated,0.900000,0.000000,8,12,15,22,25,28,35,38,46,46,46,637,0,8,12.369180533853948,4.652700001315679,45.55580000305781,7694.667189952905
1782211463,3,,Aggregated,1.000000,0.000000,8,12,15,22,25,28,35,38,46,46,46,638,0,8,12.36079843269905,4.652700001315679,45.55580000305781,7691.7993730407525
1782211464,3,,Aggregated,1.000000,0.000000,8,12,15,22,25,28,36,38,46,46,46,639,0,8,12.403897339690287,4.652700001315679,45.55580000305781,7696.192488262911
1782211465,3,,Aggregated,0.900000,0.000000,8,12,15,22,25,28,36,38,46,46,46,640,0,8,12.404951093850514,4.652700001315679,45.55580000305781,7700.571875
1782211466,3,,Aggregated,0.800000,0.000000,8,12,15,22,25,28,36,38,46,46,46,641,0,8,12.396253978258244,4.652700001315679,45.55580000305781,7697.7082683307335
1782211467,3,,Aggregated,0.900000,0.000000,8,12,15,22,25,28,36,38,46,46,46,642,0,8,12.385840965834747,4.652700001315679,45.55580000305781,7694.853582554517
1782211468,3,,Aggregated,1.000000,0.000000,8,12,15,22,25,28,36,38,46,46,46,643,0,8,12.37580513229355,4.652700001315679,45.55580000305781,7692.007776049767
1782211469,3,,Aggregated,1.000000,0.000000,8,12,15,22,25,28,36,38,46,46,46,643,0,8,12.37580513229355,4.652700001315679,45.55580000305781,7692.007776049767
1782211470,3,,Aggregated,0.900000,0.000000,8,12,15,22,25,28,36,38,46,46,46,644,0,8,12.394681056004787,4.652700001315679,45.55580000305781,7696.366459627329
1782211471,3,,Aggregated,0.900000,0.000000,8,12,15,22,25,28,36,38,46,46,46,646,0,8,12.385860990814724,4.652700001315679,45.55580000305781,7697.869969040247
1782211472,3,,Aggregated,0.700000,0.000000,8,12,15,22,25,28,36,38,46,46,46,647,0,8,12.375232303038304,4.652700001315679,45.55580000305781,7695.037094281298
1782211473,3,,Aggregated,0.700000,0.000000,8,12,15,22,25,28,36,38,46,46,46,647,0,8,12.375232303038304,4.652700001315679,45.55580000305781,7695.037094281298
1782211474,3,,Aggregated,0.700000,0.000000,8,12,15,22,25,28,36,38,46,46,46,647,0,8,12.375232303038304,4.652700001315679,45.55580000305781,7695.037094281298
1782211475,3,,Aggregated,0.900000,0.000000,8,12,15,22,25,28,36,38,46,46,46,649,0,8,12.355295839852303,4.652700001315679,45.55580000305781,7688.19876733436
1782211476,3,,Aggregated,0.900000,0.000000,8,12,15,22,25,28,36,38,46,46,46,650,0,8,12.346831538564471,4.652700001315679,45.55580000305781,7685.393846153846
1782211477,3,,Aggregated,0.900000,0.000000,8,12,15,22,25,28,36,38,46,46,46,650,0,8,12.346831538564471,4.652700001315679,45.55580000305781,7685.393846153846
1782211478,3,,Aggregated,0.900000,0.000000,8,12,15,22,25,28,35,38,46,46,46,651,0,8,12.339284639121683,4.652700001315679,45.55580000305781,7682.597542242704
1782211479,3,,Aggregated,0.900000,0.000000,8,12,15,22,25,28,35,38,46,46,46,651,0,8,12.339284639121683,4.652700001315679,45.55580000305781,7682.597542242704
1782211480,3,,Aggregated,0.800000,0.000000,8,12,15,22,25,28,35,38,46,46,46,654,0,8,12.342197094906536,4.652700001315679,45.55580000305781,7680.155963302752
1782211481,3,,Aggregated,0.800000,0.000000,8,12,15,22,25,28,35,38,46,46,46,654,0,8,12.342197094906536,4.652700001315679,45.55580000305781,7680.155963302752
1782211482,3,,Aggregated,0.900000,0.000000,8,12,15,22,25,28,35,38,46,46,46,655,0,8,12.333483816901415,4.652700001315679,45.55580000305781,7676.196946564885
1782211483,3,,Aggregated,0.900000,0.000000,8,12,15,22,25,28,35,38,46,46,46,655,0,8,12.333483816901415,4.652700001315679,45.55580000305781,7676.196946564885
1782211484,3,,Aggregated,0.800000,0.000000,8,12,15,22,25,28,35,38,46,46,46,657,0,8,12.323238812892873,4.652700001315679,45.55580000305781,7677.736681887367
1782211485,3,,Aggregated,0.800000,0.000000,8,12,15,22,25,28,35,38,46,46,46,658,0,8,12.314684498587363,4.652700001315679,45.55580000305781,7674.981762917933
1782211486,3,,Aggregated,0.800000,0.000000,8,12,15,22,25,28,35,38,46,46,46,658,0,8,12.314684498587363,4.652700001315679,45.55580000305781,7674.981762917933
1782211487,3,,Aggregated,1.000000,0.000000,8,12,15,22,25,28,35,38,46,46,46,659,0,8,12.305806525143366,4.652700001315679,45.55580000305781,7672.235204855842
1782211488,3,,Aggregated,1.000000,0.000000,8,12,15,22,25,28,35,38,46,46,46,659,0,8,12.305806525143366,4.652700001315679,45.55580000305781,7672.235204855842
1782211489,3,,Aggregated,0.800000,0.000000,8,12,15,22,25,28,35,38,46,46,46,661,0,8,12.31259606667578,4.652700001315679,45.55580000305781,7673.7776096823
1782211490,3,,Aggregated,0.800000,0.000000,8,12,15,22,25,28,35,38,46,46,46,661,0,8,12.31259606667578,4.652700001315679,45.55580000305781,7673.7776096823
1782211491,3,,Aggregated,1.000000,0.000000,8,12,15,22,25,28,35,38,46,46,46,664,0,8,12.292667620594253,4.652700001315679,45.55580000305781,7672.584337349397
1782211492,3,,Aggregated,1.000000,0.000000,8,12,15,22,25,28,35,38,46,46,46,664,0,8,12.292667620594253,4.652700001315679,45.55580000305781,7672.584337349397
1782211493,3,,Aggregated,1.000000,0.000000,8,12,15,22,25,28,35,38,46,46,46,664,0,8,12.292667620594253,4.652700001315679,45.55580000305781,7672.584337349397
1782211494,3,,Aggregated,1.000000,0.000000,8,12,15,22,25,28,35,38,46,46,46,665,0,8,12.307953383572027,4.652700001315679,45.55580000305781,7676.834586466165
1782211495,3,,Aggregated,0.900000,0.000000,8,12,15,22,25,28,35,38,46,46,46,667,0,8,12.308067916151565,4.652700001315679,45.55580000305781,7685.296851574213
1782211496,3,,Aggregated,0.900000,0.000000,8,12,15,22,25,28,35,38,46,46,46,667,0,8,12.308067916151565,4.652700001315679,45.55580000305781,7685.296851574213
1782211497,3,,Aggregated,0.900000,0.000000,8,12,15,22,25,28,35,38,46,46,46,667,0,8,12.308067916151565,4.652700001315679,45.55580000305781,7685.296851574213
1782211498,3,,Aggregated,0.900000,0.000000,8,12,15,22,25,28,35,38,46,46,46,669,0,8,12.292405530749972,4.652700001315679,45.55580000305781,7679.855007473841
1782211499,3,,Aggregated,0.900000,0.000000,8,12,15,22,25,28,35,38,46,46,46,670,0,8,12.28375283592583,4.652700001315679,45.55580000305781,7677.1462686567165
1782211500,3,,Aggregated,0.900000,0.000000,8,12,15,22,25,28,35,38,46,46,46,670,0,8,12.28375283592583,4.652700001315679,45.55580000305781,7677.1462686567165
1782211501,3,,Aggregated,0.900000,0.000000,8,12,15,21,25,28,35,38,46,46,46,672,0,8,12.26665907748676,4.652700001315679,45.55580000305781,7671.752976190476
1782211502,3,,Aggregated,0.900000,0.000000,8,12,14,21,25,28,35,38,46,46,46,673,0,8,12.258102228933959,4.652700001315679,45.55580000305781,7667.912332838038
1782211503,3,,Aggregated,0.900000,0.000000,8,12,15,22,25,28,36,38,46,46,46,674,0,8,12.29545133541931,4.652700001315679,45.55580000305781,7672.112759643917
1782211504,3,,Aggregated,0.900000,0.000000,8,12,15,22,25,28,36,38,46,46,46,674,0,8,12.29545133541931,4.652700001315679,45.55580000305781,7672.112759643917
1782211505,3,,Aggregated,0.900000,0.000000,8,12,15,22,25,28,36,38,46,46,46,675,0,8,12.293381926030163,4.652700001315679,45.55580000305781,7676.30074074074
1782211506,3,,Aggregated,1.000000,0.000000,8,12,15,21,25,28,36,38,46,46,46,676,0,8,12.284525000104193,4.652700001315679,45.55580000305781,7673.621301775148
1782211507,3,,Aggregated,1.000000,0.000000,8,12,15,21,25,28,36,38,46,46,46,676,0,8,12.284525000104193,4.652700001315679,45.55580000305781,7673.621301775148
1782211508,3,,Aggregated,0.800000,0.000000,8,12,14,21,25,28,36,38,46,46,46,678,0,8,12.266318584173709,4.652700001315679,45.55580000305781,7668.286135693215
1782211509,3,,Aggregated,0.800000,0.000000,8,12,14,21,25,28,36,38,46,46,46,678,0,8,12.266318584173709,4.652700001315679,45.55580000305781,7668.286135693215
1782211510,3,,Aggregated,0.800000,0.000000,8,12,14,21,25,28,36,38,46,46,46,679,0,8,12.259380412477464,4.652700001315679,45.55580000305781,7664.484536082474
1782211511,3,,Aggregated,0.800000,0.000000,8,12,14,21,25,28,36,38,46,46,46,681,0,8,12.269135389237517,4.652700001315679,45.55580000305781,7666.004405286343
1782211512,3,,Aggregated,0.800000,0.000000,8,12,14,21,25,28,36,38,46,46,46,681,0,8,12.269135389237517,4.652700001315679,45.55580000305781,7666.004405286343
1782211513,3,,Aggregated,1.000000,0.000000,8,12,14,21,25,28,36,38,46,46,46,683,0,8,12.266470863938983,4.652700001315679,45.55580000305781,7674.300146412885
1782211514,3,,Aggregated,1.000000,0.000000,8,12,14,21,25,28,36,38,46,46,46,683,0,8,12.266470863938983,4.652700001315679,45.55580000305781,7674.300146412885
1782211515,3,,Aggregated,1.000000,0.000000,8,12,14,21,25,28,36,38,46,46,46,683,0,8,12.266470863938983,4.652700001315679,45.55580000305781,7674.300146412885
1782211516,3,,Aggregated,0.900000,0.000000,8,12,14,21,25,28,36,38,46,46,46,684,0,8,12.25929897670981,4.652700001315679,45.55580000305781,7671.6549707602335
1782211517,3,,Aggregated,0.900000,0.000000,8,12,14,22,25,28,36,38,46,46,46,685,0,8,12.273989489151633,4.652700001315679,45.55580000305781,7675.782481751825
1782211518,3,,Aggregated,0.800000,0.000000,8,12,15,21,25,28,36,38,46,46,46,686,0,8,12.281350583193287,4.652700001315679,45.55580000305781,7679.897959183673
1782211519,3,,Aggregated,0.800000,0.000000,8,12,15,21,25,28,36,38,46,46,46,687,0,8,12.280491120921647,4.652700001315679,45.55580000305781,7684.001455604076
1782211520,3,,Aggregated,0.900000,0.000000,8,12,15,21,25,28,36,38,46,46,46,688,0,8,12.274215843125456,4.652700001315679,45.55580000305781,7680.226744186047
1782211521,3,,Aggregated,0.900000,0.000000,8,12,15,22,25,28,36,38,46,46,46,690,0,8,12.279027101554886,4.652700001315679,45.55580000305781,7681.68115942029
1782211522,3,,Aggregated,0.900000,0.000000,8,12,15,22,25,28,36,38,46,46,46,690,0,8,12.279027101554886,4.652700001315679,45.55580000305781,7681.68115942029
1782211523,3,,Aggregated,0.900000,0.000000,8,12,15,21,25,28,36,38,46,46,46,691,0,8,12.280941244673906,4.652700001315679,45.55580000305781,7685.758321273516
1782211524,3,,Aggregated,0.900000,0.000000,8,12,15,21,25,28,36,38,46,46,46,692,0,8,12.271775433626612,4.652700001315679,45.55580000305781,7683.127167630058
1782211525,3,,Aggregated,1.000000,0.000000,8,12,14,21,25,28,36,38,46,46,46,693,0,8,12.270956854358221,4.652700001315679,45.55580000305781,7687.190476190476
1782211526,3,,Aggregated,0.800000,0.000000,8,12,14,21,25,28,36,38,46,46,46,694,0,8,12.262868155717207,4.652700001315679,45.55580000305781,7684.564841498559
1782211527,3,,Aggregated,0.900000,0.000000,8,12,15,22,25,28,36,38,46,46,46,695,0,8,12.278648920959405,4.652700001315679,45.55580000305781,7688.614388489209
1782211528,3,,Aggregated,0.900000,0.000000,8,12,15,22,25,28,36,38,46,46,46,695,0,8,12.278648920959405,4.652700001315679,45.55580000305781,7688.614388489209
1782211529,3,,Aggregated,0.900000,0.000000,8,12,15,21,25,28,36,38,46,46,46,696,0,8,12.269935201245595,4.652700001315679,45.55580000305781,7684.876436781609
1782211530,3,,Aggregated,1.000000,0.000000,8,12,15,21,25,28,36,38,46,46,46,698,0,8,12.27323252158875,4.652700001315679,45.55580000305781,7692.939828080229
1782211531,3,,Aggregated,1.000000,0.000000,8,12,15,21,25,28,36,38,46,46,46,698,0,8,12.27323252158875,4.652700001315679,45.55580000305781,7692.939828080229
1782211532,3,,Aggregated,0.900000,0.000000,8,12,15,22,25,28,36,38,46,46,46,699,0,8,12.310855364908203,4.652700001315679,45.55580000305781,7696.954220314736
1782211533,3,,Aggregated,0.900000,0.000000,8,12,15,22,25,28,36,38,46,46,46,699,0,8,12.310855364908203,4.652700001315679,45.55580000305781,7696.954220314736
1782211534,3,,Aggregated,0.800000,0.000000,8,12,15,21,25,28,36,38,46,46,46,701,0,8,12.292759201238871,4.652700001315679,45.55580000305781,7691.727532097004
1782211535,3,,Aggregated,0.800000,0.000000,8,12,15,21,25,28,36,38,46,46,46,702,0,8,12.284855840552442,4.652700001315679,45.55580000305781,7689.125356125356
1782211536,3,,Aggregated,0.800000,0.000000,8,12,15,21,25,28,36,38,46,46,46,702,0,8,12.284855840552442,4.652700001315679,45.55580000305781,7689.125356125356
1782211537,3,,Aggregated,0.800000,0.000000,8,12,15,21,25,28,36,38,46,46,46,702,0,8,12.284855840552442,4.652700001315679,45.55580000305781,7689.125356125356
1782211538,3,,Aggregated,0.900000,0.000000,8,12,15,22,25,28,36,38,46,46,46,705,0,8,12.305551347619373,4.652700001315679,45.55580000305781,7694.509219858156
1782211539,3,,Aggregated,0.900000,0.000000,8,12,15,22,25,28,36,38,46,46,46,705,0,8,12.305551347619373,4.652700001315679,45.55580000305781,7694.509219858156
1782211540,3,,Aggregated,0.900000,0.000000,8,12,15,22,25,28,36,38,46,46,46,705,0,8,12.305551347619373,4.652700001315679,45.55580000305781,7694.509219858156
1782211541,3,,Aggregated,1.000000,0.000000,8,12,15,21,25,28,36,38,46,46,46,708,0,8,12.297868220435692,4.652700001315679,45.55580000305781,7692.203389830508
1782211542,3,,Aggregated,1.000000,0.000000,8,12,15,21,25,28,36,38,46,46,46,708,0,8,12.297868220435692,4.652700001315679,45.55580000305781,7692.203389830508
1782211543,3,,Aggregated,1.000000,0.000000,8,12,15,21,25,28,36,38,46,46,46,708,0,8,12.297868220435692,4.652700001315679,45.55580000305781,7692.203389830508
1782211545,3,,Aggregated,1.000000,0.000000,8,12,15,21,25,28,36,38,46,46,46,708,0,8,12.297868220435692,4.652700001315679,45.55580000305781,7692.203389830508
1782211546,3,,Aggregated,0.900000,0.000000,8,12,15,22,25,28,36,38,46,46,46,710,0,8,12.314512112773716,4.652700001315679,45.55580000305781,7700.10985915493
1782211547,3,,Aggregated,0.900000,0.000000,8,12,15,21,25,28,36,38,46,46,46,711,0,8,12.305847398125689,4.652700001315679,45.55580000305781,7697.528832630099
1782211548,3,,Aggregated,0.900000,0.000000,8,12,15,21,25,28,36,38,46,46,46,711,0,8,12.305847398125689,4.652700001315679,45.55580000305781,7697.528832630099
1782211549,3,,Aggregated,0.800000,0.000000,8,12,15,21,25,28,36,38,46,46,46,713,0,8,12.29139593277854,4.652700001315679,45.55580000305781,7692.388499298738
1782211550,3,,Aggregated,0.900000,0.000000,8,12,15,22,25,28,36,38,46,46,46,714,0,8,12.311914846037473,4.652700001315679,45.55580000305781,7696.319327731092
1782211551,3,,Aggregated,0.900000,0.000000,8,12,15,22,25,28,36,38,46,46,46,714,0,8,12.311914846037473,4.652700001315679,45.55580000305781,7696.319327731092
1782211552,3,,Aggregated,0.800000,0.000000,8,12,15,22,25,28,36,38,46,46,46,715,0,8,12.302818181917399,4.652700001315679,45.55580000305781,7693.758041958042
1782211553,3,,Aggregated,0.900000,0.000000,8,12,15,22,25,28,36,38,130,130,130,716,0,8,12.46593631294774,4.652700001315679,129.0953999996418,7697.675977653631
1782211554,3,,Aggregated,0.900000,0.000000,8,12,15,22,25,28,36,38,130,130,130,717,0,8,12.465893863418831,4.652700001315679,129.0953999996418,7701.582984658298
1782211555,3,,Aggregated,0.900000,0.000000,8,12,15,22,25,28,36,38,130,130,130,717,0,8,12.465893863418831,4.652700001315679,129.0953999996418,7701.582984658298
1782211556,3,,Aggregated,0.700000,0.000000,8,12,15,22,25,28,36,38,130,130,130,718,0,8,12.456813788400893,4.652700001315679,129.0953999996418,7697.941504178273
1782211557,3,,Aggregated,0.700000,0.000000,8,12,15,22,25,28,36,38,130,130,130,718,0,8,12.456813788400893,4.652700001315679,129.0953999996418,7697.941504178273
1782211558,3,,Aggregated,0.900000,0.000000,8,12,15,22,25,28,36,38,130,130,130,720,0,8,12.468261527879399,4.652700001315679,129.0953999996418,7705.722222222223
1782211559,3,,Aggregated,0.800000,0.000000,8,12,15,22,25,28,36,38,130,130,130,721,0,8,12.45919750356541,4.652700001315679,129.0953999996418,7702.090152565881
1782211560,3,,Aggregated,0.800000,0.000000,8,12,15,22,25,28,36,38,130,130,130,721,0,8,12.45919750356541,4.652700001315679,129.0953999996418,7702.090152565881
1782211561,3,,Aggregated,0.800000,0.000000,8,12,15,22,25,28,36,38,130,130,130,721,0,8,12.45919750356541,4.652700001315679,129.0953999996418,7702.090152565881
1782211562,3,,Aggregated,0.800000,0.000000,8,12,15,22,25,28,36,38,130,130,130,723,0,8,12.458200138406815,4.652700001315679,129.0953999996418,7703.417704011065
1782211563,3,,Aggregated,0.700000,0.000000,8,12,15,22,25,28,36,38,130,130,130,724,0,8,12.449101105062883,4.652700001315679,129.0953999996418,7700.878453038674
1782211564,3,,Aggregated,0.700000,0.000000,8,12,15,22,25,28,36,38,130,130,130,724,0,8,12.449101105062883,4.652700001315679,129.0953999996418,7700.878453038674
1782211565,3,,Aggregated,0.800000,0.000000,8,12,15,22,25,28,36,38,130,130,130,725,0,8,12.469188689744975,4.652700001315679,129.0953999996418,7704.737931034483
1782211566,3,,Aggregated,0.800000,0.000000,8,12,15,22,25,28,36,38,130,130,130,725,0,8,12.469188689744975,4.652700001315679,129.0953999996418,7704.737931034483
1782211567,3,,Aggregated,0.700000,0.000000,8,12,15,22,25,28,36,38,130,130,130,727,0,8,12.452624621821094,4.652700001315679,129.0953999996418,7698.606602475928
1782211568,3,,Aggregated,0.700000,0.000000,8,12,15,22,25,28,36,38,130,130,130,727,0,8,12.452624621821094,4.652700001315679,129.0953999996418,7698.606602475928
1782211569,3,,Aggregated,0.700000,0.000000,8,12,15,22,25,28,36,38,130,130,130,729,0,8,12.437922085132694,4.652700001315679,129.0953999996418,7693.576131687243
1782211570,3,,Aggregated,0.700000,0.000000,8,12,15,22,25,28,36,38,130,130,130,729,0,8,12.437922085132694,4.652700001315679,129.0953999996418,7693.576131687243
1782211571,3,,Aggregated,0.700000,0.000000,8,12,15,22,25,28,36,38,130,130,130,730,0,8,12.43425287679675,4.652700001315679,129.0953999996418,7690.005479452055
1782211572,3,,Aggregated,0.800000,0.000000,8,12,15,21,25,28,36,38,130,130,130,731,0,8,12.426167441948149,4.652700001315679,129.0953999996418,7687.508891928865
1782211573,3,,Aggregated,0.900000,0.000000,8,12,15,22,25,28,36,38,130,130,130,732,0,8,12.44190969953935,4.652700001315679,129.0953999996418,7691.349726775957
1782211574,3,,Aggregated,0.900000,0.000000,8,12,15,22,25,28,36,38,130,130,130,733,0,8,12.4334525239628,4.652700001315679,129.0953999996418,7688.858117326057
1782211575,3,,Aggregated,0.700000,0.000000,8,12,15,22,25,28,36,38,130,130,130,734,0,8,12.425458174475947,4.652700001315679,129.0953999996418,7686.373297002725
1782211576,3,,Aggregated,0.700000,0.000000,8,12,15,22,25,28,36,38,130,130,130,735,0,8,12.416438911653435,4.652700001315679,129.0953999996418,7683.895238095238
1782211577,3,,Aggregated,0.700000,0.000000,8,12,15,22,25,28,36,38,130,130,130,735,0,8,12.416438911653435,4.652700001315679,129.0953999996418,7683.895238095238
1782211578,3,,Aggregated,0.700000,0.000000,8,12,15,22,25,28,36,38,130,130,130,735,0,8,12.416438911653435,4.652700001315679,129.0953999996418,7683.895238095238
1782211579,3,,Aggregated,1.000000,0.000000,8,12,15,22,25,28,36,38,130,130,130,736,0,8,12.43089918487227,4.652700001315679,129.0953999996418,7687.720108695652
1782211580,3,,Aggregated,0.800000,0.000000,8,12,15,22,25,28,36,38,130,130,130,738,0,8,12.415429945894715,4.652700001315679,129.0953999996418,7681.726287262873
1782211581,3,,Aggregated,0.800000,0.000000,8,12,15,22,25,28,36,38,130,130,130,738,0,8,12.415429945894715,4.652700001315679,129.0953999996418,7681.726287262873
1782211582,3,,Aggregated,0.800000,0.000000,8,12,15,22,25,28,36,38,130,130,130,740,0,8,12.397974324419527,4.652700001315679,129.0953999996418,7676.816216216216
1782211583,3,,Aggregated,0.800000,0.000000,8,12,15,22,25,28,36,38,130,130,130,740,0,8,12.397974324419527,4.652700001315679,129.0953999996418,7676.816216216216
1782211584,3,,Aggregated,0.800000,0.000000,8,12,15,22,25,28,36,38,130,130,130,740,0,8,12.397974324419527,4.652700001315679,129.0953999996418,7676.816216216216
1782211585,3,,Aggregated,0.800000,0.000000,8,12,15,21,25,28,36,38,130,130,130,743,0,8,12.373408613817215,4.652700001315679,129.0953999996418,7667.406460296097
1782211586,3,,Aggregated,0.800000,0.000000,8,12,15,21,25,28,36,38,130,130,130,743,0,8,12.373408613817215,4.652700001315679,129.0953999996418,7667.406460296097
1782211587,3,,Aggregated,1.000000,0.000000,8,12,15,21,25,28,36,38,130,130,130,744,0,8,12.365486693637141,4.652700001315679,129.0953999996418,7663.938172043011
1782211588,3,,Aggregated,1.000000,0.000000,8,12,15,21,25,28,36,38,130,130,130,744,0,8,12.365486693637141,4.652700001315679,129.0953999996418,7663.938172043011
1782211589,3,,Aggregated,0.800000,0.000000,8,12,15,21,25,28,36,38,130,130,130,746,0,8,12.386577614029985,4.652700001315679,129.0953999996418,7665.327077747989
1782211590,3,,Aggregated,0.800000,0.000000,8,12,15,21,25,28,36,38,130,130,130,747,0,8,12.378374832755986,4.652700001315679,129.0953999996418,7662.917001338688
1782211591,3,,Aggregated,0.800000,0.000000,8,12,15,21,25,28,36,38,130,130,130,747,0,8,12.378374832755986,4.652700001315679,129.0953999996418,7662.917001338688
1782211592,3,,Aggregated,0.900000,0.000000,8,12,15,21,25,28,36,38,130,130,130,749,0,8,12.36140173573713,4.652700001315679,129.0953999996418,7657.07743658211
1782211593,3,,Aggregated,1.000000,0.000000,8,12,15,21,25,28,36,38,130,130,130,750,0,8,12.354089333423568,4.652700001315679,129.0953999996418,7653.650666666666
1782211594,3,,Aggregated,0.900000,0.000000,8,12,15,21,25,28,36,38,130,130,130,751,0,8,12.345846071995897,4.652700001315679,129.0953999996418,7651.2689747004
1782211595,3,,Aggregated,0.900000,0.000000,8,12,15,21,25,28,36,38,130,130,130,751,0,8,12.345846071995897,4.652700001315679,129.0953999996418,7651.2689747004
1782211596,3,,Aggregated,1.000000,0.000000,8,12,15,21,25,28,36,38,130,130,130,753,0,8,12.353643160776594,4.652700001315679,129.0953999996418,7651.645418326693
1782211597,3,,Aggregated,0.800000,0.000000,8,12,15,21,25,28,36,38,130,130,130,754,0,8,12.354683023958307,4.652700001315679,129.0953999996418,7655.42175066313
1782211598,3,,Aggregated,0.800000,0.000000,8,12,15,21,25,28,36,38,130,130,130,754,0,8,12.354683023958307,4.652700001315679,129.0953999996418,7655.42175066313
1782211599,3,,Aggregated,1.000000,0.000000,8,12,15,21,25,28,36,38,130,130,130,755,0,8,12.3527495365076,4.652700001315679,129.0953999996418,7659.188079470198
1782211600,3,,Aggregated,1.000000,0.000000,8,12,15,21,25,28,36,38,130,130,130,755,0,8,12.3527495365076,4.652700001315679,129.0953999996418,7659.188079470198
1782211601,3,,Aggregated,1.000000,0.000000,8,12,15,21,25,28,36,39,130,130,130,757,0,8,12.382968163886577,4.652700001315679,129.0953999996418,7659.541611624835
1782211602,3,,Aggregated,1.000000,0.000000,8,12,15,21,25,28,36,39,130,130,130,757,0,8,12.382968163886577,4.652700001315679,129.0953999996418,7659.541611624835
1782211603,3,,Aggregated,1.000000,0.000000,8,12,15,21,25,28,36,39,130,130,130,757,0,8,12.382968163886577,4.652700001315679,129.0953999996418,7659.541611624835
1782211604,3,,Aggregated,0.800000,0.000000,8,12,15,21,25,28,36,39,130,130,130,759,0,8,12.366696574521752,4.652700001315679,129.0953999996418,7654.812911725955
1782211605,3,,Aggregated,0.800000,0.000000,8,12,15,21,25,28,36,39,130,130,130,759,0,8,12.366696574521752,4.652700001315679,129.0953999996418,7654.812911725955
1782211606,3,,Aggregated,0.700000,0.000000,8,12,15,22,25,28,36,39,130,130,130,760,0,8,12.398078289554274,4.652700001315679,129.0953999996418,7658.555263157895
1782211607,3,,Aggregated,0.800000,0.000000,8,12,15,21,25,28,36,39,130,130,130,762,0,8,12.383595013200114,4.652700001315679,129.0953999996418,7653.847769028871
1782211608,3,,Aggregated,0.800000,0.000000,8,12,15,21,25,28,36,39,130,130,130,762,0,8,12.383595013200114,4.652700001315679,129.0953999996418,7653.847769028871
1782211609,3,,Aggregated,0.800000,0.000000,8,12,15,21,25,28,36,39,130,130,130,762,0,8,12.383595013200114,4.652700001315679,129.0953999996418,7653.847769028871
1782211610,3,,Aggregated,0.800000,0.000000,8,12,15,22,25,28,36,39,130,130,130,764,0,8,12.391060471281175,4.652700001315679,129.0953999996418,7655.2303664921465
1782211611,3,,Aggregated,0.800000,0.000000,8,12,15,22,25,28,36,39,130,130,130,765,0,8,12.382378039292472,4.652700001315679,129.0953999996418,7651.873202614379
1782211612,3,,Aggregated,0.800000,0.000000,8,12,15,22,25,28,36,39,130,130,130,765,0,8,12.382378039292472,4.652700001315679,129.0953999996418,7651.873202614379
1782211613,3,,Aggregated,0.800000,0.000000,8,12,15,22,25,28,36,39,130,130,130,765,0,8,12.382378039292472,4.652700001315679,129.0953999996418,7651.873202614379
1782211614,3,,Aggregated,0.800000,0.000000,8,12,15,21,25,28,36,39,130,130,130,767,0,8,12.37448279016877,4.652700001315679,129.0953999996418,7652.241199478488
1782211615,3,,Aggregated,0.800000,0.000000,8,12,15,21,25,28,36,39,130,130,130,768,0,8,12.374453906327668,4.652700001315679,129.0953999996418,7655.947916666667
1782211616,3,,Aggregated,0.800000,0.000000,8,12,15,21,25,28,36,39,130,130,130,768,0,8,12.374453906327668,4.652700001315679,129.0953999996418,7655.947916666667
1782211617,3,,Aggregated,0.800000,0.000000,8,12,15,22,25,28,36,39,130,130,130,770,0,8,12.392556883197038,4.652700001315679,129.0953999996418,7656.3038961038965
1782211618,3,,Aggregated,0.800000,0.000000,8,12,15,22,25,28,36,39,130,130,130,770,0,8,12.392556883197038,4.652700001315679,129.0953999996418,7656.3038961038965
1782211619,3,,Aggregated,0.700000,0.000000,8,12,15,21,25,28,36,39,130,130,130,771,0,8,12.392390920959638,4.652700001315679,129.0953999996418,7659.990920881972
1782211620,3,,Aggregated,0.700000,0.000000,8,12,15,21,25,28,36,39,130,130,130,772,0,8,12.385025518210686,4.652700001315679,129.0953999996418,7657.665803108808
1782211621,3,,Aggregated,0.700000,0.000000,8,12,15,21,25,28,36,39,130,130,130,772,0,8,12.385025518210686,4.652700001315679,129.0953999996418,7657.665803108808
1782211622,3,,Aggregated,1.000000,0.000000,8,12,15,22,25,28,36,39,130,130,130,775,0,8,12.413695871040428,4.652700001315679,129.0953999996418,7662.685161290323
1782211623,3,,Aggregated,1.000000,0.000000,8,12,15,22,25,28,36,39,130,130,130,775,0,8,12.413695871040428,4.652700001315679,129.0953999996418,7662.685161290323
1782211624,3,,Aggregated,1.000000,0.000000,8,12,15,22,25,28,36,39,130,130,130,775,0,8,12.413695871040428,4.652700001315679,129.0953999996418,7662.685161290323
1782211625,3,,Aggregated,0.800000,0.000000,8,12,15,22,25,28,36,39,130,130,130,776,0,8,12.405758891826238,4.652700001315679,129.0953999996418,7660.368556701031
1782211626,3,,Aggregated,0.900000,0.000000,8,12,15,22,25,28,36,39,130,130,130,778,0,8,12.42253676099863,4.652700001315679,129.0953999996418,7667.665809768638
1782211627,3,,Aggregated,0.900000,0.000000,8,12,15,22,25,28,36,39,130,130,130,778,0,8,12.42253676099863,4.652700001315679,129.0953999996418,7667.665809768638
1782211628,3,,Aggregated,0.800000,0.000000,8,12,15,22,25,28,36,39,130,130,130,779,0,8,12.421054557199218,4.652700001315679,129.0953999996418,7671.300385109114
1782211629,3,,Aggregated,1.000000,0.000000,8,12,15,22,25,28,36,39,130,130,130,780,0,8,12.413611153920684,4.652700001315679,129.0953999996418,7668.984615384616
1782211630,3,,Aggregated,1.000000,0.000000,8,12,15,22,25,28,36,39,130,130,130,780,0,8,12.413611153920684,4.652700001315679,129.0953999996418,7668.984615384616
1782211631,3,,Aggregated,0.800000,0.000000,8,12,15,22,25,28,36,39,130,130,130,781,0,8,12.413632010315276,4.652700001315679,129.0953999996418,7672.608194622279
1782211632,3,,Aggregated,0.800000,0.000000,8,12,15,22,25,28,36,39,130,130,130,783,0,8,12.419392592662819,4.652700001315679,129.0953999996418,7673.90932311622
1782211633,3,,Aggregated,0.900000,0.000000,8,12,15,22,25,28,36,39,130,130,130,784,0,8,12.437967602107499,4.652700001315679,129.0953999996418,7677.5127551020405
1782211634,3,,Aggregated,0.900000,0.000000,8,12,15,22,25,28,36,39,130,130,130,784,0,8,12.437967602107499,4.652700001315679,129.0953999996418,7677.5127551020405
1782211635,3,,Aggregated,0.800000,0.000000,8,12,15,22,25,28,36,39,130,130,130,786,0,8,12.436938295233617,4.652700001315679,129.0953999996418,7684.692111959287
1782211636,3,,Aggregated,0.800000,0.000000,8,12,15,22,25,28,36,39,130,130,130,787,0,8,12.43556975864458,4.652700001315679,129.0953999996418,7688.268106734435
1782211637,3,,Aggregated,0.800000,0.000000,8,12,15,22,25,28,36,39,130,130,130,787,0,8,12.43556975864458,4.652700001315679,129.0953999996418,7688.268106734435
1782211638,3,,Aggregated,1.100000,0.000000,8,12,15,22,25,28,36,39,130,130,130,789,0,8,12.466479594494754,4.652700001315679,129.0953999996418,7695.392902408112
1782211639,3,,Aggregated,1.100000,0.000000,8,12,15,22,25,28,36,39,130,130,130,789,0,8,12.466479594494754,4.652700001315679,129.0953999996418,7695.392902408112
1782211640,3,,Aggregated,0.900000,0.000000,8,12,15,22,25,28,36,39,130,130,130,790,0,8,12.458418987411784,4.652700001315679,129.0953999996418,7692.091139240506
1782211641,3,,Aggregated,0.900000,0.000000,8,12,15,22,25,28,36,39,130,130,130,790,0,8,12.458418987411784,4.652700001315679,129.0953999996418,7692.091139240506
1782211642,3,,Aggregated,1.000000,0.000000,8,12,15,22,25,28,36,39,130,130,130,792,0,8,12.472644318250152,4.652700001315679,129.0953999996418,7699.179292929293
1782211643,3,,Aggregated,1.000000,0.000000,8,12,15,22,25,28,36,39,130,130,130,792,0,8,12.472644318250152,4.652700001315679,129.0953999996418,7699.179292929293
1782211644,3,,Aggregated,0.900000,0.000000,8,12,15,22,25,28,36,39,130,130,130,793,0,8,12.465370617970818,4.652700001315679,129.0953999996418,7695.88524590164
1782211645,3,,Aggregated,0.900000,0.000000,8,12,15,22,25,28,36,39,130,130,130,793,0,8,12.465370617970818,4.652700001315679,129.0953999996418,7695.88524590164
1782211646,3,,Aggregated,0.900000,0.000000,8,12,15,22,25,28,36,39,130,130,130,796,0,8,12.44251984931523,4.652700001315679,129.0953999996418,7688.007537688442
1782211647,3,,Aggregated,0.900000,0.000000,8,12,15,22,25,28,36,39,130,130,130,796,0,8,12.44251984931523,4.652700001315679,129.0953999996418,7688.007537688442
1782211648,3,,Aggregated,0.900000,0.000000,8,12,15,22,25,28,36,39,130,130,130,796,0,8,12.44251984931523,4.652700001315679,129.0953999996418,7688.007537688442
1782211649,3,,Aggregated,0.900000,0.000000,8,12,15,22,25,28,36,39,130,130,130,796,0,8,12.44251984931523,4.652700001315679,129.0953999996418,7688.007537688442
1782211650,3,,Aggregated,0.900000,0.000000,8,12,15,22,25,29,37,39,130,130,130,798,0,8,12.482675188041418,4.652700001315679,129.0953999996418,7695.0526315789475
1782211651,3,,Aggregated,0.700000,0.000000,8,12,15,22,25,29,37,39,130,130,130,799,0,8,12.482181852386377,4.652700001315679,129.0953999996418,7698.561952440551
1782211652,3,,Aggregated,0.700000,0.000000,8,12,15,22,25,29,37,39,130,130,130,799,0,8,12.482181852386377,4.652700001315679,129.0953999996418,7698.561952440551
1782211653,3,,Aggregated,0.800000,0.000000,8,12,15,22,25,29,37,39,130,130,130,800,0,8,12.474282625066735,4.652700001315679,129.0953999996418,7695.2975
1782211654,3,,Aggregated,0.800000,0.000000,8,12,15,22,25,28,36,39,130,130,130,802,0,8,12.468056608543378,4.652700001315679,129.0953999996418,7696.511221945138
1782211655,3,,Aggregated,0.700000,0.000000,8,12,15,22,25,28,36,39,130,130,130,803,0,8,12.461498007537122,4.652700001315679,129.0953999996418,7694.230386052304
1782211656,3,,Aggregated,0.700000,0.000000,8,12,15,22,25,28,36,39,130,130,130,803,0,8,12.461498007537122,4.652700001315679,129.0953999996418,7694.230386052304
1782211657,3,,Aggregated,0.900000,0.000000,8,12,15,22,25,28,36,39,130,130,130,804,0,8,12.453905348321761,4.652700001315679,129.0953999996418,7691.955223880597
1782211658,3,,Aggregated,1.000000,0.000000,8,12,15,22,25,28,36,39,130,130,130,805,0,8,12.447066087020318,4.652700001315679,129.0953999996418,7689.685714285714
1782211659,3,,Aggregated,0.700000,0.000000,8,12,15,22,25,28,36,39,130,130,130,806,0,8,12.438799255643394,4.652700001315679,129.0953999996418,7687.421836228288
1782211660,3,,Aggregated,0.700000,0.000000,8,12,15,22,25,28,36,39,130,130,130,806,0,8,12.438799255643394,4.652700001315679,129.0953999996418,7687.421836228288
1782211661,3,,Aggregated,0.900000,0.000000,8,12,15,22,25,28,36,39,130,130,130,807,0,8,12.43286592323304,4.652700001315679,129.0953999996418,7684.199504337051
1782211662,3,,Aggregated,1.000000,0.000000,8,12,15,22,25,28,36,39,130,130,130,808,0,8,12.447845297088808,4.652700001315679,129.0953999996418,7687.683168316832
1782211664,3,,Aggregated,0.800000,0.000000,8,12,15,22,25,28,36,39,130,130,130,809,0,8,12.439556983992434,4.652700001315679,129.0953999996418,7685.430160692213
1782211665,3,,Aggregated,0.800000,0.000000,8,12,15,22,25,28,36,39,130,130,130,811,0,8,12.433688162824602,4.652700001315679,129.0953999996418,7686.654747225647
1782211666,3,,Aggregated,0.800000,0.000000,8,12,15,22,25,28,36,39,130,130,130,811,0,8,12.433688162824602,4.652700001315679,129.0953999996418,7686.654747225647
1782211667,3,,Aggregated,0.700000,0.000000,8,12,15,22,25,28,36,39,130,130,130,812,0,8,12.426012315332681,4.652700001315679,129.0953999996418,7683.453201970443
1782211668,3,,Aggregated,0.700000,0.000000,8,12,15,22,25,28,36,39,130,130,130,812,0,8,12.426012315332681,4.652700001315679,129.0953999996418,7683.453201970443
1782211669,3,,Aggregated,0.800000,0.000000,8,12,15,22,25,29,36,39,130,130,130,814,0,8,12.456100737161236,4.652700001315679,129.0953999996418,7690.371007371007
1782211670,3,,Aggregated,0.900000,0.000000,8,12,15,22,25,29,36,39,130,130,130,815,0,8,12.45711779147258,4.652700001315679,129.0953999996418,7693.81717791411
1782211671,3,,Aggregated,0.800000,0.000000,8,12,15,22,25,29,36,39,130,130,130,816,0,8,12.452121691239881,4.652700001315679,129.0953999996418,7691.575980392156
1782211672,3,,Aggregated,0.900000,0.000000,8,12,15,22,25,29,36,39,130,130,130,818,0,8,12.450105256789634,4.652700001315679,129.0953999996418,7698.440097799511
1782211673,3,,Aggregated,0.900000,0.000000,8,12,15,22,25,29,36,39,130,130,130,818,0,8,12.450105256789634,4.652700001315679,129.0953999996418,7698.440097799511
1782211674,3,,Aggregated,0.900000,0.000000,8,12,15,22,25,29,36,39,130,130,130,818,0,8,12.450105256789634,4.652700001315679,129.0953999996418,7698.440097799511
1782211675,3,,Aggregated,1.000000,0.000000,8,12,15,22,25,28,36,39,130,130,130,821,0,8,12.451165042702986,4.652700001315679,129.0953999996418,7695.489646772229
1782211676,3,,Aggregated,1.000000,0.000000,8,12,15,22,25,28,36,39,130,130,130,821,0,8,12.451165042702986,4.652700001315679,129.0953999996418,7695.489646772229
1782211677,3,,Aggregated,0.900000,0.000000,8,12,15,22,25,28,36,39,130,130,130,823,0,8,12.449069501895464,4.652700001315679,129.0953999996418,7702.30255164034
1782211678,3,,Aggregated,0.900000,0.000000,8,12,15,22,25,28,36,39,130,130,130,824,0,8,12.4432847088137,4.652700001315679,129.0953999996418,7699.128640776699
1782211679,3,,Aggregated,0.900000,0.000000,8,12,15,22,25,28,36,39,130,130,130,824,0,8,12.4432847088137,4.652700001315679,129.0953999996418,7699.128640776699
1782211680,3,,Aggregated,1.000000,0.000000,8,12,15,22,25,29,37,39,130,130,130,825,0,8,12.472749090983681,4.652700001315679,129.0953999996418,7702.522424242425
1782211681,3,,Aggregated,1.200000,0.000000,8,12,15,22,25,29,37,39,130,130,130,826,0,8,12.470437651406206,4.652700001315679,129.0953999996418,7705.90799031477
1782211682,3,,Aggregated,1.000000,0.000000,8,12,15,22,25,29,37,39,130,130,130,827,0,8,12.469970979520523,4.652700001315679,129.0953999996418,7709.285368802902
1782211683,3,,Aggregated,1.000000,0.000000,8,12,15,22,25,29,37,39,130,130,130,827,0,8,12.469970979520523,4.652700001315679,129.0953999996418,7709.285368802902
1782211684,3,,Aggregated,1.000000,0.000000,8,12,14,22,25,29,37,39,130,130,130,829,0,8,12.467738359544837,4.652700001315679,129.0953999996418,7716.015681544029
1782211685,3,,Aggregated,1.000000,0.000000,8,12,14,22,25,29,37,39,130,130,130,829,0,8,12.467738359544837,4.652700001315679,129.0953999996418,7716.015681544029
1782211686,3,,Aggregated,0.900000,0.000000,8,12,14,22,25,29,37,39,130,130,130,830,0,8,12.460604698869894,4.652700001315679,129.0953999996418,7713.7855421686745
1782211687,3,,Aggregated,1.000000,0.000000,8,12,14,21,25,29,37,39,130,130,130,831,0,8,12.45268038515175,4.652700001315679,129.0953999996418,7711.560770156438
1782211688,3,,Aggregated,1.000000,0.000000,8,12,14,21,25,29,37,39,130,130,130,831,0,8,12.45268038515175,4.652700001315679,129.0953999996418,7711.560770156438
1782211689,3,,Aggregated,0.900000,0.000000,8,12,15,22,25,29,37,39,130,130,130,832,0,8,12.467959014495241,4.652700001315679,129.0953999996418,7714.911057692308
1782211690,3,,Aggregated,0.700000,0.000000,8,12,14,22,25,29,37,39,130,130,130,834,0,8,12.454457194318245,4.652700001315679,129.0953999996418,7710.474820143885
1782211691,3,,Aggregated,0.700000,0.000000,8,12,14,22,25,29,37,39,130,130,130,834,0,8,12.454457194318245,4.652700001315679,129.0953999996418,7710.474820143885
1782211692,3,,Aggregated,0.700000,0.000000,8,12,14,22,25,29,37,39,130,130,130,834,0,8,12.454457194318245,4.652700001315679,129.0953999996418,7710.474820143885
1782211693,3,,Aggregated,0.800000,0.000000,8,12,14,21,25,29,37,39,130,130,130,836,0,8,12.454793660362718,4.652700001315679,129.0953999996418,7717.145933014354
1782211694,3,,Aggregated,0.800000,0.000000,8,12,14,21,25,29,37,39,130,130,130,836,0,8,12.454793660362718,4.652700001315679,129.0953999996418,7717.145933014354
1782211695,3,,Aggregated,0.700000,0.000000,8,12,14,21,25,29,37,39,130,130,130,839,0,8,12.452003694951761,4.652700001315679,129.0953999996418,7716.046483909416
1782211696,3,,Aggregated,0.700000,0.000000,8,12,14,21,25,29,37,39,130,130,130,839,0,8,12.452003694951761,4.652700001315679,129.0953999996418,7716.046483909416
1782211697,3,,Aggregated,0.700000,0.000000,8,12,14,21,25,29,37,39,130,130,130,839,0,8,12.452003694951761,4.652700001315679,129.0953999996418,7716.046483909416
1782211698,3,,Aggregated,0.700000,0.000000,8,12,14,21,25,29,37,39,130,130,130,839,0,8,12.452003694951761,4.652700001315679,129.0953999996418,7716.046483909416
1782211699,3,,Aggregated,0.800000,0.000000,8,12,14,21,25,28,37,39,130,130,130,841,0,8,12.445881807446169,4.652700001315679,129.0953999996418,7717.1545778834725
1782211700,3,,Aggregated,0.800000,0.000000,8,12,14,21,25,28,37,39,130,130,130,842,0,8,12.459846912185213,4.652700001315679,129.0953999996418,7720.458432304038
1782211701,3,,Aggregated,0.800000,0.000000,8,12,14,21,25,28,37,39,130,130,130,842,0,8,12.459846912185213,4.652700001315679,129.0953999996418,7720.458432304038
1782211702,3,,Aggregated,0.900000,0.000000,8,12,15,22,25,29,37,39,130,130,130,843,0,8,12.479786476937056,4.652700001315679,129.0953999996418,7723.754448398577
1782211703,3,,Aggregated,0.800000,0.000000,8,12,15,22,25,29,37,39,130,130,130,844,0,8,12.483199526135762,4.652700001315679,129.0953999996418,7727.042654028436
1782211704,3,,Aggregated,0.800000,0.000000,8,12,15,22,25,29,37,39,130,130,130,845,0,8,12.482713609539488,4.652700001315679,129.0953999996418,7730.323076923077
1782211705,3,,Aggregated,0.800000,0.000000,8,12,15,22,25,29,37,39,130,130,130,845,0,8,12.482713609539488,4.652700001315679,129.0953999996418,7730.323076923077
1782211706,3,,Aggregated,0.900000,0.000000,8,12,15,21,25,29,37,39,130,130,130,846,0,8,12.476570567449459,4.652700001315679,129.0953999996418,7727.198581560284
1782211707,3,,Aggregated,0.900000,0.000000,8,12,15,22,25,29,37,39,130,130,130,847,0,8,12.489368122859373,4.652700001315679,129.0953999996418,7730.471074380165
1782211708,3,,Aggregated,0.600000,0.000000,8,12,15,22,25,29,37,39,130,130,130,849,0,8,12.475402944716688,4.652700001315679,129.0953999996418,7724.243816254417
1782211709,3,,Aggregated,0.600000,0.000000,8,12,15,22,25,29,37,39,130,130,130,849,0,8,12.475402944716688,4.652700001315679,129.0953999996418,7724.243816254417
1782211710,3,,Aggregated,0.600000,0.000000,8,12,15,22,25,29,37,39,130,130,130,849,0,8,12.475402944716688,4.652700001315679,129.0953999996418,7724.243816254417
1782211711,3,,Aggregated,0.800000,0.000000,8,12,15,21,25,29,36,39,130,130,130,851,0,8,12.461415393730018,4.652700001315679,129.0953999996418,7719.874265569918
1782211712,3,,Aggregated,0.800000,0.000000,8,12,15,21,25,29,36,39,130,130,130,851,0,8,12.461415393730018,4.652700001315679,129.0953999996418,7719.874265569918
1782211713,3,,Aggregated,0.700000,0.000000,8,12,15,22,25,29,36,39,130,130,130,852,0,8,12.48935492965526,4.652700001315679,129.0953999996418,7723.136150234742
1782211714,3,,Aggregated,0.700000,0.000000,8,12,15,22,25,29,36,39,130,130,130,852,0,8,12.48935492965526,4.652700001315679,129.0953999996418,7723.136150234742
1782211715,3,,Aggregated,0.900000,0.000000,8,12,15,22,25,29,36,39,130,130,130,854,0,8,12.480495433331845,4.652700001315679,129.0953999996418,7723.299765807962
1782211716,3,,Aggregated,0.900000,0.000000,8,12,15,22,25,29,36,39,130,130,130,855,0,8,12.4811254971564,4.652700001315679,129.0953999996418,7726.54619883041
1782211717,3,,Aggregated,0.700000,0.000000,8,12,15,21,25,29,36,39,130,130,130,856,0,8,12.473939252418502,4.652700001315679,129.0953999996418,7724.371495327103
1782211718,3,,Aggregated,0.700000,0.000000,8,12,15,21,25,29,36,39,130,130,130,856,0,8,12.473939252418502,4.652700001315679,129.0953999996418,7724.371495327103
1782211719,3,,Aggregated,0.700000,0.000000,8,12,15,21,25,29,36,39,130,130,130,856,0,8,12.473939252418502,4.652700001315679,129.0953999996418,7724.371495327103
1782211720,3,,Aggregated,0.800000,0.000000,8,12,15,22,25,29,36,39,130,130,130,859,0,8,12.49527636795015,4.652700001315679,129.0953999996418,7734.061699650757
1782211721,3,,Aggregated,0.800000,0.000000,8,12,15,22,25,29,36,39,130,130,130,859,0,8,12.49527636795015,4.652700001315679,129.0953999996418,7734.061699650757
1782211722,3,,Aggregated,1.000000,0.000000,8,12,15,22,25,29,36,39,130,130,130,860,0,8,12.488102441941095,4.652700001315679,129.0953999996418,7731.8883720930235
1782211723,3,,Aggregated,0.800000,0.000000,8,12,15,22,25,29,36,39,130,130,130,862,0,8,12.494401972235252,4.652700001315679,129.0953999996418,7732.932714617169
1782211724,3,,Aggregated,0.800000,0.000000,8,12,15,22,25,29,36,39,130,130,130,862,0,8,12.494401972235252,4.652700001315679,129.0953999996418,7732.932714617169
1782211725,3,,Aggregated,0.800000,0.000000,8,12,15,22,25,29,36,39,130,130,130,862,0,8,12.494401972235252,4.652700001315679,129.0953999996418,7732.932714617169
1782211726,3,,Aggregated,0.800000,0.000000,8,12,15,22,25,29,36,39,130,130,130,862,0,8,12.494401972235252,4.652700001315679,129.0953999996418,7732.932714617169
1782211727,3,,Aggregated,1.000000,0.000000,8,12,15,22,25,29,36,39,130,130,130,864,0,8,12.503717245450659,4.652700001315679,129.0953999996418,7733.972222222223
1782211728,3,,Aggregated,0.700000,0.000000,8,12,15,22,25,29,36,39,130,130,130,865,0,8,12.497008208169788,4.652700001315679,129.0953999996418,7730.912138728324
1782211729,3,,Aggregated,0.700000,0.000000,8,12,15,22,25,29,36,39,130,130,130,865,0,8,12.497008208169788,4.652700001315679,129.0953999996418,7730.912138728324
1782211730,3,,Aggregated,0.700000,0.000000,8,12,15,22,25,29,36,39,130,130,130,865,0,8,12.497008208169788,4.652700001315679,129.0953999996418,7730.912138728324
1782211731,3,,Aggregated,0.900000,0.000000,8,12,15,22,25,29,36,39,130,130,130,867,0,8,12.51315005774373,4.652700001315679,129.0953999996418,7737.2975778546715
1782211732,3,,Aggregated,0.900000,0.000000,8,12,15,22,25,29,36,39,130,130,130,867,0,8,12.51315005774373,4.652700001315679,129.0953999996418,7737.2975778546715
1782211733,3,,Aggregated,0.600000,0.000000,8,12,15,22,25,29,36,39,130,130,130,868,0,8,12.505338940164423,4.652700001315679,129.0953999996418,7735.140552995392
1782211734,3,,Aggregated,0.600000,0.000000,8,12,15,22,25,29,36,39,130,130,130,868,0,8,12.505338940164423,4.652700001315679,129.0953999996418,7735.140552995392
1782211735,3,,Aggregated,0.600000,0.000000,8,12,15,22,25,29,36,39,130,130,130,868,0,8,12.505338940164423,4.652700001315679,129.0953999996418,7735.140552995392
1782211736,3,,Aggregated,0.600000,0.000000,8,12,15,22,25,29,36,39,130,130,130,871,0,8,12.514712973667553,4.652700001315679,129.0953999996418,7738.446613088404
1782211737,3,,Aggregated,0.600000,0.000000,8,12,15,22,25,29,36,39,130,130,130,871,0,8,12.514712973667553,4.652700001315679,129.0953999996418,7738.446613088404
1782211738,3,,Aggregated,0.600000,0.000000,8,12,15,22,25,29,36,39,130,130,130,871,0,8,12.514712973667553,4.652700001315679,129.0953999996418,7738.446613088404
1782211739,3,,Aggregated,0.900000,0.000000,8,12,15,22,25,29,36,39,130,130,130,873,0,8,12.518518671321985,4.652700001315679,129.0953999996418,7738.571592210767
1782211740,3,,Aggregated,0.900000,0.000000,8,12,15,22,25,29,36,39,130,130,130,873,0,8,12.518518671321985,4.652700001315679,129.0953999996418,7738.571592210767
1782211741,3,,Aggregated,0.600000,0.000000,8,12,15,22,25,29,36,39,130,130,130,874,0,8,12.511428833026526,4.652700001315679,129.0953999996418,7735.537757437071
1782211742,3,,Aggregated,0.600000,0.000000,8,12,15,22,25,29,36,39,130,130,130,875,0,8,12.52824662864441,4.652700001315679,129.0953999996418,7738.696
1782211743,3,,Aggregated,0.800000,0.000000,8,12,15,22,25,29,36,39,130,130,130,876,0,8,12.527189954410348,4.652700001315679,129.0953999996418,7741.847031963471
1782211744,3,,Aggregated,0.800000,0.000000,8,12,15,22,25,29,36,39,130,130,130,876,0,8,12.527189954410348,4.652700001315679,129.0953999996418,7741.847031963471
1782211745,3,,Aggregated,0.700000,0.000000,8,12,15,22,25,29,36,39,130,130,130,877,0,8,12.537695211017386,4.652700001315679,129.0953999996418,7744.990877993158
1782211746,3,,Aggregated,0.800000,0.000000,8,12,15,22,25,29,36,39,130,130,130,879,0,8,12.536014334540672,4.652700001315679,129.0953999996418,7751.257110352673
1782211747,3,,Aggregated,0.800000,0.000000,8,12,15,22,25,29,36,39,130,130,130,879,0,8,12.536014334540672,4.652700001315679,129.0953999996418,7751.257110352673
1782211748,3,,Aggregated,0.800000,0.000000,8,12,15,22,25,29,36,39,130,130,130,879,0,8,12.536014334540672,4.652700001315679,129.0953999996418,7751.257110352673
1782211749,3,,Aggregated,0.700000,0.000000,8,12,15,22,25,29,36,39,130,130,130,880,0,8,12.5361369318894,4.652700001315679,129.0953999996418,7754.379545454545
1782211750,3,,Aggregated,0.800000,0.000000,8,12,15,22,25,29,36,39,130,130,130,881,0,8,12.529463337191544,4.652700001315679,129.0953999996418,7752.234960272418
1782211751,3,,Aggregated,0.900000,0.000000,8,12,15,22,25,29,36,39,130,130,130,882,0,8,12.54075566901029,4.652700001315679,129.0953999996418,7755.349206349207
1782211752,3,,Aggregated,0.700000,0.000000,8,12,15,22,25,29,36,39,130,130,130,883,0,8,12.541826274142318,4.652700001315679,129.0953999996418,7758.456398640997
1782211753,3,,Aggregated,0.700000,0.000000,8,12,15,22,25,29,36,39,130,130,130,883,0,8,12.541826274142318,4.652700001315679,129.0953999996418,7758.456398640997
1782211754,3,,Aggregated,0.700000,0.000000,8,12,15,22,25,29,36,39,130,130,130,885,0,8,12.532858870131632,4.652700001315679,129.0953999996418,7759.4135593220335
1782211755,3,,Aggregated,0.700000,0.000000,8,12,15,22,25,29,36,39,130,130,130,886,0,8,12.530960609558944,4.652700001315679,129.0953999996418,7762.505643340858
1782211756,3,,Aggregated,0.700000,0.000000,8,12,15,22,25,29,36,39,130,130,130,886,0,8,12.530960609558944,4.652700001315679,129.0953999996418,7762.505643340858
1782211757,3,,Aggregated,1.000000,0.000000,8,12,15,22,25,29,36,39,130,130,130,887,0,8,12.523133370988837,4.652700001315679,129.0953999996418,7760.366403607666
1782211758,3,,Aggregated,1.000000,0.000000,8,12,15,22,25,29,36,39,130,130,130,887,0,8,12.523133370988837,4.652700001315679,129.0953999996418,7760.366403607666
1782211759,3,,Aggregated,0.700000,0.000000,8,12,15,22,25,29,36,39,130,130,130,889,0,8,12.557358492763235,4.652700001315679,129.0953999996418,7766.527559055118
1782211760,3,,Aggregated,0.700000,0.000000,8,12,15,22,25,29,36,39,130,130,130,889,0,8,12.557358492763235,4.652700001315679,129.0953999996418,7766.527559055118
1782211761,3,,Aggregated,0.800000,0.000000,8,12,15,22,25,29,36,39,130,130,130,892,0,8,12.555401121152185,4.652700001315679,129.0953999996418,7775.717488789238
1782211762,3,,Aggregated,0.800000,0.000000,8,12,15,22,25,29,36,39,130,130,130,892,0,8,12.555401121152185,4.652700001315679,129.0953999996418,7775.717488789238
1782211763,3,,Aggregated,0.900000,0.000000,8,12,15,22,25,29,36,39,130,130,130,893,0,8,12.568685218438691,4.652700001315679,129.0953999996418,7778.767077267637
1782211764,3,,Aggregated,1.000000,0.000000,8,12,15,22,25,29,36,39,130,130,130,894,0,8,12.593688590677873,4.652700001315679,129.0953999996418,7781.809843400448
1782211765,3,,Aggregated,1.000000,0.000000,8,12,15,22,25,29,36,39,130,130,130,895,0,8,12.592895754264061,4.652700001315679,129.0953999996418,7784.8458100558655
1782211766,3,,Aggregated,1.000000,0.000000,8,12,15,22,25,29,36,39,130,130,130,896,0,8,12.585597767927734,4.652700001315679,129.0953999996418,7782.703125
1782211767,3,,Aggregated,0.900000,0.000000,8,12,15,22,25,29,36,39,130,130,130,897,0,8,12.579168896392959,4.652700001315679,129.0953999996418,7779.697881828317
1782211768,3,,Aggregated,0.900000,0.000000,8,12,15,22,25,29,36,39,130,130,130,897,0,8,12.579168896392959,4.652700001315679,129.0953999996418,7779.697881828317
1782211769,3,,Aggregated,1.000000,0.000000,8,12,15,22,25,29,36,39,130,130,130,898,0,8,12.591400000072014,4.652700001315679,129.0953999996418,7782.726057906459
1782211770,3,,Aggregated,1.000000,0.000000,8,12,15,22,25,29,36,39,130,130,130,900,0,8,12.58961122229165,4.652700001315679,129.0953999996418,7783.613333333334
1782211771,3,,Aggregated,1.000000,0.000000,8,12,15,22,25,29,36,39,130,130,130,900,0,8,12.58961122229165,4.652700001315679,129.0953999996418,7783.613333333334
1782211772,3,,Aggregated,1.000000,0.000000,8,12,15,22,25,29,36,39,130,130,130,900,0,8,12.58961122229165,4.652700001315679,129.0953999996418,7783.613333333334
1782211773,3,,Aggregated,1.000000,0.000000,8,12,15,22,25,29,36,38,130,130,130,902,0,8,12.57841164086921,4.652700001315679,129.0953999996418,7779.359201773836
1782211774,3,,Aggregated,1.000000,0.000000,8,12,15,22,25,29,36,38,130,130,130,902,0,8,12.57841164086921,4.652700001315679,129.0953999996418,7779.359201773836
1782211775,3,,Aggregated,0.900000,0.000000,8,12,15,22,25,29,36,38,130,130,130,904,0,8,12.593217588563618,4.652700001315679,129.0953999996418,7785.376106194691
1782211777,3,,Aggregated,0.900000,0.000000,8,12,15,22,25,29,36,38,130,130,130,905,0,8,12.586836795650939,4.652700001315679,129.0953999996418,7782.394475138121
1782211778,3,,Aggregated,0.700000,0.000000,8,12,15,22,25,29,36,38,130,130,130,906,0,8,12.580806843339076,4.652700001315679,129.0953999996418,7779.419426048565
1782211779,3,,Aggregated,0.700000,0.000000,8,12,15,22,25,29,36,38,130,130,130,906,0,8,12.580806843339076,4.652700001315679,129.0953999996418,7779.419426048565
1782211780,3,,Aggregated,0.900000,0.000000,8,12,15,22,25,29,36,38,130,130,130,909,0,8,12.560637513827418,4.652700001315679,129.0953999996418,7772.245324532453
1782211781,3,,Aggregated,0.900000,0.000000,8,12,15,22,25,29,36,38,130,130,130,909,0,8,12.560637513827418,4.652700001315679,129.0953999996418,7772.245324532453
1782211782,3,,Aggregated,0.900000,0.000000,8,12,15,22,25,29,36,38,130,130,130,909,0,8,12.560637513827418,4.652700001315679,129.0953999996418,7772.245324532453
1782211783,3,,Aggregated,0.900000,0.000000,8,12,15,22,25,29,36,38,130,130,130,909,0,8,12.560637513827418,4.652700001315679,129.0953999996418,7772.245324532453
1782211784,3,,Aggregated,0.900000,0.000000,8,12,15,22,25,29,36,38,130,130,130,912,0,8,12.560259868498752,4.652700001315679,129.0953999996418,7770.199561403509
1782211785,3,,Aggregated,0.900000,0.000000,8,12,15,22,25,29,36,38,130,130,130,912,0,8,12.560259868498752,4.652700001315679,129.0953999996418,7770.199561403509
1782211786,3,,Aggregated,0.800000,0.000000,8,12,15,22,25,29,36,38,130,130,130,914,0,8,12.554184463972826,4.652700001315679,129.0953999996418,7770.249452954048
1782211787,3,,Aggregated,0.800000,0.000000,8,12,15,22,25,29,36,38,130,130,130,914,0,8,12.554184463972826,4.652700001315679,129.0953999996418,7770.249452954048
1782211788,3,,Aggregated,0.800000,0.000000,8,12,15,22,25,29,36,38,130,130,130,914,0,8,12.554184463972826,4.652700001315679,129.0953999996418,7770.249452954048
1782211789,3,,Aggregated,1.000000,0.000000,8,12,15,22,25,29,36,38,130,130,130,916,0,8,12.540416484796673,4.652700001315679,129.0953999996418,7766.089519650655
1782211790,3,,Aggregated,0.800000,0.000000,8,12,15,22,25,29,36,38,130,130,130,917,0,8,12.552138931378394,4.652700001315679,129.0953999996418,7769.0697928026175
1782211791,3,,Aggregated,0.800000,0.000000,8,12,15,22,25,29,36,38,130,130,130,918,0,8,12.546348583961006,4.652700001315679,129.0953999996418,7766.995642701525
1782211792,3,,Aggregated,1.000000,0.000000,8,12,15,22,25,29,36,38,130,130,130,919,0,8,12.539240152422463,4.652700001315679,129.0953999996418,7764.926006528835
1782211793,3,,Aggregated,1.000000,0.000000,8,12,15,22,25,29,36,38,130,130,130,919,0,8,12.539240152422463,4.652700001315679,129.0953999996418,7764.926006528835
1782211794,3,,Aggregated,1.000000,0.000000,8,12,15,22,25,29,36,38,130,130,130,920,0,8,12.556983260955072,4.652700001315679,129.0953999996418,7767.897826086956
1782211795,3,,Aggregated,1.000000,0.000000,8,12,15,22,25,29,36,38,130,130,130,921,0,8,12.549779913221501,4.652700001315679,129.0953999996418,7764.986970684039
1782211796,3,,Aggregated,1.000000,0.000000,8,12,15,22,25,29,36,38,130,130,130,922,0,8,12.543927115049701,4.652700001315679,129.0953999996418,7762.082429501084
1782211797,3,,Aggregated,0.700000,0.000000,8,12,15,22,25,29,36,38,130,130,130,923,0,8,12.557668364111434,4.652700001315679,129.0953999996418,7765.04767063922
1782211798,3,,Aggregated,0.800000,0.000000,8,12,15,22,25,29,36,38,130,130,130,924,0,8,12.55739047626941,4.652700001315679,129.0953999996418,7768.006493506494
1782211799,3,,Aggregated,0.900000,0.000000,8,12,15,22,25,29,36,38,130,130,130,926,0,8,12.543558423400084,4.652700001315679,129.0953999996418,7763.896328293737
1782211800,3,,Aggregated,0.900000,0.000000,8,12,15,22,25,29,36,38,130,130,130,926,0,8,12.543558423400084,4.652700001315679,129.0953999996418,7763.896328293737
1782211801,3,,Aggregated,0.900000,0.000000,8,12,15,22,25,29,36,38,130,130,130,926,0,8,12.543558423400084,4.652700001315679,129.0953999996418,7763.896328293737
1782211802,3,,Aggregated,0.900000,0.000000,8,12,15,22,25,29,36,38,130,130,130,926,0,8,12.543558423400084,4.652700001315679,129.0953999996418,7763.896328293737
1782211803,3,,Aggregated,1.000000,0.000000,8,12,15,22,25,29,36,38,130,130,130,928,0,8,12.553855495760782,4.652700001315679,129.0953999996418,7769.790948275862
1782211804,3,,Aggregated,0.800000,0.000000,8,12,15,22,25,29,36,38,130,130,130,929,0,8,12.546699031289535,4.652700001315679,129.0953999996418,7766.903121636168
1782211805,3,,Aggregated,0.900000,0.000000,8,12,15,22,25,29,36,38,130,130,130,930,0,8,12.546895699000821,4.652700001315679,129.0953999996418,7769.840860215054
1782211806,3,,Aggregated,0.900000,0.000000,8,12,15,22,25,29,36,38,130,130,130,930,0,8,12.546895699000821,4.652700001315679,129.0953999996418,7769.840860215054
1782211807,3,,Aggregated,1.000000,0.000000,8,12,15,22,25,29,36,38,130,130,130,932,0,8,12.539473712520063,4.652700001315679,129.0953999996418,7770.725321888412
1782211808,3,,Aggregated,1.000000,0.000000,8,12,15,22,25,29,36,38,130,130,130,932,0,8,12.539473712520063,4.652700001315679,129.0953999996418,7770.725321888412
1782211809,3,,Aggregated,0.900000,0.000000,8,12,15,22,25,29,36,38,130,130,130,933,0,8,12.5498569132544,4.652700001315679,129.0953999996418,7773.6495176848875
1782211810,3,,Aggregated,0.900000,0.000000,8,12,15,22,25,29,36,38,130,130,130,935,0,8,12.550851123064774,4.652700001315679,129.0953999996418,7779.479144385026
1782211811,3,,Aggregated,0.900000,0.000000,8,12,15,22,25,29,36,38,130,130,130,935,0,8,12.550851123064774,4.652700001315679,129.0953999996418,7779.479144385026
1782211812,3,,Aggregated,0.700000,0.000000,8,12,15,22,25,29,36,38,130,130,130,936,0,8,12.544301175282278,4.652700001315679,129.0953999996418,7777.433760683761
1782211813,3,,Aggregated,0.700000,0.000000,8,12,15,22,25,29,36,38,130,130,130,936,0,8,12.544301175282278,4.652700001315679,129.0953999996418,7777.433760683761
1782211814,3,,Aggregated,1.000000,0.000000,8,12,15,22,25,29,36,38,130,130,130,938,0,8,12.550421215425088,4.652700001315679,129.0953999996418,7778.296375266525
1782211815,3,,Aggregated,1.000000,0.000000,8,12,15,22,25,29,36,38,130,130,130,938,0,8,12.550421215425088,4.652700001315679,129.0953999996418,7778.296375266525
1782211816,3,,Aggregated,1.000000,0.000000,8,12,15,22,25,29,36,38,130,130,130,938,0,8,12.550421215425088,4.652700001315679,129.0953999996418,7778.296375266525
1782211817,3,,Aggregated,0.800000,0.000000,8,12,15,22,25,29,36,38,130,130,130,939,0,8,12.543997870149383,4.652700001315679,129.0953999996418,7775.430244941427
1782211818,3,,Aggregated,0.800000,0.000000,8,12,15,22,25,29,36,38,130,130,130,940,0,8,12.538375957522844,4.652700001315679,129.0953999996418,7773.397872340425
1782211819,3,,Aggregated,0.800000,0.000000,8,12,15,22,25,29,36,38,130,130,130,941,0,8,12.534400850236473,4.652700001315679,129.0953999996418,7771.3698193411265
1782211820,3,,Aggregated,0.800000,0.000000,8,12,15,22,25,29,36,38,130,130,130,941,0,8,12.534400850236473,4.652700001315679,129.0953999996418,7771.3698193411265
1782211821,3,,Aggregated,0.700000,0.000000,8,12,15,22,25,29,36,38,130,130,130,942,0,8,12.528104034047379,4.652700001315679,129.0953999996418,7768.52016985138
1782211822,3,,Aggregated,0.700000,0.000000,8,12,15,22,25,29,36,38,130,130,130,944,0,8,12.517486546685332,4.652700001315679,129.0953999996418,7763.66313559322
1782211823,3,,Aggregated,0.700000,0.000000,8,12,15,22,25,29,36,38,130,130,130,944,0,8,12.517486546685332,4.652700001315679,129.0953999996418,7763.66313559322
1782211824,3,,Aggregated,0.600000,0.000000,8,12,15,22,25,29,36,38,130,130,130,945,0,8,12.527168254045709,4.652700001315679,129.0953999996418,7766.557671957672
1782211825,3,,Aggregated,0.600000,0.000000,8,12,15,22,25,29,36,38,130,130,130,946,0,8,12.521169556100656,4.652700001315679,129.0953999996418,7763.725158562368
1782211826,3,,Aggregated,0.700000,0.000000,8,12,15,22,25,29,36,38,130,130,130,947,0,8,12.51394530102611,4.652700001315679,129.0953999996418,7761.720168954594
1782211827,3,,Aggregated,0.800000,0.000000,8,12,15,22,25,29,36,38,130,130,130,949,0,8,12.513736248756619,4.652700001315679,129.0953999996418,7767.488935721813
1782211828,3,,Aggregated,0.800000,0.000000,8,12,15,22,25,29,36,38,130,130,130,949,0,8,12.513736248756619,4.652700001315679,129.0953999996418,7767.488935721813
1782211829,3,,Aggregated,0.800000,0.000000,8,12,15,22,25,29,36,38,130,130,130,949,0,8,12.513736248756619,4.652700001315679,129.0953999996418,7767.488935721813
1782211830,3,,Aggregated,0.800000,0.000000,8,12,15,22,25,29,36,38,130,130,130,950,0,8,12.524188210598751,4.652700001315679,129.0953999996418,7770.364210526316
1782211831,3,,Aggregated,0.800000,0.000000,8,12,15,22,25,29,36,38,130,130,130,951,0,8,12.52302660365004,4.652700001315679,129.0953999996418,7773.233438485804
1782211832,3,,Aggregated,0.900000,0.000000,8,12,15,22,25,29,36,38,130,130,130,952,0,8,12.51886512612627,4.652700001315679,129.0953999996418,7770.411764705882
1782211833,3,,Aggregated,0.900000,0.000000,8,12,15,22,25,29,36,38,130,130,130,952,0,8,12.51886512612627,4.652700001315679,129.0953999996418,7770.411764705882
1782211834,3,,Aggregated,0.900000,0.000000,8,12,15,22,25,29,36,38,130,130,130,953,0,8,12.51223840511052,4.652700001315679,129.0953999996418,7768.412381951732
1782211835,3,,Aggregated,0.900000,0.000000,8,12,15,22,25,29,36,38,130,130,130,953,0,8,12.51223840511052,4.652700001315679,129.0953999996418,7768.412381951732
1782211836,3,,Aggregated,0.800000,0.000000,8,12,15,22,25,29,36,38,130,130,130,955,0,8,12.52589842939386,4.652700001315679,129.0953999996418,7774.130890052356
1782211837,3,,Aggregated,0.800000,0.000000,8,12,15,22,25,29,36,38,130,130,130,955,0,8,12.52589842939386,4.652700001315679,129.0953999996418,7774.130890052356
1782211838,3,,Aggregated,0.900000,0.000000,8,12,15,22,25,29,36,38,130,130,130,956,0,8,12.519496129784004,4.652700001315679,129.0953999996418,7771.320083682009
1782211839,3,,Aggregated,0.900000,0.000000,8,12,15,22,25,29,36,38,130,130,130,958,0,8,12.517948956238058,4.652700001315679,129.0953999996418,7777.014613778706
1782211840,3,,Aggregated,0.900000,0.000000,8,12,15,22,25,29,36,38,130,130,130,958,0,8,12.517948956238058,4.652700001315679,129.0953999996418,7777.014613778706
1782211841,3,,Aggregated,0.900000,0.000000,8,12,15,22,25,29,36,38,130,130,130,958,0,8,12.517948956238058,4.652700001315679,129.0953999996418,7777.014613778706
1782211842,3,,Aggregated,0.900000,0.000000,8,12,15,22,25,29,36,38,130,130,130,958,0,8,12.517948956238058,4.652700001315679,129.0953999996418,7777.014613778706
1782211843,3,,Aggregated,0.800000,0.000000,8,12,15,22,25,28,36,38,130,130,130,961,0,8,12.513647866884474,4.652700001315679,129.0953999996418,7775.867845993756
1782211844,3,,Aggregated,0.800000,0.000000,8,12,15,22,25,28,36,38,130,130,130,961,0,8,12.513647866884474,4.652700001315679,129.0953999996418,7775.867845993756
1782211845,3,,Aggregated,0.800000,0.000000,8,12,15,22,25,28,36,38,130,130,130,961,0,8,12.513647866884474,4.652700001315679,129.0953999996418,7775.867845993756
1782211846,3,,Aggregated,0.900000,0.000000,8,12,15,22,25,28,36,38,130,130,130,963,0,8,12.529425960622888,4.652700001315679,129.0953999996418,7781.523364485981
1782211847,3,,Aggregated,0.800000,0.000000,8,12,15,22,25,28,36,38,130,130,130,964,0,8,12.524242116266588,4.652700001315679,129.0953999996418,7778.7282157676345
1782211848,3,,Aggregated,0.800000,0.000000,8,12,15,22,25,28,36,38,130,130,130,964,0,8,12.524242116266588,4.652700001315679,129.0953999996418,7778.7282157676345
1782211849,3,,Aggregated,0.800000,0.000000,8,12,15,22,25,28,36,38,130,130,130,964,0,8,12.524242116266588,4.652700001315679,129.0953999996418,7778.7282157676345
1782211850,3,,Aggregated,0.800000,0.000000,8,12,15,22,25,28,36,38,130,130,130,966,0,8,12.536402484555262,4.652700001315679,129.0953999996418,7784.360248447205
1782211851,3,,Aggregated,0.900000,0.000000,8,12,15,22,25,28,36,38,130,130,130,967,0,8,12.530369700187014,4.652700001315679,129.0953999996418,7781.570837642193
1782211852,3,,Aggregated,0.900000,0.000000,8,12,15,22,25,28,36,38,130,130,130,967,0,8,12.530369700187014,4.652700001315679,129.0953999996418,7781.570837642193
1782211853,3,,Aggregated,0.900000,0.000000,8,12,15,22,25,28,36,38,130,130,130,969,0,8,12.523066873145243,4.652700001315679,129.0953999996418,7781.594427244582
1782211854,3,,Aggregated,0.900000,0.000000,8,12,15,22,25,29,36,38,130,130,130,970,0,8,12.545746391832338,4.652700001315679,129.0953999996418,7784.39587628866
1782211855,3,,Aggregated,0.900000,0.000000,8,12,15,22,25,29,36,38,130,130,130,970,0,8,12.545746391832338,4.652700001315679,129.0953999996418,7784.39587628866
1782211856,3,,Aggregated,0.800000,0.000000,8,12,15,22,25,29,36,38,130,130,130,972,0,8,12.537787551520053,4.652700001315679,129.0953999996418,7785.213991769548
1782211857,3,,Aggregated,0.800000,0.000000,8,12,15,22,25,29,36,38,130,130,130,972,0,8,12.537787551520053,4.652700001315679,129.0953999996418,7785.213991769548
1782211858,3,,Aggregated,1.000000,0.000000,8,12,15,22,25,29,36,38,130,130,130,974,0,8,12.536475667434901,4.652700001315679,129.0953999996418,7790.786447638604
1782211859,3,,Aggregated,0.900000,0.000000,8,12,15,22,25,29,36,38,130,130,130,975,0,8,12.531146461622438,4.652700001315679,129.0953999996418,7788.013333333333
1782211860,3,,Aggregated,0.900000,0.000000,8,12,15,22,25,29,36,38,130,130,130,975,0,8,12.531146461622438,4.652700001315679,129.0953999996418,7788.013333333333
1782211861,3,,Aggregated,0.900000,0.000000,8,12,15,22,25,29,36,38,130,130,130,975,0,8,12.531146461622438,4.652700001315679,129.0953999996418,7788.013333333333
1782211862,3,,Aggregated,1.000000,0.000000,8,12,15,22,25,29,36,38,130,130,130,977,0,8,12.537285465797133,4.652700001315679,129.0953999996418,7788.023541453429
1782211863,3,,Aggregated,0.800000,0.000000,8,12,15,22,25,29,36,38,130,130,130,978,0,8,12.5577496933398,4.652700001315679,129.0953999996418,7790.795501022495
1782211864,3,,Aggregated,0.800000,0.000000,8,12,15,22,25,29,36,38,130,130,130,978,0,8,12.5577496933398,4.652700001315679,129.0953999996418,7790.795501022495
1782211865,3,,Aggregated,1.000000,0.000000,8,12,15,22,25,29,36,38,130,130,130,979,0,8,12.557831052185069,4.652700001315679,129.0953999996418,7793.561797752809
1782211866,3,,Aggregated,0.900000,0.000000,8,12,15,22,25,29,36,38,130,130,130,980,0,8,12.57016561233527,4.652700001315679,129.0953999996418,7796.322448979592
1782211867,3,,Aggregated,0.800000,0.000000,8,12,15,22,25,29,36,38,130,130,130,981,0,8,12.56380621823649,4.652700001315679,129.0953999996418,7794.3537206931705
1782211868,3,,Aggregated,0.800000,0.000000,8,12,15,22,25,29,36,38,130,130,130,981,0,8,12.56380621823649,4.652700001315679,129.0953999996418,7794.3537206931705
1782211869,3,,Aggregated,0.800000,0.000000,8,12,15,22,25,29,36,38,130,130,130,984,0,8,12.5726240854545,4.652700001315679,129.0953999996418,7802.599593495935
1782211870,3,,Aggregated,0.800000,0.000000,8,12,15,22,25,29,36,38,130,130,130,984,0,8,12.5726240854545,4.652700001315679,129.0953999996418,7802.599593495935
1782211871,3,,Aggregated,0.800000,0.000000,8,12,15,22,25,29,36,38,130,130,130,984,0,8,12.5726240854545,4.652700001315679,129.0953999996418,7802.599593495935
1782211872,3,,Aggregated,0.900000,0.000000,8,12,15,22,25,29,36,38,130,130,130,985,0,8,12.581728426481776,4.652700001315679,129.0953999996418,7805.337055837564
1782211873,3,,Aggregated,0.900000,0.000000,8,12,15,22,25,29,36,38,130,130,130,986,0,8,12.575629513268897,4.652700001315679,129.0953999996418,7803.369168356998
1782211874,3,,Aggregated,0.700000,0.000000,8,12,15,22,25,29,36,38,130,130,130,987,0,8,12.568719452973145,4.652700001315679,129.0953999996418,7800.617021276596
1782211875,3,,Aggregated,0.700000,0.000000,8,12,15,22,25,29,36,38,130,130,130,987,0,8,12.568719452973145,4.652700001315679,129.0953999996418,7800.617021276596
1782211876,3,,Aggregated,0.800000,0.000000,8,12,15,22,25,29,36,38,130,130,130,989,0,8,12.57637603648379,4.652700001315679,129.0953999996418,7806.073811931244
1782211877,3,,Aggregated,0.900000,0.000000,8,12,15,22,25,29,36,38,130,130,130,990,0,8,12.569767272810104,4.652700001315679,129.0953999996418,7803.327272727272
1782211878,3,,Aggregated,0.900000,0.000000,8,12,15,22,25,29,36,38,130,130,130,990,0,8,12.569767272810104,4.652700001315679,129.0953999996418,7803.327272727272
1782211879,3,,Aggregated,0.900000,0.000000,8,12,15,22,25,29,36,38,130,130,130,990,0,8,12.569767272810104,4.652700001315679,129.0953999996418,7803.327272727272
1782211880,3,,Aggregated,0.900000,0.000000,8,12,15,22,25,29,36,38,130,130,130,992,0,8,12.56319516136823,4.652700001315679,129.0953999996418,7804.090725806452
1782211881,3,,Aggregated,0.800000,0.000000,8,12,15,22,25,29,36,38,130,130,130,993,0,8,12.562706545898317,4.652700001315679,129.0953999996418,7806.804632426989
1782211882,3,,Aggregated,0.600000,0.000000,8,12,15,22,25,29,36,38,130,130,130,994,0,8,12.571988028248525,4.652700001315679,129.0953999996418,7809.513078470825
1782211883,3,,Aggregated,0.800000,0.000000,8,12,15,22,25,29,36,38,130,130,130,996,0,8,12.567943674776508,4.652700001315679,129.0953999996418,7810.2610441767065
1782211884,3,,Aggregated,0.800000,0.000000,8,12,15,22,25,29,36,38,130,130,130,996,0,8,12.567943674776508,4.652700001315679,129.0953999996418,7810.2610441767065
1782211885,3,,Aggregated,0.800000,0.000000,8,12,15,22,25,29,36,38,130,130,130,996,0,8,12.567943674776508,4.652700001315679,129.0953999996418,7810.2610441767065
1782211886,3,,Aggregated,1.000000,0.000000,8,12,15,22,25,29,36,38,130,130,130,998,0,8,12.568958216510662,4.652700001315679,129.0953999996418,7815.6492985971945
1782211887,3,,Aggregated,0.900000,0.000000,8,12,15,22,25,29,36,38,130,130,130,999,0,8,12.578501401479047,4.652700001315679,129.0953999996418,7818.335335335335
1782211888,3,,Aggregated,0.800000,0.000000,8,12,15,22,25,29,36,38,130,130,130,1000,0,8,12.572382400077913,4.652700001315679,129.0953999996418,7816.382
1782211889,3,,Aggregated,0.800000,0.000000,8,12,15,22,25,29,36,38,130,130,130,1000,0,8,12.572382400077913,4.652700001315679,129.0953999996418,7816.382
1782211890,3,,Aggregated,0.900000,0.000000,8,12,15,22,25,28,36,38,46,130,130,1002,0,8,12.56743592821948,4.652700001315679,129.0953999996418,7817.1117764471055
1782211891,3,,Aggregated,0.900000,0.000000,8,12,15,22,25,28,36,38,46,130,130,1002,0,8,12.56743592821948,4.652700001315679,129.0953999996418,7817.1117764471055
1782211892,3,,Aggregated,1.000000,0.000000,8,12,15,22,25,28,36,38,46,130,130,1003,0,8,12.560620638160596,4.652700001315679,129.0953999996418,7815.165503489531
1782211893,3,,Aggregated,1.000000,0.000000,8,12,15,22,25,28,36,38,46,130,130,1004,0,8,12.569793824775523,4.652700001315679,129.0953999996418,7817.838645418326
1782211895,3,,Aggregated,0.900000,0.000000,8,12,15,22,25,28,36,38,46,130,130,1005,0,8,12.56315184086929,4.652700001315679,129.0953999996418,7815.895522388059
1782211896,3,,Aggregated,0.800000,0.000000,8,12,15,22,25,28,36,38,46,130,130,1006,0,8,12.564216302259084,4.652700001315679,129.0953999996418,7818.562624254473
1782211897,3,,Aggregated,0.800000,0.000000,8,12,15,22,25,28,36,38,46,130,130,1006,0,8,12.564216302259084,4.652700001315679,129.0953999996418,7818.562624254473
1782211898,3,,Aggregated,0.900000,0.000000,8,12,15,22,25,29,36,38,46,130,130,1009,0,8,12.578620812756437,4.652700001315679,129.0953999996418,7821.939544103072
1782211899,3,,Aggregated,0.900000,0.000000,8,12,15,22,25,29,36,38,46,130,130,1009,0,8,12.578620812756437,4.652700001315679,129.0953999996418,7821.939544103072
1782211900,3,,Aggregated,0.900000,0.000000,8,12,15,22,25,29,36,38,46,130,130,1009,0,8,12.578620812756437,4.652700001315679,129.0953999996418,7821.939544103072
1782211901,3,,Aggregated,0.900000,0.000000,8,12,15,22,25,29,36,38,46,130,130,1009,0,8,12.578620812756437,4.652700001315679,129.0953999996418,7821.939544103072
1782211902,3,,Aggregated,0.900000,0.000000,8,12,15,22,25,29,36,38,46,130,130,1010,0,8,12.58930693076025,4.652700001315679,129.0953999996418,7824.590099009901
1782211903,3,,Aggregated,0.900000,0.000000,8,12,15,22,25,29,36,38,46,130,130,1012,0,8,12.600866403226254,4.652700001315679,129.0953999996418,7829.875494071146
1782211904,3,,Aggregated,0.900000,0.000000,8,12,15,22,25,29,36,38,46,130,130,1012,0,8,12.600866403226254,4.652700001315679,129.0953999996418,7829.875494071146
1782211905,3,,Aggregated,0.900000,0.000000,8,12,15,22,25,29,36,38,46,130,130,1012,0,8,12.600866403226254,4.652700001315679,129.0953999996418,7829.875494071146
1782211906,3,,Aggregated,0.900000,0.000000,8,12,15,22,25,29,36,38,46,130,130,1014,0,8,12.595939940892178,4.652700001315679,129.0953999996418,7829.802761341223
1782211907,3,,Aggregated,0.800000,0.000000,8,12,15,22,25,29,36,38,46,130,130,1015,0,8,12.589355960653624,4.652700001315679,129.0953999996418,7827.100492610837
1782211908,3,,Aggregated,0.800000,0.000000,8,12,15,22,25,29,36,38,46,130,130,1015,0,8,12.589355960653624,4.652700001315679,129.0953999996418,7827.100492610837
1782211909,3,,Aggregated,0.800000,0.000000,8,12,15,22,25,29,36,38,46,130,130,1016,0,8,12.583003346519508,4.652700001315679,129.0953999996418,7825.169291338582
1782211910,3,,Aggregated,0.900000,0.000000,8,12,15,22,25,29,36,38,46,130,130,1017,0,8,12.576928318648239,4.652700001315679,129.0953999996418,7823.241887905605
1782211911,3,,Aggregated,0.600000,0.000000,8,12,15,22,25,29,36,38,46,130,130,1018,0,8,12.570457465681423,4.652700001315679,129.0953999996418,7821.318271119842
1782211912,3,,Aggregated,0.700000,0.000000,8,12,15,22,25,29,36,38,46,130,130,1019,0,8,12.579286261102519,4.652700001315679,129.0953999996418,7823.946025515211
1782211913,3,,Aggregated,0.700000,0.000000,8,12,15,22,25,29,36,38,46,130,130,1019,0,8,12.579286261102519,4.652700001315679,129.0953999996418,7823.946025515211
1782211914,3,,Aggregated,0.900000,0.000000,8,12,15,22,25,29,36,38,46,130,130,1020,0,8,12.579900000060197,4.652700001315679,129.0953999996418,7826.568627450981
1782211915,3,,Aggregated,0.900000,0.000000,8,12,15,22,25,29,36,38,46,130,130,1020,0,8,12.579900000060197,4.652700001315679,129.0953999996418,7826.568627450981
1782211916,3,,Aggregated,0.800000,0.000000,8,12,15,22,25,28,36,38,46,130,130,1022,0,8,12.574471624322715,4.652700001315679,129.0953999996418,7827.264187866927
1782211917,3,,Aggregated,0.800000,0.000000,8,12,15,22,25,28,36,38,46,130,130,1022,0,8,12.574471624322715,4.652700001315679,129.0953999996418,7827.264187866927
1782211918,3,,Aggregated,0.800000,0.000000,8,12,15,22,25,28,36,38,46,130,130,1023,0,8,12.567901466332444,4.652700001315679,129.0953999996418,7825.346041055718
1782211919,3,,Aggregated,0.800000,0.000000,8,12,15,22,25,28,36,38,46,130,130,1023,0,8,12.567901466332444,4.652700001315679,129.0953999996418,7825.346041055718
1782211920,3,,Aggregated,0.700000,0.000000,8,12,15,22,25,29,36,38,46,130,130,1024,0,8,12.592304785211894,4.652700001315679,129.0953999996418,7827.95703125
1782211921,3,,Aggregated,0.800000,0.000000,8,12,15,22,25,29,36,38,46,130,130,1026,0,8,12.586005165745842,4.652700001315679,129.0953999996418,7828.647173489278
1782211922,3,,Aggregated,0.800000,0.000000,8,12,15,22,25,29,36,38,46,130,130,1026,0,8,12.586005165745842,4.652700001315679,129.0953999996418,7828.647173489278
1782211923,3,,Aggregated,0.800000,0.000000,8,12,15,22,25,29,36,38,46,130,130,1027,0,8,12.586968159743027,4.652700001315679,129.0953999996418,7831.247322297955
1782211924,3,,Aggregated,0.800000,0.000000,8,12,15,22,25,29,36,38,46,130,130,1028,0,8,12.581042412506017,4.652700001315679,129.0953999996418,7829.334630350195
1782211925,3,,Aggregated,0.700000,0.000000,8,12,15,22,25,29,36,38,46,130,130,1029,0,8,12.592241982565257,4.652700001315679,129.0953999996418,7831.929057337221
1782211926,3,,Aggregated,0.700000,0.000000,8,12,15,22,25,29,36,38,46,130,130,1029,0,8,12.592241982565257,4.652700001315679,129.0953999996418,7831.929057337221
1782211927,3,,Aggregated,0.900000,0.000000,8,12,15,22,25,29,36,38,46,130,130,1031,0,8,12.58646954418961,4.652700001315679,129.0953999996418,7831.853540252182
1782211928,3,,Aggregated,0.900000,0.000000,8,12,15,22,25,29,36,38,46,130,130,1032,0,8,12.581290407031124,4.652700001315679,129.0953999996418,7829.193798449613
1782211929,3,,Aggregated,0.800000,0.000000,8,12,15,22,25,29,36,38,46,130,130,1033,0,8,12.576882478272559,4.652700001315679,129.0953999996418,7827.292352371733
1782211930,3,,Aggregated,0.900000,0.000000,8,12,15,22,25,29,36,38,46,130,130,1034,0,8,12.57207359773491,4.652700001315679,129.0953999996418,7825.394584139265
1782211931,3,,Aggregated,1.000000,0.000000,8,12,15,22,25,29,36,38,46,130,130,1035,0,8,12.569856811649444,4.652700001315679,129.0953999996418,7823.500483091788
1782211932,3,,Aggregated,1.000000,0.000000,8,12,15,22,25,29,36,38,46,130,130,1036,0,8,12.578518436349796,4.652700001315679,129.0953999996418,7826.083011583011
1782211933,3,,Aggregated,1.000000,0.000000,8,12,15,22,25,29,36,38,46,130,130,1036,0,8,12.578518436349796,4.652700001315679,129.0953999996418,7826.083011583011
1782211934,3,,Aggregated,1.000000,0.000000,8,12,15,22,25,29,36,38,46,130,130,1038,0,8,12.56731936421835,4.652700001315679,129.0953999996418,7822.304431599229
1782211935,3,,Aggregated,1.000000,0.000000,8,12,15,22,25,29,36,38,46,130,130,1039,0,8,12.565392300346396,4.652700001315679,129.0953999996418,7824.880654475457
1782211936,3,,Aggregated,1.000000,0.000000,8,12,15,22,25,29,36,38,46,130,130,1039,0,8,12.565392300346396,4.652700001315679,129.0953999996418,7824.880654475457
1782211937,3,,Aggregated,0.900000,0.000000,8,12,15,22,25,29,36,38,46,130,130,1040,0,8,12.559348173135731,4.652700001315679,129.0953999996418,7822.996153846154
1782211938,3,,Aggregated,0.900000,0.000000,8,12,15,22,25,29,36,38,46,130,130,1040,0,8,12.559348173135731,4.652700001315679,129.0953999996418,7822.996153846154
1782211939,3,,Aggregated,0.900000,0.000000,8,12,15,22,25,28,36,38,46,130,130,1042,0,8,12.54797859890777,4.652700001315679,129.0953999996418,7818.491362763915
1782211940,3,,Aggregated,0.900000,0.000000,8,12,15,22,25,28,36,38,46,130,130,1042,0,8,12.54797859890777,4.652700001315679,129.0953999996418,7818.491362763915
1782211941,3,,Aggregated,0.900000,0.000000,8,12,15,22,25,28,36,38,46,130,130,1042,0,8,12.54797859890777,4.652700001315679,129.0953999996418,7818.491362763915
1782211942,3,,Aggregated,0.800000,0.000000,8,12,15,22,25,28,36,38,46,130,130,1044,0,8,12.552128639908497,4.652700001315679,129.0953999996418,7819.187739463601
1782211943,3,,Aggregated,0.800000,0.000000,8,12,15,22,25,28,36,38,46,130,130,1045,0,8,12.56612440197365,4.652700001315679,129.0953999996418,7821.752153110047
1782211944,3,,Aggregated,0.800000,0.000000,8,12,15,22,25,28,36,38,46,130,130,1046,0,8,12.576202963730726,4.652700001315679,129.0953999996418,7824.3116634799235
1782211945,3,,Aggregated,0.800000,0.000000,8,12,15,22,25,28,36,38,46,130,130,1046,0,8,12.576202963730726,4.652700001315679,129.0953999996418,7824.3116634799235
1782211946,3,,Aggregated,0.800000,0.000000,8,12,15,22,25,28,36,38,46,130,130,1048,0,8,12.571534637465156,4.652700001315679,129.0953999996418,7824.994274809161
1782211947,3,,Aggregated,0.800000,0.000000,8,12,15,22,25,28,36,38,46,130,130,1048,0,8,12.571534637465156,4.652700001315679,129.0953999996418,7824.994274809161
1782211948,3,,Aggregated,0.900000,0.000000,8,12,15,22,25,29,36,38,46,130,130,1050,0,8,12.597445428632671,4.652700001315679,129.0953999996418,7830.087619047619
1782211949,3,,Aggregated,0.900000,0.000000,8,12,15,22,25,29,36,38,46,130,130,1051,0,8,12.597276879225214,4.652700001315679,129.0953999996418,7832.62702188392
1782211950,3,,Aggregated,0.900000,0.000000,8,12,15,22,25,29,36,38,46,130,130,1051,0,8,12.597276879225214,4.652700001315679,129.0953999996418,7832.62702188392
1782211951,3,,Aggregated,1.000000,0.000000,8,12,15,22,25,29,36,38,46,130,130,1052,0,8,12.590808460138591,4.652700001315679,129.0953999996418,7830.7566539923955
1782211952,3,,Aggregated,0.900000,0.000000,8,12,15,22,25,29,36,38,46,130,130,1053,0,8,12.600376448305594,4.652700001315679,129.0953999996418,7833.290598290599
1782211953,3,,Aggregated,0.900000,0.000000,8,12,15,22,25,29,36,38,46,130,130,1053,0,8,12.600376448305594,4.652700001315679,129.0953999996418,7833.290598290599
1782211954,3,,Aggregated,0.900000,0.000000,8,12,15,22,25,29,36,38,46,130,130,1054,0,8,12.6139684061354,4.652700001315679,129.0953999996418,7835.819734345351
1782211955,3,,Aggregated,0.900000,0.000000,8,12,15,22,25,29,36,38,46,130,130,1054,0,8,12.6139684061354,4.652700001315679,129.0953999996418,7835.819734345351
1782211956,3,,Aggregated,0.900000,0.000000,8,12,15,22,25,29,36,38,46,130,130,1057,0,8,12.601366319832177,4.652700001315679,129.0953999996418,7834.610217596973
1782211957,3,,Aggregated,0.900000,0.000000,8,12,15,22,25,29,36,38,46,130,130,1057,0,8,12.601366319832177,4.652700001315679,129.0953999996418,7834.610217596973
1782211958,3,,Aggregated,0.900000,0.000000,8,12,15,22,25,29,36,38,46,130,130,1057,0,8,12.601366319832177,4.652700001315679,129.0953999996418,7834.610217596973
1782211959,3,,Aggregated,0.900000,0.000000,8,12,15,22,25,29,36,38,46,130,130,1057,0,8,12.601366319832177,4.652700001315679,129.0953999996418,7834.610217596973
1782211960,3,,Aggregated,0.900000,0.000000,8,12,15,22,25,29,36,38,46,130,130,1059,0,8,12.603719924518236,4.652700001315679,129.0953999996418,7835.2662889518415
1782211961,3,,Aggregated,0.900000,0.000000,8,12,15,22,25,29,36,38,46,130,130,1060,0,8,12.597941981193626,4.652700001315679,129.0953999996418,7833.407547169812
1782211962,3,,Aggregated,0.600000,0.000000,8,12,15,22,25,28,36,38,46,130,130,1061,0,8,12.598059283755077,4.652700001315679,129.0953999996418,7835.919886899152
1782211963,3,,Aggregated,0.800000,0.000000,8,12,15,22,25,28,36,38,46,130,130,1062,0,8,12.597386534900457,4.652700001315679,129.0953999996418,7838.427495291902
1782211964,3,,Aggregated,0.800000,0.000000,8,12,15,22,25,28,36,38,46,130,130,1062,0,8,12.597386534900457,4.652700001315679,129.0953999996418,7838.427495291902
1782211965,3,,Aggregated,0.800000,0.000000,8,12,15,22,25,28,36,38,46,130,130,1062,0,8,12.597386534900457,4.652700001315679,129.0953999996418,7838.427495291902
1782211966,3,,Aggregated,0.800000,0.000000,8,12,15,22,25,28,36,38,46,130,130,1065,0,8,12.583098591612341,4.652700001315679,129.0953999996418,7832.138028169014
1782211967,3,,Aggregated,0.800000,0.000000,8,12,15,22,25,28,36,38,46,130,130,1065,0,8,12.583098591612341,4.652700001315679,129.0953999996418,7832.138028169014
1782211968,3,,Aggregated,0.800000,0.000000,8,12,15,22,25,28,36,38,46,130,130,1066,0,8,12.595483864978979,4.652700001315679,129.0953999996418,7834.639774859287
1782211969,3,,Aggregated,0.800000,0.000000,8,12,15,22,25,28,36,38,46,130,130,1066,0,8,12.595483864978979,4.652700001315679,129.0953999996418,7834.639774859287
1782211970,3,,Aggregated,0.800000,0.000000,8,12,15,22,25,28,36,38,46,130,130,1067,0,8,12.590047516464834,4.652700001315679,129.0953999996418,7832.79381443299
1782211971,3,,Aggregated,0.800000,0.000000,8,12,15,22,25,28,36,38,46,130,130,1068,0,8,12.601333052498717,4.652700001315679,129.0953999996418,7835.290262172284
1782211972,3,,Aggregated,0.700000,0.000000,8,12,15,22,25,28,36,38,46,130,130,1069,0,8,12.609818802683352,4.652700001315679,129.0953999996418,7837.782039289055
1782211973,3,,Aggregated,0.700000,0.000000,8,12,15,22,25,28,36,38,46,130,130,1069,0,8,12.609818802683352,4.652700001315679,129.0953999996418,7837.782039289055
1782211974,3,,Aggregated,0.700000,0.000000,8,12,15,22,25,28,36,38,46,130,130,1071,0,8,12.612452661129533,4.652700001315679,129.0953999996418,7837.6984126984125
1782211975,3,,Aggregated,0.700000,0.000000,8,12,15,22,25,28,36,38,46,130,130,1071,0,8,12.612452661129533,4.652700001315679,129.0953999996418,7837.6984126984125
1782211976,3,,Aggregated,0.800000,0.000000,8,12,15,22,25,28,36,38,46,130,130,1072,0,8,12.60800895528885,4.652700001315679,129.0953999996418,7835.858208955224
1782211977,3,,Aggregated,0.900000,0.000000,8,12,15,22,25,28,36,38,46,130,130,1073,0,8,12.602490028022517,4.652700001315679,129.0953999996418,7833.296365330848
1782211978,3,,Aggregated,0.700000,0.000000,8,12,15,22,25,28,36,38,46,130,130,1074,0,8,12.597957076413234,4.652700001315679,129.0953999996418,7830.73929236499
1782211979,3,,Aggregated,0.700000,0.000000,8,12,15,22,25,28,36,38,46,130,130,1075,0,8,12.608383441923273,4.652700001315679,129.0953999996418,7833.221395348837
1782211980,3,,Aggregated,0.700000,0.000000,8,12,15,22,25,28,36,38,46,130,130,1076,0,8,12.601787174785334,4.652700001315679,129.0953999996418,7831.39219330855
1782211981,3,,Aggregated,0.700000,0.000000,8,12,15,22,25,28,36,38,46,130,130,1076,0,8,12.601787174785334,4.652700001315679,129.0953999996418,7831.39219330855
1782211982,3,,Aggregated,1.000000,0.000000,8,12,15,22,25,28,36,38,46,130,130,1078,0,8,12.594820315463142,4.652700001315679,129.0953999996418,7832.0426716141
1782211983,3,,Aggregated,1.000000,0.000000,8,12,15,22,25,28,36,38,46,130,130,1079,0,8,12.594712418970557,4.652700001315679,129.0953999996418,7834.51436515292
1782211984,3,,Aggregated,1.000000,0.000000,8,12,15,22,25,28,36,38,46,130,130,1079,0,8,12.594712418970557,4.652700001315679,129.0953999996418,7834.51436515292
1782211985,3,,Aggregated,1.000000,0.000000,8,12,15,22,25,28,36,38,46,130,130,1081,0,8,12.599130434843458,4.652700001315679,129.0953999996418,7835.157261794635
1782211986,3,,Aggregated,1.000000,0.000000,8,12,15,22,25,28,36,38,46,130,130,1082,0,8,12.592640018544836,4.652700001315679,129.0953999996418,7832.617375231053
1782211987,3,,Aggregated,1.000000,0.000000,8,12,15,22,25,28,36,38,46,130,130,1082,0,8,12.592640018544836,4.652700001315679,129.0953999996418,7832.617375231053
1782211988,3,,Aggregated,1.000000,0.000000,8,12,15,22,25,28,36,38,46,130,130,1082,0,8,12.592640018544836,4.652700001315679,129.0953999996418,7832.617375231053
1782211989,3,,Aggregated,1.000000,0.000000,8,12,15,22,25,28,36,38,46,130,130,1085,0,8,12.596072718953877,4.652700001315679,129.0953999996418,7835.7188940092165
1782211990,3,,Aggregated,1.000000,0.000000,8,12,15,22,25,28,36,38,46,130,130,1085,0,8,12.596072718953877,4.652700001315679,129.0953999996418,7835.7188940092165
1782211991,3,,Aggregated,1.000000,0.000000,8,12,15,22,25,28,36,38,46,130,130,1085,0,8,12.596072718953877,4.652700001315679,129.0953999996418,7835.7188940092165
1782211992,3,,Aggregated,0.900000,0.000000,8,12,15,22,25,28,36,38,46,130,130,1087,0,8,12.595875345044337,4.652700001315679,129.0953999996418,7836.35602575897
1782211993,3,,Aggregated,0.900000,0.000000,8,12,15,22,25,28,36,38,46,130,130,1088,0,8,12.601729963294288,4.652700001315679,129.0953999996418,7838.80330882353
1782211994,3,,Aggregated,0.900000,0.000000,8,12,15,22,25,28,36,38,46,130,130,1088,0,8,12.601729963294288,4.652700001315679,129.0953999996418,7838.80330882353
1782211995,3,,Aggregated,0.900000,0.000000,8,12,15,22,25,28,36,38,46,130,130,1088,0,8,12.601729963294288,4.652700001315679,129.0953999996418,7838.80330882353
1782211996,3,,Aggregated,0.900000,0.000000,8,12,15,22,25,28,36,38,46,130,130,1090,0,8,12.60586972482897,4.652700001315679,129.0953999996418,7839.433027522936
1782211997,3,,Aggregated,0.900000,0.000000,8,12,15,22,25,28,36,38,46,130,130,1091,0,8,12.599742071552809,4.652700001315679,129.0953999996418,7837.623281393217
1782211998,3,,Aggregated,0.900000,0.000000,8,12,15,22,25,28,36,38,46,130,130,1091,0,8,12.599742071552809,4.652700001315679,129.0953999996418,7837.623281393217
1782211999,3,,Aggregated,0.800000,0.000000,8,12,15,22,25,28,36,38,46,130,130,1093,0,8,12.611740530711339,4.652700001315679,129.0953999996418,7837.541628545288
1782212000,3,,Aggregated,0.800000,0.000000,8,12,15,22,25,28,36,38,46,130,130,1093,0,8,12.611740530711339,4.652700001315679,129.0953999996418,7837.541628545288
1782212001,3,,Aggregated,0.900000,0.000000,8,12,15,22,25,28,36,38,46,130,130,1094,0,8,12.605938391287626,4.652700001315679,129.0953999996418,7835.73857404022
1782212002,3,,Aggregated,0.800000,0.000000,8,12,15,22,25,28,36,38,46,130,130,1095,0,8,12.615187397325299,4.652700001315679,129.0953999996418,7838.170776255708
1782212003,3,,Aggregated,0.800000,0.000000,8,12,15,22,25,28,36,38,46,130,130,1096,0,8,12.609651824881652,4.652700001315679,129.0953999996418,7836.370437956204
1782212004,3,,Aggregated,0.900000,0.000000,8,12,15,22,25,28,36,38,46,130,130,1097,0,8,12.604909298148023,4.652700001315679,129.0953999996418,7833.86417502279
1782212005,3,,Aggregated,0.900000,0.000000,8,12,15,22,25,28,36,38,46,130,130,1097,0,8,12.604909298148023,4.652700001315679,129.0953999996418,7833.86417502279
1782212006,3,,Aggregated,0.800000,0.000000,8,12,15,22,25,28,36,38,46,130,130,1098,0,8,12.617998725015351,4.652700001315679,129.0953999996418,7836.2914389799635
1782212008,3,,Aggregated,0.900000,0.000000,8,12,15,22,25,28,36,38,46,130,130,1100,0,8,12.629692545517834,4.652700001315679,129.0953999996418,7841.132727272728
1782212009,3,,Aggregated,0.900000,0.000000,8,12,15,22,25,28,36,38,46,130,130,1100,0,8,12.629692545517834,4.652700001315679,129.0953999996418,7841.132727272728
1782212010,3,,Aggregated,0.900000,0.000000,8,12,15,22,25,28,36,38,46,130,130,1100,0,8,12.629692545517834,4.652700001315679,129.0953999996418,7841.132727272728
1782212011,3,,Aggregated,0.900000,0.000000,8,12,15,22,25,28,36,38,46,130,130,1103,0,8,12.620804623816328,4.652700001315679,129.0953999996418,7839.253853127833
1782212012,3,,Aggregated,0.900000,0.000000,8,12,15,22,25,28,36,38,46,130,130,1103,0,8,12.620804623816328,4.652700001315679,129.0953999996418,7839.253853127833
1782212013,3,,Aggregated,0.900000,0.000000,8,12,15,22,25,28,36,38,46,130,130,1103,0,8,12.620804623816328,4.652700001315679,129.0953999996418,7839.253853127833
1782212014,3,,Aggregated,1.000000,0.000000,8,12,15,22,25,28,36,38,46,130,130,1105,0,8,12.610299457077936,4.652700001315679,129.0953999996418,7835.680542986425
1782212015,3,,Aggregated,1.000000,0.000000,8,12,15,22,25,28,36,38,46,130,130,1105,0,8,12.610299457077936,4.652700001315679,129.0953999996418,7835.680542986425
1782212016,3,,Aggregated,0.800000,0.000000,8,12,15,22,25,28,36,38,46,130,130,1106,0,8,12.604770434060086,4.652700001315679,129.0953999996418,7833.898734177215
1782212017,3,,Aggregated,0.800000,0.000000,8,12,15,22,25,28,36,38,46,130,130,1106,0,8,12.604770434060086,4.652700001315679,129.0953999996418,7833.898734177215
1782212018,3,,Aggregated,0.800000,0.000000,8,12,15,22,25,28,36,38,46,130,130,1106,0,8,12.604770434060086,4.652700001315679,129.0953999996418,7833.898734177215
1782212019,3,,Aggregated,0.900000,0.000000,8,12,15,22,25,28,36,38,46,130,130,1108,0,8,12.594754873709253,4.652700001315679,129.0953999996418,7830.34476534296
1782212020,3,,Aggregated,0.600000,0.000000,8,12,15,22,25,28,36,38,46,130,130,1109,0,8,12.589592515841876,4.652700001315679,129.0953999996418,7827.871055004509
1782212021,3,,Aggregated,0.600000,0.000000,8,12,15,22,25,28,36,38,46,130,130,1109,0,8,12.589592515841876,4.652700001315679,129.0953999996418,7827.871055004509
1782212022,3,,Aggregated,0.800000,0.000000,8,12,15,22,25,28,36,38,46,130,130,1110,0,8,12.585135855916379,4.652700001315679,129.0953999996418,7826.102702702703
1782212023,3,,Aggregated,0.800000,0.000000,8,12,15,22,25,28,36,38,46,130,130,1111,0,8,12.581279207981922,4.652700001315679,129.0953999996418,7824.337533753375
1782212024,3,,Aggregated,0.600000,0.000000,8,12,15,22,25,28,36,38,46,130,130,1112,0,8,12.607764388550297,4.652700001315679,129.0953999996418,7826.742805755395
1782212025,3,,Aggregated,0.700000,0.000000,8,12,15,22,25,28,36,38,46,130,130,1113,0,8,12.601765947949499,4.652700001315679,129.0953999996418,7824.980233602875
1782212026,3,,Aggregated,0.700000,0.000000,8,12,15,22,25,28,36,38,46,130,130,1113,0,8,12.601765947949499,4.652700001315679,129.0953999996418,7824.980233602875
1782212027,3,,Aggregated,0.800000,0.000000,8,12,15,22,25,28,36,38,46,130,130,1115,0,8,12.601110224273121,4.652700001315679,129.0953999996418,7829.776681614349
1782212028,3,,Aggregated,0.800000,0.000000,8,12,15,22,25,28,36,38,46,130,130,1116,0,8,12.594703046651567,4.652700001315679,129.0953999996418,7828.0161290322585
1782212029,3,,Aggregated,0.800000,0.000000,8,12,15,22,25,28,36,38,46,130,130,1116,0,8,12.594703046651567,4.652700001315679,129.0953999996418,7828.0161290322585
1782212030,3,,Aggregated,0.800000,0.000000,8,12,15,22,25,28,36,38,46,130,130,1118,0,8,12.596753309539418,4.652700001315679,129.0953999996418,7828.649373881932
1782212031,3,,Aggregated,0.800000,0.000000,8,12,15,22,25,28,36,38,46,130,130,1119,0,8,12.591157015251792,4.652700001315679,129.0953999996418,7826.8945487042
1782212032,3,,Aggregated,0.800000,0.000000,8,12,15,22,25,28,36,38,46,130,130,1119,0,8,12.591157015251792,4.652700001315679,129.0953999996418,7826.8945487042
1782212033,3,,Aggregated,1.000000,0.000000,8,12,15,22,25,28,36,38,46,130,130,1120,0,8,12.590291785772934,4.652700001315679,129.0953999996418,7829.280357142857
1782212034,3,,Aggregated,0.900000,0.000000,8,12,15,22,25,28,36,38,46,130,130,1121,0,8,12.590785548678204,4.652700001315679,129.0953999996418,7831.661909009813
1782212035,3,,Aggregated,0.900000,0.000000,8,12,15,22,25,28,36,38,46,130,130,1122,0,8,12.599030659597744,4.652700001315679,129.0953999996418,7834.0392156862745
1782212036,3,,Aggregated,0.900000,0.000000,8,12,15,22,25,28,36,38,46,130,130,1123,0,8,12.59929412294546,4.652700001315679,129.0953999996418,7836.412288512912
1782212037,3,,Aggregated,0.900000,0.000000,8,12,15,22,25,28,36,38,46,130,130,1124,0,8,12.594144750952033,4.652700001315679,129.0953999996418,7834.658362989324
1782212038,3,,Aggregated,0.900000,0.000000,8,12,15,22,25,28,36,38,46,130,130,1124,0,8,12.594144750952033,4.652700001315679,129.0953999996418,7834.658362989324
1782212039,3,,Aggregated,0.900000,0.000000,8,12,15,22,25,28,36,38,46,130,130,1124,0,8,12.594144750952033,4.652700001315679,129.0953999996418,7834.658362989324
1782212040,3,,Aggregated,0.800000,0.000000,8,12,15,22,25,28,36,38,46,130,130,1126,0,8,12.597646181233259,4.652700001315679,129.0953999996418,7834.584369449379
1782212041,3,,Aggregated,0.800000,0.000000,8,12,15,22,25,28,36,38,46,130,130,1127,0,8,12.60086255551659,4.652700001315679,129.0953999996418,7836.948535936113
1782212042,3,,Aggregated,0.800000,0.000000,8,12,15,22,25,28,36,38,46,130,130,1127,0,8,12.60086255551659,4.652700001315679,129.0953999996418,7836.948535936113
1782212043,3,,Aggregated,0.700000,0.000000,8,12,15,22,25,28,36,38,46,130,130,1128,0,8,12.600242375946378,4.652700001315679,129.0953999996418,7839.308510638298
1782212044,3,,Aggregated,0.800000,0.000000,8,12,15,22,25,28,36,38,46,130,130,1130,0,8,12.593616371742806,4.652700001315679,129.0953999996418,7839.915044247788
1782212045,3,,Aggregated,0.800000,0.000000,8,12,15,22,25,28,36,38,46,130,130,1130,0,8,12.593616371742806,4.652700001315679,129.0953999996418,7839.915044247788
1782212046,3,,Aggregated,0.800000,0.000000,8,12,15,22,25,28,36,38,46,130,130,1130,0,8,12.593616371742806,4.652700001315679,129.0953999996418,7839.915044247788
1782212047,3,,Aggregated,0.700000,0.000000,8,12,15,22,25,28,36,38,46,130,130,1131,0,8,12.602409991218984,4.652700001315679,129.0953999996418,7842.266136162688
1782212048,3,,Aggregated,0.900000,0.000000,8,12,15,22,25,28,36,38,46,130,130,1133,0,8,12.602468843837116,4.652700001315679,129.0953999996418,7842.865842894969
1782212049,3,,Aggregated,0.900000,0.000000,8,12,15,22,25,28,36,38,46,130,130,1133,0,8,12.602468843837116,4.652700001315679,129.0953999996418,7842.865842894969
1782212050,3,,Aggregated,0.900000,0.000000,8,12,15,22,25,28,36,38,46,130,130,1133,0,8,12.602468843837116,4.652700001315679,129.0953999996418,7842.865842894969
1782212051,3,,Aggregated,0.900000,0.000000,8,12,15,22,25,28,36,38,46,130,130,1135,0,8,12.592178414157019,4.652700001315679,129.0953999996418,7839.380616740088
1782212052,3,,Aggregated,0.800000,0.000000,8,12,15,22,25,28,36,38,46,130,130,1136,0,8,12.585867693722218,4.652700001315679,129.0953999996418,7837.642605633803
1782212053,3,,Aggregated,0.800000,0.000000,8,12,15,22,25,28,36,38,46,130,130,1136,0,8,12.585867693722218,4.652700001315679,129.0953999996418,7837.642605633803
1782212054,3,,Aggregated,0.800000,0.000000,8,12,15,22,25,28,36,38,46,130,130,1138,0,8,12.59389209144901,4.652700001315679,129.0953999996418,7842.319859402461
1782212055,3,,Aggregated,0.800000,0.000000,8,12,15,22,25,28,36,38,46,130,130,1139,0,8,12.588026865732445,4.652700001315679,129.0953999996418,7840.58384547849
1782212056,3,,Aggregated,0.800000,0.000000,8,12,15,22,25,28,36,38,46,130,130,1140,0,8,12.587271228129108,4.652700001315679,129.0953999996418,7842.9157894736845
1782212057,3,,Aggregated,0.900000,0.000000,8,12,15,22,25,28,36,38,46,130,130,1142,0,8,12.580721628781697,4.652700001315679,129.0953999996418,7843.509632224168
1782212058,3,,Aggregated,0.900000,0.000000,8,12,15,22,25,28,36,38,46,130,130,1142,0,8,12.580721628781697,4.652700001315679,129.0953999996418,7843.509632224168
1782212059,3,,Aggregated,1.000000,0.000000,8,12,15,22,25,28,36,38,46,130,130,1143,0,8,12.589913123421423,4.652700001315679,129.0953999996418,7845.832895888014
1782212060,3,,Aggregated,1.000000,0.000000,8,12,15,22,25,28,36,38,46,130,130,1144,0,8,12.584179895168052,4.652700001315679,129.0953999996418,7844.101398601399
1782212061,3,,Aggregated,0.900000,0.000000,8,12,15,22,25,28,36,38,46,130,130,1145,0,8,12.579353013162056,4.652700001315679,129.0953999996418,7841.693449781659
1782212062,3,,Aggregated,0.900000,0.000000,8,12,15,22,25,28,36,38,46,130,130,1145,0,8,12.579353013162056,4.652700001315679,129.0953999996418,7841.693449781659
1782212063,3,,Aggregated,1.100000,0.000000,8,12,15,22,25,28,36,38,46,130,130,1146,0,8,12.580395811581765,4.652700001315679,129.0953999996418,7844.012216404886
1782212064,3,,Aggregated,1.100000,0.000000,8,12,15,22,25,28,36,38,46,130,130,1147,0,8,12.575183522295758,4.652700001315679,129.0953999996418,7841.6085440278985
1782212065,3,,Aggregated,1.000000,0.000000,8,12,15,22,25,28,36,38,46,130,130,1148,0,8,12.570826480901111,4.652700001315679,129.0953999996418,7839.20905923345
1782212066,3,,Aggregated,1.000000,0.000000,8,12,15,22,25,28,36,38,46,130,130,1148,0,8,12.570826480901111,4.652700001315679,129.0953999996418,7839.20905923345
1782212067,3,,Aggregated,0.900000,0.000000,8,12,15,22,25,28,36,38,46,130,130,1149,0,8,12.580280069689254,4.652700001315679,129.0953999996418,7841.523933855527
1782212068,3,,Aggregated,0.900000,0.000000,8,12,15,22,25,28,36,38,46,130,130,1150,0,8,12.575446434844787,4.652700001315679,129.0953999996418,7839.805217391305
1782212069,3,,Aggregated,0.700000,0.000000,8,12,15,22,25,28,36,38,46,130,130,1151,0,8,12.570161685551689,4.652700001315679,129.0953999996418,7837.413553431798
1782212070,3,,Aggregated,0.700000,0.000000,8,12,15,22,25,28,36,38,46,130,130,1151,0,8,12.570161685551689,4.652700001315679,129.0953999996418,7837.413553431798
1782212071,3,,Aggregated,0.800000,0.000000,8,12,15,22,25,28,36,38,46,130,130,1153,0,8,12.558679705176893,4.652700001315679,129.0953999996418,7833.992194275802
1782212072,3,,Aggregated,0.700000,0.000000,8,12,15,22,25,28,36,38,46,130,130,1154,0,8,12.552728162970562,4.652700001315679,129.0953999996418,7832.28596187175
1782212073,3,,Aggregated,0.700000,0.000000,8,12,15,22,25,28,36,38,46,130,130,1154,0,8,12.552728162970562,4.652700001315679,129.0953999996418,7832.28596187175
1782212074,3,,Aggregated,0.700000,0.000000,8,12,15,22,25,28,36,38,46,130,130,1154,0,8,12.552728162970562,4.652700001315679,129.0953999996418,7832.28596187175
1782212075,3,,Aggregated,0.800000,0.000000,8,12,15,22,25,28,36,38,46,130,130,1156,0,8,12.54174342566676,4.652700001315679,129.0953999996418,7828.2093425605535
1782212076,3,,Aggregated,0.800000,0.000000,8,12,15,22,25,28,36,38,46,130,130,1157,0,8,12.537422385542294,4.652700001315679,129.0953999996418,7826.512532411409
1782212077,3,,Aggregated,0.800000,0.000000,8,12,15,22,25,28,36,38,46,130,130,1158,0,8,12.532601122687606,4.652700001315679,129.0953999996418,7824.146804835924
1782212078,3,,Aggregated,0.800000,0.000000,8,12,15,22,25,28,36,38,46,130,130,1158,0,8,12.532601122687606,4.652700001315679,129.0953999996418,7824.146804835924
1782212079,3,,Aggregated,0.900000,0.000000,8,12,15,22,25,28,36,38,46,130,130,1160,0,8,12.538801724202068,4.652700001315679,129.0953999996418,7824.763793103448
1782212080,3,,Aggregated,0.900000,0.000000,8,12,15,22,25,28,36,38,46,130,130,1161,0,8,12.534038759754724,4.652700001315679,129.0953999996418,7823.075796726959
1782212081,3,,Aggregated,0.900000,0.000000,8,12,15,22,25,28,36,38,46,130,130,1161,0,8,12.534038759754724,4.652700001315679,129.0953999996418,7823.075796726959
1782212082,3,,Aggregated,0.900000,0.000000,8,12,15,22,25,28,36,38,46,130,130,1162,0,8,12.530092512972445,4.652700001315679,129.0953999996418,7821.390705679863
1782212083,3,,Aggregated,1.000000,0.000000,8,12,15,22,25,28,36,38,46,130,130,1163,0,8,12.538561994903922,4.652700001315679,129.0953999996418,7823.693035253655
1782212084,3,,Aggregated,0.800000,0.000000,8,12,15,22,25,28,36,38,46,130,130,1164,0,8,12.533672852297899,4.652700001315679,129.0953999996418,7822.01030927835
1782212085,3,,Aggregated,0.800000,0.000000,8,12,15,22,25,28,36,38,46,130,130,1164,0,8,12.533672852297899,4.652700001315679,129.0953999996418,7822.01030927835
1782212086,3,,Aggregated,0.900000,0.000000,8,12,15,22,25,28,36,38,46,130,130,1166,0,8,12.533770583254105,4.652700001315679,129.0953999996418,7826.602058319039
1782212087,3,,Aggregated,0.900000,0.000000,8,12,15,22,25,28,36,38,46,130,130,1167,0,8,12.532711311116111,4.652700001315679,129.0953999996418,7828.892030848329
1782212088,3,,Aggregated,0.900000,0.000000,8,12,15,22,25,28,36,38,46,130,130,1167,0,8,12.532711311116111,4.652700001315679,129.0953999996418,7828.892030848329
1782212089,3,,Aggregated,1.000000,0.000000,8,12,15,22,25,28,36,39,46,130,130,1170,0,8,12.550571367580396,4.652700001315679,129.0953999996418,7831.777777777777
1782212090,3,,Aggregated,1.000000,0.000000,8,12,15,22,25,28,36,39,46,130,130,1170,0,8,12.550571367580396,4.652700001315679,129.0953999996418,7831.777777777777
1782212091,3,,Aggregated,0.900000,0.000000,8,12,15,22,25,28,36,39,46,130,130,1171,0,8,12.54999385146671,4.652700001315679,129.0953999996418,7834.055508112724
1782212092,3,,Aggregated,1.000000,0.000000,8,12,15,22,25,28,36,39,46,130,130,1172,0,8,12.549334300398659,4.652700001315679,129.0953999996418,7836.329351535836
1782212093,3,,Aggregated,1.000000,0.000000,8,12,15,22,25,28,36,39,46,130,130,1172,0,8,12.549334300398659,4.652700001315679,129.0953999996418,7836.329351535836
1782212094,3,,Aggregated,1.000000,0.000000,8,12,15,22,25,28,36,39,47,130,130,1173,0,8,12.578935890935227,4.652700001315679,129.0953999996418,7838.599317988065
1782212095,3,,Aggregated,1.000000,0.000000,8,12,15,22,25,28,36,39,47,130,130,1173,0,8,12.578935890935227,4.652700001315679,129.0953999996418,7838.599317988065
1782212096,3,,Aggregated,0.900000,0.000000,8,12,15,22,25,28,36,39,47,130,130,1175,0,8,12.587779829844566,4.652700001315679,129.0953999996418,7843.127659574468
1782212097,3,,Aggregated,0.900000,0.000000,8,12,15,22,25,28,36,39,47,130,130,1175,0,8,12.587779829844566,4.652700001315679,129.0953999996418,7843.127659574468
1782212098,3,,Aggregated,0.900000,0.000000,8,12,15,22,25,28,36,39,47,130,130,1177,0,8,12.59883152087285,4.652700001315679,129.0953999996418,7847.640611724724
1782212099,3,,Aggregated,0.800000,0.000000,8,12,15,22,25,28,36,39,47,130,130,1178,0,8,12.60313624793456,4.652700001315679,129.0953999996418,7849.891341256367
1782212100,3,,Aggregated,0.800000,0.000000,8,12,15,22,25,28,36,39,47,130,130,1178,0,8,12.60313624793456,4.652700001315679,129.0953999996418,7849.891341256367
1782212101,3,,Aggregated,0.800000,0.000000,8,12,15,22,25,28,36,39,47,130,130,1178,0,8,12.60313624793456,4.652700001315679,129.0953999996418,7849.891341256367
1782212102,3,,Aggregated,0.900000,0.000000,8,12,15,22,25,28,36,39,47,130,130,1179,0,8,12.611425445347615,4.652700001315679,129.0953999996418,7852.138252756574
1782212103,3,,Aggregated,0.800000,0.000000,8,12,15,22,25,28,36,39,47,130,130,1181,0,8,12.601329466610512,4.652700001315679,129.0953999996418,7848.773073666384
1782212104,3,,Aggregated,0.800000,0.000000,8,12,15,22,25,28,36,39,47,130,130,1182,0,8,12.600745177720938,4.652700001315679,129.0953999996418,7851.015228426396
1782212105,3,,Aggregated,0.800000,0.000000,8,12,15,22,25,28,36,39,47,130,130,1182,0,8,12.600745177720938,4.652700001315679,129.0953999996418,7851.015228426396
1782212106,3,,Aggregated,0.800000,0.000000,8,12,15,22,25,28,36,39,47,130,130,1182,0,8,12.600745177720938,4.652700001315679,129.0953999996418,7851.015228426396
1782212107,3,,Aggregated,0.900000,0.000000,8,12,15,22,25,28,36,39,47,130,130,1184,0,8,12.602722635189846,4.652700001315679,129.0953999996418,7851.574324324324
1782212108,3,,Aggregated,0.800000,0.000000,8,12,15,22,25,28,36,39,47,130,130,1185,0,8,12.601424641404344,4.652700001315679,129.0953999996418,7853.808438818565
1782212109,3,,Aggregated,0.700000,0.000000,8,12,15,22,25,28,36,39,47,130,130,1186,0,8,12.596175126530492,4.652700001315679,129.0953999996418,7852.131534569983
1782212110,3,,Aggregated,0.700000,0.000000,8,12,15,22,25,28,36,39,47,130,130,1186,0,8,12.596175126530492,4.652700001315679,129.0953999996418,7852.131534569983
1782212111,3,,Aggregated,0.800000,0.000000,8,12,15,22,25,28,36,39,47,130,130,1187,0,8,12.590488205613866,4.652700001315679,129.0953999996418,7849.80202190396
1782212112,3,,Aggregated,0.800000,0.000000,8,12,15,22,25,28,36,39,47,130,130,1187,0,8,12.590488205613866,4.652700001315679,129.0953999996418,7849.80202190396
1782212113,3,,Aggregated,0.800000,0.000000,8,12,15,22,25,28,36,39,47,130,130,1188,0,8,12.586379966384325,4.652700001315679,129.0953999996418,7847.476430976431
1782212114,3,,Aggregated,0.800000,0.000000,8,12,15,22,25,28,36,39,47,130,130,1189,0,8,12.583054751945816,4.652700001315679,129.0953999996418,7845.809083263246
1782212115,3,,Aggregated,0.800000,0.000000,8,12,15,22,25,28,36,39,47,130,130,1189,0,8,12.583054751945816,4.652700001315679,129.0953999996418,7845.809083263246
1782212116,3,,Aggregated,0.700000,0.000000,8,12,15,22,25,28,36,39,47,130,130,1191,0,8,12.571774139430314,4.652700001315679,129.0953999996418,7842.482787573467
1782212118,3,,Aggregated,0.700000,0.000000,8,12,15,22,25,28,36,39,47,130,130,1191,0,8,12.571774139430314,4.652700001315679,129.0953999996418,7842.482787573467
1782212119,3,,Aggregated,0.700000,0.000000,8,12,15,22,25,28,36,39,47,130,130,1193,0,8,12.58414459351059,4.652700001315679,129.0953999996418,7843.051969823973
1782212120,3,,Aggregated,0.700000,0.000000,8,12,15,22,25,28,36,39,47,130,130,1193,0,8,12.58414459351059,4.652700001315679,129.0953999996418,7843.051969823973
1782212121,3,,Aggregated,0.700000,0.000000,8,12,15,22,25,28,36,39,47,130,130,1194,0,8,12.584023953146987,4.652700001315679,129.0953999996418,7845.276381909548
1782212122,3,,Aggregated,0.800000,0.000000,8,12,15,22,25,28,36,39,47,130,130,1196,0,8,12.572764297706621,4.652700001315679,129.0953999996418,7841.314381270903
1782212123,3,,Aggregated,0.800000,0.000000,8,12,15,22,25,28,36,39,47,130,130,1196,0,8,12.572764297706621,4.652700001315679,129.0953999996418,7841.314381270903
1782212124,3,,Aggregated,0.800000,0.000000,8,12,15,22,25,28,36,39,47,130,130,1197,0,8,12.567016708487177,4.652700001315679,129.0953999996418,7839.013366750209
1782212125,3,,Aggregated,0.800000,0.000000,8,12,15,22,25,28,36,39,47,130,130,1197,0,8,12.567016708487177,4.652700001315679,129.0953999996418,7839.013366750209
1782212126,3,,Aggregated,0.800000,0.000000,8,12,15,22,25,28,36,39,47,130,130,1198,0,8,12.577233222086662,4.652700001315679,129.0953999996418,7841.233722871452
1782212127,3,,Aggregated,0.900000,0.000000,8,12,15,22,25,28,36,39,47,130,130,1199,0,8,12.572004003388257,4.652700001315679,129.0953999996418,7839.585487906589
1782212128,3,,Aggregated,0.800000,0.000000,8,12,15,22,25,28,36,39,47,130,130,1200,0,8,12.56874366671885,4.652700001315679,129.0953999996418,7837.94
1782212129,3,,Aggregated,0.900000,0.000000,8,12,15,22,25,28,36,39,47,130,130,1201,0,8,12.56413397174063,4.652700001315679,129.0953999996418,7835.649458784346
1782212130,3,,Aggregated,0.800000,0.000000,8,12,15,22,25,28,36,39,47,130,130,1202,0,8,12.558946505872543,4.652700001315679,129.0953999996418,7833.362728785358
1782212131,3,,Aggregated,0.900000,0.000000,8,12,15,22,25,28,36,39,47,130,130,1203,0,8,12.571119700797096,4.652700001315679,129.0953999996418,7835.57855361596
1782212132,3,,Aggregated,0.800000,0.000000,8,12,15,22,25,28,36,39,47,130,130,1204,0,8,12.566663870481392,4.652700001315679,129.0953999996418,7833.295681063123
1782212133,3,,Aggregated,0.900000,0.000000,8,12,15,22,25,28,36,39,47,130,130,1205,0,8,12.562364564365751,4.652700001315679,129.0953999996418,7831.016597510374
1782212134,3,,Aggregated,0.900000,0.000000,8,12,15,22,25,28,36,39,47,130,130,1205,0,8,12.562364564365751,4.652700001315679,129.0953999996418,7831.016597510374
1782212135,3,,Aggregated,0.800000,0.000000,8,12,15,22,25,28,36,39,47,130,130,1206,0,8,12.557628109502646,4.652700001315679,129.0953999996418,7829.3864013267
1782212136,3,,Aggregated,0.900000,0.000000,8,12,15,22,25,28,36,39,47,130,130,1207,0,8,12.552698591600027,4.652700001315679,129.0953999996418,7827.758906379453
1782212137,3,,Aggregated,0.800000,0.000000,8,12,15,22,25,28,36,39,47,130,130,1208,0,8,12.547951158991198,4.652700001315679,129.0953999996418,7826.134105960265
1782212138,3,,Aggregated,0.800000,0.000000,8,12,15,22,25,28,36,39,47,130,130,1208,0,8,12.547951158991198,4.652700001315679,129.0953999996418,7826.134105960265
1782212139,3,,Aggregated,0.900000,0.000000,8,12,15,22,25,28,36,39,47,130,130,1210,0,8,12.537753388481306,4.652700001315679,129.0953999996418,7822.892561983471
1782212140,3,,Aggregated,0.800000,0.000000,8,12,15,22,25,28,36,39,47,130,130,1211,0,8,12.53274227916151,4.652700001315679,129.0953999996418,7821.275805119736
1782212141,3,,Aggregated,0.800000,0.000000,8,12,15,22,25,28,36,39,47,130,130,1211,0,8,12.53274227916151,4.652700001315679,129.0953999996418,7821.275805119736
1782212142,3,,Aggregated,0.800000,0.000000,8,12,15,22,25,28,36,39,47,130,130,1211,0,8,12.53274227916151,4.652700001315679,129.0953999996418,7821.275805119736
1782212143,3,,Aggregated,0.800000,0.000000,8,12,15,22,25,28,36,39,47,130,130,1213,0,8,12.541195960482895,4.652700001315679,129.0953999996418,7825.6908491343775
1782212144,3,,Aggregated,0.700000,0.000000,8,12,15,22,25,28,36,39,47,130,130,1214,0,8,12.54098830318663,4.652700001315679,129.0953999996418,7827.892915980231
1782212145,3,,Aggregated,0.700000,0.000000,8,12,15,22,25,28,36,39,47,130,130,1215,0,8,12.535745843678091,4.652700001315679,129.0953999996418,7826.277366255144
1782212146,3,,Aggregated,0.700000,0.000000,8,12,15,22,25,28,36,39,47,130,130,1215,0,8,12.535745843678091,4.652700001315679,129.0953999996418,7826.277366255144
1782212147,3,,Aggregated,0.800000,0.000000,8,12,15,22,25,28,36,39,47,130,130,1216,0,8,12.530337993478282,4.652700001315679,129.0953999996418,7824.664473684211
1782212148,3,,Aggregated,0.900000,0.000000,8,12,15,22,25,28,36,39,47,130,130,1217,0,8,12.538221774912353,4.652700001315679,129.0953999996418,7826.861955628595
1782212149,3,,Aggregated,0.800000,0.000000,8,12,15,22,25,28,36,39,47,130,130,1219,0,8,12.531998359366249,4.652700001315679,129.0953999996418,7826.806398687449
1782212150,3,,Aggregated,0.800000,0.000000,8,12,15,22,25,28,36,39,47,130,130,1220,0,8,12.531966065631185,4.652700001315679,129.0953999996418,7828.996721311475
1782212151,3,,Aggregated,0.800000,0.000000,8,12,15,22,25,28,36,39,47,130,130,1220,0,8,12.531966065631185,4.652700001315679,129.0953999996418,7828.996721311475
1782212152,3,,Aggregated,0.800000,0.000000,8,12,15,22,25,28,36,39,47,130,130,1221,0,8,12.531071498828664,4.652700001315679,129.0953999996418,7831.183456183456
1782212153,3,,Aggregated,1.000000,0.000000,8,12,15,22,25,28,36,39,47,130,130,1222,0,8,12.525490425590352,4.652700001315679,129.0953999996418,7829.574468085107
1782212154,3,,Aggregated,1.000000,0.000000,8,12,15,22,25,28,36,39,47,130,130,1222,0,8,12.525490425590352,4.652700001315679,129.0953999996418,7829.574468085107
1782212155,3,,Aggregated,1.000000,0.000000,8,12,15,22,25,28,36,39,47,130,130,1224,0,8,12.527088888947855,4.652700001315679,129.0953999996418,7829.514705882353
1782212156,3,,Aggregated,0.900000,0.000000,8,12,15,22,25,28,36,39,47,130,130,1225,0,8,12.521861387815859,4.652700001315679,129.0953999996418,7827.275918367347
1782212157,3,,Aggregated,0.900000,0.000000,8,12,15,22,25,28,36,39,47,130,130,1225,0,8,12.521861387815859,4.652700001315679,129.0953999996418,7827.275918367347
1782212158,3,,Aggregated,0.900000,0.000000,8,12,15,22,25,28,36,39,47,130,130,1226,0,8,12.516280097939644,4.652700001315679,129.0953999996418,7825.675367047308
1782212159,3,,Aggregated,0.900000,0.000000,8,12,15,22,25,28,36,39,47,130,130,1227,0,8,12.530431214406866,4.652700001315679,129.0953999996418,7827.854115729421
1782212160,3,,Aggregated,0.900000,0.000000,8,12,15,22,25,28,36,39,47,130,130,1227,0,8,12.530431214406866,4.652700001315679,129.0953999996418,7827.854115729421
1782212161,3,,Aggregated,0.900000,0.000000,8,12,15,22,25,28,36,39,47,130,130,1229,0,8,12.534016192090833,4.652700001315679,129.0953999996418,7827.7973962571195
1782212162,3,,Aggregated,0.700000,0.000000,8,12,15,22,25,28,36,39,47,130,130,1230,0,8,12.530057235837775,4.652700001315679,129.0953999996418,7825.569105691057
1782212163,3,,Aggregated,0.700000,0.000000,8,12,15,22,25,28,36,39,47,130,130,1230,0,8,12.530057235837775,4.652700001315679,129.0953999996418,7825.569105691057
1782212164,3,,Aggregated,0.700000,0.000000,8,12,15,22,25,28,36,39,47,130,130,1230,0,8,12.530057235837775,4.652700001315679,129.0953999996418,7825.569105691057
1782212165,3,,Aggregated,0.800000,0.000000,8,12,15,22,25,28,36,39,47,130,130,1232,0,8,12.525086850712784,4.652700001315679,129.0953999996418,7826.147727272727
1782212166,3,,Aggregated,0.800000,0.000000,8,12,15,22,25,28,36,39,47,130,130,1233,0,8,12.519812084410262,4.652700001315679,129.0953999996418,7824.557177615572
1782212167,3,,Aggregated,0.600000,0.000000,8,12,15,22,25,28,36,39,47,130,130,1234,0,8,12.514251620808425,4.652700001315679,129.0953999996418,7822.969205834684
1782212168,3,,Aggregated,0.900000,0.000000,8,12,15,22,25,28,36,39,47,130,130,1236,0,8,12.517630420774967,4.652700001315679,129.0953999996418,7822.92071197411
1782212169,3,,Aggregated,0.900000,0.000000,8,12,15,22,25,28,36,39,47,130,130,1236,0,8,12.517630420774967,4.652700001315679,129.0953999996418,7822.92071197411
1782212170,3,,Aggregated,0.900000,0.000000,8,12,15,22,25,28,36,39,47,130,130,1236,0,8,12.517630420774967,4.652700001315679,129.0953999996418,7822.92071197411
1782212171,3,,Aggregated,0.900000,0.000000,8,12,15,22,25,28,36,39,47,130,130,1237,0,8,12.517872999252075,4.652700001315679,129.0953999996418,7825.084074373484
1782212172,3,,Aggregated,0.900000,0.000000,8,12,15,22,25,28,36,39,47,130,130,1238,0,8,12.51241348955936,4.652700001315679,129.0953999996418,7823.500807754443
1782212173,3,,Aggregated,0.900000,0.000000,8,12,15,22,25,28,36,39,47,130,130,1239,0,8,12.51261025026319,4.652700001315679,129.0953999996418,7825.66020984665
1782212174,3,,Aggregated,0.900000,0.000000,8,12,15,22,25,28,36,39,47,130,130,1239,0,8,12.51261025026319,4.652700001315679,129.0953999996418,7825.66020984665
1782212175,3,,Aggregated,0.900000,0.000000,8,12,15,22,25,28,36,39,47,130,130,1240,0,8,12.50699629038448,4.652700001315679,129.0953999996418,7824.079032258064
1782212176,3,,Aggregated,0.900000,0.000000,8,12,15,22,25,28,36,39,47,130,130,1241,0,8,12.517049234550722,4.652700001315679,129.0953999996418,7826.234488315874
1782212177,3,,Aggregated,0.900000,0.000000,8,12,15,22,25,28,36,39,47,130,130,1242,0,8,12.521963526632282,4.652700001315679,129.0953999996418,7828.386473429951
1782212178,3,,Aggregated,0.800000,0.000000,8,12,15,22,25,28,36,39,47,130,130,1243,0,8,12.525482703199469,4.652700001315679,129.0953999996418,7830.534995977474
1782212179,3,,Aggregated,0.800000,0.000000,8,12,15,22,25,28,36,39,47,130,130,1243,0,8,12.525482703199469,4.652700001315679,129.0953999996418,7830.534995977474
1782212180,3,,Aggregated,0.700000,0.000000,8,12,15,22,25,28,36,39,47,130,130,1245,0,8,12.535556626565644,4.652700001315679,129.0953999996418,7834.821686746988
1782212181,3,,Aggregated,0.700000,0.000000,8,12,15,22,25,28,36,39,47,130,130,1246,0,8,12.557601605195352,4.652700001315679,129.0953999996418,7836.959871589085
1782212182,3,,Aggregated,0.800000,0.000000,8,12,15,22,25,28,36,39,47,130,130,1248,0,8,12.55734967954735,4.652700001315679,129.0953999996418,7837.51282051282
1782212183,3,,Aggregated,0.800000,0.000000,8,12,15,22,25,28,36,39,47,130,130,1248,0,8,12.55734967954735,4.652700001315679,129.0953999996418,7837.51282051282
1782212184,3,,Aggregated,0.800000,0.000000,8,12,15,22,25,28,36,39,47,130,130,1248,0,8,12.55734967954735,4.652700001315679,129.0953999996418,7837.51282051282
1782212185,3,,Aggregated,0.900000,0.000000,8,12,15,22,25,28,36,39,47,130,130,1251,0,8,12.549860511647768,4.652700001315679,129.0953999996418,7836.486810551559
1782212186,3,,Aggregated,0.900000,0.000000,8,12,15,22,25,28,36,39,47,130,130,1251,0,8,12.549860511647768,4.652700001315679,129.0953999996418,7836.486810551559
1782212187,3,,Aggregated,0.900000,0.000000,8,12,15,22,25,28,36,39,47,130,130,1251,0,8,12.549860511647768,4.652700001315679,129.0953999996418,7836.486810551559
1782212188,3,,Aggregated,0.900000,0.000000,8,12,15,22,25,28,36,39,47,130,130,1251,0,8,12.549860511647768,4.652700001315679,129.0953999996418,7836.486810551559
1782212189,3,,Aggregated,0.900000,0.000000,8,12,15,22,25,28,36,39,47,130,130,1254,0,8,12.548387480119041,4.652700001315679,129.0953999996418,7834.224880382775
1782212190,3,,Aggregated,0.900000,0.000000,8,12,15,22,25,28,36,39,47,130,130,1254,0,8,12.548387480119041,4.652700001315679,129.0953999996418,7834.224880382775
1782212191,3,,Aggregated,0.900000,0.000000,8,12,15,22,25,28,36,39,47,130,130,1254,0,8,12.548387480119041,4.652700001315679,129.0953999996418,7834.224880382775
1782212192,3,,Aggregated,1.000000,0.000000,8,12,15,22,25,28,36,39,47,130,130,1255,0,8,12.543404621567921,4.652700001315679,129.0953999996418,7832.65577689243
1782212193,3,,Aggregated,0.900000,0.000000,8,12,15,22,25,28,36,39,47,130,130,1257,0,8,12.55435950681338,4.652700001315679,129.0953999996418,7836.898170246619
1782212194,3,,Aggregated,0.900000,0.000000,8,12,15,22,25,28,36,39,47,130,130,1257,0,8,12.55435950681338,4.652700001315679,129.0953999996418,7836.898170246619
1782212195,3,,Aggregated,0.900000,0.000000,8,12,15,22,25,28,36,39,47,130,130,1257,0,8,12.55435950681338,4.652700001315679,129.0953999996418,7836.898170246619
1782212196,3,,Aggregated,0.900000,0.000000,8,12,15,22,25,28,36,39,47,130,130,1258,0,8,12.548698807682344,4.652700001315679,129.0953999996418,7835.330683624801
1782212197,3,,Aggregated,0.600000,0.000000,8,12,15,22,25,28,36,39,47,130,130,1260,0,8,12.540308730208453,4.652700001315679,129.0953999996418,7832.203174603174
1782212198,3,,Aggregated,0.600000,0.000000,8,12,15,22,25,28,36,39,47,130,130,1260,0,8,12.540308730208453,4.652700001315679,129.0953999996418,7832.203174603174
1782212199,3,,Aggregated,0.600000,0.000000,8,12,15,22,25,28,36,39,47,130,130,1260,0,8,12.540308730208453,4.652700001315679,129.0953999996418,7832.203174603174
1782212200,3,,Aggregated,0.900000,0.000000,8,12,15,22,25,28,36,39,47,130,130,1261,0,8,12.548782394975735,4.652700001315679,129.0953999996418,7834.318001586043
1782212201,3,,Aggregated,0.900000,0.000000,8,12,15,22,25,28,36,39,47,130,130,1261,0,8,12.548782394975735,4.652700001315679,129.0953999996418,7834.318001586043
1782212202,3,,Aggregated,0.600000,0.000000,8,12,15,22,25,28,36,39,47,130,130,1263,0,8,12.542761916124679,4.652700001315679,129.0953999996418,7834.868566904196
1782212203,3,,Aggregated,0.700000,0.000000,8,12,15,22,25,28,36,39,47,130,130,1264,0,8,12.543561629797031,4.652700001315679,129.0953999996418,7836.976265822785
1782212204,3,,Aggregated,0.700000,0.000000,8,12,15,22,25,28,36,39,47,130,130,1264,0,8,12.543561629797031,4.652700001315679,129.0953999996418,7836.976265822785
1782212205,3,,Aggregated,0.700000,0.000000,8,12,15,22,25,28,36,39,47,130,130,1267,0,8,12.542595895870123,4.652700001315679,129.0953999996418,7835.350434096291
1782212206,3,,Aggregated,0.700000,0.000000,8,12,15,22,25,28,36,39,47,130,130,1267,0,8,12.542595895870123,4.652700001315679,129.0953999996418,7835.350434096291
1782212207,3,,Aggregated,0.700000,0.000000,8,12,15,22,25,28,36,39,47,130,130,1269,0,8,12.537058471292704,4.652700001315679,129.0953999996418,7835.896769109535
1782212208,3,,Aggregated,1.000000,0.000000,8,12,15,22,25,28,36,39,47,130,130,1270,0,8,12.536645354385104,4.652700001315679,129.0953999996418,7837.993700787401
1782212209,3,,Aggregated,0.900000,0.000000,8,12,15,22,25,28,36,39,47,130,130,1271,0,8,12.531764122793746,4.652700001315679,129.0953999996418,7836.441384736428
1782212210,3,,Aggregated,0.900000,0.000000,8,12,15,22,25,28,36,39,47,130,130,1272,0,8,12.52660919817,4.652700001315679,129.0953999996418,7834.279874213837
1782212211,3,,Aggregated,0.900000,0.000000,8,12,15,22,25,28,36,39,47,130,130,1272,0,8,12.52660919817,4.652700001315679,129.0953999996418,7834.279874213837
1782212212,3,,Aggregated,1.100000,0.000000,8,12,15,22,25,28,36,39,47,130,130,1274,0,8,12.516599764578183,4.652700001315679,129.0953999996418,7830.57770800628
1782212213,3,,Aggregated,1.100000,0.000000,8,12,15,22,25,28,36,39,47,130,130,1275,0,8,12.513042666724491,4.652700001315679,129.0953999996418,7829.0360784313725
1782212214,3,,Aggregated,1.100000,0.000000,8,12,15,22,25,28,36,39,47,130,130,1275,0,8,12.513042666724491,4.652700001315679,129.0953999996418,7829.0360784313725
1782212215,3,,Aggregated,1.000000,0.000000,8,12,15,22,25,28,36,39,47,130,130,1276,0,8,12.520890752407995,4.652700001315679,129.0953999996418,7831.128526645768
1782212216,3,,Aggregated,1.000000,0.000000,8,12,15,22,25,28,36,39,47,130,130,1276,0,8,12.520890752407995,4.652700001315679,129.0953999996418,7831.128526645768
1782212217,3,,Aggregated,1.200000,0.000000,8,12,15,22,25,28,36,39,47,130,130,1278,0,8,12.520039280182647,4.652700001315679,129.0953999996418,7831.677621283255
1782212218,3,,Aggregated,0.900000,0.000000,8,12,15,22,25,28,36,39,47,130,130,1279,0,8,12.52630367480343,4.652700001315679,129.0953999996418,7833.763096168882
1782212219,3,,Aggregated,0.900000,0.000000,8,12,15,22,25,28,36,39,47,130,130,1279,0,8,12.52630367480343,4.652700001315679,129.0953999996418,7833.763096168882
1782212220,3,,Aggregated,0.900000,0.000000,8,12,15,22,25,28,36,39,47,130,130,1280,0,8,12.534263046930505,4.652700001315679,129.0953999996418,7835.8453125
1782212221,3,,Aggregated,0.900000,0.000000,8,12,15,22,25,28,36,39,47,130,130,1281,0,8,12.529490476245016,4.652700001315679,129.0953999996418,7834.306791569086
1782212222,3,,Aggregated,0.800000,0.000000,8,12,15,22,25,28,36,39,47,130,130,1282,0,8,12.524559672441706,4.652700001315679,129.0953999996418,7832.163806552262
1782212223,3,,Aggregated,0.800000,0.000000,8,12,15,22,25,28,36,39,47,130,130,1283,0,8,12.520112782595595,4.652700001315679,129.0953999996418,7830.024162120031
1782212224,3,,Aggregated,0.800000,0.000000,8,12,15,22,25,28,36,39,47,130,130,1283,0,8,12.520112782595595,4.652700001315679,129.0953999996418,7830.024162120031
1782212225,3,,Aggregated,0.800000,0.000000,8,12,15,22,25,28,36,39,47,130,130,1284,0,8,12.529199221238304,4.652700001315679,129.0953999996418,7832.102803738318
1782212226,3,,Aggregated,0.800000,0.000000,8,12,15,22,25,28,36,39,47,130,130,1285,0,8,12.523907704335675,4.652700001315679,129.0953999996418,7829.96653696498
1782212228,3,,Aggregated,0.700000,0.000000,8,12,15,22,25,28,36,39,47,130,130,1286,0,8,12.538215785436144,4.652700001315679,129.0953999996418,7832.04199066874
1782212229,3,,Aggregated,0.800000,0.000000,8,12,15,22,25,28,36,39,47,130,130,1287,0,8,12.533348096405396,4.652700001315679,129.0953999996418,7829.909090909091
1782212230,3,,Aggregated,0.900000,0.000000,8,12,15,22,25,28,36,39,47,130,130,1288,0,8,12.528124378938136,4.652700001315679,129.0953999996418,7828.383540372671
1782212231,3,,Aggregated,0.900000,0.000000,8,12,15,22,25,28,36,39,47,130,130,1288,0,8,12.528124378938136,4.652700001315679,129.0953999996418,7828.383540372671
1782212232,3,,Aggregated,0.800000,0.000000,8,12,15,22,25,28,36,39,47,130,130,1291,0,8,12.52674151826043,4.652700001315679,129.0953999996418,7826.807900852053
1782212233,3,,Aggregated,0.800000,0.000000,8,12,15,22,25,28,36,39,47,130,130,1291,0,8,12.52674151826043,4.652700001315679,129.0953999996418,7826.807900852053
1782212234,3,,Aggregated,0.800000,0.000000,8,12,15,22,25,28,36,39,47,130,130,1292,0,8,12.521753096033628,4.652700001315679,129.0953999996418,7824.687306501548
1782212235,3,,Aggregated,1.000000,0.000000,8,12,15,22,25,28,36,39,47,130,130,1293,0,8,12.535256225888457,4.652700001315679,129.0953999996418,7826.755607115236
1782212236,3,,Aggregated,1.000000,0.000000,8,12,15,22,25,28,36,39,47,130,130,1293,0,8,12.535256225888457,4.652700001315679,129.0953999996418,7826.755607115236
1782212237,3,,Aggregated,0.900000,0.000000,8,12,15,22,25,28,36,39,47,130,130,1294,0,8,12.531169088156858,4.652700001315679,129.0953999996418,7825.239567233385
1782212238,3,,Aggregated,1.000000,0.000000,8,12,15,22,25,28,36,39,47,130,130,1295,0,8,12.52763397689045,4.652700001315679,129.0953999996418,7823.725868725869
1782212239,3,,Aggregated,0.900000,0.000000,8,12,15,22,25,28,36,39,47,130,130,1296,0,8,12.538004321043074,4.652700001315679,129.0953999996418,7825.79012345679
1782212240,3,,Aggregated,0.900000,0.000000,8,12,15,22,25,28,36,39,47,130,130,1297,0,8,12.545570547471742,4.652700001315679,129.0953999996418,7827.851195065536
1782212241,3,,Aggregated,0.900000,0.000000,8,12,15,22,25,28,36,39,47,130,130,1297,0,8,12.545570547471742,4.652700001315679,129.0953999996418,7827.851195065536
1782212242,3,,Aggregated,0.900000,0.000000,8,12,15,22,25,28,36,39,47,130,130,1298,0,8,12.541388212689602,4.652700001315679,129.0953999996418,7826.338983050848
1782212243,3,,Aggregated,0.900000,0.000000,8,12,15,22,25,28,36,39,47,130,130,1299,0,8,12.536359892280728,4.652700001315679,129.0953999996418,7824.230177059277
1782212244,3,,Aggregated,0.900000,0.000000,8,12,15,22,25,28,36,39,47,130,130,1300,0,8,12.540806307747866,4.652700001315679,129.0953999996418,7826.287692307692
1782212245,3,,Aggregated,0.700000,0.000000,8,12,15,22,25,28,36,39,47,130,130,1302,0,8,12.547564439380155,4.652700001315679,129.0953999996418,7826.236559139785
1782212246,3,,Aggregated,0.700000,0.000000,8,12,15,22,25,28,36,39,47,130,130,1302,0,8,12.547564439380155,4.652700001315679,129.0953999996418,7826.236559139785
1782212247,3,,Aggregated,0.800000,0.000000,8,12,15,22,25,28,36,39,47,130,130,1303,0,8,12.542156945564003,4.652700001315679,129.0953999996418,7824.731389102072
1782212248,3,,Aggregated,0.900000,0.000000,8,12,15,22,25,28,36,39,47,130,130,1305,0,8,12.53799501921296,4.652700001315679,129.0953999996418,7825.278927203065
1782212249,3,,Aggregated,0.900000,0.000000,8,12,15,22,25,28,36,39,47,130,130,1305,0,8,12.53799501921296,4.652700001315679,129.0953999996418,7825.278927203065
1782212250,3,,Aggregated,0.900000,0.000000,8,12,15,22,25,28,36,39,47,130,130,1305,0,8,12.53799501921296,4.652700001315679,129.0953999996418,7825.278927203065
1782212251,3,,Aggregated,0.900000,0.000000,8,12,15,22,25,28,36,39,47,130,130,1307,0,8,12.545953404795588,4.652700001315679,129.0953999996418,7829.3703136954855
1782212252,3,,Aggregated,0.800000,0.000000,8,12,15,22,25,28,36,39,47,130,130,1308,0,8,12.563887461824894,4.652700001315679,129.0953999996418,7831.41131498471
1782212253,3,,Aggregated,0.800000,0.000000,8,12,15,22,25,28,36,39,47,130,130,1308,0,8,12.563887461824894,4.652700001315679,129.0953999996418,7831.41131498471
1782212254,3,,Aggregated,0.800000,0.000000,8,12,15,22,25,28,36,39,47,130,130,1308,0,8,12.563887461824894,4.652700001315679,129.0953999996418,7831.41131498471
1782212255,3,,Aggregated,0.900000,0.000000,8,12,15,22,25,28,36,39,47,130,130,1310,0,8,12.560265190893373,4.652700001315679,129.0953999996418,7831.352671755725
1782212256,3,,Aggregated,0.900000,0.000000,8,12,15,22,25,28,36,39,47,130,130,1311,0,8,12.555029900891919,4.652700001315679,129.0953999996418,7829.852784134248
1782212257,3,,Aggregated,0.900000,0.000000,8,12,15,22,25,28,36,39,47,130,130,1311,0,8,12.555029900891919,4.652700001315679,129.0953999996418,7829.852784134248
1782212258,3,,Aggregated,0.900000,0.000000,8,12,15,22,25,28,36,39,47,130,130,1311,0,8,12.555029900891919,4.652700001315679,129.0953999996418,7829.852784134248
1782212259,3,,Aggregated,0.900000,0.000000,8,12,15,22,25,28,36,39,47,130,130,1313,0,8,12.573082482915213,4.652700001315679,129.0953999996418,7833.918507235339
1782212260,3,,Aggregated,0.800000,0.000000,8,12,15,22,25,28,36,39,47,130,130,1314,0,8,12.568155403400997,4.652700001315679,129.0953999996418,7831.82800608828
1782212261,3,,Aggregated,0.700000,0.000000,8,12,15,22,25,28,36,39,47,130,130,1315,0,8,12.563474676860611,4.652700001315679,129.0953999996418,7830.332319391635
1782212262,3,,Aggregated,0.800000,0.000000,8,12,15,22,25,28,36,39,47,130,130,1316,0,8,12.562578115554658,4.652700001315679,129.0953999996418,7832.36018237082
1782212263,3,,Aggregated,0.800000,0.000000,8,12,15,22,25,28,36,39,47,130,130,1318,0,8,12.557229362723865,4.652700001315679,129.0953999996418,7832.8907435508345
1782212264,3,,Aggregated,0.800000,0.000000,8,12,15,22,25,28,36,39,47,130,130,1318,0,8,12.557229362723865,4.652700001315679,129.0953999996418,7832.8907435508345
1782212265,3,,Aggregated,0.800000,0.000000,8,12,15,22,25,28,36,39,47,130,130,1318,0,8,12.557229362723865,4.652700001315679,129.0953999996418,7832.8907435508345
1782212266,3,,Aggregated,0.800000,0.000000,8,12,15,22,25,28,36,39,47,130,130,1318,0,8,12.557229362723865,4.652700001315679,129.0953999996418,7832.8907435508345
1782212267,3,,Aggregated,0.900000,0.000000,8,12,15,22,25,28,36,39,47,130,130,1321,0,8,12.565091824428738,4.652700001315679,129.0953999996418,7838.945495836488
1782212268,3,,Aggregated,0.900000,0.000000,8,12,15,22,25,28,36,39,47,130,130,1321,0,8,12.565091824428738,4.652700001315679,129.0953999996418,7838.945495836488
1782212269,3,,Aggregated,0.900000,0.000000,8,12,15,22,25,28,36,39,47,130,130,1321,0,8,12.565091824428738,4.652700001315679,129.0953999996418,7838.945495836488
1782212270,3,,Aggregated,0.900000,0.000000,8,12,15,22,25,28,36,39,47,130,130,1322,0,8,12.56237193651439,4.652700001315679,129.0953999996418,7836.863842662632
1782212271,3,,Aggregated,0.800000,0.000000,8,12,15,22,25,28,36,39,47,130,130,1323,0,8,12.561791005345675,4.652700001315679,129.0953999996418,7838.8760393046105
1782212272,3,,Aggregated,0.800000,0.000000,8,12,15,22,25,28,36,39,47,130,130,1325,0,8,12.57339562269648,4.652700001315679,129.0953999996418,7842.891320754717
1782212273,3,,Aggregated,0.800000,0.000000,8,12,15,22,25,28,36,39,47,130,130,1325,0,8,12.57339562269648,4.652700001315679,129.0953999996418,7842.891320754717
1782212274,3,,Aggregated,0.700000,0.000000,8,12,16,22,25,28,36,39,47,130,130,1326,0,8,12.578034012121766,4.652700001315679,129.0953999996418,7844.894419306184
1782212275,3,,Aggregated,0.700000,0.000000,8,12,16,22,25,28,36,39,47,130,130,1326,0,8,12.578034012121766,4.652700001315679,129.0953999996418,7844.894419306184
1782212276,3,,Aggregated,0.800000,0.000000,8,12,16,22,25,28,36,39,47,130,130,1327,0,8,12.597632780763234,4.652700001315679,129.0953999996418,7846.89449886963
1782212277,3,,Aggregated,0.800000,0.000000,8,12,16,22,25,28,36,39,47,130,130,1328,0,8,12.593078991018507,4.652700001315679,129.0953999996418,7844.816265060241
1782212278,3,,Aggregated,0.800000,0.000000,8,12,16,22,25,28,36,39,47,130,130,1329,0,8,12.600459217512398,4.652700001315679,129.0953999996418,7846.813393528969
1782212279,3,,Aggregated,0.800000,0.000000,8,12,16,22,25,28,36,39,47,130,130,1330,0,8,12.5949148120861,4.652700001315679,129.0953999996418,7844.738345864662
1782212280,3,,Aggregated,0.800000,0.000000,8,12,16,22,25,28,36,39,47,130,130,1331,0,8,12.590568444835718,4.652700001315679,129.0953999996418,7843.2509391435015
1782212281,3,,Aggregated,0.800000,0.000000,8,12,16,22,25,28,36,39,47,130,130,1332,0,8,12.589403378437376,4.652700001315679,129.0953999996418,7845.244744744745
1782212282,3,,Aggregated,0.900000,0.000000,8,12,16,22,25,28,36,39,47,130,130,1333,0,8,12.585145986555625,4.652700001315679,129.0953999996418,7843.175543885972
1782212283,3,,Aggregated,0.900000,0.000000,8,12,16,22,25,28,36,39,47,130,130,1333,0,8,12.585145986555625,4.652700001315679,129.0953999996418,7843.175543885972
1782212284,3,,Aggregated,1.000000,0.000000,8,12,16,22,25,28,36,39,47,130,130,1334,0,8,12.592500224947752,4.652700001315679,129.0953999996418,7845.166416791604
1782212285,3,,Aggregated,0.900000,0.000000,8,12,16,22,25,28,36,39,47,130,130,1335,0,8,12.587429812793992,4.652700001315679,129.0953999996418,7843.683146067416
1782212286,3,,Aggregated,0.800000,0.000000,8,12,16,22,25,28,36,39,47,130,130,1337,0,8,12.579439566253765,4.652700001315679,129.0953999996418,7840.723261032162
1782212287,3,,Aggregated,0.900000,0.000000,8,12,16,22,25,28,36,39,47,130,130,1338,0,8,12.579092003050606,4.652700001315679,129.0953999996418,7842.710014947683
1782212288,3,,Aggregated,0.900000,0.000000,8,12,16,22,25,28,36,39,47,130,130,1338,0,8,12.579092003050606,4.652700001315679,129.0953999996418,7842.710014947683
1782212289,3,,Aggregated,0.900000,0.000000,8,12,16,22,25,28,36,39,47,130,130,1338,0,8,12.579092003050606,4.652700001315679,129.0953999996418,7842.710014947683
1782212290,3,,Aggregated,0.900000,0.000000,8,12,16,22,25,28,36,39,47,130,130,1340,0,8,12.583391044839782,4.652700001315679,129.0953999996418,7843.2164179104475
1782212291,3,,Aggregated,0.900000,0.000000,8,12,16,22,25,28,36,39,47,130,130,1340,0,8,12.583391044839782,4.652700001315679,129.0953999996418,7843.2164179104475
1782212292,3,,Aggregated,0.800000,0.000000,8,12,16,22,25,28,36,39,47,130,130,1342,0,8,12.582452980688345,4.652700001315679,129.0953999996418,7847.17436661699
1782212293,3,,Aggregated,0.800000,0.000000,8,12,16,22,25,28,36,39,47,130,130,1342,0,8,12.582452980688345,4.652700001315679,129.0953999996418,7847.17436661699
1782212294,3,,Aggregated,0.800000,0.000000,8,12,16,22,25,28,36,39,47,130,130,1342,0,8,12.582452980688345,4.652700001315679,129.0953999996418,7847.17436661699
1782212295,3,,Aggregated,0.700000,0.000000,8,12,16,22,25,28,36,39,47,130,130,1343,0,8,12.592448622550068,4.652700001315679,129.0953999996418,7849.148920327625
1782212296,3,,Aggregated,0.900000,0.000000,8,12,16,22,25,28,36,39,47,130,130,1344,0,8,12.591719568517657,4.652700001315679,129.0953999996418,7851.120535714285
1782212297,3,,Aggregated,0.800000,0.000000,8,12,16,22,25,28,36,39,47,130,130,1345,0,8,12.590487806755508,4.652700001315679,129.0953999996418,7853.089219330855
1782212298,3,,Aggregated,0.700000,0.000000,8,12,16,22,25,28,36,39,47,130,130,1347,0,8,12.59336288053915,4.652700001315679,129.0953999996418,7857.017817371938
1782212299,3,,Aggregated,0.700000,0.000000,8,12,16,22,25,28,36,39,47,130,130,1347,0,8,12.59336288053915,4.652700001315679,129.0953999996418,7857.017817371938
1782212300,3,,Aggregated,0.800000,0.000000,8,12,16,22,25,28,36,39,47,130,130,1349,0,8,12.60711830992343,4.652700001315679,129.0953999996418,7860.934766493699
1782212301,3,,Aggregated,0.800000,0.000000,8,12,16,22,25,28,36,39,47,130,130,1349,0,8,12.60711830992343,4.652700001315679,129.0953999996418,7860.934766493699
1782212302,3,,Aggregated,0.900000,0.000000,8,12,16,22,25,28,36,39,47,130,130,1350,0,8,12.602118888955577,4.652700001315679,129.0953999996418,7859.456296296296
1782212303,3,,Aggregated,0.900000,0.000000,8,12,16,22,25,28,36,39,47,130,130,1352,0,8,12.596866716043515,4.652700001315679,129.0953999996418,7859.933431952662
1782212304,3,,Aggregated,0.900000,0.000000,8,12,16,22,25,28,36,39,47,130,130,1352,0,8,12.596866716043515,4.652700001315679,129.0953999996418,7859.933431952662
1782212305,3,,Aggregated,0.900000,0.000000,8,12,16,22,25,28,36,39,47,130,130,1353,0,8,12.613331337835563,4.652700001315679,129.0953999996418,7861.8839615668885
1782212306,3,,Aggregated,1.000000,0.000000,8,12,16,22,25,28,36,39,47,130,130,1354,0,8,12.612435967571098,4.652700001315679,129.0953999996418,7863.8316100443135
1782212307,3,,Aggregated,1.000000,0.000000,8,12,16,22,25,28,36,39,47,130,130,1354,0,8,12.612435967571098,4.652700001315679,129.0953999996418,7863.8316100443135
1782212308,3,,Aggregated,0.900000,0.000000,8,12,16,22,25,28,36,39,47,130,130,1355,0,8,12.612161328479655,4.652700001315679,129.0953999996418,7865.776383763838
1782212309,3,,Aggregated,0.900000,0.000000,8,12,16,22,25,28,36,39,47,130,130,1356,0,8,12.607239454343008,4.652700001315679,129.0953999996418,7863.7271386430675
1782212310,3,,Aggregated,0.900000,0.000000,8,12,16,22,25,28,36,39,47,130,130,1356,0,8,12.607239454343008,4.652700001315679,129.0953999996418,7863.7271386430675
1782212311,3,,Aggregated,0.900000,0.000000,8,12,16,22,25,28,36,39,47,130,130,1358,0,8,12.611609425689917,4.652700001315679,129.0953999996418,7864.19587628866
1782212312,3,,Aggregated,0.900000,0.000000,8,12,16,22,25,28,36,39,47,130,130,1359,0,8,12.612316997857695,4.652700001315679,129.0953999996418,7866.134657836645
1782212313,3,,Aggregated,0.900000,0.000000,8,12,16,22,25,28,36,39,47,130,130,1359,0,8,12.612316997857695,4.652700001315679,129.0953999996418,7866.134657836645
1782212314,3,,Aggregated,0.900000,0.000000,8,12,16,22,25,28,36,39,47,130,130,1361,0,8,12.609090448265663,4.652700001315679,129.0953999996418,7866.027185892726
1782212315,3,,Aggregated,0.900000,0.000000,8,12,16,22,25,28,36,39,47,130,130,1361,0,8,12.609090448265663,4.652700001315679,129.0953999996418,7866.027185892726
1782212316,3,,Aggregated,0.700000,0.000000,8,12,16,22,25,28,36,39,47,130,130,1362,0,8,12.627080910490813,4.652700001315679,129.0953999996418,7867.960352422908
1782212317,3,,Aggregated,0.900000,0.000000,8,12,16,22,25,28,36,39,47,130,130,1364,0,8,12.627003299187242,4.652700001315679,129.0953999996418,7871.818181818182
1782212318,3,,Aggregated,0.900000,0.000000,8,12,16,22,25,28,36,39,47,130,130,1364,0,8,12.627003299187242,4.652700001315679,129.0953999996418,7871.818181818182
1782212319,3,,Aggregated,0.900000,0.000000,8,12,16,22,25,28,36,39,47,130,130,1366,0,8,12.616984114269101,4.652700001315679,129.0953999996418,7868.3103953147875
1782212320,3,,Aggregated,0.900000,0.000000,8,12,16,22,25,28,36,39,47,130,130,1366,0,8,12.616984114269101,4.652700001315679,129.0953999996418,7868.3103953147875
1782212321,3,,Aggregated,0.900000,0.000000,8,12,16,22,25,28,36,39,47,130,130,1368,0,8,12.612646929890042,4.652700001315679,129.0953999996418,7868.769005847953
1782212322,3,,Aggregated,0.900000,0.000000,8,12,16,22,25,28,36,39,47,130,130,1368,0,8,12.612646929890042,4.652700001315679,129.0953999996418,7868.769005847953
1782212323,3,,Aggregated,0.900000,0.000000,8,12,16,22,25,28,36,39,47,130,130,1368,0,8,12.612646929890042,4.652700001315679,129.0953999996418,7868.769005847953
1782212324,3,,Aggregated,1.000000,0.000000,8,12,16,22,25,28,36,39,47,130,130,1370,0,8,12.61625167889889,4.652700001315679,129.0953999996418,7868.658394160584
1782212325,3,,Aggregated,1.000000,0.000000,8,12,16,22,25,28,36,39,47,130,130,1371,0,8,12.611873741862842,4.652700001315679,129.0953999996418,7867.196936542669
1782212326,3,,Aggregated,1.000000,0.000000,8,12,16,22,25,28,36,39,47,130,130,1371,0,8,12.611873741862842,4.652700001315679,129.0953999996418,7867.196936542669
1782212327,3,,Aggregated,1.000000,0.000000,8,12,16,22,25,28,36,39,47,130,130,1373,0,8,12.617925273194038,4.652700001315679,129.0953999996418,7867.655498907502
1782212328,3,,Aggregated,1.000000,0.000000,8,12,16,22,25,28,36,39,47,130,130,1374,0,8,12.626116812295816,4.652700001315679,129.0953999996418,7869.570596797671
1782212329,3,,Aggregated,0.800000,0.000000,8,12,16,22,25,28,36,39,47,130,130,1376,0,8,12.620754869253899,4.652700001315679,129.0953999996418,7870.024709302325
1782212330,3,,Aggregated,0.800000,0.000000,8,12,16,22,25,28,36,39,47,130,130,1376,0,8,12.620754869253899,4.652700001315679,129.0953999996418,7870.024709302325
1782212331,3,,Aggregated,0.900000,0.000000,8,12,16,22,25,28,36,39,47,130,130,1377,0,8,12.620453013865804,4.652700001315679,129.0953999996418,7871.9339143064635
1782212332,3,,Aggregated,0.900000,0.000000,8,12,16,22,25,28,36,39,47,130,130,1377,0,8,12.620453013865804,4.652700001315679,129.0953999996418,7871.9339143064635
1782212333,3,,Aggregated,0.900000,0.000000,8,12,16,22,25,28,36,39,47,130,130,1378,0,8,12.630231712695544,4.652700001315679,129.0953999996418,7873.840348330915
1782212334,3,,Aggregated,0.900000,0.000000,8,12,16,22,25,28,36,39,47,130,130,1380,0,8,12.624768333401901,4.652700001315679,129.0953999996418,7874.286956521739
1782212335,3,,Aggregated,0.900000,0.000000,8,12,16,22,25,28,36,39,47,130,130,1380,0,8,12.624768333401901,4.652700001315679,129.0953999996418,7874.286956521739
1782212336,3,,Aggregated,1.000000,0.000000,8,12,16,22,25,28,36,39,47,130,130,1381,0,8,12.61981571331912,4.652700001315679,129.0953999996418,7872.832005792904
1782212337,3,,Aggregated,1.000000,0.000000,8,12,16,22,25,28,36,39,47,130,130,1381,0,8,12.61981571331912,4.652700001315679,129.0953999996418,7872.832005792904
1782212338,3,,Aggregated,0.900000,0.000000,8,12,16,22,25,28,36,39,47,130,130,1383,0,8,12.614570137449236,4.652700001315679,129.0953999996418,7872.716558206796
1782212339,3,,Aggregated,1.000000,0.000000,8,12,16,22,25,28,36,39,47,130,130,1384,0,8,12.63040527463332,4.652700001315679,129.0953999996418,7874.614161849711
1782212340,3,,Aggregated,0.900000,0.000000,8,12,16,22,25,28,36,39,47,130,130,1385,0,8,12.62576888093266,4.652700001315679,129.0953999996418,7872.601444043321
1782212341,3,,Aggregated,0.900000,0.000000,8,12,16,22,25,28,36,39,47,130,130,1385,0,8,12.62576888093266,4.652700001315679,129.0953999996418,7872.601444043321
1782212342,3,,Aggregated,0.800000,0.000000,8,12,16,22,25,28,36,39,47,130,130,1386,0,8,12.624565295883766,4.652700001315679,129.0953999996418,7874.496392496392
1782212343,3,,Aggregated,0.900000,0.000000,8,12,16,22,25,28,36,39,47,130,130,1387,0,8,12.62133013705481,4.652700001315679,129.0953999996418,7873.047584715213
1782212344,3,,Aggregated,0.900000,0.000000,8,12,16,22,25,28,36,39,47,130,130,1387,0,8,12.62133013705481,4.652700001315679,129.0953999996418,7873.047584715213
1782212345,3,,Aggregated,0.900000,0.000000,8,12,16,22,25,29,36,39,47,130,130,1389,0,8,12.636508999351406,4.652700001315679,129.0953999996418,7876.828653707704
1782212346,3,,Aggregated,0.900000,0.000000,8,12,16,22,25,29,36,39,47,130,130,1390,0,8,12.632806331005426,4.652700001315679,129.0953999996418,7874.821582733813
1782212348,3,,Aggregated,0.700000,0.000000,8,12,16,22,25,29,36,39,47,130,130,1391,0,8,12.63397562911532,4.652700001315679,129.0953999996418,7876.708123652049
1782212349,3,,Aggregated,0.900000,0.000000,8,12,15,22,25,29,36,39,47,130,130,1393,0,8,12.633117157284058,4.652700001315679,129.0953999996418,7880.473079684135
1782212350,3,,Aggregated,0.900000,0.000000,8,12,15,22,25,29,36,39,47,130,130,1393,0,8,12.633117157284058,4.652700001315679,129.0953999996418,7880.473079684135
1782212351,3,,Aggregated,0.900000,0.000000,8,12,15,22,25,29,36,39,47,130,130,1394,0,8,12.628636441964105,4.652700001315679,129.0953999996418,7879.0272596843615
1782212352,3,,Aggregated,1.000000,0.000000,8,12,15,22,25,29,36,39,47,130,130,1395,0,8,12.62400121870941,4.652700001315679,129.0953999996418,7877.583512544803
1782212353,3,,Aggregated,0.900000,0.000000,8,12,15,22,25,29,36,39,47,130,130,1396,0,8,12.619697492907152,4.652700001315679,129.0953999996418,7876.141833810888
1782212354,3,,Aggregated,0.900000,0.000000,8,12,15,22,25,29,36,39,47,130,130,1396,0,8,12.619697492907152,4.652700001315679,129.0953999996418,7876.141833810888
1782212355,3,,Aggregated,0.900000,0.000000,8,12,15,22,25,29,36,39,47,130,130,1396,0,8,12.619697492907152,4.652700001315679,129.0953999996418,7876.141833810888
1782212356,3,,Aggregated,1.000000,0.000000,8,12,15,22,25,29,36,39,47,130,130,1398,0,8,12.62321494999851,4.652700001315679,129.0953999996418,7876.022889842632
1782212357,3,,Aggregated,0.900000,0.000000,8,12,16,22,25,29,36,39,47,130,130,1399,0,8,12.635311794208395,4.652700001315679,129.0953999996418,7877.897784131523
1782212358,3,,Aggregated,0.900000,0.000000,8,12,16,22,25,29,36,39,47,130,130,1400,0,8,12.631204285782067,4.652700001315679,129.0953999996418,7876.46
1782212359,3,,Aggregated,0.900000,0.000000,8,12,15,22,25,29,36,39,47,130,130,1401,0,8,12.62753490370754,4.652700001315679,129.0953999996418,7874.468950749465
1782212360,3,,Aggregated,0.900000,0.000000,8,12,16,22,25,29,36,39,47,130,130,1402,0,8,12.633822182663357,4.652700001315679,129.0953999996418,7876.340941512126
1782212361,3,,Aggregated,0.900000,0.000000,8,12,16,22,25,29,36,39,47,130,130,1403,0,8,12.628840057087684,4.652700001315679,129.0953999996418,7874.352815395581
1782212362,3,,Aggregated,0.800000,0.000000,8,12,16,22,25,29,36,39,47,130,130,1404,0,8,12.625388960179118,4.652700001315679,129.0953999996418,7872.921652421653
1782212363,3,,Aggregated,0.800000,0.000000,8,12,16,22,25,29,36,39,47,130,130,1405,0,8,12.630007473376038,4.652700001315679,129.0953999996418,7874.790747330961
1782212364,3,,Aggregated,0.800000,0.000000,8,12,16,22,25,29,36,39,47,130,130,1405,0,8,12.630007473376038,4.652700001315679,129.0953999996418,7874.790747330961
1782212365,3,,Aggregated,0.900000,0.000000,8,12,16,22,25,29,36,39,47,130,130,1406,0,8,12.625916927518869,4.652700001315679,129.0953999996418,7872.8079658605975
1782212366,3,,Aggregated,0.900000,0.000000,8,12,16,22,25,29,36,39,47,130,130,1407,0,8,12.632877683080336,4.652700001315679,129.0953999996418,7874.674484719261
1782212367,3,,Aggregated,0.900000,0.000000,8,12,16,22,25,29,36,39,47,130,130,1408,0,8,12.629453054043696,4.652700001315679,129.0953999996418,7873.247159090909
1782212368,3,,Aggregated,0.900000,0.000000,8,12,16,22,25,29,36,39,47,130,130,1408,0,8,12.629453054043696,4.652700001315679,129.0953999996418,7873.247159090909
1782212369,3,,Aggregated,0.800000,0.000000,8,12,16,22,25,29,36,39,47,130,130,1409,0,8,12.62577359836307,4.652700001315679,129.0953999996418,7871.821859474805
1782212370,3,,Aggregated,0.900000,0.000000,8,12,16,22,25,29,36,39,47,130,130,1410,0,8,12.621600070987053,4.652700001315679,129.0953999996418,7869.846808510638
1782212371,3,,Aggregated,0.800000,0.000000,8,12,16,22,25,29,36,39,47,130,130,1412,0,8,12.611943059555442,4.652700001315679,129.0953999996418,7867.007082152974
1782212372,3,,Aggregated,0.800000,0.000000,8,12,16,22,25,29,36,39,47,130,130,1412,0,8,12.611943059555442,4.652700001315679,129.0953999996418,7867.007082152974
1782212373,3,,Aggregated,0.900000,0.000000,8,12,15,22,25,29,36,39,47,130,130,1413,0,8,12.608143170625373,4.652700001315679,129.0953999996418,7865.590233545648
1782212374,3,,Aggregated,0.900000,0.000000,8,12,16,22,25,29,36,39,47,130,130,1415,0,8,12.619658374625473,4.652700001315679,129.0953999996418,7869.312367491166
1782212375,3,,Aggregated,0.900000,0.000000,8,12,16,22,25,29,36,39,47,130,130,1415,0,8,12.619658374625473,4.652700001315679,129.0953999996418,7869.312367491166
1782212376,3,,Aggregated,1.000000,0.000000,8,12,15,22,25,29,36,39,47,130,130,1417,0,8,12.611496824344446,4.652700001315679,129.0953999996418,7865.93436838391
1782212377,3,,Aggregated,1.000000,0.000000,8,12,15,22,25,29,36,39,47,130,130,1417,0,8,12.611496824344446,4.652700001315679,129.0953999996418,7865.93436838391
1782212378,3,,Aggregated,0.900000,0.000000,8,12,15,22,25,29,36,39,47,130,130,1418,0,8,12.607131029687181,4.652700001315679,129.0953999996418,7864.523272214386
1782212379,3,,Aggregated,1.000000,0.000000,8,12,16,22,25,29,36,39,47,130,130,1419,0,8,12.616335447566138,4.652700001315679,129.0953999996418,7866.37984496124
1782212380,3,,Aggregated,0.900000,0.000000,8,12,16,22,25,29,36,39,47,130,130,1420,0,8,12.616140281757062,4.652700001315679,129.0953999996418,7868.2338028169015
1782212381,3,,Aggregated,1.000000,0.000000,8,12,15,22,25,29,36,39,47,130,130,1421,0,8,12.61133912744334,4.652700001315679,129.0953999996418,7866.824067558057
1782212382,3,,Aggregated,1.000000,0.000000,8,12,15,22,25,29,36,39,47,130,130,1421,0,8,12.61133912744334,4.652700001315679,129.0953999996418,7866.824067558057
1782212383,3,,Aggregated,1.000000,0.000000,8,12,15,22,25,29,36,39,47,130,130,1422,0,8,12.607539803162982,4.652700001315679,129.0953999996418,7864.869198312236
1782212384,3,,Aggregated,0.800000,0.000000,8,12,16,22,25,29,36,39,47,130,130,1424,0,8,12.625443398948764,4.652700001315679,129.0953999996418,7868.568820224719
1782212385,3,,Aggregated,0.800000,0.000000,8,12,16,22,25,29,36,39,47,130,130,1424,0,8,12.625443398948764,4.652700001315679,129.0953999996418,7868.568820224719
1782212386,3,,Aggregated,1.000000,0.000000,8,12,16,22,25,29,36,39,47,130,130,1425,0,8,12.624783438669718,4.652700001315679,129.0953999996418,7870.414736842105
1782212387,3,,Aggregated,0.900000,0.000000,8,12,16,22,25,29,36,39,47,130,130,1427,0,8,12.620323335745834,4.652700001315679,129.0953999996418,7870.851436580238
1782212388,3,,Aggregated,0.900000,0.000000,8,12,16,22,25,29,36,39,47,130,130,1427,0,8,12.620323335745834,4.652700001315679,129.0953999996418,7870.851436580238
1782212389,3,,Aggregated,0.900000,0.000000,8,12,16,22,25,29,36,39,47,130,130,1427,0,8,12.620323335745834,4.652700001315679,129.0953999996418,7870.851436580238
1782212390,3,,Aggregated,0.800000,0.000000,8,12,16,22,25,29,36,39,47,130,130,1428,0,8,12.61558291324301,4.652700001315679,129.0953999996418,7869.4467787114845
1782212391,3,,Aggregated,0.900000,0.000000,8,12,16,22,25,29,36,39,47,130,130,1429,0,8,12.622134009875516,4.652700001315679,129.0953999996418,7871.286913925822
1782212392,3,,Aggregated,0.800000,0.000000,8,12,16,22,25,29,36,39,47,130,130,1430,0,8,12.617431538539957,4.652700001315679,129.0953999996418,7869.883916083916
1782212393,3,,Aggregated,0.800000,0.000000,8,12,16,22,25,29,36,39,47,130,130,1431,0,8,12.616320405389247,4.652700001315679,129.0953999996418,7871.721174004193
1782212394,3,,Aggregated,0.800000,0.000000,8,12,16,22,25,29,36,39,47,130,130,1431,0,8,12.616320405389247,4.652700001315679,129.0953999996418,7871.721174004193
1782212395,3,,Aggregated,0.900000,0.000000,8,12,15,22,25,29,36,39,47,130,130,1433,0,8,12.607670062880759,4.652700001315679,129.0953999996418,7868.37752965806
1782212396,3,,Aggregated,0.900000,0.000000,8,12,15,22,25,29,36,39,47,130,130,1434,0,8,12.60406868905789,4.652700001315679,129.0953999996418,7866.980474198047
1782212397,3,,Aggregated,0.900000,0.000000,8,12,15,22,25,29,36,39,47,130,130,1434,0,8,12.60406868905789,4.652700001315679,129.0953999996418,7866.980474198047
1782212398,3,,Aggregated,0.900000,0.000000,8,12,15,22,25,29,36,39,47,130,130,1434,0,8,12.60406868905789,4.652700001315679,129.0953999996418,7866.980474198047
1782212399,3,,Aggregated,0.900000,0.000000,8,12,15,22,25,29,36,39,47,130,130,1434,0,8,12.60406868905789,4.652700001315679,129.0953999996418,7866.980474198047
1782212400,3,,Aggregated,0.700000,0.000000,8,12,15,22,25,29,36,39,47,130,130,1437,0,8,12.617022407870493,4.652700001315679,129.0953999996418,7866.025748086291
1782212401,3,,Aggregated,0.700000,0.000000,8,12,15,22,25,29,36,39,47,130,130,1437,0,8,12.617022407870493,4.652700001315679,129.0953999996418,7866.025748086291
1782212402,3,,Aggregated,0.800000,0.000000,8,12,15,22,25,29,36,39,47,130,130,1439,0,8,12.611394440661,4.652700001315679,129.0953999996418,7866.46490618485
1782212403,3,,Aggregated,0.800000,0.000000,8,12,15,22,25,29,36,39,47,130,130,1440,0,8,12.610936597300476,4.652700001315679,129.0953999996418,7868.293055555556
1782212404,3,,Aggregated,0.800000,0.000000,8,12,15,22,25,29,36,39,47,130,130,1440,0,8,12.610936597300476,4.652700001315679,129.0953999996418,7868.293055555556
1782212405,3,,Aggregated,0.800000,0.000000,8,12,15,22,25,29,36,39,47,130,130,1441,0,8,12.60994614858646,4.652700001315679,129.0953999996418,7870.11866759195
1782212406,3,,Aggregated,0.900000,0.000000,8,12,15,22,25,29,36,39,47,130,130,1442,0,8,12.61546796124394,4.652700001315679,129.0953999996418,7871.941747572816
1782212407,3,,Aggregated,0.800000,0.000000,8,12,15,22,25,29,36,39,47,130,130,1443,0,8,12.61126368684201,4.652700001315679,129.0953999996418,7870.550935550936
1782212408,3,,Aggregated,0.800000,0.000000,8,12,15,22,25,29,36,39,47,130,130,1444,0,8,12.6111774931545,4.652700001315679,129.0953999996418,7872.371191135734
1782212409,3,,Aggregated,0.800000,0.000000,8,12,15,22,25,29,36,39,47,130,130,1444,0,8,12.6111774931545,4.652700001315679,129.0953999996418,7872.371191135734
1782212410,3,,Aggregated,0.800000,0.000000,8,12,15,22,25,29,36,39,47,130,130,1445,0,8,12.608741591774148,4.652700001315679,129.0953999996418,7870.982006920415
1782212411,3,,Aggregated,1.000000,0.000000,8,12,15,22,25,29,36,39,47,130,130,1446,0,8,12.627065006993464,4.652700001315679,129.0953999996418,7872.799446749655
1782212412,3,,Aggregated,0.900000,0.000000,8,12,15,22,25,29,36,39,47,130,130,1447,0,8,12.626555494203602,4.652700001315679,129.0953999996418,7874.614374568072
1782212413,3,,Aggregated,0.900000,0.000000,8,12,15,22,25,29,36,39,47,130,130,1448,0,8,12.626771754220202,4.652700001315679,129.0953999996418,7876.426795580111
1782212414,3,,Aggregated,0.800000,0.000000,8,12,15,22,25,29,36,39,47,130,130,1449,0,8,12.622535886894598,4.652700001315679,129.0953999996418,7874.501725327812
1782212415,3,,Aggregated,0.900000,0.000000,8,12,15,22,25,29,36,39,47,130,130,1450,0,8,12.621880689729206,4.652700001315679,129.0953999996418,7876.311724137931
1782212416,3,,Aggregated,0.900000,0.000000,8,12,15,22,25,29,36,39,47,130,130,1451,0,8,12.63599276368532,4.652700001315679,129.0953999996418,7878.119228118539
1782212417,3,,Aggregated,0.900000,0.000000,8,12,15,22,25,29,36,39,47,130,130,1452,0,8,12.631408815500173,4.652700001315679,129.0953999996418,7876.732782369146
1782212418,3,,Aggregated,0.900000,0.000000,8,12,15,22,25,29,36,39,47,130,130,1452,0,8,12.631408815500173,4.652700001315679,129.0953999996418,7876.732782369146
1782212419,3,,Aggregated,0.900000,0.000000,8,12,15,22,25,29,36,39,47,130,130,1455,0,8,12.626114639250464,4.652700001315679,129.0953999996418,7878.954639175257
1782212420,3,,Aggregated,0.900000,0.000000,8,12,15,22,25,29,36,39,47,130,130,1455,0,8,12.626114639250464,4.652700001315679,129.0953999996418,7878.954639175257
1782212421,3,,Aggregated,0.900000,0.000000,8,12,15,22,25,29,36,39,47,130,130,1456,0,8,12.621520467109304,4.652700001315679,129.0953999996418,7877.037087912088
1782212422,3,,Aggregated,0.900000,0.000000,8,12,15,22,25,29,36,39,47,130,130,1457,0,8,12.616642416000737,4.652700001315679,129.0953999996418,7875.656142759094
1782212423,3,,Aggregated,0.900000,0.000000,8,12,15,22,25,29,36,39,47,130,130,1457,0,8,12.616642416000737,4.652700001315679,129.0953999996418,7875.656142759094
1782212424,3,,Aggregated,1.100000,0.000000,8,12,15,22,25,29,36,39,47,130,130,1460,0,8,12.617440685009992,4.652700001315679,129.0953999996418,7877.339726027397
1782212425,3,,Aggregated,1.100000,0.000000,8,12,15,22,25,29,36,39,47,130,130,1460,0,8,12.617440685009992,4.652700001315679,129.0953999996418,7877.339726027397
1782212426,3,,Aggregated,1.000000,0.000000,8,12,15,22,25,29,36,39,47,130,130,1461,0,8,12.612723134917472,4.652700001315679,129.0953999996418,7875.962354551677
1782212427,3,,Aggregated,1.100000,0.000000,8,12,15,22,25,29,36,39,47,130,130,1462,0,8,12.60932195630104,4.652700001315679,129.0953999996418,7874.586867305062
1782212428,3,,Aggregated,1.000000,0.000000,8,12,15,22,25,29,36,39,47,130,130,1463,0,8,12.604433082782403,4.652700001315679,129.0953999996418,7873.213260423787
1782212429,3,,Aggregated,1.000000,0.000000,8,12,15,22,25,29,36,39,47,130,130,1463,0,8,12.604433082782403,4.652700001315679,129.0953999996418,7873.213260423787
1782212430,3,,Aggregated,1.000000,0.000000,8,12,15,22,25,29,36,39,47,130,130,1463,0,8,12.604433082782403,4.652700001315679,129.0953999996418,7873.213260423787
1782212431,3,,Aggregated,1.000000,0.000000,8,12,15,22,25,29,36,39,47,130,130,1465,0,8,12.608220273111419,4.652700001315679,129.0953999996418,7873.634812286689
1782212432,3,,Aggregated,1.000000,0.000000,8,12,15,22,25,29,36,39,47,130,130,1466,0,8,12.607096384792042,4.652700001315679,129.0953999996418,7875.425648021828
1782212433,3,,Aggregated,0.800000,0.000000,8,12,15,22,25,29,36,39,47,130,130,1467,0,8,12.617276141858706,4.652700001315679,129.0953999996418,7877.214042263122
1782212434,3,,Aggregated,0.900000,0.000000,8,12,15,22,25,29,36,39,47,130,130,1468,0,8,12.613971321599216,4.652700001315679,129.0953999996418,7875.3133514986375
1782212435,3,,Aggregated,0.900000,0.000000,8,12,15,22,25,29,36,39,47,130,130,1468,0,8,12.613971321599216,4.652700001315679,129.0953999996418,7875.3133514986375
1782212436,3,,Aggregated,0.800000,0.000000,8,12,15,22,25,29,36,39,47,130,130,1470,0,8,12.615401360618511,4.652700001315679,129.0953999996418,7875.730612244898
1782212437,3,,Aggregated,0.800000,0.000000,8,12,15,22,25,29,36,39,47,130,130,1471,0,8,12.611298096605388,4.652700001315679,129.0953999996418,7874.363698164514
1782212438,3,,Aggregated,0.800000,0.000000,8,12,15,22,25,29,36,39,47,130,130,1471,0,8,12.611298096605388,4.652700001315679,129.0953999996418,7874.363698164514
1782212439,3,,Aggregated,1.000000,0.000000,8,12,15,22,25,29,36,39,47,130,130,1472,0,8,12.607033220178991,4.652700001315679,129.0953999996418,7872.470108695652
1782212440,3,,Aggregated,0.900000,0.000000,8,12,15,22,25,29,36,39,47,130,130,1474,0,8,12.603722116762329,4.652700001315679,129.0953999996418,7872.890094979647
1782212441,3,,Aggregated,0.900000,0.000000,8,12,15,22,25,29,36,39,47,130,130,1474,0,8,12.603722116762329,4.652700001315679,129.0953999996418,7872.890094979647
1782212442,3,,Aggregated,0.900000,0.000000,8,12,15,22,25,29,36,39,47,130,130,1475,0,8,12.599497423803244,4.652700001315679,129.0953999996418,7871.528813559322
1782212443,3,,Aggregated,1.100000,0.000000,8,12,15,22,25,29,36,39,47,130,130,1476,0,8,12.594610704683065,4.652700001315679,129.0953999996418,7870.169376693767
1782212444,3,,Aggregated,1.100000,0.000000,8,12,15,22,25,29,36,39,47,130,130,1477,0,8,12.590453486874566,4.652700001315679,129.0953999996418,7868.285037237644
1782212445,3,,Aggregated,0.900000,0.000000,8,12,15,22,25,29,36,39,47,130,130,1478,0,8,12.58669769967065,4.652700001315679,129.0953999996418,7866.929634641408
1782212446,3,,Aggregated,0.900000,0.000000,8,12,15,22,25,29,36,39,47,130,130,1478,0,8,12.58669769967065,4.652700001315679,129.0953999996418,7866.929634641408
1782212447,3,,Aggregated,0.900000,0.000000,8,12,15,22,25,29,36,39,47,130,130,1479,0,8,12.5828596349636,4.652700001315679,129.0953999996418,7865.576064908722
1782212448,3,,Aggregated,0.900000,0.000000,8,12,15,22,25,29,36,39,47,130,130,1480,0,8,12.589611148723634,4.652700001315679,129.0953999996418,7867.355405405406
1782212449,3,,Aggregated,0.900000,0.000000,8,12,15,22,25,29,36,39,47,130,130,1480,0,8,12.589611148723634,4.652700001315679,129.0953999996418,7867.355405405406
1782212450,3,,Aggregated,0.900000,0.000000,8,12,15,22,25,29,36,39,47,130,130,1482,0,8,12.584574494002691,4.652700001315679,129.0953999996418,7867.780026990553
1782212451,3,,Aggregated,0.900000,0.000000,8,12,15,22,25,29,36,39,47,130,130,1483,0,8,12.580651584700048,4.652700001315679,129.0953999996418,7866.429534726905
1782212452,3,,Aggregated,0.900000,0.000000,8,12,15,22,25,29,36,39,47,130,130,1483,0,8,12.580651584700048,4.652700001315679,129.0953999996418,7866.429534726905
1782212453,3,,Aggregated,0.800000,0.000000,8,12,15,22,25,29,36,39,47,130,130,1485,0,8,12.582864848557218,4.652700001315679,129.0953999996418,7866.33063973064
1782212454,3,,Aggregated,0.900000,0.000000,8,12,15,22,25,29,36,39,47,130,130,1486,0,8,12.578197039101907,4.652700001315679,129.0953999996418,7864.983849259757
1782212455,3,,Aggregated,0.900000,0.000000,8,12,15,22,25,29,36,39,47,130,130,1486,0,8,12.578197039101907,4.652700001315679,129.0953999996418,7864.983849259757
1782212456,3,,Aggregated,0.800000,0.000000,8,12,15,22,25,29,36,39,47,130,130,1487,0,8,12.573930934839279,4.652700001315679,129.0953999996418,7863.638870208473
1782212458,3,,Aggregated,0.900000,0.000000,8,12,15,22,25,29,36,39,47,130,130,1489,0,8,12.573883143120067,4.652700001315679,129.0953999996418,7863.543989254533
1782212459,3,,Aggregated,0.900000,0.000000,8,12,15,22,25,29,36,39,47,130,130,1489,0,8,12.573883143120067,4.652700001315679,129.0953999996418,7863.543989254533
1782212460,3,,Aggregated,0.900000,0.000000,8,12,15,22,25,29,36,39,47,130,130,1490,0,8,12.569635369199748,4.652700001315679,129.0953999996418,7861.680536912751
1782212461,3,,Aggregated,0.900000,0.000000,8,12,15,22,25,29,36,39,47,130,130,1492,0,8,12.571185992029843,4.652700001315679,129.0953999996418,7862.109919571046
1782212462,3,,Aggregated,0.900000,0.000000,8,12,15,22,25,29,36,39,47,130,130,1492,0,8,12.571185992029843,4.652700001315679,129.0953999996418,7862.109919571046
1782212463,3,,Aggregated,0.900000,0.000000,8,12,15,22,25,29,36,39,47,130,130,1492,0,8,12.571185992029843,4.652700001315679,129.0953999996418,7862.109919571046
1782212464,3,,Aggregated,1.000000,0.000000,8,12,15,22,25,29,36,39,47,130,130,1494,0,8,12.568736077715204,4.652700001315679,129.0953999996418,7862.538152610442
1782212465,3,,Aggregated,0.900000,0.000000,8,12,15,22,25,29,36,39,47,130,130,1495,0,8,12.564526153916713,4.652700001315679,129.0953999996418,7860.68160535117
1782212466,3,,Aggregated,0.900000,0.000000,8,12,15,22,25,29,36,39,47,130,130,1495,0,8,12.564526153916713,4.652700001315679,129.0953999996418,7860.68160535117
1782212467,3,,Aggregated,0.900000,0.000000,8,12,15,22,25,29,36,39,47,130,130,1496,0,8,12.55986156424027,4.652700001315679,129.0953999996418,7859.347593582887
1782212468,3,,Aggregated,0.900000,0.000000,8,12,15,22,25,29,36,39,47,130,130,1498,0,8,12.568863150938197,4.652700001315679,129.0953999996418,7859.259012016021
1782212469,3,,Aggregated,0.900000,0.000000,8,12,15,22,25,29,36,39,47,130,130,1498,0,8,12.568863150938197,4.652700001315679,129.0953999996418,7859.259012016021
1782212470,3,,Aggregated,0.900000,0.000000,8,12,15,22,25,29,36,39,47,130,130,1498,0,8,12.568863150938197,4.652700001315679,129.0953999996418,7859.259012016021
1782212471,3,,Aggregated,0.900000,0.000000,8,12,15,22,25,29,36,39,47,130,130,1500,0,8,12.569269400073003,4.652700001315679,129.0953999996418,7862.778666666667
1782212472,3,,Aggregated,0.900000,0.000000,8,12,15,22,25,29,36,39,47,130,130,1501,0,8,12.565088008066658,4.652700001315679,129.0953999996418,7860.9293804130575
1782212473,3,,Aggregated,0.900000,0.000000,8,12,15,22,25,29,36,39,47,130,130,1501,0,8,12.565088008066658,4.652700001315679,129.0953999996418,7860.9293804130575
1782212474,3,,Aggregated,0.800000,0.000000,8,12,15,22,25,29,36,39,47,130,130,1502,0,8,12.571852063986888,4.652700001315679,129.0953999996418,7862.685752330226
1782212475,3,,Aggregated,0.800000,0.000000,8,12,15,22,25,29,36,39,47,130,130,1502,0,8,12.571852063986888,4.652700001315679,129.0953999996418,7862.685752330226
1782212476,3,,Aggregated,0.900000,0.000000,8,12,15,22,25,29,36,39,47,130,130,1504,0,8,12.567583909647007,4.652700001315679,129.0953999996418,7863.110372340426
1782212477,3,,Aggregated,0.900000,0.000000,8,12,15,22,25,29,36,39,47,130,130,1504,0,8,12.567583909647007,4.652700001315679,129.0953999996418,7863.110372340426
1782212478,3,,Aggregated,0.900000,0.000000,8,12,15,22,25,29,36,39,47,130,130,1504,0,8,12.567583909647007,4.652700001315679,129.0953999996418,7863.110372340426
1782212479,3,,Aggregated,0.900000,0.000000,8,12,15,22,25,29,36,39,47,130,130,1506,0,8,12.583922642835516,4.652700001315679,129.0953999996418,7866.610889774236
1782212480,3,,Aggregated,0.800000,0.000000,8,12,15,22,25,29,36,39,47,130,130,1507,0,8,12.58438420710639,4.652700001315679,129.0953999996418,7868.3576642335765
1782212481,3,,Aggregated,0.800000,0.000000,8,12,15,22,25,29,36,39,47,130,130,1507,0,8,12.58438420710639,4.652700001315679,129.0953999996418,7868.3576642335765
1782212482,3,,Aggregated,0.800000,0.000000,8,12,15,22,25,29,36,39,47,130,130,1509,0,8,12.583244797951618,4.652700001315679,129.0953999996418,7871.844267726971
1782212483,3,,Aggregated,0.700000,0.000000,8,12,15,22,25,29,36,39,47,130,130,1510,0,8,12.578922781530677,4.652700001315679,129.0953999996418,7870.515231788079
1782212484,3,,Aggregated,0.700000,0.000000,8,12,15,22,25,29,36,39,47,130,130,1510,0,8,12.578922781530677,4.652700001315679,129.0953999996418,7870.515231788079
1782212485,3,,Aggregated,0.700000,0.000000,8,12,15,22,25,29,36,39,47,130,130,1510,0,8,12.578922781530677,4.652700001315679,129.0953999996418,7870.515231788079
1782212486,3,,Aggregated,0.800000,0.000000,8,12,15,22,25,29,36,39,47,130,130,1513,0,8,12.5816057502402,4.652700001315679,129.0953999996418,7872.66424322538
1782212487,3,,Aggregated,0.800000,0.000000,8,12,15,22,25,29,36,39,47,130,130,1513,0,8,12.5816057502402,4.652700001315679,129.0953999996418,7872.66424322538
1782212488,3,,Aggregated,0.800000,0.000000,8,12,15,22,25,29,36,39,47,130,130,1514,0,8,12.581589167841116,4.652700001315679,129.0953999996418,7874.398943196829
1782212489,3,,Aggregated,0.800000,0.000000,8,12,15,22,25,29,36,39,47,130,130,1514,0,8,12.581589167841116,4.652700001315679,129.0953999996418,7874.398943196829
1782212490,3,,Aggregated,0.900000,0.000000,8,12,15,22,25,29,36,39,47,130,130,1516,0,8,12.577259960495802,4.652700001315679,129.0953999996418,7874.804749340369
1782212491,3,,Aggregated,0.900000,0.000000,8,12,15,22,25,29,36,39,47,130,130,1516,0,8,12.577259960495802,4.652700001315679,129.0953999996418,7874.804749340369
1782212492,3,,Aggregated,0.800000,0.000000,8,12,15,22,25,29,36,39,47,130,130,1517,0,8,12.573079828681001,4.652700001315679,129.0953999996418,7873.479894528675
1782212493,3,,Aggregated,0.900000,0.000000,8,12,15,22,25,29,36,39,47,130,130,1518,0,8,12.581446903893934,4.652700001315679,129.0953999996418,7875.209486166008
1782212494,3,,Aggregated,0.800000,0.000000,8,12,15,22,25,29,36,39,47,130,130,1519,0,8,12.581007636676306,4.652700001315679,129.0953999996418,7876.936800526662
1782212495,3,,Aggregated,0.800000,0.000000,8,12,15,22,25,29,36,39,47,130,130,1519,0,8,12.581007636676306,4.652700001315679,129.0953999996418,7876.936800526662
1782212496,3,,Aggregated,0.800000,0.000000,8,12,15,22,25,29,36,39,47,130,130,1520,0,8,12.577198947440737,4.652700001315679,129.0953999996418,7875.613157894737
1782212497,3,,Aggregated,0.800000,0.000000,8,12,15,22,25,29,36,39,47,130,130,1520,0,8,12.577198947440737,4.652700001315679,129.0953999996418,7875.613157894737
1782212498,3,,Aggregated,0.800000,0.000000,8,12,15,22,25,29,36,39,47,130,130,1522,0,8,12.579803613741007,4.652700001315679,129.0953999996418,7876.015768725361
1782212499,3,,Aggregated,0.800000,0.000000,8,12,15,22,25,29,36,39,47,130,130,1523,0,8,12.575487065076258,4.652700001315679,129.0953999996418,7874.184504267892
1782212500,3,,Aggregated,0.700000,0.000000,8,12,15,22,25,29,36,39,47,130,130,1524,0,8,12.57228976385339,4.652700001315679,129.0953999996418,7872.866141732284
1782212501,3,,Aggregated,0.700000,0.000000,8,12,15,22,25,29,36,39,47,130,130,1524,0,8,12.57228976385339,4.652700001315679,129.0953999996418,7872.866141732284
1782212502,3,,Aggregated,0.900000,0.000000,8,12,15,22,25,29,36,39,47,130,130,1525,0,8,12.568296590236924,4.652700001315679,129.0953999996418,7871.549508196721
1782212503,3,,Aggregated,0.900000,0.000000,8,12,15,22,25,29,36,39,47,130,130,1525,0,8,12.568296590236924,4.652700001315679,129.0953999996418,7871.549508196721
1782212504,3,,Aggregated,0.700000,0.000000,8,12,15,22,25,29,36,39,47,130,130,1528,0,8,12.569987565519076,4.652700001315679,129.0953999996418,7873.675392670157
1782212505,3,,Aggregated,0.700000,0.000000,8,12,15,22,25,29,36,39,47,130,130,1528,0,8,12.569987565519076,4.652700001315679,129.0953999996418,7873.675392670157
1782212506,3,,Aggregated,0.800000,0.000000,8,12,15,22,25,29,36,39,47,130,130,1529,0,8,12.565623479473203,4.652700001315679,129.0953999996418,7872.361674296926
1782212507,3,,Aggregated,0.900000,0.000000,8,12,15,22,25,29,36,39,47,130,130,1530,0,8,12.572619607917481,4.652700001315679,129.0953999996418,7874.078431372549
1782212508,3,,Aggregated,0.900000,0.000000,8,12,15,22,25,29,36,39,47,130,130,1530,0,8,12.572619607917481,4.652700001315679,129.0953999996418,7874.078431372549
1782212509,3,,Aggregated,1.000000,0.000000,8,12,15,22,25,29,36,39,47,130,130,1531,0,8,12.579518745992635,4.652700001315679,129.0953999996418,7875.792945787067
1782212510,3,,Aggregated,1.000000,0.000000,8,12,15,22,25,29,36,39,47,130,130,1532,0,8,12.57683080947342,4.652700001315679,129.0953999996418,7873.972584856397
1782212511,3,,Aggregated,0.900000,0.000000,8,12,15,22,25,29,36,39,47,130,130,1533,0,8,12.572560730669405,4.652700001315679,129.0953999996418,7872.662100456621
1782212512,3,,Aggregated,0.900000,0.000000,8,12,15,22,25,29,36,39,47,130,130,1533,0,8,12.572560730669405,4.652700001315679,129.0953999996418,7872.662100456621
1782212513,3,,Aggregated,0.800000,0.000000,8,12,15,22,25,29,36,39,47,130,130,1535,0,8,12.56721830626412,4.652700001315679,129.0953999996418,7873.065146579805
1782212514,3,,Aggregated,0.800000,0.000000,8,12,15,22,25,29,36,39,47,130,130,1535,0,8,12.56721830626412,4.652700001315679,129.0953999996418,7873.065146579805
1782212515,3,,Aggregated,1.000000,0.000000,8,12,15,22,25,29,36,39,47,130,130,1537,0,8,12.559363565461906,4.652700001315679,129.0953999996418,7869.945998698764
1782212516,3,,Aggregated,0.800000,0.000000,8,12,15,22,25,29,36,39,47,130,130,1538,0,8,12.555248504625101,4.652700001315679,129.0953999996418,7868.642392717816
1782212517,3,,Aggregated,0.800000,0.000000,8,12,15,22,25,29,36,39,47,130,130,1538,0,8,12.555248504625101,4.652700001315679,129.0953999996418,7868.642392717816
1782212518,3,,Aggregated,0.800000,0.000000,8,12,15,22,25,29,36,39,47,130,130,1539,0,8,12.551357699880475,4.652700001315679,129.0953999996418,7867.340480831709
1782212519,3,,Aggregated,0.800000,0.000000,8,12,15,22,25,29,36,39,47,130,130,1541,0,8,12.553786177884762,4.652700001315679,129.0953999996418,7867.748864373783
1782212520,3,,Aggregated,0.800000,0.000000,8,12,15,22,25,29,36,39,47,130,130,1541,0,8,12.553786177884762,4.652700001315679,129.0953999996418,7867.748864373783
1782212521,3,,Aggregated,0.900000,0.000000,8,12,15,22,25,29,36,39,47,130,130,1542,0,8,12.553821660258015,4.652700001315679,129.0953999996418,7869.455252918288
1782212522,3,,Aggregated,0.900000,0.000000,8,12,15,22,25,29,36,39,47,130,130,1543,0,8,12.549295463459668,4.652700001315679,129.0953999996418,7868.156189241737
1782212523,3,,Aggregated,0.900000,0.000000,8,12,15,22,25,29,36,39,47,130,130,1544,0,8,12.544816645152617,4.652700001315679,129.0953999996418,7866.858808290155
1782212524,3,,Aggregated,1.000000,0.000000,8,12,15,22,25,29,36,39,47,130,130,1545,0,8,12.556778058326053,4.652700001315679,129.0953999996418,7868.562459546925
1782212525,3,,Aggregated,1.000000,0.000000,8,12,15,22,25,29,36,39,47,130,130,1545,0,8,12.556778058326053,4.652700001315679,129.0953999996418,7868.562459546925
1782212526,3,,Aggregated,0.900000,0.000000,8,12,15,22,25,29,36,39,47,130,130,1546,0,8,12.552337322193814,4.652700001315679,129.0953999996418,7867.266494178525
1782212527,3,,Aggregated,0.900000,0.000000,8,12,15,22,25,29,36,39,47,130,130,1548,0,8,12.557901098261937,4.652700001315679,129.0953999996418,7870.666666666667
1782212528,3,,Aggregated,0.900000,0.000000,8,12,15,22,25,29,36,39,47,130,130,1548,0,8,12.557901098261937,4.652700001315679,129.0953999996418,7870.666666666667
1782212529,3,,Aggregated,0.900000,0.000000,8,12,15,22,25,29,36,39,47,130,130,1548,0,8,12.557901098261937,4.652700001315679,129.0953999996418,7870.666666666667
1782212530,3,,Aggregated,1.000000,0.000000,8,12,15,22,25,29,36,39,47,130,130,1550,0,8,12.56367058071661,4.652700001315679,129.0953999996418,7870.566451612904
1782212531,3,,Aggregated,1.000000,0.000000,8,12,15,22,25,29,36,39,47,130,130,1550,0,8,12.56367058071661,4.652700001315679,129.0953999996418,7870.566451612904
1782212532,3,,Aggregated,0.800000,0.000000,8,12,15,22,25,29,36,39,47,130,130,1552,0,8,12.5656907861548,4.652700001315679,129.0953999996418,7870.967783505154
1782212533,3,,Aggregated,0.900000,0.000000,8,12,15,22,25,29,36,39,47,130,130,1553,0,8,12.56891938191457,4.652700001315679,129.0953999996418,7872.6600128783
1782212534,3,,Aggregated,0.900000,0.000000,8,12,15,22,25,29,36,39,47,130,130,1553,0,8,12.56891938191457,4.652700001315679,129.0953999996418,7872.6600128783
1782212535,3,,Aggregated,0.800000,0.000000,8,12,15,22,25,29,36,39,47,130,130,1554,0,8,12.565453989778991,4.652700001315679,129.0953999996418,7871.3680823680825
1782212536,3,,Aggregated,0.900000,0.000000,8,12,15,22,25,29,36,39,47,130,130,1555,0,8,12.568204501683361,4.652700001315679,129.0953999996418,7873.057877813505
1782212537,3,,Aggregated,0.900000,0.000000,8,12,15,22,25,29,36,39,47,130,130,1556,0,8,12.563475128608797,4.652700001315679,129.0953999996418,7871.76735218509
1782212538,3,,Aggregated,0.900000,0.000000,8,12,15,22,25,29,36,39,47,130,130,1556,0,8,12.563475128608797,4.652700001315679,129.0953999996418,7871.76735218509
1782212539,3,,Aggregated,0.700000,0.000000,8,12,15,22,25,29,36,39,47,130,130,1558,0,8,12.56816001291198,4.652700001315679,129.0953999996418,7875.139922978177
1782212540,3,,Aggregated,0.700000,0.000000,8,12,15,22,25,29,36,39,47,130,130,1558,0,8,12.56816001291198,4.652700001315679,129.0953999996418,7875.139922978177
1782212541,3,,Aggregated,0.800000,0.000000,8,12,15,22,25,29,36,39,47,130,130,1559,0,8,12.564840731312469,4.652700001315679,129.0953999996418,7873.351507376524
1782212542,3,,Aggregated,0.900000,0.000000,8,12,15,22,25,29,36,39,47,130,130,1560,0,8,12.56030775648469,4.652700001315679,129.0953999996418,7872.0641025641025
1782212543,3,,Aggregated,0.900000,0.000000,8,12,15,22,25,29,36,39,47,130,130,1562,0,8,12.569305761916999,4.652700001315679,129.0953999996418,7872.460947503201
1782212544,3,,Aggregated,0.900000,0.000000,8,12,15,22,25,29,36,39,47,130,130,1562,0,8,12.569305761916999,4.652700001315679,129.0953999996418,7872.460947503201
1782212545,3,,Aggregated,0.900000,0.000000,8,12,15,22,25,29,36,39,47,130,130,1562,0,8,12.569305761916999,4.652700001315679,129.0953999996418,7872.460947503201
1782212546,3,,Aggregated,0.800000,0.000000,8,12,15,22,25,29,36,39,47,130,130,1563,0,8,12.570866794699105,4.652700001315679,129.0953999996418,7874.1413947536785
1782212547,3,,Aggregated,0.800000,0.000000,8,12,15,22,25,29,36,39,47,130,130,1564,0,8,12.579729923347765,4.652700001315679,129.0953999996418,7875.819693094629
1782212548,3,,Aggregated,0.900000,0.000000,8,12,15,22,25,29,36,39,47,130,130,1566,0,8,12.580417433023337,4.652700001315679,129.0953999996418,7875.713920817369
1782212549,3,,Aggregated,0.900000,0.000000,8,12,15,22,25,29,36,39,47,130,130,1566,0,8,12.580417433023337,4.652700001315679,129.0953999996418,7875.713920817369
1782212550,3,,Aggregated,0.800000,0.000000,8,12,15,22,25,29,36,39,47,130,130,1567,0,8,12.576467517623744,4.652700001315679,129.0953999996418,7874.43075941289
1782212551,3,,Aggregated,0.900000,0.000000,8,12,15,22,25,29,36,39,47,130,130,1568,0,8,12.576164094463023,4.652700001315679,129.0953999996418,7876.1045918367345
1782212552,3,,Aggregated,0.900000,0.000000,8,12,15,22,25,29,36,39,47,130,130,1568,0,8,12.576164094463023,4.652700001315679,129.0953999996418,7876.1045918367345
1782212553,3,,Aggregated,0.800000,0.000000,8,12,15,22,25,29,36,39,47,130,130,1570,0,8,12.569195923642374,4.652700001315679,129.0953999996418,7873.542675159236
1782212554,3,,Aggregated,0.800000,0.000000,8,12,15,22,25,29,36,39,47,130,130,1571,0,8,12.575448313251957,4.652700001315679,129.0953999996418,7875.213876511776
1782212555,3,,Aggregated,0.800000,0.000000,8,12,15,22,25,29,36,39,47,130,130,1571,0,8,12.575448313251957,4.652700001315679,129.0953999996418,7875.213876511776
1782212556,3,,Aggregated,0.800000,0.000000,8,12,15,22,25,29,36,39,47,130,130,1573,0,8,12.571556134851514,4.652700001315679,129.0953999996418,7875.603941513033
1782212557,3,,Aggregated,0.800000,0.000000,8,12,15,22,25,29,36,39,47,130,130,1573,0,8,12.571556134851514,4.652700001315679,129.0953999996418,7875.603941513033
1782212558,3,,Aggregated,0.800000,0.000000,8,12,15,22,25,29,36,39,47,130,130,1574,0,8,12.58050800515891,4.652700001315679,129.0953999996418,7877.270648030496
1782212559,3,,Aggregated,1.000000,0.000000,8,12,15,22,25,29,36,39,47,130,130,1575,0,8,12.58816444451989,4.652700001315679,129.0953999996418,7878.935238095238
1782212560,3,,Aggregated,0.900000,0.000000,8,12,15,22,25,29,36,39,47,130,130,1576,0,8,12.587312563528723,4.652700001315679,129.0953999996418,7880.59771573604
1782212561,3,,Aggregated,0.800000,0.000000,8,12,15,22,25,29,36,39,47,130,130,1577,0,8,12.583394800331456,4.652700001315679,129.0953999996418,7879.319594166138
1782212562,3,,Aggregated,0.800000,0.000000,8,12,15,22,25,29,36,39,47,130,130,1577,0,8,12.583394800331456,4.652700001315679,129.0953999996418,7879.319594166138
1782212563,3,,Aggregated,0.900000,0.000000,8,12,15,22,25,29,36,39,47,130,130,1578,0,8,12.579560519722248,4.652700001315679,129.0953999996418,7878.04309252218
1782212564,3,,Aggregated,0.900000,0.000000,8,12,15,22,25,29,36,39,47,130,130,1580,0,8,12.581497658304007,4.652700001315679,129.0953999996418,7878.427848101266
1782212565,3,,Aggregated,0.900000,0.000000,8,12,15,22,25,29,36,39,47,130,130,1580,0,8,12.581497658304007,4.652700001315679,129.0953999996418,7878.427848101266
1782212566,3,,Aggregated,0.900000,0.000000,8,12,15,22,25,29,36,39,47,130,130,1580,0,8,12.581497658304007,4.652700001315679,129.0953999996418,7878.427848101266
1782212567,3,,Aggregated,0.900000,0.000000,8,12,15,22,25,29,36,39,47,130,130,1582,0,8,12.574431542427822,4.652700001315679,129.0953999996418,7875.390644753476
1782212568,3,,Aggregated,0.900000,0.000000,8,12,15,22,25,29,36,39,47,130,130,1583,0,8,12.57433025907685,4.652700001315679,129.0953999996418,7877.048010107391
1782212570,3,,Aggregated,0.900000,0.000000,8,12,15,22,25,29,36,39,47,130,130,1583,0,8,12.57433025907685,4.652700001315679,129.0953999996418,7877.048010107391
1782212571,3,,Aggregated,0.900000,0.000000,8,12,15,22,25,29,36,39,47,130,130,1585,0,8,12.586426624683229,4.652700001315679,129.0953999996418,7877.432807570978
1782212572,3,,Aggregated,0.900000,0.000000,8,12,15,22,25,29,36,39,47,130,130,1586,0,8,12.582640920632638,4.652700001315679,129.0953999996418,7876.163934426229
1782212573,3,,Aggregated,0.900000,0.000000,8,12,15,22,25,29,36,39,47,130,130,1586,0,8,12.582640920632638,4.652700001315679,129.0953999996418,7876.163934426229
1782212574,3,,Aggregated,0.900000,0.000000,8,12,15,22,25,29,36,39,47,130,130,1587,0,8,12.582014366807323,4.652700001315679,129.0953999996418,7877.816635160681
1782212575,3,,Aggregated,0.900000,0.000000,8,12,15,22,25,29,36,39,47,130,130,1589,0,8,12.57389672758036,4.652700001315679,129.0953999996418,7875.283196979232
1782212576,3,,Aggregated,0.900000,0.000000,8,12,15,22,25,29,36,39,47,130,130,1589,0,8,12.57389672758036,4.652700001315679,129.0953999996418,7875.283196979232
1782212577,3,,Aggregated,0.900000,0.000000,8,12,15,22,25,29,36,39,47,130,130,1590,0,8,12.56981459127299,4.652700001315679,129.0953999996418,7874.018867924528
1782212578,3,,Aggregated,0.900000,0.000000,8,12,15,22,25,29,36,39,47,130,130,1592,0,8,12.57222945987999,4.652700001315679,129.0953999996418,7873.917085427136
1782212579,3,,Aggregated,0.900000,0.000000,8,12,15,22,25,29,36,39,47,130,130,1593,0,8,12.571177652310366,4.652700001315679,129.0953999996418,7875.5649717514125
1782212580,3,,Aggregated,0.900000,0.000000,8,12,15,22,25,29,36,39,47,130,130,1593,0,8,12.571177652310366,4.652700001315679,129.0953999996418,7875.5649717514125
1782212581,3,,Aggregated,1.000000,0.000000,8,12,15,22,25,29,36,39,47,130,130,1594,0,8,12.567806461812784,4.652700001315679,129.0953999996418,7873.815558343789
1782212582,3,,Aggregated,1.000000,0.000000,8,12,15,22,25,29,36,39,47,130,130,1595,0,8,12.564092978137527,4.652700001315679,129.0953999996418,7872.068338557994
1782212583,3,,Aggregated,1.000000,0.000000,8,12,15,22,25,29,36,39,47,130,130,1595,0,8,12.564092978137527,4.652700001315679,129.0953999996418,7872.068338557994
1782212584,3,,Aggregated,0.900000,0.000000,8,12,15,22,25,29,36,39,47,130,130,1596,0,8,12.560051441182726,4.652700001315679,129.0953999996418,7870.3233082706765
1782212585,3,,Aggregated,0.900000,0.000000,8,12,15,22,25,29,36,39,47,130,130,1598,0,8,12.553145682182647,4.652700001315679,129.0953999996418,7867.81351689612
1782212586,3,,Aggregated,0.900000,0.000000,8,12,15,22,25,29,36,39,47,130,130,1598,0,8,12.553145682182647,4.652700001315679,129.0953999996418,7867.81351689612
1782212587,3,,Aggregated,0.900000,0.000000,8,12,15,22,25,29,36,39,47,130,130,1599,0,8,12.549196122656726,4.652700001315679,129.0953999996418,7866.5609756097565
1782212588,3,,Aggregated,0.900000,0.000000,8,12,15,22,25,29,36,39,47,130,130,1599,0,8,12.549196122656726,4.652700001315679,129.0953999996418,7866.5609756097565
1782212589,3,,Aggregated,0.900000,0.000000,8,12,15,22,25,29,36,39,47,130,130,1601,0,8,12.561992879530473,4.652700001315679,129.0953999996418,7869.849469081824
1782212590,3,,Aggregated,0.900000,0.000000,8,12,15,22,25,29,36,39,47,130,130,1602,0,8,12.572849375861738,4.652700001315679,129.0953999996418,7871.490636704119
1782212591,3,,Aggregated,0.900000,0.000000,8,12,15,22,25,29,36,39,47,130,130,1602,0,8,12.572849375861738,4.652700001315679,129.0953999996418,7871.490636704119
1782212592,3,,Aggregated,0.900000,0.000000,8,12,15,22,25,29,36,39,47,130,130,1602,0,8,12.572849375861738,4.652700001315679,129.0953999996418,7871.490636704119
1782212593,3,,Aggregated,0.900000,0.000000,8,12,15,22,25,29,36,39,47,130,130,1604,0,8,12.567988279383973,4.652700001315679,129.0953999996418,7871.392768079801
1782212594,3,,Aggregated,0.700000,0.000000,8,12,15,22,25,29,36,39,47,130,130,1605,0,8,12.58562834899355,4.652700001315679,129.0953999996418,7873.029906542056
1782212595,3,,Aggregated,0.700000,0.000000,8,12,15,22,25,29,36,39,47,130,130,1605,0,8,12.58562834899355,4.652700001315679,129.0953999996418,7873.029906542056
1782212596,3,,Aggregated,0.800000,0.000000,8,12,15,22,25,29,36,39,47,130,130,1606,0,8,12.581315691241207,4.652700001315679,129.0953999996418,7871.779576587795
1782212597,3,,Aggregated,0.800000,0.000000,8,12,15,22,25,29,36,39,47,130,130,1607,0,8,12.58063391420918,4.652700001315679,129.0953999996418,7873.41443683883
1782212598,3,,Aggregated,0.700000,0.000000,8,12,15,22,25,29,36,39,47,130,130,1608,0,8,12.57755796028342,4.652700001315679,129.0953999996418,7872.165422885572
1782212599,3,,Aggregated,0.700000,0.000000,8,12,15,22,25,29,36,39,47,130,130,1608,0,8,12.57755796028342,4.652700001315679,129.0953999996418,7872.165422885572
1782212600,3,,Aggregated,0.800000,0.000000,8,12,15,22,25,29,36,39,47,130,130,1610,0,8,12.583870062195466,4.652700001315679,129.0953999996418,7875.428571428572
1782212601,3,,Aggregated,0.900000,0.000000,8,12,15,22,25,29,36,39,47,130,130,1611,0,8,12.583399751790399,4.652700001315679,129.0953999996418,7877.057107386717
1782212602,3,,Aggregated,0.900000,0.000000,8,12,15,22,25,29,36,39,47,130,130,1612,0,8,12.582672890900673,4.652700001315679,129.0953999996418,7878.683622828784
1782212603,3,,Aggregated,0.800000,0.000000,8,12,15,22,25,29,36,39,47,130,130,1613,0,8,12.578358772556198,4.652700001315679,129.0953999996418,7877.435213887166
1782212604,3,,Aggregated,1.000000,0.000000,8,12,15,22,25,29,36,39,47,130,130,1614,0,8,12.578183581248158,4.652700001315679,129.0953999996418,7879.059479553904
1782212605,3,,Aggregated,1.000000,0.000000,8,12,15,22,25,29,36,39,47,130,130,1615,0,8,12.574474984602809,4.652700001315679,129.0953999996418,7877.330650154799
1782212606,3,,Aggregated,0.900000,0.000000,8,12,15,22,25,29,36,39,47,130,130,1616,0,8,12.581387933251602,4.652700001315679,129.0953999996418,7878.952970297029
1782212607,3,,Aggregated,1.000000,0.000000,8,12,15,22,25,29,36,39,47,130,130,1617,0,8,12.58132640701035,4.652700001315679,129.0953999996418,7880.573283858998
1782212608,3,,Aggregated,1.000000,0.000000,8,12,15,22,25,29,36,39,47,130,130,1617,0,8,12.58132640701035,4.652700001315679,129.0953999996418,7880.573283858998
1782212609,3,,Aggregated,0.900000,0.000000,8,12,15,22,25,29,36,39,47,130,130,1619,0,8,12.577059728312326,4.652700001315679,129.0953999996418,7880.465101914762
1782212610,3,,Aggregated,0.900000,0.000000,8,12,15,22,25,29,36,39,47,130,130,1620,0,8,12.572721975391934,4.652700001315679,129.0953999996418,7879.220987654321
1782212611,3,,Aggregated,0.900000,0.000000,8,12,15,22,25,29,36,39,47,130,130,1621,0,8,12.569049228955107,4.652700001315679,129.0953999996418,7877.498457742135
1782212612,3,,Aggregated,0.900000,0.000000,8,12,15,22,25,29,36,39,47,130,130,1621,0,8,12.569049228955107,4.652700001315679,129.0953999996418,7877.498457742135
1782212613,3,,Aggregated,0.900000,0.000000,8,12,15,22,25,29,36,39,47,130,130,1621,0,8,12.569049228955107,4.652700001315679,129.0953999996418,7877.498457742135
1782212614,3,,Aggregated,1.000000,0.000000,8,12,15,22,25,29,36,39,47,130,130,1624,0,8,12.569037315354095,4.652700001315679,129.0953999996418,7876.634236453202
1782212615,3,,Aggregated,1.000000,0.000000,8,12,15,22,25,29,36,39,47,130,130,1624,0,8,12.569037315354095,4.652700001315679,129.0953999996418,7876.634236453202
1782212616,3,,Aggregated,0.800000,0.000000,8,12,15,22,25,29,36,39,47,130,130,1625,0,8,12.569236800083532,4.652700001315679,129.0953999996418,7878.248
1782212617,3,,Aggregated,1.100000,0.000000,8,12,15,22,25,29,36,39,47,130,130,1627,0,8,12.577778672488288,4.652700001315679,129.0953999996418,7881.469575906576
1782212618,3,,Aggregated,1.100000,0.000000,8,12,15,22,25,29,36,39,47,130,130,1627,0,8,12.577778672488288,4.652700001315679,129.0953999996418,7881.469575906576
1782212619,3,,Aggregated,0.900000,0.000000,8,12,15,22,25,29,36,39,47,130,130,1628,0,8,12.573408968144562,4.652700001315679,129.0953999996418,7879.7530712530715
1782212620,3,,Aggregated,1.000000,0.000000,8,12,15,22,25,29,36,39,47,130,130,1630,0,8,12.576377546098966,4.652700001315679,129.0953999996418,7879.646625766871
1782212621,3,,Aggregated,1.000000,0.000000,8,12,15,22,25,29,36,39,47,130,130,1630,0,8,12.576377546098966,4.652700001315679,129.0953999996418,7879.646625766871
1782212622,3,,Aggregated,1.000000,0.000000,8,12,15,22,25,29,36,39,47,130,130,1630,0,8,12.576377546098966,4.652700001315679,129.0953999996418,7879.646625766871
1782212623,3,,Aggregated,0.900000,0.000000,8,12,15,22,25,29,36,39,47,130,130,1633,0,8,12.570841212579369,4.652700001315679,129.0953999996418,7881.620943049602
1782212624,3,,Aggregated,0.900000,0.000000,8,12,15,22,25,29,36,39,47,130,130,1633,0,8,12.570841212579369,4.652700001315679,129.0953999996418,7881.620943049602
1782212625,3,,Aggregated,0.900000,0.000000,8,12,15,22,25,29,36,39,47,130,130,1633,0,8,12.570841212579369,4.652700001315679,129.0953999996418,7881.620943049602
1782212626,3,,Aggregated,0.900000,0.000000,8,12,15,22,25,29,36,39,47,130,130,1635,0,8,12.573832599477328,4.652700001315679,129.0953999996418,7881.988379204893
1782212627,3,,Aggregated,0.900000,0.000000,8,12,15,22,25,29,36,39,47,130,130,1636,0,8,12.57063899764408,4.652700001315679,129.0953999996418,7880.755501222494
1782212628,3,,Aggregated,0.900000,0.000000,8,12,15,22,25,29,36,39,47,130,130,1636,0,8,12.57063899764408,4.652700001315679,129.0953999996418,7880.755501222494
1782212629,3,,Aggregated,0.900000,0.000000,8,12,15,22,25,29,36,39,47,130,130,1638,0,8,12.566931562971495,4.652700001315679,129.0953999996418,7880.648351648351
1782212630,3,,Aggregated,0.900000,0.000000,8,12,15,22,25,29,36,39,47,130,130,1638,0,8,12.566931562971495,4.652700001315679,129.0953999996418,7880.648351648351
1782212631,3,,Aggregated,0.900000,0.000000,8,12,15,22,25,29,36,39,47,130,130,1639,0,8,12.563663941519032,4.652700001315679,129.0953999996418,7879.418547895058
1782212632,3,,Aggregated,1.000000,0.000000,8,12,15,22,25,29,36,39,47,130,130,1640,0,8,12.569467561066942,4.652700001315679,129.0953999996418,7881.015853658537
1782212633,3,,Aggregated,0.900000,0.000000,8,12,15,22,25,29,36,39,47,130,130,1641,0,8,12.579922973887426,4.652700001315679,129.0953999996418,7882.611212675198
1782212634,3,,Aggregated,0.900000,0.000000,8,12,15,22,25,29,36,39,47,130,130,1642,0,8,12.579903775972873,4.652700001315679,129.0953999996418,7884.204628501827
1782212635,3,,Aggregated,0.900000,0.000000,8,12,15,22,25,29,36,39,47,130,130,1642,0,8,12.579903775972873,4.652700001315679,129.0953999996418,7884.204628501827
1782212636,3,,Aggregated,0.900000,0.000000,8,12,15,22,25,29,36,39,47,130,130,1643,0,8,12.579592270325369,4.652700001315679,129.0953999996418,7885.796104686549
1782212637,3,,Aggregated,0.900000,0.000000,8,12,15,22,25,29,36,39,47,130,130,1644,0,8,12.57539805361716,4.652700001315679,129.0953999996418,7884.566909975669
1782212638,3,,Aggregated,0.900000,0.000000,8,12,15,22,25,29,36,39,47,130,130,1644,0,8,12.57539805361716,4.652700001315679,129.0953999996418,7884.566909975669
1782212639,3,,Aggregated,0.800000,0.000000,8,12,15,22,25,29,36,39,47,130,130,1647,0,8,12.579604128808974,4.652700001315679,129.0953999996418,7886.5154826958105
1782212640,3,,Aggregated,0.800000,0.000000,8,12,15,22,25,29,36,39,47,130,130,1647,0,8,12.579604128808974,4.652700001315679,129.0953999996418,7886.5154826958105
1782212641,3,,Aggregated,0.700000,0.000000,8,12,15,22,25,29,36,39,47,130,130,1648,0,8,12.579148301062022,4.652700001315679,129.0953999996418,7888.10072815534
1782212642,3,,Aggregated,0.700000,0.000000,8,12,15,22,25,29,36,39,47,130,130,1648,0,8,12.579148301062022,4.652700001315679,129.0953999996418,7888.10072815534
1782212643,3,,Aggregated,0.900000,0.000000,8,12,15,22,25,29,36,39,47,130,130,1649,0,8,12.578532019496345,4.652700001315679,129.0953999996418,7889.6840509399635
1782212644,3,,Aggregated,0.800000,0.000000,8,12,15,22,25,29,36,39,47,130,130,1651,0,8,12.59060914606111,4.652700001315679,129.0953999996418,7892.844942459115
1782212645,3,,Aggregated,0.800000,0.000000,8,12,15,22,25,29,36,39,47,130,130,1652,0,8,12.586465617521569,4.652700001315679,129.0953999996418,7891.617433414043
1782212646,3,,Aggregated,0.800000,0.000000,8,12,15,22,25,29,36,39,47,130,130,1652,0,8,12.586465617521569,4.652700001315679,129.0953999996418,7891.617433414043
1782212647,3,,Aggregated,0.800000,0.000000,8,12,15,22,25,29,36,39,47,130,130,1652,0,8,12.586465617521569,4.652700001315679,129.0953999996418,7891.617433414043
1782212648,3,,Aggregated,0.900000,0.000000,8,12,15,22,25,29,36,39,47,130,130,1654,0,8,12.583032224997893,4.652700001315679,129.0953999996418,7891.498186215235
1782212649,3,,Aggregated,0.900000,0.000000,8,12,15,22,25,29,36,39,47,130,130,1655,0,8,12.589181389816066,4.652700001315679,129.0953999996418,7893.073716012084
1782212650,3,,Aggregated,0.800000,0.000000,8,12,15,22,25,29,36,39,47,130,130,1656,0,8,12.58530513293896,4.652700001315679,129.0953999996418,7891.37922705314
1782212651,3,,Aggregated,0.800000,0.000000,8,12,15,22,25,29,36,39,47,130,130,1657,0,8,12.584730175105252,4.652700001315679,129.0953999996418,7892.9529269764635
1782212652,3,,Aggregated,0.800000,0.000000,8,12,15,22,25,29,36,39,47,130,130,1657,0,8,12.584730175105252,4.652700001315679,129.0953999996418,7892.9529269764635
1782212653,3,,Aggregated,1.000000,0.000000,8,12,15,22,25,29,36,39,47,130,130,1659,0,8,12.585935563684021,4.652700001315679,129.0953999996418,7893.301386377336
1782212654,3,,Aggregated,1.000000,0.000000,8,12,15,22,25,29,36,39,47,130,130,1659,0,8,12.585935563684021,4.652700001315679,129.0953999996418,7893.301386377336
1782212655,3,,Aggregated,1.000000,0.000000,8,12,15,22,25,29,36,39,47,130,130,1659,0,8,12.585935563684021,4.652700001315679,129.0953999996418,7893.301386377336
1782212656,3,,Aggregated,0.900000,0.000000,8,12,15,22,25,29,36,39,47,130,130,1660,0,8,12.600474698886401,4.652700001315679,129.0953999996418,7894.871084337349
1782212657,3,,Aggregated,0.800000,0.000000,8,12,15,22,25,29,36,39,47,130,130,1661,0,8,12.596364479320656,4.652700001315679,129.0953999996418,7893.180614087899
1782212658,3,,Aggregated,0.800000,0.000000,8,12,15,22,25,29,36,39,47,130,130,1662,0,8,12.595495848467165,4.652700001315679,129.0953999996418,7894.748495788207
1782212659,3,,Aggregated,0.800000,0.000000,8,12,15,22,25,29,36,39,47,130,130,1662,0,8,12.595495848467165,4.652700001315679,129.0953999996418,7894.748495788207
1782212660,3,,Aggregated,0.900000,0.000000,8,12,15,22,25,29,36,39,47,130,130,1663,0,8,12.592799639298443,4.652700001315679,129.0953999996418,7893.527961515334
1782212661,3,,Aggregated,0.700000,0.000000,8,12,15,22,25,29,36,39,47,130,130,1664,0,8,12.608151262110841,4.652700001315679,129.0953999996418,7895.09375
1782212662,3,,Aggregated,0.700000,0.000000,8,12,15,22,25,29,36,39,47,130,130,1664,0,8,12.608151262110841,4.652700001315679,129.0953999996418,7895.09375
1782212663,3,,Aggregated,0.600000,0.000000,8,12,15,22,25,29,36,39,47,130,130,1665,0,8,12.611713093185365,4.652700001315679,129.0953999996418,7896.657657657658
1782212664,3,,Aggregated,0.700000,0.000000,8,12,15,22,25,29,36,39,47,130,130,1666,0,8,12.608482172962896,4.652700001315679,129.0953999996418,7895.438175270108
1782212665,3,,Aggregated,0.700000,0.000000,8,12,15,22,25,29,36,39,47,130,130,1667,0,8,12.604654289234329,4.652700001315679,129.0953999996418,7894.2201559688065
1782212666,3,,Aggregated,0.600000,0.000000,8,12,15,22,25,29,36,39,47,130,130,1668,0,8,12.617464748294294,4.652700001315679,129.0953999996418,7895.781774580336
1782212667,3,,Aggregated,0.800000,0.000000,8,12,15,22,25,29,36,39,47,130,130,1669,0,8,12.613997483615494,4.652700001315679,129.0953999996418,7894.565008987418
1782212668,3,,Aggregated,0.800000,0.000000,8,12,15,22,25,29,36,39,47,130,130,1669,0,8,12.613997483615494,4.652700001315679,129.0953999996418,7894.565008987418
1782212669,3,,Aggregated,0.800000,0.000000,8,12,15,22,25,29,36,39,47,130,130,1670,0,8,12.610208503085918,4.652700001315679,129.0953999996418,7893.349700598802
1782212670,3,,Aggregated,0.800000,0.000000,8,12,15,22,25,29,36,39,47,130,130,1672,0,8,12.606190849373236,4.652700001315679,129.0953999996418,7893.694976076555
1782212671,3,,Aggregated,0.800000,0.000000,8,12,15,22,25,29,36,39,47,130,130,1672,0,8,12.606190849373236,4.652700001315679,129.0953999996418,7893.694976076555
1782212672,3,,Aggregated,0.900000,0.000000,8,12,15,22,25,29,36,39,47,130,130,1673,0,8,12.604303227824648,4.652700001315679,129.0953999996418,7892.017334130305
1782212673,3,,Aggregated,0.900000,0.000000,8,12,15,22,25,29,36,39,47,130,130,1674,0,8,12.60003249710276,4.652700001315679,129.0953999996418,7890.806451612903
1782212674,3,,Aggregated,0.800000,0.000000,8,12,15,22,25,29,36,39,47,130,130,1675,0,8,12.595865253820397,4.652700001315679,129.0953999996418,7889.132537313433
1782212675,3,,Aggregated,0.800000,0.000000,8,12,15,22,25,29,36,39,47,130,130,1675,0,8,12.595865253820397,4.652700001315679,129.0953999996418,7889.132537313433
1782212676,3,,Aggregated,0.900000,0.000000,8,12,15,22,25,29,36,39,47,130,130,1676,0,8,12.601260918942632,4.652700001315679,129.0953999996418,7890.689737470167
1782212677,3,,Aggregated,0.800000,0.000000,8,12,15,22,25,29,36,39,47,130,130,1677,0,8,12.597547406169392,4.652700001315679,129.0953999996418,7889.017889087657
1782212678,3,,Aggregated,0.800000,0.000000,8,12,15,22,25,29,36,39,47,130,130,1678,0,8,12.596809118085524,4.652700001315679,129.0953999996418,7890.573301549463
1782212679,3,,Aggregated,0.800000,0.000000,8,12,15,22,25,29,36,39,47,130,130,1679,0,8,12.59269827286998,4.652700001315679,129.0953999996418,7889.366885050626
1782212681,3,,Aggregated,0.800000,0.000000,8,12,15,22,25,29,36,39,47,130,130,1679,0,8,12.59269827286998,4.652700001315679,129.0953999996418,7889.366885050626
1782212682,3,,Aggregated,0.900000,0.000000,8,12,15,22,25,29,36,39,47,130,130,1681,0,8,12.585304640182528,4.652700001315679,129.0953999996418,7886.495538370018
1782212683,3,,Aggregated,0.800000,0.000000,8,12,15,22,25,29,36,39,47,130,130,1682,0,8,12.580907134451666,4.652700001315679,129.0953999996418,7885.293697978597
1782212684,3,,Aggregated,0.800000,0.000000,8,12,15,22,25,29,36,39,47,130,130,1682,0,8,12.580907134451666,4.652700001315679,129.0953999996418,7885.293697978597
1782212685,3,,Aggregated,0.900000,0.000000,8,12,15,22,25,29,36,39,47,130,130,1683,0,8,12.598515626945542,4.652700001315679,129.0953999996418,7886.846702317291
1782212686,3,,Aggregated,0.900000,0.000000,8,12,15,22,25,29,36,39,47,130,130,1684,0,8,12.60134982194164,4.652700001315679,129.0953999996418,7888.3978622327795
1782212687,3,,Aggregated,0.800000,0.000000,8,12,15,22,25,29,36,39,47,130,130,1685,0,8,12.597631098009844,4.652700001315679,129.0953999996418,7887.197032640949
1782212688,3,,Aggregated,0.800000,0.000000,8,12,15,22,25,29,36,39,47,130,130,1686,0,8,12.600805100917878,4.652700001315679,129.0953999996418,7888.746144721234
1782212689,3,,Aggregated,0.900000,0.000000,8,12,15,22,25,29,36,39,47,130,130,1687,0,8,12.597299051659117,4.652700001315679,129.0953999996418,7887.546532305869
1782212690,3,,Aggregated,0.900000,0.000000,8,12,15,22,25,29,36,39,47,130,130,1687,0,8,12.597299051659117,4.652700001315679,129.0953999996418,7887.546532305869
1782212691,3,,Aggregated,0.900000,0.000000,8,12,15,22,25,29,36,39,47,130,130,1689,0,8,12.602451628268264,4.652700001315679,129.0953999996418,7887.434576672587
1782212692,3,,Aggregated,0.900000,0.000000,8,12,15,22,25,29,36,39,47,130,130,1689,0,8,12.602451628268264,4.652700001315679,129.0953999996418,7887.434576672587
1782212693,3,,Aggregated,0.800000,0.000000,8,12,15,22,25,29,36,39,47,130,130,1690,0,8,12.602891006002656,4.652700001315679,129.0953999996418,7888.9798816568045
1782212694,3,,Aggregated,1.000000,0.000000,8,12,15,22,25,29,36,39,47,130,130,1691,0,8,12.601884328886191,4.652700001315679,129.0953999996418,7887.3228858663515
1782212695,3,,Aggregated,0.800000,0.000000,8,12,15,22,25,29,36,39,47,130,130,1692,0,8,12.597654373607504,4.652700001315679,129.0953999996418,7885.667848699763
1782212696,3,,Aggregated,0.900000,0.000000,8,12,15,22,25,29,36,39,47,130,130,1693,0,8,12.594013053836637,4.652700001315679,129.0953999996418,7884.474305965741
1782212697,3,,Aggregated,0.900000,0.000000,8,12,15,22,25,29,36,39,47,130,130,1693,0,8,12.594013053836637,4.652700001315679,129.0953999996418,7884.474305965741
1782212698,3,,Aggregated,0.800000,0.000000,8,12,15,22,25,29,36,39,47,130,130,1695,0,8,12.585499705100304,4.652700001315679,129.0953999996418,7882.091445427729
1782212699,3,,Aggregated,0.800000,0.000000,8,12,15,22,25,29,36,39,47,130,130,1695,0,8,12.585499705100304,4.652700001315679,129.0953999996418,7882.091445427729
1782212700,3,,Aggregated,0.800000,0.000000,8,12,15,22,25,29,36,39,47,130,130,1696,0,8,12.581315330274968,4.652700001315679,129.0953999996418,7880.90212264151
1782212701,3,,Aggregated,0.800000,0.000000,8,12,15,22,25,29,36,39,47,130,130,1696,0,8,12.581315330274968,4.652700001315679,129.0953999996418,7880.90212264151
1782212702,3,,Aggregated,0.900000,0.000000,8,12,15,22,25,29,36,39,47,130,130,1698,0,8,12.57403085992069,4.652700001315679,129.0953999996418,7878.5276796230855
1782212703,3,,Aggregated,0.900000,0.000000,8,12,15,22,25,29,36,39,47,130,130,1699,0,8,12.570280635755658,4.652700001315679,129.0953999996418,7876.884638022366
1782212704,3,,Aggregated,0.800000,0.000000,8,12,15,22,25,29,36,39,47,130,130,1700,0,8,12.565994647146212,4.652700001315679,129.0953999996418,7875.243529411765
1782212705,3,,Aggregated,0.800000,0.000000,8,12,15,22,25,29,36,39,47,130,130,1700,0,8,12.565994647146212,4.652700001315679,129.0953999996418,7875.243529411765
1782212706,3,,Aggregated,0.800000,0.000000,8,12,15,22,25,29,36,39,47,130,130,1700,0,8,12.565994647146212,4.652700001315679,129.0953999996418,7875.243529411765
1782212707,3,,Aggregated,0.800000,0.000000,8,12,15,22,25,29,36,39,47,130,130,1702,0,8,12.559480141098945,4.652700001315679,129.0953999996418,7872.424206815511
1782212708,3,,Aggregated,0.800000,0.000000,8,12,15,22,25,29,36,39,47,130,130,1702,0,8,12.559480141098945,4.652700001315679,129.0953999996418,7872.424206815511
1782212709,3,,Aggregated,0.800000,0.000000,8,12,15,22,25,29,36,39,47,130,130,1703,0,8,12.55520534359825,4.652700001315679,129.0953999996418,7870.788608338226
1782212710,3,,Aggregated,0.900000,0.000000,8,12,15,22,25,29,36,39,47,130,130,1704,0,8,12.561423532949187,4.652700001315679,129.0953999996418,7872.330985915493
1782212711,3,,Aggregated,0.800000,0.000000,8,12,15,22,25,29,36,39,47,130,130,1705,0,8,12.56070334319518,4.652700001315679,129.0953999996418,7873.8715542521995
1782212712,3,,Aggregated,0.800000,0.000000,8,12,15,22,25,29,36,39,47,130,130,1705,0,8,12.56070334319518,4.652700001315679,129.0953999996418,7873.8715542521995
1782212713,3,,Aggregated,0.800000,0.000000,8,12,15,22,25,29,36,39,47,130,130,1706,0,8,12.56110152411958,4.652700001315679,129.0953999996418,7875.410316529895
1782212714,3,,Aggregated,0.900000,0.000000,8,12,15,22,25,29,36,39,47,130,130,1707,0,8,12.561012653866475,4.652700001315679,129.0953999996418,7876.947275922671
1782212715,3,,Aggregated,0.800000,0.000000,8,12,15,22,25,29,36,39,47,130,130,1708,0,8,12.573307611328303,4.652700001315679,129.0953999996418,7878.48243559719
1782212716,3,,Aggregated,0.800000,0.000000,8,12,15,22,25,29,36,39,47,130,130,1708,0,8,12.573307611328303,4.652700001315679,129.0953999996418,7878.48243559719
1782212717,3,,Aggregated,0.800000,0.000000,8,12,15,22,25,29,36,39,47,130,130,1710,0,8,12.569191169677651,4.652700001315679,129.0953999996418,7878.837426900584
1782212718,3,,Aggregated,0.800000,0.000000,8,12,15,22,25,29,36,39,47,130,130,1711,0,8,12.568648860402334,4.652700001315679,129.0953999996418,7880.368790181181
1782212719,3,,Aggregated,0.800000,0.000000,8,12,15,22,25,29,36,39,47,130,130,1711,0,8,12.568648860402334,4.652700001315679,129.0953999996418,7880.368790181181
1782212720,3,,Aggregated,0.600000,0.000000,8,12,15,22,25,29,36,39,47,130,130,1713,0,8,12.576473730384562,4.652700001315679,129.0953999996418,7880.266783420899
1782212721,3,,Aggregated,0.600000,0.000000,8,12,15,22,25,29,36,39,47,130,130,1713,0,8,12.576473730384562,4.652700001315679,129.0953999996418,7880.266783420899
1782212722,3,,Aggregated,0.800000,0.000000,8,12,15,22,25,29,36,39,47,130,130,1714,0,8,12.572790781883104,4.652700001315679,129.0953999996418,7879.091015169195
1782212723,3,,Aggregated,0.800000,0.000000,8,12,15,22,25,29,36,39,47,130,130,1714,0,8,12.572790781883104,4.652700001315679,129.0953999996418,7879.091015169195
1782212724,3,,Aggregated,0.900000,0.000000,8,12,15,22,25,29,36,39,47,130,130,1716,0,8,12.5679981352851,4.652700001315679,129.0953999996418,7879.444055944056
1782212725,3,,Aggregated,0.900000,0.000000,8,12,15,22,25,29,36,39,47,130,130,1716,0,8,12.5679981352851,4.652700001315679,129.0953999996418,7879.444055944056
1782212726,3,,Aggregated,0.800000,0.000000,8,12,15,22,25,29,36,39,47,130,130,1717,0,8,12.57497303444866,4.652700001315679,129.0953999996418,7880.969714618521
1782212727,3,,Aggregated,0.800000,0.000000,8,12,15,22,25,29,36,39,47,130,130,1718,0,8,12.574667462252346,4.652700001315679,129.0953999996418,7882.493597206054
1782212728,3,,Aggregated,0.800000,0.000000,8,12,15,22,25,29,36,39,47,130,130,1718,0,8,12.574667462252346,4.652700001315679,129.0953999996418,7882.493597206054
1782212729,3,,Aggregated,0.900000,0.000000,8,12,15,22,25,29,36,39,47,130,130,1720,0,8,12.568937441950723,4.652700001315679,129.0953999996418,7880.147674418605
1782212730,3,,Aggregated,1.000000,0.000000,8,12,15,22,25,29,36,39,47,130,130,1721,0,8,12.568463161043265,4.652700001315679,129.0953999996418,7881.669378268449
1782212731,3,,Aggregated,0.900000,0.000000,8,12,15,22,25,29,36,39,47,130,130,1723,0,8,12.561254381981682,4.652700001315679,129.0953999996418,7878.876958792804
1782212732,3,,Aggregated,0.900000,0.000000,8,12,15,22,25,29,36,39,47,130,130,1723,0,8,12.561254381981682,4.652700001315679,129.0953999996418,7878.876958792804
1782212733,3,,Aggregated,0.900000,0.000000,8,12,15,22,25,29,36,39,47,130,130,1725,0,8,12.554608521828229,4.652700001315679,129.0953999996418,7876.542028985507
1782212734,3,,Aggregated,0.900000,0.000000,8,12,15,22,25,29,36,39,47,130,130,1725,0,8,12.554608521828229,4.652700001315679,129.0953999996418,7876.542028985507
1782212735,3,,Aggregated,1.000000,0.000000,8,12,15,22,25,29,36,39,47,130,130,1727,0,8,12.547149739520862,4.652700001315679,129.0953999996418,7873.762015055008
1782212736,3,,Aggregated,1.000000,0.000000,8,12,15,22,25,29,36,39,47,130,130,1728,0,8,12.561866551013484,4.652700001315679,129.0953999996418,7875.28125
1782212737,3,,Aggregated,1.000000,0.000000,8,12,15,22,25,29,36,39,47,130,130,1728,0,8,12.561866551013484,4.652700001315679,129.0953999996418,7875.28125
1782212738,3,,Aggregated,1.000000,0.000000,8,12,15,22,25,29,36,39,47,130,130,1730,0,8,12.557950462517883,4.652700001315679,129.0953999996418,7875.18612716763
1782212739,3,,Aggregated,1.000000,0.000000,8,12,15,22,25,29,36,39,47,130,130,1730,0,8,12.557950462517883,4.652700001315679,129.0953999996418,7875.18612716763
1782212740,3,,Aggregated,1.100000,0.000000,8,12,15,22,25,29,36,39,47,130,130,1731,0,8,12.554011091944167,4.652700001315679,129.0953999996418,7873.575389948007
1782212741,3,,Aggregated,1.100000,0.000000,8,12,15,22,25,29,36,39,47,130,130,1731,0,8,12.554011091944167,4.652700001315679,129.0953999996418,7873.575389948007
1782212742,3,,Aggregated,0.900000,0.000000,8,12,15,22,25,29,36,39,47,130,130,1733,0,8,12.55644143113404,4.652700001315679,129.0953999996418,7873.931332948644
1782212743,3,,Aggregated,0.900000,0.000000,8,12,15,22,25,29,36,39,47,130,130,1733,0,8,12.55644143113404,4.652700001315679,129.0953999996418,7873.931332948644
1782212744,3,,Aggregated,0.900000,0.000000,8,12,15,22,25,29,36,39,47,130,130,1734,0,8,12.552544809778341,4.652700001315679,129.0953999996418,7872.324106113034
1782212745,3,,Aggregated,0.900000,0.000000,8,12,15,22,25,29,36,39,47,130,130,1734,0,8,12.552544809778341,4.652700001315679,129.0953999996418,7872.324106113034
1782212746,3,,Aggregated,0.800000,0.000000,8,12,15,22,25,29,36,39,47,130,130,1736,0,8,12.545630069214786,4.652700001315679,129.0953999996418,7870.011520737327
1782212747,3,,Aggregated,0.800000,0.000000,8,12,15,22,25,29,36,39,47,130,130,1737,0,8,12.543007656969074,4.652700001315679,129.0953999996418,7868.40932642487
1782212748,3,,Aggregated,0.800000,0.000000,8,12,15,22,25,29,36,39,47,130,130,1737,0,8,12.543007656969074,4.652700001315679,129.0953999996418,7868.40932642487
1782212749,3,,Aggregated,0.800000,0.000000,8,12,15,22,25,29,36,39,47,130,130,1737,0,8,12.543007656969074,4.652700001315679,129.0953999996418,7868.40932642487
1782212750,3,,Aggregated,0.800000,0.000000,8,12,15,22,25,29,36,39,47,130,130,1739,0,8,12.536383208831218,4.652700001315679,129.0953999996418,7866.105232892467
1782212751,3,,Aggregated,0.700000,0.000000,8,12,15,22,25,29,36,39,47,130,130,1740,0,8,12.532525057560278,4.652700001315679,129.0953999996418,7864.955172413793
1782212752,3,,Aggregated,0.700000,0.000000,8,12,15,22,25,29,36,39,47,130,130,1740,0,8,12.532525057560278,4.652700001315679,129.0953999996418,7864.955172413793
1782212753,3,,Aggregated,0.800000,0.000000,8,12,15,22,25,29,36,39,47,130,130,1741,0,8,12.537323320020445,4.652700001315679,129.0953999996418,7866.468121769099
1782212754,3,,Aggregated,0.800000,0.000000,8,12,15,22,25,29,36,39,47,130,130,1742,0,8,12.537021182637478,4.652700001315679,129.0953999996418,7867.979334098737
1782212755,3,,Aggregated,0.800000,0.000000,8,12,15,22,25,29,36,39,47,130,130,1743,0,8,12.533115892229498,4.652700001315679,129.0953999996418,7866.830177854275
1782212756,3,,Aggregated,0.800000,0.000000,8,12,15,22,25,29,36,39,47,130,130,1743,0,8,12.533115892229498,4.652700001315679,129.0953999996418,7866.830177854275
1782212757,3,,Aggregated,0.800000,0.000000,8,12,15,22,25,29,36,39,47,130,130,1744,0,8,12.529137213392593,4.652700001315679,129.0953999996418,7865.682339449541
1782212758,3,,Aggregated,0.800000,0.000000,8,12,15,22,25,29,36,39,47,130,130,1746,0,8,12.53511271486574,4.652700001315679,129.0953999996418,7868.698739977091
1782212759,3,,Aggregated,0.800000,0.000000,8,12,15,22,25,29,36,39,47,130,130,1746,0,8,12.53511271486574,4.652700001315679,129.0953999996418,7868.698739977091
1782212760,3,,Aggregated,0.800000,0.000000,8,12,15,22,25,29,36,39,47,130,130,1746,0,8,12.53511271486574,4.652700001315679,129.0953999996418,7868.698739977091
1782212761,3,,Aggregated,0.900000,0.000000,8,12,15,22,25,29,36,39,47,130,130,1747,0,8,12.53640246145085,4.652700001315679,129.0953999996418,7870.204350314825
1782212762,3,,Aggregated,0.800000,0.000000,8,12,15,22,25,29,36,39,47,130,130,1749,0,8,12.53912807327222,4.652700001315679,129.0953999996418,7870.116066323613
1782212763,3,,Aggregated,0.800000,0.000000,8,12,15,22,25,29,36,39,47,130,130,1749,0,8,12.53912807327222,4.652700001315679,129.0953999996418,7870.116066323613
1782212764,3,,Aggregated,0.800000,0.000000,8,12,15,22,25,29,36,39,47,130,130,1749,0,8,12.53912807327222,4.652700001315679,129.0953999996418,7870.116066323613
1782212765,3,,Aggregated,0.800000,0.000000,8,12,15,22,25,29,36,39,47,130,130,1751,0,8,12.53483426622242,4.652700001315679,129.0953999996418,7870.472301541976
1782212766,3,,Aggregated,0.800000,0.000000,8,12,15,22,25,29,36,39,47,130,130,1751,0,8,12.53483426622242,4.652700001315679,129.0953999996418,7870.472301541976
1782212767,3,,Aggregated,0.800000,0.000000,8,12,15,22,25,29,36,39,47,130,130,1752,0,8,12.531562100545285,4.652700001315679,129.0953999996418,7868.8835616438355
1782212768,3,,Aggregated,0.800000,0.000000,8,12,15,22,25,29,36,39,47,130,130,1753,0,8,12.52818328588431,4.652700001315679,129.0953999996418,7867.29663434113
1782212769,3,,Aggregated,0.900000,0.000000,8,12,15,22,25,29,36,39,47,130,130,1755,0,8,12.520693903223432,4.652700001315679,129.0953999996418,7864.57150997151
1782212770,3,,Aggregated,0.900000,0.000000,8,12,15,22,25,29,36,39,47,130,130,1755,0,8,12.520693903223432,4.652700001315679,129.0953999996418,7864.57150997151
1782212771,3,,Aggregated,0.900000,0.000000,8,12,15,22,25,29,36,39,47,130,130,1755,0,8,12.520693903223432,4.652700001315679,129.0953999996418,7864.57150997151
1782212772,3,,Aggregated,0.900000,0.000000,8,12,15,22,25,29,36,39,47,130,130,1756,0,8,12.526007517174182,4.652700001315679,129.0953999996418,7866.071753986333
1782212773,3,,Aggregated,0.900000,0.000000,8,12,15,22,25,29,36,39,47,130,130,1757,0,8,12.526446955126156,4.652700001315679,129.0953999996418,7867.570290267501
1782212774,3,,Aggregated,0.800000,0.000000,8,12,15,22,25,29,36,39,47,130,130,1758,0,8,12.52356348131891,4.652700001315679,129.0953999996418,7865.988623435723
1782212775,3,,Aggregated,0.800000,0.000000,8,12,15,22,25,29,36,39,47,130,130,1758,0,8,12.52356348131891,4.652700001315679,129.0953999996418,7865.988623435723
1782212776,3,,Aggregated,0.800000,0.000000,8,12,15,22,25,29,36,39,47,130,130,1759,0,8,12.52396520759559,4.652700001315679,129.0953999996418,7867.485503126776
1782212777,3,,Aggregated,0.800000,0.000000,8,12,15,22,25,29,36,39,47,130,130,1760,0,8,12.521272386454092,4.652700001315679,129.0953999996418,7865.905681818182
1782212778,3,,Aggregated,0.700000,0.000000,8,12,15,22,25,29,36,39,47,130,130,1761,0,8,12.527644804178241,4.652700001315679,129.0953999996418,7867.400908574674
1782212779,3,,Aggregated,0.700000,0.000000,8,12,15,22,25,29,36,39,47,130,130,1762,0,8,12.523507945607042,4.652700001315679,129.0953999996418,7866.264472190693
1782212780,3,,Aggregated,0.800000,0.000000,8,12,15,22,25,29,36,39,47,130,130,1763,0,8,12.520523085740196,4.652700001315679,129.0953999996418,7865.129325014181
1782212781,3,,Aggregated,0.800000,0.000000,8,12,15,22,25,29,36,39,47,130,130,1763,0,8,12.520523085740196,4.652700001315679,129.0953999996418,7865.129325014181
1782212782,3,,Aggregated,0.700000,0.000000,8,12,15,22,25,29,36,39,47,130,130,1765,0,8,12.513267818786664,4.652700001315679,129.0953999996418,7862.42209631728
1782212783,3,,Aggregated,0.700000,0.000000,8,12,15,22,25,29,36,39,47,130,130,1765,0,8,12.513267818786664,4.652700001315679,129.0953999996418,7862.42209631728
1782212784,3,,Aggregated,0.700000,0.000000,8,12,15,22,25,29,36,39,47,130,130,1765,0,8,12.513267818786664,4.652700001315679,129.0953999996418,7862.42209631728
1782212785,3,,Aggregated,0.900000,0.000000,8,12,15,22,25,29,36,39,47,130,130,1768,0,8,12.513436312307697,4.652700001315679,129.0953999996418,7860.773755656109
1782212786,3,,Aggregated,0.900000,0.000000,8,12,15,22,25,29,36,39,47,130,130,1768,0,8,12.513436312307697,4.652700001315679,129.0953999996418,7860.773755656109
1782212787,3,,Aggregated,0.700000,0.000000,8,12,15,22,25,29,36,39,47,130,130,1770,0,8,12.508709604611342,4.652700001315679,129.0953999996418,7861.136723163841
1782212788,3,,Aggregated,0.700000,0.000000,8,12,15,22,25,29,36,39,47,130,130,1770,0,8,12.508709604611342,4.652700001315679,129.0953999996418,7861.136723163841
1782212789,3,,Aggregated,0.700000,0.000000,8,12,15,22,25,29,36,39,47,130,130,1770,0,8,12.508709604611342,4.652700001315679,129.0953999996418,7861.136723163841
1782212790,3,,Aggregated,1.000000,0.000000,8,12,15,22,25,29,36,39,47,130,130,1772,0,8,12.515224435756734,4.652700001315679,129.0953999996418,7864.113995485327
1782212791,3,,Aggregated,0.900000,0.000000,8,12,15,22,25,29,36,39,47,130,130,1773,0,8,12.515531359368943,4.652700001315679,129.0953999996418,7865.6001128031585
1782212792,3,,Aggregated,0.900000,0.000000,8,12,15,22,25,29,36,39,47,130,130,1773,0,8,12.515531359368943,4.652700001315679,129.0953999996418,7865.6001128031585
1782212794,3,,Aggregated,0.900000,0.000000,8,12,15,22,25,29,36,39,47,130,130,1773,0,8,12.515531359368943,4.652700001315679,129.0953999996418,7865.6001128031585
1782212795,3,,Aggregated,1.000000,0.000000,8,12,15,22,25,29,36,39,47,130,130,1775,0,8,12.509578084597745,4.652700001315679,129.0953999996418,7862.907605633803
1782212796,3,,Aggregated,0.800000,0.000000,8,12,15,22,25,29,36,39,47,130,130,1776,0,8,12.518980067658081,4.652700001315679,129.0953999996418,7864.391891891892
1782212797,3,,Aggregated,0.800000,0.000000,8,12,15,22,25,29,36,39,47,130,130,1776,0,8,12.518980067658081,4.652700001315679,129.0953999996418,7864.391891891892
1782212798,3,,Aggregated,0.800000,0.000000,8,12,15,22,25,29,36,39,47,130,130,1776,0,8,12.518980067658081,4.652700001315679,129.0953999996418,7864.391891891892
1782212799,3,,Aggregated,0.800000,0.000000,8,12,15,22,25,29,36,39,47,130,130,1777,0,8,12.515170793562326,4.652700001315679,129.0953999996418,7863.266741699494
1782212800,3,,Aggregated,0.800000,0.000000,8,12,15,22,25,29,36,39,47,130,130,1779,0,8,12.509072793795882,4.652700001315679,129.0953999996418,7860.5829117481735
1782212801,3,,Aggregated,0.600000,0.000000,8,12,15,22,25,29,36,39,47,130,130,1780,0,8,12.51490084278895,4.652700001315679,129.0953999996418,7862.065168539326
1782212802,3,,Aggregated,0.700000,0.000000,8,12,15,22,25,29,36,39,47,130,130,1781,0,8,12.514516507671646,4.652700001315679,129.0953999996418,7863.545760808534
1782212803,3,,Aggregated,0.700000,0.000000,8,12,15,22,25,29,36,39,47,130,130,1781,0,8,12.514516507671646,4.652700001315679,129.0953999996418,7863.545760808534
1782212804,3,,Aggregated,0.800000,0.000000,8,12,15,22,25,29,36,39,47,130,130,1782,0,8,12.511524466982294,4.652700001315679,129.0953999996418,7861.9876543209875
1782212805,3,,Aggregated,0.800000,0.000000,8,12,15,22,25,29,36,39,47,130,130,1783,0,8,12.50790482342279,4.652700001315679,129.0953999996418,7860.8676388109925
1782212806,3,,Aggregated,0.800000,0.000000,8,12,15,22,25,29,36,39,47,130,130,1783,0,8,12.50790482342279,4.652700001315679,129.0953999996418,7860.8676388109925
1782212807,3,,Aggregated,0.900000,0.000000,8,12,15,22,25,29,36,39,47,130,130,1784,0,8,12.504518609955896,4.652700001315679,129.0953999996418,7859.748878923767
1782212808,3,,Aggregated,0.700000,0.000000,8,12,15,22,25,29,36,39,47,130,130,1786,0,8,12.506328891468735,4.652700001315679,129.0953999996418,7860.109742441209
1782212809,3,,Aggregated,0.700000,0.000000,8,12,15,22,25,29,36,39,47,130,130,1786,0,8,12.506328891468735,4.652700001315679,129.0953999996418,7860.109742441209
1782212810,3,,Aggregated,0.700000,0.000000,8,12,15,22,25,29,36,39,47,130,130,1786,0,8,12.506328891468735,4.652700001315679,129.0953999996418,7860.109742441209
1782212811,3,,Aggregated,0.900000,0.000000,8,12,15,22,25,29,36,39,47,130,130,1788,0,8,12.499643344610288,4.652700001315679,129.0953999996418,7857.007829977629
1782212812,3,,Aggregated,0.900000,0.000000,8,12,15,22,25,29,36,39,47,130,130,1788,0,8,12.499643344610288,4.652700001315679,129.0953999996418,7857.007829977629
1782212813,3,,Aggregated,0.700000,0.000000,8,12,15,22,25,29,36,39,47,130,130,1789,0,8,12.496007658000073,4.652700001315679,129.0953999996418,7855.894354387926
1782212814,3,,Aggregated,0.700000,0.000000,8,12,15,22,25,29,36,39,47,130,130,1790,0,8,12.500593854839895,4.652700001315679,129.0953999996418,7857.37094972067
1782212815,3,,Aggregated,0.700000,0.000000,8,12,15,22,25,29,36,39,47,130,130,1790,0,8,12.500593854839895,4.652700001315679,129.0953999996418,7857.37094972067
1782212816,3,,Aggregated,0.800000,0.000000,8,12,15,22,25,29,36,39,47,130,130,1792,0,8,12.500278125090501,4.652700001315679,129.0953999996418,7860.319196428572
1782212817,3,,Aggregated,0.800000,0.000000,8,12,15,22,25,29,36,39,47,130,130,1793,0,8,12.497040490886837,4.652700001315679,129.0953999996418,7859.206358059118
1782212818,3,,Aggregated,0.800000,0.000000,8,12,15,22,25,29,36,39,47,130,130,1794,0,8,12.5044759198209,4.652700001315679,129.0953999996418,7860.677814938685
1782212819,3,,Aggregated,0.900000,0.000000,8,12,15,22,25,29,36,39,47,130,130,1795,0,8,12.500809805102023,4.652700001315679,129.0953999996418,7859.566016713092
1782212820,3,,Aggregated,0.800000,0.000000,8,12,15,22,25,29,36,39,47,130,130,1796,0,8,12.496618429932097,4.652700001315679,129.0953999996418,7858.455456570156
1782212821,3,,Aggregated,0.800000,0.000000,8,12,15,22,25,29,36,39,47,130,130,1797,0,8,12.50235553709337,4.652700001315679,129.0953999996418,7859.924874791319
1782212822,3,,Aggregated,0.800000,0.000000,8,12,15,22,25,29,36,39,47,130,130,1797,0,8,12.50235553709337,4.652700001315679,129.0953999996418,7859.924874791319
1782212823,3,,Aggregated,1.000000,0.000000,8,12,15,22,25,29,36,39,47,130,130,1798,0,8,12.503297997862317,4.652700001315679,129.0953999996418,7861.392658509455
1782212824,3,,Aggregated,1.000000,0.000000,8,12,15,22,25,29,36,39,47,130,130,1800,0,8,12.50289050008885,4.652700001315679,129.0953999996418,7864.323333333334
1782212825,3,,Aggregated,1.000000,0.000000,8,12,15,22,25,29,36,39,47,130,130,1800,0,8,12.50289050008885,4.652700001315679,129.0953999996418,7864.323333333334
1782212826,3,,Aggregated,0.800000,0.000000,8,12,15,22,25,29,36,39,47,130,130,1802,0,8,12.495944395205221,4.652700001315679,129.0953999996418,7862.104328523862
1782212827,3,,Aggregated,0.800000,0.000000,8,12,15,22,25,29,36,39,47,130,130,1802,0,8,12.495944395205221,4.652700001315679,129.0953999996418,7862.104328523862
1782212828,3,,Aggregated,1.000000,0.000000,8,12,15,22,25,29,36,39,47,130,130,1803,0,8,12.492424958491563,4.652700001315679,129.0953999996418,7860.565169162507
1782212829,3,,Aggregated,1.000000,0.000000,8,12,15,22,25,29,36,39,47,130,130,1805,0,8,12.505484709228032,4.652700001315679,129.0953999996418,7860.490304709141
1782212830,3,,Aggregated,1.000000,0.000000,8,12,15,22,25,29,36,39,47,130,130,1805,0,8,12.505484709228032,4.652700001315679,129.0953999996418,7860.490304709141
1782212831,3,,Aggregated,1.000000,0.000000,8,12,15,22,25,29,36,39,47,130,130,1805,0,8,12.505484709228032,4.652700001315679,129.0953999996418,7860.490304709141
1782212832,3,,Aggregated,1.000000,0.000000,8,12,15,22,25,29,36,39,47,130,130,1807,0,8,12.498980464946184,4.652700001315679,129.0953999996418,7857.851134477034
1782212833,3,,Aggregated,0.900000,0.000000,8,12,15,22,25,29,36,39,47,130,130,1808,0,8,12.495984126191809,4.652700001315679,129.0953999996418,7856.3185840707965
1782212834,3,,Aggregated,0.900000,0.000000,8,12,15,22,25,29,36,39,47,130,130,1808,0,8,12.495984126191809,4.652700001315679,129.0953999996418,7856.3185840707965
1782212835,3,,Aggregated,1.100000,0.000000,8,12,15,22,25,29,36,39,47,130,130,1810,0,8,12.49990027632792,4.652700001315679,129.0953999996418,7856.678453038674
1782212836,3,,Aggregated,0.800000,0.000000,8,12,15,22,25,29,36,39,47,130,130,1811,0,8,12.500014853757385,4.652700001315679,129.0953999996418,7858.137493097736
1782212837,3,,Aggregated,0.800000,0.000000,8,12,15,22,25,29,36,39,47,130,130,1812,0,8,12.499323234081285,4.652700001315679,129.0953999996418,7859.594922737307
1782212838,3,,Aggregated,0.800000,0.000000,8,12,15,22,25,29,36,39,47,130,130,1812,0,8,12.499323234081285,4.652700001315679,129.0953999996418,7859.594922737307
1782212839,3,,Aggregated,1.000000,0.000000,8,12,15,22,25,29,36,39,47,130,130,1813,0,8,12.495937010565612,4.652700001315679,129.0953999996418,7858.494760066189
1782212840,3,,Aggregated,0.900000,0.000000,8,12,15,22,25,29,36,39,47,130,130,1815,0,8,12.491566997331155,4.652700001315679,129.0953999996418,7858.851239669421
1782212841,3,,Aggregated,0.900000,0.000000,8,12,15,22,25,29,36,39,47,130,130,1815,0,8,12.491566997331155,4.652700001315679,129.0953999996418,7858.851239669421
1782212842,3,,Aggregated,0.900000,0.000000,8,12,15,22,25,29,36,39,47,130,130,1816,0,8,12.488003359117162,4.652700001315679,129.0953999996418,7857.753303964758
1782212843,3,,Aggregated,0.900000,0.000000,8,12,15,22,25,29,36,39,47,130,130,1816,0,8,12.488003359117162,4.652700001315679,129.0953999996418,7857.753303964758
1782212844,3,,Aggregated,0.800000,0.000000,8,12,15,22,25,29,36,39,47,130,130,1818,0,8,12.493444664553286,4.652700001315679,129.0953999996418,7860.6589658965895
1782212845,3,,Aggregated,0.800000,0.000000,8,12,15,22,25,29,36,39,47,130,130,1818,0,8,12.493444664553286,4.652700001315679,129.0953999996418,7860.6589658965895
1782212846,3,,Aggregated,0.800000,0.000000,8,12,15,22,25,29,36,39,47,130,130,1818,0,8,12.493444664553286,4.652700001315679,129.0953999996418,7860.6589658965895
1782212847,3,,Aggregated,0.900000,0.000000,8,12,15,22,25,29,36,39,47,130,130,1819,0,8,12.493131006134664,4.652700001315679,129.0953999996418,7862.109400769654
1782212848,3,,Aggregated,0.900000,0.000000,8,12,15,22,25,29,36,39,47,130,130,1819,0,8,12.493131006134664,4.652700001315679,129.0953999996418,7862.109400769654
1782212849,3,,Aggregated,0.800000,0.000000,8,12,15,22,25,29,36,39,47,130,130,1821,0,8,12.486709390531994,4.652700001315679,129.0953999996418,7859.061504667765
1782212850,3,,Aggregated,0.800000,0.000000,8,12,15,22,25,29,36,39,47,130,130,1821,0,8,12.486709390531994,4.652700001315679,129.0953999996418,7859.061504667765
1782212851,3,,Aggregated,0.900000,0.000000,8,12,15,22,25,29,36,39,49,130,130,1823,0,8,12.503443938649484,4.652700001315679,129.0953999996418,7858.989029072956
1782212852,3,,Aggregated,0.900000,0.000000,8,12,15,22,25,29,36,39,49,130,130,1824,0,8,12.50308514262973,4.652700001315679,129.0953999996418,7860.436403508772
1782212853,3,,Aggregated,0.900000,0.000000,8,12,15,22,25,29,36,39,49,130,130,1824,0,8,12.50308514262973,4.652700001315679,129.0953999996418,7860.436403508772
1782212854,3,,Aggregated,0.700000,0.000000,8,12,15,22,25,29,36,39,49,130,130,1825,0,8,12.503671561731009,4.652700001315679,129.0953999996418,7861.882191780822
1782212855,3,,Aggregated,0.800000,0.000000,8,12,15,22,25,29,36,39,49,130,130,1826,0,8,12.500117853318022,4.652700001315679,129.0953999996418,7860.362541073385
1782212856,3,,Aggregated,0.800000,0.000000,8,12,15,22,25,29,36,39,49,130,130,1826,0,8,12.500117853318022,4.652700001315679,129.0953999996418,7860.362541073385
1782212857,3,,Aggregated,0.700000,0.000000,8,12,15,22,25,29,36,39,49,130,130,1828,0,8,12.494041794396042,4.652700001315679,129.0953999996418,7858.17943107221
1782212858,3,,Aggregated,0.800000,0.000000,8,12,15,22,25,29,36,39,49,130,130,1829,0,8,12.491374685704846,4.652700001315679,129.0953999996418,7856.6642974302895
1782212859,3,,Aggregated,0.800000,0.000000,8,12,15,22,25,29,36,39,49,130,130,1829,0,8,12.491374685704846,4.652700001315679,129.0953999996418,7856.6642974302895
1782212860,3,,Aggregated,0.900000,0.000000,8,12,15,22,25,29,36,39,49,130,130,1831,0,8,12.500136537493635,4.652700001315679,129.0953999996418,7859.550518842163
1782212861,3,,Aggregated,0.900000,0.000000,8,12,15,22,25,29,36,39,49,130,130,1831,0,8,12.500136537493635,4.652700001315679,129.0953999996418,7859.550518842163
1782212862,3,,Aggregated,0.800000,0.000000,8,12,15,22,25,29,36,39,49,130,130,1833,0,8,12.499358647108112,4.652700001315679,129.0953999996418,7859.902345881069
1782212863,3,,Aggregated,0.800000,0.000000,8,12,15,22,25,29,36,39,49,130,130,1833,0,8,12.499358647108112,4.652700001315679,129.0953999996418,7859.902345881069
1782212864,3,,Aggregated,0.900000,0.000000,8,12,15,22,25,29,36,39,49,130,130,1834,0,8,12.50192164675399,4.652700001315679,129.0953999996418,7861.3413304253
1782212865,3,,Aggregated,0.900000,0.000000,8,12,15,22,25,29,36,39,49,130,130,1836,0,8,12.5047946079247,4.652700001315679,129.0953999996418,7861.690631808279
1782212866,3,,Aggregated,0.900000,0.000000,8,12,15,22,25,29,36,39,49,130,130,1836,0,8,12.5047946079247,4.652700001315679,129.0953999996418,7861.690631808279
1782212867,3,,Aggregated,0.900000,0.000000,8,12,15,22,25,29,36,39,49,130,130,1836,0,8,12.5047946079247,4.652700001315679,129.0953999996418,7861.690631808279
1782212868,3,,Aggregated,1.000000,0.000000,8,12,15,22,25,29,36,39,49,130,130,1839,0,8,12.498639913076605,4.652700001315679,129.0953999996418,7860.9532354540515
1782212869,3,,Aggregated,1.000000,0.000000,8,12,15,22,25,29,36,39,49,130,130,1839,0,8,12.498639913076605,4.652700001315679,129.0953999996418,7860.9532354540515
1782212870,3,,Aggregated,1.000000,0.000000,8,12,15,22,25,29,36,39,49,130,130,1839,0,8,12.498639913076605,4.652700001315679,129.0953999996418,7860.9532354540515
1782212871,3,,Aggregated,1.000000,0.000000,8,12,15,22,25,29,36,39,49,130,130,1841,0,8,12.492162954996012,4.652700001315679,129.0953999996418,7857.939706681152
1782212872,3,,Aggregated,1.000000,0.000000,8,12,15,22,25,29,36,39,49,130,130,1842,0,8,12.49757046696392,4.652700001315679,129.0953999996418,7859.373507057546
1782212873,3,,Aggregated,1.000000,0.000000,8,12,15,22,25,29,36,39,49,130,130,1842,0,8,12.49757046696392,4.652700001315679,129.0953999996418,7859.373507057546
1782212874,3,,Aggregated,1.000000,0.000000,8,12,15,22,25,29,36,39,49,130,130,1844,0,8,12.49854067253087,4.652700001315679,129.0953999996418,7859.3015184381775
1782212875,3,,Aggregated,1.000000,0.000000,8,12,15,22,25,29,36,39,49,130,130,1844,0,8,12.49854067253087,4.652700001315679,129.0953999996418,7859.3015184381775
1782212876,3,,Aggregated,0.900000,0.000000,8,12,15,22,25,29,36,39,49,130,130,1845,0,8,12.494908021759812,4.652700001315679,129.0953999996418,7858.2205962059625
1782212877,3,,Aggregated,0.900000,0.000000,8,12,15,22,25,29,36,39,49,130,130,1845,0,8,12.494908021759812,4.652700001315679,129.0953999996418,7858.2205962059625
1782212878,3,,Aggregated,0.900000,0.000000,8,12,15,22,25,29,36,39,49,130,130,1847,0,8,12.487676989794178,4.652700001315679,129.0953999996418,7856.062263129399
1782212879,3,,Aggregated,0.900000,0.000000,8,12,15,22,25,29,36,39,49,130,130,1848,0,8,12.492849783630094,4.652700001315679,129.0953999996418,7857.492424242424
1782212880,3,,Aggregated,0.900000,0.000000,8,12,15,22,25,29,36,39,49,130,130,1848,0,8,12.492849783630094,4.652700001315679,129.0953999996418,7857.492424242424
1782212881,3,,Aggregated,0.900000,0.000000,8,12,15,22,25,29,36,39,49,130,130,1848,0,8,12.492849783630094,4.652700001315679,129.0953999996418,7857.492424242424
1782212882,3,,Aggregated,0.900000,0.000000,8,12,15,22,25,29,36,39,49,130,130,1848,0,8,12.492849783630094,4.652700001315679,129.0953999996418,7857.492424242424
1782212883,3,,Aggregated,0.900000,0.000000,8,12,15,22,25,29,36,39,49,130,130,1851,0,8,12.499338303701476,4.652700001315679,129.0953999996418,7861.7736358725015
1782212884,3,,Aggregated,0.900000,0.000000,8,12,15,22,25,29,36,39,49,130,130,1851,0,8,12.499338303701476,4.652700001315679,129.0953999996418,7861.7736358725015
1782212885,3,,Aggregated,0.700000,0.000000,8,12,15,22,25,29,36,39,49,130,130,1852,0,8,12.49961150116133,4.652700001315679,129.0953999996418,7863.197624190065
1782212886,3,,Aggregated,0.900000,0.000000,8,12,15,22,25,29,36,39,49,130,130,1853,0,8,12.508007879196663,4.652700001315679,129.0953999996418,7864.620075553157
1782212887,3,,Aggregated,0.700000,0.000000,8,12,15,22,25,29,36,39,49,130,130,1854,0,8,12.507984573975019,4.652700001315679,129.0953999996418,7866.040992448759
1782212888,3,,Aggregated,0.700000,0.000000,8,12,15,22,25,29,36,39,49,130,130,1855,0,8,12.50725811328695,4.652700001315679,129.0953999996418,7867.46037735849
1782212889,3,,Aggregated,0.700000,0.000000,8,12,15,22,25,29,36,39,49,130,130,1855,0,8,12.50725811328695,4.652700001315679,129.0953999996418,7867.46037735849
1782212890,3,,Aggregated,0.900000,0.000000,8,12,15,22,25,29,36,39,49,130,130,1856,0,8,12.504912607837547,4.652700001315679,129.0953999996418,7865.962284482759
1782212891,3,,Aggregated,0.800000,0.000000,8,12,15,22,25,29,36,39,49,130,130,1857,0,8,12.501193968845433,4.652700001315679,129.0953999996418,7864.884760366182
1782212892,3,,Aggregated,0.700000,0.000000,8,12,15,22,25,29,36,39,49,130,130,1858,0,8,12.498193918269791,4.652700001315679,129.0953999996418,7863.389666307858
1782212893,3,,Aggregated,0.800000,0.000000,8,12,15,22,25,29,36,39,49,130,130,1859,0,8,12.49595390002343,4.652700001315679,129.0953999996418,7861.896180742335
1782212894,3,,Aggregated,0.800000,0.000000,8,12,15,22,25,29,36,39,49,130,130,1859,0,8,12.49595390002343,4.652700001315679,129.0953999996418,7861.896180742335
1782212895,3,,Aggregated,0.900000,0.000000,8,12,15,22,25,29,36,39,49,130,130,1862,0,8,12.500093179454277,4.652700001315679,129.0953999996418,7866.145005370569
1782212896,3,,Aggregated,0.900000,0.000000,8,12,15,22,25,29,36,39,49,130,130,1862,0,8,12.500093179454277,4.652700001315679,129.0953999996418,7866.145005370569
1782212897,3,,Aggregated,0.900000,0.000000,8,12,15,22,25,29,36,39,49,130,130,1862,0,8,12.500093179454277,4.652700001315679,129.0953999996418,7866.145005370569
1782212898,3,,Aggregated,1.000000,0.000000,8,12,15,22,25,29,36,39,49,130,130,1864,0,8,12.499891684625887,4.652700001315679,129.0953999996418,7868.969957081545
1782212899,3,,Aggregated,0.900000,0.000000,8,12,15,22,25,29,36,39,49,130,130,1865,0,8,12.499578981308408,4.652700001315679,129.0953999996418,7870.380160857909
1782212900,3,,Aggregated,0.900000,0.000000,8,12,15,22,25,29,36,39,49,130,130,1865,0,8,12.499578981308408,4.652700001315679,129.0953999996418,7870.380160857909
1782212901,3,,Aggregated,0.900000,0.000000,8,12,15,22,25,29,36,39,49,130,130,1866,0,8,12.496368596003608,4.652700001315679,129.0953999996418,7869.305466237942
1782212902,3,,Aggregated,1.000000,0.000000,8,12,15,22,25,29,36,39,49,130,130,1868,0,8,12.489838115708373,4.652700001315679,129.0953999996418,7867.159528907923
1782212903,3,,Aggregated,1.000000,0.000000,8,12,15,22,25,29,36,39,49,130,130,1868,0,8,12.489838115708373,4.652700001315679,129.0953999996418,7867.159528907923
1782212904,3,,Aggregated,0.900000,0.000000,8,12,15,22,25,29,36,39,49,130,130,1870,0,8,12.483217754086649,4.652700001315679,129.0953999996418,7864.186096256684
1782212905,3,,Aggregated,0.900000,0.000000,8,12,15,22,25,29,36,39,49,130,130,1870,0,8,12.483217754086649,4.652700001315679,129.0953999996418,7864.186096256684
1782212906,3,,Aggregated,0.900000,0.000000,8,12,15,22,24,29,36,39,49,130,130,1871,0,8,12.488866809267659,4.652700001315679,129.0953999996418,7865.594334580438
1782212907,3,,Aggregated,1.100000,0.000000,8,12,15,22,24,29,36,39,49,130,130,1873,0,8,12.481489268627111,4.652700001315679,129.0953999996418,7863.45808862787
1782212908,3,,Aggregated,0.800000,0.000000,8,12,15,22,24,29,36,39,49,130,130,1874,0,8,12.478404375741578,4.652700001315679,129.0953999996418,7862.391675560299
1782212909,3,,Aggregated,0.900000,0.000000,8,12,15,22,24,29,36,39,49,130,130,1875,0,8,12.4744308800747,4.652700001315679,129.0953999996418,7860.9114666666665
1782212911,3,,Aggregated,1.100000,0.000000,8,12,15,21,24,29,36,39,49,130,130,1876,0,8,12.471075426514375,4.652700001315679,129.0953999996418,7859.847547974414
1782212912,3,,Aggregated,1.000000,0.000000,8,12,15,21,24,29,36,39,49,130,130,1877,0,8,12.467442088513108,4.652700001315679,129.0953999996418,7858.370271710176
1782212913,3,,Aggregated,1.000000,0.000000,8,12,15,21,24,29,36,39,49,130,130,1878,0,8,12.463929233302585,4.652700001315679,129.0953999996418,7856.894568690096
1782212914,3,,Aggregated,1.000000,0.000000,8,12,15,21,24,29,36,39,49,130,130,1878,0,8,12.463929233302585,4.652700001315679,129.0953999996418,7856.894568690096
1782212915,3,,Aggregated,1.100000,0.000000,8,12,15,22,24,29,36,39,49,130,130,1880,0,8,12.470808031992691,4.652700001315679,129.0953999996418,7857.240425531915
1782212916,3,,Aggregated,1.100000,0.000000,8,12,15,22,24,29,36,39,49,130,130,1880,0,8,12.470808031992691,4.652700001315679,129.0953999996418,7857.240425531915
1782212917,3,,Aggregated,1.000000,0.000000,8,12,15,21,24,29,36,39,49,130,130,1881,0,8,12.47104859125303,4.652700001315679,129.0953999996418,7858.644869750133
1782212918,3,,Aggregated,1.000000,0.000000,8,12,15,21,24,29,36,39,49,130,130,1882,0,8,12.467498459164483,4.652700001315679,129.0953999996418,7857.585547290117
1782212919,3,,Aggregated,1.000000,0.000000,8,12,15,21,24,29,36,39,49,130,130,1883,0,8,12.466659320311912,4.652700001315679,129.0953999996418,7858.988316516197
1782212920,3,,Aggregated,1.000000,0.000000,8,12,15,21,24,29,36,39,49,130,130,1883,0,8,12.466659320311912,4.652700001315679,129.0953999996418,7858.988316516197
1782212921,3,,Aggregated,0.900000,0.000000,8,12,15,21,24,29,36,39,49,130,130,1885,0,8,12.459807267982036,4.652700001315679,129.0953999996418,7856.872679045093
1782212922,3,,Aggregated,0.900000,0.000000,8,12,15,21,24,29,36,39,49,130,130,1886,0,8,12.476110286398317,4.652700001315679,129.0953999996418,7858.273594909862
1782212923,3,,Aggregated,0.900000,0.000000,8,12,15,21,24,29,36,39,49,130,130,1886,0,8,12.476110286398317,4.652700001315679,129.0953999996418,7858.273594909862
1782212924,3,,Aggregated,0.900000,0.000000,8,12,15,21,24,29,36,39,49,130,130,1887,0,8,12.475556703840162,4.652700001315679,129.0953999996418,7859.673025967144
1782212925,3,,Aggregated,0.900000,0.000000,8,12,15,21,24,29,36,39,49,130,130,1888,0,8,12.474992002195242,4.652700001315679,129.0953999996418,7861.0709745762715
1782212926,3,,Aggregated,0.800000,0.000000,8,12,15,22,25,29,36,39,49,130,130,1889,0,8,12.482812017015767,4.652700001315679,129.0953999996418,7862.467443091583
1782212927,3,,Aggregated,0.800000,0.000000,8,12,15,22,25,29,36,39,49,130,130,1890,0,8,12.491908148222523,4.652700001315679,129.0953999996418,7863.862433862434
1782212928,3,,Aggregated,0.800000,0.000000,8,12,15,22,25,29,36,39,49,130,130,1890,0,8,12.491908148222523,4.652700001315679,129.0953999996418,7863.862433862434
1782212929,3,,Aggregated,0.900000,0.000000,8,12,15,22,25,29,36,39,49,130,130,1891,0,8,12.48868736125791,4.652700001315679,129.0953999996418,7862.805393971444
1782212930,3,,Aggregated,0.900000,0.000000,8,12,15,22,25,29,36,39,49,130,130,1893,0,8,12.485699154854634,4.652700001315679,129.0953999996418,7862.731642894876
1782212931,3,,Aggregated,0.900000,0.000000,8,12,15,22,25,29,36,39,49,130,130,1893,0,8,12.485699154854634,4.652700001315679,129.0953999996418,7862.731642894876
1782212932,3,,Aggregated,0.800000,0.000000,8,12,15,22,25,29,36,39,49,130,130,1894,0,8,12.498989493210939,4.652700001315679,129.0953999996418,7864.123548046463
1782212933,3,,Aggregated,1.000000,0.000000,8,12,15,22,25,29,36,39,49,130,130,1895,0,8,12.495866913003184,4.652700001315679,129.0953999996418,7863.068601583113
1782212934,3,,Aggregated,0.800000,0.000000,8,12,15,22,25,29,36,39,49,130,130,1896,0,8,12.492667721594847,4.652700001315679,129.0953999996418,7862.014767932489
1782212935,3,,Aggregated,0.800000,0.000000,8,12,15,22,25,29,36,39,49,130,130,1896,0,8,12.492667721594847,4.652700001315679,129.0953999996418,7862.014767932489
1782212936,3,,Aggregated,0.800000,0.000000,8,12,15,22,25,29,36,39,49,130,130,1896,0,8,12.492667721594847,4.652700001315679,129.0953999996418,7862.014767932489
1782212937,3,,Aggregated,0.800000,0.000000,8,12,15,22,25,29,36,39,49,130,130,1898,0,8,12.49383804011781,4.652700001315679,129.0953999996418,7862.351949420443
1782212938,3,,Aggregated,0.800000,0.000000,8,12,15,22,25,29,36,39,49,130,130,1898,0,8,12.49383804011781,4.652700001315679,129.0953999996418,7862.351949420443
1782212939,3,,Aggregated,0.700000,0.000000,8,12,15,22,25,29,36,39,49,130,130,1899,0,8,12.490319431354937,4.652700001315679,129.0953999996418,7860.89046866772
1782212940,3,,Aggregated,0.700000,0.000000,8,12,15,22,25,29,36,39,49,130,130,1900,0,8,12.487227473759145,4.652700001315679,129.0953999996418,7859.430526315789
1782212941,3,,Aggregated,0.700000,0.000000,8,12,15,22,25,29,36,39,49,130,130,1900,0,8,12.487227473759145,4.652700001315679,129.0953999996418,7859.430526315789
1782212942,3,,Aggregated,0.800000,0.000000,8,12,15,22,25,29,36,39,49,130,130,1901,0,8,12.497375381453061,4.652700001315679,129.0953999996418,7860.819042609153
1782212943,3,,Aggregated,0.800000,0.000000,8,12,15,22,25,29,36,39,49,130,130,1901,0,8,12.497375381453061,4.652700001315679,129.0953999996418,7860.819042609153
1782212944,3,,Aggregated,0.700000,0.000000,8,12,15,22,25,29,36,39,49,130,130,1902,0,8,12.494519821315107,4.652700001315679,129.0953999996418,7859.769716088328
1782212945,3,,Aggregated,0.700000,0.000000,8,12,15,22,25,29,36,39,49,130,130,1904,0,8,12.487812027384585,4.652700001315679,129.0953999996418,7857.265756302521
1782212946,3,,Aggregated,0.600000,0.000000,8,12,15,22,25,29,36,39,49,130,130,1905,0,8,12.484198057816045,4.652700001315679,129.0953999996418,7855.81154855643
1782212947,3,,Aggregated,0.800000,0.000000,8,12,15,22,25,29,36,39,49,130,130,1906,0,8,12.489686201540994,4.652700001315679,129.0953999996418,7857.19832109129
1782212948,3,,Aggregated,0.800000,0.000000,8,12,15,22,25,29,36,39,49,130,130,1906,0,8,12.489686201540994,4.652700001315679,129.0953999996418,7857.19832109129
1782212949,3,,Aggregated,0.800000,0.000000,8,12,15,22,25,29,36,39,49,130,130,1907,0,8,12.486605139034932,4.652700001315679,129.0953999996418,7856.15364446775
1782212950,3,,Aggregated,0.800000,0.000000,8,12,15,22,25,29,36,39,49,130,130,1907,0,8,12.486605139034932,4.652700001315679,129.0953999996418,7856.15364446775
1782212951,3,,Aggregated,0.800000,0.000000,8,12,15,22,25,29,36,39,49,130,130,1908,0,8,12.48673642564867,4.652700001315679,129.0953999996418,7857.5387840670855
1782212952,3,,Aggregated,0.700000,0.000000,8,12,15,22,25,29,36,39,49,130,130,1909,0,8,12.483689051932142,4.652700001315679,129.0953999996418,7856.087480356207
1782212953,3,,Aggregated,0.700000,0.000000,8,12,15,22,25,29,36,39,49,130,130,1910,0,8,12.490169790649073,4.652700001315679,129.0953999996418,7857.471204188481
1782212954,3,,Aggregated,0.700000,0.000000,8,12,15,22,25,29,36,39,49,130,130,1910,0,8,12.490169790649073,4.652700001315679,129.0953999996418,7857.471204188481
1782212955,3,,Aggregated,0.700000,0.000000,8,12,15,22,25,29,36,39,49,130,130,1910,0,8,12.490169790649073,4.652700001315679,129.0953999996418,7857.471204188481
1782212956,3,,Aggregated,0.800000,0.000000,8,12,15,22,25,29,36,39,49,130,130,1912,0,8,12.487683838984571,4.652700001315679,129.0953999996418,7857.8106694560665
1782212957,3,,Aggregated,0.600000,0.000000,8,12,15,22,25,29,36,39,49,130,130,1913,0,8,12.48421918459911,4.652700001315679,129.0953999996418,7856.362258233142
1782212958,3,,Aggregated,0.600000,0.000000,8,12,15,22,25,29,36,39,49,130,130,1913,0,8,12.48421918459911,4.652700001315679,129.0953999996418,7856.362258233142
1782212959,3,,Aggregated,0.700000,0.000000,8,12,15,22,25,29,36,39,49,130,130,1914,0,8,12.480608046048317,4.652700001315679,129.0953999996418,7855.3218390804595
1782212960,3,,Aggregated,0.700000,0.000000,8,12,15,22,25,29,36,39,49,130,130,1916,0,8,12.49089352825503,4.652700001315679,129.0953999996418,7858.081419624217
1782212961,3,,Aggregated,0.600000,0.000000,8,12,15,22,25,29,36,39,49,130,130,1917,0,8,12.490151799758358,4.652700001315679,129.0953999996418,7859.459050599896
1782212962,3,,Aggregated,0.600000,0.000000,8,12,15,22,25,29,36,39,49,130,130,1917,0,8,12.490151799758358,4.652700001315679,129.0953999996418,7859.459050599896
1782212963,3,,Aggregated,0.900000,0.000000,8,12,15,22,25,29,36,39,49,130,130,1918,0,8,12.487312460968294,4.652700001315679,129.0953999996418,7858.4191866527635
1782212964,3,,Aggregated,0.900000,0.000000,8,12,15,22,25,29,36,39,49,130,130,1919,0,8,12.48806727469257,4.652700001315679,129.0953999996418,7859.7952058363735
1782212965,3,,Aggregated,0.900000,0.000000,8,12,15,22,25,29,36,39,49,130,130,1920,0,8,12.484745104237996,4.652700001315679,129.0953999996418,7858.351041666667
1782212966,3,,Aggregated,0.900000,0.000000,8,12,15,22,25,29,36,39,49,130,130,1921,0,8,12.481836543537565,4.652700001315679,129.0953999996418,7857.3133784487245
1782212967,3,,Aggregated,0.900000,0.000000,8,12,15,22,25,29,36,39,49,130,130,1922,0,8,12.491242976136961,4.652700001315679,129.0953999996418,7858.687825182102
1782212968,3,,Aggregated,0.900000,0.000000,8,12,15,22,25,29,36,39,49,130,130,1922,0,8,12.491242976136961,4.652700001315679,129.0953999996418,7858.687825182102
1782212969,3,,Aggregated,1.000000,0.000000,8,12,15,22,25,29,36,39,49,130,130,1925,0,8,12.48906353253655,4.652700001315679,129.0953999996418,7860.395324675324
1782212970,3,,Aggregated,1.000000,0.000000,8,12,15,22,25,29,36,39,49,130,130,1925,0,8,12.48906353253655,4.652700001315679,129.0953999996418,7860.395324675324
1782212971,3,,Aggregated,1.000000,0.000000,8,12,15,22,25,29,36,39,49,130,130,1925,0,8,12.48906353253655,4.652700001315679,129.0953999996418,7860.395324675324
1782212972,3,,Aggregated,1.000000,0.000000,8,12,15,22,25,29,36,39,49,130,130,1925,0,8,12.48906353253655,4.652700001315679,129.0953999996418,7860.395324675324
1782212973,3,,Aggregated,0.900000,0.000000,8,12,15,22,25,29,36,39,49,130,130,1927,0,8,12.48270394402209,4.652700001315679,129.0953999996418,7858.324338349767
1782212974,3,,Aggregated,0.800000,0.000000,8,12,15,22,25,29,36,39,49,130,130,1928,0,8,12.487496784300244,4.652700001315679,129.0953999996418,7859.69398340249
1782212975,3,,Aggregated,0.800000,0.000000,8,12,15,22,25,29,36,39,49,130,130,1929,0,8,12.487183255639088,4.652700001315679,129.0953999996418,7861.062208398133
1782212976,3,,Aggregated,0.800000,0.000000,8,12,15,22,25,29,36,39,49,130,130,1930,0,8,12.48368715032437,4.652700001315679,129.0953999996418,7860.027979274611
1782212977,3,,Aggregated,0.800000,0.000000,8,12,15,22,25,29,36,39,49,130,130,1931,0,8,12.48096178152557,4.652700001315679,129.0953999996418,7858.994821336095
1782212978,3,,Aggregated,0.900000,0.000000,8,12,15,22,25,29,36,39,49,130,130,1933,0,8,12.483347335813347,4.652700001315679,129.0953999996418,7859.329022245215
1782212979,3,,Aggregated,0.900000,0.000000,8,12,15,22,25,29,36,39,49,130,130,1933,0,8,12.483347335813347,4.652700001315679,129.0953999996418,7859.329022245215
1782212980,3,,Aggregated,0.900000,0.000000,8,12,15,22,25,29,36,39,49,130,130,1934,0,8,12.480314167594528,4.652700001315679,129.0953999996418,7858.297828335057
1782212981,3,,Aggregated,1.100000,0.000000,8,12,15,22,25,29,36,39,49,130,130,1935,0,8,12.484108372158639,4.652700001315679,129.0953999996418,7859.6625322997415
1782212982,3,,Aggregated,1.100000,0.000000,8,12,15,22,25,29,36,39,49,130,130,1936,0,8,12.48069478312445,4.652700001315679,129.0953999996418,7858.6322314049585
1782212983,3,,Aggregated,0.800000,0.000000,8,12,15,22,25,29,36,39,49,130,130,1937,0,8,12.478011667595121,4.652700001315679,129.0953999996418,7857.602994321115
1782212984,3,,Aggregated,0.800000,0.000000,8,12,15,22,25,29,36,39,49,130,130,1937,0,8,12.478011667595121,4.652700001315679,129.0953999996418,7857.602994321115
1782212985,3,,Aggregated,1.100000,0.000000,8,12,15,22,25,29,36,39,49,130,130,1938,0,8,12.475124767869694,4.652700001315679,129.0953999996418,7856.173374613003
1782212986,3,,Aggregated,1.000000,0.000000,8,12,15,22,25,29,36,39,49,130,130,1940,0,8,12.477831546459935,4.652700001315679,129.0953999996418,7856.509278350515
1782212987,3,,Aggregated,1.000000,0.000000,8,12,15,22,25,29,36,39,49,130,130,1940,0,8,12.477831546459935,4.652700001315679,129.0953999996418,7856.509278350515
1782212988,3,,Aggregated,1.000000,0.000000,8,12,15,22,25,29,36,39,49,130,130,1940,0,8,12.477831546459935,4.652700001315679,129.0953999996418,7856.509278350515
1782212989,3,,Aggregated,0.900000,0.000000,8,12,15,22,24,29,36,39,49,130,130,1941,0,8,12.474927511659745,4.652700001315679,129.0953999996418,7855.0824317362185
1782212990,3,,Aggregated,0.900000,0.000000,8,12,15,22,24,29,36,39,49,130,130,1943,0,8,12.476196191525947,4.652700001315679,129.0953999996418,7855.018528049408
1782212991,3,,Aggregated,0.900000,0.000000,8,12,15,22,24,29,36,39,49,130,130,1944,0,8,12.472567284019481,4.652700001315679,129.0953999996418,7853.994855967078
1782212992,3,,Aggregated,0.900000,0.000000,8,12,15,22,24,29,36,39,49,130,130,1944,0,8,12.472567284019481,4.652700001315679,129.0953999996418,7853.994855967078
1782212993,3,,Aggregated,0.800000,0.000000,8,12,15,22,24,29,36,39,49,130,130,1945,0,8,12.472967198011952,4.652700001315679,129.0953999996418,7855.354755784062
1782212994,3,,Aggregated,0.800000,0.000000,8,12,15,22,24,29,36,39,49,130,130,1946,0,8,12.472460791435344,4.652700001315679,129.0953999996418,7856.713257965056
1782212995,3,,Aggregated,0.800000,0.000000,8,12,15,22,24,29,36,39,49,130,130,1947,0,8,12.469641294366578,4.652700001315679,129.0953999996418,7855.290703646636
1782212996,3,,Aggregated,0.800000,0.000000,8,12,15,22,24,29,36,39,49,130,130,1947,0,8,12.469641294366578,4.652700001315679,129.0953999996418,7855.290703646636
1782212997,3,,Aggregated,0.800000,0.000000,8,12,15,22,24,29,36,39,49,130,130,1948,0,8,12.46675205345652,4.652700001315679,129.0953999996418,7854.268993839835
1782212998,3,,Aggregated,0.800000,0.000000,8,12,15,22,24,29,36,39,49,130,130,1948,0,8,12.46675205345652,4.652700001315679,129.0953999996418,7854.268993839835
1782212999,3,,Aggregated,0.700000,0.000000,8,12,15,22,24,29,36,39,49,130,130,1949,0,8,12.46420985127421,4.652700001315679,129.0953999996418,7853.248332478194
1782213000,3,,Aggregated,0.800000,0.000000,8,12,15,22,24,29,36,39,49,130,130,1950,0,8,12.469400974426744,4.652700001315679,129.0953999996418,7854.6051282051285
1782213001,3,,Aggregated,0.800000,0.000000,8,12,15,22,24,29,36,39,49,130,130,1950,0,8,12.469400974426744,4.652700001315679,129.0953999996418,7854.6051282051285
1782213002,3,,Aggregated,0.800000,0.000000,8,12,15,22,24,29,36,39,49,130,130,1952,0,8,12.466211168100285,4.652700001315679,129.0953999996418,7854.940573770492
1782213003,3,,Aggregated,0.600000,0.000000,8,12,15,22,24,29,36,39,49,130,130,1953,0,8,12.462945826999675,4.652700001315679,129.0953999996418,7853.921658986175
1782213004,3,,Aggregated,0.600000,0.000000,8,12,15,22,24,29,36,39,49,130,130,1954,0,8,12.468784288705347,4.652700001315679,129.0953999996418,7855.275332650973
1782213005,3,,Aggregated,0.700000,0.000000,8,12,15,22,24,29,36,39,49,130,130,1955,0,8,12.46910342717614,4.652700001315679,129.0953999996418,7856.627621483376
1782213006,3,,Aggregated,0.700000,0.000000,8,12,15,22,24,29,36,39,49,130,130,1955,0,8,12.46910342717614,4.652700001315679,129.0953999996418,7856.627621483376
1782213007,3,,Aggregated,0.800000,0.000000,8,12,15,22,24,29,36,39,49,130,130,1956,0,8,12.478111554258291,4.652700001315679,129.0953999996418,7857.978527607362
1782213008,3,,Aggregated,0.800000,0.000000,8,12,15,22,24,29,36,39,49,130,130,1956,0,8,12.478111554258291,4.652700001315679,129.0953999996418,7857.978527607362
1782213009,3,,Aggregated,0.800000,0.000000,8,12,15,22,24,29,36,39,49,130,130,1958,0,8,12.472193871363057,4.652700001315679,129.0953999996418,7855.545454545455
1782213010,3,,Aggregated,0.800000,0.000000,8,12,15,22,24,29,36,39,49,130,130,1958,0,8,12.472193871363057,4.652700001315679,129.0953999996418,7855.545454545455
1782213011,3,,Aggregated,0.800000,0.000000,8,12,15,22,24,29,36,39,49,130,130,1959,0,8,12.469838131765199,4.652700001315679,129.0953999996418,7854.529351710056
1782213012,3,,Aggregated,0.900000,0.000000,8,12,15,22,24,29,36,39,49,130,130,1960,0,8,12.466284949045892,4.652700001315679,129.0953999996418,7853.5142857142855
1782213013,3,,Aggregated,0.800000,0.000000,8,12,15,22,24,29,36,39,49,130,130,1961,0,8,12.471435288184779,4.652700001315679,129.0953999996418,7854.8633350331465
1782213014,3,,Aggregated,0.800000,0.000000,8,12,15,22,24,29,36,39,49,130,130,1961,0,8,12.471435288184779,4.652700001315679,129.0953999996418,7854.8633350331465
1782213015,3,,Aggregated,0.800000,0.000000,8,12,15,22,24,29,36,39,49,130,130,1963,0,8,12.47163769746919,4.652700001315679,129.0953999996418,7857.557310239429
1782213016,3,,Aggregated,0.800000,0.000000,8,12,15,22,24,29,36,39,49,130,130,1964,0,8,12.471239867685165,4.652700001315679,129.0953999996418,7858.902240325866
1782213017,3,,Aggregated,0.800000,0.000000,8,12,15,22,24,29,36,39,49,130,130,1964,0,8,12.471239867685165,4.652700001315679,129.0953999996418,7858.902240325866
1782213018,3,,Aggregated,0.800000,0.000000,8,12,15,22,24,29,36,39,49,130,130,1964,0,8,12.471239867685165,4.652700001315679,129.0953999996418,7858.902240325866
1782213019,3,,Aggregated,0.900000,0.000000,8,12,15,22,24,29,36,39,49,130,130,1966,0,8,12.473705849509205,4.652700001315679,129.0953999996418,7859.230925737538
1782213020,3,,Aggregated,0.800000,0.000000,8,12,15,22,24,29,36,39,49,130,130,1967,0,8,12.47314524663732,4.652700001315679,129.0953999996418,7860.572953736655
1782213022,3,,Aggregated,0.800000,0.000000,8,12,15,22,24,29,36,39,49,130,130,1967,0,8,12.47314524663732,4.652700001315679,129.0953999996418,7860.572953736655
1782213023,3,,Aggregated,0.800000,0.000000,8,12,15,22,24,29,36,39,49,130,130,1967,0,8,12.47314524663732,4.652700001315679,129.0953999996418,7860.572953736655
1782213024,3,,Aggregated,0.900000,0.000000,8,12,15,22,24,29,36,39,49,130,130,1969,0,8,12.486792077264813,4.652700001315679,129.0953999996418,7860.504316912138
1782213025,3,,Aggregated,0.800000,0.000000,8,12,15,22,24,29,36,39,49,130,130,1970,0,8,12.483339847783796,4.652700001315679,129.0953999996418,7859.491370558376
1782213026,3,,Aggregated,0.700000,0.000000,8,12,15,22,24,29,36,39,49,130,130,1971,0,8,12.479822323761747,4.652700001315679,129.0953999996418,7858.479452054795
1782213027,3,,Aggregated,0.700000,0.000000,8,12,15,22,24,29,36,39,49,130,130,1971,0,8,12.479822323761747,4.652700001315679,129.0953999996418,7858.479452054795
1782213028,3,,Aggregated,0.900000,0.000000,8,12,15,22,24,29,36,39,49,130,130,1973,0,8,12.47943182976973,4.652700001315679,129.0953999996418,7858.807399898632
1782213029,3,,Aggregated,0.800000,0.000000,8,12,15,22,24,29,36,39,49,130,130,1974,0,8,12.476542958529121,4.652700001315679,129.0953999996418,7857.797365754813
1782213030,3,,Aggregated,0.700000,0.000000,8,12,15,22,24,29,36,39,49,130,130,1975,0,8,12.474134734246357,4.652700001315679,129.0953999996418,7856.7883544303795
1782213031,3,,Aggregated,0.900000,0.000000,8,12,15,22,24,29,36,39,49,130,130,1976,0,8,12.479336133673119,4.652700001315679,129.0953999996418,7858.1255060728745
1782213032,3,,Aggregated,1.000000,0.000000,8,12,15,22,24,29,36,39,49,130,130,1977,0,8,12.476034041546804,4.652700001315679,129.0953999996418,7856.723823975721
1782213033,3,,Aggregated,0.900000,0.000000,8,12,15,22,24,29,36,39,49,130,130,1978,0,8,12.476142467208172,4.652700001315679,129.0953999996418,7858.059656218403
1782213034,3,,Aggregated,0.900000,0.000000,8,12,15,22,24,29,36,39,49,130,130,1978,0,8,12.476142467208172,4.652700001315679,129.0953999996418,7858.059656218403
1782213035,3,,Aggregated,1.000000,0.000000,8,12,15,22,24,29,36,39,49,130,130,1979,0,8,12.473328853025341,4.652700001315679,129.0953999996418,7857.052551793835
1782213036,3,,Aggregated,1.100000,0.000000,8,12,15,22,24,29,36,39,49,130,130,1980,0,8,12.47832358592749,4.652700001315679,129.0953999996418,7858.386868686869
1782213037,3,,Aggregated,0.900000,0.000000,8,12,15,22,24,29,36,39,49,130,130,1981,0,8,12.474816254486248,4.652700001315679,129.0953999996418,7856.987884906613
1782213038,3,,Aggregated,0.900000,0.000000,8,12,15,22,24,29,36,39,49,130,130,1981,0,8,12.474816254486248,4.652700001315679,129.0953999996418,7856.987884906613
1782213039,3,,Aggregated,0.900000,0.000000,8,12,15,22,24,29,36,39,49,130,130,1982,0,8,12.47134132196807,4.652700001315679,129.0953999996418,7855.982845610494
1782213040,3,,Aggregated,1.000000,0.000000,8,12,15,22,24,29,36,39,49,130,130,1983,0,8,12.469004689934719,4.652700001315679,129.0953999996418,7854.58648512355
1782213041,3,,Aggregated,0.800000,0.000000,8,12,15,22,24,29,36,39,49,130,130,1984,0,8,12.483252721845092,4.652700001315679,129.0953999996418,7855.919354838709
1782213042,3,,Aggregated,0.800000,0.000000,8,12,15,22,24,29,36,39,49,130,130,1984,0,8,12.483252721845092,4.652700001315679,129.0953999996418,7855.919354838709
1782213043,3,,Aggregated,0.800000,0.000000,8,12,15,22,24,29,36,39,49,130,130,1984,0,8,12.483252721845092,4.652700001315679,129.0953999996418,7855.919354838709
1782213044,3,,Aggregated,0.800000,0.000000,8,12,15,22,24,29,36,39,49,130,130,1986,0,8,12.480837764422704,4.652700001315679,129.0953999996418,7856.247734138973
1782213045,3,,Aggregated,0.800000,0.000000,8,12,15,22,24,29,36,39,49,130,130,1986,0,8,12.480837764422704,4.652700001315679,129.0953999996418,7856.247734138973
1782213046,3,,Aggregated,0.600000,0.000000,8,12,15,22,24,29,37,40,52,130,130,1987,0,8,12.500892451004317,4.652700001315679,129.0953999996418,7857.577755410166
1782213047,3,,Aggregated,0.600000,0.000000,8,12,15,22,24,29,37,40,52,130,130,1987,0,8,12.500892451004317,4.652700001315679,129.0953999996418,7857.577755410166
1782213048,3,,Aggregated,0.700000,0.000000,8,12,15,22,24,29,37,40,52,130,130,1989,0,8,12.501259074985983,4.652700001315679,129.0953999996418,7860.233785822021
1782213049,3,,Aggregated,0.700000,0.000000,8,12,15,22,24,29,37,40,52,130,130,1990,0,8,12.498131658364615,4.652700001315679,129.0953999996418,7859.231155778894
1782213050,3,,Aggregated,0.700000,0.000000,8,12,15,22,24,29,37,40,52,130,130,1990,0,8,12.498131658364615,4.652700001315679,129.0953999996418,7859.231155778894
1782213051,3,,Aggregated,0.700000,0.000000,8,12,15,22,24,29,37,40,52,130,130,1990,0,8,12.498131658364615,4.652700001315679,129.0953999996418,7859.231155778894
1782213052,3,,Aggregated,0.800000,0.000000,8,12,15,22,24,29,37,40,52,130,130,1993,0,8,12.501452985523313,4.652700001315679,129.0953999996418,7860.879578524837
1782213053,3,,Aggregated,0.800000,0.000000,8,12,15,22,24,29,37,40,52,130,130,1993,0,8,12.501452985523313,4.652700001315679,129.0953999996418,7860.879578524837
1782213054,3,,Aggregated,0.600000,0.000000,8,12,15,22,24,29,37,40,52,130,130,1994,0,8,12.498705616924665,4.652700001315679,129.0953999996418,7859.878635907723
1782213055,3,,Aggregated,0.900000,0.000000,8,12,15,22,24,29,37,40,52,130,130,1995,0,8,12.49666075195534,4.652700001315679,129.0953999996418,7858.488721804511
1782213056,3,,Aggregated,0.800000,0.000000,8,12,15,22,24,29,37,40,52,130,130,1997,0,8,12.491328192364387,4.652700001315679,129.0953999996418,7856.102653980972
1782213057,3,,Aggregated,0.800000,0.000000,8,12,15,22,24,29,37,40,52,130,130,1997,0,8,12.491328192364387,4.652700001315679,129.0953999996418,7856.102653980972
1782213058,3,,Aggregated,0.900000,0.000000,8,12,15,22,24,29,37,40,52,130,130,1999,0,8,12.492755177664003,4.652700001315679,129.0953999996418,7856.428714357178
1782213059,3,,Aggregated,0.900000,0.000000,8,12,15,22,24,29,37,40,52,130,130,1999,0,8,12.492755177664003,4.652700001315679,129.0953999996418,7856.428714357178
1782213060,3,,Aggregated,0.900000,0.000000,8,12,15,22,24,29,37,40,52,130,130,1999,0,8,12.492755177664003,4.652700001315679,129.0953999996418,7856.428714357178
1782213061,3,,Aggregated,0.900000,0.000000,8,12,15,22,24,29,36,39,49,130,130,2001,0,8,12.493816791678112,4.652700001315679,129.0953999996418,7859.069965017491
1782213062,3,,Aggregated,0.900000,0.000000,8,12,15,22,24,29,36,39,49,130,130,2002,0,8,12.493364685388196,4.652700001315679,129.0953999996418,7860.388611388611
1782213063,3,,Aggregated,1.000000,0.000000,8,12,15,22,24,29,36,39,49,130,130,2003,0,8,12.490623365025364,4.652700001315679,129.0953999996418,7859.392411382925
1782213064,3,,Aggregated,1.000000,0.000000,8,12,15,22,24,29,36,39,49,130,130,2004,0,8,12.496339321430156,4.652700001315679,129.0953999996418,7860.709580838324
1782213065,3,,Aggregated,1.000000,0.000000,8,12,15,22,24,29,36,39,49,130,130,2004,0,8,12.496339321430156,4.652700001315679,129.0953999996418,7860.709580838324
1782213066,3,,Aggregated,0.900000,0.000000,8,12,15,22,24,29,36,39,49,130,130,2005,0,8,12.493104239473,4.652700001315679,129.0953999996418,7859.71421446384
1782213067,3,,Aggregated,1.000000,0.000000,8,12,15,22,24,29,36,39,49,130,130,2007,0,8,12.492645690156637,4.652700001315679,129.0953999996418,7862.344294967614
1782213068,3,,Aggregated,1.000000,0.000000,8,12,15,22,24,29,36,39,49,130,130,2007,0,8,12.492645690156637,4.652700001315679,129.0953999996418,7862.344294967614
1782213069,3,,Aggregated,0.900000,0.000000,8,12,15,22,24,29,36,39,49,130,130,2008,0,8,12.503470667401908,4.652700001315679,129.0953999996418,7863.657370517928
1782213070,3,,Aggregated,0.900000,0.000000,8,12,15,22,24,29,36,39,49,130,130,2008,0,8,12.503470667401908,4.652700001315679,129.0953999996418,7863.657370517928
1782213071,3,,Aggregated,0.900000,0.000000,8,12,15,22,24,29,36,39,49,130,130,2009,0,8,12.500441961245743,4.652700001315679,129.0953999996418,7862.662518666003
1782213072,3,,Aggregated,0.900000,0.000000,8,12,15,22,24,29,36,39,49,130,130,2010,0,8,12.500083880667402,4.652700001315679,129.0953999996418,7863.974129353234
1782213073,3,,Aggregated,0.800000,0.000000,8,12,15,22,24,29,36,39,49,130,130,2011,0,8,12.504610293456114,4.652700001315679,129.0953999996418,7865.284435604177
1782213074,3,,Aggregated,0.800000,0.000000,8,12,15,22,24,29,36,39,49,130,130,2011,0,8,12.504610293456114,4.652700001315679,129.0953999996418,7865.284435604177
1782213075,3,,Aggregated,0.800000,0.000000,8,12,15,22,24,29,36,39,49,130,130,2011,0,8,12.504610293456114,4.652700001315679,129.0953999996418,7865.284435604177
1782213076,3,,Aggregated,0.700000,0.000000,8,12,15,22,24,29,36,39,49,130,130,2014,0,8,12.49907154922454,4.652700001315679,129.0953999996418,7864.605759682225
1782213077,3,,Aggregated,0.700000,0.000000,8,12,15,22,24,29,36,39,49,130,130,2014,0,8,12.49907154922454,4.652700001315679,129.0953999996418,7864.605759682225
1782213078,3,,Aggregated,0.700000,0.000000,8,12,15,22,24,29,36,39,49,130,130,2014,0,8,12.49907154922454,4.652700001315679,129.0953999996418,7864.605759682225
1782213079,3,,Aggregated,0.800000,0.000000,8,12,15,22,24,29,36,39,49,130,130,2016,0,8,12.493129761972499,4.652700001315679,129.0953999996418,7862.622023809524
1782213080,3,,Aggregated,0.700000,0.000000,8,12,15,22,24,29,37,39,49,130,130,2017,0,8,12.505600942059548,4.652700001315679,129.0953999996418,7863.929102627665
1782213081,3,,Aggregated,0.700000,0.000000,8,12,15,22,24,29,37,39,49,130,130,2017,0,8,12.505600942059548,4.652700001315679,129.0953999996418,7863.929102627665
1782213082,3,,Aggregated,0.800000,0.000000,8,12,15,22,24,29,37,39,49,130,130,2018,0,8,12.50240634297954,4.652700001315679,129.0953999996418,7862.938553022795
1782213083,3,,Aggregated,0.800000,0.000000,8,12,15,22,24,29,37,39,49,130,130,2018,0,8,12.50240634297954,4.652700001315679,129.0953999996418,7862.938553022795
1782213084,3,,Aggregated,0.800000,0.000000,8,12,15,22,24,29,37,39,49,130,130,2020,0,8,12.497038861451669,4.652700001315679,129.0953999996418,7860.575247524753
1782213085,3,,Aggregated,0.800000,0.000000,8,12,15,22,24,29,37,39,49,130,130,2021,0,8,12.50157981203891,4.652700001315679,129.0953999996418,7861.880752102919
1782213086,3,,Aggregated,0.800000,0.000000,8,12,15,22,24,29,37,39,49,130,130,2021,0,8,12.50157981203891,4.652700001315679,129.0953999996418,7861.880752102919
1782213087,3,,Aggregated,1.000000,0.000000,8,12,15,22,24,29,37,39,49,130,130,2022,0,8,12.50324505446453,4.652700001315679,129.0953999996418,7863.184965380811
1782213088,3,,Aggregated,0.800000,0.000000,8,12,15,22,24,29,37,39,49,130,130,2023,0,8,12.504515669860425,4.652700001315679,129.0953999996418,7864.487889273357
1782213089,3,,Aggregated,0.700000,0.000000,8,12,15,22,24,29,37,39,49,130,130,2024,0,8,12.501114723383342,4.652700001315679,129.0953999996418,7863.115612648221
1782213090,3,,Aggregated,0.700000,0.000000,8,12,15,22,24,29,37,39,49,130,130,2024,0,8,12.501114723383342,4.652700001315679,129.0953999996418,7863.115612648221
1782213091,3,,Aggregated,0.800000,0.000000,8,12,15,22,24,29,37,39,49,130,130,2025,0,8,12.49806281487834,4.652700001315679,129.0953999996418,7861.744691358024
1782213092,3,,Aggregated,0.700000,0.000000,8,12,15,22,24,29,37,39,49,130,130,2027,0,8,12.500959447523867,4.652700001315679,129.0953999996418,7862.060680809078
1782213093,3,,Aggregated,0.800000,0.000000,8,12,15,22,24,29,37,39,49,130,130,2028,0,8,12.500068146020936,4.652700001315679,129.0953999996418,7863.360946745562
1782213094,3,,Aggregated,0.800000,0.000000,8,12,15,22,24,29,37,39,49,130,130,2028,0,8,12.500068146020936,4.652700001315679,129.0953999996418,7863.360946745562
1782213095,3,,Aggregated,0.800000,0.000000,8,12,15,22,24,29,37,39,49,130,130,2028,0,8,12.500068146020936,4.652700001315679,129.0953999996418,7863.360946745562
1782213096,3,,Aggregated,0.900000,0.000000,8,12,15,22,24,29,37,39,49,130,130,2031,0,8,12.490260315179889,4.652700001315679,129.0953999996418,7859.643032988675
1782213097,3,,Aggregated,0.900000,0.000000,8,12,15,22,24,29,37,39,49,130,130,2031,0,8,12.490260315179889,4.652700001315679,129.0953999996418,7859.643032988675
1782213098,3,,Aggregated,0.900000,0.000000,8,12,15,22,24,29,37,39,49,130,130,2031,0,8,12.490260315179889,4.652700001315679,129.0953999996418,7859.643032988675
1782213099,3,,Aggregated,1.000000,0.000000,8,12,15,22,24,29,37,39,49,130,130,2034,0,8,12.490536086593949,4.652700001315679,129.0953999996418,7858.596853490659
1782213100,3,,Aggregated,1.000000,0.000000,8,12,15,22,24,29,37,39,49,130,130,2034,0,8,12.490536086593949,4.652700001315679,129.0953999996418,7858.596853490659
1782213101,3,,Aggregated,1.000000,0.000000,8,12,15,22,24,29,37,39,49,130,130,2034,0,8,12.490536086593949,4.652700001315679,129.0953999996418,7858.596853490659
1782213102,3,,Aggregated,1.000000,0.000000,8,12,15,22,24,29,37,39,49,130,130,2034,0,8,12.490536086593949,4.652700001315679,129.0953999996418,7858.596853490659
1782213103,3,,Aggregated,0.900000,0.000000,8,12,15,22,24,29,37,39,49,130,130,2036,0,8,12.494239292795465,4.652700001315679,129.0953999996418,7858.914538310412
1782213104,3,,Aggregated,0.900000,0.000000,8,12,15,22,24,29,37,39,49,130,130,2037,0,8,12.500513303944153,4.652700001315679,129.0953999996418,7860.21060382916
1782213105,3,,Aggregated,0.900000,0.000000,8,12,15,22,24,29,37,39,49,130,130,2037,0,8,12.500513303944153,4.652700001315679,129.0953999996418,7860.21060382916
1782213106,3,,Aggregated,0.800000,0.000000,8,12,15,22,24,29,37,39,49,130,130,2038,0,8,12.497657801833569,4.652700001315679,129.0953999996418,7858.8498527968595
1782213107,3,,Aggregated,0.900000,0.000000,8,12,15,22,24,29,37,39,49,130,130,2040,0,8,12.500344558891669,4.652700001315679,129.0953999996418,7861.4382352941175
1782213108,3,,Aggregated,0.900000,0.000000,8,12,15,22,24,29,37,39,49,130,130,2040,0,8,12.500344558891669,4.652700001315679,129.0953999996418,7861.4382352941175
1782213109,3,,Aggregated,0.900000,0.000000,8,12,15,22,24,29,37,39,49,130,130,2040,0,8,12.500344558891669,4.652700001315679,129.0953999996418,7861.4382352941175
1782213110,3,,Aggregated,0.900000,0.000000,8,12,15,22,24,29,37,39,49,130,130,2041,0,8,12.505646104918206,4.652700001315679,129.0953999996418,7862.730524252817
1782213111,3,,Aggregated,0.800000,0.000000,8,12,15,22,24,29,37,39,49,130,130,2043,0,8,12.51225829668933,4.652700001315679,129.0953999996418,7865.311306901615
1782213112,3,,Aggregated,0.800000,0.000000,8,12,15,22,24,29,37,39,49,130,130,2043,0,8,12.51225829668933,4.652700001315679,129.0953999996418,7865.311306901615
1782213113,3,,Aggregated,0.800000,0.000000,8,12,15,22,24,29,37,39,49,130,130,2045,0,8,12.522468997622683,4.652700001315679,129.0953999996418,7867.8870415647925
1782213114,3,,Aggregated,0.800000,0.000000,8,12,15,22,24,29,37,39,49,130,130,2045,0,8,12.522468997622683,4.652700001315679,129.0953999996418,7867.8870415647925
1782213115,3,,Aggregated,0.800000,0.000000,8,12,15,22,24,29,37,39,49,130,130,2046,0,8,12.519839442881898,4.652700001315679,129.0953999996418,7866.908113391984
1782213116,3,,Aggregated,0.800000,0.000000,8,12,15,22,24,29,37,39,49,130,130,2046,0,8,12.519839442881898,4.652700001315679,129.0953999996418,7866.908113391984
1782213117,3,,Aggregated,0.800000,0.000000,8,12,15,22,24,29,37,39,49,130,130,2048,0,8,12.522727783268905,4.652700001315679,129.0953999996418,7866.8359375
1782213118,3,,Aggregated,0.800000,0.000000,8,12,15,22,24,29,37,39,49,130,130,2049,0,8,12.519626940036948,4.652700001315679,129.0953999996418,7865.47925817472
1782213119,3,,Aggregated,0.800000,0.000000,8,12,15,22,24,29,37,39,49,130,130,2050,0,8,12.516322292748798,4.652700001315679,129.0953999996418,7864.503414634147
1782213120,3,,Aggregated,0.800000,0.000000,8,12,15,22,24,29,37,39,49,130,130,2050,0,8,12.516322292748798,4.652700001315679,129.0953999996418,7864.503414634147
1782213121,3,,Aggregated,0.900000,0.000000,8,12,15,22,24,29,36,39,49,130,130,2051,0,8,12.513879132196903,4.652700001315679,129.0953999996418,7863.528522671867
1782213122,3,,Aggregated,0.900000,0.000000,8,12,15,22,24,29,36,39,49,130,130,2051,0,8,12.513879132196903,4.652700001315679,129.0953999996418,7863.528522671867
1782213123,3,,Aggregated,1.000000,0.000000,8,12,15,22,24,29,36,39,49,130,130,2052,0,8,12.52037558486187,4.652700001315679,129.0953999996418,7864.812865497076
1782213124,3,,Aggregated,0.800000,0.000000,8,12,15,22,25,29,36,39,49,130,130,2053,0,8,12.530265806203102,4.652700001315679,129.0953999996418,7866.095957135899
1782213125,3,,Aggregated,0.900000,0.000000,8,12,15,22,25,29,36,39,49,130,130,2054,0,8,12.526896543395134,4.652700001315679,129.0953999996418,7864.7429406037
1782213126,3,,Aggregated,0.900000,0.000000,8,12,15,22,25,29,36,39,49,130,130,2054,0,8,12.526896543395134,4.652700001315679,129.0953999996418,7864.7429406037
1782213127,3,,Aggregated,0.800000,0.000000,8,12,15,22,25,29,36,39,49,130,130,2055,0,8,12.524496399091642,4.652700001315679,129.0953999996418,7863.769829683698
1782213128,3,,Aggregated,0.800000,0.000000,8,12,15,22,25,29,36,39,49,130,130,2057,0,8,12.525856538713176,4.652700001315679,129.0953999996418,7864.079241614001
1782213129,3,,Aggregated,0.800000,0.000000,8,12,15,22,25,29,36,39,49,130,130,2057,0,8,12.525856538713176,4.652700001315679,129.0953999996418,7864.079241614001
1782213130,3,,Aggregated,0.800000,0.000000,8,12,15,22,25,29,36,39,49,130,130,2057,0,8,12.525856538713176,4.652700001315679,129.0953999996418,7864.079241614001
1782213131,3,,Aggregated,0.800000,0.000000,8,12,15,22,25,29,36,39,49,130,130,2058,0,8,12.52279421775231,4.652700001315679,129.0953999996418,7863.107871720116
1782213132,3,,Aggregated,0.800000,0.000000,8,12,15,22,25,29,36,39,49,130,130,2058,0,8,12.52279421775231,4.652700001315679,129.0953999996418,7863.107871720116
1782213133,3,,Aggregated,0.700000,0.000000,8,12,15,22,25,29,36,39,49,130,130,2060,0,8,12.525764854434632,4.652700001315679,129.0953999996418,7863.417475728155
1782213134,3,,Aggregated,0.700000,0.000000,8,12,15,22,25,29,36,39,49,130,130,2060,0,8,12.525764854434632,4.652700001315679,129.0953999996418,7863.417475728155
1782213135,3,,Aggregated,0.700000,0.000000,8,12,15,22,24,29,36,39,49,130,130,2062,0,8,12.519597381247491,4.652700001315679,129.0953999996418,7861.479146459747
1782213136,3,,Aggregated,0.700000,0.000000,8,12,15,22,24,29,36,39,49,130,130,2062,0,8,12.519597381247491,4.652700001315679,129.0953999996418,7861.479146459747
1782213138,3,,Aggregated,0.700000,0.000000,8,12,15,22,24,29,36,39,49,130,130,2063,0,8,12.516156180382657,4.652700001315679,129.0953999996418,7860.1342704798835
1782213139,3,,Aggregated,0.700000,0.000000,8,12,15,22,24,29,36,39,49,130,130,2063,0,8,12.516156180382657,4.652700001315679,129.0953999996418,7860.1342704798835
1782213140,3,,Aggregated,0.800000,0.000000,8,12,15,22,24,29,36,39,49,130,130,2064,0,8,12.520822141534309,4.652700001315679,129.0953999996418,7861.412790697675
1782213141,3,,Aggregated,0.800000,0.000000,8,12,15,22,24,29,36,39,49,130,130,2066,0,8,12.516918877120007,4.652700001315679,129.0953999996418,7861.346563407551
1782213142,3,,Aggregated,0.800000,0.000000,8,12,15,22,24,29,36,39,49,130,130,2066,0,8,12.516918877120007,4.652700001315679,129.0953999996418,7861.346563407551
1782213143,3,,Aggregated,0.700000,0.000000,8,12,15,22,25,29,36,39,49,130,130,2067,0,8,12.527831204707494,4.652700001315679,129.0953999996418,7862.622641509434
1782213144,3,,Aggregated,0.900000,0.000000,8,12,15,22,25,29,36,39,49,130,130,2069,0,8,12.532473223841432,4.652700001315679,129.0953999996418,7865.171097148381
1782213145,3,,Aggregated,0.900000,0.000000,8,12,15,22,25,29,36,39,49,130,130,2069,0,8,12.532473223841432,4.652700001315679,129.0953999996418,7865.171097148381
1782213146,3,,Aggregated,0.800000,0.000000,8,12,15,22,24,29,36,39,49,130,130,2071,0,8,12.531238725315502,4.652700001315679,129.0953999996418,7865.1014002897155
1782213147,3,,Aggregated,0.800000,0.000000,8,12,15,22,24,29,36,39,49,130,130,2071,0,8,12.531238725315502,4.652700001315679,129.0953999996418,7865.1014002897155
1782213148,3,,Aggregated,0.900000,0.000000,8,12,15,22,24,29,36,39,49,130,130,2072,0,8,12.528128716278292,4.652700001315679,129.0953999996418,7864.1361003861
1782213149,3,,Aggregated,0.900000,0.000000,8,12,15,22,24,29,36,39,49,130,130,2073,0,8,12.52492465032725,4.652700001315679,129.0953999996418,7863.171731789676
1782213150,3,,Aggregated,0.900000,0.000000,8,12,15,22,24,29,36,39,49,130,130,2074,0,8,12.52959161047592,4.652700001315679,129.0953999996418,7864.44262295082
1782213151,3,,Aggregated,0.900000,0.000000,8,12,15,22,24,29,36,39,49,130,130,2074,0,8,12.52959161047592,4.652700001315679,129.0953999996418,7864.44262295082
1782213152,3,,Aggregated,1.000000,0.000000,8,12,15,22,24,29,36,39,49,130,130,2075,0,8,12.52923836150692,4.652700001315679,129.0953999996418,7865.712289156627
1782213153,3,,Aggregated,1.000000,0.000000,8,12,15,22,24,29,36,39,49,130,130,2076,0,8,12.526659104107434,4.652700001315679,129.0953999996418,7864.748554913294
1782213154,3,,Aggregated,0.800000,0.000000,8,12,15,22,25,29,36,39,49,130,130,2078,0,8,12.53100298369949,4.652700001315679,129.0953999996418,7864.679499518768
1782213155,3,,Aggregated,0.800000,0.000000,8,12,15,22,25,29,36,39,49,130,130,2078,0,8,12.53100298369949,4.652700001315679,129.0953999996418,7864.679499518768
1782213156,3,,Aggregated,0.900000,0.000000,8,12,15,22,25,29,36,39,49,130,130,2079,0,8,12.528178643640128,4.652700001315679,129.0953999996418,7863.7176527176525
1782213157,3,,Aggregated,0.900000,0.000000,8,12,15,22,25,29,36,39,49,130,130,2080,0,8,12.532827211599887,4.652700001315679,129.0953999996418,7864.984615384616
1782213158,3,,Aggregated,0.900000,0.000000,8,12,15,22,25,29,36,39,49,130,130,2080,0,8,12.532827211599887,4.652700001315679,129.0953999996418,7864.984615384616
1782213159,3,,Aggregated,0.700000,0.000000,8,12,15,22,24,29,36,39,49,130,130,2082,0,8,12.529315225806696,4.652700001315679,129.0953999996418,7865.289145052834
1782213160,3,,Aggregated,0.800000,0.000000,8,12,15,22,24,29,36,39,49,130,130,2083,0,8,12.526128084555964,4.652700001315679,129.0953999996418,7864.328852616419
1782213161,3,,Aggregated,0.800000,0.000000,8,12,15,22,24,29,36,39,49,130,130,2083,0,8,12.526128084555964,4.652700001315679,129.0953999996418,7864.328852616419
1782213162,3,,Aggregated,0.800000,0.000000,8,12,15,22,24,29,36,39,49,130,130,2084,0,8,12.522759213112685,4.652700001315679,129.0953999996418,7863.369481765835
1782213163,3,,Aggregated,0.800000,0.000000,8,12,15,22,24,29,36,39,49,130,130,2084,0,8,12.522759213112685,4.652700001315679,129.0953999996418,7863.369481765835
1782213164,3,,Aggregated,0.900000,0.000000,8,12,15,22,24,29,36,39,49,130,130,2085,0,8,12.520553477278984,4.652700001315679,129.0953999996418,7862.41103117506
1782213165,3,,Aggregated,0.800000,0.000000,8,12,15,22,24,29,36,39,49,130,130,2086,0,8,12.518221572449566,4.652700001315679,129.0953999996418,7861.080536912752
1782213166,3,,Aggregated,0.800000,0.000000,8,12,15,22,24,29,36,39,49,130,130,2087,0,8,12.516231720235124,4.652700001315679,129.0953999996418,7859.751317680882
1782213167,3,,Aggregated,0.800000,0.000000,8,12,15,22,24,29,36,39,49,130,130,2089,0,8,12.517163619020707,4.652700001315679,129.0953999996418,7859.687410244136
1782213168,3,,Aggregated,0.900000,0.000000,8,12,15,22,24,29,36,39,49,130,130,2090,0,8,12.516431626858555,4.652700001315679,129.0953999996418,7860.950239234449
1782213169,3,,Aggregated,0.900000,0.000000,8,12,15,22,24,29,36,39,49,130,130,2090,0,8,12.516431626858555,4.652700001315679,129.0953999996418,7860.950239234449
1782213170,3,,Aggregated,0.900000,0.000000,8,12,15,22,24,29,36,39,49,130,130,2090,0,8,12.516431626858555,4.652700001315679,129.0953999996418,7860.950239234449
1782213171,3,,Aggregated,0.900000,0.000000,8,12,15,22,24,29,36,39,49,130,130,2092,0,8,12.521208508667728,4.652700001315679,129.0953999996418,7860.885277246654
1782213172,3,,Aggregated,0.800000,0.000000,8,12,15,22,24,29,36,39,49,130,130,2093,0,8,12.518277162032037,4.652700001315679,129.0953999996418,7859.931677018633
1782213173,3,,Aggregated,0.800000,0.000000,8,12,15,22,24,29,36,39,49,130,130,2093,0,8,12.518277162032037,4.652700001315679,129.0953999996418,7859.931677018633
1782213174,3,,Aggregated,1.000000,0.000000,8,12,15,22,24,29,36,39,49,130,130,2095,0,8,12.521128926079149,4.652700001315679,129.0953999996418,7859.867780429594
1782213175,3,,Aggregated,1.000000,0.000000,8,12,15,22,24,29,36,39,49,130,130,2096,0,8,12.520544513422847,4.652700001315679,129.0953999996418,7861.126908396946
1782213176,3,,Aggregated,0.900000,0.000000,8,12,15,22,24,29,36,39,49,130,130,2097,0,8,12.520042012463838,4.652700001315679,129.0953999996418,7862.384835479256
1782213177,3,,Aggregated,1.000000,0.000000,8,12,15,22,24,29,36,39,49,130,130,2099,0,8,12.516198094396989,4.652700001315679,129.0953999996418,7862.689375893283
1782213178,3,,Aggregated,1.000000,0.000000,8,12,15,22,24,29,36,39,49,130,130,2099,0,8,12.516198094396989,4.652700001315679,129.0953999996418,7862.689375893283
1782213179,3,,Aggregated,1.000000,0.000000,8,12,15,22,24,29,36,39,49,130,130,2100,0,8,12.514083285781712,4.652700001315679,129.0953999996418,7861.738095238095
1782213180,3,,Aggregated,1.000000,0.000000,8,12,15,22,24,29,36,39,49,130,130,2100,0,8,12.514083285781712,4.652700001315679,129.0953999996418,7861.738095238095
1782213181,3,,Aggregated,1.000000,0.000000,8,12,15,22,24,29,36,39,49,130,130,2102,0,8,12.51656964802232,4.652700001315679,129.0953999996418,7861.672692673644
1782213182,3,,Aggregated,1.000000,0.000000,8,12,15,22,24,29,36,39,49,130,130,2102,0,8,12.51656964802232,4.652700001315679,129.0953999996418,7861.672692673644
1782213183,3,,Aggregated,1.000000,0.000000,8,12,15,22,24,29,36,39,49,130,130,2103,0,8,12.516400951089146,4.652700001315679,129.0953999996418,7862.926771279125
1782213184,3,,Aggregated,0.900000,0.000000,8,12,15,22,24,29,36,39,49,130,130,2104,0,8,12.515861644552654,4.652700001315679,129.0953999996418,7864.179657794677
1782213185,3,,Aggregated,0.900000,0.000000,8,12,15,22,24,29,36,39,49,130,130,2104,0,8,12.515861644552654,4.652700001315679,129.0953999996418,7864.179657794677
1782213186,3,,Aggregated,0.900000,0.000000,8,12,15,22,24,29,36,39,49,130,130,2105,0,8,12.512840142583771,4.652700001315679,129.0953999996418,7863.229928741092
1782213187,3,,Aggregated,0.900000,0.000000,8,12,15,22,24,29,36,39,49,130,130,2105,0,8,12.512840142583771,4.652700001315679,129.0953999996418,7863.229928741092
1782213188,3,,Aggregated,0.800000,0.000000,8,12,15,22,24,29,36,39,49,130,130,2107,0,8,12.527061129636909,4.652700001315679,129.0953999996418,7865.731846226863
1782213189,3,,Aggregated,0.800000,0.000000,8,12,15,22,24,29,36,39,49,130,130,2107,0,8,12.527061129636909,4.652700001315679,129.0953999996418,7865.731846226863
1782213190,3,,Aggregated,0.800000,0.000000,8,12,15,22,24,29,36,39,49,130,130,2107,0,8,12.527061129636909,4.652700001315679,129.0953999996418,7865.731846226863
1782213191,3,,Aggregated,0.700000,0.000000,8,12,15,22,24,29,36,39,49,130,130,2110,0,8,12.518336161206186,4.652700001315679,129.0953999996418,7862.518483412322
1782213192,3,,Aggregated,0.700000,0.000000,8,12,15,22,24,29,36,39,49,130,130,2110,0,8,12.518336161206186,4.652700001315679,129.0953999996418,7862.518483412322
1782213193,3,,Aggregated,0.700000,0.000000,8,12,15,22,24,29,36,39,49,130,130,2111,0,8,12.515652818637054,4.652700001315679,129.0953999996418,7861.572240644245
1782213194,3,,Aggregated,0.800000,0.000000,8,12,15,22,24,29,36,39,49,130,130,2112,0,8,12.52146628794745,4.652700001315679,129.0953999996418,7862.821022727273
1782213195,3,,Aggregated,0.800000,0.000000,8,12,15,22,24,29,36,39,49,130,130,2112,0,8,12.52146628794745,4.652700001315679,129.0953999996418,7862.821022727273
1782213196,3,,Aggregated,0.800000,0.000000,8,12,15,22,24,29,36,39,49,130,130,2113,0,8,12.52119706585267,4.652700001315679,129.0953999996418,7864.068622811169
1782213197,3,,Aggregated,0.800000,0.000000,8,12,15,22,24,29,36,39,49,130,130,2113,0,8,12.52119706585267,4.652700001315679,129.0953999996418,7864.068622811169
1782213198,3,,Aggregated,0.800000,0.000000,8,12,15,22,24,29,36,39,49,130,130,2115,0,8,12.514989929147884,4.652700001315679,129.0953999996418,7861.810401891253
1782213199,3,,Aggregated,0.800000,0.000000,8,12,15,22,25,29,37,40,49,130,130,2116,0,8,12.527786200448018,4.652700001315679,129.0953999996418,7863.056710775048
1782213200,3,,Aggregated,0.800000,0.000000,8,12,15,22,25,29,37,40,49,130,130,2116,0,8,12.527786200448018,4.652700001315679,129.0953999996418,7863.056710775048
1782213201,3,,Aggregated,0.800000,0.000000,8,12,15,22,25,29,37,40,49,130,130,2117,0,8,12.524658951417049,4.652700001315679,129.0953999996418,7862.112895606991
1782213202,3,,Aggregated,0.800000,0.000000,8,12,15,22,25,29,37,40,49,130,130,2117,0,8,12.524658951417049,4.652700001315679,129.0953999996418,7862.112895606991
1782213203,3,,Aggregated,0.900000,0.000000,8,12,15,22,25,29,37,40,49,130,130,2118,0,8,12.525214778163043,4.652700001315679,129.0953999996418,7863.357884796978
1782213204,3,,Aggregated,0.700000,0.000000,8,12,15,22,25,29,37,40,49,130,130,2119,0,8,12.534315998183777,4.652700001315679,129.0953999996418,7864.601698914582
1782213205,3,,Aggregated,0.800000,0.000000,8,12,15,22,25,29,37,40,49,130,130,2120,0,8,12.532538349128203,4.652700001315679,129.0953999996418,7863.6584905660375
1782213206,3,,Aggregated,0.700000,0.000000,8,12,15,22,25,29,37,40,49,130,130,2121,0,8,12.530367892574828,4.652700001315679,129.0953999996418,7862.716171617161
1782213207,3,,Aggregated,0.700000,0.000000,8,12,15,22,25,29,37,40,49,130,130,2121,0,8,12.530367892574828,4.652700001315679,129.0953999996418,7862.716171617161
1782213208,3,,Aggregated,0.700000,0.000000,8,12,15,22,25,29,37,40,49,130,130,2122,0,8,12.530229406291257,4.652700001315679,129.0953999996418,7863.958529688973
1782213209,3,,Aggregated,0.800000,0.000000,8,12,15,22,25,29,37,40,49,130,130,2124,0,8,12.534630932275046,4.652700001315679,129.0953999996418,7866.439736346516
1782213210,3,,Aggregated,0.800000,0.000000,8,12,15,22,25,29,37,40,49,130,130,2125,0,8,12.531245129484246,4.652700001315679,129.0953999996418,7865.131764705882
1782213211,3,,Aggregated,0.800000,0.000000,8,12,15,22,25,29,37,40,49,130,130,2126,0,8,12.528541721615033,4.652700001315679,129.0953999996418,7863.825023518344
1782213212,3,,Aggregated,0.800000,0.000000,8,12,15,22,25,29,37,40,49,130,130,2126,0,8,12.528541721615033,4.652700001315679,129.0953999996418,7863.825023518344
1782213213,3,,Aggregated,1.000000,0.000000,8,12,15,22,25,29,37,40,49,130,130,2128,0,8,12.522415131650947,4.652700001315679,129.0953999996418,7861.946428571428
1782213214,3,,Aggregated,1.000000,0.000000,8,12,15,22,25,29,37,40,49,130,130,2128,0,8,12.522415131650947,4.652700001315679,129.0953999996418,7861.946428571428
1782213215,3,,Aggregated,0.900000,0.000000,8,12,15,22,25,29,37,40,49,130,130,2129,0,8,12.519979098239894,4.652700001315679,129.0953999996418,7861.008454673555
1782213216,3,,Aggregated,1.000000,0.000000,8,12,15,22,25,29,37,40,49,130,130,2130,0,8,12.524720234813485,4.652700001315679,129.0953999996418,7862.2469483568075
1782213217,3,,Aggregated,0.900000,0.000000,8,12,15,22,24,29,37,40,49,130,130,2132,0,8,12.525123780558863,4.652700001315679,129.0953999996418,7864.720450281426
1782213218,3,,Aggregated,0.900000,0.000000,8,12,15,22,24,29,37,40,49,130,130,2132,0,8,12.525123780558863,4.652700001315679,129.0953999996418,7864.720450281426
1782213219,3,,Aggregated,1.000000,0.000000,8,12,15,22,24,29,37,40,49,130,130,2134,0,8,12.521855107849431,4.652700001315679,129.0953999996418,7865.017806935332
1782213220,3,,Aggregated,1.000000,0.000000,8,12,15,22,24,29,37,40,49,130,130,2135,0,8,12.518901264707889,4.652700001315679,129.0953999996418,7864.081030444965
1782213221,3,,Aggregated,0.900000,0.000000,8,12,15,22,24,29,37,40,49,130,130,2136,0,8,12.51594213490262,4.652700001315679,129.0953999996418,7863.145131086142
1782213222,3,,Aggregated,0.900000,0.000000,8,12,15,22,24,29,37,40,49,130,130,2136,0,8,12.51594213490262,4.652700001315679,129.0953999996418,7863.145131086142
1782213223,3,,Aggregated,0.900000,0.000000,8,12,15,22,24,29,37,40,49,130,130,2138,0,8,12.518320205870724,4.652700001315679,129.0953999996418,7863.44340505145
1782213224,3,,Aggregated,0.900000,0.000000,8,12,15,22,24,29,37,40,49,130,130,2138,0,8,12.518320205870724,4.652700001315679,129.0953999996418,7863.44340505145
1782213225,3,,Aggregated,0.900000,0.000000,8,12,15,22,24,29,37,40,49,130,130,2138,0,8,12.518320205870724,4.652700001315679,129.0953999996418,7863.44340505145
1782213226,3,,Aggregated,0.900000,0.000000,8,12,15,22,24,29,37,40,49,130,130,2139,0,8,12.515214399324062,4.652700001315679,129.0953999996418,7862.145395044413
1782213227,3,,Aggregated,1.000000,0.000000,8,12,15,22,24,29,37,40,49,130,130,2141,0,8,12.518335404088887,4.652700001315679,129.0953999996418,7862.080803362915
1782213228,3,,Aggregated,1.000000,0.000000,8,12,15,22,24,29,37,40,49,130,130,2141,0,8,12.518335404088887,4.652700001315679,129.0953999996418,7862.080803362915
1782213229,3,,Aggregated,1.000000,0.000000,8,12,15,22,24,29,37,40,49,130,130,2141,0,8,12.518335404088887,4.652700001315679,129.0953999996418,7862.080803362915
1782213230,3,,Aggregated,1.000000,0.000000,8,12,15,22,24,29,37,40,49,130,130,2141,0,8,12.518335404088887,4.652700001315679,129.0953999996418,7862.080803362915
1782213231,3,,Aggregated,0.900000,0.000000,8,12,15,22,24,29,37,40,49,130,130,2143,0,8,12.520360569367163,4.652700001315679,129.0953999996418,7862.016332244517
1782213232,3,,Aggregated,0.700000,0.000000,8,12,15,22,24,29,37,40,49,130,130,2144,0,8,12.519885587758877,4.652700001315679,129.0953999996418,7863.246268656716
1782213233,3,,Aggregated,0.700000,0.000000,8,12,15,22,24,29,37,40,49,130,130,2145,0,8,12.517941725015095,4.652700001315679,129.0953999996418,7861.951981351981
1782213234,3,,Aggregated,0.700000,0.000000,8,12,15,22,24,29,37,40,49,130,130,2145,0,8,12.517941725015095,4.652700001315679,129.0953999996418,7861.951981351981
1782213235,3,,Aggregated,0.700000,0.000000,8,12,15,22,24,29,37,40,49,130,130,2146,0,8,12.515225396158778,4.652700001315679,129.0953999996418,7860.65890027959
1782213236,3,,Aggregated,0.700000,0.000000,8,12,15,22,24,29,37,40,49,130,130,2148,0,8,12.510203305475708,4.652700001315679,129.0953999996418,7858.07635009311
1782213237,3,,Aggregated,0.700000,0.000000,8,12,15,22,24,29,37,40,49,130,130,2148,0,8,12.510203305475708,4.652700001315679,129.0953999996418,7858.07635009311
1782213238,3,,Aggregated,0.800000,0.000000,8,12,15,22,25,29,37,40,49,130,130,2149,0,8,12.522208934462716,4.652700001315679,129.0953999996418,7859.305258259656
1782213239,3,,Aggregated,0.800000,0.000000,8,12,15,22,25,29,37,40,49,130,130,2150,0,8,12.522963116356296,4.652700001315679,129.0953999996418,7860.5330232558135
1782213240,3,,Aggregated,0.800000,0.000000,8,12,15,22,25,29,37,40,49,130,130,2150,0,8,12.522963116356296,4.652700001315679,129.0953999996418,7860.5330232558135
1782213241,3,,Aggregated,0.800000,0.000000,8,12,15,22,24,29,37,40,49,130,130,2152,0,8,12.519501951750952,4.652700001315679,129.0953999996418,7860.831784386617
1782213242,3,,Aggregated,0.900000,0.000000,8,12,15,22,24,29,37,40,49,130,130,2153,0,8,12.51694096617411,4.652700001315679,129.0953999996418,7859.904784022295
1782213243,3,,Aggregated,0.900000,0.000000,8,12,15,22,24,29,37,40,49,130,130,2153,0,8,12.51694096617411,4.652700001315679,129.0953999996418,7859.904784022295
1782213244,3,,Aggregated,0.800000,0.000000,8,12,15,22,24,29,37,40,49,130,130,2154,0,8,12.513941968510823,4.652700001315679,129.0953999996418,7858.617455896007
1782213245,3,,Aggregated,0.900000,0.000000,8,12,15,22,24,29,37,40,49,130,130,2155,0,8,12.510784408432785,4.652700001315679,129.0953999996418,7857.692343387471
1782213246,3,,Aggregated,0.900000,0.000000,8,12,15,22,24,29,37,40,49,130,130,2156,0,8,12.51618209655425,4.652700001315679,129.0953999996418,7858.917439703154
1782213247,3,,Aggregated,0.900000,0.000000,8,12,15,22,24,29,37,40,49,130,130,2156,0,8,12.51618209655425,4.652700001315679,129.0953999996418,7858.917439703154
1782213248,3,,Aggregated,0.800000,0.000000,8,12,15,22,24,29,37,40,49,130,130,2157,0,8,12.515663746024153,4.652700001315679,129.0953999996418,7860.141400092722
1782213249,3,,Aggregated,0.800000,0.000000,8,12,15,22,24,29,37,40,49,130,130,2157,0,8,12.515663746024153,4.652700001315679,129.0953999996418,7860.141400092722
1782213250,3,,Aggregated,0.800000,0.000000,8,12,15,22,25,29,37,40,49,130,130,2159,0,8,12.521240435468261,4.652700001315679,129.0953999996418,7860.439555349699
1782213251,3,,Aggregated,0.800000,0.000000,8,12,15,22,25,29,37,40,49,130,130,2159,0,8,12.521240435468261,4.652700001315679,129.0953999996418,7860.439555349699
1782213253,3,,Aggregated,0.700000,0.000000,8,12,15,22,25,29,37,40,49,130,130,2160,0,8,12.518709305634358,4.652700001315679,129.0953999996418,7859.5157407407405
1782213254,3,,Aggregated,0.900000,0.000000,8,12,15,22,24,29,37,40,49,130,130,2161,0,8,12.523432994063112,4.652700001315679,129.0953999996418,7860.737158722814
1782213255,3,,Aggregated,0.700000,0.000000,8,12,15,22,24,29,37,40,49,130,130,2163,0,8,12.524235136463451,4.652700001315679,129.0953999996418,7861.03421174295
1782213256,3,,Aggregated,0.700000,0.000000,8,12,15,22,24,29,37,40,49,130,130,2163,0,8,12.524235136463451,4.652700001315679,129.0953999996418,7861.03421174295
1782213257,3,,Aggregated,0.700000,0.000000,8,12,15,22,24,29,37,40,49,130,130,2164,0,8,12.526842929837787,4.652700001315679,129.0953999996418,7862.253234750462
1782213258,3,,Aggregated,0.900000,0.000000,8,12,15,22,24,29,37,40,49,130,130,2165,0,8,12.529039030102718,4.652700001315679,129.0953999996418,7863.471131639722
1782213259,3,,Aggregated,0.800000,0.000000,8,12,15,22,24,29,37,40,49,130,130,2166,0,8,12.534022253080034,4.652700001315679,129.0953999996418,7864.687903970453
1782213260,3,,Aggregated,0.800000,0.000000,8,12,15,22,24,29,37,40,49,130,130,2168,0,8,12.534019695649677,4.652700001315679,129.0953999996418,7864.621771217712
1782213261,3,,Aggregated,0.800000,0.000000,8,12,15,22,24,29,37,40,49,130,130,2168,0,8,12.534019695649677,4.652700001315679,129.0953999996418,7864.621771217712
1782213262,3,,Aggregated,0.800000,0.000000,8,12,15,22,24,29,37,40,49,130,130,2169,0,8,12.537405209851931,4.652700001315679,129.0953999996418,7865.83633010604
1782213263,3,,Aggregated,0.800000,0.000000,8,12,15,22,24,29,37,40,49,130,130,2169,0,8,12.537405209851931,4.652700001315679,129.0953999996418,7865.83633010604
1782213264,3,,Aggregated,0.900000,0.000000,8,12,15,22,24,29,37,40,49,130,130,2170,0,8,12.53478566828009,4.652700001315679,129.0953999996418,7864.914285714286
1782213265,3,,Aggregated,0.900000,0.000000,8,12,15,22,24,29,37,40,49,130,130,2172,0,8,12.537151151093125,4.652700001315679,129.0953999996418,7865.206261510129
1782213266,3,,Aggregated,0.900000,0.000000,8,12,15,22,24,29,37,40,49,130,130,2172,0,8,12.537151151093125,4.652700001315679,129.0953999996418,7865.206261510129
1782213267,3,,Aggregated,0.900000,0.000000,8,12,15,22,24,29,37,40,49,130,130,2172,0,8,12.537151151093125,4.652700001315679,129.0953999996418,7865.206261510129
1782213268,3,,Aggregated,0.800000,0.000000,8,12,15,22,24,29,37,40,49,130,130,2175,0,8,12.546650666747531,4.652700001315679,129.0953999996418,7864.577931034482
1782213269,3,,Aggregated,0.800000,0.000000,8,12,15,22,24,29,37,40,49,130,130,2175,0,8,12.546650666747531,4.652700001315679,129.0953999996418,7864.577931034482
1782213270,3,,Aggregated,0.800000,0.000000,8,12,15,22,24,29,37,40,49,130,130,2176,0,8,12.543906985376239,4.652700001315679,129.0953999996418,7863.659007352941
1782213271,3,,Aggregated,1.000000,0.000000,8,12,15,22,24,29,37,40,49,130,130,2177,0,8,12.541713137428138,4.652700001315679,129.0953999996418,7862.383555351401
1782213272,3,,Aggregated,1.000000,0.000000,8,12,15,22,24,29,37,40,49,130,130,2178,0,8,12.538657484014635,4.652700001315679,129.0953999996418,7861.466483011937
1782213273,3,,Aggregated,1.000000,0.000000,8,12,15,22,24,29,37,40,49,130,130,2178,0,8,12.538657484014635,4.652700001315679,129.0953999996418,7861.466483011937
1782213274,3,,Aggregated,0.900000,0.000000,8,12,15,22,24,29,37,40,49,130,130,2180,0,8,12.53397275237866,4.652700001315679,129.0953999996418,7858.921100917431
1782213275,3,,Aggregated,0.900000,0.000000,8,12,15,22,24,29,37,40,49,130,130,2180,0,8,12.53397275237866,4.652700001315679,129.0953999996418,7858.921100917431
1782213276,3,,Aggregated,1.000000,0.000000,8,12,15,22,24,29,37,40,49,130,130,2181,0,8,12.531091334333322,4.652700001315679,129.0953999996418,7857.6501604768455
1782213277,3,,Aggregated,1.000000,0.000000,8,12,15,22,24,29,37,40,49,130,130,2182,0,8,12.53695307066224,4.652700001315679,129.0953999996418,7858.86067827681
1782213278,3,,Aggregated,0.900000,0.000000,8,12,15,22,24,29,37,40,49,130,130,2183,0,8,12.533956711032577,4.652700001315679,129.0953999996418,7857.947320201558
1782213279,3,,Aggregated,0.900000,0.000000,8,12,15,22,24,29,37,40,49,130,130,2183,0,8,12.533956711032577,4.652700001315679,129.0953999996418,7857.947320201558
1782213280,3,,Aggregated,0.800000,0.000000,8,12,15,22,24,29,37,40,49,130,130,2184,0,8,12.531934844406392,4.652700001315679,129.0953999996418,7857.034798534799
1782213281,3,,Aggregated,0.800000,0.000000,8,12,15,22,24,29,37,40,49,130,130,2184,0,8,12.531934844406392,4.652700001315679,129.0953999996418,7857.034798534799
1782213282,3,,Aggregated,0.800000,0.000000,8,12,15,22,24,29,37,40,49,130,130,2186,0,8,12.535073696332244,4.652700001315679,129.0953999996418,7859.451967063129
1782213283,3,,Aggregated,0.800000,0.000000,8,12,15,22,24,29,37,40,49,130,130,2186,0,8,12.535073696332244,4.652700001315679,129.0953999996418,7859.451967063129
1782213284,3,,Aggregated,0.800000,0.000000,8,12,15,22,24,29,37,40,49,130,130,2186,0,8,12.535073696332244,4.652700001315679,129.0953999996418,7859.451967063129
1782213285,3,,Aggregated,0.800000,0.000000,8,12,15,22,25,29,37,40,49,130,130,2188,0,8,12.541599817268434,4.652700001315679,129.0953999996418,7859.746800731262
1782213286,3,,Aggregated,0.800000,0.000000,8,12,15,22,25,29,37,40,49,130,130,2189,0,8,12.54098451356211,4.652700001315679,129.0953999996418,7860.952489721334
1782213287,3,,Aggregated,0.800000,0.000000,8,12,15,22,25,29,37,40,49,130,130,2189,0,8,12.54098451356211,4.652700001315679,129.0953999996418,7860.952489721334
1782213288,3,,Aggregated,0.900000,0.000000,8,12,15,22,25,29,37,40,49,130,130,2190,0,8,12.537965616522268,4.652700001315679,129.0953999996418,7859.6858447488585
1782213289,3,,Aggregated,0.900000,0.000000,8,12,15,22,24,29,37,40,49,130,130,2192,0,8,12.54018170628606,4.652700001315679,129.0953999996418,7859.979927007299
1782213290,3,,Aggregated,0.900000,0.000000,8,12,15,22,24,29,37,40,49,130,130,2192,0,8,12.54018170628606,4.652700001315679,129.0953999996418,7859.979927007299
1782213291,3,,Aggregated,0.900000,0.000000,8,12,15,22,25,29,37,40,49,130,130,2193,0,8,12.552736798987382,4.652700001315679,129.0953999996418,7861.183310533515
1782213292,3,,Aggregated,0.900000,0.000000,8,12,15,22,25,29,37,40,49,130,130,2194,0,8,12.554545396619336,4.652700001315679,129.0953999996418,7862.385597082954
1782213293,3,,Aggregated,0.900000,0.000000,8,12,15,22,25,29,37,40,49,130,130,2194,0,8,12.554545396619336,4.652700001315679,129.0953999996418,7862.385597082954
1782213294,3,,Aggregated,0.800000,0.000000,8,12,15,22,25,29,37,40,49,130,130,2195,0,8,12.560001594617226,4.652700001315679,129.0953999996418,7863.5867881548975
1782213295,3,,Aggregated,0.800000,0.000000,8,12,15,22,25,29,37,40,49,130,130,2195,0,8,12.560001594617226,4.652700001315679,129.0953999996418,7863.5867881548975
1782213296,3,,Aggregated,0.900000,0.000000,8,12,15,22,25,29,37,40,49,130,130,2197,0,8,12.563447883560166,4.652700001315679,129.0953999996418,7863.876649977242
1782213297,3,,Aggregated,0.800000,0.000000,8,12,15,22,25,29,37,40,49,130,130,2198,0,8,12.560276114732606,4.652700001315679,129.0953999996418,7862.967242948134
1782213298,3,,Aggregated,0.800000,0.000000,8,12,15,22,25,29,37,40,49,130,130,2198,0,8,12.560276114732606,4.652700001315679,129.0953999996418,7862.967242948134
1782213299,3,,Aggregated,0.800000,0.000000,8,12,15,22,25,29,37,40,49,130,130,2198,0,8,12.560276114732606,4.652700001315679,129.0953999996418,7862.967242948134
1782213300,3,,Aggregated,0.800000,0.000000,8,12,15,22,25,29,37,40,49,130,130,2200,0,8,12.553999545538813,4.652700001315679,129.0953999996418,7860.797272727273
1782213301,3,,Aggregated,0.600000,0.000000,8,12,15,22,25,29,37,40,49,130,130,2201,0,8,12.551734075503866,4.652700001315679,129.0953999996418,7859.890504316219
1782213302,3,,Aggregated,0.800000,0.000000,8,12,15,22,25,29,37,40,49,130,130,2203,0,8,12.55359904683523,4.652700001315679,129.0953999996418,7860.182932364957
1782213303,3,,Aggregated,0.800000,0.000000,8,12,15,22,25,29,37,40,49,130,130,2203,0,8,12.55359904683523,4.652700001315679,129.0953999996418,7860.182932364957
1782213304,3,,Aggregated,0.800000,0.000000,8,12,15,22,25,29,37,40,49,130,130,2203,0,8,12.55359904683523,4.652700001315679,129.0953999996418,7860.182932364957
1782213305,3,,Aggregated,0.900000,0.000000,8,12,15,22,25,29,37,40,49,130,130,2204,0,8,12.555615063600753,4.652700001315679,129.0953999996418,7861.380217785844
1782213306,3,,Aggregated,0.800000,0.000000,8,12,15,22,25,29,37,40,49,130,130,2205,0,8,12.562023945657755,4.652700001315679,129.0953999996418,7862.57641723356
1782213307,3,,Aggregated,0.800000,0.000000,8,12,15,22,25,29,37,40,49,130,130,2206,0,8,12.561984043598454,4.652700001315679,129.0953999996418,7863.77153218495
1782213308,3,,Aggregated,0.800000,0.000000,8,12,15,22,25,29,37,40,49,130,130,2206,0,8,12.561984043598454,4.652700001315679,129.0953999996418,7863.77153218495
1782213309,3,,Aggregated,0.800000,0.000000,8,12,15,22,25,29,37,40,49,130,130,2207,0,8,12.562018577335687,4.652700001315679,129.0953999996418,7864.965564114183
1782213310,3,,Aggregated,0.800000,0.000000,8,12,15,22,25,29,37,40,49,130,130,2209,0,8,12.558848257211096,4.652700001315679,129.0953999996418,7865.252602987777
1782213311,3,,Aggregated,0.800000,0.000000,8,12,15,22,25,29,37,40,49,130,130,2209,0,8,12.558848257211096,4.652700001315679,129.0953999996418,7865.252602987777
1782213312,3,,Aggregated,0.800000,0.000000,8,12,15,22,25,29,37,40,49,130,130,2210,0,8,12.563249321348389,4.652700001315679,129.0953999996418,7866.444343891403
1782213313,3,,Aggregated,0.800000,0.000000,8,12,15,22,25,29,37,40,49,130,130,2210,0,8,12.563249321348389,4.652700001315679,129.0953999996418,7866.444343891403
1782213314,3,,Aggregated,0.700000,0.000000,8,12,15,22,25,29,37,40,49,130,130,2213,0,8,12.561473475004124,4.652700001315679,129.0953999996418,7870.013104383191
1782213315,3,,Aggregated,0.700000,0.000000,8,12,15,22,25,29,37,40,49,130,130,2213,0,8,12.561473475004124,4.652700001315679,129.0953999996418,7870.013104383191
1782213316,3,,Aggregated,0.700000,0.000000,8,12,15,22,25,29,37,40,49,130,130,2213,0,8,12.561473475004124,4.652700001315679,129.0953999996418,7870.013104383191
1782213317,3,,Aggregated,0.700000,0.000000,8,12,15,22,25,29,37,40,49,130,130,2214,0,8,12.565813956722359,4.652700001315679,129.0953999996418,7871.20054200542
1782213318,3,,Aggregated,0.900000,0.000000,8,12,15,22,25,29,37,40,49,130,130,2216,0,8,12.561744449542296,4.652700001315679,129.0953999996418,7871.481046931408
1782213319,3,,Aggregated,0.900000,0.000000,8,12,15,22,25,29,37,40,49,130,130,2217,0,8,12.558867433552757,4.652700001315679,129.0953999996418,7870.57600360848
1782213320,3,,Aggregated,0.900000,0.000000,8,12,15,22,25,29,37,40,49,130,130,2217,0,8,12.558867433552757,4.652700001315679,129.0953999996418,7870.57600360848
1782213321,3,,Aggregated,1.000000,0.000000,8,12,15,22,25,29,37,40,49,130,130,2219,0,8,12.560304957270956,4.652700001315679,129.0953999996418,7870.506083821541
1782213322,3,,Aggregated,0.900000,0.000000,8,12,15,22,25,29,37,40,49,130,130,2220,0,8,12.557414774860959,4.652700001315679,129.0953999996418,7869.252252252252
1782213323,3,,Aggregated,0.900000,0.000000,8,12,15,22,25,29,37,40,49,130,130,2220,0,8,12.557414774860959,4.652700001315679,129.0953999996418,7869.252252252252
1782213324,3,,Aggregated,0.900000,0.000000,8,12,15,22,25,29,37,40,49,130,130,2220,0,8,12.557414774860959,4.652700001315679,129.0953999996418,7869.252252252252
1782213325,3,,Aggregated,1.000000,0.000000,8,12,15,22,25,29,37,40,49,130,130,2221,0,8,12.555094912286348,4.652700001315679,129.0953999996418,7868.349842413328
1782213326,3,,Aggregated,1.000000,0.000000,8,12,15,22,25,29,37,40,49,130,130,2223,0,8,12.551476923159887,4.652700001315679,129.0953999996418,7866.197480881691
1782213327,3,,Aggregated,1.000000,0.000000,8,12,15,22,25,29,37,40,49,130,130,2223,0,8,12.551476923159887,4.652700001315679,129.0953999996418,7866.197480881691
1782213328,3,,Aggregated,0.900000,0.000000,8,12,15,22,25,29,37,40,49,130,130,2224,0,8,12.557191007276774,4.652700001315679,129.0953999996418,7867.381294964029
1782213329,3,,Aggregated,0.900000,0.000000,8,12,15,22,25,29,37,40,49,130,130,2224,0,8,12.557191007276774,4.652700001315679,129.0953999996418,7867.381294964029
1782213330,3,,Aggregated,0.900000,0.000000,8,12,15,22,25,29,37,40,49,130,130,2226,0,8,12.55177964967736,4.652700001315679,129.0953999996418,7865.232704402516
1782213331,3,,Aggregated,0.700000,0.000000,8,12,15,22,25,29,37,40,49,130,130,2227,0,8,12.548776111441196,4.652700001315679,129.0953999996418,7863.985181859003
1782213332,3,,Aggregated,0.900000,0.000000,8,12,15,22,25,29,37,40,49,130,130,2228,0,8,12.5458147666867,4.652700001315679,129.0953999996418,7862.738779174148
1782213333,3,,Aggregated,0.900000,0.000000,8,12,15,22,25,29,37,40,49,130,130,2228,0,8,12.5458147666867,4.652700001315679,129.0953999996418,7862.738779174148
1782213334,3,,Aggregated,0.800000,0.000000,8,12,15,22,25,29,37,40,49,130,130,2229,0,8,12.543072902725367,4.652700001315679,129.0953999996418,7861.493494840735
1782213335,3,,Aggregated,0.800000,0.000000,8,12,15,22,25,29,37,40,49,130,130,2231,0,8,12.54401837748712,4.652700001315679,129.0953999996418,7861.780815777678
1782213336,3,,Aggregated,0.800000,0.000000,8,12,15,22,25,29,37,40,49,130,130,2231,0,8,12.54401837748712,4.652700001315679,129.0953999996418,7861.780815777678
1782213337,3,,Aggregated,1.000000,0.000000,8,12,15,22,25,29,37,40,49,130,130,2232,0,8,12.541949059217794,4.652700001315679,129.0953999996418,7860.537634408603
1782213338,3,,Aggregated,0.900000,0.000000,8,12,15,22,25,29,37,40,49,130,130,2233,0,8,12.539419704513621,4.652700001315679,129.0953999996418,7859.643976712942
1782213339,3,,Aggregated,0.800000,0.000000,8,12,15,22,25,29,37,40,49,130,130,2234,0,8,12.537932542604555,4.652700001315679,129.0953999996418,7858.751119068935
1782213340,3,,Aggregated,0.900000,0.000000,8,12,15,22,25,29,37,40,49,130,130,2235,0,8,12.53580541395003,4.652700001315679,129.0953999996418,7857.859060402685
1782213341,3,,Aggregated,0.900000,0.000000,8,12,15,22,25,29,37,40,49,130,130,2235,0,8,12.53580541395003,4.652700001315679,129.0953999996418,7857.859060402685
1782213342,3,,Aggregated,0.800000,0.000000,8,12,15,22,25,29,37,40,49,130,130,2236,0,8,12.533027772889278,4.652700001315679,129.0953999996418,7856.967799642218
1782213343,3,,Aggregated,0.800000,0.000000,8,12,15,22,25,29,37,40,49,130,130,2236,0,8,12.533027772889278,4.652700001315679,129.0953999996418,7856.967799642218
1782213344,3,,Aggregated,0.800000,0.000000,8,12,15,22,25,29,37,40,49,130,130,2237,0,8,12.531769334010201,4.652700001315679,129.0953999996418,7856.0773357174785
1782213345,3,,Aggregated,0.800000,0.000000,8,12,15,22,25,29,37,40,49,130,130,2239,0,8,12.525898302893978,4.652700001315679,129.0953999996418,7853.603841000447
1782213346,3,,Aggregated,0.800000,0.000000,8,12,15,22,25,29,37,40,49,130,130,2239,0,8,12.525898302893978,4.652700001315679,129.0953999996418,7853.603841000447
1782213347,3,,Aggregated,0.800000,0.000000,8,12,15,22,24,29,37,40,49,130,130,2241,0,8,12.520788710477413,4.652700001315679,129.0953999996418,7851.481927710844
1782213348,3,,Aggregated,0.800000,0.000000,8,12,15,22,24,29,37,40,49,130,130,2241,0,8,12.520788710477413,4.652700001315679,129.0953999996418,7851.481927710844
1782213349,3,,Aggregated,0.800000,0.000000,8,12,15,22,24,29,37,40,49,130,130,2242,0,8,12.51835182880349,4.652700001315679,129.0953999996418,7850.595896520964
1782213350,3,,Aggregated,0.900000,0.000000,8,12,15,22,24,29,37,40,49,130,130,2243,0,8,12.522618279168666,4.652700001315679,129.0953999996418,7851.776638430673
1782213351,3,,Aggregated,0.800000,0.000000,8,12,15,22,24,29,37,40,49,130,130,2244,0,8,12.522517023252592,4.652700001315679,129.0953999996418,7852.956327985739
1782213352,3,,Aggregated,0.800000,0.000000,8,12,15,22,24,29,37,40,49,130,130,2246,0,8,12.516834951102387,4.652700001315679,129.0953999996418,7850.839715048976
1782213353,3,,Aggregated,0.800000,0.000000,8,12,15,22,24,29,37,40,49,130,130,2247,0,8,12.517159991176147,4.652700001315679,129.0953999996418,7852.018246550957
1782213355,3,,Aggregated,0.900000,0.000000,8,12,15,22,24,29,37,40,49,130,130,2248,0,8,12.517393549899023,4.652700001315679,129.0953999996418,7853.195729537367
1782213356,3,,Aggregated,1.000000,0.000000,8,12,15,22,24,29,37,40,49,130,130,2249,0,8,12.514280257970064,4.652700001315679,129.0953999996418,7851.965762561138
1782213357,3,,Aggregated,1.100000,0.000000,8,12,15,22,24,29,37,40,49,130,130,2251,0,8,12.51964073752748,4.652700001315679,129.0953999996418,7854.317636605953
1782213358,3,,Aggregated,1.100000,0.000000,8,12,15,22,24,29,37,40,49,130,130,2251,0,8,12.51964073752748,4.652700001315679,129.0953999996418,7854.317636605953
1782213359,3,,Aggregated,1.100000,0.000000,8,12,15,22,24,29,37,40,49,130,130,2251,0,8,12.51964073752748,4.652700001315679,129.0953999996418,7854.317636605953
1782213360,3,,Aggregated,1.200000,0.000000,8,12,15,22,24,29,37,40,49,130,130,2253,0,8,12.513712117256567,4.652700001315679,129.0953999996418,7852.206391478029
1782213361,3,,Aggregated,1.200000,0.000000,8,12,15,22,24,29,37,40,49,130,130,2253,0,8,12.513712117256567,4.652700001315679,129.0953999996418,7852.206391478029
1782213362,3,,Aggregated,1.000000,0.000000,8,12,15,22,24,29,37,40,49,130,130,2254,0,8,12.511014285794062,4.652700001315679,129.0953999996418,7851.3247559893525
1782213363,3,,Aggregated,1.000000,0.000000,8,12,15,22,24,29,37,40,49,130,130,2254,0,8,12.511014285794062,4.652700001315679,129.0953999996418,7851.3247559893525
1782213364,3,,Aggregated,1.000000,0.000000,8,12,15,22,24,29,37,40,49,130,130,2257,0,8,12.50390190526625,4.652700001315679,129.0953999996418,7848.339831634914
1782213365,3,,Aggregated,1.000000,0.000000,8,12,15,22,24,29,37,40,49,130,130,2257,0,8,12.50390190526625,4.652700001315679,129.0953999996418,7848.339831634914
1782213366,3,,Aggregated,1.000000,0.000000,8,12,15,22,24,29,37,40,49,130,130,2257,0,8,12.50390190526625,4.652700001315679,129.0953999996418,7848.339831634914
1782213367,3,,Aggregated,1.000000,0.000000,8,12,15,22,24,29,37,40,49,130,130,2258,0,8,12.509488086885359,4.652700001315679,129.0953999996418,7849.513728963685
1782213368,3,,Aggregated,0.800000,0.000000,8,12,15,22,24,29,37,40,49,130,130,2260,0,8,12.50683265495185,4.652700001315679,129.0953999996418,7849.8079646017695
1782213369,3,,Aggregated,0.800000,0.000000,8,12,15,22,24,29,37,40,49,130,130,2260,0,8,12.50683265495185,4.652700001315679,129.0953999996418,7849.8079646017695
1782213370,3,,Aggregated,0.700000,0.000000,8,12,15,22,24,29,37,40,49,130,130,2261,0,8,12.50663763829871,4.652700001315679,129.0953999996418,7850.979655019903
1782213371,3,,Aggregated,0.700000,0.000000,8,12,15,22,24,29,37,40,49,130,130,2261,0,8,12.50663763829871,4.652700001315679,129.0953999996418,7850.979655019903
1782213372,3,,Aggregated,0.700000,0.000000,8,12,15,22,24,29,37,40,49,130,130,2261,0,8,12.50663763829871,4.652700001315679,129.0953999996418,7850.979655019903
1782213373,3,,Aggregated,0.800000,0.000000,8,12,15,22,24,29,37,40,49,130,130,2263,0,8,12.510571674850386,4.652700001315679,129.0953999996418,7853.319929297393
1782213374,3,,Aggregated,0.800000,0.000000,8,12,15,22,24,29,37,40,49,130,130,2264,0,8,12.519481758031827,4.652700001315679,129.0953999996418,7854.48851590106
1782213375,3,,Aggregated,0.900000,0.000000,8,12,15,22,24,29,37,40,49,130,130,2265,0,8,12.520165960345556,4.652700001315679,129.0953999996418,7855.656070640177
1782213376,3,,Aggregated,0.700000,0.000000,8,12,15,22,24,29,37,40,49,130,130,2266,0,8,12.517206134236687,4.652700001315679,129.0953999996418,7854.77758164166
1782213377,3,,Aggregated,0.700000,0.000000,8,12,15,22,24,29,37,40,49,130,130,2267,0,8,12.516898191522044,4.652700001315679,129.0953999996418,7855.943978826643
1782213378,3,,Aggregated,0.800000,0.000000,8,12,15,22,25,29,37,40,49,130,130,2268,0,8,12.522370546816976,4.652700001315679,129.0953999996418,7857.109347442681
1782213379,3,,Aggregated,0.800000,0.000000,8,12,15,22,25,29,37,40,49,130,130,2269,0,8,12.521859541726727,4.652700001315679,129.0953999996418,7858.273688849714
1782213380,3,,Aggregated,0.800000,0.000000,8,12,15,22,25,29,37,40,49,130,130,2269,0,8,12.521859541726727,4.652700001315679,129.0953999996418,7858.273688849714
1782213381,3,,Aggregated,0.800000,0.000000,8,12,15,22,25,29,37,40,49,130,130,2270,0,8,12.521700704924655,4.652700001315679,129.0953999996418,7859.437004405287
1782213382,3,,Aggregated,0.900000,0.000000,8,12,15,22,24,29,37,40,49,130,130,2271,0,8,12.518767899682551,4.652700001315679,129.0953999996418,7858.558784676354
1782213383,3,,Aggregated,0.800000,0.000000,8,12,15,22,24,29,37,40,49,130,130,2272,0,8,12.523512191979586,4.652700001315679,129.0953999996418,7859.720950704225
1782213384,3,,Aggregated,0.800000,0.000000,8,12,15,22,24,29,37,40,49,130,130,2272,0,8,12.523512191979586,4.652700001315679,129.0953999996418,7859.720950704225
1782213385,3,,Aggregated,1.000000,0.000000,8,12,15,22,25,29,37,40,49,130,130,2274,0,8,12.52791737035036,4.652700001315679,129.0953999996418,7860.004397537379
1782213386,3,,Aggregated,0.800000,0.000000,8,12,15,22,25,29,37,40,49,130,130,2275,0,8,12.5249076484297,4.652700001315679,129.0953999996418,7859.1274725274725
1782213387,3,,Aggregated,1.000000,0.000000,8,12,15,22,25,29,37,40,49,130,130,2276,0,8,12.522065246124846,4.652700001315679,129.0953999996418,7858.251318101933
1782213388,3,,Aggregated,1.000000,0.000000,8,12,15,22,25,29,37,40,49,130,130,2277,0,8,12.526075801571102,4.652700001315679,129.0953999996418,7859.411067193676
1782213389,3,,Aggregated,0.900000,0.000000,8,12,15,22,25,29,37,40,49,130,130,2278,0,8,12.526210930718902,4.652700001315679,129.0953999996418,7860.569798068481
1782213390,3,,Aggregated,0.800000,0.000000,8,12,15,22,25,29,37,40,49,130,130,2279,0,8,12.523086573134146,4.652700001315679,129.0953999996418,7859.352786309785
1782213391,3,,Aggregated,1.000000,0.000000,8,12,15,22,25,29,37,40,49,130,130,2280,0,8,12.52380565797227,4.652700001315679,129.0953999996418,7860.510526315789
1782213392,3,,Aggregated,1.000000,0.000000,8,12,15,22,24,29,37,40,49,130,130,2281,0,8,12.5236109601819,4.652700001315679,129.0953999996418,7861.667251205611
1782213393,3,,Aggregated,1.000000,0.000000,8,12,15,22,24,29,37,40,49,130,130,2281,0,8,12.5236109601819,4.652700001315679,129.0953999996418,7861.667251205611
1782213394,3,,Aggregated,0.900000,0.000000,8,12,15,22,24,29,37,40,49,130,130,2284,0,8,12.516951138430846,4.652700001315679,129.0953999996418,7858.704028021016
1782213395,3,,Aggregated,0.900000,0.000000,8,12,15,22,24,29,37,40,49,130,130,2284,0,8,12.516951138430846,4.652700001315679,129.0953999996418,7858.704028021016
1782213396,3,,Aggregated,0.900000,0.000000,8,12,15,22,24,29,37,40,49,130,130,2284,0,8,12.516951138430846,4.652700001315679,129.0953999996418,7858.704028021016
1782213397,3,,Aggregated,1.000000,0.000000,8,12,15,22,24,29,37,40,49,130,130,2286,0,8,12.521222834719907,4.652700001315679,129.0953999996418,7861.013998250219
1782213398,3,,Aggregated,1.000000,0.000000,8,12,15,22,24,29,37,40,49,130,130,2287,0,8,12.518556668200237,4.652700001315679,129.0953999996418,7860.141233056405
1782213399,3,,Aggregated,0.900000,0.000000,8,12,15,22,24,29,37,40,49,130,130,2288,0,8,12.51847395112484,4.652700001315679,129.0953999996418,7861.294580419581
1782213400,3,,Aggregated,0.900000,0.000000,8,12,15,22,24,29,37,40,49,130,130,2288,0,8,12.51847395112484,4.652700001315679,129.0953999996418,7861.294580419581
1782213401,3,,Aggregated,1.000000,0.000000,8,12,15,22,24,29,37,40,49,130,130,2289,0,8,12.51560672790617,4.652700001315679,129.0953999996418,7860.082568807339
1782213402,3,,Aggregated,0.900000,0.000000,8,12,15,22,24,29,37,40,49,130,130,2291,0,8,12.524954430459886,4.652700001315679,129.0953999996418,7862.3862941946745
1782213403,3,,Aggregated,0.900000,0.000000,8,12,15,22,24,29,37,40,49,130,130,2291,0,8,12.524954430459886,4.652700001315679,129.0953999996418,7862.3862941946745
1782213404,3,,Aggregated,0.900000,0.000000,8,12,15,22,24,29,37,40,49,130,130,2291,0,8,12.524954430459886,4.652700001315679,129.0953999996418,7862.3862941946745
1782213405,3,,Aggregated,0.900000,0.000000,8,12,15,22,24,29,37,40,49,130,130,2291,0,8,12.524954430459886,4.652700001315679,129.0953999996418,7862.3862941946745
1782213406,3,,Aggregated,0.800000,0.000000,8,12,15,22,24,29,37,40,49,130,130,2294,0,8,12.5198036182156,4.652700001315679,129.0953999996418,7861.115954664342
