Timestamp,User Count,Type,Name,Requests/s,Failures/s,50%,66%,75%,80%,90%,95%,98%,99%,99.9%,99.99%,100%,Total Request Count,Total Failure Count,Total Median Response Time,Total Average Response Time,Total Min Response Time,Total Max Response Time,Total Average Content Size
1782378301,0,,Aggregated,0.000000,0.000000,N/A,N/A,N/A,N/A,N/A,N/A,N/A,N/A,N/A,N/A,N/A,0,0,0,0.0,0,0,0
1782378302,1,,Aggregated,0.000000,0.000000,N/A,N/A,N/A,N/A,N/A,N/A,N/A,N/A,N/A,N/A,N/A,0,0,0,0.0,0,0,0
1782378303,2,,Aggregated,0.000000,0.000000,N/A,N/A,N/A,N/A,N/A,N/A,N/A,N/A,N/A,N/A,N/A,0,0,0,0.0,0,0,0
1782378304,2,,Aggregated,0.000000,0.000000,2100,2100,2100,2100,2100,2100,2100,2100,2100,2100,2100,1,0,2077.8604000079213,2077.8604000079213,2077.8604000079213,2077.8604000079213,5865.0
1782378305,2,,Aggregated,0.000000,0.000000,2100,2100,2100,2100,2100,2100,2100,2100,2100,2100,2100,2,0,2100,2090.51635000651,2077.8604000079213,2103.172300005099,8182.0
1782378306,2,,Aggregated,0.000000,0.000000,2100,2100,2100,2100,2100,2100,2100,2100,2100,2100,2100,2,0,2100,2090.51635000651,2077.8604000079213,2103.172300005099,8182.0
1782378307,2,,Aggregated,0.000000,0.000000,2100,2100,2100,2100,2100,2100,2100,2100,2100,2100,2100,2,0,2100,2090.51635000651,2077.8604000079213,2103.172300005099,8182.0
1782378308,2,,Aggregated,0.400000,0.000000,2100,2100,2100,2100,2100,2100,2100,2100,2100,2100,2100,4,0,8,1049.0852750008344,7.355099995038472,2103.172300005099,6829.0
1782378309,2,,Aggregated,0.400000,0.000000,2100,2100,2100,2100,2100,2100,2100,2100,2100,2100,2100,4,0,8,1049.0852750008344,7.355099995038472,2103.172300005099,6829.0
1782378310,2,,Aggregated,0.400000,0.000000,2100,2100,2100,2100,2100,2100,2100,2100,2100,2100,2100,4,0,8,1049.0852750008344,7.355099995038472,2103.172300005099,6829.0
1782378311,2,,Aggregated,0.500000,0.000000,36,36,2100,2100,2100,2100,2100,2100,2100,2100,2100,6,0,8,706.5239833318628,7.1693999925628304,2103.172300005099,7280.0
1782378312,2,,Aggregated,0.500000,0.000000,36,36,2100,2100,2100,2100,2100,2100,2100,2100,2100,6,0,8,706.5239833318628,7.1693999925628304,2103.172300005099,7280.0
1782378313,2,,Aggregated,0.500000,0.000000,36,36,2100,2100,2100,2100,2100,2100,2100,2100,2100,6,0,8,706.5239833318628,7.1693999925628304,2103.172300005099,7280.0
1782378314,2,,Aggregated,0.600000,0.000000,17,36,2100,2100,2100,2100,2100,2100,2100,2100,2100,8,0,8,532.9617749976023,7.1693999925628304,2103.172300005099,7408.25
1782378315,2,,Aggregated,0.600000,0.000000,17,36,2100,2100,2100,2100,2100,2100,2100,2100,2100,8,0,8,532.9617749976023,7.1693999925628304,2103.172300005099,7408.25
1782378316,2,,Aggregated,0.600000,0.000000,17,36,2100,2100,2100,2100,2100,2100,2100,2100,2100,8,0,8,532.9617749976023,7.1693999925628304,2103.172300005099,7408.25
1782378317,2,,Aggregated,0.600000,0.000000,17,36,2100,2100,2100,2100,2100,2100,2100,2100,2100,8,0,8,532.9617749976023,7.1693999925628304,2103.172300005099,7408.25
1782378318,2,,Aggregated,0.600000,0.000000,17,36,50,2100,2100,2100,2100,2100,2100,2100,2100,10,0,9,432.21354999841424,7.1693999925628304,2103.172300005099,7563.0
1782378319,2,,Aggregated,0.600000,0.000000,17,36,50,2100,2100,2100,2100,2100,2100,2100,2100,10,0,9,432.21354999841424,7.1693999925628304,2103.172300005099,7563.0
1782378320,2,,Aggregated,0.600000,0.000000,17,36,50,2100,2100,2100,2100,2100,2100,2100,2100,10,0,9,432.21354999841424,7.1693999925628304,2103.172300005099,7563.0
1782378321,2,,Aggregated,0.600000,0.000000,17,36,50,2100,2100,2100,2100,2100,2100,2100,2100,10,0,9,432.21354999841424,7.1693999925628304,2103.172300005099,7563.0
1782378322,2,,Aggregated,0.600000,0.000000,17,36,50,2100,2100,2100,2100,2100,2100,2100,2100,10,0,9,432.21354999841424,7.1693999925628304,2103.172300005099,7563.0
1782378323,2,,Aggregated,0.600000,0.000000,17,20,50,50,2100,2100,2100,2100,2100,2100,2100,12,0,16,363.22078333129565,7.1693999925628304,2103.172300005099,8052.333333333333
1782378324,2,,Aggregated,0.600000,0.000000,17,20,50,50,2100,2100,2100,2100,2100,2100,2100,12,0,16,363.22078333129565,7.1693999925628304,2103.172300005099,8052.333333333333
1782378325,2,,Aggregated,0.600000,0.000000,17,20,50,50,2100,2100,2100,2100,2100,2100,2100,12,0,16,363.22078333129565,7.1693999925628304,2103.172300005099,8052.333333333333
1782378326,2,,Aggregated,0.500000,0.000000,20,36,50,50,2100,2100,2100,2100,2100,2100,2100,14,0,17,316.3397499977561,7.1693999925628304,2103.172300005099,8401.857142857143
1782378327,2,,Aggregated,0.500000,0.000000,20,36,50,50,2100,2100,2100,2100,2100,2100,2100,14,0,17,316.3397499977561,7.1693999925628304,2103.172300005099,8401.857142857143
1782378328,2,,Aggregated,0.500000,0.000000,20,36,50,50,2100,2100,2100,2100,2100,2100,2100,14,0,17,316.3397499977561,7.1693999925628304,2103.172300005099,8401.857142857143
1782378329,2,,Aggregated,0.600000,0.000000,17,20,50,50,2100,2100,2100,2100,2100,2100,2100,15,0,17,295.82415999805863,7.1693999925628304,2103.172300005099,8180.866666666667
1782378330,2,,Aggregated,0.600000,0.000000,17,20,50,50,2100,2100,2100,2100,2100,2100,2100,15,0,17,295.82415999805863,7.1693999925628304,2103.172300005099,8180.866666666667
1782378331,2,,Aggregated,0.500000,0.000000,17,20,50,50,2100,2100,2100,2100,2100,2100,2100,16,0,16,277.7860937485457,7.1693999925628304,2103.172300005099,7987.5
1782378332,2,,Aggregated,0.400000,0.000000,17,36,39,50,2100,2100,2100,2100,2100,2100,2100,17,0,17,263.7495176459197,7.1693999925628304,2103.172300005099,8135.235294117647
1782378333,2,,Aggregated,0.400000,0.000000,17,36,39,50,2100,2100,2100,2100,2100,2100,2100,17,0,17,263.7495176459197,7.1693999925628304,2103.172300005099,8135.235294117647
1782378334,2,,Aggregated,0.700000,0.000000,17,20,39,50,2100,2100,2100,2100,2100,2100,2100,18,0,16,249.88379999962893,7.1693999925628304,2103.172300005099,8266.555555555555
1782378335,2,,Aggregated,0.500000,0.000000,16,20,39,50,2100,2100,2100,2100,2100,2100,2100,19,0,16,237.5691210526336,7.1693999925628304,2103.172300005099,8384.052631578947
1782378336,2,,Aggregated,0.500000,0.000000,16,20,39,50,2100,2100,2100,2100,2100,2100,2100,19,0,16,237.5691210526336,7.1693999925628304,2103.172300005099,8384.052631578947
1782378337,2,,Aggregated,0.600000,0.000000,16,20,39,50,2100,2100,2100,2100,2100,2100,2100,20,0,16,226.1408099999244,7.1693999925628304,2103.172300005099,8219.2
1782378338,2,,Aggregated,0.600000,0.000000,16,20,39,50,2100,2100,2100,2100,2100,2100,2100,20,0,16,226.1408099999244,7.1693999925628304,2103.172300005099,8219.2
1782378339,2,,Aggregated,0.600000,0.000000,16,20,36,39,50,2100,2100,2100,2100,2100,2100,21,0,16,215.72164761892054,7.1693999925628304,2103.172300005099,8070.047619047619
1782378340,2,,Aggregated,0.600000,0.000000,16,20,36,39,50,2100,2100,2100,2100,2100,2100,21,0,16,215.72164761892054,7.1693999925628304,2103.172300005099,8070.047619047619
1782378341,2,,Aggregated,0.600000,0.000000,16,20,36,39,50,2100,2100,2100,2100,2100,2100,21,0,16,215.72164761892054,7.1693999925628304,2103.172300005099,8070.047619047619
1782378342,2,,Aggregated,0.600000,0.000000,16,20,36,39,50,2100,2100,2100,2100,2100,2100,22,0,14,206.24011818158166,7.12799999746494,2103.172300005099,7969.818181818182
1782378343,2,,Aggregated,0.600000,0.000000,16,20,36,39,50,2100,2100,2100,2100,2100,2100,22,0,14,206.24011818158166,7.12799999746494,2103.172300005099,7969.818181818182
1782378344,2,,Aggregated,0.500000,0.000000,14,20,36,39,50,2100,2100,2100,2100,2100,2100,23,0,14,197.61347826051465,7.12799999746494,2103.172300005099,7878.304347826087
1782378345,2,,Aggregated,0.400000,0.000000,14,17,36,39,50,2100,2100,2100,2100,2100,2100,24,0,9,189.68893749964386,7.12799999746494,2103.172300005099,7762.0
1782378346,2,,Aggregated,0.400000,0.000000,14,17,36,39,50,2100,2100,2100,2100,2100,2100,24,0,9,189.68893749964386,7.12799999746494,2103.172300005099,7762.0
1782378347,2,,Aggregated,0.400000,0.000000,14,17,36,39,50,2100,2100,2100,2100,2100,2100,24,0,9,189.68893749964386,7.12799999746494,2103.172300005099,7762.0
1782378348,2,,Aggregated,0.600000,0.000000,14,20,36,50,56,2100,2100,2100,2100,2100,2100,25,0,14,184.32232399936765,7.12799999746494,2103.172300005099,7871.48
1782378349,2,,Aggregated,0.500000,0.000000,14,20,36,39,56,2100,2100,2100,2100,2100,2100,26,0,9,177.49852307651264,6.903500005137175,2103.172300005099,7794.307692307692
1782378350,2,,Aggregated,0.500000,0.000000,9,17,36,39,56,2100,2100,2100,2100,2100,2100,27,0,9,171.19407036969076,6.903500005137175,2103.172300005099,7722.851851851852
1782378351,2,,Aggregated,0.500000,0.000000,14,17,36,39,56,2100,2100,2100,2100,2100,2100,28,0,9,165.59390714246547,6.903500005137175,2103.172300005099,7822.0
1782378352,2,,Aggregated,0.500000,0.000000,14,17,36,39,56,2100,2100,2100,2100,2100,2100,28,0,9,165.59390714246547,6.903500005137175,2103.172300005099,7822.0
1782378353,2,,Aggregated,0.500000,0.000000,14,17,36,39,56,2100,2100,2100,2100,2100,2100,28,0,9,165.59390714246547,6.903500005137175,2103.172300005099,7822.0
1782378354,2,,Aggregated,0.700000,0.000000,10,17,20,39,56,2100,2100,2100,2100,2100,2100,29,0,10,160.24009310309214,6.903500005137175,2103.172300005099,7727.689655172414
1782378355,2,,Aggregated,0.600000,0.000000,14,17,36,50,61,2100,2100,2100,2100,2100,2100,30,0,10,156.938576666289,6.903500005137175,2103.172300005099,7820.066666666667
1782378356,2,,Aggregated,0.600000,0.000000,14,17,36,50,61,2100,2100,2100,2100,2100,2100,30,0,10,156.938576666289,6.903500005137175,2103.172300005099,7820.066666666667
1782378357,2,,Aggregated,0.500000,0.000000,10,17,36,39,56,2100,2100,2100,2100,2100,2100,31,0,10,152.0893387092773,6.612199998926371,2103.172300005099,7731.903225806452
1782378358,2,,Aggregated,0.600000,0.000000,10,17,36,39,56,2100,2100,2100,2100,2100,2100,32,0,9,147.5365468745622,6.399999998393469,2103.172300005099,7673.5625
1782378359,2,,Aggregated,0.700000,0.000000,9,16,20,39,56,2100,2100,2100,2100,2100,2100,33,0,9,143.25564242387895,6.266700002015568,2103.172300005099,7618.757575757576
1782378360,2,,Aggregated,0.700000,0.000000,9,16,20,39,56,2100,2100,2100,2100,2100,2100,33,0,9,143.25564242387895,6.266700002015568,2103.172300005099,7618.757575757576
1782378361,2,,Aggregated,0.600000,0.000000,10,17,33,39,56,2100,2100,2100,2100,2100,2100,35,0,10,136.45788285690028,6.266700002015568,2103.172300005099,7628.714285714285
1782378362,2,,Aggregated,0.600000,0.000000,10,17,33,39,56,2100,2100,2100,2100,2100,2100,35,0,10,136.45788285690028,6.266700002015568,2103.172300005099,7628.714285714285
1782378363,2,,Aggregated,0.700000,0.000000,10,16,33,36,56,2100,2100,2100,2100,2100,2100,36,0,9,132.85071666622468,6.266700002015568,2103.172300005099,7579.722222222223
1782378364,2,,Aggregated,0.700000,0.000000,10,16,33,36,56,2100,2100,2100,2100,2100,2100,36,0,9,132.85071666622468,6.266700002015568,2103.172300005099,7579.722222222223
1782378365,2,,Aggregated,0.700000,0.000000,10,16,33,36,56,2100,2100,2100,2100,2100,2100,36,0,9,132.85071666622468,6.266700002015568,2103.172300005099,7579.722222222223
1782378366,2,,Aggregated,0.700000,0.000000,10,17,20,36,56,2100,2100,2100,2100,2100,2100,37,0,10,129.80678648612385,6.266700002015568,2103.172300005099,7658.621621621622
1782378367,2,,Aggregated,0.800000,0.000000,10,17,20,36,56,2100,2100,2100,2100,2100,2100,38,0,9,126.58285789419958,6.266700002015568,2103.172300005099,7611.421052631579
1782378368,2,,Aggregated,0.800000,0.000000,10,17,20,36,56,2100,2100,2100,2100,2100,2100,38,0,9,126.58285789419958,6.266700002015568,2103.172300005099,7611.421052631579
1782378369,2,,Aggregated,0.800000,0.000000,10,17,20,36,56,2100,2100,2100,2100,2100,2100,38,0,9,126.58285789419958,6.266700002015568,2103.172300005099,7611.421052631579
1782378370,2,,Aggregated,0.700000,0.000000,10,17,33,36,56,2100,2100,2100,2100,2100,2100,40,0,9,121.36580999940634,6.266700002015568,2103.172300005099,7639.95
1782378371,2,,Aggregated,0.700000,0.000000,10,17,33,36,56,2100,2100,2100,2100,2100,2100,40,0,9,121.36580999940634,6.266700002015568,2103.172300005099,7639.95
1782378372,2,,Aggregated,0.700000,0.000000,10,17,33,36,56,2100,2100,2100,2100,2100,2100,40,0,9,121.36580999940634,6.266700002015568,2103.172300005099,7639.95
1782378373,2,,Aggregated,0.600000,0.000000,9,17,20,36,50,61,2100,2100,2100,2100,2100,41,0,9,118.59256829200426,6.266700002015568,2103.172300005099,7596.658536585366
1782378374,2,,Aggregated,0.500000,0.000000,9,16,20,36,50,61,2100,2100,2100,2100,2100,42,0,9,115.92834047561544,6.266700002015568,2103.172300005099,7555.428571428572
1782378375,2,,Aggregated,0.500000,0.000000,9,17,33,36,50,61,2100,2100,2100,2100,2100,43,0,9,114.12119999971934,6.266700002015568,2103.172300005099,7623.883720930233
1782378376,2,,Aggregated,0.500000,0.000000,9,17,33,36,50,61,2100,2100,2100,2100,2100,43,0,9,114.12119999971934,6.266700002015568,2103.172300005099,7623.883720930233
1782378377,2,,Aggregated,0.500000,0.000000,9,17,33,36,50,61,2100,2100,2100,2100,2100,43,0,9,114.12119999971934,6.266700002015568,2103.172300005099,7623.883720930233
1782378378,2,,Aggregated,0.600000,0.000000,10,20,33,36,50,61,2100,2100,2100,2100,2100,44,0,9,112.11290454494619,6.266700002015568,2103.172300005099,7689.227272727273
1782378379,2,,Aggregated,0.600000,0.000000,10,20,33,36,50,61,2100,2100,2100,2100,2100,44,0,9,112.11290454494619,6.266700002015568,2103.172300005099,7689.227272727273
1782378380,2,,Aggregated,0.500000,0.000000,9,17,26,36,50,61,2100,2100,2100,2100,2100,45,0,9,109.82247111064174,6.266700002015568,2103.172300005099,7648.688888888889
1782378381,2,,Aggregated,0.500000,0.000000,9,17,26,36,50,61,2100,2100,2100,2100,2100,45,0,9,109.82247111064174,6.266700002015568,2103.172300005099,7648.688888888889
1782378382,2,,Aggregated,0.600000,0.000000,9,17,26,36,50,61,2100,2100,2100,2100,2100,46,0,9,107.61223912983121,6.266700002015568,2103.172300005099,7609.913043478261
1782378383,2,,Aggregated,0.500000,0.000000,9,17,26,36,50,61,2100,2100,2100,2100,2100,47,0,9,105.47294468028184,6.266700002015568,2103.172300005099,7572.787234042553
1782378384,2,,Aggregated,0.500000,0.000000,9,17,26,36,50,61,2100,2100,2100,2100,2100,47,0,9,105.47294468028184,6.266700002015568,2103.172300005099,7572.787234042553
1782378385,2,,Aggregated,0.600000,0.000000,9,16,26,36,50,61,2100,2100,2100,2100,2100,48,0,9,103.41848958281237,6.266700002015568,2103.172300005099,7537.208333333333
1782378386,2,,Aggregated,0.600000,0.000000,9,17,26,36,50,61,2100,2100,2100,2100,2100,49,0,9,102.08074489759272,6.266700002015568,2103.172300005099,7597.65306122449
1782378387,2,,Aggregated,0.600000,0.000000,9,17,26,36,50,61,2100,2100,2100,2100,2100,49,0,9,102.08074489759272,6.266700002015568,2103.172300005099,7597.65306122449
1782378388,2,,Aggregated,0.600000,0.000000,9,17,26,36,50,61,2100,2100,2100,2100,2100,49,0,9,102.08074489759272,6.266700002015568,2103.172300005099,7597.65306122449
1782378389,2,,Aggregated,0.600000,0.000000,9,16,26,36,50,61,2100,2100,2100,2100,2100,51,0,9,98.49045686246873,6.266700002015568,2103.172300005099,7605.313725490196
1782378390,2,,Aggregated,0.600000,0.000000,9,16,26,36,50,61,2100,2100,2100,2100,2100,51,0,9,98.49045686246873,6.266700002015568,2103.172300005099,7605.313725490196
1782378391,2,,Aggregated,0.600000,0.000000,9,16,26,36,50,61,2100,2100,2100,2100,2100,51,0,9,98.49045686246873,6.266700002015568,2103.172300005099,7605.313725490196
1782378392,2,,Aggregated,0.700000,0.000000,9,16,26,36,50,61,2100,2100,2100,2100,2100,52,0,9,96.76296538432675,6.266700002015568,2103.172300005099,7571.846153846154
1782378393,2,,Aggregated,0.700000,0.000000,9,16,26,36,50,61,2100,2100,2100,2100,2100,52,0,9,96.76296538432675,6.266700002015568,2103.172300005099,7571.846153846154
1782378394,2,,Aggregated,0.500000,0.000000,9,16,20,36,50,61,2100,2100,2100,2100,2100,53,0,9,95.07410754674808,6.266700002015568,2103.172300005099,7524.962264150943
1782378395,2,,Aggregated,0.500000,0.000000,9,16,20,36,50,61,2100,2100,2100,2100,2100,53,0,9,95.07410754674808,6.266700002015568,2103.172300005099,7524.962264150943
1782378396,2,,Aggregated,0.500000,0.000000,9,16,20,36,50,61,2100,2100,2100,2100,2100,54,0,9,93.46045370330103,6.266700002015568,2103.172300005099,7494.222222222223
1782378397,2,,Aggregated,0.500000,0.000000,9,16,20,36,50,61,2100,2100,2100,2100,2100,54,0,9,93.46045370330103,6.266700002015568,2103.172300005099,7494.222222222223
1782378398,2,,Aggregated,0.500000,0.000000,9,16,26,36,50,61,2100,2100,2100,2100,2100,55,0,9,92.40996727233075,6.266700002015568,2103.172300005099,7548.854545454546
1782378399,2,,Aggregated,0.500000,0.000000,9,16,26,36,50,61,2100,2100,2100,2100,2100,56,0,9,90.88742321390393,6.266700002015568,2103.172300005099,7518.785714285715
1782378400,2,,Aggregated,0.500000,0.000000,9,16,26,36,50,61,2100,2100,2100,2100,2100,56,0,9,90.88742321390393,6.266700002015568,2103.172300005099,7518.785714285715
1782378401,2,,Aggregated,0.500000,0.000000,9,16,26,36,50,61,2100,2100,2100,2100,2100,56,0,9,90.88742321390393,6.266700002015568,2103.172300005099,7518.785714285715
1782378402,2,,Aggregated,0.500000,0.000000,9,16,20,36,50,61,2100,2100,2100,2100,2100,57,0,9,89.42294736794122,6.266700002015568,2103.172300005099,7476.122807017544
1782378403,2,,Aggregated,0.500000,0.000000,9,16,20,36,50,61,2100,2100,2100,2100,2100,58,0,9,88.00968275794855,6.266700002015568,2103.172300005099,7448.3448275862065
1782378404,2,,Aggregated,0.500000,0.000000,9,16,20,36,50,61,2100,2100,2100,2100,2100,58,0,9,88.00968275794855,6.266700002015568,2103.172300005099,7448.3448275862065
1782378405,2,,Aggregated,0.500000,0.000000,9,16,20,36,50,61,2100,2100,2100,2100,2100,58,0,9,88.00968275794855,6.266700002015568,2103.172300005099,7448.3448275862065
1782378406,2,,Aggregated,0.600000,0.000000,9,16,26,36,50,61,2100,2100,2100,2100,2100,59,0,9,87.31426779596111,6.266700002015568,2103.172300005099,7500.050847457627
1782378407,2,,Aggregated,0.500000,0.000000,9,16,26,36,50,61,2100,2100,2100,2100,2100,60,0,9,85.96816833257132,6.266700002015568,2103.172300005099,7459.833333333333
1782378408,2,,Aggregated,0.500000,0.000000,9,16,26,36,50,61,2100,2100,2100,2100,2100,60,0,9,85.96816833257132,6.266700002015568,2103.172300005099,7459.833333333333
1782378409,2,,Aggregated,0.500000,0.000000,9,16,26,36,50,61,2100,2100,2100,2100,2100,60,0,9,85.96816833257132,6.266700002015568,2103.172300005099,7459.833333333333
1782378410,2,,Aggregated,0.600000,0.000000,9,16,20,36,47,56,2100,2100,2100,2100,2100,61,0,9,84.70385409767556,6.266700002015568,2103.172300005099,7420.934426229508
1782378411,2,,Aggregated,0.500000,0.000000,9,16,26,36,50,59,2100,2100,2100,2100,2100,62,0,9,84.29513387044051,6.266700002015568,2103.172300005099,7470.580645161291
1782378412,2,,Aggregated,0.500000,0.000000,9,16,26,36,50,59,2100,2100,2100,2100,2100,62,0,9,84.29513387044051,6.266700002015568,2103.172300005099,7470.580645161291
1782378413,2,,Aggregated,0.500000,0.000000,9,16,26,36,50,59,2100,2100,2100,2100,2100,63,0,9,83.20161428520574,6.266700002015568,2103.172300005099,7518.650793650793
1782378414,2,,Aggregated,0.500000,0.000000,9,16,26,36,50,59,2100,2100,2100,2100,2100,63,0,9,83.20161428520574,6.266700002015568,2103.172300005099,7518.650793650793
1782378415,2,,Aggregated,0.500000,0.000000,9,16,26,36,50,59,2100,2100,2100,2100,2100,63,0,9,83.20161428520574,6.266700002015568,2103.172300005099,7518.650793650793
1782378417,2,,Aggregated,0.500000,0.000000,9,16,20,36,50,59,2100,2100,2100,2100,2100,65,0,9,81.15526615315153,6.266700002015568,2103.172300005099,7610.3538461538465
1782378418,2,,Aggregated,0.500000,0.000000,9,16,20,36,50,59,2100,2100,2100,2100,2100,65,0,9,81.15526615315153,6.266700002015568,2103.172300005099,7610.3538461538465
1782378419,2,,Aggregated,0.500000,0.000000,9,16,20,36,50,59,2100,2100,2100,2100,2100,65,0,9,81.15526615315153,6.266700002015568,2103.172300005099,7610.3538461538465
1782378420,2,,Aggregated,0.600000,0.000000,9,16,26,36,50,59,2100,2100,2100,2100,2100,67,0,9,79.36572387976113,6.266700002015568,2103.172300005099,7627.417910447762
1782378421,2,,Aggregated,0.600000,0.000000,9,16,26,36,50,59,2100,2100,2100,2100,2100,67,0,9,79.36572387976113,6.266700002015568,2103.172300005099,7627.417910447762
1782378422,2,,Aggregated,0.500000,0.000000,9,16,20,36,50,59,2100,2100,2100,2100,2100,69,0,9,77.27417970907982,6.266700002015568,2103.172300005099,7565.057971014493
1782378423,2,,Aggregated,0.500000,0.000000,9,16,20,36,50,59,2100,2100,2100,2100,2100,69,0,9,77.27417970907982,6.266700002015568,2103.172300005099,7565.057971014493
1782378424,2,,Aggregated,0.600000,0.000000,9,16,20,36,50,59,2100,2100,2100,2100,2100,70,0,9,76.4487542848136,6.266700002015568,2103.172300005099,7606.971428571429
1782378425,2,,Aggregated,0.600000,0.000000,9,16,20,36,50,59,2100,2100,2100,2100,2100,70,0,9,76.4487542848136,6.266700002015568,2103.172300005099,7606.971428571429
1782378426,2,,Aggregated,0.700000,0.000000,9,16,20,36,47,59,2100,2100,2100,2100,2100,71,0,9,75.57045774551561,6.266700002015568,2103.172300005099,7571.478873239436
1782378427,2,,Aggregated,0.700000,0.000000,9,16,20,36,47,59,2100,2100,2100,2100,2100,71,0,9,75.57045774551561,6.266700002015568,2103.172300005099,7571.478873239436
1782378428,2,,Aggregated,0.700000,0.000000,9,16,20,36,47,59,2100,2100,2100,2100,2100,72,0,9,74.6208208323272,6.266700002015568,2103.172300005099,7536.972222222223
1782378429,2,,Aggregated,0.800000,0.000000,9,16,20,36,47,59,2100,2100,2100,2100,2100,73,0,9,73.69345342377615,6.266700002015568,2103.172300005099,7514.068493150685
1782378430,2,,Aggregated,0.800000,0.000000,9,16,20,36,47,59,2100,2100,2100,2100,2100,73,0,9,73.69345342377615,6.266700002015568,2103.172300005099,7514.068493150685
1782378431,2,,Aggregated,0.800000,0.000000,9,16,20,36,47,59,2100,2100,2100,2100,2100,73,0,9,73.69345342377615,6.266700002015568,2103.172300005099,7514.068493150685
1782378432,2,,Aggregated,0.800000,0.000000,9,15,20,36,47,59,2100,2100,2100,2100,2100,74,0,9,72.80535945854452,6.266700002015568,2103.172300005099,7491.783783783784
1782378433,2,,Aggregated,0.600000,0.000000,9,15,20,36,47,59,2100,2100,2100,2100,2100,75,0,9,71.9282359990757,6.266700002015568,2103.172300005099,7470.093333333333
1782378434,2,,Aggregated,0.600000,0.000000,9,15,20,36,47,59,2100,2100,2100,2100,2100,75,0,9,71.9282359990757,6.266700002015568,2103.172300005099,7470.093333333333
1782378435,2,,Aggregated,0.600000,0.000000,9,15,20,36,47,59,2100,2100,2100,2100,2100,75,0,9,71.9282359990757,6.266700002015568,2103.172300005099,7470.093333333333
1782378436,2,,Aggregated,0.600000,0.000000,9,15,20,33,47,59,2100,2100,2100,2100,2100,76,0,9,71.0654947359121,6.266700002015568,2103.172300005099,7448.973684210527
1782378437,2,,Aggregated,0.500000,0.000000,9,15,20,34,47,59,2100,2100,2100,2100,2100,77,0,9,70.58336363550481,6.266700002015568,2103.172300005099,7488.584415584415
1782378438,2,,Aggregated,0.500000,0.000000,9,15,20,34,47,59,2100,2100,2100,2100,2100,77,0,9,70.58336363550481,6.266700002015568,2103.172300005099,7488.584415584415
1782378439,2,,Aggregated,0.500000,0.000000,9,15,20,34,47,59,2100,2100,2100,2100,2100,78,0,9,69.79387051195282,6.266700002015568,2103.172300005099,7467.7692307692305
1782378440,2,,Aggregated,0.600000,0.000000,9,15,20,34,47,59,2100,2100,2100,2100,2100,79,0,9,69.00000506242047,6.266700002015568,2103.172300005099,7447.481012658228
1782378441,2,,Aggregated,0.600000,0.000000,9,15,20,34,47,59,2100,2100,2100,2100,2100,79,0,9,69.00000506242047,6.266700002015568,2103.172300005099,7447.481012658228
1782378442,2,,Aggregated,0.500000,0.000000,9,15,20,34,47,59,2100,2100,2100,2100,2100,80,0,9,68.38148874921899,6.266700002015568,2103.172300005099,7485.625
1782378443,2,,Aggregated,0.500000,0.000000,9,15,20,34,47,59,2100,2100,2100,2100,2100,80,0,9,68.38148874921899,6.266700002015568,2103.172300005099,7485.625
1782378444,2,,Aggregated,0.600000,0.000000,9,16,20,34,39,56,2100,2100,2100,2100,2100,81,0,9,67.99293703627399,6.266700002015568,2103.172300005099,7522.827160493827
1782378445,2,,Aggregated,0.600000,0.000000,9,16,20,34,39,56,2100,2100,2100,2100,2100,82,0,9,67.3309182920337,6.266700002015568,2103.172300005099,7559.121951219512
1782378446,2,,Aggregated,0.500000,0.000000,9,15,20,34,39,56,2100,2100,2100,2100,2100,83,0,9,66.68326144505724,6.266700002015568,2103.172300005099,7594.542168674699
1782378447,2,,Aggregated,0.500000,0.000000,9,15,20,34,39,56,2100,2100,2100,2100,2100,83,0,9,66.68326144505724,6.266700002015568,2103.172300005099,7594.542168674699
1782378448,2,,Aggregated,0.500000,0.000000,9,15,20,34,39,56,2100,2100,2100,2100,2100,83,0,9,66.68326144505724,6.266700002015568,2103.172300005099,7594.542168674699
1782378449,2,,Aggregated,0.700000,0.000000,9,15,20,34,39,56,2100,2100,2100,2100,2100,84,0,9,65.9751190469251,6.266700002015568,2103.172300005099,7564.690476190476
1782378450,2,,Aggregated,0.600000,0.000000,9,15,20,34,39,56,2100,2100,2100,2100,2100,85,0,9,65.2851423522567,6.266700002015568,2103.172300005099,7544.694117647059
1782378451,2,,Aggregated,0.600000,0.000000,9,15,20,34,39,56,2100,2100,2100,2100,2100,85,0,9,65.2851423522567,6.266700002015568,2103.172300005099,7544.694117647059
1782378452,2,,Aggregated,0.600000,0.000000,9,15,20,33,39,56,2100,2100,2100,2100,2100,86,0,9,64.61152209234315,6.266700002015568,2103.172300005099,7525.162790697675
1782378453,2,,Aggregated,0.600000,0.000000,9,15,20,34,39,56,2100,2100,2100,2100,2100,87,0,9,64.29501379245957,6.266700002015568,2103.172300005099,7559.3448275862065
1782378454,2,,Aggregated,0.600000,0.000000,9,15,20,34,39,56,2100,2100,2100,2100,2100,87,0,9,64.29501379245957,6.266700002015568,2103.172300005099,7559.3448275862065
1782378455,2,,Aggregated,0.600000,0.000000,9,15,20,34,39,56,2100,2100,2100,2100,2100,87,0,9,64.29501379245957,6.266700002015568,2103.172300005099,7559.3448275862065
1782378456,2,,Aggregated,0.700000,0.000000,9,15,20,34,39,56,2100,2100,2100,2100,2100,89,0,9,63.13207640385862,6.266700002015568,2103.172300005099,7573.337078651685
1782378457,2,,Aggregated,0.700000,0.000000,9,15,20,34,39,56,2100,2100,2100,2100,2100,89,0,9,63.13207640385862,6.266700002015568,2103.172300005099,7573.337078651685
1782378458,2,,Aggregated,0.600000,0.000000,9,15,20,34,39,56,2100,2100,2100,2100,2100,90,0,9,62.49681888811109,5.9588999865809456,2103.172300005099,7554.355555555556
1782378459,2,,Aggregated,0.600000,0.000000,9,15,20,34,39,56,2100,2100,2100,2100,2100,90,0,9,62.49681888811109,5.9588999865809456,2103.172300005099,7554.355555555556
1782378460,2,,Aggregated,0.600000,0.000000,9,15,20,34,39,56,2100,2100,2100,2100,2100,90,0,9,62.49681888811109,5.9588999865809456,2103.172300005099,7554.355555555556
1782378461,2,,Aggregated,0.600000,0.000000,9,15,20,33,38,56,2100,2100,2100,2100,2100,91,0,9,61.89693955980896,5.9588999865809456,2103.172300005099,7527.241758241758
1782378462,2,,Aggregated,0.600000,0.000000,9,15,20,33,38,56,2100,2100,2100,2100,2100,91,0,9,61.89693955980896,5.9588999865809456,2103.172300005099,7527.241758241758
1782378463,2,,Aggregated,0.500000,0.000000,9,15,20,33,38,56,2100,2100,2100,2100,2100,92,0,9,61.305116303707976,5.9588999865809456,2103.172300005099,7509.173913043478
1782378464,2,,Aggregated,0.500000,0.000000,9,15,20,33,38,56,2100,2100,2100,2100,2100,92,0,9,61.305116303707976,5.9588999865809456,2103.172300005099,7509.173913043478
1782378465,2,,Aggregated,0.500000,0.000000,9,15,20,34,39,56,2100,2100,2100,2100,2100,93,0,9,61.08242365524113,5.9588999865809456,2103.172300005099,7541.322580645161
1782378466,2,,Aggregated,0.500000,0.000000,9,15,20,34,39,56,2100,2100,2100,2100,2100,93,0,9,61.08242365524113,5.9588999865809456,2103.172300005099,7541.322580645161
1782378467,2,,Aggregated,0.500000,0.000000,9,15,20,34,39,56,2100,2100,2100,2100,2100,94,0,9,60.574972339654394,5.9588999865809456,2103.172300005099,7572.787234042553
1782378468,2,,Aggregated,0.500000,0.000000,9,15,20,34,39,56,2100,2100,2100,2100,2100,95,0,9,60.004953683451994,5.9588999865809456,2103.172300005099,7554.8105263157895
1782378469,2,,Aggregated,0.500000,0.000000,9,15,20,34,39,56,2100,2100,2100,2100,2100,95,0,9,60.004953683451994,5.9588999865809456,2103.172300005099,7554.8105263157895
1782378470,2,,Aggregated,0.400000,0.000000,9,15,20,33,39,56,2100,2100,2100,2100,2100,96,0,9,59.472006249203936,5.9588999865809456,2103.172300005099,7529.104166666667
1782378471,2,,Aggregated,0.400000,0.000000,9,15,20,33,39,56,2100,2100,2100,2100,2100,96,0,9,59.472006249203936,5.9588999865809456,2103.172300005099,7529.104166666667
1782378472,2,,Aggregated,0.600000,0.000000,9,15,20,34,41,56,2100,2100,2100,2100,2100,97,0,9,59.42062783422856,5.9588999865809456,2103.172300005099,7559.721649484536
1782378473,2,,Aggregated,0.600000,0.000000,9,15,20,34,41,56,2100,2100,2100,2100,2100,98,0,9,59.13718571344139,5.9588999865809456,2103.172300005099,7589.714285714285
1782378474,2,,Aggregated,0.600000,0.000000,9,15,20,34,41,56,2100,2100,2100,2100,2100,98,0,9,59.13718571344139,5.9588999865809456,2103.172300005099,7589.714285714285
1782378475,2,,Aggregated,0.600000,0.000000,9,15,20,34,41,56,2100,2100,2100,2100,2100,98,0,9,59.13718571344139,5.9588999865809456,2103.172300005099,7589.714285714285
1782378476,2,,Aggregated,0.600000,0.000000,9,15,20,34,41,56,2100,2100,2100,2100,2100,100,0,9,58.144099999335594,5.573900009039789,2103.172300005099,7601.56
1782378477,2,,Aggregated,0.600000,0.000000,9,15,20,34,41,56,2100,2100,2100,2100,2100,100,0,9,58.144099999335594,5.573900009039789,2103.172300005099,7601.56
1782378478,2,,Aggregated,0.600000,0.000000,9,15,20,34,41,56,2100,2100,2100,2100,2100,100,0,9,58.144099999335594,5.573900009039789,2103.172300005099,7601.56
1782378479,2,,Aggregated,0.600000,0.000000,9,15,20,34,41,56,2100,2100,2100,2100,2100,100,0,9,58.144099999335594,5.573900009039789,2103.172300005099,7601.56
1782378480,2,,Aggregated,0.500000,0.000000,9,15,20,33,39,54,61,2100,2100,2100,2100,102,0,9,57.16264999928706,5.573900009039789,2103.172300005099,7559.882352941177
1782378481,2,,Aggregated,0.500000,0.000000,9,15,20,33,39,54,61,2100,2100,2100,2100,102,0,9,57.16264999928706,5.573900009039789,2103.172300005099,7559.882352941177
1782378482,2,,Aggregated,0.500000,0.000000,9,15,20,33,39,54,61,2100,2100,2100,2100,102,0,9,57.16264999928706,5.573900009039789,2103.172300005099,7559.882352941177
1782378483,2,,Aggregated,0.600000,0.000000,9,15,20,33,39,54,61,2100,2100,2100,2100,103,0,9,56.68221262071137,5.573900009039789,2103.172300005099,7535.873786407767
1782378484,2,,Aggregated,0.600000,0.000000,9,15,20,33,39,54,61,2100,2100,2100,2100,104,0,9,56.20814230706646,5.573900009039789,2103.172300005099,7512.326923076923
1782378485,2,,Aggregated,0.600000,0.000000,9,15,20,33,39,54,61,2100,2100,2100,2100,104,0,9,56.20814230706646,5.573900009039789,2103.172300005099,7512.326923076923
1782378486,2,,Aggregated,0.600000,0.000000,9,15,20,33,39,54,61,2100,2100,2100,2100,104,0,9,56.20814230706646,5.573900009039789,2103.172300005099,7512.326923076923
1782378487,2,,Aggregated,0.600000,0.000000,9,15,20,33,39,54,61,2100,2100,2100,2100,104,0,9,56.20814230706646,5.573900009039789,2103.172300005099,7512.326923076923
1782378488,2,,Aggregated,0.400000,0.000000,9,14,20,32,39,54,61,2100,2100,2100,2100,106,0,9,55.27842169743413,5.573900009039789,2103.172300005099,7473.905660377359
1782378489,2,,Aggregated,0.400000,0.000000,9,14,20,32,39,54,61,2100,2100,2100,2100,106,0,9,55.27842169743413,5.573900009039789,2103.172300005099,7473.905660377359
1782378490,2,,Aggregated,0.400000,0.000000,9,14,20,32,39,54,61,2100,2100,2100,2100,106,0,9,55.27842169743413,5.573900009039789,2103.172300005099,7473.905660377359
1782378491,2,,Aggregated,0.500000,0.000000,9,14,20,32,39,54,61,2100,2100,2100,2100,107,0,9,54.827711214316864,5.573900009039789,2103.172300005099,7451.598130841122
1782378492,2,,Aggregated,0.600000,0.000000,9,14,20,32,39,54,61,2100,2100,2100,2100,108,0,9,54.398090740034135,5.573900009039789,2103.172300005099,7436.907407407408
1782378493,2,,Aggregated,0.600000,0.000000,9,14,20,32,39,54,61,2100,2100,2100,2100,108,0,9,54.398090740034135,5.573900009039789,2103.172300005099,7436.907407407408
1782378494,2,,Aggregated,0.600000,0.000000,9,14,20,33,41,54,61,2100,2100,2100,2100,110,0,9,53.86278545378115,5.573900009039789,2103.172300005099,7450.454545454545
1782378495,2,,Aggregated,0.600000,0.000000,9,14,20,33,41,54,61,2100,2100,2100,2100,110,0,9,53.86278545378115,5.573900009039789,2103.172300005099,7450.454545454545
1782378496,2,,Aggregated,0.600000,0.000000,9,14,20,33,41,54,61,2100,2100,2100,2100,110,0,9,53.86278545378115,5.573900009039789,2103.172300005099,7450.454545454545
1782378497,2,,Aggregated,0.600000,0.000000,9,14,20,33,41,54,61,2100,2100,2100,2100,110,0,9,53.86278545378115,5.573900009039789,2103.172300005099,7450.454545454545
1782378498,2,,Aggregated,0.600000,0.000000,9,15,20,33,39,54,61,2100,2100,2100,2100,111,0,9,53.69278198125907,5.573900009039789,2103.172300005099,7477.918918918919
1782378499,2,,Aggregated,0.600000,0.000000,9,14,20,33,39,54,61,2100,2100,2100,2100,112,0,9,53.26991071368476,5.573900009039789,2103.172300005099,7456.571428571428
1782378500,2,,Aggregated,0.600000,0.000000,9,14,20,33,39,54,61,2100,2100,2100,2100,112,0,9,53.26991071368476,5.573900009039789,2103.172300005099,7456.571428571428
1782378501,2,,Aggregated,0.500000,0.000000,9,14,20,33,39,54,61,2100,2100,2100,2100,113,0,9,52.859815043619776,5.573900009039789,2103.172300005099,7435.601769911505
1782378502,2,,Aggregated,0.500000,0.000000,9,14,20,33,39,54,61,2100,2100,2100,2100,113,0,9,52.859815043619776,5.573900009039789,2103.172300005099,7435.601769911505
1782378503,2,,Aggregated,0.500000,0.000000,9,14,20,33,39,54,61,2100,2100,2100,2100,114,0,9,52.46148245555161,5.573900009039789,2103.172300005099,7415.0
1782378504,2,,Aggregated,0.500000,0.000000,9,14,20,33,39,54,61,2100,2100,2100,2100,114,0,9,52.46148245555161,5.573900009039789,2103.172300005099,7415.0
1782378505,2,,Aggregated,0.500000,0.000000,9,14,20,33,39,54,61,2100,2100,2100,2100,115,0,9,52.06475739073737,5.573900009039789,2103.172300005099,7394.75652173913
1782378506,2,,Aggregated,0.500000,0.000000,9,14,20,33,39,54,61,2100,2100,2100,2100,115,0,9,52.06475739073737,5.573900009039789,2103.172300005099,7394.75652173913
1782378507,2,,Aggregated,0.500000,0.000000,9,14,20,33,39,54,61,2100,2100,2100,2100,115,0,9,52.06475739073737,5.573900009039789,2103.172300005099,7394.75652173913
1782378508,2,,Aggregated,0.500000,0.000000,9,14,20,32,39,54,61,2100,2100,2100,2100,117,0,9,51.43542136709926,5.573900009039789,2103.172300005099,7408.213675213675
1782378509,2,,Aggregated,0.500000,0.000000,9,14,20,32,39,54,61,2100,2100,2100,2100,117,0,9,51.43542136709926,5.573900009039789,2103.172300005099,7408.213675213675
1782378510,2,,Aggregated,0.500000,0.000000,9,14,20,32,39,54,61,2100,2100,2100,2100,117,0,9,51.43542136709926,5.573900009039789,2103.172300005099,7408.213675213675
1782378511,2,,Aggregated,0.500000,0.000000,9,14,20,32,39,54,61,2100,2100,2100,2100,117,0,9,51.43542136709926,5.573900009039789,2103.172300005099,7408.213675213675
1782378512,2,,Aggregated,0.500000,0.000000,9,14,20,32,39,54,61,2100,2100,2100,2100,118,0,9,51.05025762673842,5.573900009039789,2103.172300005099,7395.135593220339
1782378513,2,,Aggregated,0.500000,0.000000,9,14,20,32,39,54,61,2100,2100,2100,2100,119,0,9,50.87191596609626,5.573900009039789,2103.172300005099,7421.218487394958
1782378514,2,,Aggregated,0.400000,0.000000,9,14,20,32,39,54,61,2100,2100,2100,2100,120,0,9,50.51025999976749,5.573900009039789,2103.172300005099,7408.25
1782378515,2,,Aggregated,0.400000,0.000000,9,14,20,32,39,54,61,2100,2100,2100,2100,120,0,9,50.51025999976749,5.573900009039789,2103.172300005099,7408.25
1782378516,2,,Aggregated,0.500000,0.000000,9,14,20,30,38,50,61,2100,2100,2100,2100,121,0,9,50.143233057609876,5.573900009039789,2103.172300005099,7389.06611570248
1782378517,2,,Aggregated,0.500000,0.000000,9,14,20,30,38,50,61,2100,2100,2100,2100,121,0,9,50.143233057609876,5.573900009039789,2103.172300005099,7389.06611570248
1782378518,2,,Aggregated,0.600000,0.000000,9,14,20,30,38,50,61,2100,2100,2100,2100,122,0,8,49.78338606535365,5.573900009039789,2103.172300005099,7376.573770491803
1782378519,2,,Aggregated,0.600000,0.000000,9,14,20,30,38,50,61,2100,2100,2100,2100,122,0,8,49.78338606535365,5.573900009039789,2103.172300005099,7376.573770491803
1782378520,2,,Aggregated,0.500000,0.000000,8,14,20,30,38,50,61,2100,2100,2100,2100,123,0,8,49.43685528428986,5.573900009039789,2103.172300005099,7357.959349593496
1782378521,2,,Aggregated,0.500000,0.000000,8,14,20,30,38,50,61,2100,2100,2100,2100,123,0,8,49.43685528428986,5.573900009039789,2103.172300005099,7357.959349593496
1782378522,2,,Aggregated,0.500000,0.000000,9,14,20,32,38,50,61,2100,2100,2100,2100,124,0,8,49.336141128737985,5.573900009039789,2103.172300005099,7383.290322580645
1782378524,2,,Aggregated,0.600000,0.000000,8,14,20,32,38,50,61,2100,2100,2100,2100,125,0,8,49.00062079972122,5.573900009039789,2103.172300005099,7371.144
1782378525,2,,Aggregated,0.600000,0.000000,8,14,20,32,38,50,61,2100,2100,2100,2100,125,0,8,49.00062079972122,5.573900009039789,2103.172300005099,7371.144
1782378526,2,,Aggregated,0.600000,0.000000,9,14,20,30,38,50,61,2100,2100,2100,2100,126,0,8,48.71532460281973,5.573900009039789,2103.172300005099,7395.9682539682535
1782378527,2,,Aggregated,0.600000,0.000000,9,14,20,30,38,50,61,2100,2100,2100,2100,126,0,8,48.71532460281973,5.573900009039789,2103.172300005099,7395.9682539682535
1782378528,2,,Aggregated,0.500000,0.000000,8,14,20,30,38,50,61,2100,2100,2100,2100,128,0,8,48.07461015593617,5.573900009039789,2103.172300005099,7365.96875
1782378529,2,,Aggregated,0.500000,0.000000,8,14,20,30,38,50,61,2100,2100,2100,2100,128,0,8,48.07461015593617,5.573900009039789,2103.172300005099,7365.96875
1782378530,2,,Aggregated,0.500000,0.000000,8,14,20,30,38,50,61,2100,2100,2100,2100,128,0,8,48.07461015593617,5.573900009039789,2103.172300005099,7365.96875
1782378531,2,,Aggregated,0.700000,0.000000,8,14,20,32,39,53,61,2100,2100,2100,2100,130,0,8,47.79180230745204,5.573900009039789,2103.172300005099,7378.523076923077
1782378532,2,,Aggregated,0.700000,0.000000,8,14,20,32,39,53,61,2100,2100,2100,2100,130,0,8,47.79180230745204,5.573900009039789,2103.172300005099,7378.523076923077
1782378533,2,,Aggregated,0.700000,0.000000,8,14,20,32,39,53,61,2100,2100,2100,2100,130,0,8,47.79180230745204,5.573900009039789,2103.172300005099,7378.523076923077
1782378534,2,,Aggregated,0.700000,0.000000,8,14,20,30,38,53,61,2100,2100,2100,2100,131,0,8,47.52567480895882,5.573900009039789,2103.172300005099,7402.343511450382
1782378535,2,,Aggregated,0.700000,0.000000,9,14,20,30,38,53,61,2100,2100,2100,2100,132,0,8,47.28011060587684,5.573900009039789,2103.172300005099,7425.80303030303
1782378536,2,,Aggregated,0.700000,0.000000,9,14,20,30,38,53,61,2100,2100,2100,2100,132,0,8,47.28011060587684,5.573900009039789,2103.172300005099,7425.80303030303
1782378537,2,,Aggregated,0.600000,0.000000,9,14,20,31,38,53,61,2100,2100,2100,2100,134,0,8,46.85048805951548,5.573900009039789,2103.172300005099,7437.089552238806
1782378538,2,,Aggregated,0.600000,0.000000,9,14,20,31,38,53,61,2100,2100,2100,2100,134,0,8,46.85048805951548,5.573900009039789,2103.172300005099,7437.089552238806
1782378539,2,,Aggregated,0.600000,0.000000,9,14,20,31,38,53,61,2100,2100,2100,2100,134,0,8,46.85048805951548,5.573900009039789,2103.172300005099,7437.089552238806
1782378540,2,,Aggregated,0.800000,0.000000,8,14,20,31,38,53,61,2100,2100,2100,2100,135,0,8,46.55581037018069,5.573900009039789,2103.172300005099,7419.681481481482
1782378541,2,,Aggregated,0.600000,0.000000,8,14,20,30,38,53,61,2100,2100,2100,2100,136,0,8,46.256349999834235,5.573900009039789,2103.172300005099,7408.25
1782378542,2,,Aggregated,0.600000,0.000000,8,14,20,30,38,53,61,2100,2100,2100,2100,136,0,8,46.256349999834235,5.573900009039789,2103.172300005099,7408.25
1782378543,2,,Aggregated,0.600000,0.000000,8,14,19,30,38,53,61,2100,2100,2100,2100,137,0,8,45.968347445111654,5.573900009039789,2103.172300005099,7391.306569343065
1782378544,2,,Aggregated,0.600000,0.000000,8,14,20,31,38,53,61,2100,2100,2100,2100,138,0,8,45.86910507234701,5.573900009039789,2103.172300005099,7413.826086956522
1782378545,2,,Aggregated,0.600000,0.000000,8,14,20,31,38,53,61,2100,2100,2100,2100,138,0,8,45.86910507234701,5.573900009039789,2103.172300005099,7413.826086956522
1782378546,2,,Aggregated,0.600000,0.000000,8,14,20,31,38,53,61,2100,2100,2100,2100,139,0,8,45.60382661858587,5.573900009039789,2103.172300005099,7397.086330935252
1782378547,2,,Aggregated,0.600000,0.000000,8,14,20,31,38,53,61,2100,2100,2100,2100,139,0,8,45.60382661858587,5.573900009039789,2103.172300005099,7397.086330935252
1782378548,2,,Aggregated,0.600000,0.000000,8,14,20,30,38,50,61,2100,2100,2100,2100,141,0,8,45.14118014178024,5.573900009039789,2103.172300005099,7402.702127659574
1782378549,2,,Aggregated,0.600000,0.000000,8,14,20,30,38,50,61,2100,2100,2100,2100,141,0,8,45.14118014178024,5.573900009039789,2103.172300005099,7402.702127659574
1782378550,2,,Aggregated,0.600000,0.000000,8,14,20,30,38,50,61,2100,2100,2100,2100,141,0,8,45.14118014178024,5.573900009039789,2103.172300005099,7402.702127659574
1782378551,2,,Aggregated,0.700000,0.000000,9,14,20,31,38,50,61,2100,2100,2100,2100,142,0,8,45.09415070419315,5.573900009039789,2103.172300005099,7424.507042253521
1782378552,2,,Aggregated,0.700000,0.000000,9,14,20,31,38,50,61,2100,2100,2100,2100,143,0,9,44.88735314683706,5.573900009039789,2103.172300005099,7446.006993006993
1782378553,2,,Aggregated,0.700000,0.000000,9,14,20,31,38,50,61,2100,2100,2100,2100,143,0,9,44.88735314683706,5.573900009039789,2103.172300005099,7446.006993006993
1782378554,2,,Aggregated,0.700000,0.000000,9,14,20,31,38,50,61,2100,2100,2100,2100,143,0,9,44.88735314683706,5.573900009039789,2103.172300005099,7446.006993006993
1782378555,2,,Aggregated,0.700000,0.000000,9,14,20,31,38,50,61,2100,2100,2100,2100,143,0,9,44.88735314683706,5.573900009039789,2103.172300005099,7446.006993006993
1782378556,2,,Aggregated,0.700000,0.000000,8,14,20,31,38,50,61,2100,2100,2100,2100,145,0,8,44.363649655133486,5.573900009039789,2103.172300005099,7418.834482758621
1782378557,2,,Aggregated,0.700000,0.000000,8,14,20,31,38,50,61,2100,2100,2100,2100,145,0,8,44.363649655133486,5.573900009039789,2103.172300005099,7418.834482758621
1782378558,2,,Aggregated,0.500000,0.000000,8,14,20,30,38,50,61,2100,2100,2100,2100,146,0,8,44.113005479468406,5.573900009039789,2103.172300005099,7408.191780821918
1782378559,2,,Aggregated,0.500000,0.000000,8,14,20,30,38,50,61,2100,2100,2100,2100,146,0,8,44.113005479468406,5.573900009039789,2103.172300005099,7408.191780821918
1782378560,2,,Aggregated,0.500000,0.000000,8,14,20,30,38,50,61,2100,2100,2100,2100,147,0,8,43.85746190481626,5.573900009039789,2103.172300005099,7397.693877551021
1782378561,2,,Aggregated,0.500000,0.000000,8,14,20,30,38,50,61,2100,2100,2100,2100,148,0,8,43.60226824320381,5.573900009039789,2103.172300005099,7387.3378378378375
1782378562,2,,Aggregated,0.500000,0.000000,8,14,20,30,38,50,61,2100,2100,2100,2100,148,0,8,43.60226824320381,5.573900009039789,2103.172300005099,7387.3378378378375
1782378563,2,,Aggregated,0.500000,0.000000,8,14,19,30,38,50,61,2100,2100,2100,2100,149,0,8,43.355089932837956,5.573900009039789,2103.172300005099,7377.120805369127
1782378564,2,,Aggregated,0.500000,0.000000,8,14,19,30,38,50,61,2100,2100,2100,2100,150,0,8,43.10802333328562,5.573900009039789,2103.172300005099,7367.04
1782378565,2,,Aggregated,0.500000,0.000000,8,14,19,30,38,50,61,2100,2100,2100,2100,150,0,8,43.10802333328562,5.573900009039789,2103.172300005099,7367.04
1782378566,2,,Aggregated,0.600000,0.000000,8,14,20,30,38,50,59,2100,2100,2100,2100,151,0,8,43.053413244983524,5.573900009039789,2103.172300005099,7387.781456953642
1782378567,2,,Aggregated,0.600000,0.000000,8,14,20,30,38,50,59,2100,2100,2100,2100,151,0,8,43.053413244983524,5.573900009039789,2103.172300005099,7387.781456953642
1782378568,2,,Aggregated,0.700000,0.000000,8,14,20,30,38,50,59,2100,2100,2100,2100,152,0,8,42.884309210421634,5.573900009039789,2103.172300005099,7408.25
1782378569,2,,Aggregated,0.600000,0.000000,8,14,19,30,38,50,59,2100,2100,2100,2100,153,0,8,42.6803156860961,5.573900009039789,2103.172300005099,7428.450980392156
1782378570,2,,Aggregated,0.600000,0.000000,8,14,19,30,38,50,59,2100,2100,2100,2100,153,0,8,42.6803156860961,5.573900009039789,2103.172300005099,7428.450980392156
1782378571,2,,Aggregated,0.700000,0.000000,8,14,20,30,38,50,59,2100,2100,2100,2100,154,0,8,42.59291363618482,5.573900009039789,2103.172300005099,7448.38961038961
1782378572,2,,Aggregated,0.700000,0.000000,8,14,20,30,38,50,59,2100,2100,2100,2100,155,0,8,42.35547290300019,5.573900009039789,2103.172300005099,7438.174193548387
1782378573,2,,Aggregated,0.700000,0.000000,8,14,20,30,38,50,59,2100,2100,2100,2100,155,0,8,42.35547290300019,5.573900009039789,2103.172300005099,7438.174193548387
1782378574,2,,Aggregated,0.700000,0.000000,8,14,20,30,38,50,59,2100,2100,2100,2100,155,0,8,42.35547290300019,5.573900009039789,2103.172300005099,7438.174193548387
1782378575,2,,Aggregated,0.700000,0.000000,8,14,20,29,38,50,59,2100,2100,2100,2100,156,0,8,42.126688461277624,5.573900009039789,2103.172300005099,7423.102564102564
1782378576,2,,Aggregated,0.600000,0.000000,8,14,19,29,38,50,59,2100,2100,2100,2100,157,0,8,41.89797006339831,5.573900009039789,2103.172300005099,7413.178343949045
1782378577,2,,Aggregated,0.600000,0.000000,8,14,19,29,38,50,59,2100,2100,2100,2100,157,0,8,41.89797006339831,5.573900009039789,2103.172300005099,7413.178343949045
1782378578,2,,Aggregated,0.600000,0.000000,8,14,19,29,38,50,59,2100,2100,2100,2100,157,0,8,41.89797006339831,5.573900009039789,2103.172300005099,7413.178343949045
1782378579,2,,Aggregated,0.600000,0.000000,8,14,19,29,38,50,59,2100,2100,2100,2100,159,0,8,41.45194025129613,5.573900009039789,2103.172300005099,7393.704402515723
1782378580,2,,Aggregated,0.600000,0.000000,8,14,19,29,38,50,59,2100,2100,2100,2100,159,0,8,41.45194025129613,5.573900009039789,2103.172300005099,7393.704402515723
1782378581,2,,Aggregated,0.500000,0.000000,8,14,19,29,38,50,59,2100,2100,2100,2100,160,0,8,41.23028624971994,5.573900009039789,2103.172300005099,7384.15
1782378582,2,,Aggregated,0.500000,0.000000,8,14,19,29,38,50,59,2100,2100,2100,2100,160,0,8,41.23028624971994,5.573900009039789,2103.172300005099,7384.15
1782378583,2,,Aggregated,0.500000,0.000000,8,14,19,29,38,50,59,2100,2100,2100,2100,160,0,8,41.23028624971994,5.573900009039789,2103.172300005099,7384.15
1782378584,2,,Aggregated,0.700000,0.000000,8,14,18,26,37,50,59,2100,2100,2100,2100,161,0,8,41.01735403696552,5.573900009039789,2103.172300005099,7369.88198757764
1782378585,2,,Aggregated,0.500000,0.000000,8,14,19,29,38,50,59,2100,2100,2100,2100,162,0,8,41.05011234536011,5.573900009039789,2103.172300005099,7389.197530864198
1782378586,2,,Aggregated,0.600000,0.000000,8,14,19,29,38,50,59,2100,2100,2100,2100,163,0,8,40.90763926350703,5.573900009039789,2103.172300005099,7408.2760736196315
1782378587,2,,Aggregated,0.600000,0.000000,8,14,19,29,38,50,59,2100,2100,2100,2100,163,0,8,40.90763926350703,5.573900009039789,2103.172300005099,7408.2760736196315
1782378588,2,,Aggregated,0.600000,0.000000,8,14,19,29,38,50,59,2100,2100,2100,2100,163,0,8,40.90763926350703,5.573900009039789,2103.172300005099,7408.2760736196315
1782378589,2,,Aggregated,0.600000,0.000000,8,14,19,29,38,50,59,2100,2100,2100,2100,163,0,8,40.90763926350703,5.573900009039789,2103.172300005099,7408.2760736196315
1782378590,2,,Aggregated,0.600000,0.000000,8,14,18,29,38,50,59,2100,2100,2100,2100,165,0,8,40.49494727250104,5.573900009039789,2103.172300005099,7380.139393939394
1782378591,2,,Aggregated,0.600000,0.000000,8,14,18,29,38,50,59,2100,2100,2100,2100,165,0,8,40.49494727250104,5.573900009039789,2103.172300005099,7380.139393939394
1782378592,2,,Aggregated,0.500000,0.000000,8,14,18,26,38,50,59,2100,2100,2100,2100,166,0,8,40.292955421476556,5.573900009039789,2103.172300005099,7366.325301204819
1782378593,2,,Aggregated,0.500000,0.000000,8,14,19,29,38,50,59,2100,2100,2100,2100,167,0,8,40.28297784409909,5.573900009039789,2103.172300005099,7385.083832335329
1782378594,2,,Aggregated,0.500000,0.000000,8,14,19,29,38,50,59,2100,2100,2100,2100,167,0,8,40.28297784409909,5.573900009039789,2103.172300005099,7385.083832335329
1782378595,2,,Aggregated,0.700000,0.000000,8,14,19,29,38,50,59,2100,2100,2100,2100,168,0,8,40.139279166483206,5.573900009039789,2103.172300005099,7403.619047619048
1782378596,2,,Aggregated,0.700000,0.000000,8,14,18,29,38,50,59,2100,2100,2100,2100,169,0,8,39.98184733705171,5.573900009039789,2103.172300005099,7421.934911242603
1782378597,2,,Aggregated,0.700000,0.000000,8,14,18,29,38,50,59,2100,2100,2100,2100,169,0,8,39.98184733705171,5.573900009039789,2103.172300005099,7421.934911242603
1782378598,2,,Aggregated,0.600000,0.000000,8,14,18,29,38,50,59,2100,2100,2100,2100,170,0,8,39.79531588214313,5.573900009039789,2103.172300005099,7408.2
1782378599,2,,Aggregated,0.600000,0.000000,8,14,18,29,38,50,59,2100,2100,2100,2100,170,0,8,39.79531588214313,5.573900009039789,2103.172300005099,7408.2
1782378600,2,,Aggregated,0.700000,0.000000,8,14,19,29,38,50,59,2100,2100,2100,2100,172,0,8,39.6141906975001,5.573900009039789,2103.172300005099,7444.139534883721
1782378601,2,,Aggregated,0.700000,0.000000,8,14,19,29,38,50,59,2100,2100,2100,2100,172,0,8,39.6141906975001,5.573900009039789,2103.172300005099,7444.139534883721
1782378602,2,,Aggregated,0.700000,0.000000,8,14,19,29,38,50,59,2100,2100,2100,2100,172,0,8,39.6141906975001,5.573900009039789,2103.172300005099,7444.139534883721
1782378603,2,,Aggregated,0.700000,0.000000,8,14,19,29,38,50,59,2100,2100,2100,2100,172,0,8,39.6141906975001,5.573900009039789,2103.172300005099,7444.139534883721
1782378604,2,,Aggregated,0.700000,0.000000,8,14,18,29,38,50,59,2100,2100,2100,2100,173,0,8,39.42714393049051,5.573900009039789,2103.172300005099,7435.0115606936415
1782378605,2,,Aggregated,0.700000,0.000000,8,14,19,30,38,50,59,2100,2100,2100,2100,174,0,8,39.42949712629719,5.573900009039789,2103.172300005099,7452.620689655172
1782378606,2,,Aggregated,0.700000,0.000000,8,14,19,30,38,50,59,2100,2100,2100,2100,174,0,8,39.42949712629719,5.573900009039789,2103.172300005099,7452.620689655172
1782378607,2,,Aggregated,0.700000,0.000000,8,14,19,30,38,50,59,2100,2100,2100,2100,174,0,8,39.42949712629719,5.573900009039789,2103.172300005099,7452.620689655172
1782378608,2,,Aggregated,0.500000,0.000000,8,14,19,30,38,50,59,2100,2100,2100,2100,175,0,8,39.26993085695098,5.573900009039789,2103.172300005099,7470.028571428571
1782378609,2,,Aggregated,0.500000,0.000000,8,14,19,29,38,50,59,2100,2100,2100,2100,176,0,8,39.11851477253301,5.573900009039789,2103.172300005099,7487.238636363636
1782378610,2,,Aggregated,0.400000,0.000000,8,14,18,29,38,50,59,2100,2100,2100,2100,177,0,8,38.93437627097855,5.573900009039789,2103.172300005099,7473.677966101695
1782378611,2,,Aggregated,0.400000,0.000000,8,14,18,29,38,50,59,2100,2100,2100,2100,177,0,8,38.93437627097855,5.573900009039789,2103.172300005099,7473.677966101695
1782378612,2,,Aggregated,0.400000,0.000000,8,14,18,29,38,50,59,2100,2100,2100,2100,177,0,8,38.93437627097855,5.573900009039789,2103.172300005099,7473.677966101695
1782378613,2,,Aggregated,0.500000,0.000000,8,14,19,30,38,50,59,2100,2100,2100,2100,178,0,8,38.89225505603402,5.573900009039789,2103.172300005099,7490.6741573033705
1782378614,2,,Aggregated,0.500000,0.000000,8,14,19,30,38,50,59,2100,2100,2100,2100,178,0,8,38.89225505603402,5.573900009039789,2103.172300005099,7490.6741573033705
1782378615,2,,Aggregated,0.500000,0.000000,8,14,19,30,38,50,59,2100,2100,2100,2100,180,0,8,38.61059499977273,5.573900009039789,2103.172300005099,7524.1
1782378616,2,,Aggregated,0.500000,0.000000,8,14,19,30,38,50,59,2100,2100,2100,2100,180,0,8,38.61059499977273,5.573900009039789,2103.172300005099,7524.1
1782378617,2,,Aggregated,0.400000,0.000000,8,14,19,29,38,47,59,2100,2100,2100,2100,181,0,8,38.548838121360504,5.573900009039789,2103.172300005099,7540.53591160221
1782378618,2,,Aggregated,0.400000,0.000000,8,14,19,29,38,47,59,2100,2100,2100,2100,181,0,8,38.548838121360504,5.573900009039789,2103.172300005099,7540.53591160221
1782378619,2,,Aggregated,0.400000,0.000000,8,14,19,29,38,47,59,2100,2100,2100,2100,181,0,8,38.548838121360504,5.573900009039789,2103.172300005099,7540.53591160221
1782378620,2,,Aggregated,0.600000,0.000000,9,14,20,29,38,47,59,2100,2100,2100,2100,182,0,8,38.49757472510516,5.573900009039789,2103.172300005099,7556.791208791209
1782378621,2,,Aggregated,0.500000,0.000000,8,14,20,29,38,47,59,2100,2100,2100,2100,183,0,8,38.322898360475634,5.573900009039789,2103.172300005099,7543.295081967213
1782378622,2,,Aggregated,0.600000,0.000000,9,14,20,29,38,47,59,2100,2100,2100,2100,184,0,8,38.190844565099766,5.573900009039789,2103.172300005099,7559.358695652174
1782378623,2,,Aggregated,0.500000,0.000000,8,14,19,29,38,47,59,2100,2100,2100,2100,185,0,8,38.01881081072261,5.573900009039789,2103.172300005099,7550.2
1782378624,2,,Aggregated,0.500000,0.000000,8,14,19,29,38,47,59,2100,2100,2100,2100,185,0,8,38.01881081072261,5.573900009039789,2103.172300005099,7550.2
1782378625,2,,Aggregated,0.700000,0.000000,8,14,20,29,38,47,59,2100,2100,2100,2100,187,0,8,37.82117914425254,5.389499987359159,2103.172300005099,7556.957219251337
1782378626,2,,Aggregated,0.700000,0.000000,8,14,20,29,38,47,59,2100,2100,2100,2100,187,0,8,37.82117914425254,5.389499987359159,2103.172300005099,7556.957219251337
1782378627,2,,Aggregated,0.700000,0.000000,8,14,20,29,38,47,59,2100,2100,2100,2100,187,0,8,37.82117914425254,5.389499987359159,2103.172300005099,7556.957219251337
1782378628,2,,Aggregated,0.700000,0.000000,8,14,20,29,38,47,59,2100,2100,2100,2100,187,0,8,37.82117914425254,5.389499987359159,2103.172300005099,7556.957219251337
1782378629,2,,Aggregated,0.700000,0.000000,9,14,20,29,38,47,59,2100,2100,2100,2100,188,0,8,37.702449467999145,5.389499987359159,2103.172300005099,7572.606382978724
1782378630,2,,Aggregated,0.700000,0.000000,9,14,19,29,38,47,59,2100,2100,2100,2100,189,0,9,37.54861904753227,5.389499987359159,2103.172300005099,7563.571428571428
1782378631,2,,Aggregated,0.700000,0.000000,9,14,19,29,38,47,59,2100,2100,2100,2100,189,0,9,37.54861904753227,5.389499987359159,2103.172300005099,7563.571428571428
1782378632,2,,Aggregated,0.700000,0.000000,9,14,19,29,38,47,59,2100,2100,2100,2100,189,0,9,37.54861904753227,5.389499987359159,2103.172300005099,7563.571428571428
1782378633,2,,Aggregated,0.700000,0.000000,9,14,20,30,38,50,370,2100,2100,2100,2100,191,0,9,44.89654554962303,5.389499987359159,2103.172300005099,7594.308900523561
1782378634,2,,Aggregated,0.700000,0.000000,9,14,20,30,38,50,370,2100,2100,2100,2100,191,0,9,44.89654554962303,5.389499987359159,2103.172300005099,7594.308900523561
1782378635,2,,Aggregated,0.700000,0.000000,9,14,20,30,38,50,370,2100,2100,2100,2100,191,0,9,44.89654554962303,5.389499987359159,2103.172300005099,7594.308900523561
1782378636,2,,Aggregated,0.500000,0.000000,9,14,20,30,38,50,370,2100,2100,2100,2100,192,0,9,44.69762552071188,5.389499987359159,2103.172300005099,7585.302083333333
1782378637,2,,Aggregated,0.500000,0.000000,9,14,20,31,38,50,370,2100,2100,2100,2100,193,0,9,44.634623315946534,5.389499987359159,2103.172300005099,7600.39896373057
1782378638,2,,Aggregated,0.500000,0.000000,9,14,20,31,38,50,370,2100,2100,2100,2100,194,0,9,44.436225773059746,5.389499987359159,2103.172300005099,7591.453608247422
1782378639,2,,Aggregated,0.500000,0.000000,9,14,20,31,38,50,370,2100,2100,2100,2100,194,0,9,44.436225773059746,5.389499987359159,2103.172300005099,7591.453608247422
1782378640,2,,Aggregated,0.500000,0.000000,9,14,20,31,38,50,370,2100,2100,2100,2100,194,0,9,44.436225773059746,5.389499987359159,2103.172300005099,7591.453608247422
1782378641,2,,Aggregated,0.600000,0.000000,9,14,20,31,38,50,370,2100,2100,2100,2100,195,0,9,44.2406471793313,5.389499987359159,2103.172300005099,7582.6
1782378642,2,,Aggregated,0.600000,0.000000,9,14,20,31,38,50,370,2100,2100,2100,2100,195,0,9,44.2406471793313,5.389499987359159,2103.172300005099,7582.6
1782378643,2,,Aggregated,0.500000,0.000000,9,14,20,30,38,50,370,2100,2100,2100,2100,196,0,9,44.07035969371482,5.389499987359159,2103.172300005099,7573.836734693878
1782378644,2,,Aggregated,0.600000,0.000000,9,14,20,31,38,50,370,2100,2100,2100,2100,197,0,9,44.020446192746185,5.389499987359159,2103.172300005099,7588.685279187817
1782378645,2,,Aggregated,0.600000,0.000000,9,14,20,31,38,50,370,2100,2100,2100,2100,198,0,9,43.86792525239265,5.389499987359159,2103.172300005099,7603.383838383838
1782378646,2,,Aggregated,0.600000,0.000000,9,14,20,31,38,50,370,2100,2100,2100,2100,198,0,9,43.86792525239265,5.389499987359159,2103.172300005099,7603.383838383838
1782378647,2,,Aggregated,0.600000,0.000000,9,14,20,31,38,50,370,2100,2100,2100,2100,198,0,9,43.86792525239265,5.389499987359159,2103.172300005099,7603.383838383838
1782378648,2,,Aggregated,0.600000,0.000000,9,14,20,31,38,50,370,2100,2100,2100,2100,199,0,9,43.67579597978029,5.389499987359159,2103.172300005099,7594.64824120603
1782378649,2,,Aggregated,0.600000,0.000000,9,14,20,31,38,50,370,2100,2100,2100,2100,199,0,9,43.67579597978029,5.389499987359159,2103.172300005099,7594.64824120603
1782378650,2,,Aggregated,0.500000,0.000000,9,14,20,31,38,50,370,2100,2100,2100,2100,200,0,9,43.69674549983756,5.389499987359159,2103.172300005099,7609.17
1782378651,2,,Aggregated,0.500000,0.000000,9,14,20,31,38,50,370,2100,2100,2100,2100,200,0,9,43.69674549983756,5.389499987359159,2103.172300005099,7609.17
1782378653,2,,Aggregated,0.500000,0.000000,9,14,20,31,38,50,61,1100,2100,2100,2100,202,0,9,43.382512871176004,5.389499987359159,2103.172300005099,7637.782178217822
1782378654,2,,Aggregated,0.500000,0.000000,9,14,20,31,38,50,61,1100,2100,2100,2100,202,0,9,43.382512871176004,5.389499987359159,2103.172300005099,7637.782178217822
1782378655,2,,Aggregated,0.500000,0.000000,9,14,20,31,38,50,61,1100,2100,2100,2100,202,0,9,43.382512871176004,5.389499987359159,2103.172300005099,7637.782178217822
1782378656,2,,Aggregated,0.700000,0.000000,9,14,20,31,38,50,61,1100,2100,2100,2100,203,0,9,43.20741822645458,5.389499987359159,2103.172300005099,7629.049261083744
1782378657,2,,Aggregated,0.700000,0.000000,9,14,20,31,38,50,61,1100,2100,2100,2100,203,0,9,43.20741822645458,5.389499987359159,2103.172300005099,7629.049261083744
1782378658,2,,Aggregated,0.500000,0.000000,9,14,20,31,38,50,61,1100,2100,2100,2100,204,0,9,43.15671127430202,5.389499987359159,2103.172300005099,7643.117647058823
1782378659,2,,Aggregated,0.500000,0.000000,9,14,20,31,38,50,61,1100,2100,2100,2100,204,0,9,43.15671127430202,5.389499987359159,2103.172300005099,7643.117647058823
1782378660,2,,Aggregated,0.500000,0.000000,9,14,20,31,38,50,61,1100,2100,2100,2100,206,0,9,42.83253252404534,5.389499987359159,2103.172300005099,7644.57281553398
1782378661,2,,Aggregated,0.500000,0.000000,9,14,20,31,38,50,61,1100,2100,2100,2100,206,0,9,42.83253252404534,5.389499987359159,2103.172300005099,7644.57281553398
1782378662,2,,Aggregated,0.500000,0.000000,9,14,20,31,38,50,61,1100,2100,2100,2100,206,0,9,42.83253252404534,5.389499987359159,2103.172300005099,7644.57281553398
1782378663,2,,Aggregated,0.700000,0.000000,9,14,20,31,38,50,61,1100,2100,2100,2100,207,0,9,42.90498937175054,5.389499987359159,2103.172300005099,7658.36231884058
1782378664,2,,Aggregated,0.600000,0.000000,9,14,20,31,38,50,61,1100,2100,2100,2100,208,0,9,42.731704326727666,5.389499987359159,2103.172300005099,7646.0
1782378665,2,,Aggregated,0.600000,0.000000,9,14,20,31,38,50,61,1100,2100,2100,2100,208,0,9,42.731704326727666,5.389499987359159,2103.172300005099,7646.0
1782378666,2,,Aggregated,0.500000,0.000000,9,14,20,31,38,50,61,1100,2100,2100,2100,209,0,9,42.573759808404475,5.389499987359159,2103.172300005099,7637.478468899521
1782378667,2,,Aggregated,0.500000,0.000000,9,14,20,31,38,50,61,1100,2100,2100,2100,209,0,9,42.573759808404475,5.389499987359159,2103.172300005099,7637.478468899521
1782378668,2,,Aggregated,0.500000,0.000000,9,14,20,31,38,50,61,1100,2100,2100,2100,209,0,9,42.573759808404475,5.389499987359159,2103.172300005099,7637.478468899521
1782378669,2,,Aggregated,0.600000,0.000000,9,14,20,31,38,50,61,1100,2100,2100,2100,210,0,9,42.3991157140422,5.389499987359159,2103.172300005099,7629.038095238096
1782378670,2,,Aggregated,0.600000,0.000000,9,14,20,31,38,50,61,1100,2100,2100,2100,210,0,9,42.3991157140422,5.389499987359159,2103.172300005099,7629.038095238096
1782378671,2,,Aggregated,0.500000,0.000000,9,14,20,31,38,50,61,1100,2100,2100,2100,211,0,9,42.22965023675668,5.389499987359159,2103.172300005099,7620.677725118483
1782378672,2,,Aggregated,0.500000,0.000000,9,14,20,31,38,50,61,1100,2100,2100,2100,211,0,9,42.22965023675668,5.389499987359159,2103.172300005099,7620.677725118483
1782378673,2,,Aggregated,0.500000,0.000000,9,14,20,31,38,50,61,1100,2100,2100,2100,211,0,9,42.22965023675668,5.389499987359159,2103.172300005099,7620.677725118483
1782378674,2,,Aggregated,0.500000,0.000000,9,14,20,31,38,50,61,1100,2100,2100,2100,212,0,9,42.07166698091347,5.389499987359159,2103.172300005099,7612.396226415094
1782378675,2,,Aggregated,0.500000,0.000000,9,14,20,31,38,50,61,1100,2100,2100,2100,212,0,9,42.07166698091347,5.389499987359159,2103.172300005099,7612.396226415094
1782378676,2,,Aggregated,0.400000,0.000000,9,14,20,31,38,50,61,1100,2100,2100,2100,214,0,9,41.93195327082823,5.389499987359159,2103.172300005099,7639.373831775701
1782378677,2,,Aggregated,0.400000,0.000000,9,14,20,31,38,50,61,1100,2100,2100,2100,214,0,9,41.93195327082823,5.389499987359159,2103.172300005099,7639.373831775701
1782378678,2,,Aggregated,0.400000,0.000000,9,14,20,31,38,50,61,1100,2100,2100,2100,214,0,9,41.93195327082823,5.389499987359159,2103.172300005099,7639.373831775701
1782378679,2,,Aggregated,0.400000,0.000000,9,14,20,31,38,50,61,1100,2100,2100,2100,215,0,9,41.77625441841164,5.389499987359159,2103.172300005099,7631.120930232558
1782378680,2,,Aggregated,0.500000,0.000000,9,14,20,31,38,50,61,1100,2100,2100,2100,216,0,9,41.62016712938634,5.389499987359159,2103.172300005099,7622.944444444444
1782378681,2,,Aggregated,0.500000,0.000000,9,14,20,31,38,50,61,1100,2100,2100,2100,216,0,9,41.62016712938634,5.389499987359159,2103.172300005099,7622.944444444444
1782378682,2,,Aggregated,0.500000,0.000000,9,14,20,31,38,50,61,1100,2100,2100,2100,216,0,9,41.62016712938634,5.389499987359159,2103.172300005099,7622.944444444444
1782378683,2,,Aggregated,0.600000,0.000000,9,14,20,31,39,50,61,1100,2100,2100,2100,217,0,9,41.62965990753988,5.389499987359159,2103.172300005099,7636.198156682028
1782378684,2,,Aggregated,0.500000,0.000000,9,14,20,31,39,50,61,1100,2100,2100,2100,218,0,9,41.50647614646539,5.389499987359159,2103.172300005099,7649.3302752293575
1782378685,2,,Aggregated,0.500000,0.000000,9,14,20,31,39,50,61,1100,2100,2100,2100,218,0,9,41.50647614646539,5.389499987359159,2103.172300005099,7649.3302752293575
1782378686,2,,Aggregated,0.600000,0.000000,9,14,20,31,39,50,61,1100,2100,2100,2100,219,0,9,41.37498036498197,5.389499987359159,2103.172300005099,7662.342465753424
1782378687,2,,Aggregated,0.600000,0.000000,9,14,20,31,39,50,61,1100,2100,2100,2100,220,0,9,41.21702545426987,5.389499987359159,2103.172300005099,7654.172727272728
1782378688,2,,Aggregated,0.600000,0.000000,9,14,20,31,39,50,61,1100,2100,2100,2100,220,0,9,41.21702545426987,5.389499987359159,2103.172300005099,7654.172727272728
1782378689,2,,Aggregated,0.600000,0.000000,9,14,20,31,39,50,61,1100,2100,2100,2100,222,0,9,41.09074324298638,5.389499987359159,2103.172300005099,7679.801801801802
1782378690,2,,Aggregated,0.600000,0.000000,9,14,20,31,39,50,61,1100,2100,2100,2100,222,0,9,41.09074324298638,5.389499987359159,2103.172300005099,7679.801801801802
1782378691,2,,Aggregated,0.600000,0.000000,9,14,20,31,39,50,61,1100,2100,2100,2100,222,0,9,41.09074324298638,5.389499987359159,2103.172300005099,7679.801801801802
1782378692,2,,Aggregated,0.600000,0.000000,9,14,20,31,39,50,61,1100,2100,2100,2100,222,0,9,41.09074324298638,5.389499987359159,2103.172300005099,7679.801801801802
1782378693,2,,Aggregated,0.600000,0.000000,9,14,20,31,39,50,61,1100,2100,2100,2100,222,0,9,41.09074324298638,5.389499987359159,2103.172300005099,7679.801801801802
1782378694,2,,Aggregated,0.600000,0.000000,9,14,20,31,39,50,61,1100,2100,2100,2100,224,0,9,40.78101964263884,5.389499987359159,2103.172300005099,7660.125
1782378695,2,,Aggregated,0.600000,0.000000,9,14,20,31,39,50,61,1100,2100,2100,2100,224,0,9,40.78101964263884,5.389499987359159,2103.172300005099,7660.125
1782378696,2,,Aggregated,0.600000,0.000000,9,14,20,31,39,50,61,1100,2100,2100,2100,224,0,9,40.78101964263884,5.389499987359159,2103.172300005099,7660.125
1782378697,2,,Aggregated,0.600000,0.000000,9,14,20,31,39,50,61,1100,2100,2100,2100,224,0,9,40.78101964263884,5.389499987359159,2103.172300005099,7660.125
1782378698,2,,Aggregated,0.600000,0.000000,9,14,20,31,39,50,61,1100,2100,2100,2100,226,0,9,40.61806637146541,5.389499987359159,2103.172300005099,7664.743362831859
1782378699,2,,Aggregated,0.600000,0.000000,9,14,20,31,39,50,61,1100,2100,2100,2100,226,0,9,40.61806637146541,5.389499987359159,2103.172300005099,7664.743362831859
1782378700,2,,Aggregated,0.600000,0.000000,9,14,20,31,39,50,61,1100,2100,2100,2100,226,0,9,40.61806637146541,5.389499987359159,2103.172300005099,7664.743362831859
1782378701,2,,Aggregated,0.600000,0.000000,9,14,20,31,39,50,61,1100,2100,2100,2100,227,0,9,40.469779294958066,5.389499987359159,2103.172300005099,7653.387665198238
1782378702,2,,Aggregated,0.500000,0.000000,9,14,20,31,39,50,61,1100,2100,2100,2100,228,0,9,40.3201802630001,5.389499987359159,2103.172300005099,7642.131578947368
1782378703,2,,Aggregated,0.500000,0.000000,9,14,20,31,39,50,61,1100,2100,2100,2100,228,0,9,40.3201802630001,5.389499987359159,2103.172300005099,7642.131578947368
1782378704,2,,Aggregated,0.600000,0.000000,9,14,20,32,39,50,61,1100,2100,2100,2100,230,0,9,40.144863912871145,5.389499987359159,2103.172300005099,7646.826086956522
1782378705,2,,Aggregated,0.600000,0.000000,9,14,20,32,39,50,61,1100,2100,2100,2100,230,0,9,40.144863912871145,5.389499987359159,2103.172300005099,7646.826086956522
1782378706,2,,Aggregated,0.500000,0.000000,9,14,20,31,38,50,61,1100,2100,2100,2100,231,0,9,40.00198225089091,5.389499987359159,2103.172300005099,7639.112554112554
1782378707,2,,Aggregated,0.500000,0.000000,9,14,20,31,38,50,61,1100,2100,2100,2100,231,0,9,40.00198225089091,5.389499987359159,2103.172300005099,7639.112554112554
1782378708,2,,Aggregated,0.600000,0.000000,9,14,20,31,38,50,61,1100,2100,2100,2100,232,0,9,39.86965646536505,5.389499987359159,2103.172300005099,7628.112068965517
1782378709,2,,Aggregated,0.600000,0.000000,9,14,20,31,38,50,61,1100,2100,2100,2100,232,0,9,39.86965646536505,5.389499987359159,2103.172300005099,7628.112068965517
1782378710,2,,Aggregated,0.700000,0.000000,9,14,20,31,38,50,61,1100,2100,2100,2100,233,0,9,39.73257725310408,5.389499987359159,2103.172300005099,7620.545064377682
1782378711,2,,Aggregated,0.700000,0.000000,9,14,20,31,38,50,61,1100,2100,2100,2100,233,0,9,39.73257725310408,5.389499987359159,2103.172300005099,7620.545064377682
1782378712,2,,Aggregated,0.600000,0.000000,9,14,20,31,38,50,61,1100,2100,2100,2100,234,0,9,39.59014957255045,5.389499987359159,2103.172300005099,7613.042735042735
1782378713,2,,Aggregated,0.700000,0.000000,9,14,20,32,39,50,61,1100,2100,2100,2100,235,0,9,39.59521617012178,5.389499987359159,2103.172300005099,7625.3234042553195
1782378714,2,,Aggregated,0.700000,0.000000,9,14,20,32,39,50,61,1100,2100,2100,2100,235,0,9,39.59521617012178,5.389499987359159,2103.172300005099,7625.3234042553195
1782378715,2,,Aggregated,0.700000,0.000000,9,14,20,31,39,50,61,1100,2100,2100,2100,237,0,9,39.36653291134366,5.389499987359159,2103.172300005099,7649.573839662447
1782378716,2,,Aggregated,0.700000,0.000000,9,14,20,31,39,50,61,1100,2100,2100,2100,237,0,9,39.36653291134366,5.389499987359159,2103.172300005099,7649.573839662447
1782378717,2,,Aggregated,0.700000,0.000000,9,14,20,31,39,50,61,1100,2100,2100,2100,237,0,9,39.36653291134366,5.389499987359159,2103.172300005099,7649.573839662447
1782378718,2,,Aggregated,0.700000,0.000000,9,14,20,31,39,50,61,1100,2100,2100,2100,237,0,9,39.36653291134366,5.389499987359159,2103.172300005099,7649.573839662447
1782378719,2,,Aggregated,0.600000,0.000000,9,14,20,31,39,50,61,1100,2100,2100,2100,239,0,9,39.08636610876822,5.389499987359159,2103.172300005099,7628.129707112971
1782378720,2,,Aggregated,0.600000,0.000000,9,14,20,31,39,50,61,1100,2100,2100,2100,239,0,9,39.08636610876822,5.389499987359159,2103.172300005099,7628.129707112971
1782378721,2,,Aggregated,0.600000,0.000000,9,14,20,31,39,50,61,1100,2100,2100,2100,239,0,9,39.08636610876822,5.389499987359159,2103.172300005099,7628.129707112971
1782378722,2,,Aggregated,0.600000,0.000000,9,14,20,31,39,50,61,1100,2100,2100,2100,240,0,9,38.95116666662943,5.389499987359159,2103.172300005099,7620.783333333334
1782378723,2,,Aggregated,0.600000,0.000000,9,14,19,31,38,48,61,1100,2100,2100,2100,241,0,9,38.81709792526126,5.389499987359159,2103.172300005099,7613.497925311203
1782378724,2,,Aggregated,0.500000,0.000000,9,14,20,31,38,48,61,1100,2100,2100,2100,242,0,9,38.78311818175274,5.389499987359159,2103.172300005099,7625.421487603306
1782378725,2,,Aggregated,0.500000,0.000000,9,14,20,31,38,48,61,1100,2100,2100,2100,242,0,9,38.78311818175274,5.389499987359159,2103.172300005099,7625.421487603306
1782378726,2,,Aggregated,0.500000,0.000000,9,14,20,31,38,48,61,1100,2100,2100,2100,242,0,9,38.78311818175274,5.389499987359159,2103.172300005099,7625.421487603306
1782378727,2,,Aggregated,0.600000,0.000000,9,14,20,31,38,48,61,1100,2100,2100,2100,243,0,9,38.691196707736054,5.389499987359159,2103.172300005099,7637.246913580247
1782378728,2,,Aggregated,0.500000,0.000000,9,14,20,31,38,48,61,1100,2100,2100,2100,244,0,9,38.55614754090803,5.389499987359159,2103.172300005099,7629.983606557377
1782378729,2,,Aggregated,0.500000,0.000000,9,14,20,31,38,48,61,1100,2100,2100,2100,244,0,9,38.55614754090803,5.389499987359159,2103.172300005099,7629.983606557377
1782378730,2,,Aggregated,0.600000,0.000000,9,14,20,31,38,48,61,1100,2100,2100,2100,246,0,9,38.42728130068162,5.389499987359159,2103.172300005099,7653.308943089431
1782378731,2,,Aggregated,0.600000,0.000000,9,14,20,31,38,48,61,1100,2100,2100,2100,246,0,9,38.42728130068162,5.389499987359159,2103.172300005099,7653.308943089431
1782378732,2,,Aggregated,0.600000,0.000000,9,14,20,31,38,48,61,1100,2100,2100,2100,246,0,9,38.42728130068162,5.389499987359159,2103.172300005099,7653.308943089431
1782378733,2,,Aggregated,0.700000,0.000000,9,14,20,31,38,48,61,1100,2100,2100,2100,247,0,9,38.324884615267294,5.389499987359159,2103.172300005099,7664.82995951417
1782378734,2,,Aggregated,0.700000,0.000000,9,14,20,31,38,48,61,1100,2100,2100,2100,247,0,9,38.324884615267294,5.389499987359159,2103.172300005099,7664.82995951417
1782378735,2,,Aggregated,0.600000,0.000000,9,14,19,31,38,48,61,1100,2100,2100,2100,249,0,9,38.10823252999661,5.389499987359159,2103.172300005099,7665.859437751004
1782378736,2,,Aggregated,0.600000,0.000000,9,14,19,31,38,48,61,1100,2100,2100,2100,249,0,9,38.10823252999661,5.389499987359159,2103.172300005099,7665.859437751004
1782378737,2,,Aggregated,0.600000,0.000000,9,14,19,31,38,48,61,1100,2100,2100,2100,249,0,9,38.10823252999661,5.389499987359159,2103.172300005099,7665.859437751004
1782378738,2,,Aggregated,0.700000,0.000000,9,14,20,31,39,48,61,1100,2100,2100,2100,250,0,9,38.12709079985507,5.389499987359159,2103.172300005099,7677.192
1782378739,2,,Aggregated,0.700000,0.000000,9,14,20,31,39,48,61,1100,2100,2100,2100,250,0,9,38.12709079985507,5.389499987359159,2103.172300005099,7677.192
1782378740,2,,Aggregated,0.600000,0.000000,9,14,20,31,38,48,59,1100,2100,2100,2100,251,0,9,38.027929083561986,5.389499987359159,2103.172300005099,7688.434262948207
1782378741,2,,Aggregated,0.600000,0.000000,9,14,20,31,38,48,59,1100,2100,2100,2100,252,0,9,37.970231745901636,5.389499987359159,2103.172300005099,7699.587301587301
1782378742,2,,Aggregated,0.700000,0.000000,9,14,20,31,38,48,59,1100,2100,2100,2100,253,0,9,37.86486996029018,5.389499987359159,2103.172300005099,7710.652173913043
1782378743,2,,Aggregated,0.700000,0.000000,9,14,20,31,38,48,59,1100,2100,2100,2100,253,0,9,37.86486996029018,5.389499987359159,2103.172300005099,7710.652173913043
1782378744,2,,Aggregated,0.700000,0.000000,9,14,20,31,38,48,59,1100,2100,2100,2100,253,0,9,37.86486996029018,5.389499987359159,2103.172300005099,7710.652173913043
1782378745,2,,Aggregated,0.700000,0.000000,9,14,20,31,39,48,59,1100,2100,2100,2100,255,0,9,37.77026980373479,5.389499987359159,2103.172300005099,7714.349019607843
1782378747,2,,Aggregated,0.700000,0.000000,9,14,20,31,39,48,59,1100,2100,2100,2100,255,0,9,37.77026980373479,5.389499987359159,2103.172300005099,7714.349019607843
1782378748,2,,Aggregated,0.600000,0.000000,9,14,20,31,39,48,59,1100,2100,2100,2100,257,0,9,37.58339610871232,5.389499987359159,2103.172300005099,7717.988326848249
1782378749,2,,Aggregated,0.600000,0.000000,9,14,20,31,39,48,59,1100,2100,2100,2100,257,0,9,37.58339610871232,5.389499987359159,2103.172300005099,7717.988326848249
1782378750,2,,Aggregated,0.600000,0.000000,9,14,20,31,39,48,59,1100,2100,2100,2100,258,0,9,37.49601627880971,5.389499987359159,2103.172300005099,7728.767441860465
1782378751,2,,Aggregated,0.600000,0.000000,9,14,20,31,39,48,59,1100,2100,2100,2100,258,0,9,37.49601627880971,5.389499987359159,2103.172300005099,7728.767441860465
1782378752,2,,Aggregated,0.600000,0.000000,9,14,20,31,39,48,59,1100,2100,2100,2100,258,0,9,37.49601627880971,5.389499987359159,2103.172300005099,7728.767441860465
1782378753,2,,Aggregated,0.700000,0.000000,9,14,20,31,39,50,59,1100,2100,2100,2100,259,0,9,37.561522007463175,5.389499987359159,2103.172300005099,7739.46332046332
1782378754,2,,Aggregated,0.700000,0.000000,9,14,20,31,39,50,59,1100,2100,2100,2100,260,0,9,37.477348461274794,5.389499987359159,2103.172300005099,7750.076923076923
1782378755,2,,Aggregated,0.700000,0.000000,9,14,20,31,39,50,59,1100,2100,2100,2100,260,0,9,37.477348461274794,5.389499987359159,2103.172300005099,7750.076923076923
1782378756,2,,Aggregated,0.700000,0.000000,9,14,20,31,39,50,59,1100,2100,2100,2100,260,0,9,37.477348461274794,5.389499987359159,2103.172300005099,7750.076923076923
1782378757,2,,Aggregated,0.700000,0.000000,9,14,20,31,39,48,59,1100,2100,2100,2100,262,0,9,37.24247480890152,5.389499987359159,2103.172300005099,7735.687022900764
1782378758,2,,Aggregated,0.700000,0.000000,9,14,20,31,39,48,59,1100,2100,2100,2100,262,0,9,37.24247480890152,5.389499987359159,2103.172300005099,7735.687022900764
1782378759,2,,Aggregated,0.700000,0.000000,9,14,20,31,39,48,59,1100,2100,2100,2100,262,0,9,37.24247480890152,5.389499987359159,2103.172300005099,7735.687022900764
1782378760,2,,Aggregated,0.700000,0.000000,9,14,20,31,39,48,59,1100,2100,2100,2100,263,0,9,37.21484676783173,5.389499987359159,2103.172300005099,7746.19391634981
1782378761,2,,Aggregated,0.500000,0.000000,9,14,20,31,39,48,59,1100,2100,2100,2100,264,0,9,37.10184128767375,5.389499987359159,2103.172300005099,7739.068181818182
1782378762,2,,Aggregated,0.500000,0.000000,9,14,20,31,39,48,59,1100,2100,2100,2100,265,0,9,37.010750565831636,5.389499987359159,2103.172300005099,7749.483018867924
1782378763,2,,Aggregated,0.500000,0.000000,9,14,20,31,39,48,59,1100,2100,2100,2100,265,0,9,37.010750565831636,5.389499987359159,2103.172300005099,7749.483018867924
1782378764,2,,Aggregated,0.500000,0.000000,9,14,20,31,39,48,59,1100,2100,2100,2100,265,0,9,37.010750565831636,5.389499987359159,2103.172300005099,7749.483018867924
1782378765,2,,Aggregated,0.700000,0.000000,9,14,20,31,39,48,59,1100,2100,2100,2100,266,0,9,36.9001661652272,5.389499987359159,2103.172300005099,7739.473684210527
1782378766,2,,Aggregated,0.600000,0.000000,9,14,20,31,39,48,59,1100,2100,2100,2100,267,0,9,36.88868726572076,5.389499987359159,2103.172300005099,7749.808988764045
1782378767,2,,Aggregated,0.600000,0.000000,9,14,20,31,39,48,59,1100,2100,2100,2100,267,0,9,36.88868726572076,5.389499987359159,2103.172300005099,7749.808988764045
1782378768,2,,Aggregated,0.600000,0.000000,9,14,20,31,39,48,59,1100,2100,2100,2100,267,0,9,36.88868726572076,5.389499987359159,2103.172300005099,7749.808988764045
1782378769,2,,Aggregated,0.700000,0.000000,9,14,20,31,39,48,59,1100,2100,2100,2100,269,0,9,36.71667918193519,5.389499987359159,2103.172300005099,7770.24907063197
1782378770,2,,Aggregated,0.700000,0.000000,9,14,20,31,39,48,59,1100,2100,2100,2100,269,0,9,36.71667918193519,5.389499987359159,2103.172300005099,7770.24907063197
1782378771,2,,Aggregated,0.700000,0.000000,9,14,20,31,39,48,59,1100,2100,2100,2100,269,0,9,36.71667918193519,5.389499987359159,2103.172300005099,7770.24907063197
1782378772,2,,Aggregated,0.700000,0.000000,9,14,20,31,39,48,59,1100,2100,2100,2100,270,0,9,36.715070740535374,5.389499987359159,2103.172300005099,7780.355555555556
1782378773,2,,Aggregated,0.600000,0.000000,9,14,20,31,38,48,59,1100,2100,2100,2100,271,0,9,36.62668044257452,5.389499987359159,2103.172300005099,7790.387453874539
1782378774,2,,Aggregated,0.500000,0.000000,9,14,20,31,38,48,59,1100,2100,2100,2100,272,0,9,36.51794448507965,5.389499987359159,2103.172300005099,7780.448529411765
1782378775,2,,Aggregated,0.500000,0.000000,9,14,20,31,38,48,59,1100,2100,2100,2100,272,0,9,36.51794448507965,5.389499987359159,2103.172300005099,7780.448529411765
1782378776,2,,Aggregated,0.600000,0.000000,9,14,20,31,38,48,59,1100,2100,2100,2100,273,0,9,36.415356776330384,5.389499987359159,2103.172300005099,7770.582417582417
1782378777,2,,Aggregated,0.700000,0.000000,9,14,20,31,38,48,59,1100,2100,2100,2100,274,0,9,36.307763503409795,5.389499987359159,2103.172300005099,7763.6277372262775
1782378778,2,,Aggregated,0.700000,0.000000,9,14,20,31,38,48,59,1100,2100,2100,2100,274,0,9,36.307763503409795,5.389499987359159,2103.172300005099,7763.6277372262775
1782378779,2,,Aggregated,0.600000,0.000000,9,14,20,31,39,50,59,1100,2100,2100,2100,276,0,9,36.26568297076501,5.389499987359159,2103.172300005099,7763.840579710145
1782378780,2,,Aggregated,0.600000,0.000000,9,14,20,31,39,50,59,1100,2100,2100,2100,276,0,9,36.26568297076501,5.389499987359159,2103.172300005099,7763.840579710145
1782378781,2,,Aggregated,0.700000,0.000000,9,14,20,31,39,50,59,1100,2100,2100,2100,277,0,9,36.161941877000594,5.389499987359159,2103.172300005099,7756.985559566787
1782378782,2,,Aggregated,0.700000,0.000000,9,14,20,31,39,50,59,1100,2100,2100,2100,278,0,9,36.1161010788767,5.389499987359159,2103.172300005099,7766.848920863309
1782378783,2,,Aggregated,0.700000,0.000000,9,14,20,31,39,50,59,1100,2100,2100,2100,278,0,9,36.1161010788767,5.389499987359159,2103.172300005099,7766.848920863309
1782378784,2,,Aggregated,0.700000,0.000000,9,14,20,31,39,50,59,1100,2100,2100,2100,278,0,9,36.1161010788767,5.389499987359159,2103.172300005099,7766.848920863309
1782378785,2,,Aggregated,0.700000,0.000000,9,14,20,31,39,50,59,1100,2100,2100,2100,279,0,9,36.16608064494423,5.389499987359159,2103.172300005099,7776.641577060932
1782378786,2,,Aggregated,0.700000,0.000000,9,14,20,31,39,50,59,1100,2100,2100,2100,280,0,9,36.06320785693242,5.389499987359159,2103.172300005099,7767.035714285715
1782378787,2,,Aggregated,0.700000,0.000000,9,14,20,31,39,50,59,1100,2100,2100,2100,280,0,9,36.06320785693242,5.389499987359159,2103.172300005099,7767.035714285715
1782378788,2,,Aggregated,0.600000,0.000000,9,14,20,31,39,50,59,1100,2100,2100,2100,281,0,9,35.95636868307713,5.389499987359159,2103.172300005099,7760.26690391459
1782378789,2,,Aggregated,0.600000,0.000000,9,14,20,31,39,50,59,1100,2100,2100,2100,281,0,9,35.95636868307713,5.389499987359159,2103.172300005099,7760.26690391459
1782378790,2,,Aggregated,0.600000,0.000000,9,14,20,31,39,50,59,1100,2100,2100,2100,283,0,9,35.79915618358794,5.389499987359159,2103.172300005099,7763.247349823321
1782378791,2,,Aggregated,0.600000,0.000000,9,14,20,31,39,50,59,1100,2100,2100,2100,283,0,9,35.79915618358794,5.389499987359159,2103.172300005099,7763.247349823321
1782378792,2,,Aggregated,0.500000,0.000000,9,14,20,31,39,50,59,1100,2100,2100,2100,284,0,9,35.69872323924743,5.389499987359159,2103.172300005099,7756.56338028169
1782378793,2,,Aggregated,0.500000,0.000000,9,14,20,31,39,50,59,1100,2100,2100,2100,284,0,9,35.69872323924743,5.389499987359159,2103.172300005099,7756.56338028169
1782378794,2,,Aggregated,0.500000,0.000000,9,14,20,31,39,50,59,1100,2100,2100,2100,284,0,9,35.69872323924743,5.389499987359159,2103.172300005099,7756.56338028169
1782378795,2,,Aggregated,0.700000,0.000000,9,14,20,31,39,50,59,1100,2100,2100,2100,285,0,9,35.59424245593203,5.389499987359159,2103.172300005099,7749.926315789474
1782378796,2,,Aggregated,0.600000,0.000000,9,14,20,31,39,50,59,1100,2100,2100,2100,286,0,9,35.493274475315545,5.389499987359159,2103.172300005099,7743.335664335665
1782378797,2,,Aggregated,0.700000,0.000000,9,14,20,31,39,50,59,1100,2100,2100,2100,287,0,9,35.39682334472096,5.389499987359159,2103.172300005099,7734.0801393728225
1782378798,2,,Aggregated,0.700000,0.000000,9,14,20,31,39,50,59,1100,2100,2100,2100,287,0,9,35.39682334472096,5.389499987359159,2103.172300005099,7734.0801393728225
1782378799,2,,Aggregated,0.700000,0.000000,9,14,20,31,39,50,59,1100,2100,2100,2100,287,0,9,35.39682334472096,5.389499987359159,2103.172300005099,7734.0801393728225
1782378800,2,,Aggregated,0.600000,0.000000,9,14,20,31,39,50,59,1100,2100,2100,2100,288,0,9,35.30083541641539,5.389499987359159,2103.172300005099,7727.590277777777
1782378801,2,,Aggregated,0.600000,0.000000,9,14,20,31,39,50,59,1100,2100,2100,2100,289,0,9,35.20215224885747,5.389499987359159,2103.172300005099,7721.145328719723
1782378802,2,,Aggregated,0.600000,0.000000,9,14,20,31,39,50,59,1100,2100,2100,2100,289,0,9,35.20215224885747,5.389499987359159,2103.172300005099,7721.145328719723
1782378803,2,,Aggregated,0.600000,0.000000,9,14,20,31,39,50,59,1100,2100,2100,2100,289,0,9,35.20215224885747,5.389499987359159,2103.172300005099,7721.145328719723
1782378804,2,,Aggregated,0.500000,0.000000,9,14,20,31,39,50,59,1100,2100,2100,2100,290,0,9,35.22755999970129,5.389499987359159,2103.172300005099,7730.724137931034
1782378805,2,,Aggregated,0.500000,0.000000,9,14,20,31,39,50,59,1100,2100,2100,2100,291,0,9,35.153795188713715,5.389499987359159,2103.172300005099,7740.237113402062
1782378806,2,,Aggregated,0.500000,0.000000,9,14,20,31,39,50,59,1100,2100,2100,2100,291,0,9,35.153795188713715,5.389499987359159,2103.172300005099,7740.237113402062
1782378807,2,,Aggregated,0.500000,0.000000,9,14,20,31,39,50,59,1100,2100,2100,2100,291,0,9,35.153795188713715,5.389499987359159,2103.172300005099,7740.237113402062
1782378808,2,,Aggregated,0.500000,0.000000,9,14,20,31,39,50,59,1100,2100,2100,2100,291,0,9,35.153795188713715,5.389499987359159,2103.172300005099,7740.237113402062
1782378809,2,,Aggregated,0.500000,0.000000,9,14,20,31,39,50,59,1100,2100,2100,2100,293,0,9,34.98377610891366,5.389499987359159,2103.172300005099,7743.252559726962
1782378810,2,,Aggregated,0.500000,0.000000,9,14,20,31,39,50,59,1100,2100,2100,2100,293,0,9,34.98377610891366,5.389499987359159,2103.172300005099,7743.252559726962
1782378811,2,,Aggregated,0.500000,0.000000,9,14,20,31,39,50,59,1100,2100,2100,2100,293,0,9,34.98377610891366,5.389499987359159,2103.172300005099,7743.252559726962
1782378812,2,,Aggregated,0.600000,0.000000,9,14,20,31,39,50,59,1100,2100,2100,2100,295,0,9,34.79614847426508,5.389499987359159,2103.172300005099,7727.881355932203
1782378813,2,,Aggregated,0.600000,0.000000,9,14,20,31,39,50,59,1100,2100,2100,2100,295,0,9,34.79614847426508,5.389499987359159,2103.172300005099,7727.881355932203
1782378814,2,,Aggregated,0.600000,0.000000,9,14,20,31,39,50,59,1100,2100,2100,2100,295,0,9,34.79614847426508,5.389499987359159,2103.172300005099,7727.881355932203
1782378815,2,,Aggregated,0.600000,0.000000,9,14,20,30,39,50,59,1100,2100,2100,2100,296,0,9,34.698627702390375,5.389499987359159,2103.172300005099,7721.5878378378375
1782378816,2,,Aggregated,0.600000,0.000000,9,14,20,30,39,50,59,1100,2100,2100,2100,296,0,9,34.698627702390375,5.389499987359159,2103.172300005099,7721.5878378378375
1782378817,2,,Aggregated,0.600000,0.000000,9,14,20,31,39,50,59,1100,2100,2100,2100,297,0,9,34.71777070678617,5.389499987359159,2103.172300005099,7730.939393939394
1782378818,2,,Aggregated,0.500000,0.000000,9,14,20,31,39,50,59,1100,2100,2100,2100,298,0,9,34.64593456347274,5.389499987359159,2103.172300005099,7740.228187919463
1782378819,2,,Aggregated,0.500000,0.000000,9,14,20,31,39,50,59,1100,2100,2100,2100,298,0,9,34.64593456347274,5.389499987359159,2103.172300005099,7740.228187919463
1782378820,2,,Aggregated,0.500000,0.000000,9,14,20,31,39,50,59,1100,2100,2100,2100,298,0,9,34.64593456347274,5.389499987359159,2103.172300005099,7740.228187919463
1782378821,2,,Aggregated,0.600000,0.000000,9,14,20,31,39,50,59,1100,2100,2100,2100,299,0,9,34.588389297358205,5.389499987359159,2103.172300005099,7749.454849498327
1782378822,2,,Aggregated,0.500000,0.000000,9,14,20,31,39,50,59,1100,2100,2100,2100,300,0,9,34.49459933307177,5.389499987359159,2103.172300005099,7743.173333333333
1782378823,2,,Aggregated,0.500000,0.000000,9,14,20,31,39,50,59,1100,2100,2100,2100,300,0,9,34.49459933307177,5.389499987359159,2103.172300005099,7743.173333333333
1782378824,2,,Aggregated,0.500000,0.000000,9,14,20,31,39,50,59,1100,2100,2100,2100,300,0,9,34.49459933307177,5.389499987359159,2103.172300005099,7743.173333333333
1782378825,2,,Aggregated,0.500000,0.000000,9,14,20,31,39,48,58,370,2100,2100,2100,302,0,9,34.411915893753566,5.389499987359159,2103.172300005099,7743.503311258278
1782378826,2,,Aggregated,0.500000,0.000000,9,14,20,31,39,48,58,370,2100,2100,2100,302,0,9,34.411915893753566,5.389499987359159,2103.172300005099,7743.503311258278
1782378827,2,,Aggregated,0.500000,0.000000,9,14,20,31,39,48,58,370,2100,2100,2100,302,0,9,34.411915893753566,5.389499987359159,2103.172300005099,7743.503311258278
1782378828,2,,Aggregated,0.500000,0.000000,9,14,20,31,39,48,58,370,2100,2100,2100,302,0,9,34.411915893753566,5.389499987359159,2103.172300005099,7743.503311258278
1782378829,2,,Aggregated,0.500000,0.000000,9,14,20,31,39,48,58,370,2100,2100,2100,304,0,9,34.34283749969549,5.389499987359159,2103.172300005099,7761.631578947368
1782378830,2,,Aggregated,0.500000,0.000000,9,14,20,31,39,48,58,370,2100,2100,2100,304,0,9,34.34283749969549,5.389499987359159,2103.172300005099,7761.631578947368
1782378831,2,,Aggregated,0.500000,0.000000,9,14,20,31,39,48,58,370,2100,2100,2100,304,0,9,34.34283749969549,5.389499987359159,2103.172300005099,7761.631578947368
1782378832,2,,Aggregated,0.500000,0.000000,9,14,20,31,39,48,58,370,2100,2100,2100,304,0,9,34.34283749969549,5.389499987359159,2103.172300005099,7761.631578947368
1782378833,2,,Aggregated,0.600000,0.000000,9,14,20,31,39,48,58,370,2100,2100,2100,306,0,9,34.27540980363333,5.389499987359159,2103.172300005099,7764.3790849673205
1782378834,2,,Aggregated,0.600000,0.000000,9,14,20,31,39,48,58,370,2100,2100,2100,306,0,9,34.27540980363333,5.389499987359159,2103.172300005099,7764.3790849673205
1782378835,2,,Aggregated,0.400000,0.000000,9,14,20,31,39,48,58,370,2100,2100,2100,307,0,9,34.18526351761872,5.389499987359159,2103.172300005099,7755.657980456026
1782378836,2,,Aggregated,0.400000,0.000000,9,14,20,31,39,48,58,370,2100,2100,2100,307,0,9,34.18526351761872,5.389499987359159,2103.172300005099,7755.657980456026
1782378837,2,,Aggregated,0.600000,0.000000,9,14,20,31,39,48,58,370,2100,2100,2100,308,0,9,34.09728344129028,5.389499987359159,2103.172300005099,7749.519480519481
1782378838,2,,Aggregated,0.600000,0.000000,9,14,20,31,39,48,58,370,2100,2100,2100,308,0,9,34.09728344129028,5.389499987359159,2103.172300005099,7749.519480519481
1782378839,2,,Aggregated,0.600000,0.000000,9,14,20,31,39,48,58,370,2100,2100,2100,308,0,9,34.09728344129028,5.389499987359159,2103.172300005099,7749.519480519481
1782378840,2,,Aggregated,0.600000,0.000000,9,14,20,31,39,48,58,370,2100,2100,2100,309,0,9,34.01328576022298,5.389499987359159,2103.172300005099,7740.902912621359
1782378841,2,,Aggregated,0.500000,0.000000,9,14,20,31,39,48,58,370,2100,2100,2100,310,0,9,33.92730516098973,5.389499987359159,2103.172300005099,7732.341935483871
1782378842,2,,Aggregated,0.500000,0.000000,9,14,20,31,39,48,58,370,2100,2100,2100,310,0,9,33.92730516098973,5.389499987359159,2103.172300005099,7732.341935483871
1782378843,2,,Aggregated,0.500000,0.000000,9,14,20,31,39,48,58,370,2100,2100,2100,310,0,9,33.92730516098973,5.389499987359159,2103.172300005099,7732.341935483871
1782378844,2,,Aggregated,0.600000,0.000000,9,14,20,31,39,49,58,370,2100,2100,2100,312,0,9,33.894105127938715,5.389499987359159,2103.172300005099,7735.224358974359
1782378845,2,,Aggregated,0.600000,0.000000,9,14,20,31,39,49,58,370,2100,2100,2100,312,0,9,33.894105127938715,5.389499987359159,2103.172300005099,7735.224358974359
1782378846,2,,Aggregated,0.600000,0.000000,9,14,20,31,39,49,58,370,2100,2100,2100,312,0,9,33.894105127938715,5.389499987359159,2103.172300005099,7735.224358974359
1782378847,2,,Aggregated,0.600000,0.000000,9,14,20,31,39,49,58,370,2100,2100,2100,312,0,9,33.894105127938715,5.389499987359159,2103.172300005099,7735.224358974359
1782378848,2,,Aggregated,0.500000,0.000000,9,14,20,31,39,49,58,370,2100,2100,2100,314,0,9,33.76326942649539,5.389499987359159,2103.172300005099,7752.828025477707
1782378849,2,,Aggregated,0.500000,0.000000,9,14,20,31,39,49,58,370,2100,2100,2100,314,0,9,33.76326942649539,5.389499987359159,2103.172300005099,7752.828025477707
1782378850,2,,Aggregated,0.500000,0.000000,9,14,20,31,39,49,58,370,2100,2100,2100,314,0,9,33.76326942649539,5.389499987359159,2103.172300005099,7752.828025477707
1782378851,2,,Aggregated,0.600000,0.000000,9,14,20,31,39,49,58,370,2100,2100,2100,315,0,9,33.67663079342391,5.389499987359159,2103.172300005099,7744.3650793650795
1782378852,2,,Aggregated,0.600000,0.000000,9,14,20,31,39,49,58,370,2100,2100,2100,316,0,9,33.58901075929841,5.389499987359159,2103.172300005099,7738.4177215189875
1782378853,2,,Aggregated,0.600000,0.000000,9,14,20,31,39,49,58,370,2100,2100,2100,316,0,9,33.58901075929841,5.389499987359159,2103.172300005099,7738.4177215189875
1782378854,2,,Aggregated,0.500000,0.000000,9,14,19,31,39,49,58,370,2100,2100,2100,317,0,9,33.503403154369636,5.389499987359159,2103.172300005099,7732.507886435331
1782378856,2,,Aggregated,0.600000,0.000000,9,14,20,31,39,49,58,370,2100,2100,2100,318,0,9,33.483455345701245,5.389499987359159,2103.172300005099,7741.207547169812
1782378857,2,,Aggregated,0.600000,0.000000,9,14,20,31,39,49,58,370,2100,2100,2100,318,0,9,33.483455345701245,5.389499987359159,2103.172300005099,7741.207547169812
1782378858,2,,Aggregated,0.500000,0.000000,9,14,20,31,39,49,58,370,2100,2100,2100,320,0,9,33.31398624977737,5.389499987359159,2103.172300005099,7729.48125
1782378859,2,,Aggregated,0.500000,0.000000,9,14,20,31,39,49,58,370,2100,2100,2100,320,0,9,33.31398624977737,5.389499987359159,2103.172300005099,7729.48125
1782378860,2,,Aggregated,0.500000,0.000000,9,14,20,31,39,49,58,370,2100,2100,2100,320,0,9,33.31398624977737,5.389499987359159,2103.172300005099,7729.48125
1782378861,2,,Aggregated,0.800000,0.000000,9,14,19,30,39,48,58,370,2100,2100,2100,321,0,9,33.22964890943797,5.389499987359159,2103.172300005099,7723.672897196262
1782378862,2,,Aggregated,0.600000,0.000000,9,14,20,30,39,48,58,370,2100,2100,2100,322,0,9,33.204543167473574,5.389499987359159,2103.172300005099,7732.291925465838
1782378863,2,,Aggregated,0.600000,0.000000,9,14,20,30,39,48,58,370,2100,2100,2100,323,0,9,33.12046130006879,5.389499987359159,2103.172300005099,7726.510835913313
1782378864,2,,Aggregated,0.600000,0.000000,9,14,20,30,39,48,58,370,2100,2100,2100,323,0,9,33.12046130006879,5.389499987359159,2103.172300005099,7726.510835913313
1782378865,2,,Aggregated,0.700000,0.000000,9,14,20,30,39,48,58,370,2100,2100,2100,324,0,9,33.069321296038034,5.389499987359159,2103.172300005099,7735.067901234568
1782378866,2,,Aggregated,0.700000,0.000000,9,14,20,30,39,48,58,370,2100,2100,2100,324,0,9,33.069321296038034,5.389499987359159,2103.172300005099,7735.067901234568
1782378867,2,,Aggregated,0.700000,0.000000,9,14,20,30,39,48,58,370,2100,2100,2100,326,0,9,32.98310828196996,5.389499987359159,2103.172300005099,7737.80981595092
1782378868,2,,Aggregated,0.700000,0.000000,9,14,20,30,39,48,58,370,2100,2100,2100,326,0,9,32.98310828196996,5.389499987359159,2103.172300005099,7737.80981595092
1782378869,2,,Aggregated,0.700000,0.000000,9,14,20,30,39,48,58,370,2100,2100,2100,326,0,9,32.98310828196996,5.389499987359159,2103.172300005099,7737.80981595092
1782378870,2,,Aggregated,0.800000,0.000000,9,14,20,30,39,48,58,370,2100,2100,2100,327,0,9,32.901177063975226,5.389499987359159,2103.172300005099,7729.703363914373
1782378871,2,,Aggregated,0.800000,0.000000,9,14,20,30,39,48,58,370,2100,2100,2100,327,0,9,32.901177063975226,5.389499987359159,2103.172300005099,7729.703363914373
1782378872,2,,Aggregated,0.600000,0.000000,9,14,20,30,39,48,58,370,2100,2100,2100,328,0,9,32.83107682900885,5.389499987359159,2103.172300005099,7724.018292682927
1782378873,2,,Aggregated,0.600000,0.000000,9,14,20,30,39,48,58,370,2100,2100,2100,328,0,9,32.83107682900885,5.389499987359159,2103.172300005099,7724.018292682927
1782378874,2,,Aggregated,0.600000,0.000000,9,14,19,30,39,48,58,370,2100,2100,2100,329,0,9,32.751928267244665,5.389499987359159,2103.172300005099,7718.367781155015
1782378875,2,,Aggregated,0.600000,0.000000,9,14,19,30,39,48,58,370,2100,2100,2100,329,0,9,32.751928267244665,5.389499987359159,2103.172300005099,7718.367781155015
1782378876,2,,Aggregated,0.600000,0.000000,9,14,19,30,39,48,58,370,2100,2100,2100,330,0,9,32.6702360603535,5.389499987359159,2103.172300005099,7712.751515151515
1782378877,2,,Aggregated,0.600000,0.000000,9,14,20,30,39,49,58,370,2100,2100,2100,331,0,9,32.735481268615146,5.389499987359159,2103.172300005099,7721.16918429003
1782378878,2,,Aggregated,0.600000,0.000000,9,14,20,30,39,49,58,370,2100,2100,2100,331,0,9,32.735481268615146,5.389499987359159,2103.172300005099,7721.16918429003
1782378879,2,,Aggregated,0.500000,0.000000,9,14,20,30,39,49,58,370,2100,2100,2100,332,0,9,32.664865059956924,5.389499987359159,2103.172300005099,7715.578313253012
1782378880,2,,Aggregated,0.500000,0.000000,9,14,20,30,39,49,58,370,2100,2100,2100,332,0,9,32.664865059956924,5.389499987359159,2103.172300005099,7715.578313253012
1782378881,2,,Aggregated,0.600000,0.000000,9,14,19,30,39,49,58,370,2100,2100,2100,333,0,9,32.590860960649906,5.389499987359159,2103.172300005099,7710.021021021021
1782378882,2,,Aggregated,0.600000,0.000000,9,14,19,30,39,49,58,370,2100,2100,2100,333,0,9,32.590860960649906,5.389499987359159,2103.172300005099,7710.021021021021
1782378883,2,,Aggregated,0.500000,0.000000,9,14,20,31,39,49,58,370,2100,2100,2100,334,0,9,32.60432904162535,5.389499987359159,2103.172300005099,7718.37125748503
1782378884,2,,Aggregated,0.500000,0.000000,9,14,20,31,39,49,58,370,2100,2100,2100,334,0,9,32.60432904162535,5.389499987359159,2103.172300005099,7718.37125748503
1782378885,2,,Aggregated,0.500000,0.000000,9,14,20,31,39,49,58,370,2100,2100,2100,334,0,9,32.60432904162535,5.389499987359159,2103.172300005099,7718.37125748503
1782378886,2,,Aggregated,0.600000,0.000000,9,14,20,31,39,49,58,370,2100,2100,2100,335,0,9,32.532225969836546,5.389499987359159,2103.172300005099,7712.838805970149
1782378887,2,,Aggregated,0.500000,0.000000,9,14,20,30,39,49,58,370,2100,2100,2100,336,0,9,32.476408630654554,5.389499987359159,2103.172300005099,7721.130952380952
1782378888,2,,Aggregated,0.500000,0.000000,9,14,20,30,39,49,58,370,2100,2100,2100,336,0,9,32.476408630654554,5.389499987359159,2103.172300005099,7721.130952380952
1782378889,2,,Aggregated,0.600000,0.000000,9,14,20,31,39,49,58,370,2100,2100,2100,337,0,9,32.50115815994332,5.389499987359159,2103.172300005099,7729.373887240356
1782378890,2,,Aggregated,0.500000,0.000000,9,14,20,31,39,49,58,370,2100,2100,2100,338,0,9,32.444970413914,5.389499987359159,2103.172300005099,7737.568047337278
1782378891,2,,Aggregated,0.500000,0.000000,9,14,20,31,39,49,58,370,2100,2100,2100,339,0,9,32.37130560443955,5.389499987359159,2103.172300005099,7732.04424778761
1782378892,2,,Aggregated,0.600000,0.000000,9,14,20,31,39,49,58,370,2100,2100,2100,340,0,9,32.30959264679661,5.389499987359159,2103.172300005099,7740.182352941177
1782378893,2,,Aggregated,0.600000,0.000000,9,14,20,31,39,49,58,370,2100,2100,2100,340,0,9,32.30959264679661,5.389499987359159,2103.172300005099,7740.182352941177
1782378894,2,,Aggregated,0.600000,0.000000,9,14,19,30,39,48,58,370,2100,2100,2100,341,0,9,32.24060586483807,5.389499987359159,2103.172300005099,7732.401759530791
1782378895,2,,Aggregated,0.600000,0.000000,9,14,19,30,39,48,58,370,2100,2100,2100,341,0,9,32.24060586483807,5.389499987359159,2103.172300005099,7732.401759530791
1782378896,2,,Aggregated,0.700000,0.000000,9,14,20,31,39,48,58,370,2100,2100,2100,342,0,9,32.26811959038384,5.389499987359159,2103.172300005099,7740.491228070176
1782378897,2,,Aggregated,0.700000,0.000000,9,14,20,31,39,48,58,370,2100,2100,2100,343,0,9,32.21470524755316,5.389499987359159,2103.172300005099,7748.533527696793
1782378898,2,,Aggregated,0.700000,0.000000,9,14,20,31,39,48,58,370,2100,2100,2100,343,0,9,32.21470524755316,5.389499987359159,2103.172300005099,7748.533527696793
1782378899,2,,Aggregated,0.700000,0.000000,9,14,20,31,39,48,58,370,2100,2100,2100,344,0,9,32.139849999725286,5.389499987359159,2103.172300005099,7743.058139534884
1782378900,2,,Aggregated,0.700000,0.000000,9,14,20,31,39,48,58,370,2100,2100,2100,344,0,9,32.139849999725286,5.389499987359159,2103.172300005099,7743.058139534884
1782378901,2,,Aggregated,0.700000,0.000000,9,14,19,31,39,48,58,370,2100,2100,2100,345,0,9,32.06743217365263,5.389499987359159,2103.172300005099,7735.359420289855
1782378902,2,,Aggregated,0.700000,0.000000,9,14,19,31,39,48,58,370,2100,2100,2100,345,0,9,32.06743217365263,5.389499987359159,2103.172300005099,7735.359420289855
1782378903,2,,Aggregated,0.700000,0.000000,9,14,19,31,39,48,58,370,2100,2100,2100,345,0,9,32.06743217365263,5.389499987359159,2103.172300005099,7735.359420289855
1782378904,2,,Aggregated,0.600000,0.000000,9,14,19,30,39,48,58,370,2100,2100,2100,346,0,9,31.99312658936749,5.389499987359159,2103.172300005099,7729.953757225434
1782378905,2,,Aggregated,0.500000,0.000000,9,14,19,30,39,48,58,370,2100,2100,2100,347,0,9,31.919453025740836,5.389499987359159,2103.172300005099,7722.337175792507
1782378906,2,,Aggregated,0.400000,0.000000,9,14,19,30,39,48,58,370,2100,2100,2100,348,0,9,31.84817643659176,5.389499987359159,2103.172300005099,7714.764367816092
1782378907,2,,Aggregated,0.400000,0.000000,9,14,19,30,39,48,58,370,2100,2100,2100,348,0,9,31.84817643659176,5.389499987359159,2103.172300005099,7714.764367816092
1782378908,2,,Aggregated,0.400000,0.000000,9,14,19,30,39,48,58,370,2100,2100,2100,348,0,9,31.84817643659176,5.389499987359159,2103.172300005099,7714.764367816092
1782378909,2,,Aggregated,0.400000,0.000000,9,14,19,30,39,48,58,370,2100,2100,2100,348,0,9,31.84817643659176,5.389499987359159,2103.172300005099,7714.764367816092
1782378910,2,,Aggregated,0.500000,0.000000,9,14,19,30,39,48,58,370,2100,2100,2100,350,0,9,31.732834285524273,5.389499987359159,2103.172300005099,7715.211428571429
1782378911,2,,Aggregated,0.500000,0.000000,9,14,19,30,39,48,58,370,2100,2100,2100,350,0,9,31.732834285524273,5.389499987359159,2103.172300005099,7715.211428571429
1782378912,2,,Aggregated,0.500000,0.000000,9,14,19,30,39,48,58,370,2100,2100,2100,350,0,9,31.732834285524273,5.389499987359159,2103.172300005099,7715.211428571429
1782378913,2,,Aggregated,0.500000,0.000000,9,14,19,30,39,48,58,370,2100,2100,2100,350,0,9,31.732834285524273,5.389499987359159,2103.172300005099,7715.211428571429
1782378914,2,,Aggregated,0.500000,0.000000,9,14,19,30,39,48,56,370,2100,2100,2100,352,0,9,31.64678039750222,5.389499987359159,2103.172300005099,7717.863636363636
1782378915,2,,Aggregated,0.500000,0.000000,9,14,19,30,39,48,56,370,2100,2100,2100,352,0,9,31.64678039750222,5.389499987359159,2103.172300005099,7717.863636363636
1782378916,2,,Aggregated,0.700000,0.000000,9,14,19,30,39,48,56,370,2100,2100,2100,353,0,9,31.593062039443275,5.389499987359159,2103.172300005099,7725.742209631728
1782378917,2,,Aggregated,0.700000,0.000000,9,14,19,30,39,48,56,370,2100,2100,2100,353,0,9,31.593062039443275,5.389499987359159,2103.172300005099,7725.742209631728
1782378918,2,,Aggregated,0.500000,0.000000,9,14,19,30,39,48,56,370,2100,2100,2100,354,0,9,31.522789547788136,5.389499987359159,2103.172300005099,7720.485875706215
1782378919,2,,Aggregated,0.500000,0.000000,9,14,19,30,39,48,56,370,2100,2100,2100,354,0,9,31.522789547788136,5.389499987359159,2103.172300005099,7720.485875706215
1782378920,2,,Aggregated,0.500000,0.000000,9,14,19,30,39,48,56,370,2100,2100,2100,355,0,9,31.46915971805689,5.389499987359159,2103.172300005099,7728.312676056338
1782378921,2,,Aggregated,0.500000,0.000000,9,14,19,29,39,48,56,370,2100,2100,2100,356,0,9,31.412198033445094,5.389499987359159,2103.172300005099,7736.095505617977
1782378922,2,,Aggregated,0.500000,0.000000,9,14,19,29,39,48,56,370,2100,2100,2100,356,0,9,31.412198033445094,5.389499987359159,2103.172300005099,7736.095505617977
1782378923,2,,Aggregated,0.500000,0.000000,9,14,19,29,39,48,56,370,2100,2100,2100,356,0,9,31.412198033445094,5.389499987359159,2103.172300005099,7736.095505617977
1782378924,2,,Aggregated,0.500000,0.000000,9,14,19,29,39,48,56,370,2100,2100,2100,356,0,9,31.412198033445094,5.389499987359159,2103.172300005099,7736.095505617977
1782378925,2,,Aggregated,0.600000,0.000000,9,14,18,29,39,48,56,370,2100,2100,2100,358,0,9,31.299393854459083,4.991399997379631,2103.172300005099,7738.586592178771
1782378926,2,,Aggregated,0.600000,0.000000,9,14,18,29,39,48,56,370,2100,2100,2100,358,0,9,31.299393854459083,4.991399997379631,2103.172300005099,7738.586592178771
1782378927,2,,Aggregated,0.600000,0.000000,9,14,18,29,39,48,56,370,2100,2100,2100,359,0,9,31.236004456537216,4.991399997379631,2103.172300005099,7731.200557103064
1782378928,2,,Aggregated,0.600000,0.000000,9,14,18,29,39,48,56,370,2100,2100,2100,359,0,9,31.236004456537216,4.991399997379631,2103.172300005099,7731.200557103064
1782378929,2,,Aggregated,0.500000,0.000000,9,14,18,29,38,47,56,370,2100,2100,2100,361,0,9,31.133548753202888,4.991399997379631,2103.172300005099,7733.698060941828
1782378930,2,,Aggregated,0.500000,0.000000,9,14,18,29,38,47,56,370,2100,2100,2100,361,0,9,31.133548753202888,4.991399997379631,2103.172300005099,7733.698060941828
1782378931,2,,Aggregated,0.600000,0.000000,9,14,18,29,38,47,56,370,2100,2100,2100,362,0,9,31.070125414078184,4.991399997379631,2103.172300005099,7728.53591160221
1782378932,2,,Aggregated,0.600000,0.000000,9,14,18,29,38,47,56,370,2100,2100,2100,362,0,9,31.070125414078184,4.991399997379631,2103.172300005099,7728.53591160221
1782378933,2,,Aggregated,0.600000,0.000000,9,14,18,29,38,47,56,370,2100,2100,2100,362,0,9,31.070125414078184,4.991399997379631,2103.172300005099,7728.53591160221
1782378934,2,,Aggregated,0.600000,0.000000,9,14,18,29,38,47,56,370,2100,2100,2100,364,0,9,30.936379120568425,4.991399997379631,2103.172300005099,7718.2967032967035
1782378935,2,,Aggregated,0.600000,0.000000,9,14,18,29,38,47,56,370,2100,2100,2100,364,0,9,30.936379120568425,4.991399997379631,2103.172300005099,7718.2967032967035
1782378936,2,,Aggregated,0.600000,0.000000,9,14,18,29,38,47,56,370,2100,2100,2100,365,0,9,30.868352876421167,4.991399997379631,2103.172300005099,7713.219178082192
1782378937,2,,Aggregated,0.600000,0.000000,9,14,18,29,38,47,56,370,2100,2100,2100,365,0,9,30.868352876421167,4.991399997379631,2103.172300005099,7713.219178082192
1782378938,2,,Aggregated,0.600000,0.000000,9,14,18,29,38,47,56,370,2100,2100,2100,366,0,9,30.866106283864326,4.991399997379631,2103.172300005099,7720.830601092896
1782378939,2,,Aggregated,0.600000,0.000000,9,14,18,29,38,47,56,370,2100,2100,2100,367,0,9,30.81588746566035,4.991399997379631,2103.172300005099,7728.400544959128
1782378940,2,,Aggregated,0.600000,0.000000,9,14,18,29,38,47,56,370,2100,2100,2100,367,0,9,30.81588746566035,4.991399997379631,2103.172300005099,7728.400544959128
1782378941,2,,Aggregated,0.600000,0.000000,9,14,18,29,38,47,56,370,2100,2100,2100,367,0,9,30.81588746566035,4.991399997379631,2103.172300005099,7728.400544959128
1782378942,2,,Aggregated,0.600000,0.000000,9,14,18,29,38,47,56,370,2100,2100,2100,368,0,9,30.751093749724692,4.991399997379631,2103.172300005099,7721.222826086957
1782378943,2,,Aggregated,0.600000,0.000000,9,14,18,29,38,47,56,370,2100,2100,2100,369,0,9,30.682533333058466,4.991399997379631,2103.172300005099,7714.084010840108
1782378944,2,,Aggregated,0.500000,0.000000,9,14,18,29,38,47,56,370,2100,2100,2100,370,0,9,30.617214053770137,4.991399997379631,2103.172300005099,7709.086486486486
1782378945,2,,Aggregated,0.600000,0.000000,9,14,18,27,38,47,56,370,2100,2100,2100,371,0,9,30.551019945830507,4.991399997379631,2103.172300005099,7704.11590296496
1782378946,2,,Aggregated,0.600000,0.000000,9,14,18,27,38,47,56,370,2100,2100,2100,371,0,9,30.551019945830507,4.991399997379631,2103.172300005099,7704.11590296496
1782378947,2,,Aggregated,0.600000,0.000000,9,14,18,27,38,47,56,370,2100,2100,2100,372,0,9,30.508609677155462,4.991399997379631,2103.172300005099,7711.629032258064
1782378948,2,,Aggregated,0.600000,0.000000,9,14,18,27,38,47,56,370,2100,2100,2100,372,0,9,30.508609677155462,4.991399997379631,2103.172300005099,7711.629032258064
1782378949,2,,Aggregated,0.600000,0.000000,9,14,18,27,38,47,56,370,2100,2100,2100,373,0,9,30.47830134020193,4.991399997379631,2103.172300005099,7719.101876675603
1782378950,2,,Aggregated,0.600000,0.000000,9,14,18,27,38,47,56,370,2100,2100,2100,373,0,9,30.47830134020193,4.991399997379631,2103.172300005099,7719.101876675603
1782378951,2,,Aggregated,0.600000,0.000000,9,14,18,27,38,47,56,370,2100,2100,2100,373,0,9,30.47830134020193,4.991399997379631,2103.172300005099,7719.101876675603
1782378952,2,,Aggregated,0.600000,0.000000,9,14,18,27,38,47,56,370,2100,2100,2100,374,0,9,30.414401603997113,4.991399997379631,2103.172300005099,7712.064171122995
1782378953,2,,Aggregated,0.600000,0.000000,9,14,18,27,38,47,56,370,2100,2100,2100,374,0,9,30.414401603997113,4.991399997379631,2103.172300005099,7712.064171122995
1782378954,2,,Aggregated,0.600000,0.000000,9,14,18,27,38,47,56,370,2100,2100,2100,375,0,9,30.350860799701575,4.991399997379631,2103.172300005099,7707.138666666667
1782378955,2,,Aggregated,0.600000,0.000000,9,14,18,27,38,47,56,370,2100,2100,2100,375,0,9,30.350860799701575,4.991399997379631,2103.172300005099,7707.138666666667
1782378956,2,,Aggregated,0.500000,0.000000,9,14,18,27,38,47,56,370,2100,2100,2100,376,0,9,30.29120345715281,4.991399997379631,2103.172300005099,7702.239361702128
1782378957,2,,Aggregated,0.500000,0.000000,9,14,17,27,38,47,56,370,2100,2100,2100,377,0,9,30.243694429421385,4.991399997379631,2103.172300005099,7709.657824933687
1782378958,2,,Aggregated,0.500000,0.000000,9,14,17,27,38,47,56,370,2100,2100,2100,377,0,9,30.243694429421385,4.991399997379631,2103.172300005099,7709.657824933687
1782378959,2,,Aggregated,0.500000,0.000000,9,14,17,27,38,47,56,370,2100,2100,2100,377,0,9,30.243694429421385,4.991399997379631,2103.172300005099,7709.657824933687
1782378960,2,,Aggregated,0.500000,0.000000,9,14,17,27,38,47,56,370,2100,2100,2100,378,0,9,30.17843386212089,4.991399997379631,2103.172300005099,7704.777777777777
1782378961,2,,Aggregated,0.500000,0.000000,9,14,17,27,38,47,56,370,2100,2100,2100,378,0,9,30.17843386212089,4.991399997379631,2103.172300005099,7704.777777777777
1782378962,2,,Aggregated,0.400000,0.000000,9,14,18,27,38,47,56,370,2100,2100,2100,379,0,9,30.16621952475292,4.991399997379631,2103.172300005099,7712.150395778364
1782378963,2,,Aggregated,0.400000,0.000000,9,14,18,27,38,47,56,370,2100,2100,2100,379,0,9,30.16621952475292,4.991399997379631,2103.172300005099,7712.150395778364
1782378964,2,,Aggregated,0.400000,0.000000,9,14,18,27,38,47,56,370,2100,2100,2100,379,0,9,30.16621952475292,4.991399997379631,2103.172300005099,7712.150395778364
1782378965,2,,Aggregated,0.500000,0.000000,9,14,17,26,38,46,56,370,2100,2100,2100,381,0,9,30.069795537721966,4.991399997379631,2103.172300005099,7726.779527559055
1782378966,2,,Aggregated,0.500000,0.000000,9,14,17,26,38,46,56,370,2100,2100,2100,381,0,9,30.069795537721966,4.991399997379631,2103.172300005099,7726.779527559055
1782378967,2,,Aggregated,0.500000,0.000000,9,14,17,26,38,46,56,370,2100,2100,2100,381,0,9,30.069795537721966,4.991399997379631,2103.172300005099,7726.779527559055
1782378968,2,,Aggregated,0.600000,0.000000,9,14,17,26,38,46,56,370,2100,2100,2100,383,0,9,29.94953054795224,4.991399997379631,2103.172300005099,7717.057441253263
1782378970,2,,Aggregated,0.600000,0.000000,9,14,17,26,38,46,56,370,2100,2100,2100,383,0,9,29.94953054795224,4.991399997379631,2103.172300005099,7717.057441253263
1782378971,2,,Aggregated,0.400000,0.000000,9,14,17,26,38,46,56,370,2100,2100,2100,385,0,9,29.841048311322698,4.991399997379631,2103.172300005099,7719.472727272727
1782378972,2,,Aggregated,0.400000,0.000000,9,14,17,26,38,46,56,370,2100,2100,2100,385,0,9,29.841048311322698,4.991399997379631,2103.172300005099,7719.472727272727
1782378973,2,,Aggregated,0.400000,0.000000,9,14,17,26,38,46,56,370,2100,2100,2100,385,0,9,29.841048311322698,4.991399997379631,2103.172300005099,7719.472727272727
1782378974,2,,Aggregated,0.700000,0.000000,9,14,17,26,38,46,56,370,2100,2100,2100,386,0,9,29.78042823796636,4.991399997379631,2103.172300005099,7714.668393782384
1782378975,2,,Aggregated,0.700000,0.000000,9,14,17,26,38,46,56,370,2100,2100,2100,387,0,9,29.721442893693748,4.991399997379631,2103.172300005099,7709.888888888889
1782378976,2,,Aggregated,0.700000,0.000000,9,14,17,26,38,46,56,370,2100,2100,2100,387,0,9,29.721442893693748,4.991399997379631,2103.172300005099,7709.888888888889
1782378977,2,,Aggregated,0.800000,0.000000,9,14,17,26,38,46,56,370,2100,2100,2100,388,0,9,29.658890463531524,4.991399997379631,2103.172300005099,7703.128865979382
1782378978,2,,Aggregated,0.800000,0.000000,9,14,17,26,38,46,56,370,2100,2100,2100,388,0,9,29.658890463531524,4.991399997379631,2103.172300005099,7703.128865979382
1782378979,2,,Aggregated,0.600000,0.000000,9,14,17,26,38,46,56,370,2100,2100,2100,389,0,9,29.616283290094163,4.991399997379631,2103.172300005099,7710.31619537275
1782378980,2,,Aggregated,0.600000,0.000000,9,14,17,26,38,46,56,370,2100,2100,2100,389,0,9,29.616283290094163,4.991399997379631,2103.172300005099,7710.31619537275
1782378981,2,,Aggregated,0.600000,0.000000,9,14,17,26,38,46,56,370,2100,2100,2100,390,0,9,29.57032256373891,4.991399997379631,2103.172300005099,7717.466666666666
1782378982,2,,Aggregated,0.600000,0.000000,9,14,17,26,38,46,56,370,2100,2100,2100,391,0,9,29.52770409172775,4.991399997379631,2103.172300005099,7724.580562659847
1782378983,2,,Aggregated,0.600000,0.000000,9,14,17,26,38,46,56,370,2100,2100,2100,391,0,9,29.52770409172775,4.991399997379631,2103.172300005099,7724.580562659847
1782378984,2,,Aggregated,0.600000,0.000000,9,14,17,26,38,46,56,370,2100,2100,2100,391,0,9,29.52770409172775,4.991399997379631,2103.172300005099,7724.580562659847
1782378985,2,,Aggregated,0.600000,0.000000,9,13,17,26,38,46,56,370,2100,2100,2100,392,0,9,29.480438775157825,4.991399997379631,2103.172300005099,7731.658163265306
1782378986,2,,Aggregated,0.600000,0.000000,9,13,17,26,38,46,56,370,2100,2100,2100,392,0,9,29.480438775157825,4.991399997379631,2103.172300005099,7731.658163265306
1782378987,2,,Aggregated,0.500000,0.000000,9,13,17,26,38,46,56,370,2100,2100,2100,393,0,9,29.421941221039386,4.991399997379631,2103.172300005099,7724.928753180661
1782378988,2,,Aggregated,0.500000,0.000000,9,13,17,26,38,46,56,370,2100,2100,2100,393,0,9,29.421941221039386,4.991399997379631,2103.172300005099,7724.928753180661
1782378989,2,,Aggregated,0.500000,0.000000,9,13,17,26,38,46,56,370,2100,2100,2100,394,0,9,29.363840608805866,4.991399997379631,2103.172300005099,7718.233502538071
1782378990,2,,Aggregated,0.500000,0.000000,9,13,17,26,38,46,56,370,2100,2100,2100,394,0,9,29.363840608805866,4.991399997379631,2103.172300005099,7718.233502538071
1782378991,2,,Aggregated,0.500000,0.000000,9,13,17,26,38,46,56,370,2100,2100,2100,395,0,9,29.32041215156264,4.991399997379631,2103.172300005099,7725.273417721519
1782378992,2,,Aggregated,0.500000,0.000000,9,13,17,25,38,46,56,370,2100,2100,2100,396,0,9,29.264608080473298,4.991399997379631,2103.172300005099,7718.611111111111
1782378993,2,,Aggregated,0.600000,0.000000,9,13,17,25,38,46,56,370,2100,2100,2100,397,0,9,29.206445339739602,4.991399997379631,2103.172300005099,7713.942065491184
1782378994,2,,Aggregated,0.600000,0.000000,9,13,17,25,38,46,56,370,2100,2100,2100,398,0,9,29.163249999721447,4.991399997379631,2103.172300005099,7720.939698492462
1782378995,2,,Aggregated,0.600000,0.000000,9,13,17,25,38,46,56,370,2100,2100,2100,398,0,9,29.163249999721447,4.991399997379631,2103.172300005099,7720.939698492462
1782378996,2,,Aggregated,0.500000,0.000000,9,13,17,25,38,46,56,370,2100,2100,2100,399,0,9,29.107591227774467,4.991399997379631,2103.172300005099,7714.338345864661
1782378997,2,,Aggregated,0.700000,0.000000,9,13,17,25,38,46,56,370,2100,2100,2100,400,0,9,29.052147749716823,4.991399997379631,2103.172300005099,7709.715
1782378998,2,,Aggregated,0.700000,0.000000,9,13,17,25,38,46,56,370,2100,2100,2100,400,0,9,29.052147749716823,4.991399997379631,2103.172300005099,7709.715
1782378999,2,,Aggregated,0.700000,0.000000,9,13,17,25,38,46,56,370,2100,2100,2100,400,0,9,29.052147749716823,4.991399997379631,2103.172300005099,7709.715
1782379000,2,,Aggregated,0.700000,0.000000,9,13,16,23,37,46,55,61,2100,2100,2100,402,0,9,28.954389303207655,4.991399997379631,2103.172300005099,7712.064676616916
1782379001,2,,Aggregated,0.700000,0.000000,9,13,16,23,37,46,55,61,2100,2100,2100,402,0,9,28.954389303207655,4.991399997379631,2103.172300005099,7712.064676616916
1782379002,2,,Aggregated,0.700000,0.000000,9,13,16,23,37,46,55,61,2100,2100,2100,402,0,9,28.954389303207655,4.991399997379631,2103.172300005099,7712.064676616916
1782379003,2,,Aggregated,0.700000,0.000000,9,13,16,23,37,46,55,61,2100,2100,2100,402,0,9,28.954389303207655,4.991399997379631,2103.172300005099,7712.064676616916
1782379004,2,,Aggregated,0.700000,0.000000,9,13,16,23,37,46,55,61,2100,2100,2100,403,0,9,28.899233746618233,4.991399997379631,2103.172300005099,7705.550868486353
1782379005,2,,Aggregated,0.600000,0.000000,9,13,16,23,37,46,55,61,2100,2100,2100,404,0,9,28.84645272249622,4.991399997379631,2103.172300005099,7699.069306930693
1782379006,2,,Aggregated,0.600000,0.000000,9,13,16,23,37,46,55,61,2100,2100,2100,404,0,9,28.84645272249622,4.991399997379631,2103.172300005099,7699.069306930693
1782379007,2,,Aggregated,0.600000,0.000000,9,13,16,23,37,46,55,61,2100,2100,2100,404,0,9,28.84645272249622,4.991399997379631,2103.172300005099,7699.069306930693
1782379008,2,,Aggregated,0.600000,0.000000,9,13,16,23,37,46,55,61,2100,2100,2100,406,0,9,28.739734975128776,4.991399997379631,2103.172300005099,7690.0344827586205
1782379009,2,,Aggregated,0.600000,0.000000,9,13,16,23,37,46,55,61,2100,2100,2100,406,0,9,28.739734975128776,4.991399997379631,2103.172300005099,7690.0344827586205
1782379010,2,,Aggregated,0.400000,0.000000,9,13,16,23,37,46,55,61,2100,2100,2100,407,0,9,28.685131449378506,4.991399997379631,2103.172300005099,7685.550368550368
1782379011,2,,Aggregated,0.400000,0.000000,9,13,16,23,37,46,55,61,2100,2100,2100,407,0,9,28.685131449378506,4.991399997379631,2103.172300005099,7685.550368550368
1782379012,2,,Aggregated,0.600000,0.000000,9,13,16,23,37,46,55,61,2100,2100,2100,408,0,8,28.631102450733533,4.991399997379631,2103.172300005099,7679.181372549019
1782379013,2,,Aggregated,0.600000,0.000000,8,13,16,23,37,46,55,61,2100,2100,2100,409,0,8,28.577743765037315,4.991399997379631,2103.172300005099,7674.745721271393
1782379014,2,,Aggregated,0.600000,0.000000,8,13,16,23,37,46,55,61,2100,2100,2100,409,0,8,28.577743765037315,4.991399997379631,2103.172300005099,7674.745721271393
1782379015,2,,Aggregated,0.700000,0.000000,9,13,16,20,37,46,55,61,2100,2100,2100,411,0,9,28.50785693407955,4.991399997379631,2103.172300005099,7688.489051094891
1782379016,2,,Aggregated,0.700000,0.000000,9,13,16,20,37,46,55,61,2100,2100,2100,411,0,9,28.50785693407955,4.991399997379631,2103.172300005099,7688.489051094891
1782379017,2,,Aggregated,0.700000,0.000000,9,13,16,20,37,46,55,61,2100,2100,2100,411,0,9,28.50785693407955,4.991399997379631,2103.172300005099,7688.489051094891
1782379018,2,,Aggregated,0.700000,0.000000,9,13,16,20,37,46,55,61,2100,2100,2100,411,0,9,28.50785693407955,4.991399997379631,2103.172300005099,7688.489051094891
1782379019,2,,Aggregated,0.700000,0.000000,9,13,16,20,37,46,55,61,2100,2100,2100,412,0,9,28.465327426972877,4.991399997379631,2103.172300005099,7695.310679611651
1782379020,2,,Aggregated,0.700000,0.000000,9,13,16,20,37,46,55,61,2100,2100,2100,413,0,9,28.41288135571633,4.991399997379631,2103.172300005099,7690.878934624698
1782379021,2,,Aggregated,0.500000,0.000000,9,13,16,20,37,46,55,61,2100,2100,2100,414,0,8,28.359300482881498,4.991399997379631,2103.172300005099,7686.468599033817
1782379022,2,,Aggregated,0.500000,0.000000,9,13,16,20,37,46,55,61,2100,2100,2100,414,0,8,28.359300482881498,4.991399997379631,2103.172300005099,7686.468599033817
1782379023,2,,Aggregated,0.600000,0.000000,9,13,16,20,37,46,55,61,2100,2100,2100,415,0,9,28.316986987736154,4.991399997379631,2103.172300005099,7693.24578313253
1782379024,2,,Aggregated,0.700000,0.000000,9,13,16,20,37,46,55,61,2100,2100,2100,416,0,8,28.268313942065177,4.991399997379631,2103.172300005099,7688.850961538462
1782379025,2,,Aggregated,0.700000,0.000000,9,13,16,20,37,46,55,61,2100,2100,2100,416,0,8,28.268313942065177,4.991399997379631,2103.172300005099,7688.850961538462
1782379026,2,,Aggregated,0.700000,0.000000,9,13,16,20,37,46,55,61,2100,2100,2100,416,0,8,28.268313942065177,4.991399997379631,2103.172300005099,7688.850961538462
1782379027,2,,Aggregated,0.600000,0.000000,9,13,16,20,37,46,55,61,2100,2100,2100,417,0,9,28.22745323716607,4.991399997379631,2103.172300005099,7695.589928057554
1782379028,2,,Aggregated,0.600000,0.000000,9,13,16,20,37,46,55,61,2100,2100,2100,417,0,9,28.22745323716607,4.991399997379631,2103.172300005099,7695.589928057554
1782379029,2,,Aggregated,0.600000,0.000000,9,13,16,20,37,46,55,61,2100,2100,2100,418,0,8,28.172984210272713,4.991399997379631,2103.172300005099,7691.210526315789
1782379030,2,,Aggregated,0.600000,0.000000,9,13,16,20,37,46,55,61,2100,2100,2100,419,0,9,28.13382028611927,4.991399997379631,2103.172300005099,7697.91169451074
1782379031,2,,Aggregated,0.600000,0.000000,9,13,16,20,37,46,55,61,2100,2100,2100,419,0,9,28.13382028611927,4.991399997379631,2103.172300005099,7697.91169451074
1782379032,2,,Aggregated,0.600000,0.000000,9,13,16,20,37,46,55,61,2100,2100,2100,420,0,9,28.10291404734709,4.991399997379631,2103.172300005099,7704.580952380952
1782379033,2,,Aggregated,0.600000,0.000000,9,13,16,20,37,44,55,61,2100,2100,2100,421,0,9,28.1119123512905,4.991399997379631,2103.172300005099,7711.218527315915
1782379034,2,,Aggregated,0.600000,0.000000,9,13,16,20,37,44,55,61,2100,2100,2100,421,0,9,28.1119123512905,4.991399997379631,2103.172300005099,7711.218527315915
1782379035,2,,Aggregated,0.700000,0.000000,9,13,16,20,37,44,55,61,2100,2100,2100,422,0,9,28.073136966560483,4.991399997379631,2103.172300005099,7717.824644549763
1782379036,2,,Aggregated,0.700000,0.000000,9,13,16,20,37,44,55,61,2100,2100,2100,422,0,9,28.073136966560483,4.991399997379631,2103.172300005099,7717.824644549763
1782379037,2,,Aggregated,0.500000,0.000000,9,13,16,20,37,44,55,61,2100,2100,2100,423,0,9,28.03280567348523,4.991399997379631,2103.172300005099,7724.399527186762
1782379038,2,,Aggregated,0.500000,0.000000,9,13,16,20,37,44,55,61,2100,2100,2100,423,0,9,28.03280567348523,4.991399997379631,2103.172300005099,7724.399527186762
1782379039,2,,Aggregated,0.500000,0.000000,9,13,16,20,37,44,55,61,2100,2100,2100,424,0,9,27.99523702800935,4.991399997379631,2103.172300005099,7730.943396226415
1782379040,2,,Aggregated,0.600000,0.000000,9,13,16,20,37,44,55,61,2100,2100,2100,425,0,9,27.948358117376785,4.991399997379631,2103.172300005099,7726.552941176471
1782379041,2,,Aggregated,0.600000,0.000000,9,13,16,20,37,44,55,61,2100,2100,2100,425,0,9,27.948358117376785,4.991399997379631,2103.172300005099,7726.552941176471
1782379042,2,,Aggregated,0.600000,0.000000,9,13,16,20,37,44,55,61,2100,2100,2100,425,0,9,27.948358117376785,4.991399997379631,2103.172300005099,7726.552941176471
1782379043,2,,Aggregated,0.500000,0.000000,9,13,16,20,37,44,55,61,2100,2100,2100,427,0,9,27.84101170933052,4.257199994754046,2103.172300005099,7717.833723653396
1782379044,2,,Aggregated,0.500000,0.000000,9,13,16,20,37,44,55,61,2100,2100,2100,427,0,9,27.84101170933052,4.257199994754046,2103.172300005099,7717.833723653396
1782379045,2,,Aggregated,0.500000,0.000000,9,13,16,20,37,44,55,61,2100,2100,2100,427,0,9,27.84101170933052,4.257199994754046,2103.172300005099,7717.833723653396
1782379046,2,,Aggregated,0.500000,0.000000,9,13,16,20,37,44,55,61,2100,2100,2100,427,0,9,27.84101170933052,4.257199994754046,2103.172300005099,7717.833723653396
1782379047,2,,Aggregated,0.600000,0.000000,9,13,16,20,37,44,55,61,2100,2100,2100,429,0,9,27.77526596712224,4.257199994754046,2103.172300005099,7730.7995337995335
1782379048,2,,Aggregated,0.600000,0.000000,9,13,16,20,37,44,55,61,2100,2100,2100,429,0,9,27.77526596712224,4.257199994754046,2103.172300005099,7730.7995337995335
1782379049,2,,Aggregated,0.600000,0.000000,9,13,16,20,37,44,55,61,2100,2100,2100,429,0,9,27.77526596712224,4.257199994754046,2103.172300005099,7730.7995337995335
1782379050,2,,Aggregated,0.600000,0.000000,9,13,16,20,37,44,55,61,2100,2100,2100,431,0,9,27.70406519697024,4.257199994754046,2103.172300005099,7743.645011600928
1782379051,2,,Aggregated,0.600000,0.000000,9,13,16,20,37,44,55,61,2100,2100,2100,431,0,9,27.70406519697024,4.257199994754046,2103.172300005099,7743.645011600928
1782379052,2,,Aggregated,0.600000,0.000000,9,13,16,20,37,44,55,61,2100,2100,2100,431,0,9,27.70406519697024,4.257199994754046,2103.172300005099,7743.645011600928
1782379053,2,,Aggregated,0.600000,0.000000,9,13,16,20,37,44,55,61,2100,2100,2100,431,0,9,27.70406519697024,4.257199994754046,2103.172300005099,7743.645011600928
1782379054,2,,Aggregated,0.600000,0.000000,9,13,16,20,37,44,55,61,2100,2100,2100,432,0,9,27.65691296271042,4.257199994754046,2103.172300005099,7739.2962962962965
1782379055,2,,Aggregated,0.400000,0.000000,9,13,16,20,37,44,55,61,2100,2100,2100,433,0,9,27.607535334628217,4.257199994754046,2103.172300005099,7734.96766743649
1782379056,2,,Aggregated,0.400000,0.000000,9,13,16,20,37,44,55,61,2100,2100,2100,433,0,9,27.607535334628217,4.257199994754046,2103.172300005099,7734.96766743649
1782379057,2,,Aggregated,0.400000,0.000000,9,13,16,20,37,44,55,61,2100,2100,2100,434,0,9,27.57008179700622,4.257199994754046,2103.172300005099,7741.3364055299535
1782379058,2,,Aggregated,0.600000,0.000000,9,13,16,20,37,44,55,61,2100,2100,2100,435,0,9,27.53795839059327,4.257199994754046,2103.172300005099,7747.675862068965
1782379059,2,,Aggregated,0.600000,0.000000,9,13,16,20,37,44,55,61,2100,2100,2100,435,0,9,27.53795839059327,4.257199994754046,2103.172300005099,7747.675862068965
1782379060,2,,Aggregated,0.500000,0.000000,9,13,16,20,37,44,55,61,2100,2100,2100,436,0,9,27.488811467682094,4.257199994754046,2103.172300005099,7743.357798165138
1782379061,2,,Aggregated,0.600000,0.000000,9,13,16,20,37,44,55,61,2100,2100,2100,437,0,9,27.451083981482636,4.257199994754046,2103.172300005099,7749.663615560641
1782379062,2,,Aggregated,0.600000,0.000000,9,13,16,20,37,44,55,61,2100,2100,2100,437,0,9,27.451083981482636,4.257199994754046,2103.172300005099,7749.663615560641
1782379063,2,,Aggregated,0.500000,0.000000,9,13,16,20,37,44,55,61,2100,2100,2100,438,0,9,27.404287899332704,4.257199994754046,2103.172300005099,7745.3607305936075
1782379064,2,,Aggregated,0.500000,0.000000,9,13,16,20,37,44,55,61,2100,2100,2100,438,0,9,27.404287899332704,4.257199994754046,2103.172300005099,7745.3607305936075
1782379065,2,,Aggregated,0.500000,0.000000,9,13,16,20,37,44,55,61,2100,2100,2100,438,0,9,27.404287899332704,4.257199994754046,2103.172300005099,7745.3607305936075
1782379066,2,,Aggregated,0.700000,0.000000,9,13,16,20,37,44,55,61,2100,2100,2100,440,0,9,27.310188636163897,4.257199994754046,2103.172300005099,7735.045454545455
1782379067,2,,Aggregated,0.700000,0.000000,9,13,16,20,37,44,55,61,2100,2100,2100,440,0,9,27.310188636163897,4.257199994754046,2103.172300005099,7735.045454545455
1782379068,2,,Aggregated,0.700000,0.000000,9,13,16,20,37,44,55,61,2100,2100,2100,440,0,9,27.310188636163897,4.257199994754046,2103.172300005099,7735.045454545455
1782379069,2,,Aggregated,0.700000,0.000000,9,13,16,20,37,44,55,61,2100,2100,2100,440,0,9,27.310188636163897,4.257199994754046,2103.172300005099,7735.045454545455
1782379070,2,,Aggregated,0.600000,0.000000,9,13,16,20,37,43,55,61,2100,2100,2100,442,0,9,27.242052940986536,4.257199994754046,2103.172300005099,7747.552036199095
1782379071,2,,Aggregated,0.600000,0.000000,9,13,16,20,37,43,55,61,2100,2100,2100,442,0,9,27.242052940986536,4.257199994754046,2103.172300005099,7747.552036199095
1782379072,2,,Aggregated,0.600000,0.000000,9,13,16,20,37,43,55,61,2100,2100,2100,442,0,9,27.242052940986536,4.257199994754046,2103.172300005099,7747.552036199095
1782379073,2,,Aggregated,0.600000,0.000000,9,13,16,20,37,43,55,61,2100,2100,2100,442,0,9,27.242052940986536,4.257199994754046,2103.172300005099,7747.552036199095
1782379074,2,,Aggregated,0.500000,0.000000,9,13,16,20,37,43,55,61,2100,2100,2100,444,0,9,27.18336306284769,4.257199994754046,2103.172300005099,7747.756756756757
1782379075,2,,Aggregated,0.500000,0.000000,9,13,16,20,37,43,55,61,2100,2100,2100,444,0,9,27.18336306284769,4.257199994754046,2103.172300005099,7747.756756756757
1782379076,2,,Aggregated,0.400000,0.000000,9,13,16,20,37,43,55,61,2100,2100,2100,445,0,9,27.150098426761943,4.257199994754046,2103.172300005099,7753.939325842696
1782379077,2,,Aggregated,0.400000,0.000000,9,13,16,20,37,43,55,61,2100,2100,2100,445,0,9,27.150098426761943,4.257199994754046,2103.172300005099,7753.939325842696
1782379078,2,,Aggregated,0.500000,0.000000,9,13,16,20,37,43,55,61,2100,2100,2100,446,0,9,27.10348363208006,4.257199994754046,2103.172300005099,7747.959641255606
1782379079,2,,Aggregated,0.500000,0.000000,9,13,16,20,37,43,55,61,2100,2100,2100,447,0,9,27.05633310940725,4.257199994754046,2103.172300005099,7742.006711409396
1782379080,2,,Aggregated,0.500000,0.000000,9,13,16,20,37,43,55,61,2100,2100,2100,447,0,9,27.05633310940725,4.257199994754046,2103.172300005099,7742.006711409396
1782379081,2,,Aggregated,0.500000,0.000000,9,13,16,20,37,43,55,61,2100,2100,2100,447,0,9,27.05633310940725,4.257199994754046,2103.172300005099,7742.006711409396
1782379082,2,,Aggregated,0.600000,0.000000,9,13,16,20,37,43,55,61,2100,2100,2100,448,0,9,27.02383459797732,4.257199994754046,2103.172300005099,7748.160714285715
1782379083,2,,Aggregated,0.500000,0.000000,9,13,15,20,37,43,55,61,2100,2100,2100,449,0,9,26.989497104445775,4.257199994754046,2103.172300005099,7754.287305122494
1782379084,2,,Aggregated,0.500000,0.000000,9,13,15,20,37,43,55,61,2100,2100,2100,449,0,9,26.989497104445775,4.257199994754046,2103.172300005099,7754.287305122494
1782379085,2,,Aggregated,0.500000,0.000000,9,13,15,20,37,43,55,61,2100,2100,2100,449,0,9,26.989497104445775,4.257199994754046,2103.172300005099,7754.287305122494
1782379086,2,,Aggregated,0.700000,0.000000,9,13,15,20,37,43,55,61,2100,2100,2100,450,0,9,26.945028444202357,4.257199994754046,2103.172300005099,7750.0888888888885
1782379087,2,,Aggregated,0.700000,0.000000,9,13,15,20,37,43,55,61,2100,2100,2100,450,0,9,26.945028444202357,4.257199994754046,2103.172300005099,7750.0888888888885
1782379088,2,,Aggregated,0.500000,0.000000,9,13,15,20,36,43,54,61,2100,2100,2100,451,0,9,26.911554766969626,4.257199994754046,2103.172300005099,7756.184035476718
1782379089,2,,Aggregated,0.500000,0.000000,9,13,15,20,36,43,54,61,2100,2100,2100,451,0,9,26.911554766969626,4.257199994754046,2103.172300005099,7756.184035476718
1782379090,2,,Aggregated,0.600000,0.000000,9,13,15,20,36,43,54,61,2100,2100,2100,453,0,9,26.844403752555998,4.257199994754046,2103.172300005099,7768.293598233996
1782379091,2,,Aggregated,0.600000,0.000000,9,13,15,20,36,43,54,61,2100,2100,2100,453,0,9,26.844403752555998,4.257199994754046,2103.172300005099,7768.293598233996
1782379092,2,,Aggregated,0.600000,0.000000,9,13,15,20,36,43,54,61,2100,2100,2100,453,0,9,26.844403752555998,4.257199994754046,2103.172300005099,7768.293598233996
1782379093,2,,Aggregated,0.500000,0.000000,9,13,15,20,36,43,54,61,2100,2100,2100,454,0,9,26.815009030654753,4.257199994754046,2103.172300005099,7774.308370044053
1782379094,2,,Aggregated,0.600000,0.000000,9,13,15,20,36,43,54,61,2100,2100,2100,455,0,9,26.78062065915783,4.257199994754046,2103.172300005099,7780.2967032967035
1782379095,2,,Aggregated,0.600000,0.000000,9,13,15,20,36,43,54,61,2100,2100,2100,455,0,9,26.78062065915783,4.257199994754046,2103.172300005099,7780.2967032967035
1782379096,2,,Aggregated,0.600000,0.000000,9,13,15,19,36,43,54,61,2100,2100,2100,456,0,9,26.736606140171684,4.257199994754046,2103.172300005099,7776.096491228071
1782379097,2,,Aggregated,0.600000,0.000000,9,13,15,19,36,43,54,61,2100,2100,2100,457,0,9,26.693072209885667,4.257199994754046,2103.172300005099,7770.2122538293215
1782379098,2,,Aggregated,0.600000,0.000000,9,13,15,19,36,43,54,61,2100,2100,2100,457,0,9,26.693072209885667,4.257199994754046,2103.172300005099,7770.2122538293215
1782379099,2,,Aggregated,0.700000,0.000000,9,13,15,19,36,43,54,61,2100,2100,2100,459,0,9,26.627751851689236,4.257199994754046,2103.172300005099,7770.311546840959
1782379100,2,,Aggregated,0.700000,0.000000,9,13,15,19,36,43,54,61,2100,2100,2100,459,0,9,26.627751851689236,4.257199994754046,2103.172300005099,7770.311546840959
1782379101,2,,Aggregated,0.700000,0.000000,9,13,15,19,36,43,54,61,2100,2100,2100,459,0,9,26.627751851689236,4.257199994754046,2103.172300005099,7770.311546840959
1782379102,2,,Aggregated,0.700000,0.000000,9,13,15,19,36,43,54,61,2100,2100,2100,460,0,9,26.58635391290654,4.257199994754046,2103.172300005099,7764.478260869565
1782379103,2,,Aggregated,0.600000,0.000000,9,13,15,19,36,43,54,61,2100,2100,2100,461,0,9,26.55596290660745,4.257199994754046,2103.172300005099,7770.409978308026
1782379104,2,,Aggregated,0.600000,0.000000,9,13,15,19,36,43,54,61,2100,2100,2100,461,0,9,26.55596290660745,4.257199994754046,2103.172300005099,7770.409978308026
1782379105,2,,Aggregated,0.600000,0.000000,9,13,15,19,36,43,54,61,2100,2100,2100,461,0,9,26.55596290660745,4.257199994754046,2103.172300005099,7770.409978308026
1782379106,2,,Aggregated,0.600000,0.000000,9,13,15,19,36,43,54,61,2100,2100,2100,462,0,9,26.512109740154447,4.257199994754046,2103.172300005099,7764.601731601731
1782379107,2,,Aggregated,0.600000,0.000000,9,13,15,19,36,43,54,61,2100,2100,2100,463,0,9,26.480277969654534,4.257199994754046,2103.172300005099,7770.507559395249
1782379108,2,,Aggregated,0.600000,0.000000,9,13,15,19,36,43,54,61,2100,2100,2100,463,0,9,26.480277969654534,4.257199994754046,2103.172300005099,7770.507559395249
1782379109,2,,Aggregated,0.600000,0.000000,9,13,15,19,36,43,54,61,2100,2100,2100,463,0,9,26.480277969654534,4.257199994754046,2103.172300005099,7770.507559395249
1782379110,2,,Aggregated,0.600000,0.000000,9,13,15,19,36,43,54,61,2100,2100,2100,464,0,9,26.436414224039694,4.257199994754046,2103.172300005099,7766.400862068966
1782379111,2,,Aggregated,0.500000,0.000000,9,13,15,19,36,43,54,61,2100,2100,2100,465,0,9,26.409471397768826,4.257199994754046,2103.172300005099,7772.2774193548385
1782379112,2,,Aggregated,0.400000,0.000000,9,13,15,19,36,43,54,61,2100,2100,2100,466,0,9,26.366085836827722,4.257199994754046,2103.172300005099,7768.184549356223
1782379113,2,,Aggregated,0.400000,0.000000,9,13,15,19,36,43,54,61,2100,2100,2100,466,0,9,26.366085836827722,4.257199994754046,2103.172300005099,7768.184549356223
1782379114,2,,Aggregated,0.600000,0.000000,9,13,15,19,36,43,54,61,2100,2100,2100,467,0,9,26.32141755880739,4.257199994754046,2103.172300005099,7764.10920770878
1782379115,2,,Aggregated,0.600000,0.000000,9,13,15,19,36,43,54,61,2100,2100,2100,467,0,9,26.32141755880739,4.257199994754046,2103.172300005099,7764.10920770878
1782379116,2,,Aggregated,0.600000,0.000000,9,13,15,19,36,43,54,61,2100,2100,2100,467,0,9,26.32141755880739,4.257199994754046,2103.172300005099,7764.10920770878
1782379117,2,,Aggregated,0.600000,0.000000,9,13,15,19,36,43,54,61,2100,2100,2100,468,0,9,26.283577991361952,4.257199994754046,2103.172300005099,7758.388888888889
1782379118,2,,Aggregated,0.600000,0.000000,9,13,15,19,36,43,54,61,2100,2100,2100,469,0,9,26.25436865662444,4.257199994754046,2103.172300005099,7764.232409381663
1782379119,2,,Aggregated,0.600000,0.000000,9,13,15,19,36,43,54,61,2100,2100,2100,469,0,9,26.25436865662444,4.257199994754046,2103.172300005099,7764.232409381663
1782379120,2,,Aggregated,0.600000,0.000000,9,13,15,19,36,43,54,61,2100,2100,2100,469,0,9,26.25436865662444,4.257199994754046,2103.172300005099,7764.232409381663
1782379121,2,,Aggregated,0.600000,0.000000,9,13,15,19,36,43,54,61,2100,2100,2100,470,0,9,26.215039361596475,4.257199994754046,2103.172300005099,7760.191489361702
1782379123,2,,Aggregated,0.600000,0.000000,9,13,15,18,36,43,54,61,2100,2100,2100,471,0,9,26.186088534933912,4.257199994754046,2103.172300005099,7766.006369426752
1782379124,2,,Aggregated,0.600000,0.000000,9,13,15,18,36,43,54,61,2100,2100,2100,471,0,9,26.186088534933912,4.257199994754046,2103.172300005099,7766.006369426752
1782379125,2,,Aggregated,0.500000,0.000000,9,13,15,18,36,43,54,61,2100,2100,2100,472,0,9,26.164355084663345,4.257199994754046,2103.172300005099,7771.796610169492
1782379126,2,,Aggregated,0.500000,0.000000,9,13,15,18,36,43,54,61,2100,2100,2100,472,0,9,26.164355084663345,4.257199994754046,2103.172300005099,7771.796610169492
1782379127,2,,Aggregated,0.500000,0.000000,9,13,15,18,36,43,54,61,2100,2100,2100,473,0,9,26.133361522111517,4.257199994754046,2103.172300005099,7777.562367864693
1782379128,2,,Aggregated,0.500000,0.000000,9,13,15,18,36,43,54,61,2100,2100,2100,474,0,9,26.093149156027714,4.257199994754046,2103.172300005099,7773.527426160337
1782379129,2,,Aggregated,0.500000,0.000000,9,13,15,18,36,43,54,61,2100,2100,2100,474,0,9,26.093149156027714,4.257199994754046,2103.172300005099,7773.527426160337
1782379130,2,,Aggregated,0.500000,0.000000,9,13,15,18,36,43,54,61,2100,2100,2100,474,0,9,26.093149156027714,4.257199994754046,2103.172300005099,7773.527426160337
1782379131,2,,Aggregated,0.500000,0.000000,9,13,15,18,36,43,54,61,2100,2100,2100,474,0,9,26.093149156027714,4.257199994754046,2103.172300005099,7773.527426160337
1782379132,2,,Aggregated,0.500000,0.000000,9,13,15,18,36,43,54,61,2100,2100,2100,475,0,9,26.049766105164675,4.257199994754046,2103.172300005099,7769.50947368421
1782379133,2,,Aggregated,0.500000,0.000000,9,13,15,18,36,43,54,61,2100,2100,2100,476,0,9,26.018845798235443,4.257199994754046,2103.172300005099,7775.243697478992
1782379134,2,,Aggregated,0.500000,0.000000,9,13,15,18,36,43,54,61,2100,2100,2100,476,0,9,26.018845798235443,4.257199994754046,2103.172300005099,7775.243697478992
1782379135,2,,Aggregated,0.500000,0.000000,9,13,15,18,36,43,54,61,2100,2100,2100,477,0,9,25.9881023060034,4.257199994754046,2103.172300005099,7780.953878406709
1782379136,2,,Aggregated,0.500000,0.000000,9,13,15,18,36,43,54,61,2100,2100,2100,478,0,9,25.95864267772352,4.257199994754046,2103.172300005099,7786.640167364017
1782379137,2,,Aggregated,0.500000,0.000000,9,13,15,18,36,43,54,61,2100,2100,2100,478,0,9,25.95864267772352,4.257199994754046,2103.172300005099,7786.640167364017
1782379138,2,,Aggregated,0.500000,0.000000,9,13,15,18,36,43,54,61,2100,2100,2100,478,0,9,25.95864267772352,4.257199994754046,2103.172300005099,7786.640167364017
1782379139,2,,Aggregated,0.600000,0.000000,9,13,15,18,36,43,54,61,2100,2100,2100,479,0,9,25.92801461369334,4.257199994754046,2103.172300005099,7792.302713987474
1782379140,2,,Aggregated,0.600000,0.000000,9,13,15,18,36,43,54,61,2100,2100,2100,479,0,9,25.92801461369334,4.257199994754046,2103.172300005099,7792.302713987474
1782379141,2,,Aggregated,0.400000,0.000000,9,13,15,18,36,43,54,61,2100,2100,2100,480,0,9,25.900280416559934,4.257199994754046,2103.172300005099,7797.941666666667
1782379142,2,,Aggregated,0.500000,0.000000,9,13,15,18,36,43,54,61,2100,2100,2100,481,0,9,25.928227442710973,4.257199994754046,2103.172300005099,7803.557172557173
1782379143,2,,Aggregated,0.500000,0.000000,9,13,15,18,36,43,54,61,2100,2100,2100,481,0,9,25.928227442710973,4.257199994754046,2103.172300005099,7803.557172557173
1782379144,2,,Aggregated,0.500000,0.000000,9,13,15,18,36,43,54,61,2100,2100,2100,481,0,9,25.928227442710973,4.257199994754046,2103.172300005099,7803.557172557173
1782379145,2,,Aggregated,0.600000,0.000000,9,13,15,18,36,43,54,61,2100,2100,2100,482,0,9,25.905035892002722,4.257199994754046,2103.172300005099,7809.149377593361
1782379146,2,,Aggregated,0.500000,0.000000,9,13,15,18,36,43,54,61,2100,2100,2100,483,0,9,25.880956314568017,4.257199994754046,2103.172300005099,7814.7184265010355
1782379147,2,,Aggregated,0.500000,0.000000,9,13,15,18,36,43,54,61,2100,2100,2100,483,0,9,25.880956314568017,4.257199994754046,2103.172300005099,7814.7184265010355
1782379148,2,,Aggregated,0.500000,0.000000,9,13,15,18,36,43,54,61,2100,2100,2100,484,0,9,25.84079256184324,4.257199994754046,2103.172300005099,7809.082644628099
1782379149,2,,Aggregated,0.500000,0.000000,9,13,15,18,36,43,54,61,2100,2100,2100,484,0,9,25.84079256184324,4.257199994754046,2103.172300005099,7809.082644628099
1782379150,2,,Aggregated,0.500000,0.000000,9,13,15,18,36,43,54,61,2100,2100,2100,485,0,9,25.801795257583077,4.257199994754046,2103.172300005099,7805.074226804124
1782379151,2,,Aggregated,0.500000,0.000000,9,13,15,18,36,43,54,61,2100,2100,2100,485,0,9,25.801795257583077,4.257199994754046,2103.172300005099,7805.074226804124
1782379152,2,,Aggregated,0.500000,0.000000,9,13,15,18,36,43,54,61,2100,2100,2100,486,0,9,25.775259876395708,4.257199994754046,2103.172300005099,7810.617283950617
1782379153,2,,Aggregated,0.500000,0.000000,9,13,15,18,36,43,54,61,2100,2100,2100,486,0,9,25.775259876395708,4.257199994754046,2103.172300005099,7810.617283950617
1782379154,2,,Aggregated,0.500000,0.000000,9,13,15,18,36,43,54,61,2100,2100,2100,487,0,9,25.744945995757753,4.257199994754046,2103.172300005099,7816.137577002053
1782379155,2,,Aggregated,0.500000,0.000000,9,13,15,18,36,43,54,61,2100,2100,2100,487,0,9,25.744945995757753,4.257199994754046,2103.172300005099,7816.137577002053
1782379156,2,,Aggregated,0.600000,0.000000,9,13,15,18,36,43,54,61,2100,2100,2100,488,0,9,25.714630942498754,4.257199994754046,2103.172300005099,7821.63524590164
1782379157,2,,Aggregated,0.600000,0.000000,9,13,15,18,36,43,54,61,2100,2100,2100,488,0,9,25.714630942498754,4.257199994754046,2103.172300005099,7821.63524590164
1782379158,2,,Aggregated,0.400000,0.000000,9,13,15,18,36,43,54,61,2100,2100,2100,489,0,9,25.677638854686236,4.257199994754046,2103.172300005099,7816.042944785276
1782379159,2,,Aggregated,0.400000,0.000000,9,13,15,18,36,43,54,61,2100,2100,2100,490,0,9,25.638046734568388,4.257199994754046,2103.172300005099,7812.061224489796
1782379160,2,,Aggregated,0.400000,0.000000,9,13,15,18,36,43,54,61,2100,2100,2100,490,0,9,25.638046734568388,4.257199994754046,2103.172300005099,7812.061224489796
1782379161,2,,Aggregated,0.400000,0.000000,9,13,15,18,36,43,54,61,2100,2100,2100,490,0,9,25.638046734568388,4.257199994754046,2103.172300005099,7812.061224489796
1782379162,2,,Aggregated,0.500000,0.000000,9,13,15,17,36,43,54,61,2100,2100,2100,491,0,9,25.60097067196623,4.257199994754046,2103.172300005099,7808.095723014257
1782379163,2,,Aggregated,0.500000,0.000000,9,13,15,17,36,43,54,61,2100,2100,2100,492,0,9,25.561834349449843,4.257199994754046,2103.172300005099,7802.565040650406
1782379164,2,,Aggregated,0.400000,0.000000,9,13,15,17,36,43,54,61,2100,2100,2100,493,0,9,25.521552738198505,4.257199994754046,2103.172300005099,7798.634888438134
1782379165,2,,Aggregated,0.400000,0.000000,9,13,15,17,36,43,54,61,2100,2100,2100,493,0,9,25.521552738198505,4.257199994754046,2103.172300005099,7798.634888438134
1782379166,2,,Aggregated,0.600000,0.000000,9,13,15,17,36,43,54,61,2100,2100,2100,494,0,9,25.481165182066945,4.257199994754046,2103.172300005099,7794.72064777328
1782379167,2,,Aggregated,0.500000,0.000000,9,13,15,17,36,43,54,61,2100,2100,2100,495,0,9,25.446035151400444,4.257199994754046,2103.172300005099,7790.822222222222
1782379168,2,,Aggregated,0.500000,0.000000,9,13,15,17,36,43,54,61,2100,2100,2100,495,0,9,25.446035151400444,4.257199994754046,2103.172300005099,7790.822222222222
1782379169,2,,Aggregated,0.700000,0.000000,9,13,15,17,36,43,54,61,2100,2100,2100,496,0,9,25.40728004019442,4.257199994754046,2103.172300005099,7786.939516129032
1782379170,2,,Aggregated,0.700000,0.000000,9,13,15,17,36,43,54,61,2100,2100,2100,496,0,9,25.40728004019442,4.257199994754046,2103.172300005099,7786.939516129032
1782379171,2,,Aggregated,0.500000,0.000000,9,13,15,17,36,43,54,61,2100,2100,2100,497,0,9,25.381107243337535,4.257199994754046,2103.172300005099,7792.396378269617
1782379172,2,,Aggregated,0.500000,0.000000,9,13,15,17,36,43,54,61,2100,2100,2100,497,0,9,25.381107243337535,4.257199994754046,2103.172300005099,7792.396378269617
1782379173,2,,Aggregated,0.600000,0.000000,9,13,15,17,36,43,54,61,2100,2100,2100,498,0,9,25.350728313121607,4.257199994754046,2103.172300005099,7788.5261044176705
1782379174,2,,Aggregated,0.600000,0.000000,9,13,15,17,36,43,54,61,2100,2100,2100,498,0,9,25.350728313121607,4.257199994754046,2103.172300005099,7788.5261044176705
1782379175,2,,Aggregated,0.600000,0.000000,9,13,15,17,36,43,54,61,2100,2100,2100,498,0,9,25.350728313121607,4.257199994754046,2103.172300005099,7788.5261044176705
1782379176,2,,Aggregated,0.600000,0.000000,9,13,15,17,36,43,54,61,2100,2100,2100,500,0,9,25.288477799855173,4.257199994754046,2103.172300005099,7790.1
1782379177,2,,Aggregated,0.600000,0.000000,9,13,15,17,36,43,54,61,2100,2100,2100,500,0,9,25.288477799855173,4.257199994754046,2103.172300005099,7790.1
1782379178,2,,Aggregated,0.500000,0.000000,9,13,14,17,36,43,54,59,2100,2100,2100,501,0,9,25.255021955941093,4.257199994754046,2103.172300005099,7786.25748502994
1782379179,2,,Aggregated,0.500000,0.000000,9,13,14,17,36,43,54,59,2100,2100,2100,501,0,9,25.255021955941093,4.257199994754046,2103.172300005099,7786.25748502994
1782379180,2,,Aggregated,0.500000,0.000000,9,13,14,17,36,43,54,59,2100,2100,2100,501,0,9,25.255021955941093,4.257199994754046,2103.172300005099,7786.25748502994
1782379181,2,,Aggregated,0.500000,0.000000,9,13,14,17,36,43,54,59,2100,2100,2100,502,0,9,25.230255577555788,4.257199994754046,2103.172300005099,7791.661354581674
1782379182,2,,Aggregated,0.500000,0.000000,9,13,14,17,36,43,54,59,2100,2100,2100,502,0,9,25.230255577555788,4.257199994754046,2103.172300005099,7791.661354581674
1782379183,2,,Aggregated,0.600000,0.000000,9,13,14,17,36,43,54,59,2100,2100,2100,503,0,9,25.20868807142229,4.257199994754046,2103.172300005099,7797.043737574552
1782379184,2,,Aggregated,0.600000,0.000000,9,13,14,17,36,43,54,59,2100,2100,2100,503,0,9,25.20868807142229,4.257199994754046,2103.172300005099,7797.043737574552
1782379185,2,,Aggregated,0.400000,0.000000,9,13,14,17,36,43,54,59,2100,2100,2100,504,0,9,25.18167440460289,4.257199994754046,2103.172300005099,7802.4047619047615
1782379186,2,,Aggregated,0.500000,0.000000,9,13,14,17,36,43,54,59,2100,2100,2100,505,0,9,25.1551893067726,4.257199994754046,2103.172300005099,7807.744554455446
1782379187,2,,Aggregated,0.500000,0.000000,9,13,14,17,36,43,54,59,2100,2100,2100,505,0,9,25.1551893067726,4.257199994754046,2103.172300005099,7807.744554455446
1782379188,2,,Aggregated,0.500000,0.000000,9,13,14,17,36,43,54,59,2100,2100,2100,505,0,9,25.1551893067726,4.257199994754046,2103.172300005099,7807.744554455446
1782379189,2,,Aggregated,0.500000,0.000000,9,13,14,17,36,43,54,59,2100,2100,2100,506,0,9,25.13568517769822,4.257199994754046,2103.172300005099,7813.063241106719
1782379190,2,,Aggregated,0.500000,0.000000,9,13,14,17,36,43,54,59,2100,2100,2100,507,0,9,25.105181459402456,4.257199994754046,2103.172300005099,7809.22090729783
1782379191,2,,Aggregated,0.500000,0.000000,9,13,14,17,36,43,54,59,2100,2100,2100,507,0,9,25.105181459402456,4.257199994754046,2103.172300005099,7809.22090729783
1782379192,2,,Aggregated,0.500000,0.000000,9,13,14,17,36,43,54,59,2100,2100,2100,508,0,9,25.078694291200165,4.257199994754046,2103.172300005099,7814.5157480314965
1782379193,2,,Aggregated,0.500000,0.000000,9,13,14,17,36,43,54,59,2100,2100,2100,508,0,9,25.078694291200165,4.257199994754046,2103.172300005099,7814.5157480314965
1782379194,2,,Aggregated,0.600000,0.000000,9,13,14,17,36,43,54,59,2100,2100,2100,510,0,9,25.023047254744952,4.257199994754046,2103.172300005099,7815.956862745098
1782379195,2,,Aggregated,0.600000,0.000000,9,13,14,17,36,43,54,59,2100,2100,2100,510,0,9,25.023047254744952,4.257199994754046,2103.172300005099,7815.956862745098
1782379196,2,,Aggregated,0.600000,0.000000,9,13,14,17,36,43,54,59,2100,2100,2100,511,0,9,24.996893541931144,4.257199994754046,2103.172300005099,7821.207436399217
1782379197,2,,Aggregated,0.600000,0.000000,9,13,14,17,36,43,54,59,2100,2100,2100,511,0,9,24.996893541931144,4.257199994754046,2103.172300005099,7821.207436399217
1782379198,2,,Aggregated,0.700000,0.000000,9,13,14,17,36,43,54,59,2100,2100,2100,512,0,9,24.97228671859375,4.257199994754046,2103.172300005099,7815.8671875
1782379199,2,,Aggregated,0.700000,0.000000,9,13,14,17,36,43,54,59,2100,2100,2100,512,0,9,24.97228671859375,4.257199994754046,2103.172300005099,7815.8671875
1782379200,2,,Aggregated,0.700000,0.000000,9,13,14,17,36,43,54,59,2100,2100,2100,513,0,9,24.93578791406167,4.257199994754046,2103.172300005099,7810.547758284601
1782379201,2,,Aggregated,0.700000,0.000000,9,13,14,17,36,43,54,59,2100,2100,2100,513,0,9,24.93578791406167,4.257199994754046,2103.172300005099,7810.547758284601
1782379202,2,,Aggregated,0.600000,0.000000,9,13,14,17,36,43,54,59,2100,2100,2100,514,0,9,24.900037743014614,4.257199994754046,2103.172300005099,7806.762645914397
1782379203,2,,Aggregated,0.600000,0.000000,9,13,14,17,36,43,54,59,2100,2100,2100,515,0,9,24.863450679429626,4.257199994754046,2103.172300005099,7802.992233009709
1782379204,2,,Aggregated,0.600000,0.000000,9,13,14,17,36,43,54,59,2100,2100,2100,515,0,9,24.863450679429626,4.257199994754046,2103.172300005099,7802.992233009709
1782379205,2,,Aggregated,0.600000,0.000000,9,13,14,17,36,43,54,59,2100,2100,2100,515,0,9,24.863450679429626,4.257199994754046,2103.172300005099,7802.992233009709
1782379206,2,,Aggregated,0.600000,0.000000,9,13,14,17,36,43,54,59,2100,2100,2100,516,0,9,24.830519185850918,4.257199994754046,2103.172300005099,7799.236434108527
1782379207,2,,Aggregated,0.600000,0.000000,9,13,14,17,36,43,54,59,2100,2100,2100,516,0,9,24.830519185850918,4.257199994754046,2103.172300005099,7799.236434108527
1782379208,2,,Aggregated,0.500000,0.000000,9,13,14,17,36,43,54,59,2100,2100,2100,517,0,9,24.80442379091842,4.257199994754046,2103.172300005099,7804.458413926499
1782379209,2,,Aggregated,0.500000,0.000000,9,13,14,17,36,43,54,59,2100,2100,2100,518,0,9,24.76752528938861,4.257199994754046,2103.172300005099,7800.714285714285
1782379210,2,,Aggregated,0.500000,0.000000,9,13,14,17,36,43,54,59,2100,2100,2100,518,0,9,24.76752528938861,4.257199994754046,2103.172300005099,7800.714285714285
1782379211,2,,Aggregated,0.500000,0.000000,9,13,14,17,36,43,54,59,2100,2100,2100,518,0,9,24.76752528938861,4.257199994754046,2103.172300005099,7800.714285714285
1782379212,2,,Aggregated,0.600000,0.000000,9,13,14,17,36,43,54,59,2100,2100,2100,519,0,9,24.787189209837553,4.257199994754046,2103.172300005099,7805.913294797688
1782379213,2,,Aggregated,0.600000,0.000000,9,13,14,17,36,43,54,59,2100,2100,2100,519,0,9,24.787189209837553,4.257199994754046,2103.172300005099,7805.913294797688
1782379214,2,,Aggregated,0.500000,0.000000,9,13,14,17,36,43,54,59,2100,2100,2100,520,0,9,24.754068461362085,4.257199994754046,2103.172300005099,7802.180769230769
1782379215,2,,Aggregated,0.500000,0.000000,9,13,14,17,36,42,54,59,2100,2100,2100,521,0,9,24.727543185992594,4.257199994754046,2103.172300005099,7807.357005758157
1782379216,2,,Aggregated,0.500000,0.000000,9,13,14,17,36,42,54,59,2100,2100,2100,521,0,9,24.727543185992594,4.257199994754046,2103.172300005099,7807.357005758157
1782379217,2,,Aggregated,0.500000,0.000000,9,13,14,17,36,43,54,59,2100,2100,2100,522,0,9,24.76336973160862,4.257199994754046,2103.172300005099,7812.513409961686
1782379218,2,,Aggregated,0.500000,0.000000,9,13,14,17,36,43,54,59,2100,2100,2100,522,0,9,24.76336973160862,4.257199994754046,2103.172300005099,7812.513409961686
1782379219,2,,Aggregated,0.500000,0.000000,9,13,14,17,36,43,54,59,2100,2100,2100,523,0,9,24.732089483539305,4.257199994754046,2103.172300005099,7808.789674952199
1782379220,2,,Aggregated,0.500000,0.000000,9,13,14,17,36,43,54,59,2100,2100,2100,523,0,9,24.732089483539305,4.257199994754046,2103.172300005099,7808.789674952199
1782379221,2,,Aggregated,0.600000,0.000000,9,13,14,17,36,43,54,59,2100,2100,2100,524,0,9,24.700128625747784,4.257199994754046,2103.172300005099,7805.080152671756
1782379222,2,,Aggregated,0.500000,0.000000,9,13,14,17,36,43,54,59,2100,2100,2100,525,0,9,24.666852190275677,4.257199994754046,2103.172300005099,7799.902857142857
1782379223,2,,Aggregated,0.500000,0.000000,9,13,14,17,36,43,54,59,2100,2100,2100,526,0,9,24.685344486492916,4.257199994754046,2103.172300005099,7805.0342205323195
1782379224,2,,Aggregated,0.500000,0.000000,9,13,14,17,36,43,54,59,2100,2100,2100,526,0,9,24.685344486492916,4.257199994754046,2103.172300005099,7805.0342205323195
1782379225,2,,Aggregated,0.500000,0.000000,9,13,14,17,36,43,54,59,2100,2100,2100,526,0,9,24.685344486492916,4.257199994754046,2103.172300005099,7805.0342205323195
1782379226,2,,Aggregated,0.600000,0.000000,9,13,14,17,36,43,54,59,2100,2100,2100,528,0,9,24.640825757380686,4.257199994754046,2103.172300005099,7815.238636363636
1782379227,2,,Aggregated,0.600000,0.000000,9,13,14,17,36,43,54,59,2100,2100,2100,528,0,9,24.640825757380686,4.257199994754046,2103.172300005099,7815.238636363636
1782379228,2,,Aggregated,0.600000,0.000000,9,13,14,17,36,43,54,59,2100,2100,2100,528,0,9,24.640825757380686,4.257199994754046,2103.172300005099,7815.238636363636
1782379229,2,,Aggregated,0.700000,0.000000,9,13,14,17,36,43,54,59,2100,2100,2100,529,0,9,24.607493383549144,4.257199994754046,2103.172300005099,7810.081285444235
1782379230,2,,Aggregated,0.700000,0.000000,9,13,14,17,36,43,54,59,2100,2100,2100,529,0,9,24.607493383549144,4.257199994754046,2103.172300005099,7810.081285444235
1782379231,2,,Aggregated,0.500000,0.000000,9,13,14,17,36,43,54,59,2100,2100,2100,530,0,9,24.637743396017886,4.257199994754046,2103.172300005099,7815.154716981132
1782379232,2,,Aggregated,0.500000,0.000000,9,13,14,17,36,43,54,59,2100,2100,2100,530,0,9,24.637743396017886,4.257199994754046,2103.172300005099,7815.154716981132
1782379233,2,,Aggregated,0.500000,0.000000,9,13,14,17,36,43,54,59,2100,2100,2100,530,0,9,24.637743396017886,4.257199994754046,2103.172300005099,7815.154716981132
1782379234,2,,Aggregated,0.600000,0.000000,9,13,14,17,36,43,54,59,2100,2100,2100,531,0,9,24.601579095828242,4.257199994754046,2103.172300005099,7810.016949152542
1782379235,2,,Aggregated,0.600000,0.000000,9,13,14,17,36,43,54,59,2100,2100,2100,531,0,9,24.601579095828242,4.257199994754046,2103.172300005099,7810.016949152542
1782379236,2,,Aggregated,0.400000,0.000000,9,13,14,17,36,43,54,59,2100,2100,2100,532,0,9,24.56668759377247,4.257199994754046,2103.172300005099,7806.360902255639
1782379237,2,,Aggregated,0.400000,0.000000,9,13,14,17,36,43,54,59,2100,2100,2100,533,0,9,24.58891876149022,4.257199994754046,2103.172300005099,7811.412757973733
1782379238,2,,Aggregated,0.400000,0.000000,9,13,14,17,36,43,54,59,2100,2100,2100,533,0,9,24.58891876149022,4.257199994754046,2103.172300005099,7811.412757973733
1782379239,2,,Aggregated,0.500000,0.000000,9,13,14,17,36,43,54,59,2100,2100,2100,534,0,9,24.56375168513704,4.257199994754046,2103.172300005099,7816.445692883895
1782379240,2,,Aggregated,0.500000,0.000000,9,13,14,17,36,43,54,59,2100,2100,2100,534,0,9,24.56375168513704,4.257199994754046,2103.172300005099,7816.445692883895
1782379241,2,,Aggregated,0.500000,0.000000,9,13,14,17,36,43,54,59,2100,2100,2100,535,0,9,24.54787943899527,4.257199994754046,2103.172300005099,7821.459813084112
1782379242,2,,Aggregated,0.500000,0.000000,9,13,15,17,36,43,54,59,2100,2100,2100,536,0,9,24.570233581851344,4.257199994754046,2103.172300005099,7826.455223880597
1782379243,2,,Aggregated,0.500000,0.000000,9,13,15,17,36,43,54,59,2100,2100,2100,536,0,9,24.570233581851344,4.257199994754046,2103.172300005099,7826.455223880597
1782379244,2,,Aggregated,0.600000,0.000000,9,13,14,17,36,43,54,59,2100,2100,2100,537,0,9,24.54765642436223,4.257199994754046,2103.172300005099,7831.432029795158
1782379245,2,,Aggregated,0.600000,0.000000,9,13,14,17,36,43,54,59,2100,2100,2100,538,0,9,24.515471747004405,4.257199994754046,2103.172300005099,7827.776951672862
1782379247,2,,Aggregated,0.600000,0.000000,9,13,14,17,36,43,54,59,2100,2100,2100,538,0,9,24.515471747004405,4.257199994754046,2103.172300005099,7827.776951672862
1782379248,2,,Aggregated,0.600000,0.000000,9,13,14,17,36,43,54,59,2100,2100,2100,538,0,9,24.515471747004405,4.257199994754046,2103.172300005099,7827.776951672862
1782379249,2,,Aggregated,0.700000,0.000000,9,13,14,17,36,43,54,59,2100,2100,2100,539,0,9,24.48355844135829,4.257199994754046,2103.172300005099,7822.692022263451
1782379250,2,,Aggregated,0.500000,0.000000,9,13,15,17,36,43,54,59,2100,2100,2100,540,0,9,24.53449925906844,4.257199994754046,2103.172300005099,7827.648148148148
1782379251,2,,Aggregated,0.500000,0.000000,9,13,15,17,36,43,54,59,2100,2100,2100,540,0,9,24.53449925906844,4.257199994754046,2103.172300005099,7827.648148148148
1782379252,2,,Aggregated,0.600000,0.000000,9,13,14,17,36,43,54,59,2100,2100,2100,541,0,9,24.513138262287097,4.257199994754046,2103.172300005099,7832.5859519408505
1782379253,2,,Aggregated,0.600000,0.000000,9,13,14,17,36,43,54,59,2100,2100,2100,541,0,9,24.513138262287097,4.257199994754046,2103.172300005099,7832.5859519408505
1782379254,2,,Aggregated,0.600000,0.000000,9,13,15,17,36,43,54,59,2100,2100,2100,543,0,9,24.499320625979284,4.257199994754046,2103.172300005099,7842.40699815838
1782379255,2,,Aggregated,0.600000,0.000000,9,13,15,17,36,43,54,59,2100,2100,2100,543,0,9,24.499320625979284,4.257199994754046,2103.172300005099,7842.40699815838
1782379256,2,,Aggregated,0.600000,0.000000,9,13,15,17,36,43,54,59,2100,2100,2100,543,0,9,24.499320625979284,4.257199994754046,2103.172300005099,7842.40699815838
1782379257,2,,Aggregated,0.600000,0.000000,9,13,15,17,36,43,54,59,2100,2100,2100,543,0,9,24.499320625979284,4.257199994754046,2103.172300005099,7842.40699815838
1782379258,2,,Aggregated,0.600000,0.000000,9,13,15,17,36,43,54,59,2100,2100,2100,544,0,9,24.46519044101211,4.257199994754046,2103.172300005099,7837.341911764706
1782379259,2,,Aggregated,0.500000,0.000000,9,13,15,17,36,43,54,59,2100,2100,2100,545,0,9,24.47713339434821,4.257199994754046,2103.172300005099,7842.225688073395
1782379260,2,,Aggregated,0.500000,0.000000,9,13,15,17,36,43,54,59,2100,2100,2100,545,0,9,24.47713339434821,4.257199994754046,2103.172300005099,7842.225688073395
1782379261,2,,Aggregated,0.500000,0.000000,9,13,15,17,36,43,54,59,2100,2100,2100,545,0,9,24.47713339434821,4.257199994754046,2103.172300005099,7842.225688073395
1782379262,2,,Aggregated,0.600000,0.000000,9,13,15,17,36,43,54,59,2100,2100,2100,546,0,9,24.453670512663113,4.257199994754046,2103.172300005099,7847.091575091575
1782379263,2,,Aggregated,0.500000,0.000000,9,13,15,17,36,43,54,59,2100,2100,2100,547,0,9,24.42018372927502,4.257199994754046,2103.172300005099,7843.468007312615
1782379264,2,,Aggregated,0.500000,0.000000,9,13,15,17,36,43,54,59,2100,2100,2100,547,0,9,24.42018372927502,4.257199994754046,2103.172300005099,7843.468007312615
1782379265,2,,Aggregated,0.500000,0.000000,9,13,15,17,36,43,54,59,2100,2100,2100,548,0,9,24.42542828451549,4.257199994754046,2103.172300005099,7848.313868613139
1782379266,2,,Aggregated,0.500000,0.000000,9,13,15,17,36,43,54,59,2100,2100,2100,548,0,9,24.42542828451549,4.257199994754046,2103.172300005099,7848.313868613139
1782379267,2,,Aggregated,0.500000,0.000000,9,13,15,17,36,43,54,59,2100,2100,2100,549,0,9,24.394428415132985,4.257199994754046,2103.172300005099,7844.701275045537
1782379268,2,,Aggregated,0.500000,0.000000,9,13,15,17,36,43,54,59,2100,2100,2100,549,0,9,24.394428415132985,4.257199994754046,2103.172300005099,7844.701275045537
1782379269,2,,Aggregated,0.500000,0.000000,9,13,15,17,36,43,54,59,2100,2100,2100,550,0,9,24.371154545303646,4.257199994754046,2103.172300005099,7849.527272727273
1782379270,2,,Aggregated,0.500000,0.000000,9,13,15,17,36,43,54,59,2100,2100,2100,550,0,9,24.371154545303646,4.257199994754046,2103.172300005099,7849.527272727273
1782379271,2,,Aggregated,0.500000,0.000000,9,13,15,17,36,43,54,59,2100,2100,2100,550,0,9,24.371154545303646,4.257199994754046,2103.172300005099,7849.527272727273
1782379272,2,,Aggregated,0.500000,0.000000,9,13,15,17,36,43,54,59,2100,2100,2100,551,0,9,24.33852014505176,4.257199994754046,2103.172300005099,7844.513611615245
1782379273,2,,Aggregated,0.500000,0.000000,9,13,15,17,36,43,54,59,2100,2100,2100,552,0,9,24.30916249985508,4.257199994754046,2103.172300005099,7840.927536231884
1782379274,2,,Aggregated,0.500000,0.000000,9,13,15,17,36,43,54,59,2100,2100,2100,552,0,9,24.30916249985508,4.257199994754046,2103.172300005099,7840.927536231884
1782379275,2,,Aggregated,0.500000,0.000000,9,13,15,17,36,43,54,59,2100,2100,2100,552,0,9,24.30916249985508,4.257199994754046,2103.172300005099,7840.927536231884
1782379276,2,,Aggregated,0.500000,0.000000,9,13,15,17,36,43,54,59,2100,2100,2100,553,0,9,24.276325135482526,4.257199994754046,2103.172300005099,7837.354430379747
1782379277,2,,Aggregated,0.500000,0.000000,9,13,15,17,36,43,54,59,2100,2100,2100,554,0,9,24.30352671464316,4.257199994754046,2103.172300005099,7842.158844765343
1782379278,2,,Aggregated,0.500000,0.000000,9,13,15,17,36,43,54,59,2100,2100,2100,554,0,9,24.30352671464316,4.257199994754046,2103.172300005099,7842.158844765343
1782379279,2,,Aggregated,0.500000,0.000000,9,13,15,17,36,43,54,59,2100,2100,2100,555,0,9,24.275748648493014,4.257199994754046,2103.172300005099,7838.596396396397
1782379280,2,,Aggregated,0.500000,0.000000,9,13,15,17,36,43,54,59,2100,2100,2100,555,0,9,24.275748648493014,4.257199994754046,2103.172300005099,7838.596396396397
1782379281,2,,Aggregated,0.500000,0.000000,9,13,15,17,36,43,54,59,2100,2100,2100,557,0,9,24.240033213481603,4.257199994754046,2103.172300005099,7838.432675044884
1782379282,2,,Aggregated,0.500000,0.000000,9,13,15,17,36,43,54,59,2100,2100,2100,557,0,9,24.240033213481603,4.257199994754046,2103.172300005099,7838.432675044884
1782379283,2,,Aggregated,0.500000,0.000000,9,13,15,17,36,43,54,59,2100,2100,2100,557,0,9,24.240033213481603,4.257199994754046,2103.172300005099,7838.432675044884
1782379284,2,,Aggregated,0.700000,0.000000,9,13,15,17,36,43,54,59,2100,2100,2100,559,0,9,24.178425760134598,4.257199994754046,2103.172300005099,7831.372093023256
1782379285,2,,Aggregated,0.700000,0.000000,9,13,15,17,36,43,54,59,2100,2100,2100,559,0,9,24.178425760134598,4.257199994754046,2103.172300005099,7831.372093023256
1782379286,2,,Aggregated,0.700000,0.000000,9,13,15,17,36,43,54,59,2100,2100,2100,559,0,9,24.178425760134598,4.257199994754046,2103.172300005099,7831.372093023256
1782379287,2,,Aggregated,0.700000,0.000000,9,13,15,17,36,43,54,59,2100,2100,2100,560,0,9,24.16675249985149,4.257199994754046,2103.172300005099,7836.135714285714
1782379288,2,,Aggregated,0.700000,0.000000,9,13,15,17,36,42,54,59,2100,2100,2100,561,0,9,24.15488787863234,4.257199994754046,2103.172300005099,7840.882352941177
1782379289,2,,Aggregated,0.700000,0.000000,9,13,15,17,36,42,54,59,2100,2100,2100,561,0,9,24.15488787863234,4.257199994754046,2103.172300005099,7840.882352941177
1782379290,2,,Aggregated,0.600000,0.000000,9,13,15,17,36,42,54,59,2100,2100,2100,562,0,9,24.1247418147965,4.257199994754046,2103.172300005099,7835.982206405694
1782379291,2,,Aggregated,0.600000,0.000000,9,13,15,17,36,42,54,59,2100,2100,2100,563,0,9,24.093294138398782,4.257199994754046,2103.172300005099,7832.48134991119
1782379292,2,,Aggregated,0.600000,0.000000,9,13,15,17,36,42,54,59,2100,2100,2100,563,0,9,24.093294138398782,4.257199994754046,2103.172300005099,7832.48134991119
1782379293,2,,Aggregated,0.600000,0.000000,9,13,15,17,36,42,54,59,2100,2100,2100,563,0,9,24.093294138398782,4.257199994754046,2103.172300005099,7832.48134991119
1782379294,2,,Aggregated,0.600000,0.000000,9,13,15,17,36,42,54,59,2100,2100,2100,564,0,9,24.063812056602785,4.257199994754046,2103.172300005099,7828.992907801418
1782379295,2,,Aggregated,0.600000,0.000000,9,13,15,18,36,42,54,59,2100,2100,2100,565,0,9,24.08584353966799,4.257199994754046,2103.172300005099,7833.718584070796
1782379296,2,,Aggregated,0.600000,0.000000,9,13,15,18,36,42,54,59,2100,2100,2100,565,0,9,24.08584353966799,4.257199994754046,2103.172300005099,7833.718584070796
1782379297,2,,Aggregated,0.400000,0.000000,9,13,15,17,36,42,54,59,2100,2100,2100,566,0,9,24.060845582901464,4.257199994754046,2103.172300005099,7830.240282685512
1782379298,2,,Aggregated,0.400000,0.000000,9,13,15,17,36,42,54,59,2100,2100,2100,566,0,9,24.060845582901464,4.257199994754046,2103.172300005099,7830.240282685512
1782379299,2,,Aggregated,0.600000,0.000000,9,13,15,17,36,42,54,59,2100,2100,2100,567,0,9,24.03189470885035,4.257199994754046,2103.172300005099,7826.774250440917
1782379300,2,,Aggregated,0.500000,0.000000,9,13,15,18,36,42,54,59,2100,2100,2100,568,0,9,24.057639436468378,4.257199994754046,2103.172300005099,7831.478873239436
1782379301,2,,Aggregated,0.500000,0.000000,9,13,15,18,36,42,54,59,2100,2100,2100,568,0,9,24.057639436468378,4.257199994754046,2103.172300005099,7831.478873239436
1782379302,2,,Aggregated,0.500000,0.000000,9,13,15,18,36,42,54,59,2100,2100,2100,569,0,9,24.02618594011083,4.257199994754046,2103.172300005099,7828.022847100176
1782379303,2,,Aggregated,0.500000,0.000000,9,13,15,18,36,42,54,59,2100,2100,2100,569,0,9,24.02618594011083,4.257199994754046,2103.172300005099,7828.022847100176
1782379304,2,,Aggregated,0.500000,0.000000,9,13,15,18,36,42,54,59,2100,2100,2100,569,0,9,24.02618594011083,4.257199994754046,2103.172300005099,7828.022847100176
1782379305,2,,Aggregated,0.500000,0.000000,9,13,15,18,36,42,54,59,2100,2100,2100,570,0,9,23.996554561272845,4.257199994754046,2103.172300005099,7824.578947368421
1782379306,2,,Aggregated,0.600000,0.000000,9,13,15,18,36,42,54,59,2100,2100,2100,571,0,9,24.020266024391336,4.257199994754046,2103.172300005099,7829.2626970227675
1782379307,2,,Aggregated,0.600000,0.000000,9,13,15,18,36,42,54,59,2100,2100,2100,571,0,9,24.020266024391336,4.257199994754046,2103.172300005099,7829.2626970227675
1782379308,2,,Aggregated,0.500000,0.000000,9,13,15,18,36,42,54,59,2100,2100,2100,572,0,9,23.988795279606833,4.257199994754046,2103.172300005099,7824.468531468531
1782379309,2,,Aggregated,0.500000,0.000000,9,13,15,18,36,42,54,59,2100,2100,2100,572,0,9,23.988795279606833,4.257199994754046,2103.172300005099,7824.468531468531
1782379310,2,,Aggregated,0.500000,0.000000,9,13,15,18,36,42,54,59,2100,2100,2100,573,0,9,23.95903211159418,4.257199994754046,2103.172300005099,7819.691099476439
1782379311,2,,Aggregated,0.500000,0.000000,9,13,15,18,36,42,54,59,2100,2100,2100,573,0,9,23.95903211159418,4.257199994754046,2103.172300005099,7819.691099476439
1782379312,2,,Aggregated,0.500000,0.000000,9,13,15,18,36,43,54,59,2100,2100,2100,575,0,9,23.98232991293417,4.257199994754046,2103.172300005099,7819.598260869565
1782379313,2,,Aggregated,0.500000,0.000000,9,13,15,18,36,43,54,59,2100,2100,2100,575,0,9,23.98232991293417,4.257199994754046,2103.172300005099,7819.598260869565
1782379314,2,,Aggregated,0.500000,0.000000,9,13,15,18,36,43,54,59,2100,2100,2100,575,0,9,23.98232991293417,4.257199994754046,2103.172300005099,7819.598260869565
1782379315,2,,Aggregated,0.700000,0.000000,9,13,15,18,36,43,54,59,2100,2100,2100,576,0,9,23.951882985986433,4.257199994754046,2103.172300005099,7814.854166666667
1782379316,2,,Aggregated,0.600000,0.000000,9,13,15,18,36,43,54,59,2100,2100,2100,577,0,9,23.922044193986288,4.257199994754046,2103.172300005099,7811.474870017331
1782379317,2,,Aggregated,0.600000,0.000000,9,13,15,18,36,43,54,59,2100,2100,2100,577,0,9,23.922044193986288,4.257199994754046,2103.172300005099,7811.474870017331
1782379318,2,,Aggregated,0.700000,0.000000,9,13,15,18,36,43,54,59,2100,2100,2100,579,0,9,23.908724352200267,4.257199994754046,2103.172300005099,7812.754749568221
1782379319,2,,Aggregated,0.700000,0.000000,9,13,15,18,36,43,54,59,2100,2100,2100,579,0,9,23.908724352200267,4.257199994754046,2103.172300005099,7812.754749568221
1782379320,2,,Aggregated,0.600000,0.000000,9,13,15,18,36,43,54,59,2100,2100,2100,580,0,9,23.879979137814974,4.257199994754046,2103.172300005099,7808.055172413793
1782379321,2,,Aggregated,0.600000,0.000000,9,13,15,18,36,43,54,59,2100,2100,2100,580,0,9,23.879979137814974,4.257199994754046,2103.172300005099,7808.055172413793
1782379322,2,,Aggregated,0.600000,0.000000,9,13,15,18,36,42,54,59,2100,2100,2100,581,0,9,23.880981239131547,4.257199994754046,2103.172300005099,7812.686746987952
1782379323,2,,Aggregated,0.700000,0.000000,9,13,15,18,36,42,54,59,2100,2100,2100,582,0,9,23.851967010200198,4.257199994754046,2103.172300005099,7809.340206185567
1782379324,2,,Aggregated,0.700000,0.000000,9,13,15,18,36,42,54,59,2100,2100,2100,582,0,9,23.851967010200198,4.257199994754046,2103.172300005099,7809.340206185567
1782379325,2,,Aggregated,0.600000,0.000000,9,13,15,18,36,42,54,59,2100,2100,2100,583,0,9,23.84163945101403,4.257199994754046,2103.172300005099,7813.953687821612
1782379326,2,,Aggregated,0.600000,0.000000,9,13,15,18,36,42,54,59,2100,2100,2100,583,0,9,23.84163945101403,4.257199994754046,2103.172300005099,7813.953687821612
1782379327,2,,Aggregated,0.600000,0.000000,9,13,15,18,36,42,54,59,2100,2100,2100,583,0,9,23.84163945101403,4.257199994754046,2103.172300005099,7813.953687821612
1782379328,2,,Aggregated,0.600000,0.000000,9,13,15,18,36,42,54,59,2100,2100,2100,584,0,9,23.814596917723627,4.257199994754046,2103.172300005099,7810.6164383561645
1782379329,2,,Aggregated,0.600000,0.000000,9,13,15,18,36,42,54,59,2100,2100,2100,585,0,9,23.800585640949578,4.257199994754046,2103.172300005099,7815.2119658119655
1782379330,2,,Aggregated,0.600000,0.000000,9,13,15,18,36,42,54,59,2100,2100,2100,586,0,9,23.77128174054971,4.257199994754046,2103.172300005099,7810.556313993174
1782379331,2,,Aggregated,0.600000,0.000000,9,13,15,18,36,42,54,59,2100,2100,2100,586,0,9,23.77128174054971,4.257199994754046,2103.172300005099,7810.556313993174
1782379332,2,,Aggregated,0.500000,0.000000,9,13,15,18,36,42,54,59,2100,2100,2100,587,0,9,23.740180238427513,4.257199994754046,2103.172300005099,7805.916524701874
1782379333,2,,Aggregated,0.500000,0.000000,9,13,15,18,36,42,54,59,2100,2100,2100,587,0,9,23.740180238427513,4.257199994754046,2103.172300005099,7805.916524701874
1782379334,2,,Aggregated,0.700000,0.000000,9,13,15,18,36,42,54,59,2100,2100,2100,589,0,9,23.681702037269357,4.257199994754046,2103.172300005099,7798.005093378608
1782379335,2,,Aggregated,0.700000,0.000000,9,13,15,18,36,42,54,59,2100,2100,2100,589,0,9,23.681702037269357,4.257199994754046,2103.172300005099,7798.005093378608
1782379336,2,,Aggregated,0.700000,0.000000,9,13,15,18,36,42,54,59,2100,2100,2100,589,0,9,23.681702037269357,4.257199994754046,2103.172300005099,7798.005093378608
1782379337,2,,Aggregated,0.700000,0.000000,9,13,15,18,36,42,54,59,2100,2100,2100,590,0,9,23.650599491434228,4.257199994754046,2103.172300005099,7793.410169491525
1782379338,2,,Aggregated,0.600000,0.000000,9,13,15,18,36,42,54,59,2100,2100,2100,591,0,9,23.62054686961548,4.257199994754046,2103.172300005099,7788.830795262267
1782379339,2,,Aggregated,0.600000,0.000000,9,13,15,18,36,42,54,59,2100,2100,2100,591,0,9,23.62054686961548,4.257199994754046,2103.172300005099,7788.830795262267
1782379340,2,,Aggregated,0.600000,0.000000,9,13,15,18,36,42,54,59,2100,2100,2100,591,0,9,23.62054686961548,4.257199994754046,2103.172300005099,7788.830795262267
1782379341,2,,Aggregated,0.700000,0.000000,9,13,15,18,36,42,54,59,2100,2100,2100,592,0,9,23.592259628286058,4.257199994754046,2103.172300005099,7784.266891891892
1782379342,2,,Aggregated,0.600000,0.000000,9,13,15,18,36,42,54,59,2100,2100,2100,593,0,9,23.614504553014836,4.257199994754046,2103.172300005099,7788.844856661046
1782379343,2,,Aggregated,0.600000,0.000000,9,13,15,18,36,42,54,59,2100,2100,2100,593,0,9,23.614504553014836,4.257199994754046,2103.172300005099,7788.844856661046
1782379345,2,,Aggregated,0.500000,0.000000,9,13,15,18,36,42,54,59,2100,2100,2100,594,0,9,23.593345791143005,4.257199994754046,2103.172300005099,7793.407407407408
1782379346,2,,Aggregated,0.600000,0.000000,9,13,15,18,36,42,54,59,2100,2100,2100,595,0,9,23.57695546207124,4.257199994754046,2103.172300005099,7797.954621848739
1782379347,2,,Aggregated,0.600000,0.000000,9,13,15,18,36,42,54,59,2100,2100,2100,595,0,9,23.57695546207124,4.257199994754046,2103.172300005099,7797.954621848739
1782379348,2,,Aggregated,0.600000,0.000000,9,13,15,18,36,42,54,59,2100,2100,2100,595,0,9,23.57695546207124,4.257199994754046,2103.172300005099,7797.954621848739
1782379349,2,,Aggregated,0.600000,0.000000,9,13,15,18,36,42,54,59,2100,2100,2100,595,0,9,23.57695546207124,4.257199994754046,2103.172300005099,7797.954621848739
1782379350,2,,Aggregated,0.600000,0.000000,9,13,15,18,36,43,54,59,2100,2100,2100,596,0,9,23.62878892606186,4.257199994754046,2103.172300005099,7802.486577181208
1782379351,2,,Aggregated,0.500000,0.000000,9,13,15,18,36,43,54,59,2100,2100,2100,597,0,9,23.60278659955898,4.257199994754046,2103.172300005099,7799.24120603015
1782379352,2,,Aggregated,0.500000,0.000000,9,13,15,18,36,43,54,59,2100,2100,2100,597,0,9,23.60278659955898,4.257199994754046,2103.172300005099,7799.24120603015
1782379353,2,,Aggregated,0.500000,0.000000,9,13,15,18,36,43,54,59,2100,2100,2100,597,0,9,23.60278659955898,4.257199994754046,2103.172300005099,7799.24120603015
1782379354,2,,Aggregated,0.600000,0.000000,9,13,15,18,36,43,54,59,2100,2100,2100,599,0,9,23.544676126799512,4.257199994754046,2103.172300005099,7791.484140233722
1782379355,2,,Aggregated,0.600000,0.000000,9,13,15,18,36,43,54,59,2100,2100,2100,599,0,9,23.544676126799512,4.257199994754046,2103.172300005099,7791.484140233722
1782379356,2,,Aggregated,0.600000,0.000000,9,13,15,18,36,43,54,59,2100,2100,2100,600,0,9,23.56627883326534,4.257199994754046,2103.172300005099,7795.996666666667
1782379357,2,,Aggregated,0.600000,0.000000,9,13,15,18,36,43,54,59,2100,2100,2100,600,0,9,23.56627883326534,4.257199994754046,2103.172300005099,7795.996666666667
1782379358,2,,Aggregated,0.600000,0.000000,9,13,15,18,36,43,54,59,2100,2100,2100,600,0,9,23.56627883326534,4.257199994754046,2103.172300005099,7795.996666666667
1782379359,2,,Aggregated,0.400000,0.000000,9,13,15,18,36,42,54,58,2100,2100,2100,601,0,9,23.53826289510408,4.257199994754046,2103.172300005099,7792.783693843594
1782379360,2,,Aggregated,0.500000,0.000000,9,13,15,18,36,42,54,58,2100,2100,2100,602,0,9,23.51900033215355,4.257199994754046,2103.172300005099,7797.279069767442
1782379361,2,,Aggregated,0.500000,0.000000,9,13,15,18,36,42,54,58,2100,2100,2100,603,0,9,23.50769751234838,4.257199994754046,2103.172300005099,7801.759535655058
1782379362,2,,Aggregated,0.500000,0.000000,9,13,15,18,36,42,54,58,2100,2100,2100,603,0,9,23.50769751234838,4.257199994754046,2103.172300005099,7801.759535655058
1782379363,2,,Aggregated,0.600000,0.000000,9,13,15,18,36,42,54,58,2100,2100,2100,604,0,9,23.479710595923382,4.257199994754046,2103.172300005099,7797.264900662251
1782379364,2,,Aggregated,0.600000,0.000000,9,13,15,18,36,42,54,58,2100,2100,2100,604,0,9,23.479710595923382,4.257199994754046,2103.172300005099,7797.264900662251
1782379365,2,,Aggregated,0.600000,0.000000,9,13,15,18,36,42,54,58,2100,2100,2100,605,0,9,23.487471074273824,4.257199994754046,2103.172300005099,7801.730578512396
1782379366,2,,Aggregated,0.600000,0.000000,9,13,15,18,36,42,54,58,2100,2100,2100,606,0,9,23.460989603852482,4.257199994754046,2103.172300005099,7798.534653465346
1782379367,2,,Aggregated,0.500000,0.000000,9,13,15,18,36,42,54,58,2100,2100,2100,607,0,9,23.432968863137635,4.257199994754046,2103.172300005099,7795.349258649094
1782379368,2,,Aggregated,0.500000,0.000000,9,13,15,18,36,42,54,58,2100,2100,2100,607,0,9,23.432968863137635,4.257199994754046,2103.172300005099,7795.349258649094
1782379369,2,,Aggregated,0.700000,0.000000,9,13,15,18,36,42,54,58,2100,2100,2100,608,0,9,23.40777565778377,4.257199994754046,2103.172300005099,7792.174342105263
1782379370,2,,Aggregated,0.700000,0.000000,9,13,15,18,36,42,54,58,2100,2100,2100,608,0,9,23.40777565778377,4.257199994754046,2103.172300005099,7792.174342105263
1782379371,2,,Aggregated,0.700000,0.000000,9,13,15,18,36,42,54,58,2100,2100,2100,608,0,9,23.40777565778377,4.257199994754046,2103.172300005099,7792.174342105263
1782379372,2,,Aggregated,0.700000,0.000000,9,13,15,18,36,42,54,58,2100,2100,2100,609,0,9,23.41922660086232,4.257199994754046,2103.172300005099,7796.619047619048
1782379373,2,,Aggregated,0.700000,0.000000,9,13,15,18,36,42,54,58,2100,2100,2100,609,0,9,23.41922660086232,4.257199994754046,2103.172300005099,7796.619047619048
1782379374,2,,Aggregated,0.500000,0.000000,9,13,15,18,36,42,54,58,2100,2100,2100,610,0,9,23.40695295069218,4.257199994754046,2103.172300005099,7801.049180327869
1782379375,2,,Aggregated,0.500000,0.000000,9,13,15,18,36,42,54,58,2100,2100,2100,610,0,9,23.40695295069218,4.257199994754046,2103.172300005099,7801.049180327869
1782379376,2,,Aggregated,0.600000,0.000000,9,13,15,18,36,42,54,58,2100,2100,2100,611,0,9,23.380596890230855,4.257199994754046,2103.172300005099,7797.880523731587
1782379377,2,,Aggregated,0.600000,0.000000,9,13,15,18,36,42,54,58,2100,2100,2100,611,0,9,23.380596890230855,4.257199994754046,2103.172300005099,7797.880523731587
1782379378,2,,Aggregated,0.600000,0.000000,9,13,15,18,36,42,54,58,2100,2100,2100,611,0,9,23.380596890230855,4.257199994754046,2103.172300005099,7797.880523731587
1782379379,2,,Aggregated,0.500000,0.000000,9,13,15,18,36,42,54,58,2100,2100,2100,612,0,9,23.41131290839947,4.257199994754046,2103.172300005099,7802.294117647059
1782379380,2,,Aggregated,0.400000,0.000000,9,13,15,18,36,42,54,58,2100,2100,2100,613,0,9,23.39166443709316,4.257199994754046,2103.172300005099,7806.693311582381
1782379381,2,,Aggregated,0.400000,0.000000,9,13,15,18,36,42,54,58,2100,2100,2100,614,0,9,23.37513876212791,4.257199994754046,2103.172300005099,7811.0781758957655
1782379382,2,,Aggregated,0.400000,0.000000,9,13,15,18,36,42,54,58,2100,2100,2100,615,0,9,23.351968617800328,4.257199994754046,2103.172300005099,7807.9138211382115
1782379383,2,,Aggregated,0.400000,0.000000,9,13,15,18,36,42,54,58,2100,2100,2100,615,0,9,23.351968617800328,4.257199994754046,2103.172300005099,7807.9138211382115
1782379384,2,,Aggregated,0.400000,0.000000,9,13,15,18,36,42,54,58,2100,2100,2100,615,0,9,23.351968617800328,4.257199994754046,2103.172300005099,7807.9138211382115
1782379385,2,,Aggregated,0.600000,0.000000,9,13,15,18,36,42,54,58,2100,2100,2100,617,0,9,23.299689627143273,4.257199994754046,2103.172300005099,7801.615883306321
1782379386,2,,Aggregated,0.600000,0.000000,9,13,15,18,36,42,54,58,2100,2100,2100,617,0,9,23.299689627143273,4.257199994754046,2103.172300005099,7801.615883306321
1782379387,2,,Aggregated,0.600000,0.000000,9,13,15,18,36,42,54,58,2100,2100,2100,617,0,9,23.299689627143273,4.257199994754046,2103.172300005099,7801.615883306321
1782379388,2,,Aggregated,0.600000,0.000000,9,13,15,18,36,42,54,58,2100,2100,2100,617,0,9,23.299689627143273,4.257199994754046,2103.172300005099,7801.615883306321
1782379389,2,,Aggregated,0.600000,0.000000,9,13,15,18,36,42,54,58,2100,2100,2100,619,0,9,23.244726817393097,4.257199994754046,2103.172300005099,7792.844911147011
1782379390,2,,Aggregated,0.600000,0.000000,9,13,15,18,36,42,54,58,2100,2100,2100,619,0,9,23.244726817393097,4.257199994754046,2103.172300005099,7792.844911147011
1782379391,2,,Aggregated,0.600000,0.000000,9,13,15,18,36,42,54,58,2100,2100,2100,619,0,9,23.244726817393097,4.257199994754046,2103.172300005099,7792.844911147011
1782379392,2,,Aggregated,0.600000,0.000000,9,13,15,18,36,42,54,58,2100,2100,2100,620,0,9,23.259050322526637,4.257199994754046,2103.172300005099,7797.209677419355
1782379393,2,,Aggregated,0.600000,0.000000,9,13,15,18,36,42,54,58,2100,2100,2100,620,0,9,23.259050322526637,4.257199994754046,2103.172300005099,7797.209677419355
1782379394,2,,Aggregated,0.500000,0.000000,9,13,15,18,36,42,54,58,2100,2100,2100,621,0,9,23.245951368709864,4.257199994754046,2103.172300005099,7801.56038647343
1782379395,2,,Aggregated,0.500000,0.000000,9,13,15,18,36,42,54,58,2100,2100,2100,621,0,9,23.245951368709864,4.257199994754046,2103.172300005099,7801.56038647343
1782379396,2,,Aggregated,0.600000,0.000000,9,13,15,18,36,42,54,58,2100,2100,2100,622,0,9,23.233414469388805,4.257199994754046,2103.172300005099,7805.897106109324
1782379397,2,,Aggregated,0.500000,0.000000,9,13,15,18,36,42,54,58,2100,2100,2100,623,0,9,23.23867207056511,4.257199994754046,2103.172300005099,7810.219903691814
1782379398,2,,Aggregated,0.500000,0.000000,9,13,15,18,36,42,54,58,2100,2100,2100,623,0,9,23.23867207056511,4.257199994754046,2103.172300005099,7810.219903691814
1782379399,2,,Aggregated,0.500000,0.000000,9,13,15,18,36,42,54,58,2100,2100,2100,623,0,9,23.23867207056511,4.257199994754046,2103.172300005099,7810.219903691814
1782379400,2,,Aggregated,0.600000,0.000000,9,13,15,18,36,42,54,58,2100,2100,2100,624,0,9,23.211581410205092,4.257199994754046,2103.172300005099,7805.8557692307695
1782379401,2,,Aggregated,0.600000,0.000000,9,13,15,18,36,42,54,58,2100,2100,2100,625,0,9,23.18474431994837,4.257199994754046,2103.172300005099,7801.5056
1782379402,2,,Aggregated,0.600000,0.000000,9,13,15,18,36,42,54,58,2100,2100,2100,625,0,9,23.18474431994837,4.257199994754046,2103.172300005099,7801.5056
1782379403,2,,Aggregated,0.600000,0.000000,9,13,15,18,36,42,54,58,2100,2100,2100,625,0,9,23.18474431994837,4.257199994754046,2103.172300005099,7801.5056
1782379404,2,,Aggregated,0.600000,0.000000,9,13,15,18,36,42,54,58,2100,2100,2100,626,0,9,23.16112923318243,4.257199994754046,2103.172300005099,7797.169329073482
1782379405,2,,Aggregated,0.500000,0.000000,9,13,15,18,36,42,54,58,2100,2100,2100,627,0,9,23.13465629979553,4.257199994754046,2103.172300005099,7792.846889952153
1782379406,2,,Aggregated,0.500000,0.000000,9,13,15,18,36,42,54,58,2100,2100,2100,628,0,9,23.145075159173892,4.257199994754046,2103.172300005099,7797.156050955414
1782379407,2,,Aggregated,0.500000,0.000000,9,13,15,18,36,42,54,58,2100,2100,2100,628,0,9,23.145075159173892,4.257199994754046,2103.172300005099,7797.156050955414
1782379408,2,,Aggregated,0.600000,0.000000,9,13,15,18,36,42,54,58,2100,2100,2100,629,0,9,23.120729570686617,4.257199994754046,2103.172300005099,7794.08426073132
1782379409,2,,Aggregated,0.600000,0.000000,9,13,15,18,36,42,54,58,2100,2100,2100,629,0,9,23.120729570686617,4.257199994754046,2103.172300005099,7794.08426073132
1782379410,2,,Aggregated,0.600000,0.000000,9,13,15,18,36,42,54,58,2100,2100,2100,630,0,9,23.12922079360024,4.257199994754046,2103.172300005099,7798.377777777778
1782379411,2,,Aggregated,0.600000,0.000000,9,13,15,18,36,42,54,58,2100,2100,2100,630,0,9,23.12922079360024,4.257199994754046,2103.172300005099,7798.377777777778
1782379412,2,,Aggregated,0.700000,0.000000,9,13,15,18,36,42,54,58,2100,2100,2100,631,0,9,23.13189350233045,4.257199994754046,2103.172300005099,7802.657686212361
1782379413,2,,Aggregated,0.700000,0.000000,9,13,15,18,36,42,54,58,2100,2100,2100,631,0,9,23.13189350233045,4.257199994754046,2103.172300005099,7802.657686212361
1782379414,2,,Aggregated,0.500000,0.000000,9,13,15,18,36,42,54,58,2100,2100,2100,632,0,9,23.106184335396208,4.257199994754046,2103.172300005099,7799.591772151899
1782379415,2,,Aggregated,0.600000,0.000000,9,13,15,18,36,42,54,58,2100,2100,2100,633,0,9,23.08259715635008,4.257199994754046,2103.172300005099,7795.306477093207
1782379416,2,,Aggregated,0.600000,0.000000,9,13,15,18,36,42,54,58,2100,2100,2100,633,0,9,23.08259715635008,4.257199994754046,2103.172300005099,7795.306477093207
1782379417,2,,Aggregated,0.600000,0.000000,9,13,15,18,36,42,54,58,2100,2100,2100,634,0,9,23.057583438438012,4.257199994754046,2103.172300005099,7792.261829652997
1782379418,2,,Aggregated,0.600000,0.000000,9,13,15,18,36,42,54,58,2100,2100,2100,635,0,9,23.069097952711886,4.257199994754046,2103.172300005099,7796.524409448819
1782379419,2,,Aggregated,0.600000,0.000000,9,13,15,18,36,42,54,58,2100,2100,2100,635,0,9,23.069097952711886,4.257199994754046,2103.172300005099,7796.524409448819
1782379420,2,,Aggregated,0.700000,0.000000,9,13,15,18,36,42,54,58,2100,2100,2100,637,0,9,23.04163390890808,4.257199994754046,2103.172300005099,7797.734693877551
1782379421,2,,Aggregated,0.700000,0.000000,9,13,15,18,36,42,54,58,2100,2100,2100,637,0,9,23.04163390890808,4.257199994754046,2103.172300005099,7797.734693877551
1782379422,2,,Aggregated,0.600000,0.000000,9,13,15,18,36,42,54,58,2100,2100,2100,638,0,9,23.018432288342318,4.257199994754046,2103.172300005099,7794.705329153605
1782379423,2,,Aggregated,0.600000,0.000000,9,13,15,18,36,42,54,58,2100,2100,2100,638,0,9,23.018432288342318,4.257199994754046,2103.172300005099,7794.705329153605
1782379424,2,,Aggregated,0.700000,0.000000,9,13,15,18,36,42,54,58,2100,2100,2100,639,0,9,22.99403067285972,4.257199994754046,2103.172300005099,7791.68544600939
1782379425,2,,Aggregated,0.700000,0.000000,9,13,15,18,36,42,54,58,2100,2100,2100,640,0,9,23.01735843741426,4.257199994754046,2103.172300005099,7795.915625
1782379426,2,,Aggregated,0.700000,0.000000,9,13,15,18,36,42,54,58,2100,2100,2100,640,0,9,23.01735843741426,4.257199994754046,2103.172300005099,7795.915625
1782379427,2,,Aggregated,0.700000,0.000000,9,13,15,18,36,42,54,58,2100,2100,2100,641,0,9,22.99128907948152,4.257199994754046,2103.172300005099,7791.689547581903
1782379428,2,,Aggregated,0.700000,0.000000,9,13,15,18,36,42,54,58,2100,2100,2100,642,0,9,22.97340451704006,4.257199994754046,2103.172300005099,7795.906542056075
1782379429,2,,Aggregated,0.700000,0.000000,9,13,15,18,36,42,54,58,2100,2100,2100,642,0,9,22.97340451704006,4.257199994754046,2103.172300005099,7795.906542056075
1782379430,2,,Aggregated,0.600000,0.000000,9,13,15,18,36,42,54,58,2100,2100,2100,643,0,9,22.95148164842913,4.257199994754046,2103.172300005099,7792.903576982892
1782379431,2,,Aggregated,0.600000,0.000000,9,13,15,18,36,42,54,58,2100,2100,2100,644,0,9,22.92577189431574,4.257199994754046,2103.172300005099,7789.909937888198
1782379432,2,,Aggregated,0.600000,0.000000,9,13,15,18,36,42,54,58,2100,2100,2100,644,0,9,22.92577189431574,4.257199994754046,2103.172300005099,7789.909937888198
1782379433,2,,Aggregated,0.700000,0.000000,9,13,15,18,36,42,54,58,2100,2100,2100,645,0,9,22.980158449517916,4.257199994754046,2103.172300005099,7794.11007751938
1782379434,2,,Aggregated,0.700000,0.000000,9,13,15,18,36,42,54,58,2100,2100,2100,645,0,9,22.980158449517916,4.257199994754046,2103.172300005099,7794.11007751938
1782379435,2,,Aggregated,0.600000,0.000000,9,13,15,18,36,42,54,58,2100,2100,2100,647,0,9,22.94024327656789,4.257199994754046,2103.172300005099,7794.106646058733
1782379436,2,,Aggregated,0.600000,0.000000,9,13,15,18,36,42,54,58,2100,2100,2100,647,0,9,22.94024327656789,4.257199994754046,2103.172300005099,7794.106646058733
1782379437,2,,Aggregated,0.600000,0.000000,9,13,15,18,36,42,54,58,2100,2100,2100,648,0,9,22.91300277766699,4.257199994754046,2103.172300005099,7791.12962962963
1782379438,2,,Aggregated,0.600000,0.000000,9,13,15,18,36,42,54,58,2100,2100,2100,648,0,9,22.91300277766699,4.257199994754046,2103.172300005099,7791.12962962963
1782379439,2,,Aggregated,0.700000,0.000000,9,13,15,18,36,42,54,58,2100,2100,2100,649,0,9,22.89225993824076,4.257199994754046,2103.172300005099,7786.963020030817
1782379440,2,,Aggregated,0.700000,0.000000,9,13,15,18,36,42,54,58,2100,2100,2100,649,0,9,22.89225993824076,4.257199994754046,2103.172300005099,7786.963020030817
1782379441,2,,Aggregated,0.600000,0.000000,9,13,15,18,36,42,54,58,2100,2100,2100,650,0,9,22.866857846025734,4.257199994754046,2103.172300005099,7784.006153846154
1782379443,2,,Aggregated,0.600000,0.000000,9,13,15,18,36,42,54,58,2100,2100,2100,650,0,9,22.866857846025734,4.257199994754046,2103.172300005099,7784.006153846154
1782379444,2,,Aggregated,0.500000,0.000000,9,13,15,18,36,42,54,58,2100,2100,2100,652,0,9,22.86470828209079,4.257199994754046,2103.172300005099,7792.334355828221
1782379445,2,,Aggregated,0.500000,0.000000,9,13,15,18,36,42,54,58,2100,2100,2100,652,0,9,22.86470828209079,4.257199994754046,2103.172300005099,7792.334355828221
1782379446,2,,Aggregated,0.600000,0.000000,9,13,15,18,36,42,54,58,2100,2100,2100,653,0,9,22.840032771701825,4.257199994754046,2103.172300005099,7789.382848392037
1782379447,2,,Aggregated,0.600000,0.000000,9,13,15,18,36,42,54,58,2100,2100,2100,653,0,9,22.840032771701825,4.257199994754046,2103.172300005099,7789.382848392037
1782379448,2,,Aggregated,0.600000,0.000000,9,13,15,18,36,42,54,58,2100,2100,2100,654,0,9,22.817679663483887,4.257199994754046,2103.172300005099,7786.440366972477
1782379449,2,,Aggregated,0.600000,0.000000,9,13,15,18,36,42,54,58,2100,2100,2100,655,0,9,22.794323511317707,4.257199994754046,2103.172300005099,7782.319083969465
1782379450,2,,Aggregated,0.600000,0.000000,9,13,15,18,36,42,54,58,2100,2100,2100,655,0,9,22.794323511317707,4.257199994754046,2103.172300005099,7782.319083969465
1782379451,2,,Aggregated,0.600000,0.000000,9,13,15,18,36,42,54,58,2100,2100,2100,655,0,9,22.794323511317707,4.257199994754046,2103.172300005099,7782.319083969465
1782379452,2,,Aggregated,0.700000,0.000000,9,13,15,18,36,42,54,58,2100,2100,2100,657,0,9,22.781297260178807,4.257199994754046,2103.172300005099,7782.351598173516
1782379453,2,,Aggregated,0.700000,0.000000,9,13,15,18,36,42,54,58,2100,2100,2100,657,0,9,22.781297260178807,4.257199994754046,2103.172300005099,7782.351598173516
1782379454,2,,Aggregated,0.600000,0.000000,9,13,15,18,36,42,54,58,2100,2100,2100,658,0,9,22.756417325117003,4.257199994754046,2103.172300005099,7779.437689969604
1782379455,2,,Aggregated,0.700000,0.000000,9,13,15,18,36,42,54,58,2100,2100,2100,659,0,9,22.763278300355278,4.257199994754046,2103.172300005099,7783.564491654021
1782379456,2,,Aggregated,0.600000,0.000000,9,13,15,18,36,42,54,58,2100,2100,2100,660,0,9,22.73921742413553,4.257199994754046,2103.172300005099,7780.657575757576
1782379457,2,,Aggregated,0.700000,0.000000,9,13,15,18,36,42,54,58,2100,2100,2100,661,0,9,22.765803933333824,4.257199994754046,2103.172300005099,7784.770045385779
1782379458,2,,Aggregated,0.700000,0.000000,9,13,15,18,36,42,54,58,2100,2100,2100,661,0,9,22.765803933333824,4.257199994754046,2103.172300005099,7784.770045385779
1782379459,2,,Aggregated,0.700000,0.000000,9,13,15,18,36,42,54,58,2100,2100,2100,661,0,9,22.765803933333824,4.257199994754046,2103.172300005099,7784.770045385779
1782379460,2,,Aggregated,0.700000,0.000000,9,13,15,18,36,42,54,58,2100,2100,2100,662,0,9,22.751798489326408,4.257199994754046,2103.172300005099,7788.870090634441
1782379461,2,,Aggregated,0.800000,0.000000,9,13,15,18,36,42,54,58,2100,2100,2100,663,0,9,22.728123981799744,4.257199994754046,2103.172300005099,7785.968325791855
1782379462,2,,Aggregated,0.800000,0.000000,9,13,15,18,36,42,54,58,2100,2100,2100,663,0,9,22.728123981799744,4.257199994754046,2103.172300005099,7785.968325791855
1782379463,2,,Aggregated,0.800000,0.000000,9,13,15,19,36,42,54,58,2100,2100,2100,665,0,9,22.71532270664794,4.257199994754046,2103.172300005099,7785.989473684211
1782379464,2,,Aggregated,0.800000,0.000000,9,13,15,19,36,42,54,58,2100,2100,2100,665,0,9,22.71532270664794,4.257199994754046,2103.172300005099,7785.989473684211
1782379465,2,,Aggregated,0.800000,0.000000,9,13,15,19,36,42,54,58,2100,2100,2100,665,0,9,22.71532270664794,4.257199994754046,2103.172300005099,7785.989473684211
1782379466,2,,Aggregated,0.700000,0.000000,9,13,15,19,36,42,54,58,2100,2100,2100,666,0,9,22.73401081068763,4.257199994754046,2103.172300005099,7790.063063063063
1782379467,2,,Aggregated,0.700000,0.000000,9,13,15,19,36,42,54,58,2100,2100,2100,666,0,9,22.73401081068763,4.257199994754046,2103.172300005099,7790.063063063063
1782379468,2,,Aggregated,0.600000,0.000000,9,13,15,19,36,42,54,58,2100,2100,2100,667,0,9,22.710246626558927,4.257199994754046,2103.172300005099,7787.176911544228
1782379469,2,,Aggregated,0.700000,0.000000,9,13,15,19,36,42,54,58,2100,2100,2100,668,0,9,22.726743562742342,4.257199994754046,2103.172300005099,7791.236526946108
1782379470,2,,Aggregated,0.700000,0.000000,9,13,15,19,36,42,54,58,2100,2100,2100,668,0,9,22.726743562742342,4.257199994754046,2103.172300005099,7791.236526946108
1782379471,2,,Aggregated,0.700000,0.000000,9,13,15,19,36,42,54,58,2100,2100,2100,668,0,9,22.726743562742342,4.257199994754046,2103.172300005099,7791.236526946108
1782379472,2,,Aggregated,0.700000,0.000000,9,13,15,19,36,42,54,58,2100,2100,2100,670,0,9,22.699037462571955,4.257199994754046,2103.172300005099,7799.319402985075
1782379473,2,,Aggregated,0.700000,0.000000,9,13,15,19,36,42,54,58,2100,2100,2100,670,0,9,22.699037462571955,4.257199994754046,2103.172300005099,7799.319402985075
1782379474,2,,Aggregated,0.500000,0.000000,9,13,15,19,36,42,54,58,2100,2100,2100,671,0,9,22.711195230868995,4.257199994754046,2103.172300005099,7803.342771982117
1782379475,2,,Aggregated,0.600000,0.000000,9,13,15,19,36,42,54,58,2100,2100,2100,672,0,9,22.73644002962967,4.257199994754046,2103.172300005099,7807.354166666667
1782379476,2,,Aggregated,0.600000,0.000000,9,13,15,19,36,42,54,58,2100,2100,2100,672,0,9,22.73644002962967,4.257199994754046,2103.172300005099,7807.354166666667
1782379477,2,,Aggregated,0.600000,0.000000,9,13,15,19,36,42,54,58,2100,2100,2100,673,0,9,22.714661515463508,4.257199994754046,2103.172300005099,7803.312035661218
1782379478,2,,Aggregated,0.600000,0.000000,9,13,15,19,36,42,54,58,2100,2100,2100,673,0,9,22.714661515463508,4.257199994754046,2103.172300005099,7803.312035661218
1782379479,2,,Aggregated,0.700000,0.000000,9,13,15,19,36,42,54,58,2100,2100,2100,675,0,9,22.67996311097199,4.257199994754046,2103.172300005099,7804.4340740740745
1782379480,2,,Aggregated,0.700000,0.000000,9,13,15,19,36,42,54,58,2100,2100,2100,675,0,9,22.67996311097199,4.257199994754046,2103.172300005099,7804.4340740740745
1782379481,2,,Aggregated,0.700000,0.000000,9,13,15,19,36,42,54,58,2100,2100,2100,675,0,9,22.67996311097199,4.257199994754046,2103.172300005099,7804.4340740740745
1782379482,2,,Aggregated,0.500000,0.000000,9,13,15,19,36,42,54,58,2100,2100,2100,676,0,9,22.700488905189214,4.257199994754046,2103.172300005099,7808.420118343195
1782379483,2,,Aggregated,0.500000,0.000000,9,13,15,19,36,42,54,58,2100,2100,2100,676,0,9,22.700488905189214,4.257199994754046,2103.172300005099,7808.420118343195
1782379484,2,,Aggregated,0.700000,0.000000,9,13,15,19,36,42,54,58,2100,2100,2100,677,0,9,22.67673042822255,4.257199994754046,2103.172300005099,7805.549483013294
1782379485,2,,Aggregated,0.600000,0.000000,9,13,15,19,36,42,54,58,2100,2100,2100,678,0,9,22.653555309597078,4.257199994754046,2103.172300005099,7802.687315634218
1782379486,2,,Aggregated,0.600000,0.000000,9,13,15,19,36,42,54,58,2100,2100,2100,678,0,9,22.653555309597078,4.257199994754046,2103.172300005099,7802.687315634218
1782379487,2,,Aggregated,0.600000,0.000000,9,13,15,19,36,42,54,58,2100,2100,2100,679,0,9,22.629149042558375,4.257199994754046,2103.172300005099,7799.8335787923415
1782379488,2,,Aggregated,0.600000,0.000000,9,13,15,19,36,42,54,58,2100,2100,2100,680,0,9,22.60442411750452,4.257199994754046,2103.172300005099,7796.988235294118
1782379489,2,,Aggregated,0.600000,0.000000,9,13,15,19,36,42,54,58,2100,2100,2100,680,0,9,22.60442411750452,4.257199994754046,2103.172300005099,7796.988235294118
1782379490,2,,Aggregated,0.600000,0.000000,9,13,15,19,36,41,54,58,2100,2100,2100,681,0,9,22.579959324385324,4.257199994754046,2103.172300005099,7793.008810572687
1782379491,2,,Aggregated,0.700000,0.000000,9,13,15,19,36,41,54,58,2100,2100,2100,682,0,9,22.58810527846142,4.257199994754046,2103.172300005099,7796.976539589443
1782379492,2,,Aggregated,0.600000,0.000000,9,13,15,19,36,41,54,58,2100,2100,2100,683,0,9,22.56567232783933,4.257199994754046,2103.172300005099,7793.00878477306
1782379493,2,,Aggregated,0.600000,0.000000,9,13,15,19,36,41,54,58,2100,2100,2100,683,0,9,22.56567232783933,4.257199994754046,2103.172300005099,7793.00878477306
1782379494,2,,Aggregated,0.600000,0.000000,9,13,15,19,36,41,54,58,2100,2100,2100,685,0,9,22.529867007167685,4.257199994754046,2103.172300005099,7794.1445255474455
1782379495,2,,Aggregated,0.600000,0.000000,9,13,15,19,36,41,54,58,2100,2100,2100,685,0,9,22.529867007167685,4.257199994754046,2103.172300005099,7794.1445255474455
1782379496,2,,Aggregated,0.600000,0.000000,9,13,15,19,36,41,54,58,2100,2100,2100,685,0,9,22.529867007167685,4.257199994754046,2103.172300005099,7794.1445255474455
1782379497,2,,Aggregated,0.600000,0.000000,9,13,15,19,36,41,54,58,2100,2100,2100,686,0,9,22.53509927101066,4.257199994754046,2103.172300005099,7798.087463556852
1782379498,2,,Aggregated,0.700000,0.000000,9,13,15,20,36,41,54,58,2100,2100,2100,687,0,9,22.54451557483322,4.257199994754046,2103.172300005099,7802.018922852984
1782379499,2,,Aggregated,0.700000,0.000000,9,13,15,20,36,41,54,58,2100,2100,2100,687,0,9,22.54451557483322,4.257199994754046,2103.172300005099,7802.018922852984
1782379500,2,,Aggregated,0.700000,0.000000,9,13,15,20,36,41,54,58,2100,2100,2100,689,0,9,22.508695355462923,4.257199994754046,2103.172300005099,7801.9927431059505
1782379501,2,,Aggregated,0.700000,0.000000,9,13,15,20,36,41,54,58,2100,2100,2100,689,0,9,22.508695355462923,4.257199994754046,2103.172300005099,7801.9927431059505
1782379502,2,,Aggregated,0.700000,0.000000,9,13,15,20,36,41,54,58,2100,2100,2100,689,0,9,22.508695355462923,4.257199994754046,2103.172300005099,7801.9927431059505
1782379503,2,,Aggregated,0.800000,0.000000,9,13,15,20,36,42,54,58,2100,2100,2100,690,0,9,22.547186521620937,4.257199994754046,2103.172300005099,7805.901449275362
1782379504,2,,Aggregated,0.800000,0.000000,9,13,15,20,36,42,54,58,2100,2100,2100,690,0,9,22.547186521620937,4.257199994754046,2103.172300005099,7805.901449275362
1782379505,2,,Aggregated,0.700000,0.000000,9,13,15,20,36,42,54,58,2100,2100,2100,691,0,9,22.53539479005234,4.257199994754046,2103.172300005099,7809.798842257597
1782379506,2,,Aggregated,0.700000,0.000000,9,13,15,20,36,42,54,58,2100,2100,2100,692,0,9,22.53418742763427,4.257199994754046,2103.172300005099,7813.684971098266
1782379507,2,,Aggregated,0.700000,0.000000,9,13,15,20,36,42,54,58,2100,2100,2100,692,0,9,22.53418742763427,4.257199994754046,2103.172300005099,7813.684971098266
1782379508,2,,Aggregated,0.700000,0.000000,9,13,15,20,36,42,54,58,2100,2100,2100,692,0,9,22.53418742763427,4.257199994754046,2103.172300005099,7813.684971098266
1782379509,2,,Aggregated,0.600000,0.000000,9,13,15,20,36,42,54,58,2100,2100,2100,693,0,9,22.560864069149996,4.257199994754046,2103.172300005099,7817.559884559884
1782379510,2,,Aggregated,0.600000,0.000000,9,13,15,20,36,42,54,58,2100,2100,2100,694,0,9,22.536459798156855,4.257199994754046,2103.172300005099,7814.746397694525
1782379511,2,,Aggregated,0.600000,0.000000,9,13,15,20,36,42,54,58,2100,2100,2100,694,0,9,22.536459798156855,4.257199994754046,2103.172300005099,7814.746397694525
1782379512,2,,Aggregated,0.500000,0.000000,9,13,15,20,36,42,54,58,2100,2100,2100,695,0,9,22.51340892074191,4.257199994754046,2103.172300005099,7811.941007194245
1782379513,2,,Aggregated,0.700000,0.000000,9,13,15,20,36,42,54,58,2100,2100,2100,696,0,9,22.500235057363504,4.257199994754046,2103.172300005099,7815.801724137931
1782379514,2,,Aggregated,0.700000,0.000000,9,13,15,20,36,42,54,58,2100,2100,2100,696,0,9,22.500235057363504,4.257199994754046,2103.172300005099,7815.801724137931
1782379515,2,,Aggregated,0.700000,0.000000,9,13,15,20,36,42,54,58,2100,2100,2100,696,0,9,22.500235057363504,4.257199994754046,2103.172300005099,7815.801724137931
1782379516,2,,Aggregated,0.600000,0.000000,9,13,15,20,36,42,54,58,2100,2100,2100,698,0,9,22.525179369514706,4.257199994754046,2103.172300005099,7823.489971346705
1782379517,2,,Aggregated,0.600000,0.000000,9,13,15,20,36,42,54,58,2100,2100,2100,698,0,9,22.525179369514706,4.257199994754046,2103.172300005099,7823.489971346705
1782379518,2,,Aggregated,0.600000,0.000000,9,13,15,20,36,42,54,58,2100,2100,2100,698,0,9,22.525179369514706,4.257199994754046,2103.172300005099,7823.489971346705
1782379519,2,,Aggregated,0.600000,0.000000,9,13,15,20,36,42,54,58,2100,2100,2100,699,0,9,22.500857653671567,4.257199994754046,2103.172300005099,7819.5751072961375
1782379520,2,,Aggregated,0.600000,0.000000,9,13,15,20,36,42,54,58,2100,2100,2100,699,0,9,22.500857653671567,4.257199994754046,2103.172300005099,7819.5751072961375
1782379521,2,,Aggregated,0.600000,0.000000,9,13,15,20,36,42,54,58,2100,2100,2100,700,0,9,22.48105885702119,4.257199994754046,2103.172300005099,7816.782857142857
1782379522,2,,Aggregated,0.600000,0.000000,9,13,15,20,36,42,54,58,2100,2100,2100,700,0,9,22.48105885702119,4.257199994754046,2103.172300005099,7816.782857142857
1782379523,2,,Aggregated,0.500000,0.000000,9,13,15,20,36,42,54,58,2100,2100,2100,701,0,9,22.457281454938254,4.257199994754046,2103.172300005099,7813.998573466476
1782379524,2,,Aggregated,0.500000,0.000000,9,13,15,20,36,42,54,58,2100,2100,2100,701,0,9,22.457281454938254,4.257199994754046,2103.172300005099,7813.998573466476
1782379525,2,,Aggregated,0.500000,0.000000,9,13,15,20,36,42,54,58,2100,2100,2100,701,0,9,22.457281454938254,4.257199994754046,2103.172300005099,7813.998573466476
1782379526,2,,Aggregated,0.500000,0.000000,9,13,15,20,36,42,54,58,2100,2100,2100,703,0,9,22.441292176249828,4.257199994754046,2103.172300005099,7813.9388335704125
1782379527,2,,Aggregated,0.500000,0.000000,9,13,15,20,36,42,54,58,2100,2100,2100,703,0,9,22.441292176249828,4.257199994754046,2103.172300005099,7813.9388335704125
1782379528,2,,Aggregated,0.500000,0.000000,9,13,15,20,36,42,54,58,2100,2100,2100,703,0,9,22.441292176249828,4.257199994754046,2103.172300005099,7813.9388335704125
1782379529,2,,Aggregated,0.500000,0.000000,9,13,15,20,36,42,54,58,2100,2100,2100,705,0,9,22.407341560168053,4.257199994754046,2103.172300005099,7813.879432624113
1782379530,2,,Aggregated,0.500000,0.000000,9,13,15,20,36,42,54,58,2100,2100,2100,705,0,9,22.407341560168053,4.257199994754046,2103.172300005099,7813.879432624113
1782379531,2,,Aggregated,0.500000,0.000000,9,13,15,20,36,42,54,58,2100,2100,2100,706,0,9,22.387445467303603,4.257199994754046,2103.172300005099,7811.118980169972
1782379532,2,,Aggregated,0.500000,0.000000,9,13,15,20,36,42,54,58,2100,2100,2100,706,0,9,22.387445467303603,4.257199994754046,2103.172300005099,7811.118980169972
1782379533,2,,Aggregated,0.600000,0.000000,9,13,15,20,36,42,54,58,2100,2100,2100,707,0,9,22.36443154159897,4.257199994754046,2103.172300005099,7808.366336633663
1782379534,2,,Aggregated,0.600000,0.000000,9,13,15,20,36,42,54,58,2100,2100,2100,707,0,9,22.36443154159897,4.257199994754046,2103.172300005099,7808.366336633663
1782379535,2,,Aggregated,0.500000,0.000000,9,13,15,20,36,42,54,58,2100,2100,2100,708,0,9,22.375677683486703,4.257199994754046,2103.172300005099,7812.166666666667
1782379536,2,,Aggregated,0.500000,0.000000,9,13,15,20,36,42,54,58,2100,2100,2100,708,0,9,22.375677683486703,4.257199994754046,2103.172300005099,7812.166666666667
1782379537,2,,Aggregated,0.600000,0.000000,9,13,15,20,36,42,54,58,2100,2100,2100,710,0,9,22.332848591420923,4.257199994754046,2103.172300005099,7805.585915492958
1782379538,2,,Aggregated,0.600000,0.000000,9,13,15,20,36,42,54,58,2100,2100,2100,710,0,9,22.332848591420923,4.257199994754046,2103.172300005099,7805.585915492958
1782379540,2,,Aggregated,0.700000,0.000000,9,13,15,20,36,42,54,58,2100,2100,2100,711,0,9,22.316989029398936,4.257199994754046,2103.172300005099,7809.3741209564
1782379541,2,,Aggregated,0.700000,0.000000,9,13,15,20,36,42,54,58,2100,2100,2100,712,0,9,22.29283188189788,4.257199994754046,2103.172300005099,7806.643258426966
1782379542,2,,Aggregated,0.700000,0.000000,9,13,15,20,36,42,54,58,2100,2100,2100,712,0,9,22.29283188189788,4.257199994754046,2103.172300005099,7806.643258426966
1782379543,2,,Aggregated,0.500000,0.000000,9,13,15,20,36,42,54,58,2100,2100,2100,713,0,9,22.270039130297135,4.257199994754046,2103.172300005099,7803.920056100982
1782379544,2,,Aggregated,0.500000,0.000000,9,13,15,20,36,42,54,58,2100,2100,2100,713,0,9,22.270039130297135,4.257199994754046,2103.172300005099,7803.920056100982
1782379545,2,,Aggregated,0.600000,0.000000,9,13,15,20,36,42,54,58,2100,2100,2100,714,0,9,22.249590195944506,4.257199994754046,2103.172300005099,7801.204481792717
1782379546,2,,Aggregated,0.600000,0.000000,9,13,15,20,36,42,54,58,2100,2100,2100,714,0,9,22.249590195944506,4.257199994754046,2103.172300005099,7801.204481792717
1782379547,2,,Aggregated,0.600000,0.000000,9,13,15,20,36,42,54,58,2100,2100,2100,715,0,9,22.259374685183335,4.257199994754046,2103.172300005099,7804.9776223776225
1782379548,2,,Aggregated,0.600000,0.000000,9,13,15,20,36,42,54,58,2100,2100,2100,715,0,9,22.259374685183335,4.257199994754046,2103.172300005099,7804.9776223776225
1782379549,2,,Aggregated,0.700000,0.000000,9,13,15,20,36,42,54,58,2100,2100,2100,716,0,9,22.2409107540565,4.257199994754046,2103.172300005099,7802.268156424581
1782379550,2,,Aggregated,0.700000,0.000000,9,13,15,20,36,42,54,58,2100,2100,2100,716,0,9,22.2409107540565,4.257199994754046,2103.172300005099,7802.268156424581
1782379551,2,,Aggregated,0.500000,0.000000,9,13,15,20,36,42,54,58,2100,2100,2100,717,0,9,22.219682426653467,4.257199994754046,2103.172300005099,7798.481171548117
1782379552,2,,Aggregated,0.500000,0.000000,9,13,15,20,36,42,54,58,2100,2100,2100,717,0,9,22.219682426653467,4.257199994754046,2103.172300005099,7798.481171548117
1782379553,2,,Aggregated,0.500000,0.000000,9,13,15,20,36,42,54,58,2100,2100,2100,717,0,9,22.219682426653467,4.257199994754046,2103.172300005099,7798.481171548117
1782379554,2,,Aggregated,0.500000,0.000000,9,13,15,20,36,42,54,58,2100,2100,2100,718,0,9,22.199053621054322,4.257199994754046,2103.172300005099,7795.788300835655
1782379555,2,,Aggregated,0.500000,0.000000,9,13,15,20,36,42,54,58,2100,2100,2100,719,0,9,22.23044617514185,4.257199994754046,2103.172300005099,7799.547983310153
1782379556,2,,Aggregated,0.500000,0.000000,9,13,15,20,36,42,54,58,2100,2100,2100,719,0,9,22.23044617514185,4.257199994754046,2103.172300005099,7799.547983310153
1782379557,2,,Aggregated,0.500000,0.000000,9,13,15,20,36,42,54,58,2100,2100,2100,719,0,9,22.23044617514185,4.257199994754046,2103.172300005099,7799.547983310153
1782379558,2,,Aggregated,0.500000,0.000000,9,13,15,20,36,42,54,58,2100,2100,2100,720,0,9,22.216893611019056,4.257199994754046,2103.172300005099,7803.297222222222
1782379559,2,,Aggregated,0.400000,0.000000,9,13,15,20,36,42,54,58,2100,2100,2100,721,0,9,22.205033703115717,4.257199994754046,2103.172300005099,7807.036061026352
1782379560,2,,Aggregated,0.400000,0.000000,9,13,15,20,36,42,54,58,2100,2100,2100,721,0,9,22.205033703115717,4.257199994754046,2103.172300005099,7807.036061026352
1782379561,2,,Aggregated,0.500000,0.000000,9,13,15,20,36,42,54,58,2100,2100,2100,722,0,9,22.219330055331664,4.257199994754046,2103.172300005099,7810.764542936288
1782379562,2,,Aggregated,0.500000,0.000000,9,13,15,20,36,42,54,58,2100,2100,2100,722,0,9,22.219330055331664,4.257199994754046,2103.172300005099,7810.764542936288
1782379563,2,,Aggregated,0.500000,0.000000,9,13,15,20,36,42,54,58,2100,2100,2100,722,0,9,22.219330055331664,4.257199994754046,2103.172300005099,7810.764542936288
1782379564,2,,Aggregated,0.500000,0.000000,9,13,15,20,36,42,54,58,2100,2100,2100,723,0,9,22.203666528279186,4.257199994754046,2103.172300005099,7814.482710926694
1782379565,2,,Aggregated,0.500000,0.000000,9,13,15,20,36,42,54,58,2100,2100,2100,724,0,9,22.188200690538025,4.257199994754046,2103.172300005099,7818.190607734807
1782379566,2,,Aggregated,0.500000,0.000000,9,13,15,20,36,42,54,58,2100,2100,2100,724,0,9,22.188200690538025,4.257199994754046,2103.172300005099,7818.190607734807
1782379567,2,,Aggregated,0.400000,0.000000,9,13,15,20,36,42,54,58,2100,2100,2100,725,0,9,22.170869930956417,4.257199994754046,2103.172300005099,7815.496551724138
1782379568,2,,Aggregated,0.400000,0.000000,9,13,15,20,36,42,54,58,2100,2100,2100,725,0,9,22.170869930956417,4.257199994754046,2103.172300005099,7815.496551724138
1782379569,2,,Aggregated,0.400000,0.000000,9,13,15,20,36,42,54,58,2100,2100,2100,725,0,9,22.170869930956417,4.257199994754046,2103.172300005099,7815.496551724138
1782379570,2,,Aggregated,0.500000,0.000000,9,13,15,20,36,42,54,58,2100,2100,2100,726,0,9,22.1815851239052,4.257199994754046,2103.172300005099,7819.1928374655645
1782379571,2,,Aggregated,0.500000,0.000000,9,13,15,20,36,42,54,58,2100,2100,2100,726,0,9,22.1815851239052,4.257199994754046,2103.172300005099,7819.1928374655645
1782379572,2,,Aggregated,0.500000,0.000000,9,13,15,20,36,42,54,58,2100,2100,2100,727,0,9,22.160823246150436,4.257199994754046,2103.172300005099,7815.434662998625
1782379573,2,,Aggregated,0.400000,0.000000,9,13,15,20,36,42,54,58,2100,2100,2100,728,0,9,22.148434752695152,4.257199994754046,2103.172300005099,7819.120879120879
1782379574,2,,Aggregated,0.400000,0.000000,9,13,15,20,36,42,54,58,2100,2100,2100,728,0,9,22.148434752695152,4.257199994754046,2103.172300005099,7819.120879120879
1782379575,2,,Aggregated,0.400000,0.000000,9,13,15,20,36,42,54,58,2100,2100,2100,729,0,9,22.138372702284208,4.257199994754046,2103.172300005099,7822.796982167352
1782379576,2,,Aggregated,0.400000,0.000000,9,13,15,20,36,42,54,58,2100,2100,2100,729,0,9,22.138372702284208,4.257199994754046,2103.172300005099,7822.796982167352
1782379577,2,,Aggregated,0.400000,0.000000,9,13,15,20,36,42,54,58,2100,2100,2100,729,0,9,22.138372702284208,4.257199994754046,2103.172300005099,7822.796982167352
1782379578,2,,Aggregated,0.500000,0.000000,9,13,15,20,36,42,54,58,2100,2100,2100,731,0,9,22.1322187414124,4.257199994754046,2103.172300005099,7823.77975376197
1782379579,2,,Aggregated,0.500000,0.000000,9,13,15,20,36,42,54,58,2100,2100,2100,731,0,9,22.1322187414124,4.257199994754046,2103.172300005099,7823.77975376197
1782379580,2,,Aggregated,0.500000,0.000000,9,13,15,20,36,42,54,58,2100,2100,2100,731,0,9,22.1322187414124,4.257199994754046,2103.172300005099,7823.77975376197
1782379581,2,,Aggregated,0.500000,0.000000,9,13,15,20,36,42,54,58,2100,2100,2100,733,0,9,22.109509549774057,4.257199994754046,2103.172300005099,7824.757162346521
1782379582,2,,Aggregated,0.500000,0.000000,9,13,15,20,36,42,54,58,2100,2100,2100,733,0,9,22.109509549774057,4.257199994754046,2103.172300005099,7824.757162346521
1782379583,2,,Aggregated,0.500000,0.000000,9,13,15,20,36,42,54,58,2100,2100,2100,733,0,9,22.109509549774057,4.257199994754046,2103.172300005099,7824.757162346521
1782379584,2,,Aggregated,0.700000,0.000000,9,13,15,20,36,42,54,58,2100,2100,2100,734,0,9,22.087562534034575,4.257199994754046,2103.172300005099,7822.08719346049
1782379585,2,,Aggregated,0.700000,0.000000,9,13,15,20,36,42,54,58,2100,2100,2100,735,0,9,22.088610476158482,4.257199994754046,2103.172300005099,7825.72925170068
1782379586,2,,Aggregated,0.700000,0.000000,9,13,15,20,36,42,54,58,2100,2100,2100,735,0,9,22.088610476158482,4.257199994754046,2103.172300005099,7825.72925170068
1782379587,2,,Aggregated,0.500000,0.000000,9,13,16,20,36,42,54,58,2100,2100,2100,736,0,9,22.082982201047106,4.257199994754046,2103.172300005099,7829.361413043478
1782379588,2,,Aggregated,0.500000,0.000000,9,13,16,20,36,42,54,58,2100,2100,2100,736,0,9,22.082982201047106,4.257199994754046,2103.172300005099,7829.361413043478
1782379589,2,,Aggregated,0.600000,0.000000,9,13,16,20,36,42,54,58,2100,2100,2100,737,0,9,22.08355115327745,4.257199994754046,2103.172300005099,7832.983717774762
1782379590,2,,Aggregated,0.600000,0.000000,9,13,16,20,36,42,54,58,2100,2100,2100,738,0,9,22.06156084005283,4.257199994754046,2103.172300005099,7830.317073170731
1782379591,2,,Aggregated,0.600000,0.000000,9,13,16,20,36,42,54,58,2100,2100,2100,738,0,9,22.06156084005283,4.257199994754046,2103.172300005099,7830.317073170731
1782379592,2,,Aggregated,0.600000,0.000000,9,13,16,20,36,42,54,58,2100,2100,2100,738,0,9,22.06156084005283,4.257199994754046,2103.172300005099,7830.317073170731
1782379593,2,,Aggregated,0.500000,0.000000,9,13,16,20,36,42,54,58,2100,2100,2100,739,0,9,22.038940865980777,4.257199994754046,2103.172300005099,7827.6576454668475
1782379594,2,,Aggregated,0.500000,0.000000,9,13,16,20,36,42,54,58,2100,2100,2100,740,0,9,22.01735743237313,4.257199994754046,2103.172300005099,7825.005405405405
1782379595,2,,Aggregated,0.500000,0.000000,9,13,16,20,36,42,54,58,2100,2100,2100,740,0,9,22.01735743237313,4.257199994754046,2103.172300005099,7825.005405405405
1782379596,2,,Aggregated,0.500000,0.000000,9,13,16,20,36,41,54,58,2100,2100,2100,741,0,9,22.027785425026796,4.257199994754046,2103.172300005099,7828.6140350877195
1782379597,2,,Aggregated,0.500000,0.000000,9,13,16,20,36,41,54,58,2100,2100,2100,741,0,9,22.027785425026796,4.257199994754046,2103.172300005099,7828.6140350877195
1782379598,2,,Aggregated,0.500000,0.000000,9,13,16,20,36,41,54,58,2100,2100,2100,742,0,9,22.01277803226184,4.257199994754046,2103.172300005099,7832.212938005391
1782379599,2,,Aggregated,0.500000,0.000000,9,13,16,20,36,41,54,58,2100,2100,2100,742,0,9,22.01277803226184,4.257199994754046,2103.172300005099,7832.212938005391
1782379600,2,,Aggregated,0.600000,0.000000,9,13,16,20,36,41,54,58,2100,2100,2100,743,0,9,21.990366352525097,4.257199994754046,2103.172300005099,7829.565275908479
1782379601,2,,Aggregated,0.600000,0.000000,9,13,16,20,36,41,54,58,2100,2100,2100,744,0,9,21.969448924620895,4.257199994754046,2103.172300005099,7825.879032258064
1782379602,2,,Aggregated,0.500000,0.000000,9,13,16,20,36,41,54,58,2100,2100,2100,745,0,9,21.98429597305734,4.257199994754046,2103.172300005099,7829.46711409396
1782379603,2,,Aggregated,0.500000,0.000000,9,13,16,20,36,41,54,58,2100,2100,2100,745,0,9,21.98429597305734,4.257199994754046,2103.172300005099,7829.46711409396
1782379604,2,,Aggregated,0.500000,0.000000,9,13,16,20,36,41,54,58,2100,2100,2100,745,0,9,21.98429597305734,4.257199994754046,2103.172300005099,7829.46711409396
1782379605,2,,Aggregated,0.600000,0.000000,9,13,16,20,36,41,54,58,2100,2100,2100,746,0,9,21.963513940926198,4.257199994754046,2103.172300005099,7825.790884718499
1782379606,2,,Aggregated,0.500000,0.000000,9,13,16,20,36,41,54,58,2100,2100,2100,747,0,9,21.951368808483895,4.257199994754046,2103.172300005099,7829.369477911647
1782379607,2,,Aggregated,0.500000,0.000000,9,13,16,20,36,41,54,58,2100,2100,2100,747,0,9,21.951368808483895,4.257199994754046,2103.172300005099,7829.369477911647
1782379608,2,,Aggregated,0.500000,0.000000,9,13,16,20,36,41,54,58,2100,2100,2100,748,0,9,21.930931550722207,4.257199994754046,2103.172300005099,7826.743315508022
1782379609,2,,Aggregated,0.500000,0.000000,9,13,16,20,36,41,54,58,2100,2100,2100,748,0,9,21.930931550722207,4.257199994754046,2103.172300005099,7826.743315508022
1782379610,2,,Aggregated,0.500000,0.000000,9,13,16,20,36,41,54,58,2100,2100,2100,749,0,9,21.943256875740374,4.257199994754046,2103.172300005099,7830.311081441922
1782379611,2,,Aggregated,0.500000,0.000000,9,13,16,20,36,41,54,58,2100,2100,2100,749,0,9,21.943256875740374,4.257199994754046,2103.172300005099,7830.311081441922
1782379612,2,,Aggregated,0.600000,0.000000,9,13,16,20,36,41,54,58,2100,2100,2100,750,0,9,21.930389999916468,4.257199994754046,2103.172300005099,7833.869333333333
1782379613,2,,Aggregated,0.500000,0.000000,9,13,16,20,36,41,53,58,2100,2100,2100,751,0,9,21.917653528531826,4.257199994754046,2103.172300005099,7837.41810918775
1782379614,2,,Aggregated,0.500000,0.000000,9,13,16,20,36,41,53,58,2100,2100,2100,751,0,9,21.917653528531826,4.257199994754046,2103.172300005099,7837.41810918775
1782379615,2,,Aggregated,0.500000,0.000000,9,13,16,20,36,41,53,58,2100,2100,2100,752,0,9,21.903054654161522,4.257199994754046,2103.172300005099,7840.95744680851
1782379616,2,,Aggregated,0.500000,0.000000,9,13,16,20,36,41,53,58,2100,2100,2100,752,0,9,21.903054654161522,4.257199994754046,2103.172300005099,7840.95744680851
1782379617,2,,Aggregated,0.500000,0.000000,9,13,16,20,36,41,53,58,2100,2100,2100,754,0,9,21.896207294328352,4.257199994754046,2103.172300005099,7841.862068965517
1782379618,2,,Aggregated,0.500000,0.000000,9,13,16,20,36,41,53,58,2100,2100,2100,754,0,9,21.896207294328352,4.257199994754046,2103.172300005099,7841.862068965517
1782379619,2,,Aggregated,0.600000,0.000000,9,13,16,20,36,41,53,58,2100,2100,2100,755,0,9,21.885161721748947,4.257199994754046,2103.172300005099,7845.381456953643
1782379620,2,,Aggregated,0.600000,0.000000,9,13,16,20,36,41,53,58,2100,2100,2100,755,0,9,21.885161721748947,4.257199994754046,2103.172300005099,7845.381456953643
1782379621,2,,Aggregated,0.600000,0.000000,9,13,16,20,36,41,53,58,2100,2100,2100,756,0,9,21.871982407304962,4.257199994754046,2103.172300005099,7848.891534391534
1782379622,2,,Aggregated,0.600000,0.000000,9,13,16,20,36,41,53,58,2100,2100,2100,756,0,9,21.871982407304962,4.257199994754046,2103.172300005099,7848.891534391534
1782379623,2,,Aggregated,0.600000,0.000000,9,13,16,20,36,42,53,58,2100,2100,2100,757,0,9,21.910634213885356,4.257199994754046,2103.172300005099,7852.392338177015
1782379624,2,,Aggregated,0.600000,0.000000,9,13,16,20,36,42,53,58,2100,2100,2100,757,0,9,21.910634213885356,4.257199994754046,2103.172300005099,7852.392338177015
1782379625,2,,Aggregated,0.700000,0.000000,9,13,16,20,36,42,53,58,2100,2100,2100,758,0,9,21.901241028914075,4.257199994754046,2103.172300005099,7855.883905013193
1782379626,2,,Aggregated,0.700000,0.000000,9,13,16,20,36,42,53,58,2100,2100,2100,758,0,9,21.901241028914075,4.257199994754046,2103.172300005099,7855.883905013193
1782379627,2,,Aggregated,0.700000,0.000000,9,13,16,20,36,42,53,58,2100,2100,2100,759,0,9,21.887175493959703,4.257199994754046,2103.172300005099,7859.36627140975
1782379628,2,,Aggregated,0.700000,0.000000,9,13,16,20,36,42,53,58,2100,2100,2100,759,0,9,21.887175493959703,4.257199994754046,2103.172300005099,7859.36627140975
1782379629,2,,Aggregated,0.500000,0.000000,9,13,16,20,36,42,53,58,2100,2100,2100,760,0,9,21.869512763039797,4.257199994754046,2103.172300005099,7856.742105263158
1782379631,2,,Aggregated,0.500000,0.000000,9,13,16,20,36,41,53,58,2100,2100,2100,761,0,9,21.883563206179414,4.257199994754046,2103.172300005099,7860.214191852825
1782379632,2,,Aggregated,0.500000,0.000000,9,13,16,20,36,41,53,58,2100,2100,2100,762,0,9,21.870647375199948,4.257199994754046,2103.172300005099,7863.677165354331
1782379633,2,,Aggregated,0.500000,0.000000,9,13,16,20,36,41,53,58,2100,2100,2100,762,0,9,21.870647375199948,4.257199994754046,2103.172300005099,7863.677165354331
1782379634,2,,Aggregated,0.600000,0.000000,9,13,16,20,36,41,53,58,2100,2100,2100,763,0,9,21.85151140223261,4.257199994754046,2103.172300005099,7860.038007863696
1782379635,2,,Aggregated,0.600000,0.000000,9,13,16,20,36,41,53,58,2100,2100,2100,763,0,9,21.85151140223261,4.257199994754046,2103.172300005099,7860.038007863696
1782379636,2,,Aggregated,0.600000,0.000000,9,13,16,20,36,41,53,58,2100,2100,2100,764,0,9,21.83182643967527,4.257199994754046,2103.172300005099,7857.426701570681
1782379637,2,,Aggregated,0.500000,0.000000,9,13,16,20,36,41,53,58,2100,2100,2100,765,0,9,21.854083137141597,4.257199994754046,2103.172300005099,7860.879738562092
1782379638,2,,Aggregated,0.500000,0.000000,9,13,16,20,36,41,53,58,2100,2100,2100,765,0,9,21.854083137141597,4.257199994754046,2103.172300005099,7860.879738562092
1782379639,2,,Aggregated,0.600000,0.000000,9,13,16,20,36,41,53,58,2100,2100,2100,766,0,9,21.841861357583845,4.257199994754046,2103.172300005099,7864.323759791123
1782379640,2,,Aggregated,0.600000,0.000000,9,13,16,20,36,41,53,58,2100,2100,2100,766,0,9,21.841861357583845,4.257199994754046,2103.172300005099,7864.323759791123
1782379641,2,,Aggregated,0.600000,0.000000,9,13,16,20,36,41,53,58,2100,2100,2100,767,0,9,21.8222736635188,4.257199994754046,2103.172300005099,7860.702737940026
1782379642,2,,Aggregated,0.600000,0.000000,9,13,16,20,36,41,53,58,2100,2100,2100,767,0,9,21.8222736635188,4.257199994754046,2103.172300005099,7860.702737940026
1782379643,2,,Aggregated,0.600000,0.000000,9,13,16,20,36,41,53,58,2100,2100,2100,768,0,9,21.806956510298885,4.257199994754046,2103.172300005099,7857.091145833333
1782379644,2,,Aggregated,0.600000,0.000000,9,13,15,20,36,41,53,58,2100,2100,2100,769,0,9,21.787186345795195,4.257199994754046,2103.172300005099,7854.500650195058
1782379645,2,,Aggregated,0.600000,0.000000,9,13,15,20,36,41,53,58,2100,2100,2100,769,0,9,21.787186345795195,4.257199994754046,2103.172300005099,7854.500650195058
1782379646,2,,Aggregated,0.600000,0.000000,9,13,15,20,36,41,53,58,2100,2100,2100,770,0,9,21.767057532364465,4.257199994754046,2103.172300005099,7850.9064935064935
1782379647,2,,Aggregated,0.600000,0.000000,9,13,15,20,36,41,53,58,2100,2100,2100,770,0,9,21.767057532364465,4.257199994754046,2103.172300005099,7850.9064935064935
1782379648,2,,Aggregated,0.600000,0.000000,9,13,15,20,36,41,53,58,2100,2100,2100,771,0,9,21.750254344901624,4.257199994754046,2103.172300005099,7848.330739299611
1782379649,2,,Aggregated,0.600000,0.000000,9,13,15,20,36,41,53,58,2100,2100,2100,772,0,9,21.729732901455083,4.257199994754046,2103.172300005099,7844.753886010362
1782379650,2,,Aggregated,0.600000,0.000000,9,13,15,20,36,41,53,58,2100,2100,2100,773,0,9,21.709829624736244,4.257199994754046,2103.172300005099,7842.192755498059
1782379651,2,,Aggregated,0.600000,0.000000,9,13,15,20,36,41,53,58,2100,2100,2100,773,0,9,21.709829624736244,4.257199994754046,2103.172300005099,7842.192755498059
1782379652,2,,Aggregated,0.700000,0.000000,9,13,15,20,36,41,53,58,2100,2100,2100,774,0,9,21.729802713061332,4.257199994754046,2103.172300005099,7845.625322997416
1782379653,2,,Aggregated,0.700000,0.000000,9,13,15,20,36,41,53,58,2100,2100,2100,774,0,9,21.729802713061332,4.257199994754046,2103.172300005099,7845.625322997416
1782379654,2,,Aggregated,0.600000,0.000000,9,13,15,20,36,41,53,58,2100,2100,2100,775,0,9,21.709879225687004,4.257199994754046,2103.172300005099,7842.065806451613
1782379655,2,,Aggregated,0.600000,0.000000,9,13,15,20,36,41,53,58,2100,2100,2100,775,0,9,21.709879225687004,4.257199994754046,2103.172300005099,7842.065806451613
1782379656,2,,Aggregated,0.600000,0.000000,9,13,15,20,36,41,53,58,2100,2100,2100,776,0,9,21.69107074731767,4.257199994754046,2103.172300005099,7839.518041237114
1782379657,2,,Aggregated,0.600000,0.000000,9,13,15,20,36,41,53,58,2100,2100,2100,777,0,9,21.670257014048193,4.257199994754046,2103.172300005099,7836.976833976834
1782379658,2,,Aggregated,0.600000,0.000000,9,13,15,20,36,41,53,58,2100,2100,2100,777,0,9,21.670257014048193,4.257199994754046,2103.172300005099,7836.976833976834
1782379659,2,,Aggregated,0.600000,0.000000,9,13,15,20,36,41,53,58,2100,2100,2100,777,0,9,21.670257014048193,4.257199994754046,2103.172300005099,7836.976833976834
1782379660,2,,Aggregated,0.600000,0.000000,9,13,15,20,36,41,53,58,2100,2100,2100,778,0,9,21.681270308370323,4.257199994754046,2103.172300005099,7840.3984575835475
1782379661,2,,Aggregated,0.600000,0.000000,9,13,15,20,36,41,53,58,2100,2100,2100,778,0,9,21.681270308370323,4.257199994754046,2103.172300005099,7840.3984575835475
1782379662,2,,Aggregated,0.500000,0.000000,9,13,15,20,36,41,53,58,2100,2100,2100,779,0,9,21.669643902323244,4.257199994754046,2103.172300005099,7843.811296534018
1782379663,2,,Aggregated,0.400000,0.000000,9,13,15,20,36,41,53,58,2100,2100,2100,780,0,9,21.65664089731693,4.257199994754046,2103.172300005099,7847.215384615384
1782379664,2,,Aggregated,0.400000,0.000000,9,13,15,20,36,41,53,58,2100,2100,2100,780,0,9,21.65664089731693,4.257199994754046,2103.172300005099,7847.215384615384
1782379665,2,,Aggregated,0.600000,0.000000,9,13,15,20,36,41,53,58,2100,2100,2100,781,0,9,21.64972765674837,4.257199994754046,2103.172300005099,7850.610755441741
1782379666,2,,Aggregated,0.600000,0.000000,9,13,15,20,36,41,53,58,2100,2100,2100,781,0,9,21.64972765674837,4.257199994754046,2103.172300005099,7850.610755441741
1782379667,2,,Aggregated,0.500000,0.000000,9,13,16,20,36,41,53,58,2100,2100,2100,782,0,9,21.65933030680098,4.257199994754046,2103.172300005099,7853.997442455243
1782379668,2,,Aggregated,0.500000,0.000000,9,13,16,20,36,41,53,58,2100,2100,2100,782,0,9,21.65933030680098,4.257199994754046,2103.172300005099,7853.997442455243
1782379669,2,,Aggregated,0.500000,0.000000,9,13,16,20,36,41,53,58,2100,2100,2100,784,0,9,21.620834183559797,4.257199994754046,2103.172300005099,7847.931122448979
1782379670,2,,Aggregated,0.500000,0.000000,9,13,16,20,36,41,53,58,2100,2100,2100,784,0,9,21.620834183559797,4.257199994754046,2103.172300005099,7847.931122448979
1782379671,2,,Aggregated,0.500000,0.000000,9,13,16,20,36,41,53,58,2100,2100,2100,784,0,9,21.620834183559797,4.257199994754046,2103.172300005099,7847.931122448979
1782379672,2,,Aggregated,0.500000,0.000000,9,13,16,20,36,41,53,58,2100,2100,2100,784,0,9,21.620834183559797,4.257199994754046,2103.172300005099,7847.931122448979
1782379673,2,,Aggregated,0.600000,0.000000,9,13,16,20,36,41,53,58,2100,2100,2100,786,0,9,21.60992620852906,4.257199994754046,2103.172300005099,7848.78117048346
1782379674,2,,Aggregated,0.600000,0.000000,9,13,16,20,36,41,53,58,2100,2100,2100,786,0,9,21.60992620852906,4.257199994754046,2103.172300005099,7848.78117048346
1782379675,2,,Aggregated,0.600000,0.000000,9,13,16,20,36,41,53,58,2100,2100,2100,786,0,9,21.60992620852906,4.257199994754046,2103.172300005099,7848.78117048346
1782379676,2,,Aggregated,0.600000,0.000000,9,13,16,20,36,41,53,58,2100,2100,2100,788,0,9,21.580171065875106,4.257199994754046,2103.172300005099,7848.63959390863
1782379677,2,,Aggregated,0.600000,0.000000,9,13,16,20,36,41,53,58,2100,2100,2100,788,0,9,21.580171065875106,4.257199994754046,2103.172300005099,7848.63959390863
1782379678,2,,Aggregated,0.500000,0.000000,9,13,15,20,36,41,53,58,2100,2100,2100,789,0,9,21.56324005058373,4.257199994754046,2103.172300005099,7845.139416983523
1782379679,2,,Aggregated,0.600000,0.000000,9,13,15,20,36,41,53,58,2100,2100,2100,790,0,9,21.543133797350965,4.257199994754046,2103.172300005099,7842.632911392405
1782379680,2,,Aggregated,0.600000,0.000000,9,13,15,20,36,41,53,58,2100,2100,2100,790,0,9,21.543133797350965,4.257199994754046,2103.172300005099,7842.632911392405
1782379681,2,,Aggregated,0.700000,0.000000,9,13,16,20,36,41,53,58,2100,2100,2100,791,0,9,21.562378128833643,4.257199994754046,2103.172300005099,7845.991150442478
1782379682,2,,Aggregated,0.700000,0.000000,9,13,16,20,36,41,53,58,2100,2100,2100,791,0,9,21.562378128833643,4.257199994754046,2103.172300005099,7845.991150442478
1782379683,2,,Aggregated,0.700000,0.000000,9,13,16,20,36,41,53,58,2100,2100,2100,791,0,9,21.562378128833643,4.257199994754046,2103.172300005099,7845.991150442478
1782379684,2,,Aggregated,0.600000,0.000000,9,13,16,20,36,41,53,58,2100,2100,2100,792,0,9,21.542781944321398,4.257199994754046,2103.172300005099,7843.489898989899
1782379685,2,,Aggregated,0.700000,0.000000,9,13,15,20,36,41,53,58,2100,2100,2100,793,0,9,21.52407049168545,4.257199994754046,2103.172300005099,7840.994955863808
1782379686,2,,Aggregated,0.700000,0.000000,9,13,15,20,36,41,53,58,2100,2100,2100,793,0,9,21.52407049168545,4.257199994754046,2103.172300005099,7840.994955863808
1782379687,2,,Aggregated,0.600000,0.000000,9,13,15,20,36,41,53,58,2100,2100,2100,794,0,9,21.507333501142252,4.257199994754046,2103.172300005099,7838.506297229219
1782379688,2,,Aggregated,0.700000,0.000000,9,13,16,20,36,41,53,58,2100,2100,2100,795,0,9,21.52213547159127,4.257199994754046,2103.172300005099,7841.852830188679
1782379689,2,,Aggregated,0.700000,0.000000,9,13,16,20,36,41,53,58,2100,2100,2100,795,0,9,21.52213547159127,4.257199994754046,2103.172300005099,7841.852830188679
1782379690,2,,Aggregated,0.600000,0.000000,9,13,16,20,36,41,53,58,2100,2100,2100,796,0,9,21.503477763702968,4.257199994754046,2103.172300005099,7839.369346733668
1782379691,2,,Aggregated,0.600000,0.000000,9,13,16,20,36,41,53,58,2100,2100,2100,796,0,9,21.503477763702968,4.257199994754046,2103.172300005099,7839.369346733668
1782379692,2,,Aggregated,0.500000,0.000000,9,13,15,20,36,41,53,58,2100,2100,2100,797,0,9,21.490701631015668,4.257199994754046,2103.172300005099,7842.706398996236
1782379693,2,,Aggregated,0.500000,0.000000,9,13,15,20,36,41,53,58,2100,2100,2100,797,0,9,21.490701631015668,4.257199994754046,2103.172300005099,7842.706398996236
1782379694,2,,Aggregated,0.500000,0.000000,9,13,15,20,36,41,53,58,2100,2100,2100,797,0,9,21.490701631015668,4.257199994754046,2103.172300005099,7842.706398996236
1782379695,2,,Aggregated,0.600000,0.000000,9,13,16,20,36,41,53,58,2100,2100,2100,799,0,9,21.49667446798055,4.257199994754046,2103.172300005099,7843.555694618273
1782379696,2,,Aggregated,0.600000,0.000000,9,13,16,20,36,41,53,58,2100,2100,2100,799,0,9,21.49667446798055,4.257199994754046,2103.172300005099,7843.555694618273
1782379697,2,,Aggregated,0.600000,0.000000,9,13,16,20,36,41,53,58,2100,2100,2100,799,0,9,21.49667446798055,4.257199994754046,2103.172300005099,7843.555694618273
1782379698,2,,Aggregated,0.600000,0.000000,9,13,16,20,36,41,53,58,2100,2100,2100,800,0,9,21.480024749889708,4.257199994754046,2103.172300005099,7840.11
1782379699,2,,Aggregated,0.600000,0.000000,9,13,16,20,36,41,53,58,2100,2100,2100,800,0,9,21.480024749889708,4.257199994754046,2103.172300005099,7840.11
1782379700,2,,Aggregated,0.400000,0.000000,9,13,16,20,36,41,52,56,2100,2100,2100,801,0,9,21.493186766420376,4.257199994754046,2103.172300005099,7843.429463171036
1782379701,2,,Aggregated,0.400000,0.000000,9,13,16,20,36,41,52,56,2100,2100,2100,801,0,9,21.493186766420376,4.257199994754046,2103.172300005099,7843.429463171036
1782379702,2,,Aggregated,0.400000,0.000000,9,13,16,20,36,41,52,56,2100,2100,2100,801,0,9,21.493186766420376,4.257199994754046,2103.172300005099,7843.429463171036
1782379703,2,,Aggregated,0.500000,0.000000,9,13,16,20,36,41,52,56,2100,2100,2100,802,0,9,21.50010286770924,4.257199994754046,2103.172300005099,7846.740648379053
1782379704,2,,Aggregated,0.500000,0.000000,9,13,16,20,36,41,52,56,2100,2100,2100,802,0,9,21.50010286770924,4.257199994754046,2103.172300005099,7846.740648379053
1782379705,2,,Aggregated,0.500000,0.000000,9,13,16,20,36,41,52,56,2100,2100,2100,804,0,9,21.46838221381753,4.257199994754046,2103.172300005099,7847.574626865671
1782379706,2,,Aggregated,0.500000,0.000000,9,13,16,20,36,41,52,56,2100,2100,2100,804,0,9,21.46838221381753,4.257199994754046,2103.172300005099,7847.574626865671
1782379707,2,,Aggregated,0.600000,0.000000,9,13,16,20,36,41,52,56,2100,2100,2100,805,0,9,21.44965043467519,4.257199994754046,2103.172300005099,7845.111801242236
1782379708,2,,Aggregated,0.600000,0.000000,9,13,16,20,36,41,52,56,2100,2100,2100,805,0,9,21.44965043467519,4.257199994754046,2103.172300005099,7845.111801242236
1782379709,2,,Aggregated,0.500000,0.000000,9,13,16,20,36,41,52,56,2100,2100,2100,806,0,9,21.459028163662516,4.257199994754046,2103.172300005099,7848.404466501241
1782379710,2,,Aggregated,0.500000,0.000000,9,13,16,20,36,41,52,56,2100,2100,2100,806,0,9,21.459028163662516,4.257199994754046,2103.172300005099,7848.404466501241
1782379711,2,,Aggregated,0.500000,0.000000,9,13,16,20,36,41,52,56,2100,2100,2100,806,0,9,21.459028163662516,4.257199994754046,2103.172300005099,7848.404466501241
1782379712,2,,Aggregated,0.600000,0.000000,9,13,16,20,36,41,52,56,2100,2100,2100,808,0,9,21.43497413354534,4.257199994754046,2103.172300005099,7848.267326732674
1782379713,2,,Aggregated,0.600000,0.000000,9,13,16,20,36,41,52,56,2100,2100,2100,808,0,9,21.43497413354534,4.257199994754046,2103.172300005099,7848.267326732674
1782379714,2,,Aggregated,0.600000,0.000000,9,13,16,20,36,41,52,56,2100,2100,2100,809,0,9,21.447214462176454,4.257199994754046,2103.172300005099,7851.543881334981
1782379715,2,,Aggregated,0.600000,0.000000,9,13,16,20,36,41,52,56,2100,2100,2100,809,0,9,21.447214462176454,4.257199994754046,2103.172300005099,7851.543881334981
1782379716,2,,Aggregated,0.600000,0.000000,9,13,16,20,36,41,52,56,2100,2100,2100,810,0,9,21.428499752971817,4.257199994754046,2103.172300005099,7848.130864197531
1782379717,2,,Aggregated,0.600000,0.000000,9,13,16,20,35,41,52,56,2100,2100,2100,811,0,9,21.42306214538888,4.257199994754046,2103.172300005099,7851.399506781751
1782379718,2,,Aggregated,0.600000,0.000000,9,13,16,20,35,41,52,56,2100,2100,2100,812,0,9,21.414197290535864,4.257199994754046,2103.172300005099,7854.660098522168
1782379719,2,,Aggregated,0.600000,0.000000,9,13,16,20,35,41,52,56,2100,2100,2100,813,0,9,21.395660024500728,4.257199994754046,2103.172300005099,7852.212792127922
1782379720,2,,Aggregated,0.600000,0.000000,9,13,16,20,35,41,52,56,2100,2100,2100,814,0,9,21.37557186722768,4.257199994754046,2103.172300005099,7848.815724815725
1782379721,2,,Aggregated,0.600000,0.000000,9,13,16,20,35,41,52,56,2100,2100,2100,814,0,9,21.37557186722768,4.257199994754046,2103.172300005099,7848.815724815725
1782379722,2,,Aggregated,0.700000,0.000000,9,13,16,20,35,41,52,56,2100,2100,2100,815,0,9,21.39253018395704,4.257199994754046,2103.172300005099,7852.067484662577
1782379723,2,,Aggregated,0.800000,0.000000,9,13,16,20,35,41,52,56,2100,2100,2100,816,0,9,21.37324056364413,4.257199994754046,2103.172300005099,7849.632352941177
1782379724,2,,Aggregated,0.800000,0.000000,9,13,16,20,35,41,52,56,2100,2100,2100,816,0,9,21.37324056364413,4.257199994754046,2103.172300005099,7849.632352941177
1782379725,2,,Aggregated,0.800000,0.000000,9,13,16,20,35,41,52,56,2100,2100,2100,816,0,9,21.37324056364413,4.257199994754046,2103.172300005099,7849.632352941177
1782379726,2,,Aggregated,0.800000,0.000000,9,13,16,20,35,41,52,56,2100,2100,2100,816,0,9,21.37324056364413,4.257199994754046,2103.172300005099,7849.632352941177
1782379727,2,,Aggregated,0.700000,0.000000,9,13,16,20,35,41,52,56,2100,2100,2100,817,0,9,21.38716046502965,4.257199994754046,2103.172300005099,7852.875152998776
1782379728,2,,Aggregated,0.600000,0.000000,9,13,16,20,35,41,52,56,2100,2100,2100,818,0,9,21.368278728523077,4.257199994754046,2103.172300005099,7849.4938875305625
1782379729,2,,Aggregated,0.600000,0.000000,9,13,16,20,35,41,52,56,2100,2100,2100,818,0,9,21.368278728523077,4.257199994754046,2103.172300005099,7849.4938875305625
1782379730,2,,Aggregated,0.600000,0.000000,9,13,16,20,35,41,52,56,2100,2100,2100,818,0,9,21.368278728523077,4.257199994754046,2103.172300005099,7849.4938875305625
1782379731,2,,Aggregated,0.600000,0.000000,9,13,16,20,35,41,52,56,2100,2100,2100,820,0,9,21.340777926756036,4.257199994754046,2103.172300005099,7849.356097560975
1782379732,2,,Aggregated,0.600000,0.000000,9,13,16,20,35,41,52,56,2100,2100,2100,820,0,9,21.340777926756036,4.257199994754046,2103.172300005099,7849.356097560975
1782379733,2,,Aggregated,0.600000,0.000000,9,13,16,20,35,41,52,56,2100,2100,2100,820,0,9,21.340777926756036,4.257199994754046,2103.172300005099,7849.356097560975
1782379734,2,,Aggregated,0.500000,0.000000,9,13,16,20,35,41,52,56,2100,2100,2100,822,0,9,21.35548819942171,4.257199994754046,2103.172300005099,7850.165450121654
1782379735,2,,Aggregated,0.500000,0.000000,9,13,16,20,35,41,52,56,2100,2100,2100,822,0,9,21.35548819942171,4.257199994754046,2103.172300005099,7850.165450121654
1782379736,2,,Aggregated,0.500000,0.000000,9,13,16,20,35,41,52,56,2100,2100,2100,822,0,9,21.35548819942171,4.257199994754046,2103.172300005099,7850.165450121654
1782379737,2,,Aggregated,0.500000,0.000000,9,13,16,20,35,41,52,56,2100,2100,2100,822,0,9,21.35548819942171,4.257199994754046,2103.172300005099,7850.165450121654
1782379738,2,,Aggregated,0.600000,0.000000,9,13,16,20,35,41,52,56,2100,2100,2100,823,0,9,21.337334386294142,4.257199994754046,2103.172300005099,7847.753341433779
1782379739,2,,Aggregated,0.600000,0.000000,9,13,16,20,35,41,52,56,2100,2100,2100,824,0,9,21.334893931938478,4.257199994754046,2103.172300005099,7850.9708737864075
1782379741,2,,Aggregated,0.600000,0.000000,9,13,16,20,35,41,52,56,2100,2100,2100,824,0,9,21.334893931938478,4.257199994754046,2103.172300005099,7850.9708737864075
1782379742,2,,Aggregated,0.600000,0.000000,9,13,16,20,35,41,52,56,2100,2100,2100,824,0,9,21.334893931938478,4.257199994754046,2103.172300005099,7850.9708737864075
1782379743,2,,Aggregated,0.600000,0.000000,9,13,16,20,35,41,52,56,2100,2100,2100,825,0,9,21.31604242413728,4.257199994754046,2103.172300005099,7847.620606060606
1782379744,2,,Aggregated,0.600000,0.000000,9,13,16,20,35,41,52,56,2100,2100,2100,826,0,9,21.32215895874301,4.257199994754046,2103.172300005099,7850.830508474576
1782379745,2,,Aggregated,0.600000,0.000000,9,13,16,20,35,41,52,56,2100,2100,2100,826,0,9,21.32215895874301,4.257199994754046,2103.172300005099,7850.830508474576
1782379746,2,,Aggregated,0.600000,0.000000,9,13,16,20,35,41,52,56,2100,2100,2100,826,0,9,21.32215895874301,4.257199994754046,2103.172300005099,7850.830508474576
1782379747,2,,Aggregated,0.600000,0.000000,9,13,16,20,35,41,52,56,2100,2100,2100,826,0,9,21.32215895874301,4.257199994754046,2103.172300005099,7850.830508474576
1782379748,2,,Aggregated,0.400000,0.000000,9,13,16,20,35,41,52,56,2100,2100,2100,828,0,9,21.284725845313787,4.257199994754046,2103.172300005099,7846.033816425121
1782379749,2,,Aggregated,0.400000,0.000000,9,13,16,20,35,41,52,56,2100,2100,2100,828,0,9,21.284725845313787,4.257199994754046,2103.172300005099,7846.033816425121
1782379750,2,,Aggregated,0.400000,0.000000,9,13,16,20,35,41,52,56,2100,2100,2100,828,0,9,21.284725845313787,4.257199994754046,2103.172300005099,7846.033816425121
1782379751,2,,Aggregated,0.400000,0.000000,9,13,16,20,35,41,52,56,2100,2100,2100,828,0,9,21.284725845313787,4.257199994754046,2103.172300005099,7846.033816425121
1782379752,2,,Aggregated,0.500000,0.000000,9,13,16,20,35,41,52,56,2100,2100,2100,829,0,9,21.267960313532054,4.257199994754046,2103.172300005099,7843.6441495778045
1782379753,2,,Aggregated,0.400000,0.000000,9,13,16,20,35,41,52,56,2100,2100,2100,830,0,9,21.249389036047322,4.257199994754046,2103.172300005099,7841.260240963856
1782379754,2,,Aggregated,0.400000,0.000000,9,13,16,20,35,41,52,56,2100,2100,2100,830,0,9,21.249389036047322,4.257199994754046,2103.172300005099,7841.260240963856
1782379755,2,,Aggregated,0.500000,0.000000,9,13,16,20,35,41,52,56,2100,2100,2100,831,0,9,21.261810589559733,4.257199994754046,2103.172300005099,7844.458483754513
1782379756,2,,Aggregated,0.500000,0.000000,9,13,16,20,35,41,52,56,2100,2100,2100,831,0,9,21.261810589559733,4.257199994754046,2103.172300005099,7844.458483754513
1782379757,2,,Aggregated,0.400000,0.000000,9,13,16,20,35,41,52,56,2100,2100,2100,832,0,9,21.242562019149492,4.257199994754046,2103.172300005099,7841.1442307692305
1782379758,2,,Aggregated,0.400000,0.000000,9,13,16,20,35,41,52,56,2100,2100,2100,832,0,9,21.242562019149492,4.257199994754046,2103.172300005099,7841.1442307692305
1782379759,2,,Aggregated,0.600000,0.000000,9,13,16,20,35,41,52,56,2100,2100,2100,833,0,9,21.23238115237706,4.257199994754046,2103.172300005099,7844.33493397359
1782379760,2,,Aggregated,0.600000,0.000000,9,13,16,20,35,41,52,56,2100,2100,2100,833,0,9,21.23238115237706,4.257199994754046,2103.172300005099,7844.33493397359
1782379761,2,,Aggregated,0.400000,0.000000,9,13,16,20,35,41,52,56,2100,2100,2100,834,0,9,21.215227218143802,4.257199994754046,2103.172300005099,7841.961630695444
1782379762,2,,Aggregated,0.400000,0.000000,9,13,16,20,35,41,52,56,2100,2100,2100,835,0,9,21.198952694519,4.257199994754046,2103.172300005099,7839.594011976048
1782379763,2,,Aggregated,0.400000,0.000000,9,13,16,20,35,41,52,56,2100,2100,2100,835,0,9,21.198952694519,4.257199994754046,2103.172300005099,7839.594011976048
1782379764,2,,Aggregated,0.400000,0.000000,9,13,16,20,35,41,52,56,2100,2100,2100,835,0,9,21.198952694519,4.257199994754046,2103.172300005099,7839.594011976048
1782379765,2,,Aggregated,0.400000,0.000000,9,13,16,20,35,41,52,56,2100,2100,2100,835,0,9,21.198952694519,4.257199994754046,2103.172300005099,7839.594011976048
1782379766,2,,Aggregated,0.500000,0.000000,9,13,16,20,35,41,52,56,2100,2100,2100,836,0,9,21.210543540579046,4.257199994754046,2103.172300005099,7842.775119617225
1782379767,2,,Aggregated,0.500000,0.000000,9,13,16,20,35,41,52,56,2100,2100,2100,837,0,9,21.196339426427553,4.257199994754046,2103.172300005099,7840.412186379928
1782379768,2,,Aggregated,0.500000,0.000000,9,13,16,20,35,41,52,56,2100,2100,2100,837,0,9,21.196339426427553,4.257199994754046,2103.172300005099,7840.412186379928
1782379769,2,,Aggregated,0.500000,0.000000,9,13,16,20,35,41,52,56,2100,2100,2100,838,0,9,21.18081825766654,4.257199994754046,2103.172300005099,7838.054892601432
1782379770,2,,Aggregated,0.500000,0.000000,9,13,16,20,35,41,52,56,2100,2100,2100,838,0,9,21.18081825766654,4.257199994754046,2103.172300005099,7838.054892601432
1782379771,2,,Aggregated,0.500000,0.000000,9,13,16,20,35,41,52,56,2100,2100,2100,839,0,9,21.162509415885634,4.257199994754046,2103.172300005099,7835.703218116806
1782379772,2,,Aggregated,0.500000,0.000000,9,13,16,22,35,41,52,56,2100,2100,2100,840,0,9,21.1752790475224,4.257199994754046,2103.172300005099,7838.8738095238095
1782379773,2,,Aggregated,0.500000,0.000000,9,13,16,22,35,41,52,56,2100,2100,2100,840,0,9,21.1752790475224,4.257199994754046,2103.172300005099,7838.8738095238095
1782379774,2,,Aggregated,0.500000,0.000000,9,13,16,22,35,41,52,56,2100,2100,2100,840,0,9,21.1752790475224,4.257199994754046,2103.172300005099,7838.8738095238095
1782379775,2,,Aggregated,0.500000,0.000000,9,13,16,20,35,41,52,56,2100,2100,2100,841,0,9,21.162660641984832,4.257199994754046,2103.172300005099,7842.036860879904
1782379776,2,,Aggregated,0.500000,0.000000,9,13,16,20,35,41,52,56,2100,2100,2100,842,0,9,21.145862113896506,4.257199994754046,2103.172300005099,7838.7648456057
1782379777,2,,Aggregated,0.500000,0.000000,9,13,16,20,35,41,52,56,2100,2100,2100,842,0,9,21.145862113896506,4.257199994754046,2103.172300005099,7838.7648456057
1782379778,2,,Aggregated,0.500000,0.000000,9,13,16,22,35,41,52,56,2100,2100,2100,844,0,9,21.141667298463496,4.257199994754046,2103.172300005099,7838.6563981042655
1782379779,2,,Aggregated,0.500000,0.000000,9,13,16,22,35,41,52,56,2100,2100,2100,844,0,9,21.141667298463496,4.257199994754046,2103.172300005099,7838.6563981042655
1782379780,2,,Aggregated,0.500000,0.000000,9,13,16,22,35,41,52,56,2100,2100,2100,844,0,9,21.141667298463496,4.257199994754046,2103.172300005099,7838.6563981042655
1782379781,2,,Aggregated,0.500000,0.000000,9,13,16,22,35,41,52,56,2100,2100,2100,844,0,9,21.141667298463496,4.257199994754046,2103.172300005099,7838.6563981042655
1782379782,2,,Aggregated,0.600000,0.000000,9,13,16,20,35,41,52,56,2100,2100,2100,846,0,9,21.1147242315667,4.257199994754046,2103.172300005099,7839.468085106383
1782379783,2,,Aggregated,0.600000,0.000000,9,13,16,20,35,41,52,56,2100,2100,2100,846,0,9,21.1147242315667,4.257199994754046,2103.172300005099,7839.468085106383
1782379784,2,,Aggregated,0.700000,0.000000,9,13,16,22,35,41,52,56,2100,2100,2100,847,0,9,21.13279905538553,4.257199994754046,2103.172300005099,7842.608028335301
1782379785,2,,Aggregated,0.700000,0.000000,9,13,16,22,35,41,52,56,2100,2100,2100,848,0,9,21.11533950462543,4.257199994754046,2103.172300005099,7840.2759433962265
1782379786,2,,Aggregated,0.700000,0.000000,9,13,16,22,35,41,52,56,2100,2100,2100,848,0,9,21.11533950462543,4.257199994754046,2103.172300005099,7840.2759433962265
1782379787,2,,Aggregated,0.600000,0.000000,9,13,16,22,35,41,52,56,2100,2100,2100,849,0,9,21.100025441615077,4.257199994754046,2103.172300005099,7837.949352179035
1782379788,2,,Aggregated,0.800000,0.000000,9,13,16,22,35,41,52,56,2100,2100,2100,850,0,9,21.092194235209128,4.257199994754046,2103.172300005099,7841.08
1782379789,2,,Aggregated,0.800000,0.000000,9,13,16,22,35,41,52,56,2100,2100,2100,850,0,9,21.092194235209128,4.257199994754046,2103.172300005099,7841.08
1782379790,2,,Aggregated,0.800000,0.000000,9,13,16,20,35,41,51,56,2100,2100,2100,851,0,9,21.0760090480862,4.257199994754046,2103.172300005099,7838.757931844888
1782379791,2,,Aggregated,0.800000,0.000000,9,13,16,20,35,41,51,56,2100,2100,2100,851,0,9,21.0760090480862,4.257199994754046,2103.172300005099,7838.757931844888
1782379792,2,,Aggregated,0.800000,0.000000,9,13,16,20,35,41,51,56,2100,2100,2100,851,0,9,21.0760090480862,4.257199994754046,2103.172300005099,7838.757931844888
1782379793,2,,Aggregated,0.600000,0.000000,9,13,16,20,35,41,51,56,2100,2100,2100,852,0,9,21.058386267508418,4.257199994754046,2103.172300005099,7835.528169014085
1782379794,2,,Aggregated,0.500000,0.000000,9,13,16,22,35,41,52,56,2100,2100,2100,853,0,9,21.09756471268417,4.257199994754046,2103.172300005099,7838.650644783118
1782379795,2,,Aggregated,0.500000,0.000000,9,13,16,22,35,41,52,56,2100,2100,2100,853,0,9,21.09756471268417,4.257199994754046,2103.172300005099,7838.650644783118
1782379796,2,,Aggregated,0.500000,0.000000,9,13,16,22,35,41,52,56,2100,2100,2100,853,0,9,21.09756471268417,4.257199994754046,2103.172300005099,7838.650644783118
1782379797,2,,Aggregated,0.600000,0.000000,9,13,16,22,35,41,52,56,2100,2100,2100,855,0,9,21.061169122715416,4.257199994754046,2103.172300005099,7833.123976608187
1782379798,2,,Aggregated,0.600000,0.000000,9,13,16,22,35,41,52,56,2100,2100,2100,855,0,9,21.061169122715416,4.257199994754046,2103.172300005099,7833.123976608187
1782379799,2,,Aggregated,0.600000,0.000000,9,13,16,20,35,41,52,56,2100,2100,2100,856,0,9,21.045060046638685,4.257199994754046,2103.172300005099,7830.82476635514
