Timestamp,User Count,Type,Name,Requests/s,Failures/s,50%,66%,75%,80%,90%,95%,98%,99%,99.9%,99.99%,100%,Total Request Count,Total Failure Count,Total Median Response Time,Total Average Response Time,Total Min Response Time,Total Max Response Time,Total Average Content Size
1782391246,0,,Aggregated,0.000000,0.000000,N/A,N/A,N/A,N/A,N/A,N/A,N/A,N/A,N/A,N/A,N/A,0,0,0,0.0,0,0,0
1782391247,1,,Aggregated,0.000000,0.000000,N/A,N/A,N/A,N/A,N/A,N/A,N/A,N/A,N/A,N/A,N/A,0,0,0,0.0,0,0,0
1782391248,2,,Aggregated,0.000000,0.000000,N/A,N/A,N/A,N/A,N/A,N/A,N/A,N/A,N/A,N/A,N/A,0,0,0,0.0,0,0,0
1782391250,2,,Aggregated,0.000000,0.000000,2100,2100,2100,2100,2100,2100,2100,2100,2100,2100,2100,1,0,2092.0313000001443,2092.0313000001443,2092.0313000001443,2092.0313000001443,10499.0
1782391251,2,,Aggregated,0.000000,0.000000,2100,2100,2100,2100,2100,2100,2100,2100,2100,2100,2100,2,0,2092.0313000001443,2075.1061000000846,2058.180900000025,2092.0313000001443,10499.0
1782391252,2,,Aggregated,0.000000,0.000000,2100,2100,2100,2100,2100,2100,2100,2100,2100,2100,2100,2,0,2092.0313000001443,2075.1061000000846,2058.180900000025,2092.0313000001443,10499.0
1782391253,2,,Aggregated,0.000000,0.000000,2100,2100,2100,2100,2100,2100,2100,2100,2100,2100,2100,2,0,2092.0313000001443,2075.1061000000846,2058.180900000025,2092.0313000001443,10499.0
1782391254,2,,Aggregated,0.400000,0.000000,2100,2100,2100,2100,2100,2100,2100,2100,2100,2100,2100,4,0,23,1044.7226500001534,6.136400000286812,2092.0313000001443,9340.5
1782391255,2,,Aggregated,0.400000,0.000000,2100,2100,2100,2100,2100,2100,2100,2100,2100,2100,2100,4,0,23,1044.7226500001534,6.136400000286812,2092.0313000001443,9340.5
1782391256,2,,Aggregated,0.400000,0.000000,2100,2100,2100,2100,2100,2100,2100,2100,2100,2100,2100,4,0,23,1044.7226500001534,6.136400000286812,2092.0313000001443,9340.5
1782391257,2,,Aggregated,0.500000,0.000000,23,2100,2100,2100,2100,2100,2100,2100,2100,2100,2100,5,0,23,837.0011000000886,6.114899999829504,2092.0313000001443,8645.4
1782391258,2,,Aggregated,0.500000,0.000000,23,2100,2100,2100,2100,2100,2100,2100,2100,2100,2100,5,0,23,837.0011000000886,6.114899999829504,2092.0313000001443,8645.4
1782391259,2,,Aggregated,0.400000,0.000000,23,23,2100,2100,2100,2100,2100,2100,2100,2100,2100,6,0,22,701.2098166667329,6.114899999829504,2092.0313000001443,8954.333333333334
1782391260,2,,Aggregated,0.500000,0.000000,22,23,2100,2100,2100,2100,2100,2100,2100,2100,2100,7,0,22,601.9724428571992,6.114899999829504,2092.0313000001443,8513.0
1782391261,2,,Aggregated,0.500000,0.000000,22,23,2100,2100,2100,2100,2100,2100,2100,2100,2100,7,0,22,601.9724428571992,6.114899999829504,2092.0313000001443,8513.0
1782391262,2,,Aggregated,0.500000,0.000000,22,23,2100,2100,2100,2100,2100,2100,2100,2100,2100,7,0,22,601.9724428571992,6.114899999829504,2092.0313000001443,8513.0
1782391263,2,,Aggregated,0.500000,0.000000,22,23,2100,2100,2100,2100,2100,2100,2100,2100,2100,7,0,22,601.9724428571992,6.114899999829504,2092.0313000001443,8513.0
1782391264,2,,Aggregated,0.500000,0.000000,22,22,23,2100,2100,2100,2100,2100,2100,2100,2100,9,0,22,471.967444444494,6.114899999829504,2092.0313000001443,8954.333333333334
1782391265,2,,Aggregated,0.500000,0.000000,22,22,23,2100,2100,2100,2100,2100,2100,2100,2100,9,0,22,471.967444444494,6.114899999829504,2092.0313000001443,8954.333333333334
1782391266,2,,Aggregated,0.500000,0.000000,22,22,23,2100,2100,2100,2100,2100,2100,2100,2100,9,0,22,471.967444444494,6.114899999829504,2092.0313000001443,8954.333333333334
1782391267,2,,Aggregated,0.500000,0.000000,22,22,23,2100,2100,2100,2100,2100,2100,2100,2100,10,0,11,425.3797900000336,6.090899999890098,2092.0313000001443,8645.4
1782391268,2,,Aggregated,0.500000,0.000000,22,22,23,2100,2100,2100,2100,2100,2100,2100,2100,10,0,11,425.3797900000336,6.090899999890098,2092.0313000001443,8645.4
1782391269,2,,Aggregated,0.500000,0.000000,11,22,23,23,2100,2100,2100,2100,2100,2100,2100,11,0,11,387.3395454545723,6.090899999890098,2092.0313000001443,8392.636363636364
1782391270,2,,Aggregated,0.500000,0.000000,11,22,23,23,2100,2100,2100,2100,2100,2100,2100,11,0,11,387.3395454545723,6.090899999890098,2092.0313000001443,8392.636363636364
1782391271,2,,Aggregated,0.500000,0.000000,11,22,23,23,2100,2100,2100,2100,2100,2100,2100,11,0,11,387.3395454545723,6.090899999890098,2092.0313000001443,8392.636363636364
1782391272,2,,Aggregated,0.500000,0.000000,22,22,50,50,2100,2100,2100,2100,2100,2100,2100,12,0,11,359.2555083333764,6.090899999890098,2092.0313000001443,8568.166666666666
1782391273,2,,Aggregated,0.400000,0.000000,12,22,23,50,2100,2100,2100,2100,2100,2100,2100,13,0,12,332.5469923077155,6.090899999890098,2092.0313000001443,8716.692307692309
1782391274,2,,Aggregated,0.500000,0.000000,12,22,23,50,2100,2100,2100,2100,2100,2100,2100,14,0,11,309.2777071428827,6.090899999890098,2092.0313000001443,8457.42857142857
1782391275,2,,Aggregated,0.500000,0.000000,12,22,23,50,2100,2100,2100,2100,2100,2100,2100,14,0,11,309.2777071428827,6.090899999890098,2092.0313000001443,8457.42857142857
1782391276,2,,Aggregated,0.500000,0.000000,12,22,23,50,2100,2100,2100,2100,2100,2100,2100,14,0,11,309.2777071428827,6.090899999890098,2092.0313000001443,8457.42857142857
1782391277,2,,Aggregated,0.500000,0.000000,12,22,23,50,2100,2100,2100,2100,2100,2100,2100,15,0,12,290.1505533333572,6.090899999890098,2092.0313000001443,8593.533333333333
1782391278,2,,Aggregated,0.500000,0.000000,13,22,23,23,2100,2100,2100,2100,2100,2100,2100,16,0,12,272.85286875002157,6.090899999890098,2092.0313000001443,8712.625
1782391279,2,,Aggregated,0.500000,0.000000,13,22,23,23,2100,2100,2100,2100,2100,2100,2100,16,0,12,272.85286875002157,6.090899999890098,2092.0313000001443,8712.625
1782391280,2,,Aggregated,0.500000,0.000000,13,22,23,23,2100,2100,2100,2100,2100,2100,2100,16,0,12,272.85286875002157,6.090899999890098,2092.0313000001443,8712.625
1782391281,2,,Aggregated,0.500000,0.000000,12,22,22,23,2100,2100,2100,2100,2100,2100,2100,17,0,12,257.18833529411796,6.090899999890098,2092.0313000001443,8499.35294117647
1782391282,2,,Aggregated,0.500000,0.000000,13,22,22,23,2100,2100,2100,2100,2100,2100,2100,18,0,12,244.1133722222225,6.090899999890098,2092.0313000001443,8610.444444444445
1782391283,2,,Aggregated,0.500000,0.000000,13,22,22,23,2100,2100,2100,2100,2100,2100,2100,18,0,12,244.1133722222225,6.090899999890098,2092.0313000001443,8610.444444444445
1782391284,2,,Aggregated,0.500000,0.000000,12,22,22,23,2100,2100,2100,2100,2100,2100,2100,19,0,12,231.64730526315523,6.090899999890098,2092.0313000001443,8425.0
1782391285,2,,Aggregated,0.500000,0.000000,12,22,22,23,2100,2100,2100,2100,2100,2100,2100,20,0,11,220.4099499999984,6.090899999890098,2092.0313000001443,8297.0
1782391286,2,,Aggregated,0.500000,0.000000,12,22,22,23,2100,2100,2100,2100,2100,2100,2100,20,0,11,220.4099499999984,6.090899999890098,2092.0313000001443,8297.0
1782391287,2,,Aggregated,0.600000,0.000000,11,22,22,22,50,2100,2100,2100,2100,2100,2100,21,0,11,210.22660000001756,6.090899999890098,2092.0313000001443,8181.190476190476
1782391288,2,,Aggregated,0.600000,0.000000,11,22,22,22,50,2100,2100,2100,2100,2100,2100,21,0,11,210.22660000001756,6.090899999890098,2092.0313000001443,8181.190476190476
1782391289,2,,Aggregated,0.600000,0.000000,11,22,22,22,50,2100,2100,2100,2100,2100,2100,21,0,11,210.22660000001756,6.090899999890098,2092.0313000001443,8181.190476190476
1782391290,2,,Aggregated,0.700000,0.000000,11,22,22,22,50,2100,2100,2100,2100,2100,2100,23,0,11,193.18252608698694,6.084099999952741,2092.0313000001443,8181.260869565217
1782391291,2,,Aggregated,0.700000,0.000000,11,22,22,22,50,2100,2100,2100,2100,2100,2100,23,0,11,193.18252608698694,6.084099999952741,2092.0313000001443,8181.260869565217
1782391292,2,,Aggregated,0.700000,0.000000,11,22,22,22,50,2100,2100,2100,2100,2100,2100,23,0,11,193.18252608698694,6.084099999952741,2092.0313000001443,8181.260869565217
1782391293,2,,Aggregated,0.700000,0.000000,12,22,22,22,50,2100,2100,2100,2100,2100,2100,24,0,11,185.67580000003167,6.084099999952741,2092.0313000001443,8277.833333333334
1782391294,2,,Aggregated,0.700000,0.000000,11,22,22,22,50,2100,2100,2100,2100,2100,2100,25,0,11,178.48790000001827,5.978299999696901,2092.0313000001443,8150.2
1782391295,2,,Aggregated,0.700000,0.000000,11,22,22,22,50,2100,2100,2100,2100,2100,2100,25,0,11,178.48790000001827,5.978299999696901,2092.0313000001443,8150.2
1782391296,2,,Aggregated,0.600000,0.000000,12,22,22,22,50,2100,2100,2100,2100,2100,2100,26,0,11,172.5626461538748,5.978299999696901,2092.0313000001443,8240.538461538461
1782391297,2,,Aggregated,0.600000,0.000000,12,22,22,22,50,2100,2100,2100,2100,2100,2100,27,0,12,166.64625925927288,5.978299999696901,2092.0313000001443,8324.185185185184
1782391298,2,,Aggregated,0.600000,0.000000,12,22,22,22,50,2100,2100,2100,2100,2100,2100,27,0,12,166.64625925927288,5.978299999696901,2092.0313000001443,8324.185185185184
1782391299,2,,Aggregated,0.600000,0.000000,13,22,22,22,50,2100,2100,2100,2100,2100,2100,28,0,12,161.24336071430076,5.978299999696901,2092.0313000001443,8401.857142857143
1782391300,2,,Aggregated,0.600000,0.000000,13,22,22,22,50,2100,2100,2100,2100,2100,2100,28,0,12,161.24336071430076,5.978299999696901,2092.0313000001443,8401.857142857143
1782391301,2,,Aggregated,0.600000,0.000000,13,22,22,22,50,2100,2100,2100,2100,2100,2100,28,0,12,161.24336071430076,5.978299999696901,2092.0313000001443,8401.857142857143
1782391302,2,,Aggregated,0.500000,0.000000,13,22,22,23,50,2100,2100,2100,2100,2100,2100,30,0,13,151.71648000001974,5.978299999696901,2092.0313000001443,8541.666666666666
1782391303,2,,Aggregated,0.500000,0.000000,13,22,22,23,50,2100,2100,2100,2100,2100,2100,30,0,13,151.71648000001974,5.978299999696901,2092.0313000001443,8541.666666666666
1782391304,2,,Aggregated,0.500000,0.000000,13,22,22,23,50,2100,2100,2100,2100,2100,2100,30,0,13,151.71648000001974,5.978299999696901,2092.0313000001443,8541.666666666666
1782391305,2,,Aggregated,0.600000,0.000000,13,22,22,22,24,2100,2100,2100,2100,2100,2100,31,0,13,147.02145161291193,5.978299999696901,2092.0313000001443,8455.322580645161
1782391306,2,,Aggregated,0.600000,0.000000,13,22,22,22,24,2100,2100,2100,2100,2100,2100,31,0,13,147.02145161291193,5.978299999696901,2092.0313000001443,8455.322580645161
1782391307,2,,Aggregated,0.500000,0.000000,13,22,22,22,24,2100,2100,2100,2100,2100,2100,32,0,13,142.99293437500182,5.978299999696901,2092.0313000001443,8374.375
1782391308,2,,Aggregated,0.500000,0.000000,13,22,22,22,24,2100,2100,2100,2100,2100,2100,32,0,13,142.99293437500182,5.978299999696901,2092.0313000001443,8374.375
1782391309,2,,Aggregated,0.500000,0.000000,13,21,22,22,24,2100,2100,2100,2100,2100,2100,33,0,13,139.30074545454443,5.978299999696901,2092.0313000001443,8438.757575757576
1782391310,2,,Aggregated,0.500000,0.000000,13,21,22,22,24,2100,2100,2100,2100,2100,2100,33,0,13,139.30074545454443,5.978299999696901,2092.0313000001443,8438.757575757576
1782391311,2,,Aggregated,0.500000,0.000000,13,21,22,22,24,2100,2100,2100,2100,2100,2100,33,0,13,139.30074545454443,5.978299999696901,2092.0313000001443,8438.757575757576
1782391312,2,,Aggregated,0.500000,0.000000,13,21,22,22,24,2100,2100,2100,2100,2100,2100,34,0,13,135.5798205882312,5.978299999696901,2092.0313000001443,8499.35294117647
1782391313,2,,Aggregated,0.500000,0.000000,13,22,22,23,30,2100,2100,2100,2100,2100,2100,35,0,13,132.55209999998831,5.978299999696901,2092.0313000001443,8556.485714285714
1782391314,2,,Aggregated,0.500000,0.000000,13,22,22,23,30,2100,2100,2100,2100,2100,2100,35,0,13,132.55209999998831,5.978299999696901,2092.0313000001443,8556.485714285714
1782391315,2,,Aggregated,0.500000,0.000000,13,22,22,23,30,2100,2100,2100,2100,2100,2100,36,0,13,129.5548666666567,5.978299999696901,2092.0313000001443,8610.444444444445
1782391316,2,,Aggregated,0.500000,0.000000,13,22,22,23,30,2100,2100,2100,2100,2100,2100,36,0,13,129.5548666666567,5.978299999696901,2092.0313000001443,8610.444444444445
1782391317,2,,Aggregated,0.500000,0.000000,13,22,22,23,30,2100,2100,2100,2100,2100,2100,37,0,13,126.40734054053068,5.978299999696901,2092.0313000001443,8661.486486486487
1782391318,2,,Aggregated,0.500000,0.000000,13,22,22,23,30,2100,2100,2100,2100,2100,2100,37,0,13,126.40734054053068,5.978299999696901,2092.0313000001443,8661.486486486487
1782391319,2,,Aggregated,0.500000,0.000000,13,22,22,23,30,2100,2100,2100,2100,2100,2100,38,0,13,123.41597894736591,5.978299999696901,2092.0313000001443,8709.842105263158
1782391320,2,,Aggregated,0.500000,0.000000,13,21,22,23,30,2100,2100,2100,2100,2100,2100,39,0,13,120.43642051280702,5.978299999696901,2092.0313000001443,8636.897435897436
1782391321,2,,Aggregated,0.500000,0.000000,13,21,22,23,30,2100,2100,2100,2100,2100,2100,39,0,13,120.43642051280702,5.978299999696901,2092.0313000001443,8636.897435897436
1782391322,2,,Aggregated,0.600000,0.000000,13,22,22,23,30,2100,2100,2100,2100,2100,2100,40,0,13,117.99841499997683,5.978299999696901,2092.0313000001443,8683.45
1782391323,2,,Aggregated,0.600000,0.000000,13,22,22,23,30,2100,2100,2100,2100,2100,2100,40,0,13,117.99841499997683,5.978299999696901,2092.0313000001443,8683.45
1782391324,2,,Aggregated,0.600000,0.000000,13,22,22,23,29,50,2100,2100,2100,2100,2100,41,0,13,115.83110975608378,5.978299999696901,2092.0313000001443,8727.731707317073
1782391325,2,,Aggregated,0.500000,0.000000,13,22,22,23,29,50,2100,2100,2100,2100,2100,42,0,13,113.38501666665209,5.978299999696901,2092.0313000001443,8769.904761904761
1782391326,2,,Aggregated,0.500000,0.000000,13,22,22,23,29,50,2100,2100,2100,2100,2100,43,0,13,110.88424186044544,5.851699999766424,2092.0313000001443,8702.348837209302
1782391327,2,,Aggregated,0.500000,0.000000,13,22,22,23,29,50,2100,2100,2100,2100,2100,43,0,13,110.88424186044544,5.851699999766424,2092.0313000001443,8702.348837209302
1782391328,2,,Aggregated,0.500000,0.000000,13,22,22,23,29,50,2100,2100,2100,2100,2100,43,0,13,110.88424186044544,5.851699999766424,2092.0313000001443,8702.348837209302
1782391329,2,,Aggregated,0.600000,0.000000,13,22,22,23,29,50,2100,2100,2100,2100,2100,44,0,13,108.51054999998475,5.851699999766424,2092.0313000001443,8637.863636363636
1782391330,2,,Aggregated,0.600000,0.000000,13,21,22,23,29,50,2100,2100,2100,2100,2100,45,0,13,106.25233555553375,5.851699999766424,2092.0313000001443,8576.244444444445
1782391331,2,,Aggregated,0.600000,0.000000,13,21,22,23,29,50,2100,2100,2100,2100,2100,45,0,13,106.25233555553375,5.851699999766424,2092.0313000001443,8576.244444444445
1782391332,2,,Aggregated,0.600000,0.000000,13,21,22,23,29,50,2100,2100,2100,2100,2100,45,0,13,106.25233555553375,5.851699999766424,2092.0313000001443,8576.244444444445
1782391333,2,,Aggregated,0.600000,0.000000,13,21,22,23,29,50,2100,2100,2100,2100,2100,45,0,13,106.25233555553375,5.851699999766424,2092.0313000001443,8576.244444444445
1782391334,2,,Aggregated,0.600000,0.000000,13,22,22,23,29,50,2100,2100,2100,2100,2100,47,0,13,102.40865319146324,5.851699999766424,2092.0313000001443,8559.468085106382
1782391335,2,,Aggregated,0.600000,0.000000,13,22,22,23,29,50,2100,2100,2100,2100,2100,47,0,13,102.40865319146324,5.851699999766424,2092.0313000001443,8559.468085106382
1782391336,2,,Aggregated,0.600000,0.000000,13,22,22,23,29,50,2100,2100,2100,2100,2100,47,0,13,102.40865319146324,5.851699999766424,2092.0313000001443,8559.468085106382
1782391337,2,,Aggregated,0.500000,0.000000,13,21,22,23,29,50,2100,2100,2100,2100,2100,49,0,13,98.65031428569414,5.851699999766424,2092.0313000001443,8544.061224489797
1782391338,2,,Aggregated,0.500000,0.000000,13,21,22,23,29,50,2100,2100,2100,2100,2100,49,0,13,98.65031428569414,5.851699999766424,2092.0313000001443,8544.061224489797
1782391339,2,,Aggregated,0.400000,0.000000,13,22,22,23,29,50,2100,2100,2100,2100,2100,50,0,13,97.12680199998431,5.851699999766424,2092.0313000001443,8583.16
1782391340,2,,Aggregated,0.400000,0.000000,13,22,22,23,29,50,2100,2100,2100,2100,2100,50,0,13,97.12680199998431,5.851699999766424,2092.0313000001443,8583.16
1782391341,2,,Aggregated,0.400000,0.000000,13,22,22,23,29,50,2100,2100,2100,2100,2100,50,0,13,97.12680199998431,5.851699999766424,2092.0313000001443,8583.16
1782391342,2,,Aggregated,0.500000,0.000000,13,21,22,23,25,50,2100,2100,2100,2100,2100,51,0,13,95.47457254900877,5.851699999766424,2092.0313000001443,8620.725490196079
1782391343,2,,Aggregated,0.500000,0.000000,13,21,22,23,25,50,2100,2100,2100,2100,2100,52,0,13,93.8865942307617,5.851699999766424,2092.0313000001443,8656.846153846154
1782391344,2,,Aggregated,0.500000,0.000000,13,21,22,23,25,50,2100,2100,2100,2100,2100,53,0,13,92.57031509433837,5.851699999766424,2092.0313000001443,8691.603773584906
1782391345,2,,Aggregated,0.500000,0.000000,13,21,22,23,25,50,2100,2100,2100,2100,2100,53,0,13,92.57031509433837,5.851699999766424,2092.0313000001443,8691.603773584906
1782391346,2,,Aggregated,0.500000,0.000000,13,21,22,23,25,50,2100,2100,2100,2100,2100,53,0,13,92.57031509433837,5.851699999766424,2092.0313000001443,8691.603773584906
1782391347,2,,Aggregated,0.600000,0.000000,13,21,22,23,25,50,2100,2100,2100,2100,2100,55,0,13,89.55729090908294,5.851699999766424,2092.0313000001443,8658.927272727273
1782391348,2,,Aggregated,0.600000,0.000000,13,21,22,23,25,50,2100,2100,2100,2100,2100,55,0,13,89.55729090908294,5.851699999766424,2092.0313000001443,8658.927272727273
1782391349,2,,Aggregated,0.600000,0.000000,13,21,22,23,25,50,2100,2100,2100,2100,2100,55,0,13,89.55729090908294,5.851699999766424,2092.0313000001443,8658.927272727273
1782391350,2,,Aggregated,0.600000,0.000000,13,18,22,23,25,50,2100,2100,2100,2100,2100,57,0,13,86.65822631577643,5.851699999766424,2092.0313000001443,8560.894736842105
1782391351,2,,Aggregated,0.600000,0.000000,13,18,22,23,25,50,2100,2100,2100,2100,2100,57,0,13,86.65822631577643,5.851699999766424,2092.0313000001443,8560.894736842105
1782391352,2,,Aggregated,0.500000,0.000000,13,18,22,23,25,50,2100,2100,2100,2100,2100,58,0,13,85.31684310343798,5.851699999766424,2092.0313000001443,8514.413793103447
1782391353,2,,Aggregated,0.700000,0.000000,13,15,22,23,25,50,2100,2100,2100,2100,2100,59,0,13,83.98602881355038,5.851699999766424,2092.0313000001443,8469.50847457627
1782391354,2,,Aggregated,0.700000,0.000000,13,15,22,23,25,50,2100,2100,2100,2100,2100,59,0,13,83.98602881355038,5.851699999766424,2092.0313000001443,8469.50847457627
1782391355,2,,Aggregated,0.700000,0.000000,13,15,22,23,25,50,2100,2100,2100,2100,2100,59,0,13,83.98602881355038,5.851699999766424,2092.0313000001443,8469.50847457627
1782391356,2,,Aggregated,0.700000,0.000000,13,15,22,23,25,50,2100,2100,2100,2100,2100,59,0,13,83.98602881355038,5.851699999766424,2092.0313000001443,8469.50847457627
1782391357,2,,Aggregated,0.600000,0.000000,13,18,22,23,25,30,2100,2100,2100,2100,2100,61,0,13,81.8183262295026,5.851699999766424,2092.0313000001443,8460.081967213115
1782391358,2,,Aggregated,0.600000,0.000000,13,18,22,23,25,30,2100,2100,2100,2100,2100,61,0,13,81.8183262295026,5.851699999766424,2092.0313000001443,8460.081967213115
1782391359,2,,Aggregated,0.600000,0.000000,13,15,22,23,25,30,2100,2100,2100,2100,2100,62,0,13,80.59486935483238,5.851699999766424,2092.0313000001443,8418.225806451614
1782391360,2,,Aggregated,0.600000,0.000000,13,15,22,23,25,30,2100,2100,2100,2100,2100,63,0,13,79.52060317459669,5.851699999766424,2092.0313000001443,8451.253968253968
1782391361,2,,Aggregated,0.600000,0.000000,13,15,22,23,25,30,2100,2100,2100,2100,2100,63,0,13,79.52060317459669,5.851699999766424,2092.0313000001443,8451.253968253968
1782391362,2,,Aggregated,0.700000,0.000000,13,15,22,23,25,30,2100,2100,2100,2100,2100,64,0,13,78.48583437499457,5.851699999766424,2092.0313000001443,8483.25
1782391363,2,,Aggregated,0.600000,0.000000,13,14,22,23,25,30,2100,2100,2100,2100,2100,65,0,13,77.40020923075953,5.851699999766424,2092.0313000001443,8442.969230769231
1782391364,2,,Aggregated,0.600000,0.000000,13,14,22,23,25,30,2100,2100,2100,2100,2100,65,0,13,77.40020923075953,5.851699999766424,2092.0313000001443,8442.969230769231
1782391365,2,,Aggregated,0.600000,0.000000,13,14,22,23,25,30,2100,2100,2100,2100,2100,65,0,13,77.40020923075953,5.851699999766424,2092.0313000001443,8442.969230769231
1782391366,2,,Aggregated,0.600000,0.000000,13,15,22,23,25,30,2100,2100,2100,2100,2100,66,0,13,76.61024242423247,5.851699999766424,2092.0313000001443,8474.121212121212
1782391367,2,,Aggregated,0.600000,0.000000,13,15,22,23,25,30,2100,2100,2100,2100,2100,67,0,13,75.56320597013973,5.851699999766424,2092.0313000001443,8435.179104477613
1782391368,2,,Aggregated,0.600000,0.000000,13,15,22,23,25,30,2100,2100,2100,2100,2100,67,0,13,75.56320597013973,5.851699999766424,2092.0313000001443,8435.179104477613
1782391369,2,,Aggregated,0.800000,0.000000,13,14,22,23,25,30,2100,2100,2100,2100,2100,68,0,13,74.54944264705264,5.851699999766424,2092.0313000001443,8397.382352941177
1782391370,2,,Aggregated,0.600000,0.000000,13,14,22,23,25,30,2100,2100,2100,2100,2100,69,0,13,73.56254492753209,5.851699999766424,2092.0313000001443,8349.40579710145
1782391371,2,,Aggregated,0.600000,0.000000,13,14,22,23,25,30,2100,2100,2100,2100,2100,69,0,13,73.56254492753209,5.851699999766424,2092.0313000001443,8349.40579710145
1782391372,2,,Aggregated,0.600000,0.000000,13,14,22,23,25,30,2100,2100,2100,2100,2100,69,0,13,73.56254492753209,5.851699999766424,2092.0313000001443,8349.40579710145
1782391373,2,,Aggregated,0.600000,0.000000,13,14,22,23,25,30,2100,2100,2100,2100,2100,71,0,13,71.98395492957683,5.851699999766424,2092.0313000001443,8409.957746478873
1782391374,2,,Aggregated,0.600000,0.000000,13,14,22,23,25,30,2100,2100,2100,2100,2100,71,0,13,71.98395492957683,5.851699999766424,2092.0313000001443,8409.957746478873
1782391375,2,,Aggregated,0.500000,0.000000,13,14,22,23,25,30,2100,2100,2100,2100,2100,72,0,13,71.07708749999928,5.851699999766424,2092.0313000001443,8363.805555555555
1782391376,2,,Aggregated,0.600000,0.000000,13,14,22,23,25,30,2100,2100,2100,2100,2100,73,0,13,70.19515342465775,5.851699999766424,2092.0313000001443,8318.917808219177
1782391377,2,,Aggregated,0.600000,0.000000,13,14,22,23,25,30,2100,2100,2100,2100,2100,73,0,13,70.19515342465775,5.851699999766424,2092.0313000001443,8318.917808219177
1782391378,2,,Aggregated,0.600000,0.000000,13,14,22,23,25,30,2100,2100,2100,2100,2100,73,0,13,70.19515342465775,5.851699999766424,2092.0313000001443,8318.917808219177
1782391379,2,,Aggregated,0.600000,0.000000,13,14,22,23,25,30,2100,2100,2100,2100,2100,73,0,13,70.19515342465775,5.851699999766424,2092.0313000001443,8318.917808219177
1782391381,2,,Aggregated,0.600000,0.000000,13,13,22,23,25,30,2100,2100,2100,2100,2100,74,0,13,69.34558648648621,5.851699999766424,2092.0313000001443,8275.243243243243
1782391382,2,,Aggregated,0.600000,0.000000,13,14,22,23,25,30,2100,2100,2100,2100,2100,75,0,13,68.69719066666221,5.851699999766424,2092.0313000001443,8304.893333333333
1782391383,2,,Aggregated,0.600000,0.000000,13,14,22,23,25,30,2100,2100,2100,2100,2100,75,0,13,68.69719066666221,5.851699999766424,2092.0313000001443,8304.893333333333
1782391384,2,,Aggregated,0.600000,0.000000,13,14,22,23,25,30,2100,2100,2100,2100,2100,75,0,13,68.69719066666221,5.851699999766424,2092.0313000001443,8304.893333333333
1782391385,2,,Aggregated,0.600000,0.000000,13,14,22,22,25,30,2100,2100,2100,2100,2100,76,0,13,67.87767368420741,5.851699999766424,2092.0313000001443,8262.552631578947
1782391386,2,,Aggregated,0.600000,0.000000,13,13,22,22,25,30,2100,2100,2100,2100,2100,77,0,13,67.16869610388969,5.851699999766424,2092.0313000001443,8291.597402597403
1782391387,2,,Aggregated,0.400000,0.000000,13,13,22,22,25,30,2100,2100,2100,2100,2100,78,0,13,66.3964102564023,5.851699999766424,2092.0313000001443,8260.48717948718
1782391388,2,,Aggregated,0.400000,0.000000,13,13,22,22,25,30,2100,2100,2100,2100,2100,78,0,13,66.3964102564023,5.851699999766424,2092.0313000001443,8260.48717948718
1782391389,2,,Aggregated,0.500000,0.000000,13,14,22,23,25,32,2100,2100,2100,2100,2100,79,0,13,65.96120886075093,5.851699999766424,2092.0313000001443,8288.822784810127
1782391390,2,,Aggregated,0.500000,0.000000,13,14,22,23,25,32,2100,2100,2100,2100,2100,79,0,13,65.96120886075093,5.851699999766424,2092.0313000001443,8288.822784810127
1782391391,2,,Aggregated,0.500000,0.000000,13,14,22,23,25,32,2100,2100,2100,2100,2100,79,0,13,65.96120886075093,5.851699999766424,2092.0313000001443,8288.822784810127
1782391392,2,,Aggregated,0.600000,0.000000,13,13,22,23,25,32,2100,2100,2100,2100,2100,80,0,13,65.21534624998822,5.851699999766424,2092.0313000001443,8258.525
1782391393,2,,Aggregated,0.600000,0.000000,13,13,22,23,25,32,2100,2100,2100,2100,2100,80,0,13,65.21534624998822,5.851699999766424,2092.0313000001443,8258.525
1782391394,2,,Aggregated,0.500000,0.000000,13,14,22,22,25,30,2100,2100,2100,2100,2100,81,0,13,64.68761975307127,5.851699999766424,2092.0313000001443,8286.185185185184
1782391395,2,,Aggregated,0.500000,0.000000,13,15,22,22,25,30,2100,2100,2100,2100,2100,82,0,13,64.15595243901208,5.851699999766424,2092.0313000001443,8313.170731707318
1782391396,2,,Aggregated,0.600000,0.000000,13,14,22,22,25,30,2100,2100,2100,2100,2100,83,0,13,63.4599590361319,5.851699999766424,2092.0313000001443,8283.674698795181
1782391397,2,,Aggregated,0.600000,0.000000,13,14,22,22,25,30,2100,2100,2100,2100,2100,83,0,13,63.4599590361319,5.851699999766424,2092.0313000001443,8283.674698795181
1782391398,2,,Aggregated,0.600000,0.000000,13,14,22,22,25,30,2100,2100,2100,2100,2100,84,0,13,62.85401666665772,5.851699999766424,2092.0313000001443,8310.047619047618
1782391399,2,,Aggregated,0.600000,0.000000,13,14,22,22,25,30,2100,2100,2100,2100,2100,84,0,13,62.85401666665772,5.851699999766424,2092.0313000001443,8310.047619047618
1782391400,2,,Aggregated,0.500000,0.000000,13,13,22,22,25,30,2100,2100,2100,2100,2100,86,0,13,61.53930581394677,5.851699999766424,2092.0313000001443,8253.186046511628
1782391401,2,,Aggregated,0.500000,0.000000,13,13,22,22,25,30,2100,2100,2100,2100,2100,86,0,13,61.53930581394677,5.851699999766424,2092.0313000001443,8253.186046511628
1782391402,2,,Aggregated,0.500000,0.000000,13,13,22,22,25,30,2100,2100,2100,2100,2100,86,0,13,61.53930581394677,5.851699999766424,2092.0313000001443,8253.186046511628
1782391403,2,,Aggregated,0.500000,0.000000,13,13,22,22,25,30,2100,2100,2100,2100,2100,86,0,13,61.53930581394677,5.851699999766424,2092.0313000001443,8253.186046511628
1782391404,2,,Aggregated,0.700000,0.000000,13,13,22,22,25,30,2100,2100,2100,2100,2100,88,0,12,60.276952272720955,5.564999999933207,2092.0313000001443,8190.068181818182
1782391405,2,,Aggregated,0.700000,0.000000,13,13,22,22,25,30,2100,2100,2100,2100,2100,88,0,12,60.276952272720955,5.564999999933207,2092.0313000001443,8190.068181818182
1782391406,2,,Aggregated,0.700000,0.000000,13,13,22,22,25,30,2100,2100,2100,2100,2100,88,0,12,60.276952272720955,5.564999999933207,2092.0313000001443,8190.068181818182
1782391407,2,,Aggregated,0.600000,0.000000,13,13,22,22,25,30,2100,2100,2100,2100,2100,90,0,12,59.289201111106294,5.564999999933207,2092.0313000001443,8181.2444444444445
1782391408,2,,Aggregated,0.600000,0.000000,13,13,22,22,25,30,2100,2100,2100,2100,2100,90,0,12,59.289201111106294,5.564999999933207,2092.0313000001443,8181.2444444444445
1782391409,2,,Aggregated,0.600000,0.000000,12,13,22,22,24,30,2100,2100,2100,2100,2100,91,0,12,58.71827142856581,5.564999999933207,2092.0313000001443,8147.241758241758
1782391410,2,,Aggregated,0.600000,0.000000,12,13,22,22,24,30,2100,2100,2100,2100,2100,91,0,12,58.71827142856581,5.564999999933207,2092.0313000001443,8147.241758241758
1782391411,2,,Aggregated,0.600000,0.000000,12,13,22,22,25,32,2100,2100,2100,2100,2100,93,0,12,57.92976344085424,5.564999999933207,2092.0313000001443,8139.623655913979
1782391412,2,,Aggregated,0.600000,0.000000,12,13,22,22,25,32,2100,2100,2100,2100,2100,93,0,12,57.92976344085424,5.564999999933207,2092.0313000001443,8139.623655913979
1782391413,2,,Aggregated,0.700000,0.000000,12,13,22,22,25,32,2100,2100,2100,2100,2100,95,0,12,56.84851473683681,5.564999999933207,2092.0313000001443,8091.736842105263
1782391414,2,,Aggregated,0.700000,0.000000,12,13,22,22,25,32,2100,2100,2100,2100,2100,95,0,12,56.84851473683681,5.564999999933207,2092.0313000001443,8091.736842105263
1782391415,2,,Aggregated,0.700000,0.000000,12,13,22,22,25,32,2100,2100,2100,2100,2100,95,0,12,56.84851473683681,5.564999999933207,2092.0313000001443,8091.736842105263
1782391416,2,,Aggregated,0.700000,0.000000,12,13,22,22,25,32,2100,2100,2100,2100,2100,95,0,12,56.84851473683681,5.564999999933207,2092.0313000001443,8091.736842105263
1782391417,2,,Aggregated,0.700000,0.000000,12,13,22,22,25,32,2100,2100,2100,2100,2100,97,0,12,55.97926597937723,5.564999999933207,2092.0313000001443,8085.577319587629
1782391418,2,,Aggregated,0.700000,0.000000,12,13,22,22,25,32,2100,2100,2100,2100,2100,97,0,12,55.97926597937723,5.564999999933207,2092.0313000001443,8085.577319587629
1782391419,2,,Aggregated,0.700000,0.000000,12,13,22,22,25,32,2100,2100,2100,2100,2100,97,0,12,55.97926597937723,5.564999999933207,2092.0313000001443,8085.577319587629
1782391420,2,,Aggregated,0.700000,0.000000,12,13,22,22,25,32,2100,2100,2100,2100,2100,97,0,12,55.97926597937723,5.564999999933207,2092.0313000001443,8085.577319587629
1782391421,2,,Aggregated,0.700000,0.000000,12,13,22,22,25,32,2100,2100,2100,2100,2100,97,0,12,55.97926597937723,5.564999999933207,2092.0313000001443,8085.577319587629
1782391422,2,,Aggregated,0.600000,0.000000,12,13,22,23,25,37,2100,2100,2100,2100,2100,99,0,12,55.35431111110658,5.564999999933207,2092.0313000001443,8087.525252525253
1782391423,2,,Aggregated,0.600000,0.000000,12,13,22,23,25,37,2100,2100,2100,2100,2100,99,0,12,55.35431111110658,5.564999999933207,2092.0313000001443,8087.525252525253
1782391424,2,,Aggregated,0.600000,0.000000,12,13,22,23,25,37,2100,2100,2100,2100,2100,99,0,12,55.35431111110658,5.564999999933207,2092.0313000001443,8087.525252525253
1782391425,2,,Aggregated,0.600000,0.000000,12,13,22,23,25,37,2100,2100,2100,2100,2100,100,0,11,54.8555609999994,5.479300000388321,2092.0313000001443,8065.3
1782391426,2,,Aggregated,0.400000,0.000000,11,13,22,22,25,32,50,2100,2100,2100,2100,101,0,11,54.37420594059161,5.479300000388321,2092.0313000001443,8043.514851485149
1782391427,2,,Aggregated,0.400000,0.000000,11,13,22,22,25,32,50,2100,2100,2100,2100,102,0,9,53.9048764705878,5.479300000388321,2092.0313000001443,8022.156862745098
1782391428,2,,Aggregated,0.400000,0.000000,11,13,22,22,25,32,50,2100,2100,2100,2100,102,0,9,53.9048764705878,5.479300000388321,2092.0313000001443,8022.156862745098
1782391429,2,,Aggregated,0.400000,0.000000,11,13,22,22,25,32,50,2100,2100,2100,2100,102,0,9,53.9048764705878,5.479300000388321,2092.0313000001443,8022.156862745098
1782391430,2,,Aggregated,0.400000,0.000000,11,13,22,22,25,32,50,2100,2100,2100,2100,102,0,9,53.9048764705878,5.479300000388321,2092.0313000001443,8022.156862745098
1782391431,2,,Aggregated,0.500000,0.000000,9,13,22,22,25,32,50,2100,2100,2100,2100,104,0,9,52.98520961538053,5.479300000388321,2092.0313000001443,7980.673076923077
1782391432,2,,Aggregated,0.500000,0.000000,9,13,22,22,25,32,50,2100,2100,2100,2100,104,0,9,52.98520961538053,5.479300000388321,2092.0313000001443,7980.673076923077
1782391433,2,,Aggregated,0.500000,0.000000,9,13,22,22,25,32,50,2100,2100,2100,2100,105,0,9,52.56064380952185,5.479300000388321,2092.0313000001443,7960.523809523809
1782391434,2,,Aggregated,0.500000,0.000000,9,13,22,22,25,32,50,2100,2100,2100,2100,105,0,9,52.56064380952185,5.479300000388321,2092.0313000001443,7960.523809523809
1782391435,2,,Aggregated,0.500000,0.000000,9,13,22,22,25,32,50,2100,2100,2100,2100,106,0,8,52.117755660378435,5.479300000388321,2092.0313000001443,7940.754716981132
1782391436,2,,Aggregated,0.500000,0.000000,9,13,22,22,25,32,50,2100,2100,2100,2100,106,0,8,52.117755660378435,5.479300000388321,2092.0313000001443,7940.754716981132
1782391437,2,,Aggregated,0.600000,0.000000,9,13,22,22,25,32,50,2100,2100,2100,2100,107,0,9,51.874479439256646,5.479300000388321,2092.0313000001443,7964.663551401869
1782391438,2,,Aggregated,0.600000,0.000000,9,13,22,22,25,32,50,2100,2100,2100,2100,107,0,9,51.874479439256646,5.479300000388321,2092.0313000001443,7964.663551401869
1782391439,2,,Aggregated,0.500000,0.000000,9,13,22,22,25,32,50,2100,2100,2100,2100,108,0,8,51.450004629634385,5.479300000388321,2092.0313000001443,7945.222222222223
1782391440,2,,Aggregated,0.500000,0.000000,9,13,22,22,25,32,50,2100,2100,2100,2100,108,0,8,51.450004629634385,5.479300000388321,2092.0313000001443,7945.222222222223
1782391441,2,,Aggregated,0.500000,0.000000,8,13,22,22,25,32,50,2100,2100,2100,2100,109,0,8,51.02935963303175,5.479300000388321,2092.0313000001443,7926.137614678899
1782391442,2,,Aggregated,0.500000,0.000000,8,13,22,22,25,32,50,2100,2100,2100,2100,110,0,8,50.618919090915035,5.479300000388321,2092.0313000001443,7907.4
1782391443,2,,Aggregated,0.500000,0.000000,8,13,22,22,25,32,50,2100,2100,2100,2100,110,0,8,50.618919090915035,5.479300000388321,2092.0313000001443,7907.4
1782391444,2,,Aggregated,0.600000,0.000000,9,13,22,22,25,37,50,2100,2100,2100,2100,112,0,8,50.17868125000697,5.479300000388321,2092.0313000001443,7953.678571428572
1782391445,2,,Aggregated,0.600000,0.000000,9,13,22,22,25,37,50,2100,2100,2100,2100,112,0,8,50.17868125000697,5.479300000388321,2092.0313000001443,7953.678571428572
1782391446,2,,Aggregated,0.600000,0.000000,9,13,22,22,25,37,50,2100,2100,2100,2100,112,0,8,50.17868125000697,5.479300000388321,2092.0313000001443,7953.678571428572
1782391447,2,,Aggregated,0.600000,0.000000,9,13,22,22,25,37,50,2100,2100,2100,2100,113,0,9,49.86246548672983,5.479300000388321,2092.0313000001443,7976.203539823009
1782391448,2,,Aggregated,0.600000,0.000000,9,13,22,22,25,37,50,2100,2100,2100,2100,113,0,9,49.86246548672983,5.479300000388321,2092.0313000001443,7976.203539823009
1782391449,2,,Aggregated,0.500000,0.000000,9,13,22,22,25,37,50,2100,2100,2100,2100,114,0,9,49.52582894737277,5.479300000388321,2092.0313000001443,7998.333333333333
1782391450,2,,Aggregated,0.500000,0.000000,9,13,22,22,25,37,50,2100,2100,2100,2100,114,0,9,49.52582894737277,5.479300000388321,2092.0313000001443,7998.333333333333
1782391451,2,,Aggregated,0.600000,0.000000,9,13,22,22,25,37,50,2100,2100,2100,2100,116,0,9,48.92936637931347,5.479300000388321,2092.0313000001443,8001.5
1782391452,2,,Aggregated,0.600000,0.000000,9,13,22,22,25,37,50,2100,2100,2100,2100,116,0,9,48.92936637931347,5.479300000388321,2092.0313000001443,8001.5
1782391453,2,,Aggregated,0.600000,0.000000,9,13,22,22,25,37,50,2100,2100,2100,2100,116,0,9,48.92936637931347,5.479300000388321,2092.0313000001443,8001.5
1782391454,2,,Aggregated,0.600000,0.000000,9,13,22,22,25,37,50,2100,2100,2100,2100,116,0,9,48.92936637931347,5.479300000388321,2092.0313000001443,8001.5
1782391455,2,,Aggregated,0.600000,0.000000,9,13,22,23,26,37,50,2100,2100,2100,2100,118,0,9,48.399698305089814,5.4660999999214255,2092.0313000001443,8004.559322033899
1782391456,2,,Aggregated,0.600000,0.000000,9,13,22,23,26,37,50,2100,2100,2100,2100,118,0,9,48.399698305089814,5.4660999999214255,2092.0313000001443,8004.559322033899
1782391457,2,,Aggregated,0.600000,0.000000,9,13,22,23,26,37,50,2100,2100,2100,2100,118,0,9,48.399698305089814,5.4660999999214255,2092.0313000001443,8004.559322033899
1782391458,2,,Aggregated,0.600000,0.000000,9,13,22,23,26,37,50,2100,2100,2100,2100,120,0,9,47.82954750000196,5.4660999999214255,2092.0313000001443,8001.033333333334
1782391459,2,,Aggregated,0.600000,0.000000,9,13,22,23,26,37,50,2100,2100,2100,2100,120,0,9,47.82954750000196,5.4660999999214255,2092.0313000001443,8001.033333333334
1782391460,2,,Aggregated,0.600000,0.000000,9,13,22,23,26,37,50,2100,2100,2100,2100,120,0,9,47.82954750000196,5.4660999999214255,2092.0313000001443,8001.033333333334
1782391461,2,,Aggregated,0.700000,0.000000,9,13,22,22,25,32,50,2100,2100,2100,2100,121,0,9,47.49418595041759,5.4660999999214255,2092.0313000001443,7976.9504132231405
1782391462,2,,Aggregated,0.700000,0.000000,9,13,22,22,25,32,50,2100,2100,2100,2100,122,0,8,47.161272131151996,5.4660999999214255,2092.0313000001443,7959.639344262295
1782391463,2,,Aggregated,0.700000,0.000000,9,13,22,22,25,32,50,2100,2100,2100,2100,122,0,8,47.161272131151996,5.4660999999214255,2092.0313000001443,7959.639344262295
1782391464,2,,Aggregated,0.600000,0.000000,8,13,22,22,25,32,50,2100,2100,2100,2100,123,0,8,46.832115447159595,5.4660999999214255,2092.0313000001443,7942.609756097561
1782391465,2,,Aggregated,0.600000,0.000000,9,13,22,23,26,36,50,2100,2100,2100,2100,124,0,8,46.7452129032315,5.4660999999214255,2092.0313000001443,7963.225806451613
1782391466,2,,Aggregated,0.600000,0.000000,9,13,22,23,26,36,50,2100,2100,2100,2100,124,0,8,46.7452129032315,5.4660999999214255,2092.0313000001443,7963.225806451613
1782391467,2,,Aggregated,0.600000,0.000000,9,13,22,23,26,36,50,2100,2100,2100,2100,124,0,8,46.7452129032315,5.4660999999214255,2092.0313000001443,7963.225806451613
1782391468,2,,Aggregated,0.600000,0.000000,9,13,22,22,26,36,50,2100,2100,2100,2100,126,0,8,46.16670238095731,5.4660999999214255,2092.0313000001443,7960.523809523809
1782391469,2,,Aggregated,0.600000,0.000000,9,13,22,22,26,36,50,2100,2100,2100,2100,126,0,8,46.16670238095731,5.4660999999214255,2092.0313000001443,7960.523809523809
1782391470,2,,Aggregated,0.500000,0.000000,8,13,22,22,26,36,50,2100,2100,2100,2100,127,0,8,45.84984409449156,5.4660999999214255,2092.0313000001443,7937.897637795276
1782391471,2,,Aggregated,0.500000,0.000000,8,13,22,22,26,36,50,2100,2100,2100,2100,127,0,8,45.84984409449156,5.4660999999214255,2092.0313000001443,7937.897637795276
1782391472,2,,Aggregated,0.600000,0.000000,9,13,22,23,26,36,50,2100,2100,2100,2100,128,0,8,45.678421093754196,5.4660999999214255,2092.0313000001443,7957.90625
1782391473,2,,Aggregated,0.600000,0.000000,9,13,22,23,26,36,50,2100,2100,2100,2100,128,0,8,45.678421093754196,5.4660999999214255,2092.0313000001443,7957.90625
1782391474,2,,Aggregated,0.500000,0.000000,9,13,22,23,26,36,50,2100,2100,2100,2100,129,0,9,45.424895348840565,5.4660999999214255,2092.0313000001443,7977.604651162791
1782391475,2,,Aggregated,0.600000,0.000000,9,13,22,23,26,36,50,2100,2100,2100,2100,130,0,9,45.1648753846187,5.4660999999214255,2092.0313000001443,7997.0
1782391476,2,,Aggregated,0.600000,0.000000,9,13,22,23,26,36,50,2100,2100,2100,2100,130,0,9,45.1648753846187,5.4660999999214255,2092.0313000001443,7997.0
1782391477,2,,Aggregated,0.600000,0.000000,9,13,22,23,26,36,50,2100,2100,2100,2100,130,0,9,45.1648753846187,5.4660999999214255,2092.0313000001443,7997.0
1782391478,2,,Aggregated,0.600000,0.000000,9,13,22,22,25,36,50,2100,2100,2100,2100,132,0,8,44.586648484851416,5.4660999999214255,2092.0313000001443,7958.80303030303
1782391479,2,,Aggregated,0.600000,0.000000,9,13,22,22,25,36,50,2100,2100,2100,2100,132,0,8,44.586648484851416,5.4660999999214255,2092.0313000001443,7958.80303030303
1782391480,2,,Aggregated,0.500000,0.000000,9,13,22,22,25,36,50,2100,2100,2100,2100,133,0,9,44.41751879699554,5.4660999999214255,2092.0313000001443,7977.902255639097
1782391481,2,,Aggregated,0.500000,0.000000,9,13,22,22,25,36,50,2100,2100,2100,2100,134,0,8,44.13754253731786,5.4660999999214255,2092.0313000001443,7962.134328358209
1782391482,2,,Aggregated,0.500000,0.000000,9,13,22,22,25,36,50,2100,2100,2100,2100,134,0,8,44.13754253731786,5.4660999999214255,2092.0313000001443,7962.134328358209
1782391483,2,,Aggregated,0.700000,0.000000,9,13,22,22,25,36,50,2100,2100,2100,2100,135,0,9,43.9055688888941,5.4660999999214255,2092.0313000001443,7980.925925925926
1782391484,2,,Aggregated,0.700000,0.000000,9,13,22,22,25,36,50,2100,2100,2100,2100,135,0,9,43.9055688888941,5.4660999999214255,2092.0313000001443,7980.925925925926
1782391485,2,,Aggregated,0.600000,0.000000,9,13,22,22,25,36,50,2100,2100,2100,2100,136,0,8,43.62956470588883,5.4660999999214255,2092.0313000001443,7965.367647058823
1782391486,2,,Aggregated,0.700000,0.000000,8,13,22,22,25,36,50,2100,2100,2100,2100,137,0,8,43.36373284672347,5.4660999999214255,2092.0313000001443,7950.036496350365
1782391487,2,,Aggregated,0.600000,0.000000,9,13,22,22,26,37,50,2100,2100,2100,2100,138,0,8,43.32408623189213,5.4660999999214255,2092.0313000001443,7968.507246376812
1782391488,2,,Aggregated,0.600000,0.000000,8,13,22,22,26,37,50,2100,2100,2100,2100,139,0,8,43.05415107914374,5.4660999999214255,2092.0313000001443,7953.374100719425
1782391489,2,,Aggregated,0.600000,0.000000,8,13,22,22,26,37,50,2100,2100,2100,2100,139,0,8,43.05415107914374,5.4660999999214255,2092.0313000001443,7953.374100719425
1782391490,2,,Aggregated,0.600000,0.000000,8,13,22,22,26,37,50,2100,2100,2100,2100,139,0,8,43.05415107914374,5.4660999999214255,2092.0313000001443,7953.374100719425
1782391491,2,,Aggregated,0.700000,0.000000,9,13,22,22,26,37,50,2100,2100,2100,2100,140,0,8,42.83877857143515,5.4660999999214255,2092.0313000001443,7971.557142857143
1782391492,2,,Aggregated,0.700000,0.000000,9,13,22,22,26,37,50,2100,2100,2100,2100,140,0,8,42.83877857143515,5.4660999999214255,2092.0313000001443,7971.557142857143
1782391493,2,,Aggregated,0.700000,0.000000,9,13,22,22,26,37,50,2100,2100,2100,2100,141,0,9,42.801482269508,5.4660999999214255,2092.0313000001443,7989.482269503546
1782391494,2,,Aggregated,0.700000,0.000000,9,13,22,22,26,37,50,2100,2100,2100,2100,141,0,9,42.801482269508,5.4660999999214255,2092.0313000001443,7989.482269503546
1782391495,2,,Aggregated,0.700000,0.000000,9,13,22,22,26,37,50,2100,2100,2100,2100,142,0,8,42.55115352113317,5.4660999999214255,2092.0313000001443,7974.521126760564
1782391496,2,,Aggregated,0.700000,0.000000,9,13,22,22,26,37,50,2100,2100,2100,2100,142,0,8,42.55115352113317,5.4660999999214255,2092.0313000001443,7974.521126760564
1782391497,2,,Aggregated,0.600000,0.000000,8,13,22,22,26,37,50,2100,2100,2100,2100,143,0,8,42.298027972032976,5.4660999999214255,2092.0313000001443,7959.7692307692305
1782391498,2,,Aggregated,0.600000,0.000000,8,13,22,22,26,37,50,2100,2100,2100,2100,144,0,8,42.05365763889151,5.4660999999214255,2092.0313000001443,7945.222222222223
1782391499,2,,Aggregated,0.600000,0.000000,8,13,22,23,26,37,50,2100,2100,2100,2100,145,0,8,41.92052689655172,5.4660999999214255,2092.0313000001443,7962.834482758621
1782391500,2,,Aggregated,0.600000,0.000000,8,13,22,23,26,37,50,2100,2100,2100,2100,145,0,8,41.92052689655172,5.4660999999214255,2092.0313000001443,7962.834482758621
1782391501,2,,Aggregated,0.600000,0.000000,8,13,22,23,26,37,50,2100,2100,2100,2100,145,0,8,41.92052689655172,5.4660999999214255,2092.0313000001443,7962.834482758621
1782391502,2,,Aggregated,0.600000,0.000000,8,13,22,22,26,37,50,2100,2100,2100,2100,147,0,8,41.4927523809508,5.4660999999214255,2092.0313000001443,7965.816326530612
1782391503,2,,Aggregated,0.600000,0.000000,8,13,22,22,26,37,50,2100,2100,2100,2100,147,0,8,41.4927523809508,5.4660999999214255,2092.0313000001443,7965.816326530612
1782391504,2,,Aggregated,0.600000,0.000000,8,13,22,22,26,37,50,2100,2100,2100,2100,147,0,8,41.4927523809508,5.4660999999214255,2092.0313000001443,7965.816326530612
1782391505,2,,Aggregated,0.600000,0.000000,9,13,22,22,26,37,50,2100,2100,2100,2100,148,0,8,41.27097770270125,5.4660999999214255,2092.0313000001443,7951.621621621622
1782391506,2,,Aggregated,0.600000,0.000000,9,13,22,22,26,37,50,2100,2100,2100,2100,148,0,8,41.27097770270125,5.4660999999214255,2092.0313000001443,7951.621621621622
1782391507,2,,Aggregated,0.600000,0.000000,8,13,22,22,26,37,50,2100,2100,2100,2100,149,0,8,41.03486778523265,5.4660999999214255,2092.0313000001443,7937.61744966443
1782391508,2,,Aggregated,0.600000,0.000000,8,13,22,22,26,37,50,2100,2100,2100,2100,149,0,8,41.03486778523265,5.4660999999214255,2092.0313000001443,7937.61744966443
1782391509,2,,Aggregated,0.500000,0.000000,8,13,22,22,25,37,43,2100,2100,2100,2100,151,0,8,40.579178145691415,5.4660999999214255,2092.0313000001443,7899.860927152318
1782391510,2,,Aggregated,0.500000,0.000000,8,13,22,22,25,37,43,2100,2100,2100,2100,151,0,8,40.579178145691415,5.4660999999214255,2092.0313000001443,7899.860927152318
1782391511,2,,Aggregated,0.500000,0.000000,8,13,22,22,25,37,43,2100,2100,2100,2100,151,0,8,40.579178145691415,5.4660999999214255,2092.0313000001443,7899.860927152318
1782391513,2,,Aggregated,0.600000,0.000000,8,13,22,22,25,37,43,2100,2100,2100,2100,152,0,8,40.3548460526269,5.4660999999214255,2092.0313000001443,7881.355263157895
1782391514,2,,Aggregated,0.600000,0.000000,8,13,21,22,25,37,43,2100,2100,2100,2100,153,0,8,40.22805032679149,5.4660999999214255,2092.0313000001443,7898.464052287582
1782391515,2,,Aggregated,0.600000,0.000000,8,13,21,22,25,37,43,2100,2100,2100,2100,153,0,8,40.22805032679149,5.4660999999214255,2092.0313000001443,7898.464052287582
1782391516,2,,Aggregated,0.500000,0.000000,8,13,21,22,25,37,43,2100,2100,2100,2100,154,0,8,40.01063506492838,5.4660999999214255,2092.0313000001443,7885.25974025974
1782391517,2,,Aggregated,0.500000,0.000000,8,13,21,22,25,37,43,2100,2100,2100,2100,154,0,8,40.01063506492838,5.4660999999214255,2092.0313000001443,7885.25974025974
1782391518,2,,Aggregated,0.600000,0.000000,8,13,21,22,25,37,43,2100,2100,2100,2100,155,0,8,39.799354193541326,5.4660999999214255,2092.0313000001443,7872.225806451613
1782391519,2,,Aggregated,0.600000,0.000000,8,13,21,22,25,37,43,2100,2100,2100,2100,155,0,8,39.799354193541326,5.4660999999214255,2092.0313000001443,7872.225806451613
1782391520,2,,Aggregated,0.600000,0.000000,8,13,22,22,26,37,43,2100,2100,2100,2100,156,0,8,39.75067884614593,5.4660999999214255,2092.0313000001443,7889.0641025641025
1782391521,2,,Aggregated,0.600000,0.000000,8,13,21,22,26,37,43,2100,2100,2100,2100,157,0,8,39.53777070063071,5.4660999999214255,2092.0313000001443,7876.171974522293
1782391522,2,,Aggregated,0.600000,0.000000,8,13,21,22,26,37,43,2100,2100,2100,2100,157,0,8,39.53777070063071,5.4660999999214255,2092.0313000001443,7876.171974522293
1782391523,2,,Aggregated,0.500000,0.000000,8,13,22,22,27,37,43,2100,2100,2100,2100,158,0,8,39.48102151898178,5.4660999999214255,2092.0313000001443,7892.772151898735
1782391524,2,,Aggregated,0.600000,0.000000,8,13,22,22,27,37,43,2100,2100,2100,2100,159,0,8,39.28621949684808,5.4660999999214255,2092.0313000001443,7880.018867924528
1782391525,2,,Aggregated,0.600000,0.000000,8,13,22,22,27,37,43,2100,2100,2100,2100,159,0,8,39.28621949684808,5.4660999999214255,2092.0313000001443,7880.018867924528
1782391526,2,,Aggregated,0.600000,0.000000,8,13,22,22,27,37,43,2100,2100,2100,2100,159,0,8,39.28621949684808,5.4660999999214255,2092.0313000001443,7880.018867924528
1782391527,2,,Aggregated,0.600000,0.000000,8,13,22,22,27,37,43,2100,2100,2100,2100,160,0,8,39.07704999999169,5.4660999999214255,2092.0313000001443,7862.5625
1782391528,2,,Aggregated,0.600000,0.000000,8,13,21,22,26,36,43,2100,2100,2100,2100,161,0,8,38.87274658384271,5.4660999999214255,2092.0313000001443,7850.155279503106
1782391529,2,,Aggregated,0.500000,0.000000,8,13,21,22,26,36,43,2100,2100,2100,2100,162,0,8,38.66821913579265,5.4660999999214255,2092.0313000001443,7837.901234567901
1782391530,2,,Aggregated,0.500000,0.000000,8,13,21,22,26,36,43,2100,2100,2100,2100,162,0,8,38.66821913579265,5.4660999999214255,2092.0313000001443,7837.901234567901
1782391531,2,,Aggregated,0.700000,0.000000,8,13,21,22,26,36,43,2100,2100,2100,2100,163,0,8,38.46801595091165,5.4660999999214255,2092.0313000001443,7825.79754601227
1782391532,2,,Aggregated,0.700000,0.000000,8,13,21,22,26,36,43,2100,2100,2100,2100,163,0,8,38.46801595091165,5.4660999999214255,2092.0313000001443,7825.79754601227
1782391533,2,,Aggregated,0.700000,0.000000,8,13,21,22,26,36,43,2100,2100,2100,2100,163,0,8,38.46801595091165,5.4660999999214255,2092.0313000001443,7825.79754601227
1782391534,2,,Aggregated,0.500000,0.000000,8,13,21,22,26,36,43,2100,2100,2100,2100,164,0,8,38.27412378047772,5.4660999999214255,2092.0313000001443,7813.841463414634
1782391535,2,,Aggregated,0.500000,0.000000,8,13,21,22,26,36,43,2100,2100,2100,2100,164,0,8,38.27412378047772,5.4660999999214255,2092.0313000001443,7813.841463414634
1782391536,2,,Aggregated,0.500000,0.000000,8,13,21,22,26,36,43,2100,2100,2100,2100,166,0,8,37.99330120480601,5.4660999999214255,2092.0313000001443,7818.277108433735
1782391537,2,,Aggregated,0.500000,0.000000,8,13,21,22,26,36,43,2100,2100,2100,2100,166,0,8,37.99330120480601,5.4660999999214255,2092.0313000001443,7818.277108433735
1782391538,2,,Aggregated,0.500000,0.000000,8,13,21,22,26,36,43,2100,2100,2100,2100,166,0,8,37.99330120480601,5.4660999999214255,2092.0313000001443,7818.277108433735
1782391539,2,,Aggregated,0.600000,0.000000,8,13,21,22,26,36,43,2100,2100,2100,2100,167,0,8,37.80897724549733,5.4660999999214255,2092.0313000001443,7801.922155688623
1782391540,2,,Aggregated,0.600000,0.000000,8,13,21,22,26,36,43,2100,2100,2100,2100,167,0,8,37.80897724549733,5.4660999999214255,2092.0313000001443,7801.922155688623
1782391541,2,,Aggregated,0.500000,0.000000,8,13,22,22,27,36,43,2100,2100,2100,2100,168,0,8,37.787004166654285,5.4660999999214255,2092.0313000001443,7817.976190476191
1782391542,2,,Aggregated,0.500000,0.000000,8,13,22,22,27,36,43,2100,2100,2100,2100,168,0,8,37.787004166654285,5.4660999999214255,2092.0313000001443,7817.976190476191
1782391543,2,,Aggregated,0.600000,0.000000,8,13,21,22,27,36,43,2100,2100,2100,2100,169,0,8,37.64031242602191,5.4660999999214255,2092.0313000001443,7833.84023668639
1782391544,2,,Aggregated,0.600000,0.000000,8,13,21,22,27,36,43,2100,2100,2100,2100,170,0,8,37.452730588221826,5.4660999999214255,2092.0313000001443,7822.2588235294115
1782391545,2,,Aggregated,0.600000,0.000000,8,13,21,22,27,36,43,2100,2100,2100,2100,170,0,8,37.452730588221826,5.4660999999214255,2092.0313000001443,7822.2588235294115
1782391546,2,,Aggregated,0.600000,0.000000,8,13,21,22,27,36,43,2100,2100,2100,2100,170,0,8,37.452730588221826,5.4660999999214255,2092.0313000001443,7822.2588235294115
1782391547,2,,Aggregated,0.600000,0.000000,8,13,21,22,26,36,43,2100,2100,2100,2100,171,0,8,37.270102923964274,5.4660999999214255,2092.0313000001443,7806.263157894737
1782391548,2,,Aggregated,0.600000,0.000000,8,13,21,22,26,36,43,2100,2100,2100,2100,172,0,8,37.087826744172965,5.4660999999214255,2092.0313000001443,7790.453488372093
1782391549,2,,Aggregated,0.600000,0.000000,8,13,21,22,26,36,43,2100,2100,2100,2100,172,0,8,37.087826744172965,5.4660999999214255,2092.0313000001443,7790.453488372093
1782391550,2,,Aggregated,0.600000,0.000000,8,13,21,22,26,36,43,2100,2100,2100,2100,172,0,8,37.087826744172965,5.4660999999214255,2092.0313000001443,7790.453488372093
1782391551,2,,Aggregated,0.600000,0.000000,8,13,21,22,26,36,43,2100,2100,2100,2100,172,0,8,37.087826744172965,5.4660999999214255,2092.0313000001443,7790.453488372093
1782391552,2,,Aggregated,0.500000,0.000000,8,13,21,22,26,36,43,2100,2100,2100,2100,174,0,8,36.83299885056349,5.4660999999214255,2092.0313000001443,7794.954022988506
1782391553,2,,Aggregated,0.500000,0.000000,8,13,21,22,26,36,43,2100,2100,2100,2100,174,0,8,36.83299885056349,5.4660999999214255,2092.0313000001443,7794.954022988506
1782391554,2,,Aggregated,0.500000,0.000000,8,13,21,22,26,36,43,2100,2100,2100,2100,174,0,8,36.83299885056349,5.4660999999214255,2092.0313000001443,7794.954022988506
1782391555,2,,Aggregated,0.500000,0.000000,8,13,21,22,26,36,43,2100,2100,2100,2100,174,0,8,36.83299885056349,5.4660999999214255,2092.0313000001443,7794.954022988506
1782391556,2,,Aggregated,0.400000,0.000000,8,13,22,22,26,36,43,2100,2100,2100,2100,176,0,8,36.57146193180758,5.4660999999214255,2092.0313000001443,7799.352272727273
1782391557,2,,Aggregated,0.400000,0.000000,8,13,22,22,26,36,43,2100,2100,2100,2100,176,0,8,36.57146193180758,5.4660999999214255,2092.0313000001443,7799.352272727273
1782391558,2,,Aggregated,0.500000,0.000000,8,13,21,22,26,36,43,2100,2100,2100,2100,177,0,8,36.405573446317334,5.4660999999214255,2092.0313000001443,7788.423728813559
1782391559,2,,Aggregated,0.500000,0.000000,8,13,21,22,26,36,43,2100,2100,2100,2100,177,0,8,36.405573446317334,5.4660999999214255,2092.0313000001443,7788.423728813559
1782391560,2,,Aggregated,0.600000,0.000000,8,13,21,22,26,36,43,2100,2100,2100,2100,178,0,7,36.2370842696533,5.4660999999214255,2092.0313000001443,7773.247191011236
1782391561,2,,Aggregated,0.500000,0.000000,7,13,21,22,26,36,43,2100,2100,2100,2100,179,0,7,36.06821508378871,5.4660999999214255,2092.0313000001443,7758.2402234636875
1782391562,2,,Aggregated,0.500000,0.000000,7,13,21,22,26,36,43,2100,2100,2100,2100,179,0,7,36.06821508378871,5.4660999999214255,2092.0313000001443,7758.2402234636875
1782391563,2,,Aggregated,0.500000,0.000000,7,13,21,22,26,36,43,2100,2100,2100,2100,179,0,7,36.06821508378871,5.4660999999214255,2092.0313000001443,7758.2402234636875
1782391564,2,,Aggregated,0.600000,0.000000,7,13,21,22,26,34,43,2100,2100,2100,2100,181,0,7,35.8464944751282,5.4660999999214255,2092.0313000001443,7762.922651933702
1782391565,2,,Aggregated,0.600000,0.000000,7,13,21,22,26,34,43,2100,2100,2100,2100,181,0,7,35.8464944751282,5.4660999999214255,2092.0313000001443,7762.922651933702
1782391566,2,,Aggregated,0.600000,0.000000,7,13,21,22,26,34,43,2100,2100,2100,2100,181,0,7,35.8464944751282,5.4660999999214255,2092.0313000001443,7762.922651933702
1782391567,2,,Aggregated,0.700000,0.000000,7,13,21,22,26,34,43,2100,2100,2100,2100,182,0,7,35.6869956043848,5.4660999999214255,2092.0313000001443,7752.494505494506
1782391568,2,,Aggregated,0.700000,0.000000,7,13,21,22,26,34,43,2100,2100,2100,2100,182,0,7,35.6869956043848,5.4660999999214255,2092.0313000001443,7752.494505494506
1782391569,2,,Aggregated,0.600000,0.000000,7,13,21,22,26,34,43,2100,2100,2100,2100,184,0,7,35.36104836955622,5.4660999999214255,2092.0313000001443,7727.75
1782391570,2,,Aggregated,0.600000,0.000000,7,13,21,22,26,34,43,2100,2100,2100,2100,184,0,7,35.36104836955622,5.4660999999214255,2092.0313000001443,7727.75
1782391571,2,,Aggregated,0.600000,0.000000,7,13,21,22,26,34,43,2100,2100,2100,2100,184,0,7,35.36104836955622,5.4660999999214255,2092.0313000001443,7727.75
1782391572,2,,Aggregated,0.600000,0.000000,7,13,21,22,26,34,43,2100,2100,2100,2100,184,0,7,35.36104836955622,5.4660999999214255,2092.0313000001443,7727.75
1782391573,2,,Aggregated,0.600000,0.000000,7,13,21,22,26,34,43,2100,2100,2100,2100,185,0,7,35.21503405404351,5.4660999999214255,2092.0313000001443,7717.681081081081
1782391574,2,,Aggregated,0.500000,0.000000,7,13,21,22,26,34,43,2100,2100,2100,2100,186,0,7,35.15244569891404,5.4660999999214255,2092.0313000001443,7732.634408602151
1782391575,2,,Aggregated,0.500000,0.000000,7,13,21,22,26,34,43,2100,2100,2100,2100,186,0,7,35.15244569891404,5.4660999999214255,2092.0313000001443,7732.634408602151
1782391576,2,,Aggregated,0.400000,0.000000,7,13,21,22,26,34,43,2100,2100,2100,2100,187,0,7,35.057474866298335,5.4660999999214255,2092.0313000001443,7747.427807486631
1782391577,2,,Aggregated,0.400000,0.000000,7,13,21,22,26,34,43,2100,2100,2100,2100,187,0,7,35.057474866298335,5.4660999999214255,2092.0313000001443,7747.427807486631
1782391578,2,,Aggregated,0.500000,0.000000,7,13,21,22,26,34,43,2100,2100,2100,2100,188,0,7,34.902717553179286,5.4660999999214255,2092.0313000001443,7737.414893617021
1782391579,2,,Aggregated,0.500000,0.000000,7,13,21,22,26,34,43,2100,2100,2100,2100,189,0,7,34.85643439152319,5.4660999999214255,2092.0313000001443,7752.026455026455
1782391580,2,,Aggregated,0.500000,0.000000,7,13,21,22,26,34,43,2100,2100,2100,2100,189,0,7,34.85643439152319,5.4660999999214255,2092.0313000001443,7752.026455026455
1782391581,2,,Aggregated,0.500000,0.000000,7,13,21,22,26,34,43,2100,2100,2100,2100,189,0,7,34.85643439152319,5.4660999999214255,2092.0313000001443,7752.026455026455
1782391582,2,,Aggregated,0.500000,0.000000,7,13,21,22,26,34,43,2100,2100,2100,2100,189,0,7,34.85643439152319,5.4660999999214255,2092.0313000001443,7752.026455026455
1782391583,2,,Aggregated,0.500000,0.000000,8,13,21,22,26,34,43,2100,2100,2100,2100,191,0,8,34.61002356019585,5.4660999999214255,2092.0313000001443,7780.79057591623
1782391584,2,,Aggregated,0.500000,0.000000,8,13,21,22,26,34,43,2100,2100,2100,2100,191,0,8,34.61002356019585,5.4660999999214255,2092.0313000001443,7780.79057591623
1782391585,2,,Aggregated,0.500000,0.000000,8,13,22,22,26,34,43,2100,2100,2100,2100,192,0,8,34.54477656248637,5.4660999999214255,2092.0313000001443,7794.947916666667
1782391586,2,,Aggregated,0.500000,0.000000,8,13,22,22,26,34,43,2100,2100,2100,2100,192,0,8,34.54477656248637,5.4660999999214255,2092.0313000001443,7794.947916666667
1782391587,2,,Aggregated,0.600000,0.000000,8,13,22,22,26,34,43,2100,2100,2100,2100,194,0,8,34.41653505153236,5.4660999999214255,2092.0313000001443,7822.8247422680415
1782391588,2,,Aggregated,0.600000,0.000000,8,13,22,22,26,34,43,2100,2100,2100,2100,194,0,8,34.41653505153236,5.4660999999214255,2092.0313000001443,7822.8247422680415
1782391589,2,,Aggregated,0.600000,0.000000,8,13,22,22,26,34,43,2100,2100,2100,2100,194,0,8,34.41653505153236,5.4660999999214255,2092.0313000001443,7822.8247422680415
1782391590,2,,Aggregated,0.600000,0.000000,8,13,22,22,26,34,43,2100,2100,2100,2100,194,0,8,34.41653505153236,5.4660999999214255,2092.0313000001443,7822.8247422680415
1782391591,2,,Aggregated,0.600000,0.000000,8,13,22,22,26,34,43,2100,2100,2100,2100,194,0,8,34.41653505153236,5.4660999999214255,2092.0313000001443,7822.8247422680415
1782391592,2,,Aggregated,0.500000,0.000000,8,13,22,22,26,34,43,2100,2100,2100,2100,196,0,8,34.237246938761594,5.4660999999214255,2092.0313000001443,7850.132653061224
1782391593,2,,Aggregated,0.500000,0.000000,8,13,22,22,26,34,43,2100,2100,2100,2100,196,0,8,34.237246938761594,5.4660999999214255,2092.0313000001443,7850.132653061224
1782391594,2,,Aggregated,0.700000,0.000000,8,13,22,22,26,34,43,2100,2100,2100,2100,197,0,8,34.09335634516427,5.4660999999214255,2092.0313000001443,7840.055837563452
1782391595,2,,Aggregated,0.700000,0.000000,8,13,22,22,26,34,43,2100,2100,2100,2100,198,0,8,33.952998484834886,5.4660999999214255,2092.0313000001443,7830.080808080808
1782391596,2,,Aggregated,0.700000,0.000000,8,13,22,22,26,34,43,2100,2100,2100,2100,198,0,8,33.952998484834886,5.4660999999214255,2092.0313000001443,7830.080808080808
1782391597,2,,Aggregated,0.600000,0.000000,8,13,22,22,26,34,43,2100,2100,2100,2100,199,0,8,33.904545728628776,5.4660999999214255,2092.0313000001443,7843.492462311558
1782391598,2,,Aggregated,0.600000,0.000000,8,13,22,22,26,34,43,2100,2100,2100,2100,200,0,8,33.81729049998512,5.4660999999214255,2092.0313000001443,7856.77
1782391599,2,,Aggregated,0.600000,0.000000,8,13,22,22,26,34,43,2100,2100,2100,2100,200,0,8,33.81729049998512,5.4660999999214255,2092.0313000001443,7856.77
1782391600,2,,Aggregated,0.600000,0.000000,8,13,22,22,26,34,43,2100,2100,2100,2100,200,0,8,33.81729049998512,5.4660999999214255,2092.0313000001443,7856.77
1782391601,2,,Aggregated,0.600000,0.000000,8,13,22,22,26,32,41,50,2100,2100,2100,201,0,8,33.69044029849154,5.4660999999214255,2092.0313000001443,7842.9900497512435
1782391602,2,,Aggregated,0.600000,0.000000,8,13,22,22,26,32,41,50,2100,2100,2100,202,0,8,33.63975742572485,5.4660999999214255,2092.0313000001443,7856.138613861386
1782391603,2,,Aggregated,0.600000,0.000000,8,13,22,22,26,32,41,50,2100,2100,2100,203,0,8,33.52844926106618,5.4660999999214255,2092.0313000001443,7869.15763546798
1782391604,2,,Aggregated,0.600000,0.000000,8,13,22,22,26,32,41,50,2100,2100,2100,203,0,8,33.52844926106618,5.4660999999214255,2092.0313000001443,7869.15763546798
1782391605,2,,Aggregated,0.600000,0.000000,8,13,22,23,26,32,41,50,2100,2100,2100,204,0,8,33.49225735292507,5.4660999999214255,2092.0313000001443,7882.049019607844
1782391606,2,,Aggregated,0.700000,0.000000,8,13,22,23,26,32,41,50,2100,2100,2100,205,0,8,33.38740682925052,5.4660999999214255,2092.0313000001443,7894.814634146342
1782391607,2,,Aggregated,0.700000,0.000000,8,13,22,23,26,32,41,50,2100,2100,2100,205,0,8,33.38740682925052,5.4660999999214255,2092.0313000001443,7894.814634146342
1782391608,2,,Aggregated,0.500000,0.000000,8,13,22,22,26,32,41,50,2100,2100,2100,206,0,8,33.25898106794236,5.4660999999214255,2092.0313000001443,7884.961165048544
1782391609,2,,Aggregated,0.500000,0.000000,8,13,22,22,26,32,41,50,2100,2100,2100,206,0,8,33.25898106794236,5.4660999999214255,2092.0313000001443,7884.961165048544
1782391610,2,,Aggregated,0.500000,0.000000,8,13,22,22,26,32,41,50,2100,2100,2100,206,0,8,33.25898106794236,5.4660999999214255,2092.0313000001443,7884.961165048544
1782391611,2,,Aggregated,0.600000,0.000000,8,13,22,22,26,32,41,50,2100,2100,2100,207,0,8,33.12728454104376,5.4660999999214255,2092.0313000001443,7875.202898550725
1782391612,2,,Aggregated,0.600000,0.000000,8,13,22,23,26,32,41,50,2100,2100,2100,208,0,8,33.11054903844243,5.4660999999214255,2092.0313000001443,7887.817307692308
1782391613,2,,Aggregated,0.600000,0.000000,8,13,22,23,26,32,41,50,2100,2100,2100,208,0,8,33.11054903844243,5.4660999999214255,2092.0313000001443,7887.817307692308
1782391614,2,,Aggregated,0.600000,0.000000,8,13,22,23,26,32,41,50,2100,2100,2100,208,0,8,33.11054903844243,5.4660999999214255,2092.0313000001443,7887.817307692308
1782391615,2,,Aggregated,0.600000,0.000000,8,13,22,23,26,32,41,50,2100,2100,2100,209,0,8,33.0083947368225,5.4660999999214255,2092.0313000001443,7900.311004784689
1782391616,2,,Aggregated,0.600000,0.000000,8,13,22,23,26,32,41,50,2100,2100,2100,209,0,8,33.0083947368225,5.4660999999214255,2092.0313000001443,7900.311004784689
1782391617,2,,Aggregated,0.500000,0.000000,8,13,22,23,26,32,41,50,2100,2100,2100,210,0,8,32.887778571410394,5.4660999999214255,2092.0313000001443,7886.914285714286
1782391618,2,,Aggregated,0.500000,0.000000,8,13,22,23,26,32,41,50,2100,2100,2100,210,0,8,32.887778571410394,5.4660999999214255,2092.0313000001443,7886.914285714286
1782391619,2,,Aggregated,0.500000,0.000000,8,13,22,22,26,32,41,50,2100,2100,2100,211,0,8,32.7624971563792,5.4660999999214255,2092.0313000001443,7877.331753554502
1782391620,2,,Aggregated,0.400000,0.000000,8,13,22,23,26,32,41,50,2100,2100,2100,212,0,8,32.717205660358836,5.4660999999214255,2092.0313000001443,7889.698113207547
1782391621,2,,Aggregated,0.400000,0.000000,8,13,22,23,26,32,41,50,2100,2100,2100,212,0,8,32.717205660358836,5.4660999999214255,2092.0313000001443,7889.698113207547
1782391622,2,,Aggregated,0.400000,0.000000,8,13,22,23,26,32,41,50,2100,2100,2100,212,0,8,32.717205660358836,5.4660999999214255,2092.0313000001443,7889.698113207547
1782391623,2,,Aggregated,0.600000,0.000000,8,13,22,23,26,32,41,50,2100,2100,2100,214,0,8,32.57331588783247,5.4660999999214255,2092.0313000001443,7892.429906542056
1782391624,2,,Aggregated,0.600000,0.000000,8,13,22,23,26,32,41,50,2100,2100,2100,214,0,8,32.57331588783247,5.4660999999214255,2092.0313000001443,7892.429906542056
1782391625,2,,Aggregated,0.600000,0.000000,8,13,22,23,26,32,41,50,2100,2100,2100,214,0,8,32.57331588783247,5.4660999999214255,2092.0313000001443,7892.429906542056
1782391626,2,,Aggregated,0.600000,0.000000,8,13,22,23,26,32,41,50,2100,2100,2100,214,0,8,32.57331588783247,5.4660999999214255,2092.0313000001443,7892.429906542056
1782391627,2,,Aggregated,0.600000,0.000000,8,13,22,23,26,32,41,50,2100,2100,2100,214,0,8,32.57331588783247,5.4660999999214255,2092.0313000001443,7892.429906542056
1782391628,2,,Aggregated,0.600000,0.000000,8,13,22,23,26,32,41,50,2100,2100,2100,216,0,8,32.429528703685435,5.4660999999214255,2092.0313000001443,7916.564814814815
1782391629,2,,Aggregated,0.600000,0.000000,8,13,22,23,26,32,41,50,2100,2100,2100,216,0,8,32.429528703685435,5.4660999999214255,2092.0313000001443,7916.564814814815
1782391630,2,,Aggregated,0.600000,0.000000,8,13,22,23,26,32,41,50,2100,2100,2100,216,0,8,32.429528703685435,5.4660999999214255,2092.0313000001443,7916.564814814815
1782391631,2,,Aggregated,0.500000,0.000000,8,13,22,23,26,32,41,50,2100,2100,2100,218,0,8,32.25092064218572,5.4660999999214255,2092.0313000001443,7940.256880733945
1782391632,2,,Aggregated,0.500000,0.000000,8,13,22,23,26,32,41,50,2100,2100,2100,218,0,8,32.25092064218572,5.4660999999214255,2092.0313000001443,7940.256880733945
1782391633,2,,Aggregated,0.500000,0.000000,8,13,22,23,26,32,41,50,2100,2100,2100,218,0,8,32.25092064218572,5.4660999999214255,2092.0313000001443,7940.256880733945
1782391634,2,,Aggregated,0.600000,0.000000,8,13,22,23,26,32,41,50,2100,2100,2100,219,0,8,32.25056986299671,5.4660999999214255,2092.0313000001443,7951.940639269406
1782391635,2,,Aggregated,0.600000,0.000000,9,13,22,23,26,32,41,50,2100,2100,2100,220,0,8,32.16434363634603,5.4660999999214255,2092.0313000001443,7963.518181818182
1782391636,2,,Aggregated,0.600000,0.000000,9,13,22,23,26,32,41,50,2100,2100,2100,220,0,8,32.16434363634603,5.4660999999214255,2092.0313000001443,7963.518181818182
1782391637,2,,Aggregated,0.600000,0.000000,9,13,22,23,26,32,41,50,2100,2100,2100,220,0,8,32.16434363634603,5.4660999999214255,2092.0313000001443,7963.518181818182
1782391638,2,,Aggregated,0.600000,0.000000,8,13,22,23,26,32,41,50,2100,2100,2100,221,0,8,32.05094886876124,5.4660999999214255,2092.0313000001443,7954.022624434389
1782391639,2,,Aggregated,0.600000,0.000000,8,13,22,23,26,32,41,50,2100,2100,2100,222,0,8,31.935236486468646,5.4660999999214255,2092.0313000001443,7944.612612612613
1782391640,2,,Aggregated,0.600000,0.000000,8,13,22,23,26,32,41,50,2100,2100,2100,222,0,8,31.935236486468646,5.4660999999214255,2092.0313000001443,7944.612612612613
1782391641,2,,Aggregated,0.600000,0.000000,8,13,22,23,26,32,41,50,2100,2100,2100,222,0,8,31.935236486468646,5.4660999999214255,2092.0313000001443,7944.612612612613
1782391642,2,,Aggregated,0.600000,0.000000,8,13,22,23,26,32,41,50,2100,2100,2100,223,0,8,31.81856860984703,5.4660999999214255,2092.0313000001443,7935.286995515695
1782391643,2,,Aggregated,0.600000,0.000000,8,13,22,23,26,32,41,50,2100,2100,2100,224,0,8,31.776557142839984,5.4660999999214255,2092.0313000001443,7946.732142857143
1782391644,2,,Aggregated,0.400000,0.000000,8,13,22,23,26,32,41,50,2100,2100,2100,225,0,8,31.662133333316483,5.4660999999214255,2092.0313000001443,7937.48
1782391645,2,,Aggregated,0.400000,0.000000,8,13,22,23,26,32,41,50,2100,2100,2100,225,0,8,31.662133333316483,5.4660999999214255,2092.0313000001443,7937.48
1782391646,2,,Aggregated,0.400000,0.000000,8,13,22,23,26,32,41,50,2100,2100,2100,225,0,8,31.662133333316483,5.4660999999214255,2092.0313000001443,7937.48
1782391647,2,,Aggregated,0.600000,0.000000,8,13,22,22,26,32,41,50,2100,2100,2100,226,0,8,31.581643805294632,5.4660999999214255,2092.0313000001443,7948.814159292036
1782391648,2,,Aggregated,0.600000,0.000000,8,13,22,22,26,32,41,50,2100,2100,2100,226,0,8,31.581643805294632,5.4660999999214255,2092.0313000001443,7948.814159292036
1782391649,2,,Aggregated,0.500000,0.000000,8,13,22,22,26,32,41,50,2100,2100,2100,227,0,8,31.471237444918394,5.4660999999214255,2092.0313000001443,7939.63436123348
1782391651,2,,Aggregated,0.500000,0.000000,8,13,22,22,26,32,41,50,2100,2100,2100,227,0,8,31.471237444918394,5.4660999999214255,2092.0313000001443,7939.63436123348
1782391652,2,,Aggregated,0.500000,0.000000,8,13,22,22,26,32,41,50,2100,2100,2100,228,0,8,31.364099122791295,5.4660999999214255,2092.0313000001443,7927.122807017544
1782391653,2,,Aggregated,0.500000,0.000000,8,13,22,22,26,32,41,50,2100,2100,2100,229,0,8,31.25243842793191,5.4660999999214255,2092.0313000001443,7918.117903930131
1782391654,2,,Aggregated,0.500000,0.000000,8,13,22,22,26,32,41,50,2100,2100,2100,229,0,8,31.25243842793191,5.4660999999214255,2092.0313000001443,7918.117903930131
1782391655,2,,Aggregated,0.600000,0.000000,8,13,22,22,26,32,41,50,2100,2100,2100,230,0,8,31.143607391287215,5.4660999999214255,2092.0313000001443,7909.191304347826
1782391656,2,,Aggregated,0.600000,0.000000,8,13,22,22,26,32,41,50,2100,2100,2100,230,0,8,31.143607391287215,5.4660999999214255,2092.0313000001443,7909.191304347826
1782391657,2,,Aggregated,0.600000,0.000000,8,13,22,22,26,32,41,50,2100,2100,2100,230,0,8,31.143607391287215,5.4660999999214255,2092.0313000001443,7909.191304347826
1782391658,2,,Aggregated,0.500000,0.000000,8,13,22,22,26,32,41,50,2100,2100,2100,232,0,8,30.939916810329404,5.4660999999214255,2092.0313000001443,7891.568965517241
1782391659,2,,Aggregated,0.500000,0.000000,8,13,22,22,26,32,41,50,2100,2100,2100,232,0,8,30.939916810329404,5.4660999999214255,2092.0313000001443,7891.568965517241
1782391660,2,,Aggregated,0.500000,0.000000,8,13,22,22,26,32,41,50,2100,2100,2100,232,0,8,30.939916810329404,5.4660999999214255,2092.0313000001443,7891.568965517241
1782391661,2,,Aggregated,0.600000,0.000000,8,13,22,22,26,32,41,50,2100,2100,2100,233,0,8,30.89284463517737,5.4660999999214255,2092.0313000001443,7902.759656652361
1782391662,2,,Aggregated,0.600000,0.000000,8,13,22,22,26,32,41,50,2100,2100,2100,234,0,8,30.813034188019014,5.4660999999214255,2092.0313000001443,7913.854700854701
1782391663,2,,Aggregated,0.500000,0.000000,8,13,22,22,26,32,41,50,2100,2100,2100,235,0,8,30.70683999998669,5.4660999999214255,2092.0313000001443,7905.136170212766
1782391664,2,,Aggregated,0.500000,0.000000,8,13,22,22,26,32,41,50,2100,2100,2100,235,0,8,30.70683999998669,5.4660999999214255,2092.0313000001443,7905.136170212766
1782391665,2,,Aggregated,0.500000,0.000000,8,13,22,22,26,32,41,50,2100,2100,2100,235,0,8,30.70683999998669,5.4660999999214255,2092.0313000001443,7905.136170212766
1782391666,2,,Aggregated,0.500000,0.000000,8,13,22,22,26,32,41,50,2100,2100,2100,235,0,8,30.70683999998669,5.4660999999214255,2092.0313000001443,7905.136170212766
1782391667,2,,Aggregated,0.600000,0.000000,8,13,22,22,26,32,41,50,2100,2100,2100,237,0,8,30.616735864965403,5.4660999999214255,2092.0313000001443,7904.189873417721
1782391668,2,,Aggregated,0.600000,0.000000,8,13,22,22,26,32,41,50,2100,2100,2100,237,0,8,30.616735864965403,5.4660999999214255,2092.0313000001443,7904.189873417721
1782391669,2,,Aggregated,0.600000,0.000000,8,13,22,22,26,32,41,50,2100,2100,2100,237,0,8,30.616735864965403,5.4660999999214255,2092.0313000001443,7904.189873417721
1782391670,2,,Aggregated,0.600000,0.000000,8,13,22,22,26,32,41,50,2100,2100,2100,237,0,8,30.616735864965403,5.4660999999214255,2092.0313000001443,7904.189873417721
1782391671,2,,Aggregated,0.500000,0.000000,8,13,22,22,26,32,41,50,2100,2100,2100,238,0,8,30.54149831931483,5.4660999999214255,2092.0313000001443,7915.09243697479
1782391672,2,,Aggregated,0.500000,0.000000,8,13,22,22,26,32,41,50,2100,2100,2100,239,0,8,30.44205690375405,5.4660999999214255,2092.0313000001443,7906.514644351464
1782391673,2,,Aggregated,0.500000,0.000000,8,13,22,22,26,32,41,50,2100,2100,2100,239,0,8,30.44205690375405,5.4660999999214255,2092.0313000001443,7906.514644351464
1782391674,2,,Aggregated,0.500000,0.000000,8,13,22,22,26,32,41,50,2100,2100,2100,240,0,8,30.342329166654736,5.4660999999214255,2092.0313000001443,7898.008333333333
1782391675,2,,Aggregated,0.500000,0.000000,8,13,22,22,26,32,41,50,2100,2100,2100,241,0,8,30.32625269708426,5.4660999999214255,2092.0313000001443,7908.8008298755185
1782391676,2,,Aggregated,0.500000,0.000000,8,13,22,22,26,32,41,50,2100,2100,2100,241,0,8,30.32625269708426,5.4660999999214255,2092.0313000001443,7908.8008298755185
1782391677,2,,Aggregated,0.500000,0.000000,8,13,22,22,26,32,41,50,2100,2100,2100,242,0,8,30.22437231403867,5.4660999999214255,2092.0313000001443,7900.355371900827
1782391678,2,,Aggregated,0.500000,0.000000,8,13,22,22,26,32,41,50,2100,2100,2100,242,0,8,30.22437231403867,5.4660999999214255,2092.0313000001443,7900.355371900827
1782391679,2,,Aggregated,0.500000,0.000000,8,13,22,22,26,32,41,50,2100,2100,2100,244,0,8,30.132372540973563,5.4660999999214255,2092.0313000001443,7902.663934426229
1782391680,2,,Aggregated,0.500000,0.000000,8,13,22,22,26,32,41,50,2100,2100,2100,244,0,8,30.132372540973563,5.4660999999214255,2092.0313000001443,7902.663934426229
1782391681,2,,Aggregated,0.600000,0.000000,8,13,22,23,26,32,41,50,2100,2100,2100,245,0,8,30.160083265296375,5.4660999999214255,2092.0313000001443,7913.2612244897955
1782391682,2,,Aggregated,0.600000,0.000000,8,13,22,23,26,32,41,50,2100,2100,2100,245,0,8,30.160083265296375,5.4660999999214255,2092.0313000001443,7913.2612244897955
1782391683,2,,Aggregated,0.600000,0.000000,8,13,22,22,26,32,41,50,2100,2100,2100,246,0,8,30.062306504055968,5.4660999999214255,2092.0313000001443,7904.934959349594
1782391684,2,,Aggregated,0.600000,0.000000,8,13,22,22,26,32,41,50,2100,2100,2100,246,0,8,30.062306504055968,5.4660999999214255,2092.0313000001443,7904.934959349594
1782391685,2,,Aggregated,0.600000,0.000000,8,13,22,22,26,32,41,50,2100,2100,2100,246,0,8,30.062306504055968,5.4660999999214255,2092.0313000001443,7904.934959349594
1782391686,2,,Aggregated,0.600000,0.000000,8,13,22,22,26,32,41,50,2100,2100,2100,247,0,8,29.965861133594903,5.4660999999214255,2092.0313000001443,7893.526315789473
1782391687,2,,Aggregated,0.600000,0.000000,8,13,22,22,26,32,41,50,2100,2100,2100,247,0,8,29.965861133594903,5.4660999999214255,2092.0313000001443,7893.526315789473
1782391688,2,,Aggregated,0.500000,0.000000,8,13,22,23,26,32,41,50,2100,2100,2100,248,0,8,29.93794798386269,5.4660999999214255,2092.0313000001443,7904.032258064516
1782391689,2,,Aggregated,0.600000,0.000000,8,13,22,23,26,32,41,50,2100,2100,2100,249,0,8,29.84171244979113,5.4660999999214255,2092.0313000001443,7892.718875502008
1782391690,2,,Aggregated,0.600000,0.000000,8,13,22,23,26,32,41,50,2100,2100,2100,249,0,8,29.84171244979113,5.4660999999214255,2092.0313000001443,7892.718875502008
1782391691,2,,Aggregated,0.600000,0.000000,8,13,22,23,26,32,41,50,2100,2100,2100,250,0,8,29.74530199999208,5.4660999999214255,2092.0313000001443,7884.608
1782391692,2,,Aggregated,0.600000,0.000000,8,13,22,23,26,32,41,50,2100,2100,2100,250,0,8,29.74530199999208,5.4660999999214255,2092.0313000001443,7884.608
1782391693,2,,Aggregated,0.600000,0.000000,8,13,22,23,26,32,41,50,2100,2100,2100,250,0,8,29.74530199999208,5.4660999999214255,2092.0313000001443,7884.608
1782391694,2,,Aggregated,0.500000,0.000000,8,13,22,22,26,32,38,50,2100,2100,2100,252,0,8,29.555271031739043,5.4660999999214255,2092.0313000001443,7865.492063492064
1782391695,2,,Aggregated,0.500000,0.000000,8,13,22,22,26,32,38,50,2100,2100,2100,252,0,8,29.555271031739043,5.4660999999214255,2092.0313000001443,7865.492063492064
1782391696,2,,Aggregated,0.500000,0.000000,8,13,22,22,26,32,38,50,2100,2100,2100,253,0,8,29.525001976276773,5.4660999999214255,2092.0313000001443,7875.901185770751
1782391697,2,,Aggregated,0.600000,0.000000,8,13,22,22,26,32,38,50,2100,2100,2100,254,0,8,29.456765748023813,5.4660999999214255,2092.0313000001443,7886.228346456693
1782391698,2,,Aggregated,0.600000,0.000000,8,13,22,22,26,32,38,50,2100,2100,2100,254,0,8,29.456765748023813,5.4660999999214255,2092.0313000001443,7886.228346456693
1782391699,2,,Aggregated,0.600000,0.000000,8,13,22,22,26,32,38,50,2100,2100,2100,254,0,8,29.456765748023813,5.4660999999214255,2092.0313000001443,7886.228346456693
1782391700,2,,Aggregated,0.600000,0.000000,8,13,22,22,26,32,38,50,2100,2100,2100,255,0,8,29.393530196070703,5.4660999999214255,2092.0313000001443,7896.474509803921
1782391701,2,,Aggregated,0.600000,0.000000,8,13,22,22,26,32,38,50,2100,2100,2100,255,0,8,29.393530196070703,5.4660999999214255,2092.0313000001443,7896.474509803921
1782391702,2,,Aggregated,0.500000,0.000000,8,13,22,22,26,32,38,50,2100,2100,2100,257,0,8,29.224484435788835,5.4660999999214255,2092.0313000001443,7877.6381322957195
1782391703,2,,Aggregated,0.500000,0.000000,8,13,22,22,26,32,38,50,2100,2100,2100,257,0,8,29.224484435788835,5.4660999999214255,2092.0313000001443,7877.6381322957195
1782391704,2,,Aggregated,0.500000,0.000000,8,13,22,22,26,32,38,50,2100,2100,2100,257,0,8,29.224484435788835,5.4660999999214255,2092.0313000001443,7877.6381322957195
1782391705,2,,Aggregated,0.500000,0.000000,8,13,22,22,26,32,38,50,2100,2100,2100,257,0,8,29.224484435788835,5.4660999999214255,2092.0313000001443,7877.6381322957195
1782391706,2,,Aggregated,0.600000,0.000000,8,13,22,22,26,32,38,50,2100,2100,2100,259,0,8,29.15092702701838,5.4660999999214255,2092.0313000001443,7897.880308880309
1782391707,2,,Aggregated,0.600000,0.000000,8,13,22,22,26,32,38,50,2100,2100,2100,259,0,8,29.15092702701838,5.4660999999214255,2092.0313000001443,7897.880308880309
1782391708,2,,Aggregated,0.600000,0.000000,8,13,22,22,26,32,38,50,2100,2100,2100,260,0,8,29.064606923067842,5.4660999999214255,2092.0313000001443,7890.0615384615385
1782391709,2,,Aggregated,0.600000,0.000000,8,13,22,22,26,32,38,50,2100,2100,2100,260,0,8,29.064606923067842,5.4660999999214255,2092.0313000001443,7890.0615384615385
1782391710,2,,Aggregated,0.600000,0.000000,8,13,22,22,26,32,38,50,2100,2100,2100,260,0,8,29.064606923067842,5.4660999999214255,2092.0313000001443,7890.0615384615385
1782391711,2,,Aggregated,0.500000,0.000000,8,13,22,22,26,32,38,50,2100,2100,2100,262,0,8,28.97117557250838,5.4660999999214255,2092.0313000001443,7892.2900763358775
1782391712,2,,Aggregated,0.500000,0.000000,8,13,22,22,26,32,38,50,2100,2100,2100,262,0,8,28.97117557250838,5.4660999999214255,2092.0313000001443,7892.2900763358775
1782391713,2,,Aggregated,0.600000,0.000000,8,13,22,22,26,32,38,50,2100,2100,2100,263,0,8,28.883662357402983,5.4660999999214255,2092.0313000001443,7884.58174904943
1782391714,2,,Aggregated,0.600000,0.000000,8,13,22,22,26,32,38,50,2100,2100,2100,264,0,8,28.799620075746493,5.4660999999214255,2092.0313000001443,7876.931818181818
1782391715,2,,Aggregated,0.600000,0.000000,8,13,22,22,26,32,38,50,2100,2100,2100,265,0,8,28.735590566026627,5.4660999999214255,2092.0313000001443,7886.82641509434
1782391716,2,,Aggregated,0.600000,0.000000,8,13,22,22,26,32,38,50,2100,2100,2100,265,0,8,28.735590566026627,5.4660999999214255,2092.0313000001443,7886.82641509434
1782391717,2,,Aggregated,0.600000,0.000000,8,13,22,22,26,32,38,50,2100,2100,2100,265,0,8,28.735590566026627,5.4660999999214255,2092.0313000001443,7886.82641509434
1782391718,2,,Aggregated,0.600000,0.000000,8,13,22,22,26,32,38,50,2100,2100,2100,265,0,8,28.735590566026627,5.4660999999214255,2092.0313000001443,7886.82641509434
1782391719,2,,Aggregated,0.600000,0.000000,8,13,22,22,26,32,38,50,2100,2100,2100,267,0,8,28.56390187264807,5.4660999999214255,2092.0313000001443,7868.767790262173
1782391720,2,,Aggregated,0.600000,0.000000,8,13,22,22,26,32,38,50,2100,2100,2100,267,0,8,28.56390187264807,5.4660999999214255,2092.0313000001443,7868.767790262173
1782391721,2,,Aggregated,0.600000,0.000000,8,13,22,22,26,32,38,50,2100,2100,2100,267,0,8,28.56390187264807,5.4660999999214255,2092.0313000001443,7868.767790262173
1782391722,2,,Aggregated,0.600000,0.000000,8,13,22,22,26,32,38,50,2100,2100,2100,267,0,8,28.56390187264807,5.4660999999214255,2092.0313000001443,7868.767790262173
1782391723,2,,Aggregated,0.500000,0.000000,8,13,21,22,26,32,38,50,2100,2100,2100,269,0,8,28.398092565044546,5.4660999999214255,2092.0313000001443,7850.977695167287
1782391724,2,,Aggregated,0.500000,0.000000,8,13,21,22,26,32,38,50,2100,2100,2100,269,0,8,28.398092565044546,5.4660999999214255,2092.0313000001443,7850.977695167287
1782391725,2,,Aggregated,0.500000,0.000000,8,13,21,22,26,32,38,50,2100,2100,2100,269,0,8,28.398092565044546,5.4660999999214255,2092.0313000001443,7850.977695167287
1782391726,2,,Aggregated,0.600000,0.000000,8,13,21,22,26,32,38,50,2100,2100,2100,270,0,8,28.314952962952063,5.4660999999214255,2092.0313000001443,7840.740740740741
1782391727,2,,Aggregated,0.600000,0.000000,8,13,21,22,26,32,38,50,2100,2100,2100,270,0,8,28.314952962952063,5.4660999999214255,2092.0313000001443,7840.740740740741
1782391728,2,,Aggregated,0.500000,0.000000,8,13,22,22,26,32,41,50,2100,2100,2100,271,0,8,28.36056568264457,5.4660999999214255,2092.0313000001443,7850.549815498155
1782391729,2,,Aggregated,0.500000,0.000000,8,13,22,22,26,32,41,50,2100,2100,2100,271,0,8,28.36056568264457,5.4660999999214255,2092.0313000001443,7850.549815498155
1782391730,2,,Aggregated,0.600000,0.000000,8,13,22,22,26,32,41,50,2100,2100,2100,272,0,8,28.27932499998637,5.4660999999214255,2092.0313000001443,7840.389705882353
1782391731,2,,Aggregated,0.600000,0.000000,8,13,22,22,26,32,41,50,2100,2100,2100,272,0,8,28.27932499998637,5.4660999999214255,2092.0313000001443,7840.389705882353
1782391732,2,,Aggregated,0.400000,0.000000,8,13,21,22,26,32,41,50,2100,2100,2100,273,0,8,28.19936336995036,5.4660999999214255,2092.0313000001443,7830.304029304029
1782391733,2,,Aggregated,0.400000,0.000000,8,13,21,22,26,32,41,50,2100,2100,2100,273,0,8,28.19936336995036,5.4660999999214255,2092.0313000001443,7830.304029304029
1782391734,2,,Aggregated,0.500000,0.000000,8,13,22,22,26,32,41,50,2100,2100,2100,274,0,8,28.178377737213538,5.4660999999214255,2092.0313000001443,7840.043795620438
1782391735,2,,Aggregated,0.500000,0.000000,8,13,22,22,26,32,41,50,2100,2100,2100,274,0,8,28.178377737213538,5.4660999999214255,2092.0313000001443,7840.043795620438
1782391736,2,,Aggregated,0.400000,0.000000,8,13,22,22,26,32,41,50,2100,2100,2100,275,0,8,28.13588836362297,5.4660999999214255,2092.0313000001443,7849.7127272727275
1782391737,2,,Aggregated,0.500000,0.000000,8,13,22,22,26,32,41,50,2100,2100,2100,276,0,8,28.095549999985792,5.4660999999214255,2092.0313000001443,7859.311594202899
1782391738,2,,Aggregated,0.500000,0.000000,8,13,22,22,26,32,41,50,2100,2100,2100,276,0,8,28.095549999985792,5.4660999999214255,2092.0313000001443,7859.311594202899
1782391739,2,,Aggregated,0.500000,0.000000,8,13,22,22,26,32,41,50,2100,2100,2100,276,0,8,28.095549999985792,5.4660999999214255,2092.0313000001443,7859.311594202899
1782391740,2,,Aggregated,0.500000,0.000000,8,13,22,22,26,32,41,50,2100,2100,2100,276,0,8,28.095549999985792,5.4660999999214255,2092.0313000001443,7859.311594202899
1782391741,2,,Aggregated,0.500000,0.000000,8,13,22,22,26,32,41,50,2100,2100,2100,278,0,8,27.990357553942218,4.984600000170758,2092.0313000001443,7858.8345323741005
1782391742,2,,Aggregated,0.500000,0.000000,8,13,22,22,26,32,41,50,2100,2100,2100,278,0,8,27.990357553942218,4.984600000170758,2092.0313000001443,7858.8345323741005
1782391743,2,,Aggregated,0.500000,0.000000,8,13,22,22,26,32,41,50,2100,2100,2100,278,0,8,27.990357553942218,4.984600000170758,2092.0313000001443,7858.8345323741005
1782391744,2,,Aggregated,0.500000,0.000000,8,13,22,22,26,32,41,50,2100,2100,2100,278,0,8,27.990357553942218,4.984600000170758,2092.0313000001443,7858.8345323741005
1782391745,2,,Aggregated,0.500000,0.000000,8,13,22,22,26,32,41,50,2100,2100,2100,279,0,8,27.914832974895564,4.984600000170758,2092.0313000001443,7848.899641577061
1782391746,2,,Aggregated,0.500000,0.000000,8,13,22,22,26,32,41,50,2100,2100,2100,280,0,8,27.841625357127345,4.984600000170758,2092.0313000001443,7839.035714285715
1782391747,2,,Aggregated,0.500000,0.000000,8,13,22,22,26,32,41,50,2100,2100,2100,280,0,8,27.841625357127345,4.984600000170758,2092.0313000001443,7839.035714285715
1782391748,2,,Aggregated,0.500000,0.000000,8,13,21,22,26,32,41,50,2100,2100,2100,281,0,8,27.766285053365667,4.984600000170758,2092.0313000001443,7832.010676156584
1782391749,2,,Aggregated,0.500000,0.000000,8,13,21,22,26,32,41,50,2100,2100,2100,282,0,8,27.688996099276928,4.984600000170758,2092.0313000001443,7822.276595744681
1782391750,2,,Aggregated,0.500000,0.000000,8,13,21,22,26,32,41,50,2100,2100,2100,282,0,8,27.688996099276928,4.984600000170758,2092.0313000001443,7822.276595744681
1782391751,2,,Aggregated,0.600000,0.000000,8,13,21,22,26,32,41,50,2100,2100,2100,283,0,8,27.61604982330773,4.984600000170758,2092.0313000001443,7812.611307420495
1782391752,2,,Aggregated,0.600000,0.000000,8,13,21,22,26,32,41,50,2100,2100,2100,283,0,8,27.61604982330773,4.984600000170758,2092.0313000001443,7812.611307420495
1782391753,2,,Aggregated,0.600000,0.000000,8,13,21,22,26,32,41,50,2100,2100,2100,284,0,8,27.563445422521948,4.984600000170758,2092.0313000001443,7822.070422535211
1782391754,2,,Aggregated,0.600000,0.000000,8,13,21,22,26,32,41,50,2100,2100,2100,284,0,8,27.563445422521948,4.984600000170758,2092.0313000001443,7822.070422535211
1782391755,2,,Aggregated,0.600000,0.000000,8,13,21,22,26,32,41,50,2100,2100,2100,284,0,8,27.563445422521948,4.984600000170758,2092.0313000001443,7822.070422535211
1782391756,2,,Aggregated,0.600000,0.000000,8,13,21,22,26,32,41,50,2100,2100,2100,285,0,8,27.495475438582506,4.984600000170758,2092.0313000001443,7815.20350877193
1782391757,2,,Aggregated,0.600000,0.000000,8,13,21,22,26,32,41,50,2100,2100,2100,286,0,8,27.423090209776365,4.984600000170758,2092.0313000001443,7808.384615384615
1782391758,2,,Aggregated,0.600000,0.000000,8,13,21,22,26,32,41,50,2100,2100,2100,286,0,8,27.423090209776365,4.984600000170758,2092.0313000001443,7808.384615384615
1782391759,2,,Aggregated,0.500000,0.000000,8,13,21,22,26,32,41,50,2100,2100,2100,287,0,8,27.350293728208595,4.984600000170758,2092.0313000001443,7801.613240418118
1782391760,2,,Aggregated,0.500000,0.000000,8,13,21,22,26,32,41,50,2100,2100,2100,287,0,8,27.350293728208595,4.984600000170758,2092.0313000001443,7801.613240418118
1782391761,2,,Aggregated,0.500000,0.000000,8,13,21,22,26,32,41,50,2100,2100,2100,289,0,8,27.202193079569778,4.984600000170758,2092.0313000001443,7785.519031141868
1782391762,2,,Aggregated,0.500000,0.000000,8,13,21,22,26,32,41,50,2100,2100,2100,289,0,8,27.202193079569778,4.984600000170758,2092.0313000001443,7785.519031141868
1782391763,2,,Aggregated,0.500000,0.000000,8,13,21,22,26,32,41,50,2100,2100,2100,289,0,8,27.202193079569778,4.984600000170758,2092.0313000001443,7785.519031141868
1782391764,2,,Aggregated,0.500000,0.000000,8,13,21,22,26,32,41,50,2100,2100,2100,290,0,8,27.13550689653669,4.984600000170758,2092.0313000001443,7776.213793103449
1782391765,2,,Aggregated,0.600000,0.000000,8,13,21,22,26,32,41,50,2100,2100,2100,291,0,8,27.061100343627874,4.984600000170758,2092.0313000001443,7769.646048109966
1782391766,2,,Aggregated,0.600000,0.000000,8,13,21,22,26,32,41,50,2100,2100,2100,291,0,8,27.061100343627874,4.984600000170758,2092.0313000001443,7769.646048109966
1782391767,2,,Aggregated,0.600000,0.000000,8,13,21,22,26,32,41,50,2100,2100,2100,292,0,7,26.990198287656824,4.984600000170758,2092.0313000001443,7763.123287671233
1782391768,2,,Aggregated,0.600000,0.000000,8,13,21,22,26,32,41,50,2100,2100,2100,292,0,7,26.990198287656824,4.984600000170758,2092.0313000001443,7763.123287671233
1782391769,2,,Aggregated,0.600000,0.000000,7,13,21,22,26,32,41,50,2100,2100,2100,293,0,7,26.918845051178934,4.984600000170758,2092.0313000001443,7756.6450511945395
1782391770,2,,Aggregated,0.600000,0.000000,7,13,21,22,26,32,41,50,2100,2100,2100,294,0,7,26.84779421767206,4.984600000170758,2092.0313000001443,7750.210884353742
1782391771,2,,Aggregated,0.600000,0.000000,7,13,21,22,26,32,41,50,2100,2100,2100,294,0,7,26.84779421767206,4.984600000170758,2092.0313000001443,7750.210884353742
1782391772,2,,Aggregated,0.600000,0.000000,7,13,21,22,26,32,41,50,2100,2100,2100,294,0,7,26.84779421767206,4.984600000170758,2092.0313000001443,7750.210884353742
1782391773,2,,Aggregated,0.700000,0.000000,7,13,21,22,26,32,41,50,2100,2100,2100,295,0,7,26.865141016934118,4.984600000170758,2092.0313000001443,7759.528813559322
1782391774,2,,Aggregated,0.500000,0.000000,7,13,21,22,26,32,41,50,2100,2100,2100,296,0,7,26.79524087836331,4.984600000170758,2092.0313000001443,7750.5
1782391775,2,,Aggregated,0.500000,0.000000,7,13,21,22,26,32,41,50,2100,2100,2100,296,0,7,26.79524087836331,4.984600000170758,2092.0313000001443,7750.5
1782391776,2,,Aggregated,0.500000,0.000000,7,13,21,22,26,32,41,50,2100,2100,2100,296,0,7,26.79524087836331,4.984600000170758,2092.0313000001443,7750.5
1782391777,2,,Aggregated,0.500000,0.000000,7,13,21,22,26,32,41,50,2100,2100,2100,297,0,7,26.744747138030654,4.984600000170758,2092.0313000001443,7759.754208754209
1782391778,2,,Aggregated,0.500000,0.000000,8,13,21,22,26,32,41,50,2100,2100,2100,298,0,7,26.750970469781453,4.984600000170758,2092.0313000001443,7768.946308724832
1782391779,2,,Aggregated,0.500000,0.000000,8,13,21,22,26,32,41,50,2100,2100,2100,298,0,7,26.750970469781453,4.984600000170758,2092.0313000001443,7768.946308724832
1782391780,2,,Aggregated,0.500000,0.000000,7,13,21,22,26,32,41,50,2100,2100,2100,299,0,7,26.683319732423918,4.984600000170758,2092.0313000001443,7762.578595317726
1782391781,2,,Aggregated,0.600000,0.000000,7,13,21,22,26,32,41,50,2100,2100,2100,300,0,7,26.61131899998357,4.984600000170758,2092.0313000001443,7753.66
1782391782,2,,Aggregated,0.600000,0.000000,7,13,21,22,26,32,41,50,2100,2100,2100,300,0,7,26.61131899998357,4.984600000170758,2092.0313000001443,7753.66
1782391783,2,,Aggregated,0.600000,0.000000,7,13,21,22,26,32,41,50,2100,2100,2100,300,0,7,26.61131899998357,4.984600000170758,2092.0313000001443,7753.66
1782391784,2,,Aggregated,0.600000,0.000000,7,13,21,22,26,32,41,50,2100,2100,2100,300,0,7,26.61131899998357,4.984600000170758,2092.0313000001443,7753.66
1782391785,2,,Aggregated,0.600000,0.000000,7,13,21,22,26,32,38,43,2100,2100,2100,302,0,7,26.536191721838474,4.984600000170758,2092.0313000001443,7756.496688741722
1782391786,2,,Aggregated,0.600000,0.000000,7,13,21,22,26,32,38,43,2100,2100,2100,302,0,7,26.536191721838474,4.984600000170758,2092.0313000001443,7756.496688741722
1782391787,2,,Aggregated,0.600000,0.000000,7,13,21,22,26,32,38,43,2100,2100,2100,302,0,7,26.536191721838474,4.984600000170758,2092.0313000001443,7756.496688741722
1782391788,2,,Aggregated,0.600000,0.000000,7,13,21,22,26,32,38,43,2100,2100,2100,303,0,7,26.495065016485505,4.984600000170758,2092.0313000001443,7765.547854785478
1782391789,2,,Aggregated,0.500000,0.000000,8,13,21,22,26,32,38,43,2100,2100,2100,304,0,7,26.482739473667188,4.984600000170758,2092.0313000001443,7774.539473684211
1782391790,2,,Aggregated,0.500000,0.000000,8,13,21,22,26,32,38,43,2100,2100,2100,304,0,7,26.482739473667188,4.984600000170758,2092.0313000001443,7774.539473684211
1782391791,2,,Aggregated,0.500000,0.000000,8,13,21,22,26,32,38,43,2100,2100,2100,304,0,7,26.482739473667188,4.984600000170758,2092.0313000001443,7774.539473684211
1782391792,2,,Aggregated,0.600000,0.000000,7,13,21,22,26,32,38,43,2100,2100,2100,305,0,7,26.419564590147186,4.984600000170758,2092.0313000001443,7768.2786885245905
1782391793,2,,Aggregated,0.500000,0.000000,7,13,21,22,26,32,38,43,2100,2100,2100,306,0,7,26.351656209133616,4.984600000170758,2092.0313000001443,7762.058823529412
1782391795,2,,Aggregated,0.500000,0.000000,7,13,21,22,26,32,38,43,2100,2100,2100,306,0,7,26.351656209133616,4.984600000170758,2092.0313000001443,7762.058823529412
1782391796,2,,Aggregated,0.500000,0.000000,7,13,21,22,26,32,38,43,2100,2100,2100,306,0,7,26.351656209133616,4.984600000170758,2092.0313000001443,7762.058823529412
1782391797,2,,Aggregated,0.600000,0.000000,7,13,21,22,26,32,38,43,2100,2100,2100,307,0,7,26.3385758957488,4.984600000170758,2092.0313000001443,7770.973941368078
1782391798,2,,Aggregated,0.600000,0.000000,7,13,21,22,26,32,38,43,2100,2100,2100,308,0,7,26.274944155828393,4.984600000170758,2092.0313000001443,7764.785714285715
1782391799,2,,Aggregated,0.600000,0.000000,7,13,21,22,26,32,38,43,2100,2100,2100,308,0,7,26.274944155828393,4.984600000170758,2092.0313000001443,7764.785714285715
1782391800,2,,Aggregated,0.500000,0.000000,7,13,21,22,26,32,38,43,2100,2100,2100,309,0,7,26.23708867312472,4.984600000170758,2092.0313000001443,7773.634304207119
1782391801,2,,Aggregated,0.600000,0.000000,8,13,21,22,26,32,38,43,2100,2100,2100,310,0,7,26.193178064502188,4.984600000170758,2092.0313000001443,7782.4258064516125
1782391802,2,,Aggregated,0.600000,0.000000,8,13,21,22,26,32,38,43,2100,2100,2100,310,0,7,26.193178064502188,4.984600000170758,2092.0313000001443,7782.4258064516125
1782391803,2,,Aggregated,0.500000,0.000000,7,13,21,22,26,32,38,43,2100,2100,2100,311,0,7,26.127677491948322,4.984600000170758,2092.0313000001443,7776.260450160772
1782391804,2,,Aggregated,0.500000,0.000000,7,13,21,22,26,32,38,43,2100,2100,2100,311,0,7,26.127677491948322,4.984600000170758,2092.0313000001443,7776.260450160772
1782391805,2,,Aggregated,0.600000,0.000000,8,13,21,22,26,32,38,43,2100,2100,2100,312,0,7,26.142783333321006,4.984600000170758,2092.0313000001443,7784.98717948718
1782391806,2,,Aggregated,0.600000,0.000000,8,13,21,22,26,32,38,43,2100,2100,2100,313,0,8,26.10474920126585,4.984600000170758,2092.0313000001443,7793.658146964856
1782391807,2,,Aggregated,0.600000,0.000000,8,13,21,22,26,32,38,43,2100,2100,2100,313,0,8,26.10474920126585,4.984600000170758,2092.0313000001443,7793.658146964856
1782391808,2,,Aggregated,0.600000,0.000000,8,13,21,22,26,32,38,43,2100,2100,2100,313,0,8,26.10474920126585,4.984600000170758,2092.0313000001443,7793.658146964856
1782391809,2,,Aggregated,0.700000,0.000000,8,13,21,22,26,32,38,43,2100,2100,2100,314,0,8,26.06238662419247,4.984600000170758,2092.0313000001443,7802.273885350319
1782391810,2,,Aggregated,0.700000,0.000000,8,13,21,22,26,32,38,43,2100,2100,2100,314,0,8,26.06238662419247,4.984600000170758,2092.0313000001443,7802.273885350319
1782391811,2,,Aggregated,0.500000,0.000000,8,13,21,22,26,32,38,43,2100,2100,2100,315,0,8,26.050573650781953,4.984600000170758,2092.0313000001443,7810.83492063492
1782391812,2,,Aggregated,0.500000,0.000000,8,13,21,22,26,32,38,43,2100,2100,2100,315,0,8,26.050573650781953,4.984600000170758,2092.0313000001443,7810.83492063492
1782391813,2,,Aggregated,0.500000,0.000000,8,13,21,22,26,32,38,43,2100,2100,2100,315,0,8,26.050573650781953,4.984600000170758,2092.0313000001443,7810.83492063492
1782391814,2,,Aggregated,0.500000,0.000000,8,13,21,22,26,32,38,43,2100,2100,2100,316,0,8,25.986863607583267,4.984600000170758,2092.0313000001443,7804.677215189873
1782391815,2,,Aggregated,0.500000,0.000000,8,13,21,22,26,32,38,43,2100,2100,2100,317,0,8,25.922157413237365,4.984600000170758,2092.0313000001443,7798.558359621451
1782391816,2,,Aggregated,0.500000,0.000000,8,13,21,22,26,32,38,43,2100,2100,2100,317,0,8,25.922157413237365,4.984600000170758,2092.0313000001443,7798.558359621451
1782391817,2,,Aggregated,0.500000,0.000000,8,13,21,22,26,32,38,43,2100,2100,2100,318,0,8,25.91054905659311,4.984600000170758,2092.0313000001443,7807.0503144654085
1782391818,2,,Aggregated,0.500000,0.000000,8,13,21,22,26,32,38,43,2100,2100,2100,318,0,8,25.91054905659311,4.984600000170758,2092.0313000001443,7807.0503144654085
1782391819,2,,Aggregated,0.400000,0.000000,8,13,21,22,26,32,38,43,2100,2100,2100,319,0,8,25.84864827585162,4.984600000170758,2092.0313000001443,7800.962382445141
1782391820,2,,Aggregated,0.500000,0.000000,8,13,21,22,26,32,38,43,2100,2100,2100,320,0,7,25.78731624999051,4.984600000170758,2092.0313000001443,7794.9125
1782391821,2,,Aggregated,0.500000,0.000000,8,13,21,22,26,32,38,43,2100,2100,2100,321,0,8,25.796051401859042,4.984600000170758,2092.0313000001443,7803.336448598131
1782391822,2,,Aggregated,0.500000,0.000000,8,13,21,22,26,32,38,43,2100,2100,2100,321,0,8,25.796051401859042,4.984600000170758,2092.0313000001443,7803.336448598131
1782391823,2,,Aggregated,0.600000,0.000000,8,13,21,22,26,32,38,43,2100,2100,2100,322,0,7,25.73661490682103,4.984600000170758,2092.0313000001443,7797.316770186336
1782391824,2,,Aggregated,0.600000,0.000000,8,13,21,22,26,32,38,43,2100,2100,2100,323,0,8,25.7267842105144,4.984600000170758,2092.0313000001443,7805.681114551084
1782391825,2,,Aggregated,0.600000,0.000000,8,13,21,22,26,32,38,43,2100,2100,2100,324,0,8,25.685972530852638,4.984600000170758,2092.0313000001443,7813.993827160494
1782391826,2,,Aggregated,0.600000,0.000000,8,13,21,22,26,32,38,43,2100,2100,2100,324,0,8,25.685972530852638,4.984600000170758,2092.0313000001443,7813.993827160494
1782391827,2,,Aggregated,0.700000,0.000000,8,13,21,22,26,32,38,43,2100,2100,2100,325,0,8,25.625337230756905,4.984600000170758,2092.0313000001443,7805.6030769230765
1782391828,2,,Aggregated,0.700000,0.000000,8,13,21,22,26,32,38,43,2100,2100,2100,325,0,8,25.625337230756905,4.984600000170758,2092.0313000001443,7805.6030769230765
1782391829,2,,Aggregated,0.600000,0.000000,8,13,21,22,26,32,38,43,2100,2100,2100,326,0,7,25.566771779129486,4.984600000170758,2092.0313000001443,7797.263803680981
1782391830,2,,Aggregated,0.600000,0.000000,8,13,21,22,26,32,38,43,2100,2100,2100,326,0,7,25.566771779129486,4.984600000170758,2092.0313000001443,7797.263803680981
1782391831,2,,Aggregated,0.700000,0.000000,7,13,21,22,26,32,38,43,2100,2100,2100,327,0,7,25.50851804280182,4.984600000170758,2092.0313000001443,7788.975535168196
1782391832,2,,Aggregated,0.700000,0.000000,7,13,21,22,26,32,38,43,2100,2100,2100,327,0,7,25.50851804280182,4.984600000170758,2092.0313000001443,7788.975535168196
1782391833,2,,Aggregated,0.700000,0.000000,7,13,21,22,26,32,38,43,2100,2100,2100,327,0,7,25.50851804280182,4.984600000170758,2092.0313000001443,7788.975535168196
1782391834,2,,Aggregated,0.600000,0.000000,8,13,21,22,26,32,38,43,2100,2100,2100,329,0,8,25.46952887536806,4.984600000170758,2092.0313000001443,7805.449848024316
1782391835,2,,Aggregated,0.600000,0.000000,8,13,21,22,26,32,38,43,2100,2100,2100,329,0,8,25.46952887536806,4.984600000170758,2092.0313000001443,7805.449848024316
1782391836,2,,Aggregated,0.600000,0.000000,8,13,21,22,26,32,38,43,2100,2100,2100,329,0,8,25.46952887536806,4.984600000170758,2092.0313000001443,7805.449848024316
1782391837,2,,Aggregated,0.600000,0.000000,8,13,21,22,26,32,38,43,2100,2100,2100,330,0,7,25.411373636351335,4.984600000170758,2092.0313000001443,7797.212121212121
1782391838,2,,Aggregated,0.500000,0.000000,7,13,21,22,26,32,38,43,2100,2100,2100,331,0,7,25.352434138961137,4.984600000170758,2092.0313000001443,7791.374622356496
1782391839,2,,Aggregated,0.500000,0.000000,7,13,21,22,26,32,38,43,2100,2100,2100,331,0,7,25.352434138961137,4.984600000170758,2092.0313000001443,7791.374622356496
1782391840,2,,Aggregated,0.500000,0.000000,7,13,21,22,26,32,38,43,2100,2100,2100,331,0,7,25.352434138961137,4.984600000170758,2092.0313000001443,7791.374622356496
1782391841,2,,Aggregated,0.600000,0.000000,7,13,21,22,26,32,38,43,2100,2100,2100,333,0,7,25.235736636625425,4.670900000292022,2092.0313000001443,7775.132132132132
1782391842,2,,Aggregated,0.600000,0.000000,7,13,21,22,26,32,38,43,2100,2100,2100,333,0,7,25.235736636625425,4.670900000292022,2092.0313000001443,7775.132132132132
1782391843,2,,Aggregated,0.600000,0.000000,7,13,21,22,26,32,38,43,2100,2100,2100,333,0,7,25.235736636625425,4.670900000292022,2092.0313000001443,7775.132132132132
1782391844,2,,Aggregated,0.600000,0.000000,7,13,21,22,26,32,41,43,2100,2100,2100,334,0,7,25.281968862264183,4.670900000292022,2092.0313000001443,7783.2874251497005
1782391845,2,,Aggregated,0.600000,0.000000,7,13,21,22,26,32,41,43,2100,2100,2100,335,0,7,25.243656417898087,4.670900000292022,2092.0313000001443,7791.394029850746
1782391846,2,,Aggregated,0.600000,0.000000,7,13,21,22,26,32,41,43,2100,2100,2100,335,0,7,25.243656417898087,4.670900000292022,2092.0313000001443,7791.394029850746
1782391847,2,,Aggregated,0.600000,0.000000,8,13,21,22,26,32,41,43,2100,2100,2100,336,0,7,25.20196130951122,4.670900000292022,2092.0313000001443,7799.452380952381
1782391848,2,,Aggregated,0.600000,0.000000,8,13,21,22,26,32,41,43,2100,2100,2100,336,0,7,25.20196130951122,4.670900000292022,2092.0313000001443,7799.452380952381
1782391849,2,,Aggregated,0.600000,0.000000,8,13,21,22,26,32,41,43,2100,2100,2100,336,0,7,25.20196130951122,4.670900000292022,2092.0313000001443,7799.452380952381
1782391850,2,,Aggregated,0.500000,0.000000,7,13,21,22,26,32,41,43,2100,2100,2100,338,0,7,25.094175147916175,4.670900000292022,2092.0313000001443,7785.704142011834
1782391851,2,,Aggregated,0.500000,0.000000,7,13,21,22,26,32,41,43,2100,2100,2100,338,0,7,25.094175147916175,4.670900000292022,2092.0313000001443,7785.704142011834
1782391852,2,,Aggregated,0.500000,0.000000,7,13,21,22,26,32,41,43,2100,2100,2100,338,0,7,25.094175147916175,4.670900000292022,2092.0313000001443,7785.704142011834
1782391853,2,,Aggregated,0.700000,0.000000,7,13,21,22,26,32,41,43,2100,2100,2100,339,0,7,25.037173746300155,4.670900000292022,2092.0313000001443,7780.038348082596
1782391854,2,,Aggregated,0.500000,0.000000,7,13,21,22,26,32,41,43,2100,2100,2100,340,0,7,24.982407647046465,4.670900000292022,2092.0313000001443,7774.405882352941
1782391855,2,,Aggregated,0.500000,0.000000,7,13,21,22,26,32,41,43,2100,2100,2100,340,0,7,24.982407647046465,4.670900000292022,2092.0313000001443,7774.405882352941
1782391856,2,,Aggregated,0.600000,0.000000,7,13,21,22,26,32,41,43,2100,2100,2100,341,0,7,24.926483284445855,4.670900000292022,2092.0313000001443,7768.806451612903
1782391857,2,,Aggregated,0.600000,0.000000,7,13,21,22,26,32,41,43,2100,2100,2100,342,0,7,24.872065789461974,4.670900000292022,2092.0313000001443,7760.964912280701
1782391858,2,,Aggregated,0.600000,0.000000,7,13,21,22,26,32,41,43,2100,2100,2100,342,0,7,24.872065789461974,4.670900000292022,2092.0313000001443,7760.964912280701
1782391859,2,,Aggregated,0.700000,0.000000,7,13,21,22,26,32,41,43,2100,2100,2100,343,0,7,24.839384839638498,4.670900000292022,2092.0313000001443,7768.947521865889
1782391860,2,,Aggregated,0.700000,0.000000,7,13,21,22,26,32,41,43,2100,2100,2100,344,0,7,24.80130406975599,4.670900000292022,2092.0313000001443,7776.883720930233
1782391861,2,,Aggregated,0.700000,0.000000,7,13,21,22,26,32,41,43,2100,2100,2100,344,0,7,24.80130406975599,4.670900000292022,2092.0313000001443,7776.883720930233
1782391862,2,,Aggregated,0.700000,0.000000,7,13,21,22,26,32,41,43,2100,2100,2100,344,0,7,24.80130406975599,4.670900000292022,2092.0313000001443,7776.883720930233
1782391863,2,,Aggregated,0.600000,0.000000,7,13,20,22,26,32,41,43,2100,2100,2100,346,0,7,24.70937716761936,4.670900000292022,2092.0313000001443,7776.976878612717
1782391864,2,,Aggregated,0.600000,0.000000,7,13,20,22,26,32,41,43,2100,2100,2100,346,0,7,24.70937716761936,4.670900000292022,2092.0313000001443,7776.976878612717
1782391865,2,,Aggregated,0.700000,0.000000,7,13,20,22,26,32,41,43,2100,2100,2100,347,0,7,24.676355907769892,4.670900000292022,2092.0313000001443,7784.821325648415
1782391866,2,,Aggregated,0.700000,0.000000,7,13,20,22,26,32,41,43,2100,2100,2100,348,0,7,24.622109770103926,4.670900000292022,2092.0313000001443,7779.30459770115
1782391867,2,,Aggregated,0.700000,0.000000,7,13,20,22,26,32,41,43,2100,2100,2100,348,0,7,24.622109770103926,4.670900000292022,2092.0313000001443,7779.30459770115
1782391868,2,,Aggregated,0.600000,0.000000,7,13,18,22,26,32,41,43,2100,2100,2100,349,0,7,24.570555014316078,4.670900000292022,2092.0313000001443,7773.819484240687
1782391869,2,,Aggregated,0.600000,0.000000,7,13,18,22,26,32,41,43,2100,2100,2100,350,0,7,24.539493714275004,4.670900000292022,2092.0313000001443,7781.605714285714
1782391870,2,,Aggregated,0.600000,0.000000,7,13,18,22,26,32,41,43,2100,2100,2100,350,0,7,24.539493714275004,4.670900000292022,2092.0313000001443,7781.605714285714
1782391871,2,,Aggregated,0.600000,0.000000,7,13,18,22,26,32,41,43,2100,2100,2100,350,0,7,24.539493714275004,4.670900000292022,2092.0313000001443,7781.605714285714
1782391872,2,,Aggregated,0.700000,0.000000,7,13,18,22,26,32,38,43,2100,2100,2100,351,0,7,24.487911680901163,4.670900000292022,2092.0313000001443,7776.145299145299
1782391873,2,,Aggregated,0.600000,0.000000,7,13,18,22,26,32,38,43,2100,2100,2100,352,0,7,24.453334943170933,4.670900000292022,2092.0313000001443,7783.880681818182
1782391874,2,,Aggregated,0.600000,0.000000,7,13,18,22,26,32,38,43,2100,2100,2100,352,0,7,24.453334943170933,4.670900000292022,2092.0313000001443,7783.880681818182
1782391875,2,,Aggregated,0.700000,0.000000,7,13,17,22,26,32,38,43,2100,2100,2100,353,0,7,24.402028611886696,4.670900000292022,2092.0313000001443,7776.240793201133
1782391876,2,,Aggregated,0.700000,0.000000,7,13,17,22,26,32,38,43,2100,2100,2100,353,0,7,24.402028611886696,4.670900000292022,2092.0313000001443,7776.240793201133
1782391877,2,,Aggregated,0.600000,0.000000,7,13,17,22,26,32,38,43,2100,2100,2100,354,0,7,24.35045988699449,4.670900000292022,2092.0313000001443,7770.8418079096045
1782391878,2,,Aggregated,0.500000,0.000000,7,13,17,22,26,32,38,43,2100,2100,2100,355,0,7,24.316030422524932,4.670900000292022,2092.0313000001443,7778.52676056338
1782391879,2,,Aggregated,0.500000,0.000000,7,13,17,22,26,32,38,43,2100,2100,2100,355,0,7,24.316030422524932,4.670900000292022,2092.0313000001443,7778.52676056338
1782391880,2,,Aggregated,0.600000,0.000000,7,13,17,22,26,32,38,43,2100,2100,2100,356,0,7,24.263553370775718,4.670900000292022,2092.0313000001443,7770.966292134832
1782391881,2,,Aggregated,0.600000,0.000000,7,13,17,22,26,32,38,43,2100,2100,2100,356,0,7,24.263553370775718,4.670900000292022,2092.0313000001443,7770.966292134832
1782391882,2,,Aggregated,0.600000,0.000000,7,13,17,22,26,32,38,43,2100,2100,2100,357,0,7,24.21197394956906,4.670900000292022,2092.0313000001443,7765.6274509803925
1782391883,2,,Aggregated,0.600000,0.000000,7,13,17,22,26,32,38,43,2100,2100,2100,357,0,7,24.21197394956906,4.670900000292022,2092.0313000001443,7765.6274509803925
1782391884,2,,Aggregated,0.600000,0.000000,7,13,17,22,26,32,38,43,2100,2100,2100,358,0,7,24.162939664793107,4.670900000292022,2092.0313000001443,7760.3184357541895
1782391885,2,,Aggregated,0.600000,0.000000,7,13,17,22,26,32,38,43,2100,2100,2100,358,0,7,24.162939664793107,4.670900000292022,2092.0313000001443,7760.3184357541895
1782391886,2,,Aggregated,0.600000,0.000000,7,13,17,22,26,32,38,43,2100,2100,2100,358,0,7,24.162939664793107,4.670900000292022,2092.0313000001443,7760.3184357541895
1782391887,2,,Aggregated,0.600000,0.000000,7,13,17,22,26,32,38,43,2100,2100,2100,359,0,7,24.112628412245222,4.670900000292022,2092.0313000001443,7755.038997214485
1782391888,2,,Aggregated,0.500000,0.000000,7,13,17,22,26,32,38,43,2100,2100,2100,360,0,7,24.06665472221145,4.670900000292022,2092.0313000001443,7749.788888888889
1782391889,2,,Aggregated,0.500000,0.000000,7,13,17,22,26,32,38,43,2100,2100,2100,360,0,7,24.06665472221145,4.670900000292022,2092.0313000001443,7749.788888888889
1782391890,2,,Aggregated,0.500000,0.000000,7,13,17,22,26,32,38,43,2100,2100,2100,360,0,7,24.06665472221145,4.670900000292022,2092.0313000001443,7749.788888888889
1782391891,2,,Aggregated,0.500000,0.000000,7,13,16,22,26,32,38,43,2100,2100,2100,362,0,7,23.983895303855803,4.670900000292022,2092.0313000001443,7750.027624309392
1782391892,2,,Aggregated,0.500000,0.000000,7,13,16,22,26,32,38,43,2100,2100,2100,362,0,7,23.983895303855803,4.670900000292022,2092.0313000001443,7750.027624309392
1782391893,2,,Aggregated,0.500000,0.000000,7,13,16,22,26,32,38,43,2100,2100,2100,362,0,7,23.983895303855803,4.670900000292022,2092.0313000001443,7750.027624309392
1782391894,2,,Aggregated,0.500000,0.000000,7,13,16,22,26,32,38,43,2100,2100,2100,362,0,7,23.983895303855803,4.670900000292022,2092.0313000001443,7750.027624309392
1782391895,2,,Aggregated,0.500000,0.000000,7,13,16,22,26,32,38,43,2100,2100,2100,363,0,7,23.93594931128332,4.670900000292022,2092.0313000001443,7742.691460055096
1782391896,2,,Aggregated,0.500000,0.000000,7,13,16,22,26,32,38,43,2100,2100,2100,364,0,7,23.888583516471765,4.670900000292022,2092.0313000001443,7735.395604395604
1782391897,2,,Aggregated,0.400000,0.000000,7,13,16,22,26,32,38,43,2100,2100,2100,365,0,7,23.855308493139464,4.670900000292022,2092.0313000001443,7730.271232876712
1782391898,2,,Aggregated,0.600000,0.000000,7,13,16,22,26,32,38,43,2100,2100,2100,366,0,7,23.814411475399776,4.670900000292022,2092.0313000001443,7723.049180327869
1782391899,2,,Aggregated,0.600000,0.000000,7,13,16,22,26,32,38,43,2100,2100,2100,366,0,7,23.814411475399776,4.670900000292022,2092.0313000001443,7723.049180327869
1782391900,2,,Aggregated,0.600000,0.000000,7,13,16,22,26,32,38,43,2100,2100,2100,366,0,7,23.814411475399776,4.670900000292022,2092.0313000001443,7723.049180327869
1782391901,2,,Aggregated,0.600000,0.000000,7,13,17,22,26,32,38,43,2100,2100,2100,368,0,7,23.80855353259864,4.670900000292022,2092.0313000001443,7738.135869565217
1782391902,2,,Aggregated,0.600000,0.000000,7,13,17,22,26,32,38,43,2100,2100,2100,368,0,7,23.80855353259864,4.670900000292022,2092.0313000001443,7738.135869565217
1782391903,2,,Aggregated,0.600000,0.000000,7,13,17,22,26,32,38,43,2100,2100,2100,368,0,7,23.80855353259864,4.670900000292022,2092.0313000001443,7738.135869565217
1782391904,2,,Aggregated,0.600000,0.000000,7,13,16,22,26,32,38,43,2100,2100,2100,369,0,7,23.761641734407437,4.670900000292022,2092.0313000001443,7730.951219512195
1782391905,2,,Aggregated,0.600000,0.000000,7,13,16,22,26,32,38,43,2100,2100,2100,370,0,7,23.713116216206775,4.670900000292022,2092.0313000001443,7725.9081081081085
1782391906,2,,Aggregated,0.600000,0.000000,7,13,16,22,26,32,38,43,2100,2100,2100,370,0,7,23.713116216206775,4.670900000292022,2092.0313000001443,7725.9081081081085
1782391907,2,,Aggregated,0.700000,0.000000,7,13,16,22,25,32,38,43,2100,2100,2100,371,0,7,23.664415902956073,4.670900000292022,2092.0313000001443,7720.89218328841
1782391908,2,,Aggregated,0.600000,0.000000,7,13,16,22,25,32,38,43,2100,2100,2100,372,0,7,23.617775268808487,4.670900000292022,2092.0313000001443,7713.811827956989
1782391909,2,,Aggregated,0.600000,0.000000,7,13,16,22,25,32,38,43,2100,2100,2100,372,0,7,23.617775268808487,4.670900000292022,2092.0313000001443,7713.811827956989
1782391910,2,,Aggregated,0.600000,0.000000,7,13,16,22,25,32,38,43,2100,2100,2100,372,0,7,23.617775268808487,4.670900000292022,2092.0313000001443,7713.811827956989
1782391911,2,,Aggregated,0.600000,0.000000,7,13,16,22,25,32,38,43,2100,2100,2100,373,0,7,23.61326809650515,4.670900000292022,2092.0313000001443,7721.278820375335
1782391912,2,,Aggregated,0.600000,0.000000,7,13,16,22,25,32,38,43,2100,2100,2100,374,0,7,23.571705080204243,4.670900000292022,2092.0313000001443,7716.31550802139
1782391913,2,,Aggregated,0.600000,0.000000,7,13,16,22,25,32,38,43,2100,2100,2100,374,0,7,23.571705080204243,4.670900000292022,2092.0313000001443,7716.31550802139
1782391914,2,,Aggregated,0.500000,0.000000,7,13,16,22,25,32,38,43,2100,2100,2100,375,0,7,23.52608719999019,4.670900000292022,2092.0313000001443,7709.304
1782391915,2,,Aggregated,0.500000,0.000000,7,13,16,22,25,32,38,43,2100,2100,2100,375,0,7,23.52608719999019,4.670900000292022,2092.0313000001443,7709.304
1782391916,2,,Aggregated,0.500000,0.000000,7,13,16,22,25,32,38,43,2100,2100,2100,375,0,7,23.52608719999019,4.670900000292022,2092.0313000001443,7709.304
1782391917,2,,Aggregated,0.600000,0.000000,7,13,16,22,25,32,38,43,2100,2100,2100,377,0,7,23.453311671078673,4.670900000292022,2092.0313000001443,7711.811671087533
1782391918,2,,Aggregated,0.600000,0.000000,7,13,16,22,25,32,38,43,2100,2100,2100,377,0,7,23.453311671078673,4.670900000292022,2092.0313000001443,7711.811671087533
1782391919,2,,Aggregated,0.600000,0.000000,7,13,16,22,25,32,38,43,2100,2100,2100,377,0,7,23.453311671078673,4.670900000292022,2092.0313000001443,7711.811671087533
1782391920,2,,Aggregated,0.600000,0.000000,7,13,16,22,25,32,38,43,2100,2100,2100,378,0,7,23.40724179893302,4.670900000292022,2092.0313000001443,7706.925925925926
1782391921,2,,Aggregated,0.500000,0.000000,7,13,16,22,25,32,38,43,2100,2100,2100,379,0,7,23.409368865426618,4.670900000292022,2092.0313000001443,7714.292875989446
1782391922,2,,Aggregated,0.500000,0.000000,7,13,16,22,25,32,38,43,2100,2100,2100,379,0,7,23.409368865426618,4.670900000292022,2092.0313000001443,7714.292875989446
1782391923,2,,Aggregated,0.500000,0.000000,7,13,16,22,25,32,38,43,2100,2100,2100,379,0,7,23.409368865426618,4.670900000292022,2092.0313000001443,7714.292875989446
1782391924,2,,Aggregated,0.500000,0.000000,7,13,16,22,25,32,38,43,2100,2100,2100,379,0,7,23.409368865426618,4.670900000292022,2092.0313000001443,7714.292875989446
1782391925,2,,Aggregated,0.500000,0.000000,7,13,16,22,25,31,38,43,2100,2100,2100,381,0,7,23.32296377951891,4.670900000292022,2092.0313000001443,7700.501312335958
1782391926,2,,Aggregated,0.500000,0.000000,7,13,16,22,25,31,38,43,2100,2100,2100,381,0,7,23.32296377951891,4.670900000292022,2092.0313000001443,7700.501312335958
1782391927,2,,Aggregated,0.400000,0.000000,7,13,16,22,25,31,38,43,2100,2100,2100,382,0,7,23.298647120409726,4.670900000292022,2092.0313000001443,7707.82722513089
1782391928,2,,Aggregated,0.400000,0.000000,7,13,16,22,25,31,38,43,2100,2100,2100,382,0,7,23.298647120409726,4.670900000292022,2092.0313000001443,7707.82722513089
1782391929,2,,Aggregated,0.500000,0.000000,7,13,16,22,25,31,38,43,2100,2100,2100,383,0,7,23.27134595299378,4.670900000292022,2092.0313000001443,7715.1148825065275
1782391930,2,,Aggregated,0.500000,0.000000,7,13,16,22,25,31,38,43,2100,2100,2100,383,0,7,23.27134595299378,4.670900000292022,2092.0313000001443,7715.1148825065275
1782391931,2,,Aggregated,0.500000,0.000000,7,13,15,22,25,31,38,43,2100,2100,2100,385,0,7,23.20323064934153,4.670900000292022,2092.0313000001443,7715.519480519481
1782391932,2,,Aggregated,0.500000,0.000000,7,13,15,22,25,31,38,43,2100,2100,2100,385,0,7,23.20323064934153,4.670900000292022,2092.0313000001443,7715.519480519481
1782391933,2,,Aggregated,0.500000,0.000000,7,13,15,22,25,31,38,43,2100,2100,2100,385,0,7,23.20323064934153,4.670900000292022,2092.0313000001443,7715.519480519481
1782391934,2,,Aggregated,0.500000,0.000000,7,13,15,22,25,31,38,43,2100,2100,2100,385,0,7,23.20323064934153,4.670900000292022,2092.0313000001443,7715.519480519481
1782391935,2,,Aggregated,0.600000,0.000000,7,13,15,22,25,31,38,43,2100,2100,2100,386,0,7,23.16051476683063,4.670900000292022,2092.0313000001443,7710.725388601037
1782391936,2,,Aggregated,0.600000,0.000000,7,13,15,22,25,31,38,43,2100,2100,2100,387,0,7,23.11656485787261,4.670900000292022,2092.0313000001443,7703.945736434109
1782391937,2,,Aggregated,0.600000,0.000000,7,13,15,22,25,31,38,43,2100,2100,2100,387,0,7,23.11656485787261,4.670900000292022,2092.0313000001443,7703.945736434109
1782391938,2,,Aggregated,0.600000,0.000000,7,13,15,22,25,31,38,43,2100,2100,2100,387,0,7,23.11656485787261,4.670900000292022,2092.0313000001443,7703.945736434109
1782391939,2,,Aggregated,0.600000,0.000000,7,13,15,22,25,31,38,43,2100,2100,2100,387,0,7,23.11656485787261,4.670900000292022,2092.0313000001443,7703.945736434109
1782391940,2,,Aggregated,0.500000,0.000000,7,13,15,22,25,31,38,43,2100,2100,2100,388,0,7,23.071494329888225,4.670900000292022,2092.0313000001443,7697.201030927835
1782391941,2,,Aggregated,0.500000,0.000000,7,13,15,22,25,31,38,43,2100,2100,2100,389,0,7,23.039072236495436,4.670900000292022,2092.0313000001443,7692.491002570694
1782391942,2,,Aggregated,0.500000,0.000000,7,13,15,22,25,31,38,43,2100,2100,2100,389,0,7,23.039072236495436,4.670900000292022,2092.0313000001443,7692.491002570694
1782391943,2,,Aggregated,0.400000,0.000000,7,13,15,22,25,31,38,43,2100,2100,2100,390,0,7,23.012327948708844,4.670900000292022,2092.0313000001443,7699.6871794871795
1782391944,2,,Aggregated,0.400000,0.000000,7,13,15,22,25,31,38,43,2100,2100,2100,391,0,7,22.98260460357106,4.670900000292022,2092.0313000001443,7706.846547314578
1782391945,2,,Aggregated,0.400000,0.000000,7,13,15,22,25,31,38,43,2100,2100,2100,391,0,7,22.98260460357106,4.670900000292022,2092.0313000001443,7706.846547314578
1782391946,2,,Aggregated,0.500000,0.000000,7,13,15,22,25,31,38,43,2100,2100,2100,392,0,7,22.98132244897033,4.670900000292022,2092.0313000001443,7713.969387755102
1782391947,2,,Aggregated,0.600000,0.000000,7,13,15,22,25,31,38,43,2100,2100,2100,393,0,7,22.953625190830305,4.670900000292022,2092.0313000001443,7721.055979643766
1782391948,2,,Aggregated,0.600000,0.000000,7,13,15,22,25,31,38,43,2100,2100,2100,393,0,7,22.953625190830305,4.670900000292022,2092.0313000001443,7721.055979643766
1782391949,2,,Aggregated,0.500000,0.000000,7,13,15,22,25,31,38,43,2100,2100,2100,394,0,7,22.927063705573655,4.670900000292022,2092.0313000001443,7728.106598984771
1782391950,2,,Aggregated,0.500000,0.000000,7,13,15,22,25,31,38,43,2100,2100,2100,394,0,7,22.927063705573655,4.670900000292022,2092.0313000001443,7728.106598984771
1782391951,2,,Aggregated,0.500000,0.000000,7,13,15,22,25,31,38,43,2100,2100,2100,394,0,7,22.927063705573655,4.670900000292022,2092.0313000001443,7728.106598984771
1782391952,2,,Aggregated,0.700000,0.000000,7,13,15,22,25,31,38,43,2100,2100,2100,395,0,7,22.897748607584052,4.670900000292022,2092.0313000001443,7735.121518987342
1782391953,2,,Aggregated,0.700000,0.000000,7,13,15,22,25,31,38,43,2100,2100,2100,395,0,7,22.897748607584052,4.670900000292022,2092.0313000001443,7735.121518987342
1782391954,2,,Aggregated,0.500000,0.000000,7,13,15,22,25,31,38,43,2100,2100,2100,396,0,7,22.871923232312636,4.670900000292022,2092.0313000001443,7742.10101010101
1782391955,2,,Aggregated,0.500000,0.000000,7,13,15,22,25,31,38,43,2100,2100,2100,396,0,7,22.871923232312636,4.670900000292022,2092.0313000001443,7742.10101010101
1782391956,2,,Aggregated,0.600000,0.000000,7,13,15,22,25,31,38,43,2100,2100,2100,397,0,7,22.84481486144992,4.670900000292022,2092.0313000001443,7749.0453400503775
1782391957,2,,Aggregated,0.600000,0.000000,7,13,15,22,25,31,38,43,2100,2100,2100,397,0,7,22.84481486144992,4.670900000292022,2092.0313000001443,7749.0453400503775
1782391958,2,,Aggregated,0.600000,0.000000,7,13,15,22,25,31,38,43,2100,2100,2100,398,0,7,22.80190954772808,4.670900000292022,2092.0313000001443,7742.356783919598
1782391959,2,,Aggregated,0.500000,0.000000,7,13,15,22,25,31,38,43,2100,2100,2100,399,0,7,22.759969674174464,4.670900000292022,2092.0313000001443,7735.701754385965
1782391960,2,,Aggregated,0.500000,0.000000,7,13,15,22,25,31,38,43,2100,2100,2100,399,0,7,22.759969674174464,4.670900000292022,2092.0313000001443,7735.701754385965
1782391962,2,,Aggregated,0.500000,0.000000,7,13,15,22,25,31,38,43,2100,2100,2100,400,0,7,22.719514749989003,4.670900000292022,2092.0313000001443,7729.08
1782391963,2,,Aggregated,0.500000,0.000000,7,13,14,22,24,31,38,41,2100,2100,2100,401,0,7,22.67799351619786,4.670900000292022,2092.0313000001443,7724.431421446384
1782391964,2,,Aggregated,0.500000,0.000000,7,13,14,22,24,31,38,41,2100,2100,2100,401,0,7,22.67799351619786,4.670900000292022,2092.0313000001443,7724.431421446384
1782391965,2,,Aggregated,0.500000,0.000000,7,13,14,22,24,31,38,41,2100,2100,2100,401,0,7,22.67799351619786,4.670900000292022,2092.0313000001443,7724.431421446384
1782391966,2,,Aggregated,0.600000,0.000000,7,13,15,22,25,31,38,41,2100,2100,2100,403,0,7,22.649227295275093,4.670900000292022,2092.0313000001443,7726.70223325062
1782391967,2,,Aggregated,0.600000,0.000000,7,13,15,22,25,31,38,41,2100,2100,2100,403,0,7,22.649227295275093,4.670900000292022,2092.0313000001443,7726.70223325062
1782391968,2,,Aggregated,0.500000,0.000000,7,13,15,22,25,31,38,41,2100,2100,2100,404,0,7,22.630492079197257,4.670900000292022,2092.0313000001443,7733.564356435643
1782391969,2,,Aggregated,0.500000,0.000000,7,13,15,22,25,31,38,41,2100,2100,2100,404,0,7,22.630492079197257,4.670900000292022,2092.0313000001443,7733.564356435643
1782391970,2,,Aggregated,0.600000,0.000000,7,13,15,22,25,31,38,41,2100,2100,2100,405,0,7,22.588125679002037,4.670900000292022,2092.0313000001443,7727.029629629629
1782391971,2,,Aggregated,0.600000,0.000000,7,13,15,22,25,31,38,41,2100,2100,2100,405,0,7,22.588125679002037,4.670900000292022,2092.0313000001443,7727.029629629629
1782391972,2,,Aggregated,0.600000,0.000000,7,13,15,22,25,31,38,41,2100,2100,2100,406,0,7,22.59600615762533,4.670900000292022,2092.0313000001443,7733.857142857143
1782391973,2,,Aggregated,0.600000,0.000000,7,13,15,22,25,31,38,41,2100,2100,2100,407,0,7,22.56947862406936,4.670900000292022,2092.0313000001443,7740.651105651105
1782391974,2,,Aggregated,0.600000,0.000000,7,13,15,22,25,31,38,41,2100,2100,2100,407,0,7,22.56947862406936,4.670900000292022,2092.0313000001443,7740.651105651105
1782391975,2,,Aggregated,0.600000,0.000000,7,13,15,22,25,31,38,41,2100,2100,2100,407,0,7,22.56947862406936,4.670900000292022,2092.0313000001443,7740.651105651105
1782391976,2,,Aggregated,0.600000,0.000000,7,13,15,22,25,31,38,41,2100,2100,2100,408,0,7,22.542440686264648,4.670900000292022,2092.0313000001443,7747.411764705882
1782391977,2,,Aggregated,0.600000,0.000000,7,13,15,22,25,31,38,41,2100,2100,2100,409,0,7,22.549092176029635,4.670900000292022,2092.0313000001443,7754.139364303179
1782391978,2,,Aggregated,0.600000,0.000000,7,13,15,22,25,31,38,41,2100,2100,2100,410,0,7,22.50830219511333,4.670900000292022,2092.0313000001443,7747.634146341464
1782391979,2,,Aggregated,0.500000,0.000000,7,13,15,22,25,31,38,41,2100,2100,2100,411,0,7,22.466321167874614,4.670900000292022,2092.0313000001443,7743.053527980535
1782391980,2,,Aggregated,0.500000,0.000000,7,13,15,22,25,31,38,41,2100,2100,2100,411,0,7,22.466321167874614,4.670900000292022,2092.0313000001443,7743.053527980535
1782391981,2,,Aggregated,0.500000,0.000000,7,13,15,22,25,31,38,41,2100,2100,2100,411,0,7,22.466321167874614,4.670900000292022,2092.0313000001443,7743.053527980535
1782391982,2,,Aggregated,0.700000,0.000000,7,13,15,22,25,31,38,41,2100,2100,2100,412,0,7,22.425702184457947,4.670900000292022,2092.0313000001443,7738.495145631068
1782391983,2,,Aggregated,0.600000,0.000000,7,13,15,22,25,31,38,41,2100,2100,2100,413,0,7,22.403313075052566,4.670900000292022,2092.0313000001443,7745.179176755448
1782391984,2,,Aggregated,0.600000,0.000000,7,13,15,22,25,31,38,41,2100,2100,2100,413,0,7,22.403313075052566,4.670900000292022,2092.0313000001443,7745.179176755448
1782391985,2,,Aggregated,0.600000,0.000000,7,13,15,22,25,31,38,41,2100,2100,2100,413,0,7,22.403313075052566,4.670900000292022,2092.0313000001443,7745.179176755448
1782391986,2,,Aggregated,0.600000,0.000000,7,13,15,22,25,31,38,41,2100,2100,2100,415,0,7,22.341383132522633,4.670900000292022,2092.0313000001443,7745.409638554217
1782391987,2,,Aggregated,0.600000,0.000000,7,13,15,22,25,31,38,41,2100,2100,2100,415,0,7,22.341383132522633,4.670900000292022,2092.0313000001443,7745.409638554217
1782391988,2,,Aggregated,0.600000,0.000000,7,13,15,22,25,31,38,41,2100,2100,2100,416,0,7,22.304926682685696,4.670900000292022,2092.0313000001443,7739.0192307692305
1782391989,2,,Aggregated,0.600000,0.000000,7,13,15,22,25,31,38,41,2100,2100,2100,416,0,7,22.304926682685696,4.670900000292022,2092.0313000001443,7739.0192307692305
1782391990,2,,Aggregated,0.600000,0.000000,7,13,14,22,25,31,38,41,2100,2100,2100,417,0,7,22.265376978411165,4.670900000292022,2092.0313000001443,7734.525179856115
1782391991,2,,Aggregated,0.600000,0.000000,7,13,14,22,25,31,38,41,2100,2100,2100,418,0,7,22.241540669851297,4.670900000292022,2092.0313000001443,7741.138755980861
1782391992,2,,Aggregated,0.600000,0.000000,7,13,14,22,25,31,38,41,2100,2100,2100,418,0,7,22.241540669851297,4.670900000292022,2092.0313000001443,7741.138755980861
1782391993,2,,Aggregated,0.700000,0.000000,7,13,14,22,25,31,38,41,2100,2100,2100,419,0,7,22.20289021479272,4.670900000292022,2092.0313000001443,7736.661097852028
1782391994,2,,Aggregated,0.700000,0.000000,7,13,14,22,25,31,38,41,2100,2100,2100,419,0,7,22.20289021479272,4.670900000292022,2092.0313000001443,7736.661097852028
1782391995,2,,Aggregated,0.700000,0.000000,7,13,14,22,25,31,38,41,2100,2100,2100,419,0,7,22.20289021479272,4.670900000292022,2092.0313000001443,7736.661097852028
1782391996,2,,Aggregated,0.500000,0.000000,7,13,14,22,25,31,38,41,2100,2100,2100,421,0,7,22.13807197149176,4.670900000292022,2092.0313000001443,7738.7767220902615
1782391997,2,,Aggregated,0.500000,0.000000,7,13,14,22,25,31,38,41,2100,2100,2100,421,0,7,22.13807197149176,4.670900000292022,2092.0313000001443,7738.7767220902615
1782391998,2,,Aggregated,0.600000,0.000000,7,13,14,22,25,31,38,41,2100,2100,2100,422,0,7,22.112837914687265,4.670900000292022,2092.0313000001443,7745.317535545024
1782391999,2,,Aggregated,0.600000,0.000000,7,13,14,22,25,31,38,41,2100,2100,2100,422,0,7,22.112837914687265,4.670900000292022,2092.0313000001443,7745.317535545024
1782392000,2,,Aggregated,0.600000,0.000000,7,13,14,22,25,31,38,41,2100,2100,2100,422,0,7,22.112837914687265,4.670900000292022,2092.0313000001443,7745.317535545024
1782392001,2,,Aggregated,0.600000,0.000000,7,13,14,22,25,31,38,41,2100,2100,2100,424,0,7,22.06336485848628,4.670900000292022,2092.0313000001443,7758.306603773585
1782392002,2,,Aggregated,0.600000,0.000000,7,13,14,22,25,31,38,41,2100,2100,2100,424,0,7,22.06336485848628,4.670900000292022,2092.0313000001443,7758.306603773585
1782392003,2,,Aggregated,0.600000,0.000000,7,13,14,22,25,31,38,41,2100,2100,2100,424,0,7,22.06336485848628,4.670900000292022,2092.0313000001443,7758.306603773585
1782392004,2,,Aggregated,0.600000,0.000000,7,13,14,22,25,31,38,41,2100,2100,2100,424,0,7,22.06336485848628,4.670900000292022,2092.0313000001443,7758.306603773585
1782392005,2,,Aggregated,0.600000,0.000000,7,13,14,22,25,31,38,41,2100,2100,2100,425,0,7,22.02412847058333,4.670900000292022,2092.0313000001443,7753.8517647058825
1782392006,2,,Aggregated,0.600000,0.000000,7,13,14,22,25,31,38,41,2100,2100,2100,426,0,7,21.98936666666203,4.670900000292022,2092.0313000001443,7749.417840375587
1782392007,2,,Aggregated,0.600000,0.000000,7,13,14,22,25,31,38,41,2100,2100,2100,426,0,7,21.98936666666203,4.670900000292022,2092.0313000001443,7749.417840375587
1782392008,2,,Aggregated,0.500000,0.000000,7,13,14,22,25,31,38,41,2100,2100,2100,427,0,7,22.00463372364815,4.670900000292022,2092.0313000001443,7755.857142857143
1782392009,2,,Aggregated,0.500000,0.000000,7,13,14,22,25,31,38,41,2100,2100,2100,428,0,7,21.967544158873793,4.670900000292022,2092.0313000001443,7751.439252336449
1782392010,2,,Aggregated,0.500000,0.000000,7,13,14,22,25,31,38,41,2100,2100,2100,428,0,7,21.967544158873793,4.670900000292022,2092.0313000001443,7751.439252336449
1782392011,2,,Aggregated,0.400000,0.000000,7,13,14,22,25,31,38,41,2100,2100,2100,429,0,7,21.94241491841108,4.670900000292022,2092.0313000001443,7757.843822843823
1782392012,2,,Aggregated,0.400000,0.000000,7,13,14,22,25,31,38,41,2100,2100,2100,429,0,7,21.94241491841108,4.670900000292022,2092.0313000001443,7757.843822843823
1782392013,2,,Aggregated,0.400000,0.000000,7,13,14,22,25,31,38,41,2100,2100,2100,429,0,7,21.94241491841108,4.670900000292022,2092.0313000001443,7757.843822843823
1782392014,2,,Aggregated,0.500000,0.000000,7,13,14,22,25,31,38,41,2100,2100,2100,430,0,7,21.904178139531595,4.670900000292022,2092.0313000001443,7753.441860465116
1782392015,2,,Aggregated,0.500000,0.000000,7,13,14,22,25,31,38,41,2100,2100,2100,430,0,7,21.904178139531595,4.670900000292022,2092.0313000001443,7753.441860465116
1782392016,2,,Aggregated,0.500000,0.000000,7,13,14,22,25,31,38,41,2100,2100,2100,431,0,7,21.867421809740648,4.670900000292022,2092.0313000001443,7749.060324825986
1782392017,2,,Aggregated,0.500000,0.000000,7,13,14,22,25,31,38,41,2100,2100,2100,431,0,7,21.867421809740648,4.670900000292022,2092.0313000001443,7749.060324825986
1782392018,2,,Aggregated,0.500000,0.000000,7,13,14,22,25,31,38,41,2100,2100,2100,433,0,7,21.807816166277934,4.670900000292022,2092.0313000001443,7751.060046189376
1782392019,2,,Aggregated,0.500000,0.000000,7,13,14,22,25,31,38,41,2100,2100,2100,433,0,7,21.807816166277934,4.670900000292022,2092.0313000001443,7751.060046189376
1782392020,2,,Aggregated,0.500000,0.000000,7,13,14,22,25,31,38,41,2100,2100,2100,433,0,7,21.807816166277934,4.670900000292022,2092.0313000001443,7751.060046189376
1782392021,2,,Aggregated,0.600000,0.000000,7,13,14,22,25,31,38,41,2100,2100,2100,434,0,7,21.77167488478869,4.670900000292022,2092.0313000001443,7744.921658986175
1782392022,2,,Aggregated,0.500000,0.000000,7,13,14,22,25,31,38,41,2100,2100,2100,435,0,7,21.737320689650613,4.670900000292022,2092.0313000001443,7738.811494252874
1782392023,2,,Aggregated,0.500000,0.000000,7,13,14,22,25,31,38,41,2100,2100,2100,436,0,7,21.713111926601414,4.670900000292022,2092.0313000001443,7745.142201834862
1782392024,2,,Aggregated,0.500000,0.000000,7,13,14,22,25,31,38,41,2100,2100,2100,436,0,7,21.713111926601414,4.670900000292022,2092.0313000001443,7745.142201834862
1782392025,2,,Aggregated,0.500000,0.000000,7,13,14,22,25,31,38,41,2100,2100,2100,436,0,7,21.713111926601414,4.670900000292022,2092.0313000001443,7745.142201834862
1782392026,2,,Aggregated,0.700000,0.000000,7,13,14,22,25,31,38,41,2100,2100,2100,438,0,7,21.654124429219483,4.670900000292022,2092.0313000001443,7745.3607305936075
1782392027,2,,Aggregated,0.700000,0.000000,7,13,14,22,25,31,38,41,2100,2100,2100,438,0,7,21.654124429219483,4.670900000292022,2092.0313000001443,7745.3607305936075
1782392028,2,,Aggregated,0.700000,0.000000,7,13,14,22,25,31,38,41,2100,2100,2100,438,0,7,21.654124429219483,4.670900000292022,2092.0313000001443,7745.3607305936075
1782392029,2,,Aggregated,0.700000,0.000000,7,13,14,22,25,31,38,41,2100,2100,2100,438,0,7,21.654124429219483,4.670900000292022,2092.0313000001443,7745.3607305936075
1782392030,2,,Aggregated,0.600000,0.000000,7,13,14,22,25,31,38,41,2100,2100,2100,440,0,7,21.598694318177795,4.670900000292022,2092.0313000001443,7747.345454545454
1782392031,2,,Aggregated,0.600000,0.000000,7,13,14,22,25,31,38,41,2100,2100,2100,440,0,7,21.598694318177795,4.670900000292022,2092.0313000001443,7747.345454545454
1782392032,2,,Aggregated,0.600000,0.000000,7,13,14,22,25,31,38,41,2100,2100,2100,440,0,7,21.598694318177795,4.670900000292022,2092.0313000001443,7747.345454545454
1782392033,2,,Aggregated,0.600000,0.000000,7,12,14,22,24,30,38,41,2100,2100,2100,442,0,7,21.528771945698104,4.670900000292022,2092.0313000001443,7738.828054298642
1782392034,2,,Aggregated,0.600000,0.000000,7,12,14,22,24,30,38,41,2100,2100,2100,442,0,7,21.528771945698104,4.670900000292022,2092.0313000001443,7738.828054298642
1782392035,2,,Aggregated,0.600000,0.000000,7,12,14,22,24,30,38,41,2100,2100,2100,442,0,7,21.528771945698104,4.670900000292022,2092.0313000001443,7738.828054298642
1782392036,2,,Aggregated,0.600000,0.000000,7,12,14,22,24,30,38,41,2100,2100,2100,442,0,7,21.528771945698104,4.670900000292022,2092.0313000001443,7738.828054298642
1782392037,2,,Aggregated,0.600000,0.000000,7,13,14,22,25,30,38,41,2100,2100,2100,443,0,7,21.53772009029007,4.670900000292022,2092.0313000001443,7745.058690744921
1782392038,2,,Aggregated,0.600000,0.000000,7,13,14,22,25,30,38,41,2100,2100,2100,444,0,7,21.503512162158987,4.670900000292022,2092.0313000001443,7740.824324324324
1782392039,2,,Aggregated,0.500000,0.000000,7,13,14,22,25,30,38,41,2100,2100,2100,445,0,7,21.491789662918002,4.670900000292022,2092.0313000001443,7747.0224719101125
1782392040,2,,Aggregated,0.500000,0.000000,7,13,14,22,25,30,38,41,2100,2100,2100,446,0,7,21.48124125560143,4.670900000292022,2092.0313000001443,7753.192825112108
1782392041,2,,Aggregated,0.600000,0.000000,7,13,14,22,25,30,38,41,2100,2100,2100,447,0,7,21.485152125276187,4.670900000292022,2092.0313000001443,7759.335570469799
1782392042,2,,Aggregated,0.600000,0.000000,7,13,14,22,25,30,38,41,2100,2100,2100,447,0,7,21.485152125276187,4.670900000292022,2092.0313000001443,7759.335570469799
1782392043,2,,Aggregated,0.600000,0.000000,7,13,14,22,25,30,38,41,2100,2100,2100,447,0,7,21.485152125276187,4.670900000292022,2092.0313000001443,7759.335570469799
1782392044,2,,Aggregated,0.700000,0.000000,7,13,14,22,25,30,38,41,2100,2100,2100,448,0,7,21.45068906249646,4.670900000292022,2092.0313000001443,7755.107142857143
1782392045,2,,Aggregated,0.700000,0.000000,7,13,14,22,25,30,38,41,2100,2100,2100,448,0,7,21.45068906249646,4.670900000292022,2092.0313000001443,7755.107142857143
1782392046,2,,Aggregated,0.500000,0.000000,7,13,14,22,25,30,38,41,2100,2100,2100,449,0,7,21.416384632513598,4.670900000292022,2092.0313000001443,7750.897550111358
1782392047,2,,Aggregated,0.600000,0.000000,7,13,14,22,25,30,38,41,2100,2100,2100,450,0,7,21.381679777774075,4.670900000292022,2092.0313000001443,7744.977777777778
1782392048,2,,Aggregated,0.600000,0.000000,7,13,14,22,25,30,38,41,2100,2100,2100,450,0,7,21.381679777774075,4.670900000292022,2092.0313000001443,7744.977777777778
1782392049,2,,Aggregated,0.600000,0.000000,7,13,14,22,25,30,38,41,2100,2100,2100,450,0,7,21.381679777774075,4.670900000292022,2092.0313000001443,7744.977777777778
1782392050,2,,Aggregated,0.600000,0.000000,7,13,14,22,24,30,37,41,2100,2100,2100,451,0,7,21.360775609751855,4.670900000292022,2092.0313000001443,7751.084257206208
1782392051,2,,Aggregated,0.600000,0.000000,7,13,14,22,24,30,37,41,2100,2100,2100,452,0,7,21.32765088495175,4.670900000292022,2092.0313000001443,7746.911504424779
1782392052,2,,Aggregated,0.600000,0.000000,7,13,14,22,24,30,37,41,2100,2100,2100,452,0,7,21.32765088495175,4.670900000292022,2092.0313000001443,7746.911504424779
1782392053,2,,Aggregated,0.500000,0.000000,7,12,14,22,24,30,37,41,2100,2100,2100,453,0,7,21.29337792494111,4.670900000292022,2092.0313000001443,7742.757174392936
1782392054,2,,Aggregated,0.500000,0.000000,7,12,14,22,24,30,37,41,2100,2100,2100,454,0,7,21.260879295150435,4.670900000292022,2092.0313000001443,7738.621145374449
1782392055,2,,Aggregated,0.500000,0.000000,7,12,14,22,24,30,37,41,2100,2100,2100,454,0,7,21.260879295150435,4.670900000292022,2092.0313000001443,7738.621145374449
1782392056,2,,Aggregated,0.500000,0.000000,7,12,14,22,24,30,37,41,2100,2100,2100,454,0,7,21.260879295150435,4.670900000292022,2092.0313000001443,7738.621145374449
1782392057,2,,Aggregated,0.500000,0.000000,7,12,14,22,24,30,37,41,2100,2100,2100,454,0,7,21.260879295150435,4.670900000292022,2092.0313000001443,7738.621145374449
1782392058,2,,Aggregated,0.600000,0.000000,7,12,14,22,24,30,37,41,2100,2100,2100,455,0,7,21.24022549450184,4.670900000292022,2092.0313000001443,7744.687912087912
1782392059,2,,Aggregated,0.500000,0.000000,7,12,14,22,24,30,37,41,2100,2100,2100,456,0,7,21.222350438592272,4.670900000292022,2092.0313000001443,7750.728070175439
1782392060,2,,Aggregated,0.500000,0.000000,7,12,14,22,24,30,37,41,2100,2100,2100,457,0,7,21.191998687084993,4.670900000292022,2092.0313000001443,7746.601750547046
1782392061,2,,Aggregated,0.500000,0.000000,7,12,14,22,24,30,37,41,2100,2100,2100,457,0,7,21.191998687084993,4.670900000292022,2092.0313000001443,7746.601750547046
1782392062,2,,Aggregated,0.500000,0.000000,7,12,14,22,24,30,37,41,2100,2100,2100,457,0,7,21.191998687084993,4.670900000292022,2092.0313000001443,7746.601750547046
1782392063,2,,Aggregated,0.600000,0.000000,7,13,14,22,24,30,37,41,2100,2100,2100,459,0,7,21.18229433550618,4.670900000292022,2092.0313000001443,7758.59477124183
1782392064,2,,Aggregated,0.600000,0.000000,7,13,14,22,24,30,37,41,2100,2100,2100,459,0,7,21.18229433550618,4.670900000292022,2092.0313000001443,7758.59477124183
1782392065,2,,Aggregated,0.600000,0.000000,7,13,14,22,24,30,37,41,2100,2100,2100,459,0,7,21.18229433550618,4.670900000292022,2092.0313000001443,7758.59477124183
1782392066,2,,Aggregated,0.600000,0.000000,7,13,14,22,24,30,37,41,2100,2100,2100,461,0,7,21.14287418654521,4.670900000292022,2092.0313000001443,7770.483731019523
1782392067,2,,Aggregated,0.600000,0.000000,7,13,14,22,24,30,37,41,2100,2100,2100,461,0,7,21.14287418654521,4.670900000292022,2092.0313000001443,7770.483731019523
1782392068,2,,Aggregated,0.600000,0.000000,7,13,14,22,24,30,37,41,2100,2100,2100,461,0,7,21.14287418654521,4.670900000292022,2092.0313000001443,7770.483731019523
1782392069,2,,Aggregated,0.700000,0.000000,7,12,14,22,24,30,37,41,2100,2100,2100,462,0,7,21.12277077921513,4.670900000292022,2092.0313000001443,7776.38961038961
1782392070,2,,Aggregated,0.600000,0.000000,7,12,14,22,24,30,37,41,2100,2100,2100,463,0,7,21.090035853125865,4.670900000292022,2092.0313000001443,7772.261339092873
1782392071,2,,Aggregated,0.600000,0.000000,7,12,14,22,24,30,37,41,2100,2100,2100,463,0,7,21.090035853125865,4.670900000292022,2092.0313000001443,7772.261339092873
1782392072,2,,Aggregated,0.600000,0.000000,7,12,14,22,24,30,37,41,2100,2100,2100,463,0,7,21.090035853125865,4.670900000292022,2092.0313000001443,7772.261339092873
1782392073,2,,Aggregated,0.600000,0.000000,7,12,14,22,24,30,37,41,2100,2100,2100,463,0,7,21.090035853125865,4.670900000292022,2092.0313000001443,7772.261339092873
1782392074,2,,Aggregated,0.600000,0.000000,7,12,14,22,24,30,37,41,2100,2100,2100,464,0,7,21.05709762930446,4.670900000292022,2092.0313000001443,7768.150862068966
1782392075,2,,Aggregated,0.400000,0.000000,7,12,14,22,24,30,37,41,2100,2100,2100,465,0,7,21.022846451607073,4.670900000292022,2092.0313000001443,7764.058064516129
1782392076,2,,Aggregated,0.400000,0.000000,7,12,14,22,24,30,37,41,2100,2100,2100,465,0,7,21.022846451607073,4.670900000292022,2092.0313000001443,7764.058064516129
1782392077,2,,Aggregated,0.500000,0.000000,7,12,14,22,24,30,37,41,2100,2100,2100,466,0,7,21.02737017166815,4.670900000292022,2092.0313000001443,7769.92703862661
1782392078,2,,Aggregated,0.500000,0.000000,7,12,14,22,24,30,37,41,2100,2100,2100,466,0,7,21.02737017166815,4.670900000292022,2092.0313000001443,7769.92703862661
1782392079,2,,Aggregated,0.500000,0.000000,7,12,14,22,24,30,37,41,2100,2100,2100,466,0,7,21.02737017166815,4.670900000292022,2092.0313000001443,7769.92703862661
1782392080,2,,Aggregated,0.500000,0.000000,7,12,14,22,24,30,37,41,2100,2100,2100,468,0,7,20.966817094011617,4.670900000292022,2092.0313000001443,7758.461538461538
1782392081,2,,Aggregated,0.500000,0.000000,7,12,14,22,24,30,37,41,2100,2100,2100,468,0,7,20.966817094011617,4.670900000292022,2092.0313000001443,7758.461538461538
1782392082,2,,Aggregated,0.500000,0.000000,7,12,14,22,24,30,37,41,2100,2100,2100,468,0,7,20.966817094011617,4.670900000292022,2092.0313000001443,7758.461538461538
1782392083,2,,Aggregated,0.500000,0.000000,7,12,14,22,24,30,37,41,2100,2100,2100,468,0,7,20.966817094011617,4.670900000292022,2092.0313000001443,7758.461538461538
1782392084,2,,Aggregated,0.500000,0.000000,7,12,14,22,24,30,37,41,2100,2100,2100,470,0,7,20.935842765951012,4.670900000292022,2092.0313000001443,7758.608510638298
1782392085,2,,Aggregated,0.500000,0.000000,7,12,14,22,24,30,37,41,2100,2100,2100,470,0,7,20.935842765951012,4.670900000292022,2092.0313000001443,7758.608510638298
1782392086,2,,Aggregated,0.500000,0.000000,7,12,14,22,24,30,37,41,2100,2100,2100,470,0,7,20.935842765951012,4.670900000292022,2092.0313000001443,7758.608510638298
1782392087,2,,Aggregated,0.500000,0.000000,7,12,14,22,24,30,37,41,2100,2100,2100,470,0,7,20.935842765951012,4.670900000292022,2092.0313000001443,7758.608510638298
1782392088,2,,Aggregated,0.500000,0.000000,7,12,14,21,24,30,37,41,2100,2100,2100,472,0,7,20.886057203384453,4.670900000292022,2092.0313000001443,7760.402542372882
1782392089,2,,Aggregated,0.500000,0.000000,7,12,14,21,24,30,37,41,2100,2100,2100,472,0,7,20.886057203384453,4.670900000292022,2092.0313000001443,7760.402542372882
1782392090,2,,Aggregated,0.400000,0.000000,7,12,14,21,24,30,37,41,2100,2100,2100,473,0,7,20.854912896400293,4.670900000292022,2092.0313000001443,7754.750528541226
1782392091,2,,Aggregated,0.600000,0.000000,7,12,14,21,24,30,37,41,2100,2100,2100,474,0,7,20.823938396618356,4.670900000292022,2092.0313000001443,7750.763713080169
1782392092,2,,Aggregated,0.600000,0.000000,7,12,14,21,24,30,37,41,2100,2100,2100,474,0,7,20.823938396618356,4.670900000292022,2092.0313000001443,7750.763713080169
1782392093,2,,Aggregated,0.600000,0.000000,7,12,14,21,24,30,37,41,2100,2100,2100,474,0,7,20.823938396618356,4.670900000292022,2092.0313000001443,7750.763713080169
1782392094,2,,Aggregated,0.600000,0.000000,7,12,14,21,24,30,37,41,2100,2100,2100,476,0,7,20.76028193276697,4.670900000292022,2092.0313000001443,7742.8403361344535
1782392095,2,,Aggregated,0.600000,0.000000,7,12,14,21,24,30,37,41,2100,2100,2100,476,0,7,20.76028193276697,4.670900000292022,2092.0313000001443,7742.8403361344535
1782392096,2,,Aggregated,0.600000,0.000000,7,12,14,21,24,30,37,41,2100,2100,2100,476,0,7,20.76028193276697,4.670900000292022,2092.0313000001443,7742.8403361344535
1782392097,2,,Aggregated,0.600000,0.000000,7,12,14,21,24,30,37,41,2100,2100,2100,478,0,7,20.712875523006737,4.670900000292022,2092.0313000001443,7743.050209205021
1782392098,2,,Aggregated,0.600000,0.000000,7,12,14,21,24,30,37,41,2100,2100,2100,478,0,7,20.712875523006737,4.670900000292022,2092.0313000001443,7743.050209205021
1782392099,2,,Aggregated,0.600000,0.000000,7,12,14,21,24,30,37,41,2100,2100,2100,479,0,7,20.683831941539072,4.670900000292022,2092.0313000001443,7737.5052192066805
1782392100,2,,Aggregated,0.800000,0.000000,7,12,14,21,24,30,37,41,2100,2100,2100,480,0,7,20.665617291660965,4.670900000292022,2092.0313000001443,7743.258333333333
1782392101,2,,Aggregated,0.800000,0.000000,7,12,14,21,24,30,37,41,2100,2100,2100,480,0,7,20.665617291660965,4.670900000292022,2092.0313000001443,7743.258333333333
1782392102,2,,Aggregated,0.700000,0.000000,7,12,14,21,24,30,37,41,2100,2100,2100,481,0,7,20.634666735960213,4.670900000292022,2092.0313000001443,7739.353430353431
1782392103,2,,Aggregated,0.700000,0.000000,7,12,14,21,24,30,37,41,2100,2100,2100,481,0,7,20.634666735960213,4.670900000292022,2092.0313000001443,7739.353430353431
1782392104,2,,Aggregated,0.600000,0.000000,7,12,14,21,24,30,37,41,2100,2100,2100,482,0,7,20.61678900414294,4.670900000292022,2092.0313000001443,7745.078838174274
1782392105,2,,Aggregated,0.700000,0.000000,7,12,14,21,24,30,37,41,2100,2100,2100,483,0,7,20.60333084885486,4.670900000292022,2092.0313000001443,7750.780538302278
1782392106,2,,Aggregated,0.700000,0.000000,7,12,14,21,24,30,37,41,2100,2100,2100,484,0,7,20.60841880164626,4.670900000292022,2092.0313000001443,7756.4586776859505
1782392107,2,,Aggregated,0.700000,0.000000,7,12,14,21,24,30,37,41,2100,2100,2100,484,0,7,20.60841880164626,4.670900000292022,2092.0313000001443,7756.4586776859505
1782392108,2,,Aggregated,0.600000,0.000000,7,12,14,21,24,30,37,41,2100,2100,2100,485,0,7,20.58858144329167,4.670900000292022,2092.0313000001443,7762.113402061856
1782392109,2,,Aggregated,0.600000,0.000000,7,12,14,21,24,30,37,41,2100,2100,2100,485,0,7,20.58858144329167,4.670900000292022,2092.0313000001443,7762.113402061856
1782392110,2,,Aggregated,0.700000,0.000000,7,12,14,21,24,30,37,41,2100,2100,2100,487,0,7,20.552724845987303,4.670900000292022,2092.0313000001443,7773.35318275154
1782392111,2,,Aggregated,0.700000,0.000000,7,12,14,21,24,30,37,41,2100,2100,2100,487,0,7,20.552724845987303,4.670900000292022,2092.0313000001443,7773.35318275154
1782392112,2,,Aggregated,0.700000,0.000000,7,12,14,21,24,30,37,41,2100,2100,2100,487,0,7,20.552724845987303,4.670900000292022,2092.0313000001443,7773.35318275154
1782392113,2,,Aggregated,0.700000,0.000000,7,12,14,21,24,30,37,41,2100,2100,2100,487,0,7,20.552724845987303,4.670900000292022,2092.0313000001443,7773.35318275154
1782392114,2,,Aggregated,0.700000,0.000000,7,12,14,21,24,30,37,41,2100,2100,2100,489,0,7,20.4948182003999,4.670900000292022,2092.0313000001443,7765.5480572597135
1782392115,2,,Aggregated,0.700000,0.000000,7,12,14,21,24,30,37,41,2100,2100,2100,489,0,7,20.4948182003999,4.670900000292022,2092.0313000001443,7765.5480572597135
1782392116,2,,Aggregated,0.700000,0.000000,7,12,14,21,24,30,37,41,2100,2100,2100,489,0,7,20.4948182003999,4.670900000292022,2092.0313000001443,7765.5480572597135
1782392117,2,,Aggregated,0.700000,0.000000,7,12,14,21,24,30,37,41,2100,2100,2100,490,0,7,20.46590938774601,4.670900000292022,2092.0313000001443,7761.669387755102
1782392118,2,,Aggregated,0.700000,0.000000,7,12,14,21,24,30,37,41,2100,2100,2100,490,0,7,20.46590938774601,4.670900000292022,2092.0313000001443,7761.669387755102
1782392119,2,,Aggregated,0.500000,0.000000,7,12,14,21,24,30,37,41,2100,2100,2100,491,0,7,20.43996109978715,4.670900000292022,2092.0313000001443,7757.806517311609
1782392120,2,,Aggregated,0.500000,0.000000,7,12,14,21,24,30,37,41,2100,2100,2100,491,0,7,20.43996109978715,4.670900000292022,2092.0313000001443,7757.806517311609
1782392122,2,,Aggregated,0.500000,0.000000,7,12,14,21,24,30,37,41,2100,2100,2100,491,0,7,20.43996109978715,4.670900000292022,2092.0313000001443,7757.806517311609
1782392123,2,,Aggregated,0.600000,0.000000,7,12,14,21,24,30,37,41,2100,2100,2100,493,0,7,20.380269979705744,4.670900000292022,2092.0313000001443,7748.549695740365
1782392124,2,,Aggregated,0.600000,0.000000,7,12,14,21,24,30,37,41,2100,2100,2100,493,0,7,20.380269979705744,4.670900000292022,2092.0313000001443,7748.549695740365
1782392125,2,,Aggregated,0.400000,0.000000,7,12,14,21,24,30,37,41,2100,2100,2100,494,0,7,20.353619028329977,4.670900000292022,2092.0313000001443,7744.736842105263
1782392126,2,,Aggregated,0.600000,0.000000,7,12,14,21,24,30,37,41,2100,2100,2100,495,0,7,20.32399252524225,4.670900000292022,2092.0313000001443,7740.939393939394
1782392127,2,,Aggregated,0.600000,0.000000,7,12,14,21,24,30,37,41,2100,2100,2100,495,0,7,20.32399252524225,4.670900000292022,2092.0313000001443,7740.939393939394
1782392128,2,,Aggregated,0.600000,0.000000,7,12,14,21,24,30,37,41,2100,2100,2100,495,0,7,20.32399252524225,4.670900000292022,2092.0313000001443,7740.939393939394
1782392129,2,,Aggregated,0.600000,0.000000,7,12,14,21,24,30,37,41,2100,2100,2100,496,0,7,20.30864112902192,4.670900000292022,2092.0313000001443,7746.5
1782392130,2,,Aggregated,0.600000,0.000000,7,12,14,21,24,30,37,41,2100,2100,2100,497,0,7,20.28984688127689,4.670900000292022,2092.0313000001443,7752.038229376258
1782392131,2,,Aggregated,0.600000,0.000000,7,12,14,21,24,30,37,41,2100,2100,2100,497,0,7,20.28984688127689,4.670900000292022,2092.0313000001443,7752.038229376258
1782392132,2,,Aggregated,0.600000,0.000000,7,12,14,21,24,30,37,41,2100,2100,2100,498,0,7,20.26181887549135,4.670900000292022,2092.0313000001443,7746.686746987952
1782392133,2,,Aggregated,0.600000,0.000000,7,12,14,21,24,30,37,41,2100,2100,2100,498,0,7,20.26181887549135,4.670900000292022,2092.0313000001443,7746.686746987952
1782392134,2,,Aggregated,0.600000,0.000000,7,12,14,21,24,30,37,41,2100,2100,2100,498,0,7,20.26181887549135,4.670900000292022,2092.0313000001443,7746.686746987952
1782392135,2,,Aggregated,0.700000,0.000000,7,12,14,21,24,30,37,41,2100,2100,2100,499,0,7,20.232830260510582,4.670900000292022,2092.0313000001443,7742.915831663327
1782392136,2,,Aggregated,0.700000,0.000000,7,12,14,21,24,30,37,41,2100,2100,2100,499,0,7,20.232830260510582,4.670900000292022,2092.0313000001443,7742.915831663327
1782392137,2,,Aggregated,0.500000,0.000000,7,12,14,21,24,30,37,41,2100,2100,2100,500,0,7,20.238218599989523,4.670900000292022,2092.0313000001443,7748.428
1782392138,2,,Aggregated,0.400000,0.000000,7,12,14,21,24,29,37,41,2100,2100,2100,501,0,7,20.209546506975133,4.670900000292022,2092.0313000001443,7744.6686626746505
1782392139,2,,Aggregated,0.400000,0.000000,7,12,14,21,24,29,37,41,2100,2100,2100,501,0,7,20.209546506975133,4.670900000292022,2092.0313000001443,7744.6686626746505
1782392140,2,,Aggregated,0.400000,0.000000,7,12,14,21,24,29,37,41,2100,2100,2100,501,0,7,20.209546506975133,4.670900000292022,2092.0313000001443,7744.6686626746505
1782392141,2,,Aggregated,0.500000,0.000000,7,12,14,21,24,29,37,41,2100,2100,2100,503,0,7,20.15266978130092,4.670900000292022,2092.0313000001443,7737.194831013917
1782392142,2,,Aggregated,0.500000,0.000000,7,12,14,21,24,29,37,41,2100,2100,2100,503,0,7,20.15266978130092,4.670900000292022,2092.0313000001443,7737.194831013917
1782392143,2,,Aggregated,0.500000,0.000000,7,12,14,21,24,29,37,41,2100,2100,2100,503,0,7,20.15266978130092,4.670900000292022,2092.0313000001443,7737.194831013917
1782392144,2,,Aggregated,0.600000,0.000000,7,12,14,21,24,29,37,41,2100,2100,2100,504,0,7,20.144971230147277,4.670900000292022,2092.0313000001443,7742.674603174603
1782392145,2,,Aggregated,0.500000,0.000000,7,12,14,21,24,29,37,41,2100,2100,2100,505,0,7,20.13788495048292,4.670900000292022,2092.0313000001443,7748.132673267327
1782392146,2,,Aggregated,0.500000,0.000000,7,12,14,21,24,29,37,41,2100,2100,2100,505,0,7,20.13788495048292,4.670900000292022,2092.0313000001443,7748.132673267327
1782392147,2,,Aggregated,0.500000,0.000000,7,12,14,21,24,29,37,41,2100,2100,2100,505,0,7,20.13788495048292,4.670900000292022,2092.0313000001443,7748.132673267327
1782392148,2,,Aggregated,0.600000,0.000000,7,12,14,21,24,29,37,41,2100,2100,2100,506,0,7,20.111339328051063,4.670900000292022,2092.0313000001443,7742.873517786561
1782392149,2,,Aggregated,0.500000,0.000000,7,12,14,21,24,29,37,41,2100,2100,2100,507,0,7,20.08371341221651,4.670900000292022,2092.0313000001443,7739.169625246548
1782392150,2,,Aggregated,0.500000,0.000000,7,12,14,21,24,29,37,41,2100,2100,2100,508,0,7,20.064910826758968,4.670900000292022,2092.0313000001443,7744.602362204724
1782392151,2,,Aggregated,0.500000,0.000000,7,12,14,21,24,29,37,41,2100,2100,2100,508,0,7,20.064910826758968,4.670900000292022,2092.0313000001443,7744.602362204724
1782392152,2,,Aggregated,0.500000,0.000000,7,12,14,21,24,29,37,41,2100,2100,2100,508,0,7,20.064910826758968,4.670900000292022,2092.0313000001443,7744.602362204724
1782392153,2,,Aggregated,0.500000,0.000000,7,12,14,21,24,29,37,41,2100,2100,2100,508,0,7,20.064910826758968,4.670900000292022,2092.0313000001443,7744.602362204724
1782392154,2,,Aggregated,0.500000,0.000000,7,12,14,21,24,29,37,41,2100,2100,2100,510,0,7,20.06432431371204,4.670900000292022,2092.0313000001443,7755.403921568627
1782392155,2,,Aggregated,0.500000,0.000000,7,12,14,21,24,29,37,41,2100,2100,2100,510,0,7,20.06432431371204,4.670900000292022,2092.0313000001443,7755.403921568627
1782392156,2,,Aggregated,0.500000,0.000000,7,12,14,21,24,29,37,41,2100,2100,2100,510,0,7,20.06432431371204,4.670900000292022,2092.0313000001443,7755.403921568627
1782392157,2,,Aggregated,0.500000,0.000000,7,12,14,21,24,29,37,41,2100,2100,2100,512,0,7,20.03109746092413,4.670900000292022,2092.0313000001443,7757.0703125
1782392158,2,,Aggregated,0.500000,0.000000,7,12,14,21,24,29,37,41,2100,2100,2100,512,0,7,20.03109746092413,4.670900000292022,2092.0313000001443,7757.0703125
1782392159,2,,Aggregated,0.500000,0.000000,7,12,14,21,24,29,37,41,2100,2100,2100,512,0,7,20.03109746092413,4.670900000292022,2092.0313000001443,7757.0703125
1782392160,2,,Aggregated,0.600000,0.000000,7,12,14,21,24,29,37,41,2100,2100,2100,513,0,7,20.036994736828486,4.670900000292022,2092.0313000001443,7762.415204678363
1782392161,2,,Aggregated,0.600000,0.000000,7,12,14,21,24,29,37,41,2100,2100,2100,513,0,7,20.036994736828486,4.670900000292022,2092.0313000001443,7762.415204678363
1782392162,2,,Aggregated,0.600000,0.000000,7,12,14,21,24,29,37,41,2100,2100,2100,514,0,7,20.018729571970493,4.670900000292022,2092.0313000001443,7767.739299610895
1782392163,2,,Aggregated,0.600000,0.000000,7,12,14,21,24,29,37,41,2100,2100,2100,514,0,7,20.018729571970493,4.670900000292022,2092.0313000001443,7767.739299610895
1782392164,2,,Aggregated,0.600000,0.000000,7,12,14,21,24,29,37,41,2100,2100,2100,514,0,7,20.018729571970493,4.670900000292022,2092.0313000001443,7767.739299610895
1782392165,2,,Aggregated,0.600000,0.000000,7,12,14,21,24,29,37,41,2100,2100,2100,515,0,7,19.992136310666133,4.670900000292022,2092.0313000001443,7762.533980582524
1782392166,2,,Aggregated,0.600000,0.000000,7,12,14,21,24,29,37,41,2100,2100,2100,516,0,7,19.965654457351324,4.670900000292022,2092.0313000001443,7758.856589147287
1782392167,2,,Aggregated,0.600000,0.000000,7,12,14,21,24,29,37,41,2100,2100,2100,516,0,7,19.965654457351324,4.670900000292022,2092.0313000001443,7758.856589147287
1782392168,2,,Aggregated,0.500000,0.000000,7,12,14,21,24,29,37,41,2100,2100,2100,517,0,7,19.973722437123804,4.670900000292022,2092.0313000001443,7764.15667311412
1782392169,2,,Aggregated,0.600000,0.000000,7,12,14,21,24,29,37,41,2100,2100,2100,518,0,7,19.95998320461972,4.670900000292022,2092.0313000001443,7769.436293436293
1782392170,2,,Aggregated,0.600000,0.000000,7,12,14,21,24,29,37,41,2100,2100,2100,518,0,7,19.95998320461972,4.670900000292022,2092.0313000001443,7769.436293436293
1782392171,2,,Aggregated,0.600000,0.000000,7,12,14,21,24,29,37,41,2100,2100,2100,518,0,7,19.95998320461972,4.670900000292022,2092.0313000001443,7769.436293436293
1782392172,2,,Aggregated,0.600000,0.000000,7,12,14,21,24,29,37,41,2100,2100,2100,519,0,7,19.9343258188688,4.670900000292022,2092.0313000001443,7765.766859344894
1782392173,2,,Aggregated,0.600000,0.000000,7,12,14,21,24,29,37,41,2100,2100,2100,520,0,7,19.906633461524645,4.670900000292022,2092.0313000001443,7760.615384615385
1782392174,2,,Aggregated,0.600000,0.000000,7,12,14,21,24,29,37,41,2100,2100,2100,520,0,7,19.906633461524645,4.670900000292022,2092.0313000001443,7760.615384615385
1782392175,2,,Aggregated,0.600000,0.000000,7,12,14,21,24,29,37,41,2100,2100,2100,521,0,7,19.883062955840213,4.670900000292022,2092.0313000001443,7755.483685220729
1782392176,2,,Aggregated,0.600000,0.000000,7,12,14,21,24,29,37,41,2100,2100,2100,522,0,7,19.898852490407528,4.670900000292022,2092.0313000001443,7760.739463601532
1782392177,2,,Aggregated,0.600000,0.000000,7,12,14,21,24,29,37,41,2100,2100,2100,522,0,7,19.898852490407528,4.670900000292022,2092.0313000001443,7760.739463601532
1782392178,2,,Aggregated,0.600000,0.000000,7,12,14,21,24,29,37,41,2100,2100,2100,523,0,7,19.88872504778705,4.670900000292022,2092.0313000001443,7765.9751434034415
1782392179,2,,Aggregated,0.600000,0.000000,7,12,14,21,24,29,37,41,2100,2100,2100,523,0,7,19.88872504778705,4.670900000292022,2092.0313000001443,7765.9751434034415
1782392180,2,,Aggregated,0.600000,0.000000,7,12,14,21,24,29,37,41,2100,2100,2100,523,0,7,19.88872504778705,4.670900000292022,2092.0313000001443,7765.9751434034415
1782392181,2,,Aggregated,0.500000,0.000000,7,12,14,21,24,29,37,41,2100,2100,2100,524,0,7,19.890547137390428,4.670900000292022,2092.0313000001443,7771.1908396946565
1782392182,2,,Aggregated,0.500000,0.000000,7,12,14,21,24,29,37,41,2100,2100,2100,524,0,7,19.890547137390428,4.670900000292022,2092.0313000001443,7771.1908396946565
1782392183,2,,Aggregated,0.500000,0.000000,7,12,14,21,24,29,37,41,2100,2100,2100,526,0,7,19.8827950570196,4.670900000292022,2092.0313000001443,7771.273764258555
1782392184,2,,Aggregated,0.500000,0.000000,7,12,14,21,24,29,37,41,2100,2100,2100,526,0,7,19.8827950570196,4.670900000292022,2092.0313000001443,7771.273764258555
1782392185,2,,Aggregated,0.500000,0.000000,7,12,14,21,24,29,37,41,2100,2100,2100,526,0,7,19.8827950570196,4.670900000292022,2092.0313000001443,7771.273764258555
1782392186,2,,Aggregated,0.500000,0.000000,7,12,14,21,24,29,37,41,2100,2100,2100,526,0,7,19.8827950570196,4.670900000292022,2092.0313000001443,7771.273764258555
1782392187,2,,Aggregated,0.600000,0.000000,7,12,14,21,24,29,37,41,2100,2100,2100,527,0,7,19.888727514217212,4.670900000292022,2092.0313000001443,7776.449715370019
1782392188,2,,Aggregated,0.600000,0.000000,7,12,14,21,24,29,37,41,2100,2100,2100,528,0,7,19.906831060591333,4.670900000292022,2092.0313000001443,7781.606060606061
1782392189,2,,Aggregated,0.600000,0.000000,7,12,14,21,24,29,37,41,2100,2100,2100,528,0,7,19.906831060591333,4.670900000292022,2092.0313000001443,7781.606060606061
1782392190,2,,Aggregated,0.600000,0.000000,7,12,14,21,24,29,37,41,2100,2100,2100,529,0,7,19.893031379947413,4.670900000292022,2092.0313000001443,7786.742911153119
1782392191,2,,Aggregated,0.500000,0.000000,7,12,14,21,24,29,37,41,2100,2100,2100,530,0,7,19.872498867909666,4.670900000292022,2092.0313000001443,7781.649056603774
1782392192,2,,Aggregated,0.500000,0.000000,7,12,14,21,24,29,37,41,2100,2100,2100,530,0,7,19.872498867909666,4.670900000292022,2092.0313000001443,7781.649056603774
1782392193,2,,Aggregated,0.500000,0.000000,7,12,14,21,24,29,37,41,2100,2100,2100,531,0,7,19.8786804142978,4.670900000292022,2092.0313000001443,7786.76647834275
1782392194,2,,Aggregated,0.500000,0.000000,7,12,14,21,24,29,37,41,2100,2100,2100,531,0,7,19.8786804142978,4.670900000292022,2092.0313000001443,7786.76647834275
1782392195,2,,Aggregated,0.500000,0.000000,7,12,14,21,24,29,37,41,2100,2100,2100,531,0,7,19.8786804142978,4.670900000292022,2092.0313000001443,7786.76647834275
1782392196,2,,Aggregated,0.500000,0.000000,7,12,14,21,24,29,37,41,2100,2100,2100,533,0,7,19.839109568465148,4.670900000292022,2092.0313000001443,7788.249530956848
1782392197,2,,Aggregated,0.500000,0.000000,7,12,14,21,24,29,37,41,2100,2100,2100,533,0,7,19.839109568465148,4.670900000292022,2092.0313000001443,7788.249530956848
1782392198,2,,Aggregated,0.500000,0.000000,7,12,14,21,24,29,37,41,2100,2100,2100,533,0,7,19.839109568465148,4.670900000292022,2092.0313000001443,7788.249530956848
1782392199,2,,Aggregated,0.600000,0.000000,7,12,14,21,24,29,37,41,2100,2100,2100,534,0,7,19.81564644193207,4.670900000292022,2092.0313000001443,7784.647940074907
1782392200,2,,Aggregated,0.700000,0.000000,7,12,14,21,24,29,37,41,2100,2100,2100,535,0,7,19.790612897180427,4.670900000292022,2092.0313000001443,7781.059813084112
1782392201,2,,Aggregated,0.600000,0.000000,7,12,14,21,24,29,37,41,2100,2100,2100,536,0,7,19.766542723865218,4.670900000292022,2092.0313000001443,7777.485074626866
1782392202,2,,Aggregated,0.600000,0.000000,7,12,14,21,24,29,37,41,2100,2100,2100,536,0,7,19.766542723865218,4.670900000292022,2092.0313000001443,7777.485074626866
1782392203,2,,Aggregated,0.600000,0.000000,7,12,14,21,24,29,37,41,2100,2100,2100,536,0,7,19.766542723865218,4.670900000292022,2092.0313000001443,7777.485074626866
1782392204,2,,Aggregated,0.600000,0.000000,7,12,14,21,24,29,37,41,2100,2100,2100,537,0,7,19.74081824951853,4.670900000292022,2092.0313000001443,7772.474860335195
1782392205,2,,Aggregated,0.500000,0.000000,7,12,14,21,24,30,37,41,2100,2100,2100,538,0,7,19.767202973962007,4.670900000292022,2092.0313000001443,7777.542750929368
1782392206,2,,Aggregated,0.500000,0.000000,7,12,14,21,24,30,37,41,2100,2100,2100,538,0,7,19.767202973962007,4.670900000292022,2092.0313000001443,7777.542750929368
1782392207,2,,Aggregated,0.500000,0.000000,7,12,14,21,24,30,37,41,2100,2100,2100,538,0,7,19.767202973962007,4.670900000292022,2092.0313000001443,7777.542750929368
1782392208,2,,Aggregated,0.600000,0.000000,7,12,14,21,24,30,37,41,2100,2100,2100,539,0,7,19.752929870114603,4.670900000292022,2092.0313000001443,7782.591836734694
1782392209,2,,Aggregated,0.600000,0.000000,7,12,14,21,24,30,37,41,2100,2100,2100,539,0,7,19.752929870114603,4.670900000292022,2092.0313000001443,7782.591836734694
1782392210,2,,Aggregated,0.500000,0.000000,7,12,14,21,24,30,37,41,2100,2100,2100,540,0,7,19.728722592577064,4.670900000292022,2092.0313000001443,7779.040740740741
1782392211,2,,Aggregated,0.500000,0.000000,7,12,14,21,24,29,37,41,2100,2100,2100,541,0,7,19.73099685765511,4.670900000292022,2092.0313000001443,7784.068391866913
1782392212,2,,Aggregated,0.500000,0.000000,7,12,14,21,24,29,37,41,2100,2100,2100,541,0,7,19.73099685765511,4.670900000292022,2092.0313000001443,7784.068391866913
1782392213,2,,Aggregated,0.500000,0.000000,7,12,14,21,24,29,37,41,2100,2100,2100,542,0,7,19.716393173415934,4.670900000292022,2092.0313000001443,7789.077490774907
1782392214,2,,Aggregated,0.500000,0.000000,7,12,14,21,24,29,37,41,2100,2100,2100,543,0,7,19.70192209943234,4.670900000292022,2092.0313000001443,7794.068139963168
1782392215,2,,Aggregated,0.500000,0.000000,7,12,14,21,24,29,37,41,2100,2100,2100,544,0,7,19.688110477926056,4.670900000292022,2092.0313000001443,7799.04044117647
1782392216,2,,Aggregated,0.700000,0.000000,7,12,14,21,24,29,37,41,2100,2100,2100,545,0,7,19.66426678897541,4.670900000292022,2092.0313000001443,7794.064220183486
1782392217,2,,Aggregated,0.700000,0.000000,7,12,14,21,24,29,37,41,2100,2100,2100,545,0,7,19.66426678897541,4.670900000292022,2092.0313000001443,7794.064220183486
1782392218,2,,Aggregated,0.700000,0.000000,7,12,14,21,24,29,37,41,2100,2100,2100,545,0,7,19.66426678897541,4.670900000292022,2092.0313000001443,7794.064220183486
1782392219,2,,Aggregated,0.700000,0.000000,7,12,14,21,24,29,37,41,2100,2100,2100,546,0,7,19.641499267383832,4.670900000292022,2092.0313000001443,7790.531135531135
1782392220,2,,Aggregated,0.700000,0.000000,7,12,14,21,24,29,37,41,2100,2100,2100,547,0,7,19.648785923202222,4.670900000292022,2092.0313000001443,7795.482632541133
1782392221,2,,Aggregated,0.700000,0.000000,7,12,14,21,24,29,37,41,2100,2100,2100,547,0,7,19.648785923202222,4.670900000292022,2092.0313000001443,7795.482632541133
1782392222,2,,Aggregated,0.600000,0.000000,7,12,14,21,24,29,37,41,2100,2100,2100,548,0,7,19.62422591239384,4.670900000292022,2092.0313000001443,7791.959854014599
1782392223,2,,Aggregated,0.600000,0.000000,7,12,14,21,24,29,37,41,2100,2100,2100,548,0,7,19.62422591239384,4.670900000292022,2092.0313000001443,7791.959854014599
1782392224,2,,Aggregated,0.600000,0.000000,7,12,14,21,24,29,37,41,2100,2100,2100,549,0,7,19.608123861551157,4.670900000292022,2092.0313000001443,7796.890710382514
1782392225,2,,Aggregated,0.700000,0.000000,7,12,14,21,24,29,37,41,2100,2100,2100,550,0,7,19.615648727257476,4.670900000292022,2092.0313000001443,7801.8036363636365
1782392226,2,,Aggregated,0.500000,0.000000,7,12,14,21,24,29,36,41,2100,2100,2100,551,0,7,19.59242304898632,4.670900000292022,2092.0313000001443,7798.2885662431945
1782392227,2,,Aggregated,0.500000,0.000000,7,12,14,21,24,29,36,41,2100,2100,2100,551,0,7,19.59242304898632,4.670900000292022,2092.0313000001443,7798.2885662431945
1782392228,2,,Aggregated,0.500000,0.000000,7,12,14,21,24,29,36,41,2100,2100,2100,551,0,7,19.59242304898632,4.670900000292022,2092.0313000001443,7798.2885662431945
1782392229,2,,Aggregated,0.600000,0.000000,7,12,14,21,24,29,36,41,2100,2100,2100,552,0,7,19.571015217375102,4.670900000292022,2092.0313000001443,7794.786231884058
1782392230,2,,Aggregated,0.600000,0.000000,7,12,14,21,24,29,36,41,2100,2100,2100,553,0,7,19.578192405046547,4.670900000292022,2092.0313000001443,7799.676311030741
1782392231,2,,Aggregated,0.600000,0.000000,8,12,14,21,24,29,36,41,2100,2100,2100,554,0,7,19.562326895290003,4.670900000292022,2092.0313000001443,7804.548736462094
1782392232,2,,Aggregated,0.600000,0.000000,8,12,14,21,24,29,36,41,2100,2100,2100,554,0,7,19.562326895290003,4.670900000292022,2092.0313000001443,7804.548736462094
1782392233,2,,Aggregated,0.600000,0.000000,8,12,14,21,24,29,36,41,2100,2100,2100,554,0,7,19.562326895290003,4.670900000292022,2092.0313000001443,7804.548736462094
1782392234,2,,Aggregated,0.600000,0.000000,8,12,14,21,24,29,36,41,2100,2100,2100,554,0,7,19.562326895290003,4.670900000292022,2092.0313000001443,7804.548736462094
1782392235,2,,Aggregated,0.600000,0.000000,8,12,14,21,24,29,36,41,2100,2100,2100,555,0,8,19.547433513496404,4.670900000292022,2092.0313000001443,7809.403603603603
1782392236,2,,Aggregated,0.600000,0.000000,8,12,14,21,24,29,36,41,2100,2100,2100,556,0,7,19.523663489191655,4.670900000292022,2092.0313000001443,7805.906474820144
1782392237,2,,Aggregated,0.600000,0.000000,8,12,14,21,24,29,36,41,2100,2100,2100,556,0,7,19.523663489191655,4.670900000292022,2092.0313000001443,7805.906474820144
1782392238,2,,Aggregated,0.600000,0.000000,8,12,14,21,24,29,36,41,2100,2100,2100,556,0,7,19.523663489191655,4.670900000292022,2092.0313000001443,7805.906474820144
1782392239,2,,Aggregated,0.500000,0.000000,7,12,14,21,24,29,36,41,2100,2100,2100,558,0,7,19.4736790322412,4.670900000292022,2092.0313000001443,7798.949820788531
1782392240,2,,Aggregated,0.500000,0.000000,7,12,14,21,24,29,36,41,2100,2100,2100,558,0,7,19.4736790322412,4.670900000292022,2092.0313000001443,7798.949820788531
1782392241,2,,Aggregated,0.500000,0.000000,7,12,14,21,24,29,36,41,2100,2100,2100,558,0,7,19.4736790322412,4.670900000292022,2092.0313000001443,7798.949820788531
1782392242,2,,Aggregated,0.600000,0.000000,8,12,14,21,24,29,36,41,2100,2100,2100,560,0,7,19.47499535712609,4.670900000292022,2092.0313000001443,7808.592857142857
1782392243,2,,Aggregated,0.600000,0.000000,8,12,14,21,24,29,36,41,2100,2100,2100,560,0,7,19.47499535712609,4.670900000292022,2092.0313000001443,7808.592857142857
1782392244,2,,Aggregated,0.600000,0.000000,8,12,14,21,24,29,36,41,2100,2100,2100,560,0,7,19.47499535712609,4.670900000292022,2092.0313000001443,7808.592857142857
1782392245,2,,Aggregated,0.600000,0.000000,8,12,14,21,24,29,36,41,2100,2100,2100,561,0,8,19.456569162193677,4.670900000292022,2092.0313000001443,7803.741532976827
1782392246,2,,Aggregated,0.600000,0.000000,8,12,14,21,24,29,36,41,2100,2100,2100,561,0,8,19.456569162193677,4.670900000292022,2092.0313000001443,7803.741532976827
1782392247,2,,Aggregated,0.600000,0.000000,8,12,14,21,24,29,36,41,2100,2100,2100,562,0,8,19.438768327385418,4.670900000292022,2092.0313000001443,7800.2918149466195
1782392248,2,,Aggregated,0.600000,0.000000,8,12,14,21,24,29,36,41,2100,2100,2100,562,0,8,19.438768327385418,4.670900000292022,2092.0313000001443,7800.2918149466195
1782392249,2,,Aggregated,0.500000,0.000000,8,12,14,21,24,29,36,41,2100,2100,2100,564,0,8,19.396990425515153,4.670900000292022,2092.0313000001443,7793.429078014185
1782392250,2,,Aggregated,0.500000,0.000000,8,12,14,21,24,29,36,41,2100,2100,2100,564,0,8,19.396990425515153,4.670900000292022,2092.0313000001443,7793.429078014185
1782392251,2,,Aggregated,0.500000,0.000000,8,12,14,21,24,29,36,41,2100,2100,2100,564,0,8,19.396990425515153,4.670900000292022,2092.0313000001443,7793.429078014185
1782392252,2,,Aggregated,0.500000,0.000000,8,12,14,21,24,29,36,41,2100,2100,2100,564,0,8,19.396990425515153,4.670900000292022,2092.0313000001443,7793.429078014185
1782392253,2,,Aggregated,0.600000,0.000000,8,12,14,21,24,29,36,41,2100,2100,2100,566,0,8,19.390260070654527,4.670900000292022,2092.0313000001443,7802.989399293287
1782392254,2,,Aggregated,0.600000,0.000000,8,12,14,21,24,29,36,41,2100,2100,2100,566,0,8,19.390260070654527,4.670900000292022,2092.0313000001443,7802.989399293287
1782392255,2,,Aggregated,0.600000,0.000000,8,12,14,21,24,29,36,41,2100,2100,2100,566,0,8,19.390260070654527,4.670900000292022,2092.0313000001443,7802.989399293287
1782392257,2,,Aggregated,0.600000,0.000000,8,12,14,21,24,29,36,41,2100,2100,2100,567,0,8,19.41857389769006,4.670900000292022,2092.0313000001443,7807.744268077601
1782392258,2,,Aggregated,0.600000,0.000000,8,12,14,21,24,29,36,41,2100,2100,2100,567,0,8,19.41857389769006,4.670900000292022,2092.0313000001443,7807.744268077601
1782392259,2,,Aggregated,0.500000,0.000000,8,12,14,21,24,29,36,41,2100,2100,2100,569,0,8,19.403649033375284,4.670900000292022,2092.0313000001443,7807.692442882249
1782392260,2,,Aggregated,0.500000,0.000000,8,12,14,21,24,29,36,41,2100,2100,2100,569,0,8,19.403649033375284,4.670900000292022,2092.0313000001443,7807.692442882249
1782392261,2,,Aggregated,0.500000,0.000000,8,12,14,21,24,29,36,41,2100,2100,2100,569,0,8,19.403649033375284,4.670900000292022,2092.0313000001443,7807.692442882249
1782392262,2,,Aggregated,0.700000,0.000000,8,12,14,21,24,30,36,41,2100,2100,2100,570,0,8,19.430487543843157,4.670900000292022,2092.0313000001443,7812.41403508772
1782392263,2,,Aggregated,0.700000,0.000000,8,12,14,21,24,30,36,41,2100,2100,2100,570,0,8,19.430487543843157,4.670900000292022,2092.0313000001443,7812.41403508772
1782392264,2,,Aggregated,0.500000,0.000000,8,12,14,21,24,30,36,41,2100,2100,2100,571,0,8,19.40667670751377,4.670900000292022,2092.0313000001443,7809.003502626971
1782392265,2,,Aggregated,0.600000,0.000000,8,12,14,21,24,30,36,41,2100,2100,2100,572,0,8,19.382735664318805,4.670900000292022,2092.0313000001443,7805.604895104895
1782392266,2,,Aggregated,0.600000,0.000000,8,12,14,21,24,30,36,41,2100,2100,2100,572,0,8,19.382735664318805,4.670900000292022,2092.0313000001443,7805.604895104895
1782392267,2,,Aggregated,0.500000,0.000000,8,12,14,21,24,30,36,41,2100,2100,2100,573,0,8,19.3596846422175,4.670900000292022,2092.0313000001443,7800.860383944154
1782392268,2,,Aggregated,0.500000,0.000000,8,12,14,21,24,30,36,41,2100,2100,2100,573,0,8,19.3596846422175,4.670900000292022,2092.0313000001443,7800.860383944154
1782392269,2,,Aggregated,0.600000,0.000000,8,12,14,21,24,30,36,41,2100,2100,2100,574,0,8,19.33630278744004,4.670900000292022,2092.0313000001443,7797.487804878048
1782392270,2,,Aggregated,0.600000,0.000000,8,12,14,21,24,30,36,41,2100,2100,2100,575,0,8,19.313565913026927,4.670900000292022,2092.0313000001443,7794.126956521739
1782392271,2,,Aggregated,0.600000,0.000000,8,12,14,21,24,30,36,41,2100,2100,2100,575,0,8,19.313565913026927,4.670900000292022,2092.0313000001443,7794.126956521739
1782392272,2,,Aggregated,0.500000,0.000000,8,12,14,21,24,30,36,41,2100,2100,2100,576,0,7,19.289714236094824,4.670900000292022,2092.0313000001443,7789.427083333333
1782392273,2,,Aggregated,0.600000,0.000000,7,12,14,21,24,30,36,41,2100,2100,2100,577,0,7,19.267897746950492,4.670900000292022,2092.0313000001443,7786.091854419411
1782392274,2,,Aggregated,0.600000,0.000000,7,12,14,21,24,30,36,41,2100,2100,2100,577,0,7,19.267897746950492,4.670900000292022,2092.0313000001443,7786.091854419411
1782392275,2,,Aggregated,0.600000,0.000000,7,12,14,21,24,30,36,41,2100,2100,2100,577,0,7,19.267897746950492,4.670900000292022,2092.0313000001443,7786.091854419411
1782392276,2,,Aggregated,0.700000,0.000000,7,12,14,21,24,30,36,41,2100,2100,2100,578,0,7,19.244863667803354,4.670900000292022,2092.0313000001443,7782.768166089965
1782392277,2,,Aggregated,0.600000,0.000000,7,12,14,21,24,30,36,41,2100,2100,2100,579,0,7,19.256355613109736,4.670900000292022,2092.0313000001443,7787.459412780657
1782392278,2,,Aggregated,0.600000,0.000000,7,12,14,21,24,30,36,41,2100,2100,2100,579,0,7,19.256355613109736,4.670900000292022,2092.0313000001443,7787.459412780657
1782392279,2,,Aggregated,0.600000,0.000000,7,12,14,21,24,30,36,41,2100,2100,2100,579,0,7,19.256355613109736,4.670900000292022,2092.0313000001443,7787.459412780657
1782392280,2,,Aggregated,0.600000,0.000000,7,12,14,21,24,29,36,41,2100,2100,2100,581,0,7,19.222487951791507,4.670900000292022,2092.0313000001443,7787.478485370051
1782392281,2,,Aggregated,0.600000,0.000000,7,12,14,21,24,29,36,41,2100,2100,2100,581,0,7,19.222487951791507,4.670900000292022,2092.0313000001443,7787.478485370051
1782392282,2,,Aggregated,0.600000,0.000000,7,12,14,21,24,29,36,41,2100,2100,2100,581,0,7,19.222487951791507,4.670900000292022,2092.0313000001443,7787.478485370051
1782392283,2,,Aggregated,0.600000,0.000000,8,12,14,21,24,29,36,41,2100,2100,2100,582,0,7,19.22705721647967,4.670900000292022,2092.0313000001443,7792.137457044673
1782392284,2,,Aggregated,0.500000,0.000000,7,12,14,21,24,29,36,41,2100,2100,2100,583,0,7,19.204520068595116,4.670900000292022,2092.0313000001443,7788.831903945112
1782392285,2,,Aggregated,0.500000,0.000000,7,12,14,21,24,29,36,41,2100,2100,2100,583,0,7,19.204520068595116,4.670900000292022,2092.0313000001443,7788.831903945112
1782392286,2,,Aggregated,0.500000,0.000000,8,12,14,21,24,29,36,41,2100,2100,2100,584,0,7,19.219757534230748,4.670900000292022,2092.0313000001443,7793.472602739726
1782392287,2,,Aggregated,0.500000,0.000000,8,12,14,21,24,29,36,41,2100,2100,2100,584,0,7,19.219757534230748,4.670900000292022,2092.0313000001443,7793.472602739726
1782392288,2,,Aggregated,0.500000,0.000000,8,12,14,21,24,29,36,41,2100,2100,2100,584,0,7,19.219757534230748,4.670900000292022,2092.0313000001443,7793.472602739726
1782392289,2,,Aggregated,0.600000,0.000000,8,12,14,22,24,29,36,41,2100,2100,2100,585,0,8,19.226789914514058,4.670900000292022,2092.0313000001443,7798.097435897436
1782392290,2,,Aggregated,0.500000,0.000000,8,12,14,21,24,29,36,41,2100,2100,2100,586,0,7,19.205377133089577,4.670900000292022,2092.0313000001443,7794.798634812287
1782392291,2,,Aggregated,0.500000,0.000000,8,12,14,21,24,29,36,41,2100,2100,2100,586,0,7,19.205377133089577,4.670900000292022,2092.0313000001443,7794.798634812287
1782392292,2,,Aggregated,0.500000,0.000000,8,12,14,21,24,29,36,41,2100,2100,2100,586,0,7,19.205377133089577,4.670900000292022,2092.0313000001443,7794.798634812287
1782392293,2,,Aggregated,0.400000,0.000000,8,12,14,21,24,29,36,41,2100,2100,2100,588,0,7,19.168362244881852,4.670900000292022,2092.0313000001443,7796.115646258503
1782392294,2,,Aggregated,0.400000,0.000000,8,12,14,21,24,29,36,41,2100,2100,2100,588,0,7,19.168362244881852,4.670900000292022,2092.0313000001443,7796.115646258503
1782392295,2,,Aggregated,0.600000,0.000000,8,12,14,22,24,29,36,41,2100,2100,2100,590,0,7,19.15317152540827,4.670900000292022,2092.0313000001443,7797.423728813559
1782392296,2,,Aggregated,0.600000,0.000000,8,12,14,22,24,29,36,41,2100,2100,2100,590,0,7,19.15317152540827,4.670900000292022,2092.0313000001443,7797.423728813559
1782392297,2,,Aggregated,0.600000,0.000000,8,12,14,22,24,29,36,41,2100,2100,2100,590,0,7,19.15317152540827,4.670900000292022,2092.0313000001443,7797.423728813559
1782392298,2,,Aggregated,0.600000,0.000000,8,12,14,21,24,29,36,41,2100,2100,2100,591,0,8,19.140957021981134,4.670900000292022,2092.0313000001443,7801.994923857868
1782392299,2,,Aggregated,0.600000,0.000000,8,12,14,21,24,29,36,41,2100,2100,2100,591,0,8,19.140957021981134,4.670900000292022,2092.0313000001443,7801.994923857868
1782392300,2,,Aggregated,0.600000,0.000000,8,12,14,21,24,29,36,41,2100,2100,2100,592,0,7,19.118730574309144,4.670900000292022,2092.0313000001443,7798.722972972973
1782392301,2,,Aggregated,0.600000,0.000000,8,12,14,21,24,29,36,41,2100,2100,2100,592,0,7,19.118730574309144,4.670900000292022,2092.0313000001443,7798.722972972973
1782392302,2,,Aggregated,0.700000,0.000000,8,12,14,21,24,29,36,41,2100,2100,2100,594,0,7,19.078234848470107,4.670900000292022,2092.0313000001443,7790.902356902357
1782392303,2,,Aggregated,0.700000,0.000000,8,12,14,21,24,29,36,41,2100,2100,2100,594,0,7,19.078234848470107,4.670900000292022,2092.0313000001443,7790.902356902357
1782392304,2,,Aggregated,0.700000,0.000000,8,12,14,21,24,29,36,41,2100,2100,2100,594,0,7,19.078234848470107,4.670900000292022,2092.0313000001443,7790.902356902357
1782392305,2,,Aggregated,0.700000,0.000000,8,12,14,21,24,29,36,41,2100,2100,2100,594,0,7,19.078234848470107,4.670900000292022,2092.0313000001443,7790.902356902357
1782392306,2,,Aggregated,0.600000,0.000000,7,12,14,21,24,29,36,41,2100,2100,2100,595,0,7,19.057651092421988,4.670900000292022,2092.0313000001443,7786.3579831932775
1782392307,2,,Aggregated,0.600000,0.000000,8,12,14,21,24,29,36,41,2100,2100,2100,596,0,7,19.068392114078943,4.670900000292022,2092.0313000001443,7790.9093959731545
1782392308,2,,Aggregated,0.600000,0.000000,8,12,14,21,24,29,36,41,2100,2100,2100,596,0,7,19.068392114078943,4.670900000292022,2092.0313000001443,7790.9093959731545
1782392309,2,,Aggregated,0.600000,0.000000,8,12,14,21,24,29,36,41,2100,2100,2100,596,0,7,19.068392114078943,4.670900000292022,2092.0313000001443,7790.9093959731545
1782392310,2,,Aggregated,0.600000,0.000000,8,12,14,21,24,29,36,41,2100,2100,2100,597,0,8,19.054582914557816,4.670900000292022,2092.0313000001443,7795.4455611390285
1782392311,2,,Aggregated,0.500000,0.000000,8,12,14,21,24,29,36,41,2100,2100,2100,598,0,8,19.044573913028866,4.670900000292022,2092.0313000001443,7799.966555183946
1782392312,2,,Aggregated,0.500000,0.000000,8,12,14,21,24,29,36,41,2100,2100,2100,598,0,8,19.044573913028866,4.670900000292022,2092.0313000001443,7799.966555183946
1782392313,2,,Aggregated,0.500000,0.000000,8,12,14,21,24,29,36,41,2100,2100,2100,598,0,8,19.044573913028866,4.670900000292022,2092.0313000001443,7799.966555183946
1782392314,2,,Aggregated,0.600000,0.000000,8,12,14,22,24,29,36,41,2100,2100,2100,600,0,8,19.053785166652233,4.670900000292022,2092.0313000001443,7808.963333333333
1782392315,2,,Aggregated,0.600000,0.000000,8,12,14,22,24,29,36,41,2100,2100,2100,600,0,8,19.053785166652233,4.670900000292022,2092.0313000001443,7808.963333333333
1782392316,2,,Aggregated,0.600000,0.000000,8,12,14,22,24,29,36,41,2100,2100,2100,600,0,8,19.053785166652233,4.670900000292022,2092.0313000001443,7808.963333333333
1782392317,2,,Aggregated,0.600000,0.000000,8,12,14,21,24,29,35,41,2100,2100,2100,602,0,8,19.02893787374022,4.670900000292022,2092.0313000001443,7808.9102990033225
1782392318,2,,Aggregated,0.600000,0.000000,8,12,14,21,24,29,35,41,2100,2100,2100,602,0,8,19.02893787374022,4.670900000292022,2092.0313000001443,7808.9102990033225
1782392319,2,,Aggregated,0.600000,0.000000,8,12,14,21,24,29,35,41,2100,2100,2100,602,0,8,19.02893787374022,4.670900000292022,2092.0313000001443,7808.9102990033225
1782392320,2,,Aggregated,0.600000,0.000000,8,12,14,22,24,29,35,41,2100,2100,2100,603,0,8,19.033542122705608,4.670900000292022,2092.0313000001443,7813.371475953565
1782392321,2,,Aggregated,0.600000,0.000000,8,12,14,22,24,29,35,41,2100,2100,2100,603,0,8,19.033542122705608,4.670900000292022,2092.0313000001443,7813.371475953565
1782392322,2,,Aggregated,0.600000,0.000000,8,12,14,22,24,29,35,41,2100,2100,2100,604,0,8,19.02341953640966,4.670900000292022,2092.0313000001443,7817.817880794702
1782392323,2,,Aggregated,0.600000,0.000000,8,12,14,22,24,29,35,41,2100,2100,2100,604,0,8,19.02341953640966,4.670900000292022,2092.0313000001443,7817.817880794702
1782392324,2,,Aggregated,0.500000,0.000000,8,12,14,22,24,29,35,41,2100,2100,2100,605,0,8,19.011112892547484,4.670900000292022,2092.0313000001443,7822.249586776859
1782392325,2,,Aggregated,0.500000,0.000000,8,12,14,22,24,29,35,41,2100,2100,2100,605,0,8,19.011112892547484,4.670900000292022,2092.0313000001443,7822.249586776859
1782392326,2,,Aggregated,0.500000,0.000000,8,12,14,21,24,29,35,41,2100,2100,2100,607,0,8,18.97073212519141,4.670900000292022,2092.0313000001443,7814.518945634267
1782392327,2,,Aggregated,0.500000,0.000000,8,12,14,21,24,29,35,41,2100,2100,2100,607,0,8,18.97073212519141,4.670900000292022,2092.0313000001443,7814.518945634267
1782392328,2,,Aggregated,0.600000,0.000000,8,12,14,22,24,29,35,41,2100,2100,2100,608,0,8,18.975937828932686,4.670900000292022,2092.0313000001443,7818.934210526316
1782392329,2,,Aggregated,0.600000,0.000000,8,12,14,22,24,29,35,41,2100,2100,2100,609,0,8,18.957634811151173,4.670900000292022,2092.0313000001443,7815.72577996716
1782392330,2,,Aggregated,0.600000,0.000000,8,12,14,22,24,29,35,41,2100,2100,2100,609,0,8,18.957634811151173,4.670900000292022,2092.0313000001443,7815.72577996716
1782392331,2,,Aggregated,0.700000,0.000000,8,12,14,22,24,29,35,41,2100,2100,2100,610,0,8,18.93652508195254,4.670900000292022,2092.0313000001443,7812.527868852459
1782392332,2,,Aggregated,0.700000,0.000000,8,12,14,22,24,29,35,41,2100,2100,2100,610,0,8,18.93652508195254,4.670900000292022,2092.0313000001443,7812.527868852459
1782392333,2,,Aggregated,0.600000,0.000000,8,12,14,22,24,29,35,41,2100,2100,2100,611,0,8,18.95378297870931,4.670900000292022,2092.0313000001443,7816.924713584288
1782392334,2,,Aggregated,0.600000,0.000000,8,12,14,22,24,29,35,41,2100,2100,2100,611,0,8,18.95378297870931,4.670900000292022,2092.0313000001443,7816.924713584288
1782392335,2,,Aggregated,0.600000,0.000000,8,12,14,22,24,29,35,41,2100,2100,2100,612,0,8,18.93229362743714,4.670900000292022,2092.0313000001443,7812.464052287582
1782392336,2,,Aggregated,0.600000,0.000000,8,12,14,22,24,29,35,41,2100,2100,2100,612,0,8,18.93229362743714,4.670900000292022,2092.0313000001443,7812.464052287582
1782392337,2,,Aggregated,0.600000,0.000000,8,12,14,22,24,29,35,41,2100,2100,2100,612,0,8,18.93229362743714,4.670900000292022,2092.0313000001443,7812.464052287582
1782392338,2,,Aggregated,0.600000,0.000000,8,12,14,22,24,29,35,41,2100,2100,2100,613,0,8,18.941819575842214,4.670900000292022,2092.0313000001443,7816.846655791191
1782392339,2,,Aggregated,0.600000,0.000000,8,12,14,22,24,29,35,41,2100,2100,2100,614,0,8,18.963097719855387,4.670900000292022,2092.0313000001443,7821.214983713355
1782392340,2,,Aggregated,0.600000,0.000000,8,12,14,22,24,29,35,41,2100,2100,2100,614,0,8,18.963097719855387,4.670900000292022,2092.0313000001443,7821.214983713355
1782392341,2,,Aggregated,0.600000,0.000000,8,12,14,22,24,29,35,41,2100,2100,2100,614,0,8,18.963097719855387,4.670900000292022,2092.0313000001443,7821.214983713355
1782392342,2,,Aggregated,0.500000,0.000000,8,12,14,22,24,29,35,41,2100,2100,2100,616,0,8,18.923523863621725,4.670900000292022,2092.0313000001443,7814.863636363636
1782392343,2,,Aggregated,0.500000,0.000000,8,12,14,22,24,29,35,41,2100,2100,2100,616,0,8,18.923523863621725,4.670900000292022,2092.0313000001443,7814.863636363636
1782392344,2,,Aggregated,0.500000,0.000000,8,12,14,22,24,29,35,41,2100,2100,2100,616,0,8,18.923523863621725,4.670900000292022,2092.0313000001443,7814.863636363636
1782392345,2,,Aggregated,0.600000,0.000000,8,12,14,22,24,29,35,41,2100,2100,2100,617,0,8,18.933770664491046,4.670900000292022,2092.0313000001443,7819.213938411669
1782392346,2,,Aggregated,0.600000,0.000000,8,12,14,22,24,29,35,41,2100,2100,2100,617,0,8,18.933770664491046,4.670900000292022,2092.0313000001443,7819.213938411669
1782392347,2,,Aggregated,0.600000,0.000000,8,12,15,22,24,29,35,41,2100,2100,2100,619,0,8,18.911282875590754,4.670900000292022,2092.0313000001443,7820.386106623587
1782392348,2,,Aggregated,0.600000,0.000000,8,12,15,22,24,29,35,41,2100,2100,2100,619,0,8,18.911282875590754,4.670900000292022,2092.0313000001443,7820.386106623587
1782392349,2,,Aggregated,0.600000,0.000000,8,12,15,22,24,29,35,41,2100,2100,2100,620,0,8,18.89100854837198,4.670900000292022,2092.0313000001443,7817.232258064516
1782392350,2,,Aggregated,0.600000,0.000000,8,12,15,22,24,29,35,41,2100,2100,2100,620,0,8,18.89100854837198,4.670900000292022,2092.0313000001443,7817.232258064516
1782392351,2,,Aggregated,0.500000,0.000000,8,12,15,22,24,29,35,41,2100,2100,2100,621,0,8,18.90781996777859,4.670900000292022,2092.0313000001443,7821.550724637681
1782392352,2,,Aggregated,0.600000,0.000000,8,12,15,22,24,29,35,41,2100,2100,2100,622,0,8,18.888010932460606,4.670900000292022,2092.0313000001443,7817.154340836013
1782392353,2,,Aggregated,0.600000,0.000000,8,12,15,22,24,29,35,41,2100,2100,2100,622,0,8,18.888010932460606,4.670900000292022,2092.0313000001443,7817.154340836013
1782392354,2,,Aggregated,0.600000,0.000000,8,12,15,22,24,29,35,41,2100,2100,2100,622,0,8,18.888010932460606,4.670900000292022,2092.0313000001443,7817.154340836013
1782392355,2,,Aggregated,0.600000,0.000000,8,12,15,22,24,29,35,41,2100,2100,2100,622,0,8,18.888010932460606,4.670900000292022,2092.0313000001443,7817.154340836013
1782392356,2,,Aggregated,0.600000,0.000000,8,12,15,22,24,29,35,41,2100,2100,2100,624,0,8,18.87350881408787,4.670900000292022,2092.0313000001443,7818.323717948718
1782392357,2,,Aggregated,0.600000,0.000000,8,12,15,22,24,29,35,41,2100,2100,2100,624,0,8,18.87350881408787,4.670900000292022,2092.0313000001443,7818.323717948718
1782392358,2,,Aggregated,0.600000,0.000000,8,12,15,22,24,29,35,41,2100,2100,2100,624,0,8,18.87350881408787,4.670900000292022,2092.0313000001443,7818.323717948718
1782392359,2,,Aggregated,0.600000,0.000000,8,12,15,22,24,29,35,41,2100,2100,2100,625,0,8,18.85436463998485,4.670900000292022,2092.0313000001443,7815.1984
1782392360,2,,Aggregated,0.500000,0.000000,8,12,15,22,24,29,35,41,2100,2100,2100,626,0,8,18.833888178898732,4.670900000292022,2092.0313000001443,7812.083067092652
1782392361,2,,Aggregated,0.500000,0.000000,8,12,15,22,24,29,35,41,2100,2100,2100,626,0,8,18.833888178898732,4.670900000292022,2092.0313000001443,7812.083067092652
1782392362,2,,Aggregated,0.500000,0.000000,8,12,15,22,24,29,35,41,2100,2100,2100,627,0,8,18.84315486441872,4.670900000292022,2092.0313000001443,7816.368421052632
1782392363,2,,Aggregated,0.600000,0.000000,8,12,15,22,24,29,35,41,2100,2100,2100,628,0,8,18.825299363042593,4.670900000292022,2092.0313000001443,7813.261146496815
1782392364,2,,Aggregated,0.600000,0.000000,8,12,15,22,24,29,35,41,2100,2100,2100,628,0,8,18.825299363042593,4.670900000292022,2092.0313000001443,7813.261146496815
1782392365,2,,Aggregated,0.600000,0.000000,8,12,15,22,24,29,35,41,2100,2100,2100,628,0,8,18.825299363042593,4.670900000292022,2092.0313000001443,7813.261146496815
1782392366,2,,Aggregated,0.600000,0.000000,8,12,15,22,24,29,35,41,2100,2100,2100,629,0,8,18.815175516678664,4.670900000292022,2092.0313000001443,7817.531001589825
1782392367,2,,Aggregated,0.600000,0.000000,8,12,15,22,25,29,36,41,2100,2100,2100,630,0,8,18.852091904747276,4.670900000292022,2092.0313000001443,7821.787301587302
1782392368,2,,Aggregated,0.600000,0.000000,8,12,15,22,25,29,36,41,2100,2100,2100,630,0,8,18.852091904747276,4.670900000292022,2092.0313000001443,7821.787301587302
1782392369,2,,Aggregated,0.600000,0.000000,8,12,15,22,25,29,36,41,2100,2100,2100,630,0,8,18.852091904747276,4.670900000292022,2092.0313000001443,7821.787301587302
1782392370,2,,Aggregated,0.600000,0.000000,8,12,15,22,24,29,36,41,2100,2100,2100,632,0,8,18.83210838606161,4.670900000292022,2092.0313000001443,7830.2594936708865
1782392371,2,,Aggregated,0.600000,0.000000,8,12,15,22,24,29,36,41,2100,2100,2100,632,0,8,18.83210838606161,4.670900000292022,2092.0313000001443,7830.2594936708865
1782392372,2,,Aggregated,0.600000,0.000000,8,12,15,22,24,29,36,41,2100,2100,2100,632,0,8,18.83210838606161,4.670900000292022,2092.0313000001443,7830.2594936708865
1782392373,2,,Aggregated,0.600000,0.000000,8,12,15,22,25,30,36,41,2100,2100,2100,633,0,8,18.854476935214592,4.670900000292022,2092.0313000001443,7834.47551342812
1782392374,2,,Aggregated,0.600000,0.000000,8,12,15,22,25,30,36,41,2100,2100,2100,633,0,8,18.854476935214592,4.670900000292022,2092.0313000001443,7834.47551342812
1782392375,2,,Aggregated,0.500000,0.000000,8,12,15,22,25,30,36,41,2100,2100,2100,634,0,8,18.835244952666553,4.670900000292022,2092.0313000001443,7831.369085173502
1782392376,2,,Aggregated,0.500000,0.000000,8,12,15,22,25,30,36,41,2100,2100,2100,634,0,8,18.835244952666553,4.670900000292022,2092.0313000001443,7831.369085173502
1782392377,2,,Aggregated,0.500000,0.000000,8,12,15,22,25,30,36,41,2100,2100,2100,635,0,8,18.81458078738705,4.670900000292022,2092.0313000001443,7827.047244094489
1782392378,2,,Aggregated,0.500000,0.000000,8,12,15,22,25,30,36,41,2100,2100,2100,635,0,8,18.81458078738705,4.670900000292022,2092.0313000001443,7827.047244094489
1782392379,2,,Aggregated,0.600000,0.000000,8,12,15,22,25,30,36,41,2100,2100,2100,637,0,8,18.808108006265297,4.670900000292022,2092.0313000001443,7835.436420722135
1782392380,2,,Aggregated,0.600000,0.000000,8,12,15,22,25,30,36,41,2100,2100,2100,637,0,8,18.808108006265297,4.670900000292022,2092.0313000001443,7835.436420722135
1782392381,2,,Aggregated,0.600000,0.000000,8,12,15,22,25,30,36,41,2100,2100,2100,637,0,8,18.808108006265297,4.670900000292022,2092.0313000001443,7835.436420722135
1782392382,2,,Aggregated,0.600000,0.000000,8,12,15,22,25,30,36,41,2100,2100,2100,637,0,8,18.808108006265297,4.670900000292022,2092.0313000001443,7835.436420722135
1782392383,2,,Aggregated,0.500000,0.000000,8,12,15,22,25,30,36,41,2100,2100,2100,639,0,8,18.777966979641448,4.670900000292022,2092.0313000001443,7836.521126760564
1782392384,2,,Aggregated,0.500000,0.000000,8,12,15,22,25,30,36,41,2100,2100,2100,639,0,8,18.777966979641448,4.670900000292022,2092.0313000001443,7836.521126760564
1782392385,2,,Aggregated,0.500000,0.000000,8,12,15,22,25,30,36,41,2100,2100,2100,639,0,8,18.777966979641448,4.670900000292022,2092.0313000001443,7836.521126760564
1782392386,2,,Aggregated,0.600000,0.000000,8,12,15,22,24,29,36,41,2100,2100,2100,641,0,8,18.764154134150772,4.670900000292022,2092.0313000001443,7836.385335413416
1782392387,2,,Aggregated,0.600000,0.000000,8,12,15,22,24,29,36,41,2100,2100,2100,641,0,8,18.764154134150772,4.670900000292022,2092.0313000001443,7836.385335413416
1782392388,2,,Aggregated,0.600000,0.000000,8,12,15,22,24,29,36,41,2100,2100,2100,641,0,8,18.764154134150772,4.670900000292022,2092.0313000001443,7836.385335413416
1782392390,2,,Aggregated,0.600000,0.000000,8,12,15,22,24,29,36,41,2100,2100,2100,642,0,8,18.747452336433426,4.670900000292022,2092.0313000001443,7833.314641744549
1782392391,2,,Aggregated,0.600000,0.000000,8,12,15,22,25,29,36,41,2100,2100,2100,643,0,8,18.763726127511674,4.670900000292022,2092.0313000001443,7837.46034214619
1782392392,2,,Aggregated,0.600000,0.000000,8,12,15,22,25,29,36,41,2100,2100,2100,643,0,8,18.763726127511674,4.670900000292022,2092.0313000001443,7837.46034214619
1782392393,2,,Aggregated,0.600000,0.000000,8,12,15,22,25,29,36,41,2100,2100,2100,643,0,8,18.763726127511674,4.670900000292022,2092.0313000001443,7837.46034214619
1782392394,2,,Aggregated,0.600000,0.000000,8,12,15,22,25,29,36,41,2100,2100,2100,644,0,8,18.755045652158383,4.670900000292022,2092.0313000001443,7841.593167701863
1782392395,2,,Aggregated,0.600000,0.000000,8,12,15,22,25,29,36,41,2100,2100,2100,645,0,8,18.73664511626356,4.670900000292022,2092.0313000001443,7838.528682170542
1782392396,2,,Aggregated,0.600000,0.000000,8,12,15,22,25,29,36,41,2100,2100,2100,645,0,8,18.73664511626356,4.670900000292022,2092.0313000001443,7838.528682170542
1782392397,2,,Aggregated,0.500000,0.000000,8,12,15,22,25,30,37,41,2100,2100,2100,646,0,8,18.770583746114543,4.670900000292022,2092.0313000001443,7842.64705882353
1782392398,2,,Aggregated,0.600000,0.000000,8,12,15,22,25,30,37,41,2100,2100,2100,647,0,8,18.750397527032078,4.670900000292022,2092.0313000001443,7839.590417310665
1782392399,2,,Aggregated,0.500000,0.000000,8,12,15,22,25,30,37,41,2100,2100,2100,648,0,8,18.73222469134255,4.670900000292022,2092.0313000001443,7836.543209876543
1782392400,2,,Aggregated,0.500000,0.000000,8,12,15,22,25,30,37,41,2100,2100,2100,648,0,8,18.73222469134255,4.670900000292022,2092.0313000001443,7836.543209876543
1782392401,2,,Aggregated,0.500000,0.000000,8,12,15,22,25,30,37,41,2100,2100,2100,648,0,8,18.73222469134255,4.670900000292022,2092.0313000001443,7836.543209876543
1782392402,2,,Aggregated,0.700000,0.000000,8,12,15,22,25,30,37,41,2100,2100,2100,649,0,8,18.71294976885929,4.670900000292022,2092.0313000001443,7832.306625577812
1782392403,2,,Aggregated,0.600000,0.000000,8,12,15,22,25,30,37,41,2100,2100,2100,650,0,8,18.734097846138237,4.670900000292022,2092.0313000001443,7836.409230769231
1782392404,2,,Aggregated,0.600000,0.000000,8,12,15,22,25,30,37,41,2100,2100,2100,650,0,8,18.734097846138237,4.670900000292022,2092.0313000001443,7836.409230769231
1782392405,2,,Aggregated,0.600000,0.000000,8,12,15,22,25,30,37,41,2100,2100,2100,650,0,8,18.734097846138237,4.670900000292022,2092.0313000001443,7836.409230769231
1782392406,2,,Aggregated,0.700000,0.000000,8,12,15,22,25,30,36,41,2100,2100,2100,651,0,8,18.717243164346502,4.670900000292022,2092.0313000001443,7833.380952380952
1782392407,2,,Aggregated,0.600000,0.000000,8,12,15,22,25,30,36,41,2100,2100,2100,652,0,8,18.702278834339573,4.670900000292022,2092.0313000001443,7829.168711656442
1782392408,2,,Aggregated,0.600000,0.000000,8,12,15,22,25,30,36,41,2100,2100,2100,652,0,8,18.702278834339573,4.670900000292022,2092.0313000001443,7829.168711656442
1782392409,2,,Aggregated,0.600000,0.000000,8,12,15,22,25,30,36,41,2100,2100,2100,652,0,8,18.702278834339573,4.670900000292022,2092.0313000001443,7829.168711656442
1782392410,2,,Aggregated,0.600000,0.000000,8,12,15,22,25,30,36,41,2100,2100,2100,653,0,8,18.68422266460853,4.670900000292022,2092.0313000001443,7826.160796324655
1782392411,2,,Aggregated,0.500000,0.000000,8,12,15,22,25,30,36,41,2100,2100,2100,654,0,8,18.66385749233825,4.670900000292022,2092.0313000001443,7823.162079510704
1782392412,2,,Aggregated,0.500000,0.000000,8,12,15,22,25,30,36,41,2100,2100,2100,654,0,8,18.66385749233825,4.670900000292022,2092.0313000001443,7823.162079510704
1782392413,2,,Aggregated,0.500000,0.000000,8,12,15,22,25,30,36,41,2100,2100,2100,654,0,8,18.66385749233825,4.670900000292022,2092.0313000001443,7823.162079510704
1782392414,2,,Aggregated,0.600000,0.000000,8,12,15,22,25,30,37,41,2100,2100,2100,656,0,8,18.68250518291031,4.670900000292022,2092.0313000001443,7831.320121951219
1782392415,2,,Aggregated,0.600000,0.000000,8,12,15,22,25,30,37,41,2100,2100,2100,656,0,8,18.68250518291031,4.670900000292022,2092.0313000001443,7831.320121951219
1782392416,2,,Aggregated,0.600000,0.000000,8,12,15,22,25,30,37,41,2100,2100,2100,656,0,8,18.68250518291031,4.670900000292022,2092.0313000001443,7831.320121951219
1782392417,2,,Aggregated,0.600000,0.000000,8,12,15,22,25,30,37,41,2100,2100,2100,656,0,8,18.68250518291031,4.670900000292022,2092.0313000001443,7831.320121951219
1782392418,2,,Aggregated,0.600000,0.000000,8,12,15,22,25,30,37,41,2100,2100,2100,658,0,8,18.643534194512473,4.670900000292022,2092.0313000001443,7825.343465045593
1782392419,2,,Aggregated,0.600000,0.000000,8,12,15,22,25,30,37,41,2100,2100,2100,658,0,8,18.643534194512473,4.670900000292022,2092.0313000001443,7825.343465045593
1782392420,2,,Aggregated,0.600000,0.000000,8,12,15,22,25,30,37,41,2100,2100,2100,658,0,8,18.643534194512473,4.670900000292022,2092.0313000001443,7825.343465045593
1782392421,2,,Aggregated,0.600000,0.000000,8,12,15,22,25,30,37,41,2100,2100,2100,658,0,8,18.643534194512473,4.670900000292022,2092.0313000001443,7825.343465045593
1782392422,2,,Aggregated,0.500000,0.000000,8,12,15,22,25,30,37,41,2100,2100,2100,660,0,8,18.607790151498083,4.670900000292022,2092.0313000001443,7819.40303030303
1782392423,2,,Aggregated,0.500000,0.000000,8,12,15,22,25,30,37,41,2100,2100,2100,660,0,8,18.607790151498083,4.670900000292022,2092.0313000001443,7819.40303030303
1782392424,2,,Aggregated,0.500000,0.000000,8,12,15,22,25,30,37,41,2100,2100,2100,660,0,8,18.607790151498083,4.670900000292022,2092.0313000001443,7819.40303030303
1782392425,2,,Aggregated,0.500000,0.000000,8,12,15,22,25,30,37,41,2100,2100,2100,660,0,8,18.607790151498083,4.670900000292022,2092.0313000001443,7819.40303030303
1782392426,2,,Aggregated,0.600000,0.000000,8,12,15,22,25,30,37,41,2100,2100,2100,662,0,8,18.620940483366994,4.670900000292022,2092.0313000001443,7827.4984894259815
1782392427,2,,Aggregated,0.600000,0.000000,8,12,15,22,25,30,37,41,2100,2100,2100,662,0,8,18.620940483366994,4.670900000292022,2092.0313000001443,7827.4984894259815
1782392428,2,,Aggregated,0.600000,0.000000,8,12,15,22,25,30,37,41,2100,2100,2100,662,0,8,18.620940483366994,4.670900000292022,2092.0313000001443,7827.4984894259815
1782392429,2,,Aggregated,0.600000,0.000000,8,12,15,22,25,30,37,41,2100,2100,2100,664,0,8,18.596967168657994,4.670900000292022,2092.0313000001443,7828.566265060241
1782392430,2,,Aggregated,0.600000,0.000000,8,12,15,22,25,30,37,41,2100,2100,2100,664,0,8,18.596967168657994,4.670900000292022,2092.0313000001443,7828.566265060241
1782392431,2,,Aggregated,0.600000,0.000000,8,12,15,22,25,30,37,41,2100,2100,2100,664,0,8,18.596967168657994,4.670900000292022,2092.0313000001443,7828.566265060241
1782392432,2,,Aggregated,0.600000,0.000000,8,12,15,22,25,30,37,41,2100,2100,2100,665,0,8,18.577976992464688,4.670900000292022,2092.0313000001443,7825.613533834587
1782392433,2,,Aggregated,0.600000,0.000000,8,12,15,22,25,30,37,41,2100,2100,2100,666,0,8,18.581132882866278,4.670900000292022,2092.0313000001443,7829.627627627628
1782392434,2,,Aggregated,0.600000,0.000000,8,12,15,22,25,30,37,41,2100,2100,2100,666,0,8,18.581132882866278,4.670900000292022,2092.0313000001443,7829.627627627628
1782392435,2,,Aggregated,0.600000,0.000000,8,12,15,22,25,30,37,41,2100,2100,2100,667,0,8,18.56221364316142,4.670900000292022,2092.0313000001443,7825.515742128936
1782392436,2,,Aggregated,0.600000,0.000000,8,12,15,22,25,30,37,41,2100,2100,2100,667,0,8,18.56221364316142,4.670900000292022,2092.0313000001443,7825.515742128936
1782392437,2,,Aggregated,0.600000,0.000000,8,12,15,22,25,30,37,41,2100,2100,2100,668,0,8,18.543277993995197,4.670900000292022,2092.0313000001443,7822.580838323353
1782392438,2,,Aggregated,0.600000,0.000000,8,12,15,22,25,30,37,41,2100,2100,2100,669,0,8,18.524422122554796,4.670900000292022,2092.0313000001443,7819.654708520179
1782392439,2,,Aggregated,0.600000,0.000000,8,12,15,22,25,30,37,41,2100,2100,2100,669,0,8,18.524422122554796,4.670900000292022,2092.0313000001443,7819.654708520179
1782392440,2,,Aggregated,0.500000,0.000000,8,12,15,22,25,30,37,41,2100,2100,2100,670,0,8,18.53978940296914,4.670900000292022,2092.0313000001443,7823.653731343284
1782392441,2,,Aggregated,0.600000,0.000000,8,12,15,22,25,30,37,41,2100,2100,2100,671,0,8,18.529652906094835,4.670900000292022,2092.0313000001443,7827.640834575261
1782392442,2,,Aggregated,0.600000,0.000000,8,12,15,22,25,30,37,41,2100,2100,2100,671,0,8,18.529652906094835,4.670900000292022,2092.0313000001443,7827.640834575261
1782392443,2,,Aggregated,0.600000,0.000000,8,12,15,22,25,30,37,41,2100,2100,2100,672,0,8,18.51135520831736,4.670900000292022,2092.0313000001443,7823.5625
1782392444,2,,Aggregated,0.600000,0.000000,8,12,15,22,25,30,37,41,2100,2100,2100,673,0,8,18.500329420489706,4.670900000292022,2092.0313000001443,7827.537890044577
1782392445,2,,Aggregated,0.600000,0.000000,8,12,15,22,25,30,37,41,2100,2100,2100,673,0,8,18.500329420489706,4.670900000292022,2092.0313000001443,7827.537890044577
1782392446,2,,Aggregated,0.500000,0.000000,8,12,15,22,25,30,37,41,2100,2100,2100,674,0,8,18.48415816022183,4.670900000292022,2092.0313000001443,7824.626112759644
1782392447,2,,Aggregated,0.700000,0.000000,8,12,15,22,25,30,37,41,2100,2100,2100,675,0,8,18.466623407391495,4.670900000292022,2092.0313000001443,7820.57037037037
1782392448,2,,Aggregated,0.700000,0.000000,8,12,15,22,25,30,37,41,2100,2100,2100,675,0,8,18.466623407391495,4.670900000292022,2092.0313000001443,7820.57037037037
1782392449,2,,Aggregated,0.700000,0.000000,8,12,15,22,25,30,37,41,2100,2100,2100,677,0,8,18.429424815345968,4.670900000292022,2092.0313000001443,7813.644017725259
1782392450,2,,Aggregated,0.700000,0.000000,8,12,15,22,25,30,37,41,2100,2100,2100,677,0,8,18.429424815345968,4.670900000292022,2092.0313000001443,7813.644017725259
1782392451,2,,Aggregated,0.600000,0.000000,8,12,15,22,25,30,37,41,2100,2100,2100,678,0,8,18.411880235972017,4.670900000292022,2092.0313000001443,7810.769911504425
1782392452,2,,Aggregated,0.700000,0.000000,8,12,15,22,25,30,37,41,2100,2100,2100,679,0,8,18.39299072163387,4.670900000292022,2092.0313000001443,7807.904270986745
1782392453,2,,Aggregated,0.700000,0.000000,8,12,15,22,25,30,37,41,2100,2100,2100,679,0,8,18.39299072163387,4.670900000292022,2092.0313000001443,7807.904270986745
1782392454,2,,Aggregated,0.700000,0.000000,8,12,15,22,25,30,37,41,2100,2100,2100,679,0,8,18.39299072163387,4.670900000292022,2092.0313000001443,7807.904270986745
1782392455,2,,Aggregated,0.700000,0.000000,8,12,15,22,25,30,37,41,2100,2100,2100,679,0,8,18.39299072163387,4.670900000292022,2092.0313000001443,7807.904270986745
1782392456,2,,Aggregated,0.600000,0.000000,8,12,15,22,25,30,37,41,2100,2100,2100,681,0,8,18.38138384726792,4.670900000292022,2092.0313000001443,7807.860499265786
1782392457,2,,Aggregated,0.600000,0.000000,8,12,15,22,25,30,37,41,2100,2100,2100,681,0,8,18.38138384726792,4.670900000292022,2092.0313000001443,7807.860499265786
1782392458,2,,Aggregated,0.600000,0.000000,8,12,15,22,25,30,37,41,2100,2100,2100,681,0,8,18.38138384726792,4.670900000292022,2092.0313000001443,7807.860499265786
1782392459,2,,Aggregated,0.600000,0.000000,8,12,15,22,25,30,37,41,2100,2100,2100,681,0,8,18.38138384726792,4.670900000292022,2092.0313000001443,7807.860499265786
1782392460,2,,Aggregated,0.600000,0.000000,8,12,15,22,25,30,37,41,2100,2100,2100,682,0,8,18.38085425218415,4.670900000292022,2092.0313000001443,7811.806451612903
1782392461,2,,Aggregated,0.500000,0.000000,8,12,15,22,25,30,37,41,2100,2100,2100,683,0,8,18.36314011711526,4.670900000292022,2092.0313000001443,7808.9560761347
1782392462,2,,Aggregated,0.500000,0.000000,8,12,15,22,25,30,37,41,2100,2100,2100,683,0,8,18.36314011711526,4.670900000292022,2092.0313000001443,7808.9560761347
1782392463,2,,Aggregated,0.500000,0.000000,8,12,15,22,25,30,37,41,2100,2100,2100,683,0,8,18.36314011711526,4.670900000292022,2092.0313000001443,7808.9560761347
1782392464,2,,Aggregated,0.500000,0.000000,8,12,15,22,25,30,37,41,2100,2100,2100,684,0,8,18.348529824546386,4.670900000292022,2092.0313000001443,7806.1140350877195
1782392465,2,,Aggregated,0.500000,0.000000,8,12,15,22,25,30,37,41,2100,2100,2100,685,0,8,18.354898394145028,4.670900000292022,2092.0313000001443,7810.0452554744525
1782392466,2,,Aggregated,0.500000,0.000000,8,12,15,22,25,30,37,41,2100,2100,2100,685,0,8,18.354898394145028,4.670900000292022,2092.0313000001443,7810.0452554744525
1782392467,2,,Aggregated,0.500000,0.000000,8,12,15,22,25,30,37,41,2100,2100,2100,685,0,8,18.354898394145028,4.670900000292022,2092.0313000001443,7810.0452554744525
1782392468,2,,Aggregated,0.500000,0.000000,8,12,15,22,25,30,37,41,2100,2100,2100,687,0,8,18.32147743812096,4.670900000292022,2092.0313000001443,7803.250363901019
1782392469,2,,Aggregated,0.500000,0.000000,8,12,15,22,25,30,37,41,2100,2100,2100,687,0,8,18.32147743812096,4.670900000292022,2092.0313000001443,7803.250363901019
1782392470,2,,Aggregated,0.500000,0.000000,8,12,15,22,25,30,37,41,2100,2100,2100,687,0,8,18.32147743812096,4.670900000292022,2092.0313000001443,7803.250363901019
1782392471,2,,Aggregated,0.600000,0.000000,8,12,15,22,25,30,37,41,2100,2100,2100,688,0,8,18.30331148254226,4.670900000292022,2092.0313000001443,7800.433139534884
1782392472,2,,Aggregated,0.600000,0.000000,8,12,15,22,25,30,37,41,2100,2100,2100,688,0,8,18.30331148254226,4.670900000292022,2092.0313000001443,7800.433139534884
1782392473,2,,Aggregated,0.600000,0.000000,8,12,15,22,25,30,37,41,2100,2100,2100,689,0,8,18.285328011595105,4.670900000292022,2092.0313000001443,7797.6240928882435
1782392474,2,,Aggregated,0.600000,0.000000,8,12,15,22,25,30,37,41,2100,2100,2100,689,0,8,18.285328011595105,4.670900000292022,2092.0313000001443,7797.6240928882435
1782392475,2,,Aggregated,0.600000,0.000000,8,12,15,22,24,30,37,41,2100,2100,2100,691,0,8,18.289997250346225,4.670900000292022,2092.0313000001443,7805.442836468886
1782392476,2,,Aggregated,0.600000,0.000000,8,12,15,22,24,30,37,41,2100,2100,2100,691,0,8,18.289997250346225,4.670900000292022,2092.0313000001443,7805.442836468886
1782392477,2,,Aggregated,0.600000,0.000000,8,12,15,22,24,30,37,41,2100,2100,2100,691,0,8,18.289997250346225,4.670900000292022,2092.0313000001443,7805.442836468886
1782392478,2,,Aggregated,0.600000,0.000000,8,12,15,22,25,30,37,41,2100,2100,2100,692,0,8,18.308754913279195,4.670900000292022,2092.0313000001443,7809.335260115607
1782392479,2,,Aggregated,0.600000,0.000000,8,12,15,22,25,30,37,41,2100,2100,2100,693,0,8,18.318047186132013,4.670900000292022,2092.0313000001443,7813.2164502164505
1782392480,2,,Aggregated,0.600000,0.000000,8,12,15,22,25,30,37,41,2100,2100,2100,693,0,8,18.318047186132013,4.670900000292022,2092.0313000001443,7813.2164502164505
1782392481,2,,Aggregated,0.500000,0.000000,8,12,15,22,25,30,37,41,2100,2100,2100,694,0,8,18.301119740619328,4.670900000292022,2092.0313000001443,7810.409221902018
1782392482,2,,Aggregated,0.500000,0.000000,8,12,15,22,25,30,37,41,2100,2100,2100,694,0,8,18.301119740619328,4.670900000292022,2092.0313000001443,7810.409221902018
1782392483,2,,Aggregated,0.600000,0.000000,8,12,15,22,25,30,37,41,2100,2100,2100,695,0,8,18.285465179841392,4.670900000292022,2092.0313000001443,7806.4906474820145
1782392484,2,,Aggregated,0.600000,0.000000,8,12,15,22,25,30,37,41,2100,2100,2100,695,0,8,18.285465179841392,4.670900000292022,2092.0313000001443,7806.4906474820145
1782392485,2,,Aggregated,0.600000,0.000000,8,12,15,22,25,30,37,41,2100,2100,2100,696,0,8,18.26849166665222,4.670900000292022,2092.0313000001443,7802.583333333333
1782392486,2,,Aggregated,0.600000,0.000000,8,12,15,22,25,30,37,41,2100,2100,2100,696,0,8,18.26849166665222,4.670900000292022,2092.0313000001443,7802.583333333333
1782392487,2,,Aggregated,0.700000,0.000000,8,12,15,22,25,30,37,41,2100,2100,2100,698,0,8,18.254369054426743,4.670900000292022,2092.0313000001443,7803.670487106017
1782392488,2,,Aggregated,0.700000,0.000000,8,12,15,22,25,30,37,41,2100,2100,2100,698,0,8,18.254369054426743,4.670900000292022,2092.0313000001443,7803.670487106017
1782392489,2,,Aggregated,0.700000,0.000000,8,12,15,22,25,30,37,41,2100,2100,2100,698,0,8,18.254369054426743,4.670900000292022,2092.0313000001443,7803.670487106017
1782392490,2,,Aggregated,0.700000,0.000000,8,12,15,22,25,30,37,41,2100,2100,2100,699,0,8,18.23688254648036,4.670900000292022,2092.0313000001443,7800.8969957081545
1782392491,2,,Aggregated,0.700000,0.000000,8,12,15,22,25,30,37,41,2100,2100,2100,699,0,8,18.23688254648036,4.670900000292022,2092.0313000001443,7800.8969957081545
1782392492,2,,Aggregated,0.600000,0.000000,8,12,15,22,25,30,37,41,2100,2100,2100,700,0,8,18.227333428556967,4.670900000292022,2092.0313000001443,7804.751428571429
1782392493,2,,Aggregated,0.600000,0.000000,8,12,15,22,25,30,37,41,2100,2100,2100,700,0,8,18.227333428556967,4.670900000292022,2092.0313000001443,7804.751428571429
1782392494,2,,Aggregated,0.600000,0.000000,8,12,15,22,25,30,36,41,2100,2100,2100,701,0,8,18.209578316675778,4.670900000292022,2092.0313000001443,7800.874465049928
1782392495,2,,Aggregated,0.600000,0.000000,8,12,15,22,25,30,36,41,2100,2100,2100,701,0,8,18.209578316675778,4.670900000292022,2092.0313000001443,7800.874465049928
1782392496,2,,Aggregated,0.600000,0.000000,8,12,15,22,25,30,36,41,2100,2100,2100,702,0,8,18.218000142435855,4.670900000292022,2092.0313000001443,7804.717948717948
1782392497,2,,Aggregated,0.600000,0.000000,8,12,15,22,25,30,36,41,2100,2100,2100,702,0,8,18.218000142435855,4.670900000292022,2092.0313000001443,7804.717948717948
1782392498,2,,Aggregated,0.500000,0.000000,8,12,15,22,25,30,36,41,2100,2100,2100,703,0,8,18.20813001421091,4.670900000292022,2092.0313000001443,7808.5504978662875
1782392499,2,,Aggregated,0.600000,0.000000,8,12,15,22,25,30,36,41,2100,2100,2100,704,0,8,18.190909232940683,4.670900000292022,2092.0313000001443,7804.684659090909
1782392500,2,,Aggregated,0.400000,0.000000,8,12,15,22,25,30,36,41,2100,2100,2100,705,0,8,18.174319007078253,4.670900000292022,2092.0313000001443,7800.829787234043
1782392501,2,,Aggregated,0.400000,0.000000,8,12,15,22,25,30,36,41,2100,2100,2100,705,0,8,18.174319007078253,4.670900000292022,2092.0313000001443,7800.829787234043
1782392502,2,,Aggregated,0.400000,0.000000,8,12,15,22,25,30,36,41,2100,2100,2100,705,0,8,18.174319007078253,4.670900000292022,2092.0313000001443,7800.829787234043
1782392503,2,,Aggregated,0.400000,0.000000,8,12,15,22,25,30,36,41,2100,2100,2100,705,0,8,18.174319007078253,4.670900000292022,2092.0313000001443,7800.829787234043
1782392504,2,,Aggregated,0.600000,0.000000,8,12,15,22,25,30,36,41,2100,2100,2100,706,0,8,18.156900424915108,4.670900000292022,2092.0313000001443,7796.985835694051
1782392505,2,,Aggregated,0.500000,0.000000,8,12,15,22,25,30,36,41,2100,2100,2100,707,0,8,18.16253253181055,4.670900000292022,2092.0313000001443,7800.807637906648
1782392506,2,,Aggregated,0.500000,0.000000,8,12,15,22,25,30,36,41,2100,2100,2100,707,0,8,18.16253253181055,4.670900000292022,2092.0313000001443,7800.807637906648
1782392507,2,,Aggregated,0.600000,0.000000,8,12,15,22,25,30,36,41,2100,2100,2100,709,0,8,18.130427221425204,4.670900000292022,2092.0313000001443,7794.249647390691
1782392508,2,,Aggregated,0.600000,0.000000,8,12,15,22,25,30,36,41,2100,2100,2100,709,0,8,18.130427221425204,4.670900000292022,2092.0313000001443,7794.249647390691
1782392509,2,,Aggregated,0.600000,0.000000,8,12,15,22,25,30,36,41,2100,2100,2100,709,0,8,18.130427221425204,4.670900000292022,2092.0313000001443,7794.249647390691
1782392510,2,,Aggregated,0.700000,0.000000,8,12,15,22,25,30,36,41,2100,2100,2100,710,0,8,18.11481577463408,4.670900000292022,2092.0313000001443,7790.43661971831
1782392511,2,,Aggregated,0.600000,0.000000,8,12,15,22,24,30,36,41,2100,2100,2100,711,0,8,18.120314908565962,4.670900000292022,2092.0313000001443,7794.246132208157
1782392512,2,,Aggregated,0.600000,0.000000,8,12,15,22,24,30,36,41,2100,2100,2100,711,0,8,18.120314908565962,4.670900000292022,2092.0313000001443,7794.246132208157
1782392513,2,,Aggregated,0.600000,0.000000,8,12,15,22,24,30,36,41,2100,2100,2100,711,0,8,18.120314908565962,4.670900000292022,2092.0313000001443,7794.246132208157
1782392514,2,,Aggregated,0.600000,0.000000,8,12,15,22,24,30,36,41,2100,2100,2100,712,0,8,18.103783848300864,4.670900000292022,2092.0313000001443,7791.536516853933
1782392515,2,,Aggregated,0.600000,0.000000,8,12,15,22,24,30,36,41,2100,2100,2100,713,0,8,18.08713927067334,4.670900000292022,2092.0313000001443,7788.834502103787
1782392516,2,,Aggregated,0.600000,0.000000,8,12,15,22,24,30,36,41,2100,2100,2100,713,0,8,18.08713927067334,4.670900000292022,2092.0313000001443,7788.834502103787
1782392517,2,,Aggregated,0.500000,0.000000,8,12,15,22,24,30,36,41,2100,2100,2100,714,0,8,18.069380392143145,4.670900000292022,2092.0313000001443,7785.050420168067
1782392518,2,,Aggregated,0.500000,0.000000,8,12,15,22,24,30,36,41,2100,2100,2100,714,0,8,18.069380392143145,4.670900000292022,2092.0313000001443,7785.050420168067
1782392519,2,,Aggregated,0.500000,0.000000,8,12,15,22,24,30,36,41,2100,2100,2100,715,0,8,18.05211286711863,4.670900000292022,2092.0313000001443,7782.365034965035
1782392520,2,,Aggregated,0.500000,0.000000,8,12,15,22,24,30,36,41,2100,2100,2100,715,0,8,18.05211286711863,4.670900000292022,2092.0313000001443,7782.365034965035
1782392521,2,,Aggregated,0.500000,0.000000,8,12,15,22,24,30,36,41,2100,2100,2100,715,0,8,18.05211286711863,4.670900000292022,2092.0313000001443,7782.365034965035
1782392522,2,,Aggregated,0.600000,0.000000,8,12,15,22,24,30,36,41,2100,2100,2100,716,0,8,18.05966187149471,4.670900000292022,2092.0313000001443,7786.159217877095
1782392523,2,,Aggregated,0.500000,0.000000,8,12,15,22,24,30,36,41,2100,2100,2100,717,0,8,18.043180334714727,4.670900000292022,2092.0313000001443,7782.39470013947
1782392525,2,,Aggregated,0.500000,0.000000,8,12,15,22,24,30,36,41,2100,2100,2100,717,0,8,18.043180334714727,4.670900000292022,2092.0313000001443,7782.39470013947
1782392526,2,,Aggregated,0.500000,0.000000,8,12,15,22,24,30,36,41,2100,2100,2100,718,0,8,18.030691225613207,4.670900000292022,2092.0313000001443,7779.7242339832865
1782392527,2,,Aggregated,0.600000,0.000000,8,12,15,22,24,30,36,41,2100,2100,2100,719,0,8,18.022159388025415,4.670900000292022,2092.0313000001443,7783.506258692629
1782392528,2,,Aggregated,0.600000,0.000000,8,12,15,22,24,30,36,41,2100,2100,2100,719,0,8,18.022159388025415,4.670900000292022,2092.0313000001443,7783.506258692629
1782392529,2,,Aggregated,0.600000,0.000000,8,12,15,22,24,30,36,41,2100,2100,2100,720,0,8,18.006972777764457,4.670900000292022,2092.0313000001443,7780.841666666666
1782392530,2,,Aggregated,0.600000,0.000000,8,12,15,22,24,29,36,41,2100,2100,2100,721,0,8,18.014750901512443,4.670900000292022,2092.0313000001443,7784.611650485437
1782392531,2,,Aggregated,0.600000,0.000000,8,12,15,22,24,29,36,41,2100,2100,2100,721,0,8,18.014750901512443,4.670900000292022,2092.0313000001443,7784.611650485437
1782392532,2,,Aggregated,0.500000,0.000000,8,12,15,22,24,29,36,41,2100,2100,2100,722,0,8,18.028268144030903,4.670900000292022,2092.0313000001443,7788.371191135734
1782392533,2,,Aggregated,0.500000,0.000000,8,12,15,22,24,29,36,41,2100,2100,2100,722,0,8,18.028268144030903,4.670900000292022,2092.0313000001443,7788.371191135734
1782392534,2,,Aggregated,0.600000,0.000000,8,12,15,22,24,29,36,41,2100,2100,2100,723,0,8,18.020695573983883,4.670900000292022,2092.0313000001443,7792.120331950207
1782392535,2,,Aggregated,0.600000,0.000000,8,12,15,22,24,29,36,41,2100,2100,2100,723,0,8,18.020695573983883,4.670900000292022,2092.0313000001443,7792.120331950207
1782392536,2,,Aggregated,0.600000,0.000000,8,12,15,22,24,29,36,41,2100,2100,2100,723,0,8,18.020695573983883,4.670900000292022,2092.0313000001443,7792.120331950207
1782392537,2,,Aggregated,0.600000,0.000000,8,12,15,22,24,29,36,41,2100,2100,2100,725,0,8,17.992067586193773,4.670900000292022,2092.0313000001443,7786.804137931034
1782392538,2,,Aggregated,0.600000,0.000000,8,12,15,22,24,29,36,41,2100,2100,2100,725,0,8,17.992067586193773,4.670900000292022,2092.0313000001443,7786.804137931034
1782392539,2,,Aggregated,0.600000,0.000000,8,12,15,22,24,29,36,41,2100,2100,2100,725,0,8,17.992067586193773,4.670900000292022,2092.0313000001443,7786.804137931034
1782392540,2,,Aggregated,0.600000,0.000000,8,12,15,22,24,29,36,41,2100,2100,2100,725,0,8,17.992067586193773,4.670900000292022,2092.0313000001443,7786.804137931034
1782392541,2,,Aggregated,0.600000,0.000000,8,12,15,22,24,29,36,41,2100,2100,2100,726,0,8,17.998450137728277,4.670900000292022,2092.0313000001443,7790.539944903581
1782392542,2,,Aggregated,0.600000,0.000000,8,12,15,22,24,29,36,41,2100,2100,2100,727,0,8,17.994750481418038,4.670900000292022,2092.0313000001443,7794.265474552957
1782392543,2,,Aggregated,0.600000,0.000000,8,12,15,22,24,29,36,41,2100,2100,2100,727,0,8,17.994750481418038,4.670900000292022,2092.0313000001443,7794.265474552957
1782392544,2,,Aggregated,0.500000,0.000000,8,12,15,22,24,29,36,41,2100,2100,2100,728,0,8,17.97856936811943,4.670900000292022,2092.0313000001443,7790.5467032967035
1782392545,2,,Aggregated,0.500000,0.000000,8,12,15,22,24,29,36,41,2100,2100,2100,728,0,8,17.97856936811943,4.670900000292022,2092.0313000001443,7790.5467032967035
1782392546,2,,Aggregated,0.500000,0.000000,8,12,15,22,24,29,36,41,2100,2100,2100,729,0,8,17.963540877902474,4.670900000292022,2092.0313000001443,7786.838134430727
1782392547,2,,Aggregated,0.500000,0.000000,8,12,15,22,24,29,36,41,2100,2100,2100,729,0,8,17.963540877902474,4.670900000292022,2092.0313000001443,7786.838134430727
1782392548,2,,Aggregated,0.500000,0.000000,8,12,15,22,24,29,36,41,2100,2100,2100,731,0,8,17.93044829000157,4.670900000292022,2092.0313000001443,7780.515731874145
1782392549,2,,Aggregated,0.500000,0.000000,8,12,15,22,24,29,36,41,2100,2100,2100,731,0,8,17.93044829000157,4.670900000292022,2092.0313000001443,7780.515731874145
1782392550,2,,Aggregated,0.500000,0.000000,8,12,15,22,24,29,36,41,2100,2100,2100,731,0,8,17.93044829000157,4.670900000292022,2092.0313000001443,7780.515731874145
1782392551,2,,Aggregated,0.500000,0.000000,8,12,15,22,24,29,36,41,2100,2100,2100,731,0,8,17.93044829000157,4.670900000292022,2092.0313000001443,7780.515731874145
1782392552,2,,Aggregated,0.600000,0.000000,8,12,15,22,24,29,36,41,2100,2100,2100,732,0,8,17.91553729507009,4.670900000292022,2092.0313000001443,7777.898907103825
1782392553,2,,Aggregated,0.600000,0.000000,8,12,15,22,24,29,36,41,2100,2100,2100,733,0,8,17.919875716222904,4.670900000292022,2092.0313000001443,7781.611186903137
1782392554,2,,Aggregated,0.600000,0.000000,8,12,15,22,24,29,36,41,2100,2100,2100,733,0,8,17.919875716222904,4.670900000292022,2092.0313000001443,7781.611186903137
1782392555,2,,Aggregated,0.600000,0.000000,8,12,15,22,24,29,36,41,2100,2100,2100,733,0,8,17.919875716222904,4.670900000292022,2092.0313000001443,7781.611186903137
1782392556,2,,Aggregated,0.600000,0.000000,8,12,15,22,24,29,36,41,2100,2100,2100,735,0,8,17.889226938763894,4.670900000292022,2092.0313000001443,7775.337414965987
1782392557,2,,Aggregated,0.600000,0.000000,8,12,15,22,24,29,36,41,2100,2100,2100,735,0,8,17.889226938763894,4.670900000292022,2092.0313000001443,7775.337414965987
1782392558,2,,Aggregated,0.500000,0.000000,8,12,15,22,24,29,36,41,2100,2100,2100,736,0,8,17.894492119553533,4.670900000292022,2092.0313000001443,7779.038043478261
1782392559,2,,Aggregated,0.500000,0.000000,8,12,15,22,24,29,36,41,2100,2100,2100,736,0,8,17.894492119553533,4.670900000292022,2092.0313000001443,7779.038043478261
1782392560,2,,Aggregated,0.600000,0.000000,8,12,15,22,24,29,36,41,2100,2100,2100,737,0,8,17.8786204884551,4.670900000292022,2092.0313000001443,7775.385345997286
1782392561,2,,Aggregated,0.500000,0.000000,8,12,15,22,24,29,36,41,2100,2100,2100,738,0,8,17.863544986438583,4.670900000292022,2092.0313000001443,7772.79674796748
1782392562,2,,Aggregated,0.600000,0.000000,8,12,15,22,24,29,36,41,2100,2100,2100,739,0,8,17.854288497958994,4.670900000292022,2092.0313000001443,7776.485791610284
1782392563,2,,Aggregated,0.600000,0.000000,8,12,15,22,24,29,36,41,2100,2100,2100,739,0,8,17.854288497958994,4.670900000292022,2092.0313000001443,7776.485791610284
1782392564,2,,Aggregated,0.600000,0.000000,8,12,15,22,24,29,36,41,2100,2100,2100,739,0,8,17.854288497958994,4.670900000292022,2092.0313000001443,7776.485791610284
1782392565,2,,Aggregated,0.600000,0.000000,8,12,15,22,24,29,36,41,2100,2100,2100,740,0,8,17.840119054042933,4.670900000292022,2092.0313000001443,7772.851351351352
1782392566,2,,Aggregated,0.600000,0.000000,8,12,15,22,24,29,36,41,2100,2100,2100,740,0,8,17.840119054042933,4.670900000292022,2092.0313000001443,7772.851351351352
1782392567,2,,Aggregated,0.600000,0.000000,8,12,15,22,24,29,36,41,2100,2100,2100,741,0,8,17.825157085008694,4.670900000292022,2092.0313000001443,7769.226720647774
1782392568,2,,Aggregated,0.600000,0.000000,8,12,15,22,24,29,36,41,2100,2100,2100,741,0,8,17.825157085008694,4.670900000292022,2092.0313000001443,7769.226720647774
1782392569,2,,Aggregated,0.600000,0.000000,8,12,15,22,24,29,36,41,2100,2100,2100,741,0,8,17.825157085008694,4.670900000292022,2092.0313000001443,7769.226720647774
1782392570,2,,Aggregated,0.500000,0.000000,8,12,15,22,24,29,36,41,2100,2100,2100,742,0,8,17.81131698112036,4.670900000292022,2092.0313000001443,7765.6118598382745
1782392571,2,,Aggregated,0.500000,0.000000,8,12,15,22,24,29,36,41,2100,2100,2100,742,0,8,17.81131698112036,4.670900000292022,2092.0313000001443,7765.6118598382745
1782392572,2,,Aggregated,0.500000,0.000000,8,12,15,22,24,29,36,41,2100,2100,2100,743,0,8,17.819354508736346,4.670900000292022,2092.0313000001443,7769.290713324361
1782392573,2,,Aggregated,0.500000,0.000000,8,12,15,22,24,29,36,41,2100,2100,2100,743,0,8,17.819354508736346,4.670900000292022,2092.0313000001443,7769.290713324361
1782392574,2,,Aggregated,0.500000,0.000000,8,12,15,22,24,29,36,41,2100,2100,2100,743,0,8,17.819354508736346,4.670900000292022,2092.0313000001443,7769.290713324361
1782392575,2,,Aggregated,0.500000,0.000000,8,12,15,22,24,29,36,41,2100,2100,2100,745,0,8,17.797116912739792,4.670900000292022,2092.0313000001443,7770.39865771812
1782392576,2,,Aggregated,0.500000,0.000000,8,12,15,22,24,29,36,41,2100,2100,2100,745,0,8,17.797116912739792,4.670900000292022,2092.0313000001443,7770.39865771812
1782392577,2,,Aggregated,0.600000,0.000000,8,12,15,22,24,29,36,41,2100,2100,2100,746,0,8,17.80611836459955,4.670900000292022,2092.0313000001443,7774.0563002680965
1782392578,2,,Aggregated,0.600000,0.000000,8,12,15,22,24,29,36,41,2100,2100,2100,747,0,8,17.791455957150117,4.670900000292022,2092.0313000001443,7770.459170013387
1782392579,2,,Aggregated,0.600000,0.000000,8,12,15,22,24,29,36,41,2100,2100,2100,747,0,8,17.791455957150117,4.670900000292022,2092.0313000001443,7770.459170013387
1782392580,2,,Aggregated,0.600000,0.000000,8,12,15,22,24,29,36,41,2100,2100,2100,748,0,8,17.776992112287413,4.670900000292022,2092.0313000001443,7767.911764705882
1782392581,2,,Aggregated,0.600000,0.000000,8,12,15,22,24,29,36,41,2100,2100,2100,749,0,8,17.772589052057107,4.670900000292022,2092.0313000001443,7771.558077436582
1782392582,2,,Aggregated,0.600000,0.000000,8,12,15,22,24,29,36,41,2100,2100,2100,749,0,8,17.772589052057107,4.670900000292022,2092.0313000001443,7771.558077436582
1782392583,2,,Aggregated,0.600000,0.000000,8,12,15,22,24,29,36,41,2100,2100,2100,749,0,8,17.772589052057107,4.670900000292022,2092.0313000001443,7771.558077436582
1782392584,2,,Aggregated,0.600000,0.000000,8,12,15,22,24,29,36,41,2100,2100,2100,749,0,8,17.772589052057107,4.670900000292022,2092.0313000001443,7771.558077436582
1782392585,2,,Aggregated,0.600000,0.000000,8,12,15,22,24,29,35,41,2100,2100,2100,751,0,8,17.776404260973642,4.670900000292022,2092.0313000001443,7771.61517976032
1782392586,2,,Aggregated,0.600000,0.000000,8,12,15,22,24,29,35,41,2100,2100,2100,751,0,8,17.776404260973642,4.670900000292022,2092.0313000001443,7771.61517976032
1782392587,2,,Aggregated,0.600000,0.000000,8,12,15,22,24,29,35,41,2100,2100,2100,751,0,8,17.776404260973642,4.670900000292022,2092.0313000001443,7771.61517976032
1782392588,2,,Aggregated,0.600000,0.000000,8,12,15,22,24,29,35,41,2100,2100,2100,751,0,8,17.776404260973642,4.670900000292022,2092.0313000001443,7771.61517976032
1782392589,2,,Aggregated,0.600000,0.000000,8,12,15,22,24,29,35,41,2100,2100,2100,752,0,8,17.782665159562903,4.670900000292022,2092.0313000001443,7775.242021276596
1782392590,2,,Aggregated,0.600000,0.000000,8,12,15,22,24,29,35,41,2100,2100,2100,753,0,8,17.787175564397277,4.670900000292022,2092.0313000001443,7778.859229747676
1782392591,2,,Aggregated,0.500000,0.000000,8,12,15,22,24,29,35,41,2100,2100,2100,754,0,8,17.772683686990877,4.670900000292022,2092.0313000001443,7776.320954907162
1782392592,2,,Aggregated,0.500000,0.000000,8,12,15,22,24,29,35,41,2100,2100,2100,755,0,8,17.756873774822644,4.670900000292022,2092.0313000001443,7772.758940397351
1782392593,2,,Aggregated,0.500000,0.000000,8,12,15,22,24,29,35,41,2100,2100,2100,755,0,8,17.756873774822644,4.670900000292022,2092.0313000001443,7772.758940397351
1782392594,2,,Aggregated,0.600000,0.000000,8,12,15,22,24,30,35,41,2100,2100,2100,757,0,8,17.773341215311834,4.670900000292022,2092.0313000001443,7779.961690885073
1782392595,2,,Aggregated,0.600000,0.000000,8,12,15,22,24,30,35,41,2100,2100,2100,757,0,8,17.773341215311834,4.670900000292022,2092.0313000001443,7779.961690885073
1782392596,2,,Aggregated,0.600000,0.000000,8,12,15,22,24,30,35,41,2100,2100,2100,757,0,8,17.773341215311834,4.670900000292022,2092.0313000001443,7779.961690885073
1782392597,2,,Aggregated,0.600000,0.000000,8,12,15,22,24,30,35,41,2100,2100,2100,758,0,8,17.760125329803458,4.670900000292022,2092.0313000001443,7776.408970976253
1782392598,2,,Aggregated,0.700000,0.000000,8,12,15,22,24,30,35,41,2100,2100,2100,759,0,8,17.75642516467853,4.670900000292022,2092.0313000001443,7779.99604743083
1782392599,2,,Aggregated,0.700000,0.000000,8,12,15,22,24,30,35,41,2100,2100,2100,759,0,8,17.75642516467853,4.670900000292022,2092.0313000001443,7779.99604743083
1782392600,2,,Aggregated,0.700000,0.000000,8,12,15,22,24,30,35,41,2100,2100,2100,759,0,8,17.75642516467853,4.670900000292022,2092.0313000001443,7779.99604743083
1782392601,2,,Aggregated,0.700000,0.000000,8,12,15,22,24,29,35,41,2100,2100,2100,761,0,8,17.727357950054103,4.670900000292022,2092.0313000001443,7774.9632063074905
1782392602,2,,Aggregated,0.700000,0.000000,8,12,15,22,24,29,35,41,2100,2100,2100,761,0,8,17.727357950054103,4.670900000292022,2092.0313000001443,7774.9632063074905
1782392603,2,,Aggregated,0.700000,0.000000,8,12,15,22,24,29,35,41,2100,2100,2100,761,0,8,17.727357950054103,4.670900000292022,2092.0313000001443,7774.9632063074905
1782392604,2,,Aggregated,0.700000,0.000000,8,12,15,22,24,29,35,41,2100,2100,2100,761,0,8,17.727357950054103,4.670900000292022,2092.0313000001443,7774.9632063074905
1782392605,2,,Aggregated,0.600000,0.000000,8,12,15,22,24,29,35,41,2100,2100,2100,762,0,8,17.733796850381808,4.670900000292022,2092.0313000001443,7778.538057742782
1782392606,2,,Aggregated,0.600000,0.000000,8,12,15,22,24,29,35,41,2100,2100,2100,763,0,8,17.735461074693113,4.670900000292022,2092.0313000001443,7782.103538663172
1782392607,2,,Aggregated,0.600000,0.000000,8,12,15,22,24,29,35,41,2100,2100,2100,763,0,8,17.735461074693113,4.670900000292022,2092.0313000001443,7782.103538663172
1782392608,2,,Aggregated,0.600000,0.000000,8,12,15,22,24,29,35,41,2100,2100,2100,763,0,8,17.735461074693113,4.670900000292022,2092.0313000001443,7782.103538663172
1782392609,2,,Aggregated,0.500000,0.000000,8,12,15,22,24,29,35,41,2100,2100,2100,765,0,8,17.708757254889612,4.670900000292022,2092.0313000001443,7776.0745098039215
1782392610,2,,Aggregated,0.500000,0.000000,8,12,15,22,24,29,35,41,2100,2100,2100,765,0,8,17.708757254889612,4.670900000292022,2092.0313000001443,7776.0745098039215
1782392611,2,,Aggregated,0.500000,0.000000,8,12,15,22,24,29,35,41,2100,2100,2100,765,0,8,17.708757254889612,4.670900000292022,2092.0313000001443,7776.0745098039215
1782392612,2,,Aggregated,0.500000,0.000000,8,12,15,22,24,29,35,41,2100,2100,2100,766,0,8,17.69323838118898,4.670900000292022,2092.0313000001443,7773.5796344647515
1782392613,2,,Aggregated,0.600000,0.000000,8,12,15,22,24,29,35,41,2100,2100,2100,767,0,8,17.677654628410675,4.670900000292022,2092.0313000001443,7770.076923076923
1782392614,2,,Aggregated,0.600000,0.000000,8,12,15,22,24,29,35,41,2100,2100,2100,767,0,8,17.677654628410675,4.670900000292022,2092.0313000001443,7770.076923076923
1782392615,2,,Aggregated,0.500000,0.000000,8,12,15,22,24,29,35,41,2100,2100,2100,768,0,8,17.68517434894612,4.670900000292022,2092.0313000001443,7773.630208333333
1782392616,2,,Aggregated,0.500000,0.000000,8,12,15,22,24,29,35,41,2100,2100,2100,768,0,8,17.68517434894612,4.670900000292022,2092.0313000001443,7773.630208333333
1782392617,2,,Aggregated,0.600000,0.000000,8,12,15,22,24,29,35,41,2100,2100,2100,769,0,8,17.670062158635194,4.670900000292022,2092.0313000001443,7771.148244473342
1782392618,2,,Aggregated,0.500000,0.000000,8,12,15,22,24,29,35,41,2100,2100,2100,770,0,8,17.65574896102667,4.670900000292022,2092.0313000001443,7767.662337662337
1782392619,2,,Aggregated,0.500000,0.000000,8,12,15,22,24,29,35,41,2100,2100,2100,770,0,8,17.65574896102667,4.670900000292022,2092.0313000001443,7767.662337662337
1782392620,2,,Aggregated,0.500000,0.000000,8,12,15,22,24,29,35,41,2100,2100,2100,770,0,8,17.65574896102667,4.670900000292022,2092.0313000001443,7767.662337662337
1782392621,2,,Aggregated,0.600000,0.000000,8,12,15,22,24,29,35,41,2100,2100,2100,771,0,8,17.660545784683293,4.670900000292022,2092.0313000001443,7771.204928664072
1782392622,2,,Aggregated,0.600000,0.000000,8,12,15,22,24,29,35,41,2100,2100,2100,772,0,8,17.645462564754723,4.670900000292022,2092.0313000001443,7768.735751295337
1782392623,2,,Aggregated,0.600000,0.000000,8,12,15,22,24,29,35,41,2100,2100,2100,773,0,8,17.630471410078542,4.670900000292022,2092.0313000001443,7765.266494178525
1782392624,2,,Aggregated,0.600000,0.000000,8,12,15,22,24,29,35,41,2100,2100,2100,774,0,8,17.615285012907737,4.670900000292022,2092.0313000001443,7762.811369509044
1782392625,2,,Aggregated,0.600000,0.000000,8,12,15,22,24,29,35,41,2100,2100,2100,774,0,8,17.615285012907737,4.670900000292022,2092.0313000001443,7762.811369509044
1782392626,2,,Aggregated,0.600000,0.000000,8,12,15,22,24,29,35,41,2100,2100,2100,774,0,8,17.615285012907737,4.670900000292022,2092.0313000001443,7762.811369509044
1782392627,2,,Aggregated,0.700000,0.000000,8,12,15,22,24,29,35,41,2100,2100,2100,776,0,8,17.58999974225617,4.670900000292022,2092.0313000001443,7757.920103092783
1782392628,2,,Aggregated,0.700000,0.000000,8,12,15,22,24,29,35,41,2100,2100,2100,776,0,8,17.58999974225617,4.670900000292022,2092.0313000001443,7757.920103092783
1782392629,2,,Aggregated,0.600000,0.000000,8,12,15,22,24,29,35,41,2100,2100,2100,777,0,8,17.57682625481441,4.670900000292022,2092.0313000001443,7755.483912483913
1782392630,2,,Aggregated,0.700000,0.000000,8,12,15,22,24,29,35,41,2100,2100,2100,778,0,8,17.58413508996291,4.670900000292022,2092.0313000001443,7759.010282776349
1782392631,2,,Aggregated,0.700000,0.000000,8,12,15,22,24,29,35,41,2100,2100,2100,778,0,8,17.58413508996291,4.670900000292022,2092.0313000001443,7759.010282776349
1782392632,2,,Aggregated,0.700000,0.000000,8,12,15,22,24,29,35,41,2100,2100,2100,778,0,8,17.58413508996291,4.670900000292022,2092.0313000001443,7759.010282776349
1782392633,2,,Aggregated,0.700000,0.000000,8,12,15,22,24,29,35,41,2100,2100,2100,778,0,8,17.58413508996291,4.670900000292022,2092.0313000001443,7759.010282776349
1782392634,2,,Aggregated,0.600000,0.000000,8,12,15,22,24,29,35,41,2100,2100,2100,780,0,8,17.57124858973221,4.670900000292022,2092.0313000001443,7759.097435897436
1782392635,2,,Aggregated,0.600000,0.000000,8,12,15,22,24,29,35,41,2100,2100,2100,780,0,8,17.57124858973221,4.670900000292022,2092.0313000001443,7759.097435897436
1782392636,2,,Aggregated,0.400000,0.000000,8,12,15,22,24,29,35,41,2100,2100,2100,781,0,8,17.578975031998727,4.670900000292022,2092.0313000001443,7762.605633802817
1782392637,2,,Aggregated,0.400000,0.000000,8,12,15,22,24,29,35,41,2100,2100,2100,781,0,8,17.578975031998727,4.670900000292022,2092.0313000001443,7762.605633802817
1782392638,2,,Aggregated,0.600000,0.000000,8,12,15,22,24,29,35,41,2100,2100,2100,782,0,8,17.564063171343978,4.670900000292022,2092.0313000001443,7760.179028132992
1782392639,2,,Aggregated,0.600000,0.000000,8,12,15,22,24,29,35,41,2100,2100,2100,782,0,8,17.564063171343978,4.670900000292022,2092.0313000001443,7760.179028132992
1782392640,2,,Aggregated,0.600000,0.000000,8,12,16,22,24,29,35,41,2100,2100,2100,783,0,8,17.571251213270894,4.670900000292022,2092.0313000001443,7763.676883780332
1782392641,2,,Aggregated,0.500000,0.000000,8,12,16,22,24,29,35,41,2100,2100,2100,784,0,8,17.556895408151902,4.670900000292022,2092.0313000001443,7761.255102040816
1782392642,2,,Aggregated,0.500000,0.000000,8,12,16,22,24,29,35,41,2100,2100,2100,784,0,8,17.556895408151902,4.670900000292022,2092.0313000001443,7761.255102040816
1782392643,2,,Aggregated,0.500000,0.000000,8,12,16,22,24,29,35,41,2100,2100,2100,784,0,8,17.556895408151902,4.670900000292022,2092.0313000001443,7761.255102040816
1782392644,2,,Aggregated,0.600000,0.000000,8,12,15,22,24,29,35,41,2100,2100,2100,786,0,8,17.528036513983697,4.670900000292022,2092.0313000001443,7754.4503816793895
1782392645,2,,Aggregated,0.600000,0.000000,8,12,15,22,24,29,35,41,2100,2100,2100,786,0,8,17.528036513983697,4.670900000292022,2092.0313000001443,7754.4503816793895
1782392646,2,,Aggregated,0.600000,0.000000,8,12,15,22,24,29,35,41,2100,2100,2100,786,0,8,17.528036513983697,4.670900000292022,2092.0313000001443,7754.4503816793895
1782392647,2,,Aggregated,0.600000,0.000000,8,12,16,22,24,29,35,41,2100,2100,2100,788,0,8,17.52594403552188,4.670900000292022,2092.0313000001443,7761.416243654822
1782392648,2,,Aggregated,0.600000,0.000000,8,12,16,22,24,29,35,41,2100,2100,2100,788,0,8,17.52594403552188,4.670900000292022,2092.0313000001443,7761.416243654822
1782392649,2,,Aggregated,0.600000,0.000000,8,12,15,22,24,29,35,41,2100,2100,2100,789,0,8,17.51240608363873,4.670900000292022,2092.0313000001443,7759.012674271229
1782392650,2,,Aggregated,0.600000,0.000000,8,12,15,22,24,29,35,41,2100,2100,2100,789,0,8,17.51240608363873,4.670900000292022,2092.0313000001443,7759.012674271229
1782392651,2,,Aggregated,0.600000,0.000000,8,12,15,22,24,29,35,41,2100,2100,2100,790,0,8,17.505893670874418,4.670900000292022,2092.0313000001443,7762.481012658228
1782392652,2,,Aggregated,0.700000,0.000000,8,12,16,22,24,29,35,41,2100,2100,2100,791,0,8,17.50966662451414,4.670900000292022,2092.0313000001443,7765.9405815423515
1782392653,2,,Aggregated,0.700000,0.000000,8,12,16,22,24,29,35,41,2100,2100,2100,791,0,8,17.50966662451414,4.670900000292022,2092.0313000001443,7765.9405815423515
1782392655,2,,Aggregated,0.600000,0.000000,8,12,16,22,24,29,35,41,2100,2100,2100,792,0,8,17.494967550492955,4.670900000292022,2092.0313000001443,7763.540404040404
1782392656,2,,Aggregated,0.600000,0.000000,8,12,16,22,24,29,35,41,2100,2100,2100,792,0,8,17.494967550492955,4.670900000292022,2092.0313000001443,7763.540404040404
1782392657,2,,Aggregated,0.700000,0.000000,8,12,16,22,24,29,35,41,2100,2100,2100,793,0,8,17.49245649431378,4.670900000292022,2092.0313000001443,7766.989911727616
1782392658,2,,Aggregated,0.700000,0.000000,8,12,16,22,24,29,35,41,2100,2100,2100,793,0,8,17.49245649431378,4.670900000292022,2092.0313000001443,7766.989911727616
1782392659,2,,Aggregated,0.600000,0.000000,8,12,16,22,24,29,35,41,2100,2100,2100,794,0,8,17.47893891686508,4.670900000292022,2092.0313000001443,7764.594458438287
1782392660,2,,Aggregated,0.600000,0.000000,8,12,16,22,24,29,35,41,2100,2100,2100,795,0,8,17.46406088049178,4.670900000292022,2092.0313000001443,7762.2050314465405
1782392661,2,,Aggregated,0.600000,0.000000,8,12,16,22,24,29,35,41,2100,2100,2100,795,0,8,17.46406088049178,4.670900000292022,2092.0313000001443,7762.2050314465405
1782392662,2,,Aggregated,0.600000,0.000000,8,12,16,22,24,29,35,41,2100,2100,2100,795,0,8,17.46406088049178,4.670900000292022,2092.0313000001443,7762.2050314465405
1782392663,2,,Aggregated,0.600000,0.000000,8,12,16,22,24,29,35,41,2100,2100,2100,795,0,8,17.46406088049178,4.670900000292022,2092.0313000001443,7762.2050314465405
1782392664,2,,Aggregated,0.600000,0.000000,8,12,16,22,24,29,35,41,2100,2100,2100,796,0,8,17.449483542702122,4.670900000292022,2092.0313000001443,7758.844221105528
1782392665,2,,Aggregated,0.500000,0.000000,8,12,15,22,24,29,35,41,2100,2100,2100,797,0,8,17.437082057705076,4.670900000292022,2092.0313000001443,7756.468005018821
1782392666,2,,Aggregated,0.500000,0.000000,8,12,15,22,24,29,35,41,2100,2100,2100,797,0,8,17.437082057705076,4.670900000292022,2092.0313000001443,7756.468005018821
1782392667,2,,Aggregated,0.500000,0.000000,8,12,15,22,24,29,35,41,2100,2100,2100,797,0,8,17.437082057705076,4.670900000292022,2092.0313000001443,7756.468005018821
1782392668,2,,Aggregated,0.500000,0.000000,8,12,16,22,24,29,36,41,2100,2100,2100,798,0,8,17.465655889713446,4.670900000292022,2092.0313000001443,7759.9047619047615
1782392669,2,,Aggregated,0.500000,0.000000,8,12,16,22,24,29,36,41,2100,2100,2100,798,0,8,17.465655889713446,4.670900000292022,2092.0313000001443,7759.9047619047615
1782392670,2,,Aggregated,0.400000,0.000000,8,12,16,22,24,29,36,41,2100,2100,2100,799,0,8,17.45866483102777,4.670900000292022,2092.0313000001443,7763.332916145181
1782392671,2,,Aggregated,0.400000,0.000000,8,12,16,22,24,29,36,41,2100,2100,2100,799,0,8,17.45866483102777,4.670900000292022,2092.0313000001443,7763.332916145181
1782392672,2,,Aggregated,0.400000,0.000000,8,12,16,22,24,29,36,41,2100,2100,2100,800,0,8,17.44450024998912,4.670900000292022,2092.0313000001443,7760.96
1782392673,2,,Aggregated,0.400000,0.000000,8,12,16,22,24,29,36,41,2100,2100,2100,800,0,8,17.44450024998912,4.670900000292022,2092.0313000001443,7760.96
1782392674,2,,Aggregated,0.400000,0.000000,8,12,16,22,24,29,36,41,2100,2100,2100,800,0,8,17.44450024998912,4.670900000292022,2092.0313000001443,7760.96
1782392675,2,,Aggregated,0.500000,0.000000,8,12,15,22,24,29,35,41,2100,2100,2100,802,0,8,17.417030423929557,4.670900000292022,2092.0313000001443,7756.2319201995015
1782392676,2,,Aggregated,0.500000,0.000000,8,12,15,22,24,29,35,41,2100,2100,2100,802,0,8,17.417030423929557,4.670900000292022,2092.0313000001443,7756.2319201995015
1782392677,2,,Aggregated,0.500000,0.000000,8,12,15,22,24,29,35,41,2100,2100,2100,802,0,8,17.417030423929557,4.670900000292022,2092.0313000001443,7756.2319201995015
1782392678,2,,Aggregated,0.500000,0.000000,8,12,15,22,24,29,35,41,2100,2100,2100,804,0,8,17.388258830834925,4.670900000292022,2092.0313000001443,7750.559701492537
1782392679,2,,Aggregated,0.500000,0.000000,8,12,15,22,24,29,35,41,2100,2100,2100,804,0,8,17.388258830834925,4.670900000292022,2092.0313000001443,7750.559701492537
1782392680,2,,Aggregated,0.500000,0.000000,8,12,15,22,24,29,35,41,2100,2100,2100,804,0,8,17.388258830834925,4.670900000292022,2092.0313000001443,7750.559701492537
1782392681,2,,Aggregated,0.500000,0.000000,8,12,15,22,24,29,35,41,2100,2100,2100,804,0,8,17.388258830834925,4.670900000292022,2092.0313000001443,7750.559701492537
1782392682,2,,Aggregated,0.500000,0.000000,8,12,15,22,24,29,35,41,2100,2100,2100,805,0,8,17.375185838498634,4.670900000292022,2092.0313000001443,7748.217391304348
1782392683,2,,Aggregated,0.500000,0.000000,8,12,15,22,24,29,35,41,2100,2100,2100,806,0,8,17.393855086838272,4.670900000292022,2092.0313000001443,7751.630272952853
1782392684,2,,Aggregated,0.500000,0.000000,8,12,15,22,24,29,35,41,2100,2100,2100,806,0,8,17.393855086838272,4.670900000292022,2092.0313000001443,7751.630272952853
1782392685,2,,Aggregated,0.500000,0.000000,8,12,16,22,24,29,35,41,2100,2100,2100,807,0,8,17.40669219329784,4.670900000292022,2092.0313000001443,7755.034696406444
1782392686,2,,Aggregated,0.600000,0.000000,8,12,16,22,24,29,35,41,2100,2100,2100,808,0,8,17.40195259899923,4.670900000292022,2092.0313000001443,7758.430693069307
1782392687,2,,Aggregated,0.600000,0.000000,8,12,16,22,24,29,35,41,2100,2100,2100,808,0,8,17.40195259899923,4.670900000292022,2092.0313000001443,7758.430693069307
1782392688,2,,Aggregated,0.600000,0.000000,8,12,16,22,24,29,35,41,2100,2100,2100,808,0,8,17.40195259899923,4.670900000292022,2092.0313000001443,7758.430693069307
1782392689,2,,Aggregated,0.600000,0.000000,8,12,16,22,24,29,35,41,2100,2100,2100,808,0,8,17.40195259899923,4.670900000292022,2092.0313000001443,7758.430693069307
1782392690,2,,Aggregated,0.600000,0.000000,8,12,15,22,24,29,35,41,2100,2100,2100,809,0,8,17.389694561175734,4.670900000292022,2092.0313000001443,7755.128553770087
1782392691,2,,Aggregated,0.500000,0.000000,8,12,15,22,24,29,35,41,2100,2100,2100,810,0,8,17.375518148137303,4.670900000292022,2092.0313000001443,7752.795061728395
1782392692,2,,Aggregated,0.500000,0.000000,8,12,15,22,24,29,35,41,2100,2100,2100,810,0,8,17.375518148137303,4.670900000292022,2092.0313000001443,7752.795061728395
1782392693,2,,Aggregated,0.500000,0.000000,8,12,16,22,24,29,35,41,2100,2100,2100,811,0,8,17.382527003688278,4.670900000292022,2092.0313000001443,7756.181257706535
1782392694,2,,Aggregated,0.600000,0.000000,8,12,16,22,24,29,35,41,2100,2100,2100,812,0,8,17.368485221663946,4.670900000292022,2092.0313000001443,7753.852216748768
1782392695,2,,Aggregated,0.500000,0.000000,8,12,16,22,24,29,35,41,2100,2100,2100,813,0,8,17.36768511684007,4.670900000292022,2092.0313000001443,7757.2287822878225
1782392696,2,,Aggregated,0.500000,0.000000,8,12,16,22,24,29,35,41,2100,2100,2100,813,0,8,17.36768511684007,4.670900000292022,2092.0313000001443,7757.2287822878225
1782392697,2,,Aggregated,0.500000,0.000000,8,12,16,22,24,29,35,41,2100,2100,2100,814,0,8,17.355741277630194,4.670900000292022,2092.0313000001443,7754.904176904177
1782392698,2,,Aggregated,0.500000,0.000000,8,12,16,22,24,29,35,41,2100,2100,2100,814,0,8,17.355741277630194,4.670900000292022,2092.0313000001443,7754.904176904177
1782392699,2,,Aggregated,0.500000,0.000000,8,12,16,22,24,29,35,41,2100,2100,2100,815,0,8,17.343675582811066,4.670900000292022,2092.0313000001443,7751.630674846626
1782392700,2,,Aggregated,0.500000,0.000000,8,12,16,22,24,29,35,41,2100,2100,2100,816,0,8,17.349608088224223,4.670900000292022,2092.0313000001443,7754.9975490196075
1782392701,2,,Aggregated,0.500000,0.000000,8,12,16,22,24,29,35,41,2100,2100,2100,816,0,8,17.349608088224223,4.670900000292022,2092.0313000001443,7754.9975490196075
1782392702,2,,Aggregated,0.700000,0.000000,8,12,16,22,24,29,35,41,2100,2100,2100,817,0,8,17.36096719705117,4.670900000292022,2092.0313000001443,7758.356181150551
1782392703,2,,Aggregated,0.600000,0.000000,8,12,16,22,24,29,35,41,2100,2100,2100,818,0,8,17.357430195587586,4.670900000292022,2092.0313000001443,7761.706601466993
1782392704,2,,Aggregated,0.600000,0.000000,8,12,16,22,24,29,35,41,2100,2100,2100,818,0,8,17.357430195587586,4.670900000292022,2092.0313000001443,7761.706601466993
1782392705,2,,Aggregated,0.600000,0.000000,8,12,16,22,24,29,35,41,2100,2100,2100,819,0,8,17.344973137961826,4.670900000292022,2092.0313000001443,7758.440781440781
1782392706,2,,Aggregated,0.600000,0.000000,8,12,16,22,24,29,35,41,2100,2100,2100,819,0,8,17.344973137961826,4.670900000292022,2092.0313000001443,7758.440781440781
1782392707,2,,Aggregated,0.600000,0.000000,8,12,16,22,24,29,35,41,2100,2100,2100,820,0,8,17.357967317061814,4.670900000292022,2092.0313000001443,7761.782926829268
1782392708,2,,Aggregated,0.600000,0.000000,8,12,16,22,24,29,35,41,2100,2100,2100,821,0,8,17.345182704008177,4.670900000292022,2092.0313000001443,7759.472594397077
1782392709,2,,Aggregated,0.600000,0.000000,8,12,16,22,24,29,35,41,2100,2100,2100,821,0,8,17.345182704008177,4.670900000292022,2092.0313000001443,7759.472594397077
1782392710,2,,Aggregated,0.700000,0.000000,8,12,16,22,24,29,35,41,2100,2100,2100,822,0,8,17.331301216534047,4.670900000292022,2092.0313000001443,7756.221411192214
1782392711,2,,Aggregated,0.700000,0.000000,8,12,16,22,24,29,35,41,2100,2100,2100,823,0,8,17.318703037656444,4.670900000292022,2092.0313000001443,7752.978128797084
1782392712,2,,Aggregated,0.700000,0.000000,8,12,16,22,24,29,35,41,2100,2100,2100,823,0,8,17.318703037656444,4.670900000292022,2092.0313000001443,7752.978128797084
1782392713,2,,Aggregated,0.700000,0.000000,8,12,16,22,24,29,35,41,2100,2100,2100,823,0,8,17.318703037656444,4.670900000292022,2092.0313000001443,7752.978128797084
1782392714,2,,Aggregated,0.600000,0.000000,8,12,16,22,24,29,35,41,2100,2100,2100,824,0,8,17.323293082513615,4.670900000292022,2092.0313000001443,7756.310679611651
1782392715,2,,Aggregated,0.700000,0.000000,8,12,16,22,24,29,35,41,2100,2100,2100,825,0,8,17.310710666655666,4.670900000292022,2092.0313000001443,7753.075151515151
1782392716,2,,Aggregated,0.700000,0.000000,8,12,16,22,24,29,35,41,2100,2100,2100,825,0,8,17.310710666655666,4.670900000292022,2092.0313000001443,7753.075151515151
1782392717,2,,Aggregated,0.700000,0.000000,8,12,16,22,24,29,35,41,2100,2100,2100,825,0,8,17.310710666655666,4.670900000292022,2092.0313000001443,7753.075151515151
1782392718,2,,Aggregated,0.600000,0.000000,8,12,16,22,24,29,35,41,2100,2100,2100,827,0,8,17.317986457062375,4.670900000292022,2092.0313000001443,7754.112454655381
1782392719,2,,Aggregated,0.600000,0.000000,8,12,16,22,24,29,35,41,2100,2100,2100,827,0,8,17.317986457062375,4.670900000292022,2092.0313000001443,7754.112454655381
1782392720,2,,Aggregated,0.600000,0.000000,8,12,16,22,24,29,35,41,2100,2100,2100,827,0,8,17.317986457062375,4.670900000292022,2092.0313000001443,7754.112454655381
1782392721,2,,Aggregated,0.600000,0.000000,8,12,16,22,24,29,35,41,2100,2100,2100,828,0,8,17.30504396134137,4.670900000292022,2092.0313000001443,7751.830917874396
1782392722,2,,Aggregated,0.600000,0.000000,8,12,16,22,24,29,35,41,2100,2100,2100,828,0,8,17.30504396134137,4.670900000292022,2092.0313000001443,7751.830917874396
1782392723,2,,Aggregated,0.600000,0.000000,8,12,16,22,24,29,35,41,2100,2100,2100,829,0,8,17.30000156814269,4.670900000292022,2092.0313000001443,7755.144752714114
1782392724,2,,Aggregated,0.600000,0.000000,8,12,16,22,24,29,35,41,2100,2100,2100,829,0,8,17.30000156814269,4.670900000292022,2092.0313000001443,7755.144752714114
1782392725,2,,Aggregated,0.600000,0.000000,8,12,16,22,24,29,35,41,2100,2100,2100,830,0,8,17.28676144577154,4.670900000292022,2092.0313000001443,7752.8674698795185
1782392726,2,,Aggregated,0.500000,0.000000,8,12,16,22,24,29,35,41,2100,2100,2100,831,0,8,17.29263345365877,4.670900000292022,2092.0313000001443,7756.172081829121
1782392727,2,,Aggregated,0.500000,0.000000,8,12,16,22,24,29,35,41,2100,2100,2100,831,0,8,17.29263345365877,4.670900000292022,2092.0313000001443,7756.172081829121
1782392728,2,,Aggregated,0.500000,0.000000,8,12,16,22,24,29,35,41,2100,2100,2100,831,0,8,17.29263345365877,4.670900000292022,2092.0313000001443,7756.172081829121
1782392729,2,,Aggregated,0.600000,0.000000,8,12,16,22,24,29,35,41,2100,2100,2100,833,0,8,17.266743697467316,4.670900000292022,2092.0313000001443,7750.697478991597
1782392730,2,,Aggregated,0.600000,0.000000,8,12,16,22,24,29,35,41,2100,2100,2100,833,0,8,17.266743697467316,4.670900000292022,2092.0313000001443,7750.697478991597
1782392731,2,,Aggregated,0.500000,0.000000,8,12,16,22,24,29,35,41,2100,2100,2100,834,0,8,17.267457194232932,4.670900000292022,2092.0313000001443,7753.992805755395
1782392732,2,,Aggregated,0.500000,0.000000,8,12,16,22,24,29,35,41,2100,2100,2100,834,0,8,17.267457194232932,4.670900000292022,2092.0313000001443,7753.992805755395
1782392733,2,,Aggregated,0.500000,0.000000,8,12,16,22,24,29,35,41,2100,2100,2100,834,0,8,17.267457194232932,4.670900000292022,2092.0313000001443,7753.992805755395
1782392734,2,,Aggregated,0.600000,0.000000,8,12,16,22,24,29,35,41,2100,2100,2100,836,0,8,17.26000514352935,4.670900000292022,2092.0313000001443,7755.016746411483
1782392735,2,,Aggregated,0.600000,0.000000,8,12,16,22,24,29,35,41,2100,2100,2100,836,0,8,17.26000514352935,4.670900000292022,2092.0313000001443,7755.016746411483
1782392736,2,,Aggregated,0.600000,0.000000,8,12,16,22,24,29,35,41,2100,2100,2100,837,0,8,17.24818948624948,4.670900000292022,2092.0313000001443,7752.758661887694
1782392737,2,,Aggregated,0.600000,0.000000,8,12,16,22,24,29,35,41,2100,2100,2100,837,0,8,17.24818948624948,4.670900000292022,2092.0313000001443,7752.758661887694
1782392738,2,,Aggregated,0.600000,0.000000,8,12,16,22,24,29,35,41,2100,2100,2100,838,0,8,17.234802744618946,4.670900000292022,2092.0313000001443,7750.505966587112
1782392739,2,,Aggregated,0.600000,0.000000,8,12,16,22,24,29,35,41,2100,2100,2100,839,0,8,17.241076996413017,4.670900000292022,2092.0313000001443,7753.781883194279
1782392740,2,,Aggregated,0.600000,0.000000,8,12,16,22,24,29,35,41,2100,2100,2100,839,0,8,17.241076996413017,4.670900000292022,2092.0313000001443,7753.781883194279
1782392741,2,,Aggregated,0.700000,0.000000,8,12,16,22,24,29,35,41,2100,2100,2100,840,0,8,17.254843333322306,4.670900000292022,2092.0313000001443,7757.05
1782392742,2,,Aggregated,0.600000,0.000000,8,12,16,22,24,29,35,41,2100,2100,2100,841,0,8,17.24262722947805,4.670900000292022,2092.0313000001443,7753.87514863258
