Timestamp,User Count,Type,Name,Requests/s,Failures/s,50%,66%,75%,80%,90%,95%,98%,99%,99.9%,99.99%,100%,Total Request Count,Total Failure Count,Total Median Response Time,Total Average Response Time,Total Min Response Time,Total Max Response Time,Total Average Content Size
1782215743,0,,Aggregated,0.000000,0.000000,N/A,N/A,N/A,N/A,N/A,N/A,N/A,N/A,N/A,N/A,N/A,0,0,0,0.0,0,0,0
1782215744,1,,Aggregated,0.000000,0.000000,45,45,45,45,45,45,45,45,45,45,45,2,0,12.037100001180079,28.300199999648612,12.037100001180079,44.563299998117145,10499.0
1782215745,2,,Aggregated,0.000000,0.000000,23,23,45,45,45,45,45,45,45,45,45,4,0,12,21.824475001267274,8.02780000230996,44.563299998117145,9340.5
1782215746,2,,Aggregated,0.000000,0.000000,23,23,45,45,45,45,45,45,45,45,45,4,0,12,21.824475001267274,8.02780000230996,44.563299998117145,9340.5
1782215747,2,,Aggregated,0.000000,0.000000,23,23,45,45,45,45,45,45,45,45,45,4,0,12,21.824475001267274,8.02780000230996,44.563299998117145,9340.5
1782215748,2,,Aggregated,2.000000,0.000000,13,23,23,45,45,45,45,45,45,45,45,5,0,13,19.97284000099171,8.02780000230996,44.563299998117145,9572.2
1782215749,2,,Aggregated,1.000000,0.000000,22,22,23,23,45,45,45,45,45,45,45,6,0,13,20.349650001056336,8.02780000230996,44.563299998117145,9726.666666666666
1782215750,2,,Aggregated,1.000000,0.000000,22,22,23,23,45,45,45,45,45,45,45,6,0,13,20.349650001056336,8.02780000230996,44.563299998117145,9726.666666666666
1782215751,2,,Aggregated,1.000000,0.000000,22,22,23,23,45,45,45,45,45,45,45,6,0,13,20.349650001056336,8.02780000230996,44.563299998117145,9726.666666666666
1782215752,2,,Aggregated,1.000000,0.000000,22,22,23,23,45,45,45,45,45,45,45,6,0,13,20.349650001056336,8.02780000230996,44.563299998117145,9726.666666666666
1782215753,2,,Aggregated,1.000000,0.000000,22,22,23,23,45,45,45,45,45,45,45,6,0,13,20.349650001056336,8.02780000230996,44.563299998117145,9726.666666666666
1782215754,2,,Aggregated,0.666667,0.000000,13,22,23,23,45,45,45,45,45,45,45,8,0,12,17.714112500470947,7.138399996620137,44.563299998117145,9340.5
1782215755,2,,Aggregated,0.666667,0.000000,13,22,23,23,45,45,45,45,45,45,45,8,0,12,17.714112500470947,7.138399996620137,44.563299998117145,9340.5
1782215756,2,,Aggregated,0.666667,0.000000,13,22,23,23,45,45,45,45,45,45,45,8,0,12,17.714112500470947,7.138399996620137,44.563299998117145,9340.5
1782215757,2,,Aggregated,0.666667,0.000000,13,22,23,23,45,45,45,45,45,45,45,8,0,12,17.714112500470947,7.138399996620137,44.563299998117145,9340.5
1782215758,2,,Aggregated,0.400000,0.000000,13,22,23,45,52,52,52,52,52,52,52,9,0,13,21.50463333317829,7.138399996620137,51.82879999483703,9469.222222222223
1782215759,2,,Aggregated,0.400000,0.000000,13,22,23,45,52,52,52,52,52,52,52,9,0,13,21.50463333317829,7.138399996620137,51.82879999483703,9469.222222222223
1782215760,2,,Aggregated,0.400000,0.000000,13,22,23,45,52,52,52,52,52,52,52,9,0,13,21.50463333317829,7.138399996620137,51.82879999483703,9469.222222222223
1782215761,2,,Aggregated,0.400000,0.000000,13,22,23,45,52,52,52,52,52,52,52,9,0,13,21.50463333317829,7.138399996620137,51.82879999483703,9469.222222222223
1782215762,2,,Aggregated,0.400000,0.000000,13,22,23,45,52,52,52,52,52,52,52,9,0,13,21.50463333317829,7.138399996620137,51.82879999483703,9469.222222222223
1782215763,2,,Aggregated,0.400000,0.000000,13,22,23,45,52,52,52,52,52,52,52,9,0,13,21.50463333317829,7.138399996620137,51.82879999483703,9469.222222222223
1782215764,2,,Aggregated,0.300000,0.000000,13,22,23,45,52,52,52,52,52,52,52,10,0,12,20.03874000001815,6.845700001576915,51.82879999483703,9031.0
1782215765,2,,Aggregated,0.300000,0.000000,13,22,23,45,52,52,52,52,52,52,52,10,0,12,20.03874000001815,6.845700001576915,51.82879999483703,9031.0
1782215766,2,,Aggregated,0.300000,0.000000,13,22,23,45,52,52,52,52,52,52,52,10,0,12,20.03874000001815,6.845700001576915,51.82879999483703,9031.0
1782215767,2,,Aggregated,0.300000,0.000000,12,22,23,23,45,52,52,52,52,52,52,11,0,12,18.743936364030972,5.7959000041591935,51.82879999483703,8743.181818181818
1782215768,2,,Aggregated,0.300000,0.000000,12,22,23,23,45,52,52,52,52,52,52,11,0,12,18.743936364030972,5.7959000041591935,51.82879999483703,8743.181818181818
1782215769,2,,Aggregated,0.200000,0.000000,12,13,23,23,45,52,52,52,52,52,52,12,0,12,17.678141667299013,5.7959000041591935,51.82879999483703,8503.333333333334
1782215770,2,,Aggregated,0.200000,0.000000,12,13,23,23,45,52,52,52,52,52,52,12,0,12,17.678141667299013,5.7959000041591935,51.82879999483703,8503.333333333334
1782215771,2,,Aggregated,0.200000,0.000000,12,13,22,23,45,52,52,52,52,52,52,13,0,12,16.82066923128262,5.7959000041591935,51.82879999483703,8300.384615384615
1782215772,2,,Aggregated,0.200000,0.000000,12,13,22,23,45,52,52,52,52,52,52,13,0,12,16.82066923128262,5.7959000041591935,51.82879999483703,8300.384615384615
1782215773,2,,Aggregated,0.400000,0.000000,12,13,22,23,45,52,52,52,52,52,52,14,0,8,16.142992857827007,5.7959000041591935,51.82879999483703,8126.428571428572
1782215774,2,,Aggregated,0.400000,0.000000,12,13,22,23,45,52,52,52,52,52,52,14,0,8,16.142992857827007,5.7959000041591935,51.82879999483703,8126.428571428572
1782215775,2,,Aggregated,0.400000,0.000000,12,13,22,23,45,52,52,52,52,52,52,14,0,8,16.142992857827007,5.7959000041591935,51.82879999483703,8126.428571428572
1782215776,2,,Aggregated,0.400000,0.000000,12,13,22,23,45,52,52,52,52,52,52,14,0,8,16.142992857827007,5.7959000041591935,51.82879999483703,8126.428571428572
1782215777,2,,Aggregated,0.400000,0.000000,8,12,22,23,45,52,52,52,52,52,52,15,0,8,15.545253333887862,5.7959000041591935,51.82879999483703,7975.666666666667
1782215778,2,,Aggregated,0.400000,0.000000,8,12,22,23,45,52,52,52,52,52,52,15,0,8,15.545253333887862,5.7959000041591935,51.82879999483703,7975.666666666667
1782215779,2,,Aggregated,0.400000,0.000000,8,12,22,23,45,52,52,52,52,52,52,15,0,8,15.545253333887862,5.7959000041591935,51.82879999483703,7975.666666666667
1782215780,2,,Aggregated,0.400000,0.000000,8,12,22,23,45,52,52,52,52,52,52,15,0,8,15.545253333887862,5.7959000041591935,51.82879999483703,7975.666666666667
1782215781,2,,Aggregated,0.300000,0.000000,8,12,22,22,45,52,52,52,52,52,52,16,0,8,15.054637500270474,5.7959000041591935,51.82879999483703,7843.75
1782215782,2,,Aggregated,0.300000,0.000000,8,12,22,22,45,52,52,52,52,52,52,16,0,8,15.054637500270474,5.7959000041591935,51.82879999483703,7843.75
1782215783,2,,Aggregated,0.200000,0.000000,8,12,13,22,45,52,52,52,52,52,52,17,0,8,14.553288235380451,5.7959000041591935,51.82879999483703,7727.35294117647
1782215784,2,,Aggregated,0.200000,0.000000,8,12,13,22,45,52,52,52,52,52,52,17,0,8,14.553288235380451,5.7959000041591935,51.82879999483703,7727.35294117647
1782215785,2,,Aggregated,0.200000,0.000000,8,12,13,22,45,52,52,52,52,52,52,17,0,8,14.553288235380451,5.7959000041591935,51.82879999483703,7727.35294117647
1782215786,2,,Aggregated,0.200000,0.000000,8,12,13,22,45,52,52,52,52,52,52,17,0,8,14.553288235380451,5.7959000041591935,51.82879999483703,7727.35294117647
1782215787,2,,Aggregated,0.200000,0.000000,8,12,13,22,45,52,52,52,52,52,52,17,0,8,14.553288235380451,5.7959000041591935,51.82879999483703,7727.35294117647
1782215788,2,,Aggregated,0.300000,0.000000,8,12,13,22,45,52,52,52,52,52,52,18,0,8,14.16432222241484,5.7959000041591935,51.82879999483703,7623.888888888889
1782215789,2,,Aggregated,0.200000,0.000000,8,12,13,22,45,52,52,52,52,52,52,19,0,8,13.80924736861887,5.7959000041591935,51.82879999483703,7531.315789473684
1782215790,2,,Aggregated,0.200000,0.000000,8,12,13,22,45,52,52,52,52,52,52,19,0,8,13.80924736861887,5.7959000041591935,51.82879999483703,7531.315789473684
1782215791,2,,Aggregated,0.200000,0.000000,8,12,13,22,45,52,52,52,52,52,52,19,0,8,13.80924736861887,5.7959000041591935,51.82879999483703,7531.315789473684
1782215792,2,,Aggregated,0.200000,0.000000,8,12,13,22,45,52,52,52,52,52,52,19,0,8,13.80924736861887,5.7959000041591935,51.82879999483703,7531.315789473684
1782215793,2,,Aggregated,0.200000,0.000000,8,12,13,22,45,52,52,52,52,52,52,19,0,8,13.80924736861887,5.7959000041591935,51.82879999483703,7531.315789473684
1782215794,2,,Aggregated,0.200000,0.000000,8,12,13,22,45,52,52,52,52,52,52,19,0,8,13.80924736861887,5.7959000041591935,51.82879999483703,7531.315789473684
1782215795,2,,Aggregated,0.300000,0.000000,8,12,13,22,45,52,52,52,52,52,52,20,0,7,13.444715000150609,5.7959000041591935,51.82879999483703,7448.0
1782215796,2,,Aggregated,0.300000,0.000000,8,12,13,22,45,52,52,52,52,52,52,20,0,7,13.444715000150609,5.7959000041591935,51.82879999483703,7448.0
1782215797,2,,Aggregated,0.300000,0.000000,7,8,12,13,23,45,52,52,52,52,52,21,0,7,13.143000000300596,5.7959000041591935,51.82879999483703,7335.571428571428
1782215798,2,,Aggregated,0.300000,0.000000,7,8,12,13,23,45,52,52,52,52,52,21,0,7,13.143000000300596,5.7959000041591935,51.82879999483703,7335.571428571428
1782215799,2,,Aggregated,0.300000,0.000000,7,8,12,13,23,45,52,52,52,52,52,21,0,7,13.143000000300596,5.7959000041591935,51.82879999483703,7335.571428571428
1782215800,2,,Aggregated,0.300000,0.000000,7,8,12,13,23,45,52,52,52,52,52,21,0,7,13.143000000300596,5.7959000041591935,51.82879999483703,7335.571428571428
1782215801,2,,Aggregated,0.300000,0.000000,7,8,12,13,23,45,52,52,52,52,52,21,0,7,13.143000000300596,5.7959000041591935,51.82879999483703,7335.571428571428
1782215802,2,,Aggregated,0.200000,0.000000,8,12,13,22,23,45,52,52,52,52,52,22,0,7,13.534309091152284,5.7959000041591935,51.82879999483703,7479.363636363636
1782215803,2,,Aggregated,0.200000,0.000000,8,12,13,22,23,45,52,52,52,52,52,22,0,7,13.534309091152284,5.7959000041591935,51.82879999483703,7479.363636363636
1782215804,2,,Aggregated,0.200000,0.000000,7,12,13,22,23,45,52,52,52,52,52,23,0,7,13.228821739334228,5.7959000041591935,51.82879999483703,7409.173913043478
1782215805,2,,Aggregated,0.200000,0.000000,7,12,13,22,23,45,52,52,52,52,52,23,0,7,13.228821739334228,5.7959000041591935,51.82879999483703,7409.173913043478
1782215806,2,,Aggregated,0.200000,0.000000,7,12,13,22,23,45,52,52,52,52,52,23,0,7,13.228821739334228,5.7959000041591935,51.82879999483703,7409.173913043478
1782215807,2,,Aggregated,0.200000,0.000000,7,12,13,22,23,45,52,52,52,52,52,23,0,7,13.228821739334228,5.7959000041591935,51.82879999483703,7409.173913043478
1782215808,2,,Aggregated,0.200000,0.000000,7,12,13,22,23,45,52,52,52,52,52,23,0,7,13.228821739334228,5.7959000041591935,51.82879999483703,7409.173913043478
1782215809,2,,Aggregated,0.300000,0.000000,7,8,13,22,23,45,52,52,52,52,52,24,0,7,12.929479166814417,5.7959000041591935,51.82879999483703,7344.833333333333
1782215810,2,,Aggregated,0.300000,0.000000,7,8,13,22,23,45,52,52,52,52,52,24,0,7,12.929479166814417,5.7959000041591935,51.82879999483703,7344.833333333333
1782215811,2,,Aggregated,0.300000,0.000000,7,8,13,22,23,45,52,52,52,52,52,24,0,7,12.929479166814417,5.7959000041591935,51.82879999483703,7344.833333333333
1782215812,2,,Aggregated,0.300000,0.000000,7,12,13,22,45,52,140,140,140,140,140,25,0,7,17.94177200004924,5.7959000041591935,138.236799997685,7471.0
1782215813,2,,Aggregated,0.300000,0.000000,7,12,13,22,45,52,140,140,140,140,140,25,0,7,17.94177200004924,5.7959000041591935,138.236799997685,7471.0
1782215814,2,,Aggregated,0.300000,0.000000,7,12,13,22,45,52,140,140,140,140,140,25,0,7,17.94177200004924,5.7959000041591935,138.236799997685,7471.0
1782215815,2,,Aggregated,0.300000,0.000000,7,12,13,22,45,52,140,140,140,140,140,25,0,7,17.94177200004924,5.7959000041591935,138.236799997685,7471.0
1782215816,2,,Aggregated,0.300000,0.000000,7,12,13,22,45,52,140,140,140,140,140,25,0,7,17.94177200004924,5.7959000041591935,138.236799997685,7471.0
1782215817,2,,Aggregated,0.300000,0.000000,7,12,13,22,45,52,140,140,140,140,140,25,0,7,17.94177200004924,5.7959000041591935,138.236799997685,7471.0
1782215818,2,,Aggregated,0.200000,0.000000,8,12,22,22,45,52,140,140,140,140,140,27,0,8,17.87230000034604,5.7959000041591935,138.236799997685,7695.2962962962965
1782215819,2,,Aggregated,0.200000,0.000000,8,12,22,22,45,52,140,140,140,140,140,27,0,8,17.87230000034604,5.7959000041591935,138.236799997685,7695.2962962962965
1782215820,2,,Aggregated,0.200000,0.000000,8,12,22,22,45,52,140,140,140,140,140,27,0,8,17.87230000034604,5.7959000041591935,138.236799997685,7695.2962962962965
1782215821,2,,Aggregated,0.200000,0.000000,8,12,22,22,45,52,140,140,140,140,140,27,0,8,17.87230000034604,5.7959000041591935,138.236799997685,7695.2962962962965
1782215822,2,,Aggregated,0.300000,0.000000,8,12,22,22,45,52,140,140,140,140,140,28,0,7,17.478157143029552,5.7959000041591935,138.236799997685,7629.928571428572
1782215823,2,,Aggregated,0.300000,0.000000,8,12,22,22,45,52,140,140,140,140,140,28,0,7,17.478157143029552,5.7959000041591935,138.236799997685,7629.928571428572
1782215824,2,,Aggregated,0.300000,0.000000,8,12,22,22,45,52,140,140,140,140,140,28,0,7,17.478157143029552,5.7959000041591935,138.236799997685,7629.928571428572
1782215825,2,,Aggregated,0.300000,0.000000,8,12,22,22,45,52,140,140,140,140,140,28,0,7,17.478157143029552,5.7959000041591935,138.236799997685,7629.928571428572
1782215826,2,,Aggregated,0.300000,0.000000,8,12,22,23,45,52,140,140,140,140,140,29,0,8,17.6994448278304,5.7959000041591935,138.236799997685,7728.862068965517
1782215828,2,,Aggregated,0.300000,0.000000,8,12,22,23,45,52,140,140,140,140,140,29,0,8,17.6994448278304,5.7959000041591935,138.236799997685,7728.862068965517
1782215829,2,,Aggregated,0.300000,0.000000,8,12,22,23,45,52,140,140,140,140,140,29,0,8,17.6994448278304,5.7959000041591935,138.236799997685,7728.862068965517
1782215830,2,,Aggregated,0.400000,0.000000,8,12,22,23,45,52,140,140,140,140,140,30,0,7,17.334896667064942,5.7959000041591935,138.236799997685,7666.733333333334
1782215831,2,,Aggregated,0.400000,0.000000,8,12,22,23,45,52,140,140,140,140,140,30,0,7,17.334896667064942,5.7959000041591935,138.236799997685,7666.733333333334
1782215832,2,,Aggregated,0.400000,0.000000,8,12,22,23,45,52,140,140,140,140,140,30,0,7,17.334896667064942,5.7959000041591935,138.236799997685,7666.733333333334
1782215833,2,,Aggregated,0.400000,0.000000,8,12,22,23,45,52,140,140,140,140,140,30,0,7,17.334896667064942,5.7959000041591935,138.236799997685,7666.733333333334
1782215834,2,,Aggregated,0.400000,0.000000,8,12,22,23,45,52,140,140,140,140,140,30,0,7,17.334896667064942,5.7959000041591935,138.236799997685,7666.733333333334
1782215835,2,,Aggregated,0.300000,0.000000,7,12,22,22,24,52,140,140,140,140,140,31,0,7,16.993709677697023,5.7959000041591935,138.236799997685,7583.5161290322585
1782215836,2,,Aggregated,0.200000,0.000000,7,12,22,22,24,52,140,140,140,140,140,32,0,7,16.65922500023953,5.7959000041591935,138.236799997685,7529.8125
1782215837,2,,Aggregated,0.200000,0.000000,7,12,22,22,24,52,140,140,140,140,140,32,0,7,16.65922500023953,5.7959000041591935,138.236799997685,7529.8125
1782215838,2,,Aggregated,0.200000,0.000000,7,12,22,22,24,52,140,140,140,140,140,32,0,7,16.65922500023953,5.7959000041591935,138.236799997685,7529.8125
1782215839,2,,Aggregated,0.200000,0.000000,7,12,22,22,24,52,140,140,140,140,140,32,0,7,16.65922500023953,5.7959000041591935,138.236799997685,7529.8125
1782215840,2,,Aggregated,0.200000,0.000000,7,12,22,22,24,52,140,140,140,140,140,32,0,7,16.65922500023953,5.7959000041591935,138.236799997685,7529.8125
1782215841,2,,Aggregated,0.300000,0.000000,7,12,22,23,24,52,140,140,140,140,140,34,0,7,16.53192058845033,5.5525999996461906,138.236799997685,7568.176470588235
1782215842,2,,Aggregated,0.300000,0.000000,7,12,22,23,24,52,140,140,140,140,140,34,0,7,16.53192058845033,5.5525999996461906,138.236799997685,7568.176470588235
1782215843,2,,Aggregated,0.300000,0.000000,7,12,22,23,24,52,140,140,140,140,140,34,0,7,16.53192058845033,5.5525999996461906,138.236799997685,7568.176470588235
1782215844,2,,Aggregated,0.300000,0.000000,7,12,22,23,24,52,140,140,140,140,140,34,0,7,16.53192058845033,5.5525999996461906,138.236799997685,7568.176470588235
1782215845,2,,Aggregated,0.300000,0.000000,7,12,22,23,24,52,140,140,140,140,140,34,0,7,16.53192058845033,5.5525999996461906,138.236799997685,7568.176470588235
1782215846,2,,Aggregated,0.300000,0.000000,7,12,22,23,24,52,140,140,140,140,140,34,0,7,16.53192058845033,5.5525999996461906,138.236799997685,7568.176470588235
1782215847,2,,Aggregated,0.400000,0.000000,7,12,22,23,24,52,140,140,140,140,140,35,0,7,16.238457143065585,5.5525999996461906,138.236799997685,7519.5142857142855
1782215848,2,,Aggregated,0.400000,0.000000,7,12,22,23,24,52,140,140,140,140,140,35,0,7,16.238457143065585,5.5525999996461906,138.236799997685,7519.5142857142855
1782215849,2,,Aggregated,0.400000,0.000000,7,12,22,23,24,52,140,140,140,140,140,35,0,7,16.238457143065585,5.5525999996461906,138.236799997685,7519.5142857142855
1782215850,2,,Aggregated,0.300000,0.000000,7,11,22,22,24,52,140,140,140,140,140,36,0,7,15.973877777974444,5.5525999996461906,138.236799997685,7473.555555555556
1782215851,2,,Aggregated,0.300000,0.000000,7,11,22,22,24,52,140,140,140,140,140,36,0,7,15.973877777974444,5.5525999996461906,138.236799997685,7473.555555555556
1782215852,2,,Aggregated,0.300000,0.000000,7,11,22,22,24,52,140,140,140,140,140,36,0,7,15.973877777974444,5.5525999996461906,138.236799997685,7473.555555555556
1782215853,2,,Aggregated,0.300000,0.000000,7,11,13,22,24,52,140,140,140,140,140,37,0,7,15.73091621645978,5.5525999996461906,138.236799997685,7409.054054054054
1782215854,2,,Aggregated,0.300000,0.000000,7,11,13,22,24,52,140,140,140,140,140,37,0,7,15.73091621645978,5.5525999996461906,138.236799997685,7409.054054054054
1782215855,2,,Aggregated,0.300000,0.000000,7,11,13,22,24,52,140,140,140,140,140,37,0,7,15.73091621645978,5.5525999996461906,138.236799997685,7409.054054054054
1782215856,2,,Aggregated,0.300000,0.000000,7,11,13,22,24,52,140,140,140,140,140,37,0,7,15.73091621645978,5.5525999996461906,138.236799997685,7409.054054054054
1782215857,2,,Aggregated,0.300000,0.000000,7,11,13,22,24,52,140,140,140,140,140,37,0,7,15.73091621645978,5.5525999996461906,138.236799997685,7409.054054054054
1782215858,2,,Aggregated,0.300000,0.000000,7,11,13,22,24,52,140,140,140,140,140,37,0,7,15.73091621645978,5.5525999996461906,138.236799997685,7409.054054054054
1782215859,2,,Aggregated,0.300000,0.000000,7,8,13,22,24,52,140,140,140,140,140,39,0,7,15.26800512846631,5.5525999996461906,138.236799997685,7329.871794871795
1782215860,2,,Aggregated,0.300000,0.000000,7,8,13,22,24,52,140,140,140,140,140,39,0,7,15.26800512846631,5.5525999996461906,138.236799997685,7329.871794871795
1782215861,2,,Aggregated,0.300000,0.000000,7,8,13,22,24,52,140,140,140,140,140,39,0,7,15.26800512846631,5.5525999996461906,138.236799997685,7329.871794871795
1782215862,2,,Aggregated,0.300000,0.000000,7,8,13,22,24,52,140,140,140,140,140,39,0,7,15.26800512846631,5.5525999996461906,138.236799997685,7329.871794871795
1782215863,2,,Aggregated,0.300000,0.000000,7,8,13,22,24,52,140,140,140,140,140,40,0,7,15.048352500161855,5.5525999996461906,138.236799997685,7273.8
1782215864,2,,Aggregated,0.300000,0.000000,7,8,13,22,24,52,140,140,140,140,140,40,0,7,15.048352500161855,5.5525999996461906,138.236799997685,7273.8
1782215865,2,,Aggregated,0.300000,0.000000,7,8,13,22,24,52,140,140,140,140,140,40,0,7,15.048352500161855,5.5525999996461906,138.236799997685,7273.8
1782215866,2,,Aggregated,0.300000,0.000000,7,8,13,22,24,52,140,140,140,140,140,40,0,7,15.048352500161855,5.5525999996461906,138.236799997685,7273.8
1782215867,2,,Aggregated,0.300000,0.000000,7,8,12,22,23,45,140,140,140,140,140,41,0,7,14.825926829383583,5.5525999996461906,138.236799997685,7239.4390243902435
1782215868,2,,Aggregated,0.300000,0.000000,7,8,12,22,23,45,140,140,140,140,140,41,0,7,14.825926829383583,5.5525999996461906,138.236799997685,7239.4390243902435
1782215869,2,,Aggregated,0.400000,0.000000,7,8,12,22,23,45,140,140,140,140,140,42,0,7,14.623088095374571,5.5525999996461906,138.236799997685,7188.190476190476
1782215870,2,,Aggregated,0.400000,0.000000,7,8,12,22,23,45,140,140,140,140,140,42,0,7,14.623088095374571,5.5525999996461906,138.236799997685,7188.190476190476
1782215871,2,,Aggregated,0.400000,0.000000,7,8,12,22,23,45,140,140,140,140,140,42,0,7,14.623088095374571,5.5525999996461906,138.236799997685,7188.190476190476
1782215872,2,,Aggregated,0.400000,0.000000,7,8,12,22,23,45,140,140,140,140,140,42,0,7,14.623088095374571,5.5525999996461906,138.236799997685,7188.190476190476
1782215873,2,,Aggregated,0.400000,0.000000,7,8,12,22,23,45,140,140,140,140,140,42,0,7,14.623088095374571,5.5525999996461906,138.236799997685,7188.190476190476
1782215874,2,,Aggregated,0.300000,0.000000,7,8,12,22,23,45,140,140,140,140,140,43,0,7,14.437106976909616,5.5525999996461906,138.236799997685,7157.418604651163
1782215875,2,,Aggregated,0.300000,0.000000,7,8,12,22,23,45,140,140,140,140,140,44,0,7,14.272800000154264,5.5525999996461906,138.236799997685,7128.045454545455
1782215876,2,,Aggregated,0.300000,0.000000,7,8,12,22,23,45,140,140,140,140,140,44,0,7,14.272800000154264,5.5525999996461906,138.236799997685,7128.045454545455
1782215877,2,,Aggregated,0.300000,0.000000,7,8,12,22,23,45,140,140,140,140,140,44,0,7,14.272800000154264,5.5525999996461906,138.236799997685,7128.045454545455
1782215878,2,,Aggregated,0.300000,0.000000,7,8,12,22,23,45,140,140,140,140,140,44,0,7,14.272800000154264,5.5525999996461906,138.236799997685,7128.045454545455
1782215879,2,,Aggregated,0.300000,0.000000,7,8,12,22,23,45,140,140,140,140,140,45,0,7,14.107828889165022,5.5525999996461906,138.236799997685,7099.977777777778
1782215880,2,,Aggregated,0.300000,0.000000,7,8,12,22,23,45,140,140,140,140,140,45,0,7,14.107828889165022,5.5525999996461906,138.236799997685,7099.977777777778
1782215881,2,,Aggregated,0.300000,0.000000,7,8,12,22,23,45,140,140,140,140,140,45,0,7,14.107828889165022,5.5525999996461906,138.236799997685,7099.977777777778
1782215882,2,,Aggregated,0.300000,0.000000,7,8,12,22,23,45,140,140,140,140,140,45,0,7,14.107828889165022,5.5525999996461906,138.236799997685,7099.977777777778
1782215883,2,,Aggregated,0.300000,0.000000,7,8,12,22,23,45,140,140,140,140,140,45,0,7,14.107828889165022,5.5525999996461906,138.236799997685,7099.977777777778
1782215884,2,,Aggregated,0.300000,0.000000,7,8,12,22,24,46,140,140,140,140,140,46,0,7,14.804467391671926,5.5525999996461906,138.236799997685,7173.869565217391
1782215885,2,,Aggregated,0.300000,0.000000,7,8,12,22,24,46,140,140,140,140,140,46,0,7,14.804467391671926,5.5525999996461906,138.236799997685,7173.869565217391
1782215886,2,,Aggregated,0.300000,0.000000,7,8,12,22,24,46,140,140,140,140,140,46,0,7,14.804467391671926,5.5525999996461906,138.236799997685,7173.869565217391
1782215887,2,,Aggregated,0.400000,0.000000,7,8,13,22,24,46,140,140,140,140,140,47,0,7,14.76223404290764,5.5525999996461906,138.236799997685,7244.617021276596
1782215888,2,,Aggregated,0.400000,0.000000,7,8,13,22,24,46,140,140,140,140,140,47,0,7,14.76223404290764,5.5525999996461906,138.236799997685,7244.617021276596
1782215889,2,,Aggregated,0.400000,0.000000,7,8,13,22,24,46,140,140,140,140,140,47,0,7,14.76223404290764,5.5525999996461906,138.236799997685,7244.617021276596
1782215890,2,,Aggregated,0.400000,0.000000,7,8,13,22,24,46,140,140,140,140,140,47,0,7,14.76223404290764,5.5525999996461906,138.236799997685,7244.617021276596
1782215891,2,,Aggregated,0.400000,0.000000,7,8,13,22,24,46,140,140,140,140,140,47,0,7,14.76223404290764,5.5525999996461906,138.236799997685,7244.617021276596
1782215892,2,,Aggregated,0.400000,0.000000,7,8,13,22,24,46,140,140,140,140,140,47,0,7,14.76223404290764,5.5525999996461906,138.236799997685,7244.617021276596
1782215893,2,,Aggregated,0.200000,0.000000,7,8,13,22,24,46,140,140,140,140,140,48,0,7,14.59343125028075,5.5525999996461906,138.236799997685,7215.875
1782215894,2,,Aggregated,0.200000,0.000000,7,8,13,22,24,46,140,140,140,140,140,48,0,7,14.59343125028075,5.5525999996461906,138.236799997685,7215.875
1782215895,2,,Aggregated,0.200000,0.000000,7,8,13,22,24,46,140,140,140,140,140,48,0,7,14.59343125028075,5.5525999996461906,138.236799997685,7215.875
1782215896,2,,Aggregated,0.200000,0.000000,7,8,13,22,45,49,140,140,140,140,140,49,0,7,15.286765306474098,5.5525999996461906,138.236799997685,7282.877551020408
1782215897,2,,Aggregated,0.200000,0.000000,7,8,13,22,45,49,140,140,140,140,140,49,0,7,15.286765306474098,5.5525999996461906,138.236799997685,7282.877551020408
1782215898,2,,Aggregated,0.200000,0.000000,7,8,13,22,45,49,140,140,140,140,140,49,0,7,15.286765306474098,5.5525999996461906,138.236799997685,7282.877551020408
1782215899,2,,Aggregated,0.200000,0.000000,7,8,13,22,45,49,140,140,140,140,140,49,0,7,15.286765306474098,5.5525999996461906,138.236799997685,7282.877551020408
1782215900,2,,Aggregated,0.200000,0.000000,7,8,13,22,45,49,140,140,140,140,140,50,0,7,15.09745000032126,5.5525999996461906,138.236799997685,7254.52
1782215901,2,,Aggregated,0.200000,0.000000,7,8,13,22,45,49,140,140,140,140,140,50,0,7,15.09745000032126,5.5525999996461906,138.236799997685,7254.52
1782215902,2,,Aggregated,0.200000,0.000000,7,8,13,22,45,49,140,140,140,140,140,50,0,7,15.09745000032126,5.5525999996461906,138.236799997685,7254.52
1782215903,2,,Aggregated,0.200000,0.000000,7,8,13,22,45,49,140,140,140,140,140,50,0,7,15.09745000032126,5.5525999996461906,138.236799997685,7254.52
1782215904,2,,Aggregated,0.200000,0.000000,7,8,13,22,45,49,140,140,140,140,140,50,0,7,15.09745000032126,5.5525999996461906,138.236799997685,7254.52
1782215905,2,,Aggregated,0.300000,0.000000,7,8,13,22,24,49,52,140,140,140,140,53,0,7,14.844105660641908,5.5525999996461906,138.236799997685,7325.547169811321
1782215906,2,,Aggregated,0.300000,0.000000,7,8,13,22,24,49,52,140,140,140,140,53,0,7,14.844105660641908,5.5525999996461906,138.236799997685,7325.547169811321
1782215907,2,,Aggregated,0.300000,0.000000,7,8,13,22,24,49,52,140,140,140,140,53,0,7,14.844105660641908,5.5525999996461906,138.236799997685,7325.547169811321
1782215908,2,,Aggregated,0.300000,0.000000,7,8,13,22,24,49,52,140,140,140,140,53,0,7,14.844105660641908,5.5525999996461906,138.236799997685,7325.547169811321
1782215909,2,,Aggregated,0.300000,0.000000,7,8,13,22,24,49,52,140,140,140,140,53,0,7,14.844105660641908,5.5525999996461906,138.236799997685,7325.547169811321
1782215910,2,,Aggregated,0.300000,0.000000,7,8,13,22,24,49,52,140,140,140,140,53,0,7,14.844105660641908,5.5525999996461906,138.236799997685,7325.547169811321
1782215911,2,,Aggregated,0.300000,0.000000,7,8,13,22,24,49,52,140,140,140,140,53,0,7,14.844105660641908,5.5525999996461906,138.236799997685,7325.547169811321
1782215912,2,,Aggregated,0.300000,0.000000,7,8,13,22,24,49,52,140,140,140,140,53,0,7,14.844105660641908,5.5525999996461906,138.236799997685,7325.547169811321
1782215913,2,,Aggregated,0.300000,0.000000,7,8,13,22,24,49,52,140,140,140,140,53,0,7,14.844105660641908,5.5525999996461906,138.236799997685,7325.547169811321
1782215914,2,,Aggregated,0.300000,0.000000,7,8,13,22,24,49,52,140,140,140,140,55,0,7,14.548823636670766,5.5525999996461906,138.236799997685,7258.290909090909
1782215915,2,,Aggregated,0.300000,0.000000,7,8,13,22,24,49,52,140,140,140,140,55,0,7,14.548823636670766,5.5525999996461906,138.236799997685,7258.290909090909
1782215916,2,,Aggregated,0.300000,0.000000,7,8,13,22,24,49,52,140,140,140,140,55,0,7,14.548823636670766,5.5525999996461906,138.236799997685,7258.290909090909
1782215917,2,,Aggregated,0.300000,0.000000,7,8,13,22,24,49,52,140,140,140,140,55,0,7,14.548823636670766,5.5525999996461906,138.236799997685,7258.290909090909
1782215918,2,,Aggregated,0.300000,0.000000,7,8,13,22,24,49,52,140,140,140,140,55,0,7,14.548823636670766,5.5525999996461906,138.236799997685,7258.290909090909
1782215919,2,,Aggregated,0.200000,0.000000,7,8,13,13,24,49,52,140,140,140,140,56,0,7,14.40930178601515,5.5525999996461906,138.236799997685,7233.410714285715
1782215920,2,,Aggregated,0.200000,0.000000,7,8,13,13,24,49,52,140,140,140,140,56,0,7,14.40930178601515,5.5525999996461906,138.236799997685,7233.410714285715
1782215921,2,,Aggregated,0.200000,0.000000,7,8,13,13,24,49,52,140,140,140,140,56,0,7,14.40930178601515,5.5525999996461906,138.236799997685,7233.410714285715
1782215922,2,,Aggregated,0.200000,0.000000,7,8,13,13,24,49,52,140,140,140,140,56,0,7,14.40930178601515,5.5525999996461906,138.236799997685,7233.410714285715
1782215923,2,,Aggregated,0.300000,0.000000,7,8,12,13,24,49,52,140,140,140,140,57,0,7,14.273289473892778,5.5525999996461906,138.236799997685,7195.754385964912
1782215924,2,,Aggregated,0.300000,0.000000,7,8,12,13,24,49,52,140,140,140,140,57,0,7,14.273289473892778,5.5525999996461906,138.236799997685,7195.754385964912
1782215925,2,,Aggregated,0.300000,0.000000,7,8,12,13,24,49,52,140,140,140,140,57,0,7,14.273289473892778,5.5525999996461906,138.236799997685,7195.754385964912
1782215926,2,,Aggregated,0.300000,0.000000,7,8,12,13,24,49,52,140,140,140,140,57,0,7,14.273289473892778,5.5525999996461906,138.236799997685,7195.754385964912
1782215927,2,,Aggregated,0.200000,0.000000,7,8,12,13,24,49,52,140,140,140,140,58,0,7,14.15731724158957,5.5525999996461906,138.236799997685,7172.810344827586
1782215928,2,,Aggregated,0.200000,0.000000,7,8,12,13,24,49,52,140,140,140,140,58,0,7,14.15731724158957,5.5525999996461906,138.236799997685,7172.810344827586
1782215929,2,,Aggregated,0.200000,0.000000,7,8,12,13,24,49,52,140,140,140,140,59,0,7,14.037238983230239,5.5525999996461906,138.236799997685,7150.64406779661
1782215930,2,,Aggregated,0.200000,0.000000,7,8,12,13,24,49,52,140,140,140,140,59,0,7,14.037238983230239,5.5525999996461906,138.236799997685,7150.64406779661
1782215931,2,,Aggregated,0.200000,0.000000,7,8,12,13,24,49,52,140,140,140,140,59,0,7,14.037238983230239,5.5525999996461906,138.236799997685,7150.64406779661
1782215932,2,,Aggregated,0.200000,0.000000,7,8,12,13,24,49,52,140,140,140,140,59,0,7,14.037238983230239,5.5525999996461906,138.236799997685,7150.64406779661
1782215933,2,,Aggregated,0.300000,0.000000,7,8,13,22,24,49,52,140,140,140,140,60,0,7,14.189111666928511,5.5525999996461906,138.236799997685,7206.45
1782215934,2,,Aggregated,0.300000,0.000000,7,8,13,22,24,49,52,140,140,140,140,60,0,7,14.189111666928511,5.5525999996461906,138.236799997685,7206.45
1782215935,2,,Aggregated,0.300000,0.000000,7,8,13,22,24,49,52,140,140,140,140,60,0,7,14.189111666928511,5.5525999996461906,138.236799997685,7206.45
1782215936,2,,Aggregated,0.300000,0.000000,7,8,13,22,24,49,52,140,140,140,140,60,0,7,14.189111666928511,5.5525999996461906,138.236799997685,7206.45
1782215938,2,,Aggregated,0.300000,0.000000,7,8,12,13,23,46,52,140,140,140,140,61,0,7,14.071516393727745,5.5525999996461906,138.236799997685,7171.704918032787
1782215939,2,,Aggregated,0.300000,0.000000,7,8,12,13,23,46,52,140,140,140,140,61,0,7,14.071516393727745,5.5525999996461906,138.236799997685,7171.704918032787
1782215940,2,,Aggregated,0.300000,0.000000,7,8,12,13,23,46,52,140,140,140,140,61,0,7,14.071516393727745,5.5525999996461906,138.236799997685,7171.704918032787
1782215941,2,,Aggregated,0.300000,0.000000,7,8,12,13,23,46,52,140,140,140,140,61,0,7,14.071516393727745,5.5525999996461906,138.236799997685,7171.704918032787
1782215942,2,,Aggregated,0.300000,0.000000,7,8,12,13,23,46,52,140,140,140,140,61,0,7,14.071516393727745,5.5525999996461906,138.236799997685,7171.704918032787
1782215943,2,,Aggregated,0.200000,0.000000,7,8,13,22,23,46,52,140,140,140,140,62,0,7,14.220201613141164,5.5525999996461906,138.236799997685,7225.370967741936
1782215944,2,,Aggregated,0.200000,0.000000,7,8,13,22,23,46,52,140,140,140,140,62,0,7,14.220201613141164,5.5525999996461906,138.236799997685,7225.370967741936
1782215945,2,,Aggregated,0.200000,0.000000,7,8,13,22,23,46,52,140,140,140,140,63,0,7,14.322034920850355,5.5525999996461906,138.236799997685,7277.333333333333
1782215946,2,,Aggregated,0.200000,0.000000,7,8,13,22,23,46,52,140,140,140,140,63,0,7,14.322034920850355,5.5525999996461906,138.236799997685,7277.333333333333
1782215947,2,,Aggregated,0.200000,0.000000,7,8,13,22,23,46,52,140,140,140,140,63,0,7,14.322034920850355,5.5525999996461906,138.236799997685,7277.333333333333
1782215948,2,,Aggregated,0.300000,0.000000,7,8,13,22,23,46,52,140,140,140,140,64,0,7,14.20398750019558,5.5525999996461906,138.236799997685,7243.109375
1782215949,2,,Aggregated,0.300000,0.000000,7,8,13,22,23,46,52,140,140,140,140,64,0,7,14.20398750019558,5.5525999996461906,138.236799997685,7243.109375
1782215950,2,,Aggregated,0.200000,0.000000,7,8,13,22,24,46,52,140,140,140,140,65,0,7,14.589058461737855,5.5525999996461906,138.236799997685,7293.2
1782215951,2,,Aggregated,0.200000,0.000000,7,8,13,22,24,46,52,140,140,140,140,65,0,7,14.589058461737855,5.5525999996461906,138.236799997685,7293.2
1782215952,2,,Aggregated,0.200000,0.000000,7,8,13,22,24,46,52,140,140,140,140,65,0,7,14.589058461737855,5.5525999996461906,138.236799997685,7293.2
1782215953,2,,Aggregated,0.200000,0.000000,7,8,13,22,24,46,52,140,140,140,140,65,0,7,14.589058461737855,5.5525999996461906,138.236799997685,7293.2
1782215954,2,,Aggregated,0.200000,0.000000,7,8,13,22,24,46,52,140,140,140,140,65,0,7,14.589058461737855,5.5525999996461906,138.236799997685,7293.2
1782215955,2,,Aggregated,0.400000,0.000000,7,8,13,22,24,46,52,140,140,140,140,66,0,7,14.46784242447889,5.5525999996461906,138.236799997685,7271.560606060606
1782215956,2,,Aggregated,0.300000,0.000000,7,8,13,22,24,46,52,140,140,140,140,67,0,7,14.37298507484392,5.5525999996461906,138.236799997685,7238.955223880597
1782215957,2,,Aggregated,0.300000,0.000000,7,8,13,22,24,46,52,140,140,140,140,67,0,7,14.37298507484392,5.5525999996461906,138.236799997685,7238.955223880597
1782215958,2,,Aggregated,0.300000,0.000000,7,8,13,22,24,46,52,140,140,140,140,67,0,7,14.37298507484392,5.5525999996461906,138.236799997685,7238.955223880597
1782215959,2,,Aggregated,0.300000,0.000000,7,8,13,22,24,46,52,140,140,140,140,67,0,7,14.37298507484392,5.5525999996461906,138.236799997685,7238.955223880597
1782215960,2,,Aggregated,0.300000,0.000000,7,8,13,22,24,46,52,140,140,140,140,67,0,7,14.37298507484392,5.5525999996461906,138.236799997685,7238.955223880597
1782215961,2,,Aggregated,0.300000,0.000000,7,8,13,22,24,46,52,140,140,140,140,67,0,7,14.37298507484392,5.5525999996461906,138.236799997685,7238.955223880597
1782215962,2,,Aggregated,0.300000,0.000000,7,8,13,22,39,49,52,140,140,140,140,68,0,7,14.92406470606511,5.5525999996461906,138.236799997685,7286.89705882353
1782215963,2,,Aggregated,0.300000,0.000000,7,8,13,22,39,49,52,140,140,140,140,68,0,7,14.92406470606511,5.5525999996461906,138.236799997685,7286.89705882353
1782215964,2,,Aggregated,0.200000,0.000000,7,8,13,22,39,49,52,140,140,140,140,69,0,7,14.807608695844175,5.5525999996461906,138.236799997685,7266.289855072464
1782215965,2,,Aggregated,0.200000,0.000000,7,8,13,22,39,49,52,140,140,140,140,69,0,7,14.807608695844175,5.5525999996461906,138.236799997685,7266.289855072464
1782215966,2,,Aggregated,0.200000,0.000000,7,8,13,22,39,49,52,140,140,140,140,69,0,7,14.807608695844175,5.5525999996461906,138.236799997685,7266.289855072464
1782215967,2,,Aggregated,0.200000,0.000000,7,8,13,22,39,49,52,140,140,140,140,69,0,7,14.807608695844175,5.5525999996461906,138.236799997685,7266.289855072464
1782215968,2,,Aggregated,0.200000,0.000000,7,8,13,22,39,49,52,140,140,140,140,69,0,7,14.807608695844175,5.5525999996461906,138.236799997685,7266.289855072464
1782215969,2,,Aggregated,0.200000,0.000000,7,8,13,22,39,49,52,140,140,140,140,69,0,7,14.807608695844175,5.5525999996461906,138.236799997685,7266.289855072464
1782215970,2,,Aggregated,0.200000,0.000000,7,8,13,22,39,49,52,140,140,140,140,70,0,7,14.710052857325147,5.5525999996461906,138.236799997685,7246.271428571428
1782215971,2,,Aggregated,0.200000,0.000000,7,8,13,22,39,49,52,140,140,140,140,70,0,7,14.710052857325147,5.5525999996461906,138.236799997685,7246.271428571428
1782215972,2,,Aggregated,0.200000,0.000000,7,8,13,22,24,49,52,140,140,140,140,71,0,7,14.590870422695625,5.5525999996461906,138.236799997685,7226.816901408451
1782215973,2,,Aggregated,0.200000,0.000000,7,8,13,22,24,49,52,140,140,140,140,71,0,7,14.590870422695625,5.5525999996461906,138.236799997685,7226.816901408451
1782215974,2,,Aggregated,0.200000,0.000000,7,8,13,22,24,49,52,140,140,140,140,71,0,7,14.590870422695625,5.5525999996461906,138.236799997685,7226.816901408451
1782215975,2,,Aggregated,0.200000,0.000000,7,8,13,22,24,49,52,140,140,140,140,71,0,7,14.590870422695625,5.5525999996461906,138.236799997685,7226.816901408451
1782215976,2,,Aggregated,0.200000,0.000000,7,8,13,22,24,49,52,140,140,140,140,73,0,7,14.385246575554062,5.5525999996461906,138.236799997685,7178.8493150684935
1782215977,2,,Aggregated,0.200000,0.000000,7,8,13,22,24,49,52,140,140,140,140,73,0,7,14.385246575554062,5.5525999996461906,138.236799997685,7178.8493150684935
1782215978,2,,Aggregated,0.200000,0.000000,7,8,13,22,24,49,52,140,140,140,140,73,0,7,14.385246575554062,5.5525999996461906,138.236799997685,7178.8493150684935
1782215979,2,,Aggregated,0.200000,0.000000,7,8,13,22,24,49,52,140,140,140,140,73,0,7,14.385246575554062,5.5525999996461906,138.236799997685,7178.8493150684935
1782215980,2,,Aggregated,0.200000,0.000000,7,8,13,22,24,49,52,140,140,140,140,73,0,7,14.385246575554062,5.5525999996461906,138.236799997685,7178.8493150684935
1782215981,2,,Aggregated,0.200000,0.000000,7,8,13,22,24,49,52,140,140,140,140,73,0,7,14.385246575554062,5.5525999996461906,138.236799997685,7178.8493150684935
1782215982,2,,Aggregated,0.300000,0.000000,7,8,13,22,24,49,52,140,140,140,140,74,0,7,14.270359459702819,5.5525999996461906,138.236799997685,7161.094594594595
1782215983,2,,Aggregated,0.300000,0.000000,7,8,13,22,24,49,52,140,140,140,140,74,0,7,14.270359459702819,5.5525999996461906,138.236799997685,7161.094594594595
1782215984,2,,Aggregated,0.200000,0.000000,7,8,13,22,24,49,52,140,140,140,140,75,0,7,14.176750666908143,5.5525999996461906,138.236799997685,7133.44
1782215985,2,,Aggregated,0.200000,0.000000,7,8,13,22,24,49,52,140,140,140,140,75,0,7,14.176750666908143,5.5525999996461906,138.236799997685,7133.44
1782215986,2,,Aggregated,0.200000,0.000000,7,8,13,22,24,49,52,140,140,140,140,75,0,7,14.176750666908143,5.5525999996461906,138.236799997685,7133.44
1782215987,2,,Aggregated,0.200000,0.000000,7,8,13,22,24,49,52,140,140,140,140,75,0,7,14.176750666908143,5.5525999996461906,138.236799997685,7133.44
1782215988,2,,Aggregated,0.200000,0.000000,7,8,13,22,24,49,52,140,140,140,140,75,0,7,14.176750666908143,5.5525999996461906,138.236799997685,7133.44
1782215989,2,,Aggregated,0.200000,0.000000,7,8,13,22,24,49,52,140,140,140,140,75,0,7,14.176750666908143,5.5525999996461906,138.236799997685,7133.44
1782215990,2,,Aggregated,0.200000,0.000000,7,8,13,22,24,49,52,140,140,140,140,75,0,7,14.176750666908143,5.5525999996461906,138.236799997685,7133.44
1782215991,2,,Aggregated,0.200000,0.000000,7,8,13,21,24,49,52,140,140,140,140,76,0,7,14.09815657921411,5.5525999996461906,138.236799997685,7116.75
1782215992,2,,Aggregated,0.200000,0.000000,7,8,13,21,24,49,52,140,140,140,140,76,0,7,14.09815657921411,5.5525999996461906,138.236799997685,7116.75
1782215993,2,,Aggregated,0.200000,0.000000,7,8,13,22,24,49,52,140,140,140,140,77,0,7,14.207307792453143,5.5525999996461906,138.236799997685,7160.675324675325
1782215994,2,,Aggregated,0.200000,0.000000,7,8,13,22,24,49,52,140,140,140,140,77,0,7,14.207307792453143,5.5525999996461906,138.236799997685,7160.675324675325
1782215995,2,,Aggregated,0.200000,0.000000,7,8,13,22,24,49,52,140,140,140,140,77,0,7,14.207307792453143,5.5525999996461906,138.236799997685,7160.675324675325
1782215996,2,,Aggregated,0.200000,0.000000,7,8,13,22,24,49,52,140,140,140,140,77,0,7,14.207307792453143,5.5525999996461906,138.236799997685,7160.675324675325
1782215997,2,,Aggregated,0.200000,0.000000,7,8,13,22,24,49,52,140,140,140,140,78,0,7,14.17604358991808,5.5525999996461906,138.236799997685,7203.474358974359
1782215998,2,,Aggregated,0.200000,0.000000,7,8,13,22,24,49,52,140,140,140,140,78,0,7,14.17604358991808,5.5525999996461906,138.236799997685,7203.474358974359
1782215999,2,,Aggregated,0.200000,0.000000,7,8,13,22,24,49,52,140,140,140,140,78,0,7,14.17604358991808,5.5525999996461906,138.236799997685,7203.474358974359
1782216000,2,,Aggregated,0.200000,0.000000,7,8,13,22,24,49,52,140,140,140,140,78,0,7,14.17604358991808,5.5525999996461906,138.236799997685,7203.474358974359
1782216001,2,,Aggregated,0.300000,0.000000,7,8,13,22,24,49,52,140,140,140,140,79,0,7,14.075670886270501,5.5525999996461906,138.236799997685,7186.53164556962
1782216002,2,,Aggregated,0.300000,0.000000,7,8,13,22,24,49,52,140,140,140,140,79,0,7,14.075670886270501,5.5525999996461906,138.236799997685,7186.53164556962
1782216003,2,,Aggregated,0.300000,0.000000,7,8,13,22,24,49,52,140,140,140,140,79,0,7,14.075670886270501,5.5525999996461906,138.236799997685,7186.53164556962
1782216004,2,,Aggregated,0.300000,0.000000,7,8,13,22,24,49,52,140,140,140,140,79,0,7,14.075670886270501,5.5525999996461906,138.236799997685,7186.53164556962
1782216005,2,,Aggregated,0.200000,0.000000,7,8,13,22,24,49,52,140,140,140,140,80,0,7,14.196392500161892,5.5525999996461906,138.236799997685,7227.9375
1782216006,2,,Aggregated,0.200000,0.000000,7,8,13,22,24,49,52,140,140,140,140,80,0,7,14.196392500161892,5.5525999996461906,138.236799997685,7227.9375
1782216007,2,,Aggregated,0.200000,0.000000,7,8,13,22,24,49,52,140,140,140,140,80,0,7,14.196392500161892,5.5525999996461906,138.236799997685,7227.9375
1782216008,2,,Aggregated,0.300000,0.000000,7,8,13,22,24,46,52,140,140,140,140,81,0,7,14.165837037176566,5.5525999996461906,138.236799997685,7268.320987654321
1782216009,2,,Aggregated,0.300000,0.000000,7,8,13,22,24,46,52,140,140,140,140,81,0,7,14.165837037176566,5.5525999996461906,138.236799997685,7268.320987654321
1782216010,2,,Aggregated,0.300000,0.000000,7,8,13,22,24,46,52,140,140,140,140,81,0,7,14.165837037176566,5.5525999996461906,138.236799997685,7268.320987654321
1782216011,2,,Aggregated,0.300000,0.000000,7,8,13,22,24,46,52,140,140,140,140,81,0,7,14.165837037176566,5.5525999996461906,138.236799997685,7268.320987654321
1782216012,2,,Aggregated,0.300000,0.000000,7,8,13,22,24,46,52,140,140,140,140,81,0,7,14.165837037176566,5.5525999996461906,138.236799997685,7268.320987654321
1782216013,2,,Aggregated,0.300000,0.000000,7,11,13,22,24,46,52,140,140,140,140,82,0,7,14.309230487969018,5.5525999996461906,138.236799997685,7307.719512195122
1782216014,2,,Aggregated,0.300000,0.000000,7,11,13,22,24,46,52,140,140,140,140,82,0,7,14.309230487969018,5.5525999996461906,138.236799997685,7307.719512195122
1782216015,2,,Aggregated,0.200000,0.000000,7,11,13,22,24,46,52,140,140,140,140,83,0,7,14.274793976047553,5.5525999996461906,138.236799997685,7346.168674698795
1782216016,2,,Aggregated,0.200000,0.000000,7,11,13,22,24,46,52,140,140,140,140,83,0,7,14.274793976047553,5.5525999996461906,138.236799997685,7346.168674698795
1782216017,2,,Aggregated,0.200000,0.000000,7,11,13,22,24,46,52,140,140,140,140,83,0,7,14.274793976047553,5.5525999996461906,138.236799997685,7346.168674698795
1782216018,2,,Aggregated,0.200000,0.000000,7,11,13,22,24,46,52,140,140,140,140,83,0,7,14.274793976047553,5.5525999996461906,138.236799997685,7346.168674698795
1782216019,2,,Aggregated,0.200000,0.000000,7,11,13,22,24,46,52,140,140,140,140,83,0,7,14.274793976047553,5.5525999996461906,138.236799997685,7346.168674698795
1782216020,2,,Aggregated,0.200000,0.000000,7,11,13,22,24,46,52,140,140,140,140,83,0,7,14.274793976047553,5.5525999996461906,138.236799997685,7346.168674698795
1782216021,2,,Aggregated,0.200000,0.000000,7,11,13,23,26,46,52,140,140,140,140,84,0,7,14.60540714296734,5.5525999996461906,138.236799997685,7383.702380952381
1782216022,2,,Aggregated,0.200000,0.000000,7,11,13,23,26,46,52,140,140,140,140,85,0,7,14.514280000088654,5.5525999996461906,138.236799997685,7365.835294117647
1782216023,2,,Aggregated,0.200000,0.000000,7,11,13,23,26,46,52,140,140,140,140,85,0,7,14.514280000088654,5.5525999996461906,138.236799997685,7365.835294117647
1782216024,2,,Aggregated,0.200000,0.000000,7,11,13,23,26,46,52,140,140,140,140,85,0,7,14.514280000088654,5.5525999996461906,138.236799997685,7365.835294117647
1782216025,2,,Aggregated,0.200000,0.000000,7,11,13,23,26,46,52,140,140,140,140,85,0,7,14.514280000088654,5.5525999996461906,138.236799997685,7365.835294117647
1782216026,2,,Aggregated,0.200000,0.000000,7,11,13,23,26,46,52,140,140,140,140,85,0,7,14.514280000088654,5.5525999996461906,138.236799997685,7365.835294117647
1782216027,2,,Aggregated,0.200000,0.000000,7,11,13,23,26,46,52,140,140,140,140,85,0,7,14.514280000088654,5.5525999996461906,138.236799997685,7365.835294117647
1782216028,2,,Aggregated,0.200000,0.000000,7,11,13,23,26,46,52,140,140,140,140,85,0,7,14.514280000088654,5.5525999996461906,138.236799997685,7365.835294117647
1782216029,2,,Aggregated,0.200000,0.000000,7,11,13,23,26,46,52,140,140,140,140,85,0,7,14.514280000088654,5.5525999996461906,138.236799997685,7365.835294117647
1782216030,2,,Aggregated,0.200000,0.000000,7,11,13,22,26,46,52,140,140,140,140,87,0,7,14.524725287377931,5.5525999996461906,138.236799997685,7384.597701149425
1782216031,2,,Aggregated,0.200000,0.000000,7,11,13,22,26,46,52,140,140,140,140,87,0,7,14.524725287377931,5.5525999996461906,138.236799997685,7384.597701149425
1782216032,2,,Aggregated,0.200000,0.000000,7,11,13,22,26,46,52,140,140,140,140,87,0,7,14.524725287377931,5.5525999996461906,138.236799997685,7384.597701149425
1782216033,2,,Aggregated,0.200000,0.000000,7,11,13,22,26,46,52,140,140,140,140,87,0,7,14.524725287377931,5.5525999996461906,138.236799997685,7384.597701149425
1782216034,2,,Aggregated,0.200000,0.000000,7,11,13,22,26,46,52,140,140,140,140,87,0,7,14.524725287377931,5.5525999996461906,138.236799997685,7384.597701149425
1782216035,2,,Aggregated,0.200000,0.000000,7,11,13,22,26,46,52,140,140,140,140,87,0,7,14.524725287377931,5.5525999996461906,138.236799997685,7384.597701149425
1782216036,2,,Aggregated,0.200000,0.000000,7,11,13,23,26,46,52,140,140,140,140,89,0,7,14.554856179754271,5.5525999996461906,138.236799997685,7402.516853932584
1782216037,2,,Aggregated,0.200000,0.000000,7,11,13,23,26,46,52,140,140,140,140,89,0,7,14.554856179754271,5.5525999996461906,138.236799997685,7402.516853932584
1782216038,2,,Aggregated,0.200000,0.000000,7,11,13,23,26,46,52,140,140,140,140,89,0,7,14.554856179754271,5.5525999996461906,138.236799997685,7402.516853932584
1782216039,2,,Aggregated,0.200000,0.000000,7,11,13,23,26,46,52,140,140,140,140,89,0,7,14.554856179754271,5.5525999996461906,138.236799997685,7402.516853932584
1782216040,2,,Aggregated,0.200000,0.000000,7,11,13,23,26,46,52,140,140,140,140,89,0,7,14.554856179754271,5.5525999996461906,138.236799997685,7402.516853932584
1782216041,2,,Aggregated,0.400000,0.000000,7,11,13,23,26,46,52,140,140,140,140,90,0,7,14.460963333355418,5.5525999996461906,138.236799997685,7376.788888888889
1782216042,2,,Aggregated,0.400000,0.000000,7,11,13,23,26,46,52,140,140,140,140,90,0,7,14.460963333355418,5.5525999996461906,138.236799997685,7376.788888888889
1782216043,2,,Aggregated,0.400000,0.000000,7,11,13,23,26,46,52,140,140,140,140,90,0,7,14.460963333355418,5.5525999996461906,138.236799997685,7376.788888888889
1782216044,2,,Aggregated,0.400000,0.000000,7,11,13,23,26,46,52,140,140,140,140,90,0,7,14.460963333355418,5.5525999996461906,138.236799997685,7376.788888888889
1782216046,2,,Aggregated,0.300000,0.000000,7,12,21,23,26,46,52,140,140,140,140,91,0,7,14.71121648357219,5.5525999996461906,138.236799997685,7411.0989010989015
1782216047,2,,Aggregated,0.300000,0.000000,7,12,21,23,26,46,52,140,140,140,140,91,0,7,14.71121648357219,5.5525999996461906,138.236799997685,7411.0989010989015
1782216048,2,,Aggregated,0.300000,0.000000,7,12,21,23,26,46,52,140,140,140,140,91,0,7,14.71121648357219,5.5525999996461906,138.236799997685,7411.0989010989015
1782216049,2,,Aggregated,0.300000,0.000000,7,12,21,23,26,46,52,140,140,140,140,91,0,7,14.71121648357219,5.5525999996461906,138.236799997685,7411.0989010989015
1782216050,2,,Aggregated,0.300000,0.000000,7,12,21,23,26,46,52,140,140,140,140,91,0,7,14.71121648357219,5.5525999996461906,138.236799997685,7411.0989010989015
1782216051,2,,Aggregated,0.200000,0.000000,7,12,22,23,29,46,52,140,140,140,140,92,0,7,14.861844565292932,5.5525999996461906,138.236799997685,7444.663043478261
1782216052,2,,Aggregated,0.200000,0.000000,7,12,22,23,29,46,52,140,140,140,140,93,0,7,14.950209677467242,5.5525999996461906,138.236799997685,7477.5053763440865
1782216053,2,,Aggregated,0.200000,0.000000,7,12,22,23,29,46,52,140,140,140,140,93,0,7,14.950209677467242,5.5525999996461906,138.236799997685,7477.5053763440865
1782216054,2,,Aggregated,0.200000,0.000000,7,12,22,23,29,46,52,140,140,140,140,93,0,7,14.950209677467242,5.5525999996461906,138.236799997685,7477.5053763440865
1782216055,2,,Aggregated,0.300000,0.000000,7,12,22,23,29,46,52,140,140,140,140,94,0,7,14.862311702172713,5.5525999996461906,138.236799997685,7452.074468085107
1782216056,2,,Aggregated,0.300000,0.000000,7,12,22,23,29,46,52,140,140,140,140,94,0,7,14.862311702172713,5.5525999996461906,138.236799997685,7452.074468085107
1782216057,2,,Aggregated,0.300000,0.000000,7,12,22,23,29,46,52,140,140,140,140,94,0,7,14.862311702172713,5.5525999996461906,138.236799997685,7452.074468085107
1782216058,2,,Aggregated,0.300000,0.000000,7,12,22,23,29,46,52,140,140,140,140,94,0,7,14.862311702172713,5.5525999996461906,138.236799997685,7452.074468085107
1782216059,2,,Aggregated,0.300000,0.000000,7,12,22,23,29,46,52,140,140,140,140,94,0,7,14.862311702172713,5.5525999996461906,138.236799997685,7452.074468085107
1782216060,2,,Aggregated,0.300000,0.000000,7,12,22,23,29,46,52,140,140,140,140,95,0,7,14.776147368492706,5.5525999996461906,138.236799997685,7435.368421052632
1782216061,2,,Aggregated,0.300000,0.000000,7,12,22,23,29,46,52,140,140,140,140,95,0,7,14.776147368492706,5.5525999996461906,138.236799997685,7435.368421052632
1782216062,2,,Aggregated,0.300000,0.000000,7,12,22,23,29,46,52,140,140,140,140,95,0,7,14.776147368492706,5.5525999996461906,138.236799997685,7435.368421052632
1782216063,2,,Aggregated,0.400000,0.000000,7,12,22,23,29,46,52,140,140,140,140,96,0,7,14.87259375001789,5.5525999996461906,138.236799997685,7467.28125
1782216064,2,,Aggregated,0.400000,0.000000,7,12,22,23,29,46,52,140,140,140,140,96,0,7,14.87259375001789,5.5525999996461906,138.236799997685,7467.28125
1782216065,2,,Aggregated,0.400000,0.000000,7,12,22,23,29,46,52,140,140,140,140,96,0,7,14.87259375001789,5.5525999996461906,138.236799997685,7467.28125
1782216066,2,,Aggregated,0.300000,0.000000,7,12,22,23,29,46,52,140,140,140,140,97,0,7,14.858368041216439,5.5525999996461906,138.236799997685,7498.5360824742265
1782216067,2,,Aggregated,0.300000,0.000000,7,12,22,23,29,46,52,140,140,140,140,97,0,7,14.858368041216439,5.5525999996461906,138.236799997685,7498.5360824742265
1782216068,2,,Aggregated,0.300000,0.000000,7,12,22,23,29,46,52,140,140,140,140,97,0,7,14.858368041216439,5.5525999996461906,138.236799997685,7498.5360824742265
1782216069,2,,Aggregated,0.300000,0.000000,7,12,22,23,29,46,52,140,140,140,140,98,0,7,14.966634693894088,5.5525999996461906,138.236799997685,7529.15306122449
1782216070,2,,Aggregated,0.300000,0.000000,7,12,22,23,29,46,52,140,140,140,140,98,0,7,14.966634693894088,5.5525999996461906,138.236799997685,7529.15306122449
1782216071,2,,Aggregated,0.300000,0.000000,7,12,22,23,29,46,52,140,140,140,140,98,0,7,14.966634693894088,5.5525999996461906,138.236799997685,7529.15306122449
1782216072,2,,Aggregated,0.300000,0.000000,7,12,22,23,29,46,52,140,140,140,140,98,0,7,14.966634693894088,5.5525999996461906,138.236799997685,7529.15306122449
1782216073,2,,Aggregated,0.300000,0.000000,7,12,22,23,29,46,52,140,140,140,140,98,0,7,14.966634693894088,5.5525999996461906,138.236799997685,7529.15306122449
1782216074,2,,Aggregated,0.300000,0.000000,7,12,22,23,29,46,52,140,140,140,140,98,0,7,14.966634693894088,5.5525999996461906,138.236799997685,7529.15306122449
1782216075,2,,Aggregated,0.300000,0.000000,7,12,22,23,29,46,52,140,140,140,140,98,0,7,14.966634693894088,5.5525999996461906,138.236799997685,7529.15306122449
1782216076,2,,Aggregated,0.200000,0.000000,7,12,22,23,29,46,52,140,140,140,140,100,0,7,15.041888000123436,5.5525999996461906,138.236799997685,7534.43
1782216077,2,,Aggregated,0.200000,0.000000,7,12,22,23,29,46,52,140,140,140,140,100,0,7,15.041888000123436,5.5525999996461906,138.236799997685,7534.43
1782216078,2,,Aggregated,0.200000,0.000000,7,12,22,23,29,46,52,140,140,140,140,100,0,7,15.041888000123436,5.5525999996461906,138.236799997685,7534.43
1782216079,2,,Aggregated,0.200000,0.000000,7,12,22,23,29,46,52,140,140,140,140,100,0,7,15.041888000123436,5.5525999996461906,138.236799997685,7534.43
1782216080,2,,Aggregated,0.200000,0.000000,7,12,22,23,29,46,52,140,140,140,140,100,0,7,15.041888000123436,5.5525999996461906,138.236799997685,7534.43
1782216081,2,,Aggregated,0.200000,0.000000,7,12,22,23,29,46,52,140,140,140,140,100,0,7,15.041888000123436,5.5525999996461906,138.236799997685,7534.43
1782216082,2,,Aggregated,0.200000,0.000000,7,12,22,23,29,46,52,140,140,140,140,100,0,7,15.041888000123436,5.5525999996461906,138.236799997685,7534.43
1782216083,2,,Aggregated,0.200000,0.000000,7,12,22,23,29,46,52,140,140,140,140,100,0,7,15.041888000123436,5.5525999996461906,138.236799997685,7534.43
1782216084,2,,Aggregated,0.200000,0.000000,7,12,22,23,29,45,52,52,140,140,140,101,0,7,15.175649505091306,5.5525999996461906,138.236799997685,7563.782178217822
1782216085,2,,Aggregated,0.200000,0.000000,8,12,23,23,29,45,52,52,140,140,140,102,0,7,15.35459705893813,5.5525999996461906,138.236799997685,7592.558823529412
1782216086,2,,Aggregated,0.200000,0.000000,8,12,23,23,29,45,52,52,140,140,140,102,0,7,15.35459705893813,5.5525999996461906,138.236799997685,7592.558823529412
1782216087,2,,Aggregated,0.200000,0.000000,8,12,23,23,29,45,52,52,140,140,140,102,0,7,15.35459705893813,5.5525999996461906,138.236799997685,7592.558823529412
1782216088,2,,Aggregated,0.200000,0.000000,8,12,23,23,29,45,52,52,140,140,140,102,0,7,15.35459705893813,5.5525999996461906,138.236799997685,7592.558823529412
1782216089,2,,Aggregated,0.200000,0.000000,8,12,23,23,29,45,52,52,140,140,140,102,0,7,15.35459705893813,5.5525999996461906,138.236799997685,7592.558823529412
1782216090,2,,Aggregated,0.200000,0.000000,8,12,23,23,29,45,52,52,140,140,140,102,0,7,15.35459705893813,5.5525999996461906,138.236799997685,7592.558823529412
1782216091,2,,Aggregated,0.200000,0.000000,7,12,23,23,29,45,52,52,140,140,140,103,0,7,15.265635922421177,5.5525999996461906,138.236799997685,7568.233009708738
1782216092,2,,Aggregated,0.200000,0.000000,8,12,23,23,29,45,52,52,140,140,140,104,0,7,15.36005192317064,5.5525999996461906,138.236799997685,7596.413461538462
1782216093,2,,Aggregated,0.200000,0.000000,8,12,23,23,29,45,52,52,140,140,140,104,0,7,15.36005192317064,5.5525999996461906,138.236799997685,7596.413461538462
1782216094,2,,Aggregated,0.200000,0.000000,8,12,23,23,29,45,52,52,140,140,140,104,0,7,15.36005192317064,5.5525999996461906,138.236799997685,7596.413461538462
1782216095,2,,Aggregated,0.200000,0.000000,8,12,23,23,29,45,52,52,140,140,140,104,0,7,15.36005192317064,5.5525999996461906,138.236799997685,7596.413461538462
1782216096,2,,Aggregated,0.200000,0.000000,8,12,23,23,29,45,52,52,140,140,140,104,0,7,15.36005192317064,5.5525999996461906,138.236799997685,7596.413461538462
1782216097,2,,Aggregated,0.200000,0.000000,8,12,23,23,29,45,52,52,140,140,140,104,0,7,15.36005192317064,5.5525999996461906,138.236799997685,7596.413461538462
1782216098,2,,Aggregated,0.200000,0.000000,8,12,23,23,29,45,52,52,140,140,140,104,0,7,15.36005192317064,5.5525999996461906,138.236799997685,7596.413461538462
1782216099,2,,Aggregated,0.200000,0.000000,8,13,23,24,29,45,52,52,140,140,140,105,0,8,15.43945238102294,5.5525999996461906,138.236799997685,7624.057142857143
1782216100,2,,Aggregated,0.200000,0.000000,8,13,23,24,29,45,52,52,140,140,140,105,0,8,15.43945238102294,5.5525999996461906,138.236799997685,7624.057142857143
1782216101,2,,Aggregated,0.300000,0.000000,8,12,23,23,29,45,52,52,140,140,140,106,0,7,15.352898113221427,5.5525999996461906,138.236799997685,7600.122641509434
1782216102,2,,Aggregated,0.300000,0.000000,8,12,23,23,29,45,52,52,140,140,140,106,0,7,15.352898113221427,5.5525999996461906,138.236799997685,7600.122641509434
1782216103,2,,Aggregated,0.300000,0.000000,8,12,23,23,29,45,52,52,140,140,140,106,0,7,15.352898113221427,5.5525999996461906,138.236799997685,7600.122641509434
1782216104,2,,Aggregated,0.300000,0.000000,8,12,23,23,29,45,52,52,140,140,140,106,0,7,15.352898113221427,5.5525999996461906,138.236799997685,7600.122641509434
1782216105,2,,Aggregated,0.300000,0.000000,8,12,23,23,29,45,52,52,140,140,140,106,0,7,15.352898113221427,5.5525999996461906,138.236799997685,7600.122641509434
1782216106,2,,Aggregated,0.300000,0.000000,8,12,23,23,29,45,52,52,140,140,140,106,0,7,15.352898113221427,5.5525999996461906,138.236799997685,7600.122641509434
1782216107,2,,Aggregated,0.200000,0.000000,8,13,23,24,33,46,52,52,140,140,140,108,0,8,15.669824999955987,5.5525999996461906,138.236799997685,7653.805555555556
1782216108,2,,Aggregated,0.200000,0.000000,8,13,23,24,33,46,52,52,140,140,140,108,0,8,15.669824999955987,5.5525999996461906,138.236799997685,7653.805555555556
1782216109,2,,Aggregated,0.200000,0.000000,8,13,23,24,33,46,52,52,140,140,140,108,0,8,15.669824999955987,5.5525999996461906,138.236799997685,7653.805555555556
1782216110,2,,Aggregated,0.200000,0.000000,8,13,23,24,33,46,52,52,140,140,140,108,0,8,15.669824999955987,5.5525999996461906,138.236799997685,7653.805555555556
1782216111,2,,Aggregated,0.200000,0.000000,8,13,23,24,33,46,52,52,140,140,140,108,0,8,15.669824999955987,5.5525999996461906,138.236799997685,7653.805555555556
1782216112,2,,Aggregated,0.300000,0.000000,8,13,23,24,33,46,52,52,140,140,140,109,0,8,15.587931192627416,5.5525999996461906,138.236799997685,7630.256880733945
1782216113,2,,Aggregated,0.300000,0.000000,8,13,23,24,33,46,52,52,140,140,140,109,0,8,15.587931192627416,5.5525999996461906,138.236799997685,7630.256880733945
1782216114,2,,Aggregated,0.300000,0.000000,8,13,23,24,33,46,52,52,140,140,140,109,0,8,15.587931192627416,5.5525999996461906,138.236799997685,7630.256880733945
1782216115,2,,Aggregated,0.300000,0.000000,8,13,23,24,33,46,52,52,140,140,140,110,0,8,15.669275454473047,5.5525999996461906,138.236799997685,7656.336363636364
1782216116,2,,Aggregated,0.300000,0.000000,8,13,23,24,33,46,52,52,140,140,140,110,0,8,15.669275454473047,5.5525999996461906,138.236799997685,7656.336363636364
1782216117,2,,Aggregated,0.300000,0.000000,8,13,23,24,29,46,52,52,140,140,140,111,0,8,15.594842342260243,5.5525999996461906,138.236799997685,7640.198198198198
1782216118,2,,Aggregated,0.300000,0.000000,8,13,23,24,29,46,52,52,140,140,140,111,0,8,15.594842342260243,5.5525999996461906,138.236799997685,7640.198198198198
1782216119,2,,Aggregated,0.300000,0.000000,8,13,23,24,29,46,52,52,140,140,140,111,0,8,15.594842342260243,5.5525999996461906,138.236799997685,7640.198198198198
1782216120,2,,Aggregated,0.300000,0.000000,8,13,23,24,29,46,52,52,140,140,140,111,0,8,15.594842342260243,5.5525999996461906,138.236799997685,7640.198198198198
1782216121,2,,Aggregated,0.300000,0.000000,8,13,23,24,29,46,52,52,140,140,140,111,0,8,15.594842342260243,5.5525999996461906,138.236799997685,7640.198198198198
1782216122,2,,Aggregated,0.300000,0.000000,8,13,23,24,29,46,52,52,140,140,140,111,0,8,15.594842342260243,5.5525999996461906,138.236799997685,7640.198198198198
1782216123,2,,Aggregated,0.300000,0.000000,8,13,23,24,29,46,52,52,140,140,140,112,0,8,15.660334821339868,5.5525999996461906,138.236799997685,7665.723214285715
1782216124,2,,Aggregated,0.300000,0.000000,8,13,23,24,29,46,52,52,140,140,140,112,0,8,15.660334821339868,5.5525999996461906,138.236799997685,7665.723214285715
1782216125,2,,Aggregated,0.200000,0.000000,8,13,23,24,29,46,52,52,140,140,140,114,0,8,15.612790350771096,5.5525999996461906,138.236799997685,7703.7192982456145
1782216126,2,,Aggregated,0.200000,0.000000,8,13,23,24,29,46,52,52,140,140,140,114,0,8,15.612790350771096,5.5525999996461906,138.236799997685,7703.7192982456145
1782216127,2,,Aggregated,0.300000,0.000000,8,13,23,24,29,46,52,52,140,140,140,115,0,8,15.526927826020097,5.5525999996461906,138.236799997685,7687.730434782608
1782216128,2,,Aggregated,0.300000,0.000000,8,13,23,24,29,46,52,52,140,140,140,115,0,8,15.526927826020097,5.5525999996461906,138.236799997685,7687.730434782608
1782216129,2,,Aggregated,0.300000,0.000000,8,13,23,24,29,46,52,52,140,140,140,115,0,8,15.526927826020097,5.5525999996461906,138.236799997685,7687.730434782608
1782216130,2,,Aggregated,0.300000,0.000000,8,13,23,24,29,46,52,52,140,140,140,115,0,8,15.526927826020097,5.5525999996461906,138.236799997685,7687.730434782608
1782216131,2,,Aggregated,0.300000,0.000000,8,13,23,24,29,46,52,52,140,140,140,115,0,8,15.526927826020097,5.5525999996461906,138.236799997685,7687.730434782608
1782216132,2,,Aggregated,0.400000,0.000000,8,13,23,23,29,46,52,52,140,140,140,116,0,8,15.448728448220585,5.5525999996461906,138.236799997685,7672.017241379311
1782216133,2,,Aggregated,0.400000,0.000000,8,13,23,23,29,46,52,52,140,140,140,116,0,8,15.448728448220585,5.5525999996461906,138.236799997685,7672.017241379311
1782216134,2,,Aggregated,0.400000,0.000000,8,13,23,23,29,46,52,52,140,140,140,116,0,8,15.448728448220585,5.5525999996461906,138.236799997685,7672.017241379311
1782216135,2,,Aggregated,0.500000,0.000000,8,13,23,24,30,46,52,52,140,140,140,117,0,8,15.570859829051933,5.5525999996461906,138.236799997685,7696.179487179487
1782216136,2,,Aggregated,0.500000,0.000000,8,13,23,24,30,46,52,52,140,140,140,117,0,8,15.570859829051933,5.5525999996461906,138.236799997685,7696.179487179487
1782216137,2,,Aggregated,0.500000,0.000000,8,13,23,24,30,46,52,52,140,140,140,117,0,8,15.570859829051933,5.5525999996461906,138.236799997685,7696.179487179487
1782216138,2,,Aggregated,0.500000,0.000000,8,13,23,24,30,46,52,52,140,140,140,117,0,8,15.570859829051933,5.5525999996461906,138.236799997685,7696.179487179487
1782216139,2,,Aggregated,0.500000,0.000000,8,13,23,24,30,46,52,52,140,140,140,117,0,8,15.570859829051933,5.5525999996461906,138.236799997685,7696.179487179487
1782216140,2,,Aggregated,0.200000,0.000000,8,13,23,24,30,46,52,52,140,140,140,118,0,8,15.49244661016589,5.5525999996461906,138.236799997685,7680.661016949152
1782216141,2,,Aggregated,0.200000,0.000000,8,13,23,24,30,46,52,52,140,140,140,118,0,8,15.49244661016589,5.5525999996461906,138.236799997685,7680.661016949152
1782216142,2,,Aggregated,0.200000,0.000000,8,13,23,24,30,46,52,52,140,140,140,118,0,8,15.49244661016589,5.5525999996461906,138.236799997685,7680.661016949152
1782216143,2,,Aggregated,0.300000,0.000000,8,13,23,24,30,46,52,52,140,140,140,119,0,8,15.41389159665261,5.5525999996461906,138.236799997685,7665.403361344538
1782216144,2,,Aggregated,0.300000,0.000000,8,13,23,24,30,46,52,52,140,140,140,120,0,7,15.33963333331485,5.5525999996461906,138.236799997685,7650.4
1782216145,2,,Aggregated,0.300000,0.000000,8,13,23,24,30,46,52,52,140,140,140,120,0,7,15.33963333331485,5.5525999996461906,138.236799997685,7650.4
1782216147,2,,Aggregated,0.300000,0.000000,8,13,23,24,30,46,52,52,140,140,140,120,0,7,15.33963333331485,5.5525999996461906,138.236799997685,7650.4
1782216148,2,,Aggregated,0.300000,0.000000,8,13,23,24,30,46,52,52,140,140,140,120,0,7,15.33963333331485,5.5525999996461906,138.236799997685,7650.4
1782216149,2,,Aggregated,0.300000,0.000000,8,13,23,24,30,46,52,52,140,140,140,120,0,7,15.33963333331485,5.5525999996461906,138.236799997685,7650.4
1782216150,2,,Aggregated,0.300000,0.000000,8,13,23,24,30,46,52,52,140,140,140,120,0,7,15.33963333331485,5.5525999996461906,138.236799997685,7650.4
1782216151,2,,Aggregated,0.300000,0.000000,8,13,23,24,30,46,52,52,140,140,140,120,0,7,15.33963333331485,5.5525999996461906,138.236799997685,7650.4
1782216152,2,,Aggregated,0.300000,0.000000,7,13,23,23,29,45,52,52,140,140,140,122,0,7,15.186236065585303,5.5525999996461906,138.236799997685,7614.754098360656
1782216153,2,,Aggregated,0.300000,0.000000,7,13,23,23,29,45,52,52,140,140,140,122,0,7,15.186236065585303,5.5525999996461906,138.236799997685,7614.754098360656
1782216154,2,,Aggregated,0.300000,0.000000,7,13,23,23,29,45,52,52,140,140,140,122,0,7,15.186236065585303,5.5525999996461906,138.236799997685,7614.754098360656
1782216155,2,,Aggregated,0.300000,0.000000,7,13,23,23,29,45,52,52,140,140,140,122,0,7,15.186236065585303,5.5525999996461906,138.236799997685,7614.754098360656
1782216156,2,,Aggregated,0.300000,0.000000,7,13,23,23,29,45,52,52,140,140,140,122,0,7,15.186236065585303,5.5525999996461906,138.236799997685,7614.754098360656
1782216157,2,,Aggregated,0.300000,0.000000,7,13,23,23,29,45,52,52,140,140,140,123,0,7,15.114152845543265,5.5525999996461906,138.236799997685,7594.20325203252
1782216158,2,,Aggregated,0.200000,0.000000,7,12,23,23,29,45,52,52,140,140,140,124,0,7,15.037966129086506,5.5525999996461906,138.236799997685,7580.258064516129
1782216159,2,,Aggregated,0.200000,0.000000,7,12,23,23,29,45,52,52,140,140,140,124,0,7,15.037966129086506,5.5525999996461906,138.236799997685,7580.258064516129
1782216160,2,,Aggregated,0.200000,0.000000,7,12,23,23,29,45,52,52,140,140,140,124,0,7,15.037966129086506,5.5525999996461906,138.236799997685,7580.258064516129
1782216161,2,,Aggregated,0.200000,0.000000,7,12,23,23,29,45,52,52,140,140,140,124,0,7,15.037966129086506,5.5525999996461906,138.236799997685,7580.258064516129
1782216162,2,,Aggregated,0.200000,0.000000,7,12,23,23,29,45,52,52,140,140,140,124,0,7,15.037966129086506,5.5525999996461906,138.236799997685,7580.258064516129
1782216163,2,,Aggregated,0.200000,0.000000,7,12,23,23,29,45,52,52,140,140,140,124,0,7,15.037966129086506,5.5525999996461906,138.236799997685,7580.258064516129
1782216164,2,,Aggregated,0.300000,0.000000,7,12,23,23,29,45,52,52,140,140,140,126,0,7,14.902099206434315,5.5525999996461906,138.236799997685,7546.857142857143
1782216165,2,,Aggregated,0.300000,0.000000,7,12,23,23,29,45,52,52,140,140,140,126,0,7,14.902099206434315,5.5525999996461906,138.236799997685,7546.857142857143
1782216166,2,,Aggregated,0.300000,0.000000,7,12,23,23,29,45,52,52,140,140,140,126,0,7,14.902099206434315,5.5525999996461906,138.236799997685,7546.857142857143
1782216167,2,,Aggregated,0.300000,0.000000,7,12,23,23,29,45,52,52,140,140,140,126,0,7,14.902099206434315,5.5525999996461906,138.236799997685,7546.857142857143
1782216168,2,,Aggregated,0.300000,0.000000,7,12,23,23,29,45,52,52,140,140,140,126,0,7,14.902099206434315,5.5525999996461906,138.236799997685,7546.857142857143
1782216169,2,,Aggregated,0.300000,0.000000,7,12,23,23,29,45,52,52,140,140,140,126,0,7,14.902099206434315,5.5525999996461906,138.236799997685,7546.857142857143
1782216170,2,,Aggregated,0.200000,0.000000,7,12,23,23,30,45,52,52,140,140,140,127,0,7,15.123852756019685,5.5525999996461906,138.236799997685,7570.102362204724
1782216171,2,,Aggregated,0.200000,0.000000,7,12,23,23,30,45,52,52,140,140,140,127,0,7,15.123852756019685,5.5525999996461906,138.236799997685,7570.102362204724
1782216172,2,,Aggregated,0.200000,0.000000,7,12,23,23,30,45,52,52,140,140,140,127,0,7,15.123852756019685,5.5525999996461906,138.236799997685,7570.102362204724
1782216173,2,,Aggregated,0.200000,0.000000,7,12,23,23,30,45,52,52,140,140,140,128,0,7,15.060664062616524,5.5525999996461906,138.236799997685,7556.78125
1782216174,2,,Aggregated,0.200000,0.000000,7,12,23,23,30,45,52,52,140,140,140,128,0,7,15.060664062616524,5.5525999996461906,138.236799997685,7556.78125
1782216175,2,,Aggregated,0.200000,0.000000,7,12,23,23,30,45,52,52,140,140,140,128,0,7,15.060664062616524,5.5525999996461906,138.236799997685,7556.78125
1782216176,2,,Aggregated,0.200000,0.000000,7,12,23,23,30,45,52,52,140,140,140,128,0,7,15.060664062616524,5.5525999996461906,138.236799997685,7556.78125
1782216177,2,,Aggregated,0.300000,0.000000,7,13,23,24,30,45,52,52,140,140,140,129,0,7,15.13700155051048,5.5525999996461906,138.236799997685,7579.589147286822
1782216178,2,,Aggregated,0.300000,0.000000,7,13,23,24,30,45,52,52,140,140,140,129,0,7,15.13700155051048,5.5525999996461906,138.236799997685,7579.589147286822
1782216179,2,,Aggregated,0.200000,0.000000,7,12,23,24,30,45,52,52,140,140,140,130,0,7,15.068290000132178,5.5525999996461906,138.236799997685,7566.4
1782216180,2,,Aggregated,0.200000,0.000000,7,12,23,24,30,45,52,52,140,140,140,130,0,7,15.068290000132178,5.5525999996461906,138.236799997685,7566.4
1782216181,2,,Aggregated,0.200000,0.000000,7,12,23,24,30,45,52,52,140,140,140,130,0,7,15.068290000132178,5.5525999996461906,138.236799997685,7566.4
1782216182,2,,Aggregated,0.200000,0.000000,7,12,23,24,30,45,52,52,140,140,140,130,0,7,15.068290000132178,5.5525999996461906,138.236799997685,7566.4
1782216183,2,,Aggregated,0.200000,0.000000,7,12,23,24,30,45,52,52,140,140,140,130,0,7,15.068290000132178,5.5525999996461906,138.236799997685,7566.4
1782216184,2,,Aggregated,0.300000,0.000000,7,12,23,23,29,45,52,52,140,140,140,131,0,7,15.006011450529465,5.5525999996461906,138.236799997685,7547.473282442748
1782216185,2,,Aggregated,0.300000,0.000000,7,12,23,23,29,45,52,52,140,140,140,132,0,7,14.94341666682775,5.5525999996461906,138.236799997685,7534.727272727273
1782216186,2,,Aggregated,0.300000,0.000000,7,12,23,23,29,45,52,52,140,140,140,132,0,7,14.94341666682775,5.5525999996461906,138.236799997685,7534.727272727273
1782216187,2,,Aggregated,0.300000,0.000000,7,12,23,23,29,45,52,52,140,140,140,132,0,7,14.94341666682775,5.5525999996461906,138.236799997685,7534.727272727273
1782216188,2,,Aggregated,0.300000,0.000000,7,12,23,23,29,45,52,52,140,140,140,132,0,7,14.94341666682775,5.5525999996461906,138.236799997685,7534.727272727273
1782216189,2,,Aggregated,0.400000,0.000000,7,12,23,23,29,45,52,52,140,140,140,133,0,7,14.999556391175199,5.5525999996461906,138.236799997685,7557.015037593985
1782216190,2,,Aggregated,0.400000,0.000000,7,12,23,23,29,45,52,52,140,140,140,133,0,7,14.999556391175199,5.5525999996461906,138.236799997685,7557.015037593985
1782216191,2,,Aggregated,0.400000,0.000000,7,12,23,23,29,45,52,52,140,140,140,133,0,7,14.999556391175199,5.5525999996461906,138.236799997685,7557.015037593985
1782216192,2,,Aggregated,0.300000,0.000000,7,12,23,23,29,45,52,52,140,140,140,134,0,7,14.928550000190421,5.484699999215081,138.236799997685,7538.582089552238
1782216193,2,,Aggregated,0.300000,0.000000,7,12,23,23,29,45,52,52,140,140,140,134,0,7,14.928550000190421,5.484699999215081,138.236799997685,7538.582089552238
1782216194,2,,Aggregated,0.300000,0.000000,7,13,23,23,29,45,52,52,140,140,140,135,0,7,14.988614074267119,5.484699999215081,138.236799997685,7560.511111111111
1782216195,2,,Aggregated,0.300000,0.000000,7,13,23,23,29,45,52,52,140,140,140,135,0,7,14.988614074267119,5.484699999215081,138.236799997685,7560.511111111111
1782216196,2,,Aggregated,0.300000,0.000000,7,13,23,23,29,45,52,52,140,140,140,135,0,7,14.988614074267119,5.484699999215081,138.236799997685,7560.511111111111
1782216197,2,,Aggregated,0.300000,0.000000,7,13,23,23,29,45,52,52,140,140,140,135,0,7,14.988614074267119,5.484699999215081,138.236799997685,7560.511111111111
1782216198,2,,Aggregated,0.300000,0.000000,7,13,23,23,29,45,52,52,140,140,140,135,0,7,14.988614074267119,5.484699999215081,138.236799997685,7560.511111111111
1782216199,2,,Aggregated,0.300000,0.000000,7,13,23,23,29,45,52,52,140,140,140,135,0,7,14.988614074267119,5.484699999215081,138.236799997685,7560.511111111111
1782216200,2,,Aggregated,0.300000,0.000000,7,13,23,23,29,45,52,52,140,140,140,135,0,7,14.988614074267119,5.484699999215081,138.236799997685,7560.511111111111
1782216201,2,,Aggregated,0.200000,0.000000,7,13,23,23,29,45,52,52,140,140,140,137,0,7,14.988088321338415,5.484699999215081,138.236799997685,7569.58394160584
1782216202,2,,Aggregated,0.200000,0.000000,7,13,23,23,29,45,52,52,140,140,140,137,0,7,14.988088321338415,5.484699999215081,138.236799997685,7569.58394160584
1782216203,2,,Aggregated,0.200000,0.000000,7,13,23,23,29,45,52,52,140,140,140,137,0,7,14.988088321338415,5.484699999215081,138.236799997685,7569.58394160584
1782216204,2,,Aggregated,0.200000,0.000000,7,13,23,23,29,45,52,52,140,140,140,137,0,7,14.988088321338415,5.484699999215081,138.236799997685,7569.58394160584
1782216205,2,,Aggregated,0.200000,0.000000,7,13,23,23,29,45,52,52,140,140,140,137,0,7,14.988088321338415,5.484699999215081,138.236799997685,7569.58394160584
1782216206,2,,Aggregated,0.200000,0.000000,7,13,23,23,29,45,52,52,140,140,140,137,0,7,14.988088321338415,5.484699999215081,138.236799997685,7569.58394160584
1782216207,2,,Aggregated,0.200000,0.000000,7,13,23,23,29,45,52,52,140,140,140,137,0,7,14.988088321338415,5.484699999215081,138.236799997685,7569.58394160584
1782216208,2,,Aggregated,0.200000,0.000000,7,13,23,23,29,45,52,52,140,140,140,138,0,7,15.051731884222649,5.484699999215081,138.236799997685,7590.811594202899
1782216209,2,,Aggregated,0.200000,0.000000,7,13,23,23,29,45,52,52,140,140,140,139,0,7,14.98452589943253,5.484699999215081,138.236799997685,7578.395683453237
1782216210,2,,Aggregated,0.200000,0.000000,7,13,23,23,29,45,52,52,140,140,140,139,0,7,14.98452589943253,5.484699999215081,138.236799997685,7578.395683453237
1782216211,2,,Aggregated,0.200000,0.000000,7,13,23,23,29,45,52,52,140,140,140,139,0,7,14.98452589943253,5.484699999215081,138.236799997685,7578.395683453237
1782216212,2,,Aggregated,0.200000,0.000000,7,13,23,23,29,45,52,52,140,140,140,139,0,7,14.98452589943253,5.484699999215081,138.236799997685,7578.395683453237
1782216213,2,,Aggregated,0.200000,0.000000,7,13,23,23,29,45,52,52,140,140,140,139,0,7,14.98452589943253,5.484699999215081,138.236799997685,7578.395683453237
1782216214,2,,Aggregated,0.200000,0.000000,7,13,23,24,29,45,52,52,140,140,140,140,0,7,15.047027143009473,5.484699999215081,138.236799997685,7599.257142857143
1782216215,2,,Aggregated,0.200000,0.000000,7,13,23,24,29,45,52,52,140,140,140,140,0,7,15.047027143009473,5.484699999215081,138.236799997685,7599.257142857143
1782216216,2,,Aggregated,0.200000,0.000000,7,13,23,23,29,43,52,52,140,140,140,141,0,7,14.993758865391442,5.484699999215081,138.236799997685,7586.95744680851
1782216217,2,,Aggregated,0.200000,0.000000,7,13,23,23,29,43,52,52,140,140,140,141,0,7,14.993758865391442,5.484699999215081,138.236799997685,7586.95744680851
1782216218,2,,Aggregated,0.200000,0.000000,7,13,23,23,29,43,52,52,140,140,140,141,0,7,14.993758865391442,5.484699999215081,138.236799997685,7586.95744680851
1782216219,2,,Aggregated,0.200000,0.000000,7,13,23,23,29,43,52,52,140,140,140,141,0,7,14.993758865391442,5.484699999215081,138.236799997685,7586.95744680851
1782216220,2,,Aggregated,0.200000,0.000000,7,13,23,23,29,43,52,52,140,140,140,141,0,7,14.993758865391442,5.484699999215081,138.236799997685,7586.95744680851
1782216221,2,,Aggregated,0.300000,0.000000,7,13,23,23,29,43,52,52,140,140,140,142,0,7,14.938288028313021,5.484699999215081,138.236799997685,7574.830985915493
1782216222,2,,Aggregated,0.300000,0.000000,7,13,23,23,29,43,52,52,140,140,140,142,0,7,14.938288028313021,5.484699999215081,138.236799997685,7574.830985915493
1782216223,2,,Aggregated,0.200000,0.000000,7,13,23,23,29,43,52,52,140,140,140,143,0,7,14.878638461659584,5.484699999215081,138.236799997685,7562.874125874126
1782216224,2,,Aggregated,0.200000,0.000000,7,13,23,23,29,43,52,52,140,140,140,143,0,7,14.878638461659584,5.484699999215081,138.236799997685,7562.874125874126
1782216225,2,,Aggregated,0.200000,0.000000,7,13,23,23,29,43,52,52,140,140,140,143,0,7,14.878638461659584,5.484699999215081,138.236799997685,7562.874125874126
1782216226,2,,Aggregated,0.200000,0.000000,7,13,23,23,29,43,52,52,140,140,140,143,0,7,14.878638461659584,5.484699999215081,138.236799997685,7562.874125874126
1782216227,2,,Aggregated,0.200000,0.000000,7,13,23,23,29,43,52,52,140,140,140,143,0,7,14.878638461659584,5.484699999215081,138.236799997685,7562.874125874126
1782216228,2,,Aggregated,0.300000,0.000000,7,13,23,24,29,43,52,52,140,140,140,144,0,7,15.025978472345336,5.484699999215081,138.236799997685,7583.263888888889
1782216229,2,,Aggregated,0.300000,0.000000,7,13,23,24,29,43,52,52,140,140,140,144,0,7,15.025978472345336,5.484699999215081,138.236799997685,7583.263888888889
1782216230,2,,Aggregated,0.200000,0.000000,7,13,23,24,29,43,52,52,140,140,140,145,0,7,14.960571034592657,5.484699999215081,138.236799997685,7571.413793103448
1782216231,2,,Aggregated,0.200000,0.000000,7,13,23,24,29,43,52,52,140,140,140,145,0,7,14.960571034592657,5.484699999215081,138.236799997685,7571.413793103448
1782216232,2,,Aggregated,0.200000,0.000000,7,13,23,24,29,43,52,52,140,140,140,145,0,7,14.960571034592657,5.484699999215081,138.236799997685,7571.413793103448
1782216233,2,,Aggregated,0.400000,0.000000,7,13,23,24,29,43,52,52,140,140,140,146,0,7,15.059020548057424,5.484699999215081,138.236799997685,7591.465753424657
1782216234,2,,Aggregated,0.400000,0.000000,7,13,23,24,29,43,52,52,140,140,140,146,0,7,15.059020548057424,5.484699999215081,138.236799997685,7591.465753424657
1782216235,2,,Aggregated,0.400000,0.000000,7,13,23,24,29,43,52,52,140,140,140,146,0,7,15.059020548057424,5.484699999215081,138.236799997685,7591.465753424657
1782216236,2,,Aggregated,0.400000,0.000000,7,13,23,24,29,43,52,52,140,140,140,146,0,7,15.059020548057424,5.484699999215081,138.236799997685,7591.465753424657
1782216237,2,,Aggregated,0.400000,0.000000,7,13,23,24,29,43,52,52,140,140,140,146,0,7,15.059020548057424,5.484699999215081,138.236799997685,7591.465753424657
1782216238,2,,Aggregated,0.300000,0.000000,7,13,23,24,29,43,52,52,140,140,140,147,0,7,15.036645578368976,5.484699999215081,138.236799997685,7611.244897959184
1782216239,2,,Aggregated,0.300000,0.000000,7,13,23,24,29,43,52,52,140,140,140,148,0,7,14.98725945959843,5.484699999215081,138.236799997685,7594.189189189189
1782216240,2,,Aggregated,0.300000,0.000000,7,13,23,24,29,43,52,52,140,140,140,148,0,7,14.98725945959843,5.484699999215081,138.236799997685,7594.189189189189
1782216241,2,,Aggregated,0.300000,0.000000,7,13,23,24,29,43,52,52,140,140,140,148,0,7,14.98725945959843,5.484699999215081,138.236799997685,7594.189189189189
1782216242,2,,Aggregated,0.300000,0.000000,7,13,23,24,29,43,52,52,140,140,140,148,0,7,14.98725945959843,5.484699999215081,138.236799997685,7594.189189189189
1782216243,2,,Aggregated,0.300000,0.000000,7,13,23,24,29,43,52,52,140,140,140,148,0,7,14.98725945959843,5.484699999215081,138.236799997685,7594.189189189189
1782216244,2,,Aggregated,0.300000,0.000000,7,13,23,24,29,43,52,52,140,140,140,148,0,7,14.98725945959843,5.484699999215081,138.236799997685,7594.189189189189
1782216245,2,,Aggregated,0.300000,0.000000,7,13,23,24,29,43,52,52,140,140,140,148,0,7,14.98725945959843,5.484699999215081,138.236799997685,7594.189189189189
1782216246,2,,Aggregated,0.300000,0.000000,7,13,23,24,29,43,52,52,140,140,140,148,0,7,14.98725945959843,5.484699999215081,138.236799997685,7594.189189189189
1782216248,2,,Aggregated,0.200000,0.000000,7,13,23,24,29,43,52,52,140,140,140,149,0,7,15.029887248443178,5.484699999215081,138.236799997685,7613.684563758389
1782216249,2,,Aggregated,0.200000,0.000000,7,13,23,24,29,43,52,52,140,140,140,150,0,7,15.00970333344109,5.484699999215081,138.236799997685,7632.92
1782216250,2,,Aggregated,0.200000,0.000000,7,13,23,24,29,43,52,52,140,140,140,150,0,7,15.00970333344109,5.484699999215081,138.236799997685,7632.92
1782216251,2,,Aggregated,0.200000,0.000000,7,13,23,24,29,43,52,52,140,140,140,150,0,7,15.00970333344109,5.484699999215081,138.236799997685,7632.92
1782216252,2,,Aggregated,0.200000,0.000000,7,13,23,24,29,43,52,52,140,140,140,150,0,7,15.00970333344109,5.484699999215081,138.236799997685,7632.92
1782216253,2,,Aggregated,0.200000,0.000000,7,13,23,24,29,43,52,52,140,140,140,150,0,7,15.00970333344109,5.484699999215081,138.236799997685,7632.92
1782216254,2,,Aggregated,0.200000,0.000000,7,13,23,23,29,43,49,52,140,140,140,151,0,7,14.96185629149831,5.484699999215081,138.236799997685,7616.059602649007
1782216255,2,,Aggregated,0.200000,0.000000,7,13,23,23,29,43,49,52,140,140,140,151,0,7,14.96185629149831,5.484699999215081,138.236799997685,7616.059602649007
1782216256,2,,Aggregated,0.200000,0.000000,7,13,23,23,29,43,49,52,140,140,140,152,0,7,14.904320394826323,5.484699999215081,138.236799997685,7599.421052631579
1782216257,2,,Aggregated,0.200000,0.000000,7,13,23,23,29,43,49,52,140,140,140,152,0,7,14.904320394826323,5.484699999215081,138.236799997685,7599.421052631579
1782216258,2,,Aggregated,0.200000,0.000000,7,13,23,23,29,43,49,52,140,140,140,152,0,7,14.904320394826323,5.484699999215081,138.236799997685,7599.421052631579
1782216259,2,,Aggregated,0.200000,0.000000,7,13,23,23,29,43,49,52,140,140,140,152,0,7,14.904320394826323,5.484699999215081,138.236799997685,7599.421052631579
1782216260,2,,Aggregated,0.400000,0.000000,7,12,23,23,29,43,49,52,140,140,140,153,0,7,14.852960784409767,5.484699999215081,138.236799997685,7583.0
1782216261,2,,Aggregated,0.400000,0.000000,7,12,23,23,29,43,49,52,140,140,140,153,0,7,14.852960784409767,5.484699999215081,138.236799997685,7583.0
1782216262,2,,Aggregated,0.400000,0.000000,7,12,23,23,29,43,49,52,140,140,140,153,0,7,14.852960784409767,5.484699999215081,138.236799997685,7583.0
1782216263,2,,Aggregated,0.400000,0.000000,7,12,23,23,29,43,49,52,140,140,140,153,0,7,14.852960784409767,5.484699999215081,138.236799997685,7583.0
1782216264,2,,Aggregated,0.400000,0.000000,7,12,23,23,29,43,49,52,140,140,140,153,0,7,14.852960784409767,5.484699999215081,138.236799997685,7583.0
1782216265,2,,Aggregated,0.300000,0.000000,7,12,23,23,29,43,49,52,140,140,140,154,0,7,14.801228571505144,5.484699999215081,138.236799997685,7571.8441558441555
1782216266,2,,Aggregated,0.300000,0.000000,7,12,23,23,29,43,49,52,140,140,140,154,0,7,14.801228571505144,5.484699999215081,138.236799997685,7571.8441558441555
1782216267,2,,Aggregated,0.200000,0.000000,7,13,23,23,29,43,49,52,140,140,140,155,0,7,14.853948387157757,5.484699999215081,138.236799997685,7590.729032258065
1782216268,2,,Aggregated,0.200000,0.000000,7,13,23,23,29,43,49,52,140,140,140,155,0,7,14.853948387157757,5.484699999215081,138.236799997685,7590.729032258065
1782216269,2,,Aggregated,0.200000,0.000000,7,13,23,23,29,43,49,52,140,140,140,155,0,7,14.853948387157757,5.484699999215081,138.236799997685,7590.729032258065
1782216270,2,,Aggregated,0.200000,0.000000,7,13,23,23,29,43,49,52,140,140,140,155,0,7,14.853948387157757,5.484699999215081,138.236799997685,7590.729032258065
1782216271,2,,Aggregated,0.200000,0.000000,7,13,23,23,29,43,49,52,140,140,140,155,0,7,14.853948387157757,5.484699999215081,138.236799997685,7590.729032258065
1782216272,2,,Aggregated,0.200000,0.000000,7,13,23,23,29,43,49,52,140,140,140,155,0,7,14.853948387157757,5.484699999215081,138.236799997685,7590.729032258065
1782216273,2,,Aggregated,0.200000,0.000000,7,13,23,23,29,43,49,52,140,140,140,155,0,7,14.853948387157757,5.484699999215081,138.236799997685,7590.729032258065
1782216274,2,,Aggregated,0.200000,0.000000,7,12,23,23,29,43,49,52,140,140,140,156,0,7,14.799232692381244,5.484699999215081,138.236799997685,7574.679487179487
1782216275,2,,Aggregated,0.200000,0.000000,7,12,23,23,29,43,49,52,140,140,140,156,0,7,14.799232692381244,5.484699999215081,138.236799997685,7574.679487179487
1782216276,2,,Aggregated,0.200000,0.000000,7,13,23,23,29,43,49,52,140,140,140,157,0,7,14.859994904547456,5.484699999215081,138.236799997685,7593.3057324840765
1782216277,2,,Aggregated,0.200000,0.000000,7,13,23,23,29,43,49,52,140,140,140,157,0,7,14.859994904547456,5.484699999215081,138.236799997685,7593.3057324840765
1782216278,2,,Aggregated,0.200000,0.000000,7,13,23,23,29,43,49,52,140,140,140,157,0,7,14.859994904547456,5.484699999215081,138.236799997685,7593.3057324840765
1782216279,2,,Aggregated,0.200000,0.000000,7,13,23,23,29,43,49,52,140,140,140,157,0,7,14.859994904547456,5.484699999215081,138.236799997685,7593.3057324840765
1782216280,2,,Aggregated,0.200000,0.000000,7,13,23,23,29,43,49,52,140,140,140,157,0,7,14.859994904547456,5.484699999215081,138.236799997685,7593.3057324840765
1782216281,2,,Aggregated,0.200000,0.000000,7,13,23,23,29,43,49,52,140,140,140,158,0,7,14.811779114005489,5.484699999215081,138.236799997685,7582.367088607595
1782216282,2,,Aggregated,0.200000,0.000000,7,12,23,23,29,43,49,52,140,140,140,159,0,7,14.7553572328062,5.484699999215081,138.236799997685,7571.566037735849
1782216283,2,,Aggregated,0.200000,0.000000,7,12,23,23,29,43,49,52,140,140,140,159,0,7,14.7553572328062,5.484699999215081,138.236799997685,7571.566037735849
1782216284,2,,Aggregated,0.200000,0.000000,7,12,23,23,29,43,49,52,140,140,140,159,0,7,14.7553572328062,5.484699999215081,138.236799997685,7571.566037735849
1782216285,2,,Aggregated,0.200000,0.000000,7,12,23,23,29,43,49,52,140,140,140,159,0,7,14.7553572328062,5.484699999215081,138.236799997685,7571.566037735849
1782216286,2,,Aggregated,0.200000,0.000000,7,12,23,23,29,43,49,52,140,140,140,159,0,7,14.7553572328062,5.484699999215081,138.236799997685,7571.566037735849
1782216287,2,,Aggregated,0.200000,0.000000,7,12,23,23,29,43,49,52,140,140,140,159,0,7,14.7553572328062,5.484699999215081,138.236799997685,7571.566037735849
1782216288,2,,Aggregated,0.200000,0.000000,7,12,23,23,29,43,49,52,140,140,140,159,0,7,14.7553572328062,5.484699999215081,138.236799997685,7571.566037735849
1782216289,2,,Aggregated,0.200000,0.000000,7,12,23,23,29,43,49,52,140,140,140,159,0,7,14.7553572328062,5.484699999215081,138.236799997685,7571.566037735849
1782216290,2,,Aggregated,0.200000,0.000000,7,13,23,24,29,43,49,52,140,140,140,160,0,7,14.81792312511061,5.484699999215081,138.236799997685,7589.8625
1782216291,2,,Aggregated,0.200000,0.000000,7,13,23,23,29,42,49,52,140,140,140,161,0,7,14.763111180191286,5.484699999215081,138.236799997685,7579.149068322981
1782216292,2,,Aggregated,0.200000,0.000000,7,13,23,23,29,42,49,52,140,140,140,161,0,7,14.763111180191286,5.484699999215081,138.236799997685,7579.149068322981
1782216293,2,,Aggregated,0.200000,0.000000,7,13,23,23,29,42,49,52,140,140,140,161,0,7,14.763111180191286,5.484699999215081,138.236799997685,7579.149068322981
1782216294,2,,Aggregated,0.200000,0.000000,7,13,23,23,29,42,49,52,140,140,140,161,0,7,14.763111180191286,5.484699999215081,138.236799997685,7579.149068322981
1782216295,2,,Aggregated,0.200000,0.000000,7,13,23,23,29,42,49,52,140,140,140,161,0,7,14.763111180191286,5.484699999215081,138.236799997685,7579.149068322981
1782216296,2,,Aggregated,0.200000,0.000000,7,13,23,23,29,42,49,52,140,140,140,161,0,7,14.763111180191286,5.484699999215081,138.236799997685,7579.149068322981
1782216297,2,,Aggregated,0.200000,0.000000,7,13,23,23,29,42,49,52,140,140,140,161,0,7,14.763111180191286,5.484699999215081,138.236799997685,7579.149068322981
1782216298,2,,Aggregated,0.200000,0.000000,7,12,23,23,29,42,49,52,140,140,140,162,0,7,14.713289506255899,5.484699999215081,138.236799997685,7568.567901234568
1782216299,2,,Aggregated,0.200000,0.000000,7,12,23,23,29,42,49,52,140,140,140,163,0,7,14.665532515432822,5.484699999215081,138.236799997685,7558.116564417178
1782216300,2,,Aggregated,0.200000,0.000000,7,12,23,23,29,42,49,52,140,140,140,163,0,7,14.665532515432822,5.484699999215081,138.236799997685,7558.116564417178
1782216301,2,,Aggregated,0.200000,0.000000,7,12,23,23,29,42,49,52,140,140,140,163,0,7,14.665532515432822,5.484699999215081,138.236799997685,7558.116564417178
1782216302,2,,Aggregated,0.200000,0.000000,7,12,23,23,29,42,49,52,140,140,140,163,0,7,14.665532515432822,5.484699999215081,138.236799997685,7558.116564417178
1782216303,2,,Aggregated,0.200000,0.000000,7,12,23,23,29,42,49,52,140,140,140,164,0,7,14.620890243993305,5.484699999215081,138.236799997685,7547.792682926829
1782216304,2,,Aggregated,0.200000,0.000000,7,12,23,24,29,42,49,52,140,140,140,165,0,7,14.734702424329678,5.484699999215081,138.236799997685,7565.678787878788
1782216305,2,,Aggregated,0.200000,0.000000,7,12,23,24,29,42,49,52,140,140,140,165,0,7,14.734702424329678,5.484699999215081,138.236799997685,7565.678787878788
1782216306,2,,Aggregated,0.200000,0.000000,7,12,23,24,29,42,49,52,140,140,140,165,0,7,14.734702424329678,5.484699999215081,138.236799997685,7565.678787878788
1782216307,2,,Aggregated,0.400000,0.000000,7,12,23,23,29,42,49,52,140,140,140,166,0,7,14.683454216921461,5.484699999215081,138.236799997685,7550.746987951808
1782216308,2,,Aggregated,0.400000,0.000000,7,12,23,23,29,42,49,52,140,140,140,166,0,7,14.683454216921461,5.484699999215081,138.236799997685,7550.746987951808
1782216309,2,,Aggregated,0.400000,0.000000,7,12,23,23,29,42,49,52,140,140,140,167,0,7,14.62817964074167,5.452599994896445,138.236799997685,7540.652694610779
1782216310,2,,Aggregated,0.400000,0.000000,7,12,23,23,29,42,49,52,140,140,140,167,0,7,14.62817964074167,5.452599994896445,138.236799997685,7540.652694610779
1782216311,2,,Aggregated,0.400000,0.000000,7,12,23,23,29,42,49,52,140,140,140,167,0,7,14.62817964074167,5.452599994896445,138.236799997685,7540.652694610779
1782216312,2,,Aggregated,0.400000,0.000000,7,12,23,23,29,42,49,52,140,140,140,167,0,7,14.62817964074167,5.452599994896445,138.236799997685,7540.652694610779
1782216313,2,,Aggregated,0.400000,0.000000,7,12,23,23,29,42,49,52,140,140,140,168,0,7,14.575117857194051,5.452599994896445,138.236799997685,7526.047619047619
1782216314,2,,Aggregated,0.400000,0.000000,7,12,23,23,29,42,49,52,140,140,140,168,0,7,14.575117857194051,5.452599994896445,138.236799997685,7526.047619047619
1782216315,2,,Aggregated,0.500000,0.000000,7,12,23,23,29,42,49,52,140,140,140,169,0,7,14.524214201246542,5.452599994896445,138.236799997685,7516.218934911242
1782216316,2,,Aggregated,0.500000,0.000000,7,12,23,23,29,42,49,52,140,140,140,169,0,7,14.524214201246542,5.452599994896445,138.236799997685,7516.218934911242
1782216317,2,,Aggregated,0.500000,0.000000,7,12,23,23,29,42,49,52,140,140,140,169,0,7,14.524214201246542,5.452599994896445,138.236799997685,7516.218934911242
1782216318,2,,Aggregated,0.400000,0.000000,7,12,23,23,29,42,49,52,140,140,140,170,0,7,14.568870588289641,5.452599994896445,138.236799997685,7533.764705882353
1782216319,2,,Aggregated,0.400000,0.000000,7,12,23,23,29,42,49,52,140,140,140,170,0,7,14.568870588289641,5.452599994896445,138.236799997685,7533.764705882353
1782216320,2,,Aggregated,0.400000,0.000000,7,12,23,23,29,42,49,52,140,140,140,170,0,7,14.568870588289641,5.452599994896445,138.236799997685,7533.764705882353
1782216321,2,,Aggregated,0.400000,0.000000,7,12,23,23,29,42,49,52,140,140,140,170,0,7,14.568870588289641,5.452599994896445,138.236799997685,7533.764705882353
1782216322,2,,Aggregated,0.400000,0.000000,7,12,23,23,29,42,49,52,140,140,140,170,0,7,14.568870588289641,5.452599994896445,138.236799997685,7533.764705882353
1782216323,2,,Aggregated,0.400000,0.000000,7,12,23,23,29,42,49,52,140,140,140,170,0,7,14.568870588289641,5.452599994896445,138.236799997685,7533.764705882353
1782216324,2,,Aggregated,0.300000,0.000000,7,12,23,23,29,42,49,52,140,140,140,171,0,7,14.52194561409813,5.452599994896445,138.236799997685,7519.456140350877
1782216325,2,,Aggregated,0.200000,0.000000,7,12,23,23,29,42,49,52,140,140,140,172,0,7,14.576659883798214,5.452599994896445,138.236799997685,7536.779069767442
1782216326,2,,Aggregated,0.200000,0.000000,7,12,23,23,29,42,49,52,140,140,140,172,0,7,14.576659883798214,5.452599994896445,138.236799997685,7536.779069767442
1782216327,2,,Aggregated,0.200000,0.000000,7,12,23,23,29,42,49,52,140,140,140,172,0,7,14.576659883798214,5.452599994896445,138.236799997685,7536.779069767442
1782216328,2,,Aggregated,0.200000,0.000000,7,12,23,23,29,42,49,52,140,140,140,172,0,7,14.576659883798214,5.452599994896445,138.236799997685,7536.779069767442
1782216329,2,,Aggregated,0.200000,0.000000,7,12,23,23,29,42,49,52,140,140,140,172,0,7,14.576659883798214,5.452599994896445,138.236799997685,7536.779069767442
1782216330,2,,Aggregated,0.200000,0.000000,7,12,23,23,29,42,49,52,140,140,140,172,0,7,14.576659883798214,5.452599994896445,138.236799997685,7536.779069767442
1782216331,2,,Aggregated,0.200000,0.000000,7,12,23,23,29,42,49,52,140,140,140,172,0,7,14.576659883798214,5.452599994896445,138.236799997685,7536.779069767442
1782216332,2,,Aggregated,0.200000,0.000000,7,12,23,23,29,42,49,52,140,140,140,172,0,7,14.576659883798214,5.452599994896445,138.236799997685,7536.779069767442
1782216333,2,,Aggregated,0.200000,0.000000,7,12,23,23,29,42,49,52,140,140,140,172,0,7,14.576659883798214,5.452599994896445,138.236799997685,7536.779069767442
1782216334,2,,Aggregated,0.200000,0.000000,7,12,23,23,29,42,49,52,140,140,140,174,0,7,14.57767586213578,5.452599994896445,138.236799997685,7539.724137931034
1782216335,2,,Aggregated,0.200000,0.000000,7,12,23,23,29,42,49,52,140,140,140,174,0,7,14.57767586213578,5.452599994896445,138.236799997685,7539.724137931034
1782216336,2,,Aggregated,0.200000,0.000000,7,12,23,23,29,42,49,52,140,140,140,174,0,7,14.57767586213578,5.452599994896445,138.236799997685,7539.724137931034
1782216337,2,,Aggregated,0.200000,0.000000,7,12,23,23,29,42,49,52,140,140,140,174,0,7,14.57767586213578,5.452599994896445,138.236799997685,7539.724137931034
1782216338,2,,Aggregated,0.200000,0.000000,7,12,23,23,29,42,49,52,140,140,140,174,0,7,14.57767586213578,5.452599994896445,138.236799997685,7539.724137931034
1782216339,2,,Aggregated,0.200000,0.000000,7,13,23,23,29,42,49,52,140,140,140,176,0,7,14.6215397728404,5.452599994896445,138.236799997685,7573.352272727273
1782216340,2,,Aggregated,0.200000,0.000000,7,13,23,23,29,42,49,52,140,140,140,176,0,7,14.6215397728404,5.452599994896445,138.236799997685,7573.352272727273
1782216341,2,,Aggregated,0.200000,0.000000,7,13,23,23,29,42,49,52,140,140,140,176,0,7,14.6215397728404,5.452599994896445,138.236799997685,7573.352272727273
1782216342,2,,Aggregated,0.200000,0.000000,7,13,23,23,29,42,49,52,140,140,140,176,0,7,14.6215397728404,5.452599994896445,138.236799997685,7573.352272727273
1782216343,2,,Aggregated,0.200000,0.000000,7,13,23,23,29,42,49,52,140,140,140,176,0,7,14.6215397728404,5.452599994896445,138.236799997685,7573.352272727273
1782216344,2,,Aggregated,0.200000,0.000000,7,13,23,23,29,42,49,52,140,140,140,176,0,7,14.6215397728404,5.452599994896445,138.236799997685,7573.352272727273
1782216345,2,,Aggregated,0.400000,0.000000,7,13,23,23,29,42,49,52,140,140,140,177,0,7,14.574238418190053,5.452599994896445,138.236799997685,7559.3050847457625
1782216346,2,,Aggregated,0.400000,0.000000,7,13,23,23,29,42,49,52,140,140,140,177,0,7,14.574238418190053,5.452599994896445,138.236799997685,7559.3050847457625
1782216347,2,,Aggregated,0.400000,0.000000,7,13,23,23,29,42,49,52,140,140,140,177,0,7,14.574238418190053,5.452599994896445,138.236799997685,7559.3050847457625
1782216348,2,,Aggregated,0.200000,0.000000,7,13,23,23,29,42,49,52,140,140,140,178,0,7,14.621889325947071,5.452599994896445,138.236799997685,7575.820224719101
1782216349,2,,Aggregated,0.200000,0.000000,7,13,23,23,29,42,49,52,140,140,140,178,0,7,14.621889325947071,5.452599994896445,138.236799997685,7575.820224719101
1782216350,2,,Aggregated,0.200000,0.000000,7,13,23,23,29,42,49,52,140,140,140,178,0,7,14.621889325947071,5.452599994896445,138.236799997685,7575.820224719101
1782216351,2,,Aggregated,0.400000,0.000000,7,13,23,23,29,42,49,52,140,140,140,179,0,7,14.60962793307721,5.452599994896445,138.236799997685,7592.150837988826
1782216352,2,,Aggregated,0.400000,0.000000,7,13,23,23,29,42,49,52,140,140,140,179,0,7,14.60962793307721,5.452599994896445,138.236799997685,7592.150837988826
1782216353,2,,Aggregated,0.400000,0.000000,7,13,23,23,29,42,49,52,140,140,140,179,0,7,14.60962793307721,5.452599994896445,138.236799997685,7592.150837988826
1782216354,2,,Aggregated,0.400000,0.000000,7,13,23,23,29,42,49,52,140,140,140,179,0,7,14.60962793307721,5.452599994896445,138.236799997685,7592.150837988826
1782216355,2,,Aggregated,0.400000,0.000000,7,13,23,23,29,42,49,52,140,140,140,179,0,7,14.60962793307721,5.452599994896445,138.236799997685,7592.150837988826
1782216356,2,,Aggregated,0.300000,0.000000,7,13,23,23,29,39,49,52,140,140,140,182,0,7,14.696192307802939,5.452599994896445,138.236799997685,7632.7307692307695
1782216357,2,,Aggregated,0.300000,0.000000,7,13,23,23,29,39,49,52,140,140,140,182,0,7,14.696192307802939,5.452599994896445,138.236799997685,7632.7307692307695
1782216358,2,,Aggregated,0.300000,0.000000,7,13,23,23,29,39,49,52,140,140,140,182,0,7,14.696192307802939,5.452599994896445,138.236799997685,7632.7307692307695
1782216359,2,,Aggregated,0.300000,0.000000,7,13,23,23,29,39,49,52,140,140,140,182,0,7,14.696192307802939,5.452599994896445,138.236799997685,7632.7307692307695
1782216360,2,,Aggregated,0.300000,0.000000,7,13,23,23,29,39,49,52,140,140,140,182,0,7,14.696192307802939,5.452599994896445,138.236799997685,7632.7307692307695
1782216361,2,,Aggregated,0.400000,0.000000,7,13,23,23,29,39,49,52,140,140,140,184,0,7,14.690382065331821,5.452599994896445,138.236799997685,7638.701086956522
1782216362,2,,Aggregated,0.400000,0.000000,7,13,23,23,29,39,49,52,140,140,140,184,0,7,14.690382065331821,5.452599994896445,138.236799997685,7638.701086956522
1782216363,2,,Aggregated,0.400000,0.000000,7,13,23,23,29,39,49,52,140,140,140,184,0,7,14.690382065331821,5.452599994896445,138.236799997685,7638.701086956522
1782216365,2,,Aggregated,0.400000,0.000000,7,13,23,23,29,39,49,52,140,140,140,184,0,7,14.690382065331821,5.452599994896445,138.236799997685,7638.701086956522
1782216366,2,,Aggregated,0.400000,0.000000,7,13,23,23,29,39,49,52,140,140,140,184,0,7,14.690382065331821,5.452599994896445,138.236799997685,7638.701086956522
1782216367,2,,Aggregated,0.500000,0.000000,7,13,23,23,29,39,49,52,140,140,140,185,0,7,14.655856756852135,5.452599994896445,138.236799997685,7624.9081081081085
1782216368,2,,Aggregated,0.500000,0.000000,7,13,23,23,29,39,49,52,140,140,140,185,0,7,14.655856756852135,5.452599994896445,138.236799997685,7624.9081081081085
1782216369,2,,Aggregated,0.500000,0.000000,7,13,23,23,29,39,49,52,140,140,140,185,0,7,14.655856756852135,5.452599994896445,138.236799997685,7624.9081081081085
1782216370,2,,Aggregated,0.300000,0.000000,7,13,23,23,29,39,49,52,140,140,140,186,0,7,14.703767204385562,5.452599994896445,138.236799997685,7640.360215053764
1782216371,2,,Aggregated,0.300000,0.000000,7,13,23,23,29,39,49,52,140,140,140,186,0,7,14.703767204385562,5.452599994896445,138.236799997685,7640.360215053764
1782216372,2,,Aggregated,0.300000,0.000000,7,13,23,23,29,39,49,52,140,140,140,187,0,7,14.686505347667735,5.452599994896445,138.236799997685,7655.64705882353
1782216373,2,,Aggregated,0.300000,0.000000,7,13,23,23,29,39,49,52,140,140,140,187,0,7,14.686505347667735,5.452599994896445,138.236799997685,7655.64705882353
1782216374,2,,Aggregated,0.300000,0.000000,7,13,23,23,29,39,49,52,140,140,140,187,0,7,14.686505347667735,5.452599994896445,138.236799997685,7655.64705882353
1782216375,2,,Aggregated,0.300000,0.000000,7,13,23,23,29,39,49,52,140,140,140,187,0,7,14.686505347667735,5.452599994896445,138.236799997685,7655.64705882353
1782216376,2,,Aggregated,0.300000,0.000000,7,13,23,23,29,39,49,52,140,140,140,187,0,7,14.686505347667735,5.452599994896445,138.236799997685,7655.64705882353
1782216377,2,,Aggregated,0.300000,0.000000,7,13,23,23,29,39,49,52,140,140,140,187,0,7,14.686505347667735,5.452599994896445,138.236799997685,7655.64705882353
1782216378,2,,Aggregated,0.300000,0.000000,8,13,23,23,29,39,49,52,140,140,140,188,0,7,14.655370212843062,5.452599994896445,138.236799997685,7641.984042553191
1782216379,2,,Aggregated,0.300000,0.000000,8,13,23,23,29,39,49,52,140,140,140,188,0,7,14.655370212843062,5.452599994896445,138.236799997685,7641.984042553191
1782216380,2,,Aggregated,0.300000,0.000000,8,13,23,23,29,39,49,52,140,140,140,188,0,7,14.655370212843062,5.452599994896445,138.236799997685,7641.984042553191
1782216381,2,,Aggregated,0.300000,0.000000,8,13,23,23,29,39,49,52,140,140,140,188,0,7,14.655370212843062,5.452599994896445,138.236799997685,7641.984042553191
1782216382,2,,Aggregated,0.300000,0.000000,8,13,23,23,29,39,49,52,140,140,140,189,0,8,14.619955555611307,5.452599994896445,138.236799997685,7632.58201058201
1782216383,2,,Aggregated,0.300000,0.000000,8,13,23,23,29,39,49,52,140,140,140,189,0,8,14.619955555611307,5.452599994896445,138.236799997685,7632.58201058201
1782216384,2,,Aggregated,0.300000,0.000000,8,13,23,23,29,39,49,52,140,140,140,189,0,8,14.619955555611307,5.452599994896445,138.236799997685,7632.58201058201
1782216385,2,,Aggregated,0.200000,0.000000,8,13,23,23,29,39,49,52,140,140,140,190,0,7,14.578480000062356,5.452599994896445,138.236799997685,7623.278947368421
1782216386,2,,Aggregated,0.200000,0.000000,8,13,23,23,29,39,49,52,140,140,140,190,0,7,14.578480000062356,5.452599994896445,138.236799997685,7623.278947368421
1782216387,2,,Aggregated,0.200000,0.000000,8,13,23,23,29,39,49,52,140,140,140,190,0,7,14.578480000062356,5.452599994896445,138.236799997685,7623.278947368421
1782216388,2,,Aggregated,0.200000,0.000000,8,13,23,23,29,39,49,52,140,140,140,190,0,7,14.578480000062356,5.452599994896445,138.236799997685,7623.278947368421
1782216389,2,,Aggregated,0.200000,0.000000,8,13,23,23,29,39,49,52,140,140,140,190,0,7,14.578480000062356,5.452599994896445,138.236799997685,7623.278947368421
1782216390,2,,Aggregated,0.200000,0.000000,8,13,23,23,29,39,49,52,140,140,140,190,0,7,14.578480000062356,5.452599994896445,138.236799997685,7623.278947368421
1782216391,2,,Aggregated,0.200000,0.000000,7,13,23,23,29,39,49,52,140,140,140,191,0,7,14.532907853446686,5.452599994896445,138.236799997685,7614.073298429319
1782216392,2,,Aggregated,0.200000,0.000000,7,13,23,23,29,39,49,52,140,140,140,191,0,7,14.532907853446686,5.452599994896445,138.236799997685,7614.073298429319
1782216393,2,,Aggregated,0.200000,0.000000,7,13,23,23,29,39,49,52,140,140,140,191,0,7,14.532907853446686,5.452599994896445,138.236799997685,7614.073298429319
1782216394,2,,Aggregated,0.300000,0.000000,7,13,23,23,29,39,49,52,140,140,140,192,0,7,14.489280729245971,5.452599994896445,138.236799997685,7600.911458333333
1782216395,2,,Aggregated,0.300000,0.000000,7,13,23,23,29,39,49,52,140,140,140,192,0,7,14.489280729245971,5.452599994896445,138.236799997685,7600.911458333333
1782216396,2,,Aggregated,0.300000,0.000000,7,13,23,23,29,39,49,52,140,140,140,192,0,7,14.489280729245971,5.452599994896445,138.236799997685,7600.911458333333
1782216397,2,,Aggregated,0.300000,0.000000,7,13,23,23,29,39,49,52,140,140,140,192,0,7,14.489280729245971,5.452599994896445,138.236799997685,7600.911458333333
1782216398,2,,Aggregated,0.200000,0.000000,7,13,23,23,29,39,49,52,140,140,140,193,0,7,14.44923886017442,5.452599994896445,138.236799997685,7591.917098445596
1782216399,2,,Aggregated,0.200000,0.000000,7,13,23,23,29,39,49,52,140,140,140,193,0,7,14.44923886017442,5.452599994896445,138.236799997685,7591.917098445596
1782216400,2,,Aggregated,0.200000,0.000000,7,13,23,23,29,39,49,52,140,140,140,193,0,7,14.44923886017442,5.452599994896445,138.236799997685,7591.917098445596
1782216401,2,,Aggregated,0.300000,0.000000,7,13,23,23,29,39,49,52,140,140,140,194,0,7,14.41425051553338,5.452599994896445,138.236799997685,7579.005154639175
1782216402,2,,Aggregated,0.300000,0.000000,7,13,23,23,29,39,49,52,140,140,140,194,0,7,14.41425051553338,5.452599994896445,138.236799997685,7579.005154639175
1782216403,2,,Aggregated,0.300000,0.000000,7,13,23,23,29,39,49,52,140,140,140,194,0,7,14.41425051553338,5.452599994896445,138.236799997685,7579.005154639175
1782216404,2,,Aggregated,0.300000,0.000000,7,13,23,23,29,39,49,52,140,140,140,194,0,7,14.41425051553338,5.452599994896445,138.236799997685,7579.005154639175
1782216405,2,,Aggregated,0.300000,0.000000,7,13,23,23,29,39,49,52,140,140,140,194,0,7,14.41425051553338,5.452599994896445,138.236799997685,7579.005154639175
1782216406,2,,Aggregated,0.300000,0.000000,7,13,23,23,29,39,49,52,140,140,140,195,0,7,14.373518974417284,5.452599994896445,138.236799997685,7570.215384615384
1782216407,2,,Aggregated,0.200000,0.000000,7,13,23,23,29,39,49,52,140,140,140,196,0,7,14.33263061231368,5.452599994896445,138.236799997685,7561.515306122449
1782216408,2,,Aggregated,0.200000,0.000000,7,13,23,23,29,39,49,52,140,140,140,196,0,7,14.33263061231368,5.452599994896445,138.236799997685,7561.515306122449
1782216409,2,,Aggregated,0.200000,0.000000,7,13,23,23,29,39,49,52,140,140,140,196,0,7,14.33263061231368,5.452599994896445,138.236799997685,7561.515306122449
1782216410,2,,Aggregated,0.200000,0.000000,7,13,23,23,29,39,49,52,140,140,140,196,0,7,14.33263061231368,5.452599994896445,138.236799997685,7561.515306122449
1782216411,2,,Aggregated,0.200000,0.000000,7,13,23,23,29,39,49,52,140,140,140,196,0,7,14.33263061231368,5.452599994896445,138.236799997685,7561.515306122449
1782216412,2,,Aggregated,0.200000,0.000000,7,13,23,23,29,39,49,52,140,140,140,196,0,7,14.33263061231368,5.452599994896445,138.236799997685,7561.515306122449
1782216413,2,,Aggregated,0.200000,0.000000,7,13,23,23,29,39,49,52,140,140,140,196,0,7,14.33263061231368,5.452599994896445,138.236799997685,7561.515306122449
1782216414,2,,Aggregated,0.200000,0.000000,7,13,23,23,29,39,49,52,140,140,140,197,0,7,14.431024873166802,5.452599994896445,138.236799997685,7576.426395939086
1782216415,2,,Aggregated,0.200000,0.000000,7,13,23,23,29,39,49,52,140,140,140,198,0,7,14.391569697071452,5.452599994896445,138.236799997685,7567.782828282829
1782216416,2,,Aggregated,0.200000,0.000000,7,13,23,23,29,39,49,52,140,140,140,198,0,7,14.391569697071452,5.452599994896445,138.236799997685,7567.782828282829
1782216417,2,,Aggregated,0.200000,0.000000,7,13,23,23,29,39,49,52,140,140,140,198,0,7,14.391569697071452,5.452599994896445,138.236799997685,7567.782828282829
1782216418,2,,Aggregated,0.200000,0.000000,7,13,23,23,29,39,49,52,140,140,140,198,0,7,14.391569697071452,5.452599994896445,138.236799997685,7567.782828282829
1782216419,2,,Aggregated,0.200000,0.000000,7,13,23,23,29,39,49,52,140,140,140,198,0,7,14.391569697071452,5.452599994896445,138.236799997685,7567.782828282829
1782216420,2,,Aggregated,0.300000,0.000000,7,13,23,23,29,39,49,52,140,140,140,200,0,7,14.409373500093352,5.452599994896445,138.236799997685,7573.925
1782216421,2,,Aggregated,0.300000,0.000000,7,13,23,23,29,39,49,52,140,140,140,200,0,7,14.409373500093352,5.452599994896445,138.236799997685,7573.925
1782216422,2,,Aggregated,0.300000,0.000000,7,13,23,23,29,39,49,52,140,140,140,200,0,7,14.409373500093352,5.452599994896445,138.236799997685,7573.925
1782216423,2,,Aggregated,0.300000,0.000000,7,13,23,23,29,39,49,52,140,140,140,200,0,7,14.409373500093352,5.452599994896445,138.236799997685,7573.925
1782216424,2,,Aggregated,0.300000,0.000000,7,13,23,23,29,39,49,52,140,140,140,200,0,7,14.409373500093352,5.452599994896445,138.236799997685,7573.925
1782216425,2,,Aggregated,0.300000,0.000000,7,13,23,23,29,39,49,52,140,140,140,200,0,7,14.409373500093352,5.452599994896445,138.236799997685,7573.925
1782216426,2,,Aggregated,0.400000,0.000000,7,13,23,23,29,37,47,52,140,140,140,201,0,7,14.453853233931678,5.452599994896445,138.236799997685,7588.477611940299
1782216427,2,,Aggregated,0.400000,0.000000,7,13,23,23,29,37,47,52,140,140,140,201,0,7,14.453853233931678,5.452599994896445,138.236799997685,7588.477611940299
1782216428,2,,Aggregated,0.400000,0.000000,7,13,23,23,29,37,47,52,140,140,140,201,0,7,14.453853233931678,5.452599994896445,138.236799997685,7588.477611940299
1782216429,2,,Aggregated,0.300000,0.000000,7,13,23,23,29,37,47,52,140,140,140,202,0,7,14.41845594070959,5.452599994896445,138.236799997685,7576.09405940594
1782216430,2,,Aggregated,0.300000,0.000000,7,13,23,23,29,37,47,52,140,140,140,202,0,7,14.41845594070959,5.452599994896445,138.236799997685,7576.09405940594
1782216431,2,,Aggregated,0.300000,0.000000,7,13,23,23,29,37,47,52,140,140,140,202,0,7,14.41845594070959,5.452599994896445,138.236799997685,7576.09405940594
1782216432,2,,Aggregated,0.300000,0.000000,7,13,23,23,29,37,47,52,140,140,140,202,0,7,14.41845594070959,5.452599994896445,138.236799997685,7576.09405940594
1782216433,2,,Aggregated,0.300000,0.000000,7,13,23,23,29,37,47,52,140,140,140,202,0,7,14.41845594070959,5.452599994896445,138.236799997685,7576.09405940594
1782216434,2,,Aggregated,0.200000,0.000000,7,13,23,23,29,37,47,52,140,140,140,203,0,7,14.458832019820163,5.452599994896445,138.236799997685,7590.492610837438
1782216435,2,,Aggregated,0.200000,0.000000,7,13,23,23,29,37,47,52,140,140,140,203,0,7,14.458832019820163,5.452599994896445,138.236799997685,7590.492610837438
1782216436,2,,Aggregated,0.200000,0.000000,7,13,23,23,29,37,47,52,140,140,140,203,0,7,14.458832019820163,5.452599994896445,138.236799997685,7590.492610837438
1782216437,2,,Aggregated,0.300000,0.000000,7,13,23,23,29,37,47,52,140,140,140,204,0,7,14.414680392256546,5.451899996842258,138.236799997685,7578.220588235294
1782216438,2,,Aggregated,0.300000,0.000000,7,13,23,23,29,37,47,52,140,140,140,204,0,7,14.414680392256546,5.451899996842258,138.236799997685,7578.220588235294
1782216439,2,,Aggregated,0.300000,0.000000,7,13,23,23,29,37,47,52,140,140,140,204,0,7,14.414680392256546,5.451899996842258,138.236799997685,7578.220588235294
1782216440,2,,Aggregated,0.300000,0.000000,7,13,23,23,29,37,47,52,140,140,140,204,0,7,14.414680392256546,5.451899996842258,138.236799997685,7578.220588235294
1782216441,2,,Aggregated,0.300000,0.000000,7,13,23,23,29,37,47,52,140,140,140,204,0,7,14.414680392256546,5.451899996842258,138.236799997685,7578.220588235294
1782216442,2,,Aggregated,0.200000,0.000000,7,13,23,23,29,37,47,52,140,140,140,205,0,7,14.378354146440582,5.451899996842258,138.236799997685,7566.068292682927
1782216443,2,,Aggregated,0.200000,0.000000,7,13,23,23,29,37,47,52,140,140,140,206,0,7,14.343166504968218,5.451899996842258,138.236799997685,7557.810679611651
1782216444,2,,Aggregated,0.200000,0.000000,7,13,23,23,29,37,47,52,140,140,140,206,0,7,14.343166504968218,5.451899996842258,138.236799997685,7557.810679611651
1782216445,2,,Aggregated,0.200000,0.000000,7,13,23,23,29,37,47,52,140,140,140,206,0,7,14.343166504968218,5.451899996842258,138.236799997685,7557.810679611651
1782216446,2,,Aggregated,0.200000,0.000000,7,13,23,23,29,37,47,52,140,140,140,206,0,7,14.343166504968218,5.451899996842258,138.236799997685,7557.810679611651
1782216447,2,,Aggregated,0.200000,0.000000,7,13,23,23,29,37,47,52,140,140,140,206,0,7,14.343166504968218,5.451899996842258,138.236799997685,7557.810679611651
1782216448,2,,Aggregated,0.200000,0.000000,7,13,23,23,29,37,47,52,140,140,140,206,0,7,14.343166504968218,5.451899996842258,138.236799997685,7557.810679611651
1782216449,2,,Aggregated,0.300000,0.000000,7,13,23,23,29,37,47,52,140,140,140,207,0,7,14.30393574890261,5.451899996842258,138.236799997685,7549.632850241546
1782216450,2,,Aggregated,0.200000,0.000000,7,13,23,23,29,37,47,52,140,140,140,208,0,7,14.35912211550553,5.451899996842258,138.236799997685,7563.8125
1782216451,2,,Aggregated,0.200000,0.000000,7,13,23,23,29,37,47,52,140,140,140,208,0,7,14.35912211550553,5.451899996842258,138.236799997685,7563.8125
1782216452,2,,Aggregated,0.200000,0.000000,7,13,23,23,29,37,47,52,140,140,140,208,0,7,14.35912211550553,5.451899996842258,138.236799997685,7563.8125
1782216453,2,,Aggregated,0.200000,0.000000,7,13,23,23,29,37,47,52,140,140,140,208,0,7,14.35912211550553,5.451899996842258,138.236799997685,7563.8125
1782216454,2,,Aggregated,0.200000,0.000000,7,13,23,23,29,37,47,52,140,140,140,208,0,7,14.35912211550553,5.451899996842258,138.236799997685,7563.8125
1782216455,2,,Aggregated,0.200000,0.000000,7,13,23,23,29,37,47,52,140,140,140,208,0,7,14.35912211550553,5.451899996842258,138.236799997685,7563.8125
1782216456,2,,Aggregated,0.200000,0.000000,7,13,23,23,29,37,47,52,140,140,140,209,0,7,14.322807177128137,5.451899996842258,138.236799997685,7551.9617224880385
1782216457,2,,Aggregated,0.200000,0.000000,7,13,23,23,29,37,47,52,140,140,140,209,0,7,14.322807177128137,5.451899996842258,138.236799997685,7551.9617224880385
1782216458,2,,Aggregated,0.200000,0.000000,7,13,23,23,29,37,47,52,140,140,140,210,0,7,14.283551428663833,5.451899996842258,138.236799997685,7543.928571428572
1782216459,2,,Aggregated,0.200000,0.000000,7,13,23,23,29,37,47,52,140,140,140,210,0,7,14.283551428663833,5.451899996842258,138.236799997685,7543.928571428572
1782216460,2,,Aggregated,0.200000,0.000000,7,13,23,23,29,37,47,52,140,140,140,210,0,7,14.283551428663833,5.451899996842258,138.236799997685,7543.928571428572
1782216461,2,,Aggregated,0.200000,0.000000,7,13,23,23,29,37,47,52,140,140,140,210,0,7,14.283551428663833,5.451899996842258,138.236799997685,7543.928571428572
1782216462,2,,Aggregated,0.200000,0.000000,7,13,23,23,29,37,47,52,140,140,140,210,0,7,14.283551428663833,5.451899996842258,138.236799997685,7543.928571428572
1782216463,2,,Aggregated,0.200000,0.000000,7,13,23,23,26,37,47,52,140,140,140,211,0,7,14.24842085316198,5.451899996842258,138.236799997685,7535.971563981043
1782216464,2,,Aggregated,0.200000,0.000000,7,13,23,23,26,37,47,52,140,140,140,211,0,7,14.24842085316198,5.451899996842258,138.236799997685,7535.971563981043
1782216465,2,,Aggregated,0.200000,0.000000,7,13,23,23,26,37,47,52,140,140,140,212,0,7,14.29205566047079,5.451899996842258,138.236799997685,7549.948113207547
1782216466,2,,Aggregated,0.200000,0.000000,7,13,23,23,26,37,47,52,140,140,140,212,0,7,14.29205566047079,5.451899996842258,138.236799997685,7549.948113207547
1782216467,2,,Aggregated,0.200000,0.000000,7,13,23,23,26,37,47,52,140,140,140,212,0,7,14.29205566047079,5.451899996842258,138.236799997685,7549.948113207547
1782216468,2,,Aggregated,0.200000,0.000000,7,13,23,23,26,37,47,52,140,140,140,212,0,7,14.29205566047079,5.451899996842258,138.236799997685,7549.948113207547
1782216469,2,,Aggregated,0.200000,0.000000,7,13,23,23,26,37,47,52,140,140,140,212,0,7,14.29205566047079,5.451899996842258,138.236799997685,7549.948113207547
1782216470,2,,Aggregated,0.300000,0.000000,7,13,23,23,26,37,47,52,140,140,140,213,0,7,14.252471361570814,5.451899996842258,138.236799997685,7542.037558685446
1782216471,2,,Aggregated,0.300000,0.000000,7,13,23,23,26,37,47,52,140,140,140,213,0,7,14.252471361570814,5.451899996842258,138.236799997685,7542.037558685446
1782216472,2,,Aggregated,0.200000,0.000000,7,13,23,23,29,39,49,52,140,140,140,215,0,7,14.456146976810361,5.451899996842258,138.236799997685,7563.3348837209305
1782216473,2,,Aggregated,0.200000,0.000000,7,13,23,23,29,39,49,52,140,140,140,215,0,7,14.456146976810361,5.451899996842258,138.236799997685,7563.3348837209305
1782216474,2,,Aggregated,0.200000,0.000000,7,13,23,23,29,39,49,52,140,140,140,215,0,7,14.456146976810361,5.451899996842258,138.236799997685,7563.3348837209305
1782216475,2,,Aggregated,0.500000,0.000000,7,13,23,23,29,39,49,52,140,140,140,216,0,7,14.421828240806967,5.451899996842258,138.236799997685,7551.87037037037
1782216477,2,,Aggregated,0.500000,0.000000,7,13,23,23,29,39,49,52,140,140,140,216,0,7,14.421828240806967,5.451899996842258,138.236799997685,7551.87037037037
1782216478,2,,Aggregated,0.500000,0.000000,7,13,23,23,29,39,49,52,140,140,140,216,0,7,14.421828240806967,5.451899996842258,138.236799997685,7551.87037037037
1782216479,2,,Aggregated,0.500000,0.000000,7,13,23,23,29,39,49,52,140,140,140,216,0,7,14.421828240806967,5.451899996842258,138.236799997685,7551.87037037037
1782216480,2,,Aggregated,0.500000,0.000000,7,13,23,23,29,39,49,52,140,140,140,216,0,7,14.421828240806967,5.451899996842258,138.236799997685,7551.87037037037
1782216481,2,,Aggregated,0.500000,0.000000,7,13,23,23,29,39,49,52,140,140,140,216,0,7,14.421828240806967,5.451899996842258,138.236799997685,7551.87037037037
1782216482,2,,Aggregated,0.400000,0.000000,7,13,23,23,29,39,49,52,140,140,140,217,0,7,14.384801843393248,5.451899996842258,138.236799997685,7544.096774193548
1782216483,2,,Aggregated,0.400000,0.000000,7,13,23,23,29,39,49,52,140,140,140,217,0,7,14.384801843393248,5.451899996842258,138.236799997685,7544.096774193548
1782216484,2,,Aggregated,0.400000,0.000000,7,13,23,23,29,39,49,52,140,140,140,217,0,7,14.384801843393248,5.451899996842258,138.236799997685,7544.096774193548
1782216485,2,,Aggregated,0.300000,0.000000,7,13,23,23,29,39,49,52,140,140,140,218,0,7,14.436037614726656,5.451899996842258,138.236799997685,7557.651376146789
1782216486,2,,Aggregated,0.300000,0.000000,7,13,23,23,29,39,49,52,140,140,140,218,0,7,14.436037614726656,5.451899996842258,138.236799997685,7557.651376146789
1782216487,2,,Aggregated,0.200000,0.000000,7,13,23,23,29,39,49,52,140,140,140,219,0,7,14.399161187262905,5.451899996842258,138.236799997685,7546.369863013699
1782216488,2,,Aggregated,0.200000,0.000000,7,13,23,23,29,39,49,52,140,140,140,219,0,7,14.399161187262905,5.451899996842258,138.236799997685,7546.369863013699
1782216489,2,,Aggregated,0.200000,0.000000,7,13,23,23,29,39,49,52,140,140,140,219,0,7,14.399161187262905,5.451899996842258,138.236799997685,7546.369863013699
1782216490,2,,Aggregated,0.200000,0.000000,7,13,23,23,29,39,49,52,140,140,140,219,0,7,14.399161187262905,5.451899996842258,138.236799997685,7546.369863013699
1782216491,2,,Aggregated,0.300000,0.000000,7,13,23,23,29,39,49,52,140,140,140,220,0,7,14.364663636396555,5.451899996842258,138.236799997685,7535.190909090909
1782216492,2,,Aggregated,0.300000,0.000000,7,13,23,23,26,37,49,52,140,140,140,221,0,7,14.403239819038147,5.451899996842258,138.236799997685,7548.601809954751
1782216493,2,,Aggregated,0.300000,0.000000,7,13,23,23,26,37,49,52,140,140,140,221,0,7,14.403239819038147,5.451899996842258,138.236799997685,7548.601809954751
1782216494,2,,Aggregated,0.300000,0.000000,7,13,23,23,26,37,49,52,140,140,140,221,0,7,14.403239819038147,5.451899996842258,138.236799997685,7548.601809954751
1782216495,2,,Aggregated,0.300000,0.000000,7,13,23,23,26,37,49,52,140,140,140,221,0,7,14.403239819038147,5.451899996842258,138.236799997685,7548.601809954751
1782216496,2,,Aggregated,0.300000,0.000000,7,13,23,23,26,37,49,52,140,140,140,221,0,7,14.403239819038147,5.451899996842258,138.236799997685,7548.601809954751
1782216497,2,,Aggregated,0.300000,0.000000,7,13,23,23,26,37,49,52,140,140,140,221,0,7,14.403239819038147,5.451899996842258,138.236799997685,7548.601809954751
1782216498,2,,Aggregated,0.300000,0.000000,7,13,23,23,26,37,49,52,140,140,140,222,0,7,14.438822072111794,5.451899996842258,138.236799997685,7561.891891891892
1782216499,2,,Aggregated,0.300000,0.000000,7,13,23,23,26,37,49,52,140,140,140,222,0,7,14.438822072111794,5.451899996842258,138.236799997685,7561.891891891892
1782216500,2,,Aggregated,0.300000,0.000000,7,13,23,23,26,37,49,52,140,140,140,222,0,7,14.438822072111794,5.451899996842258,138.236799997685,7561.891891891892
1782216501,2,,Aggregated,0.300000,0.000000,7,13,23,23,26,37,49,52,140,140,140,223,0,7,14.399761435011456,5.451899996842258,138.236799997685,7554.282511210762
1782216502,2,,Aggregated,0.300000,0.000000,7,13,23,23,26,37,49,52,140,140,140,223,0,7,14.399761435011456,5.451899996842258,138.236799997685,7554.282511210762
1782216503,2,,Aggregated,0.300000,0.000000,7,13,23,23,26,37,49,52,140,140,140,223,0,7,14.399761435011456,5.451899996842258,138.236799997685,7554.282511210762
1782216504,2,,Aggregated,0.300000,0.000000,7,13,23,23,26,37,49,52,140,140,140,224,0,7,14.444158035725454,5.451899996842258,138.236799997685,7567.428571428572
1782216505,2,,Aggregated,0.300000,0.000000,7,13,23,23,26,37,49,52,140,140,140,224,0,7,14.444158035725454,5.451899996842258,138.236799997685,7567.428571428572
1782216506,2,,Aggregated,0.300000,0.000000,7,13,23,23,26,37,49,52,140,140,140,224,0,7,14.444158035725454,5.451899996842258,138.236799997685,7567.428571428572
1782216507,2,,Aggregated,0.300000,0.000000,7,13,23,23,26,37,49,52,140,140,140,224,0,7,14.444158035725454,5.451899996842258,138.236799997685,7567.428571428572
1782216508,2,,Aggregated,0.300000,0.000000,7,13,23,23,26,37,49,52,140,140,140,224,0,7,14.444158035725454,5.451899996842258,138.236799997685,7567.428571428572
1782216509,2,,Aggregated,0.300000,0.000000,7,13,23,23,26,37,49,52,140,140,140,225,0,7,14.485520000000381,5.451899996842258,138.236799997685,7580.457777777778
1782216510,2,,Aggregated,0.300000,0.000000,7,13,23,23,26,37,49,52,140,140,140,225,0,7,14.485520000000381,5.451899996842258,138.236799997685,7580.457777777778
1782216511,2,,Aggregated,0.300000,0.000000,7,13,23,23,26,37,49,52,140,140,140,225,0,7,14.485520000000381,5.451899996842258,138.236799997685,7580.457777777778
1782216512,2,,Aggregated,0.300000,0.000000,7,13,23,23,26,37,49,52,140,140,140,225,0,7,14.485520000000381,5.451899996842258,138.236799997685,7580.457777777778
1782216513,2,,Aggregated,0.300000,0.000000,7,13,23,23,26,37,49,52,140,140,140,225,0,7,14.485520000000381,5.451899996842258,138.236799997685,7580.457777777778
1782216514,2,,Aggregated,0.200000,0.000000,7,13,23,23,26,37,49,52,140,140,140,226,0,7,14.452833628340674,5.451899996842258,138.236799997685,7569.424778761062
1782216515,2,,Aggregated,0.200000,0.000000,7,13,23,23,26,37,49,52,140,140,140,226,0,7,14.452833628340674,5.451899996842258,138.236799997685,7569.424778761062
1782216516,2,,Aggregated,0.200000,0.000000,7,13,23,23,26,37,49,52,140,140,140,226,0,7,14.452833628340674,5.451899996842258,138.236799997685,7569.424778761062
1782216517,2,,Aggregated,0.200000,0.000000,7,13,23,23,26,37,49,52,140,140,140,226,0,7,14.452833628340674,5.451899996842258,138.236799997685,7569.424778761062
1782216518,2,,Aggregated,0.200000,0.000000,7,13,23,23,26,37,49,52,140,140,140,226,0,7,14.452833628340674,5.451899996842258,138.236799997685,7569.424778761062
1782216519,2,,Aggregated,0.200000,0.000000,7,13,23,23,26,37,49,52,140,140,140,228,0,7,14.388715350912861,5.451899996842258,138.236799997685,7554.473684210527
1782216520,2,,Aggregated,0.200000,0.000000,7,13,23,23,26,37,49,52,140,140,140,228,0,7,14.388715350912861,5.451899996842258,138.236799997685,7554.473684210527
1782216521,2,,Aggregated,0.200000,0.000000,7,13,23,23,26,37,49,52,140,140,140,228,0,7,14.388715350912861,5.451899996842258,138.236799997685,7554.473684210527
1782216522,2,,Aggregated,0.200000,0.000000,7,13,23,23,26,37,49,52,140,140,140,228,0,7,14.388715350912861,5.451899996842258,138.236799997685,7554.473684210527
1782216523,2,,Aggregated,0.300000,0.000000,7,13,23,23,29,37,49,52,140,140,140,229,0,7,14.452483406165609,5.451899996842258,138.236799997685,7567.331877729258
1782216524,2,,Aggregated,0.300000,0.000000,7,13,23,23,29,37,49,52,140,140,140,229,0,7,14.452483406165609,5.451899996842258,138.236799997685,7567.331877729258
1782216525,2,,Aggregated,0.300000,0.000000,7,13,23,23,29,37,49,52,140,140,140,229,0,7,14.452483406165609,5.451899996842258,138.236799997685,7567.331877729258
1782216526,2,,Aggregated,0.300000,0.000000,7,13,23,23,29,37,49,52,140,140,140,230,0,7,14.4171373913591,5.451899996842258,138.236799997685,7556.547826086957
1782216527,2,,Aggregated,0.300000,0.000000,7,13,23,23,29,37,49,52,140,140,140,230,0,7,14.4171373913591,5.451899996842258,138.236799997685,7556.547826086957
1782216528,2,,Aggregated,0.300000,0.000000,7,13,23,23,29,37,49,52,140,140,140,230,0,7,14.4171373913591,5.451899996842258,138.236799997685,7556.547826086957
1782216529,2,,Aggregated,0.400000,0.000000,7,13,23,23,26,37,49,52,140,140,140,231,0,7,14.456638961073386,5.451899996842258,138.236799997685,7569.285714285715
1782216530,2,,Aggregated,0.400000,0.000000,7,13,23,23,26,37,49,52,140,140,140,231,0,7,14.456638961073386,5.451899996842258,138.236799997685,7569.285714285715
1782216531,2,,Aggregated,0.400000,0.000000,7,13,23,24,29,37,49,52,140,140,140,232,0,7,14.517521551734434,5.451899996842258,138.236799997685,7581.913793103448
1782216532,2,,Aggregated,0.400000,0.000000,7,13,23,24,29,37,49,52,140,140,140,232,0,7,14.517521551734434,5.451899996842258,138.236799997685,7581.913793103448
1782216533,2,,Aggregated,0.400000,0.000000,7,13,23,24,29,37,49,52,140,140,140,232,0,7,14.517521551734434,5.451899996842258,138.236799997685,7581.913793103448
1782216534,2,,Aggregated,0.400000,0.000000,7,13,23,24,29,37,49,52,140,140,140,232,0,7,14.517521551734434,5.451899996842258,138.236799997685,7581.913793103448
1782216535,2,,Aggregated,0.300000,0.000000,7,13,23,24,29,37,49,52,140,140,140,233,0,7,14.482374678145046,5.451899996842258,138.236799997685,7574.545064377682
1782216536,2,,Aggregated,0.300000,0.000000,7,13,23,24,29,37,49,52,140,140,140,233,0,7,14.482374678145046,5.451899996842258,138.236799997685,7574.545064377682
1782216537,2,,Aggregated,0.300000,0.000000,7,13,23,24,29,37,49,52,140,140,140,234,0,7,14.446511538487831,5.451899996842258,138.236799997685,7563.91452991453
1782216538,2,,Aggregated,0.300000,0.000000,7,13,23,24,29,37,49,52,140,140,140,234,0,7,14.446511538487831,5.451899996842258,138.236799997685,7563.91452991453
1782216539,2,,Aggregated,0.300000,0.000000,7,13,23,24,29,37,49,52,140,140,140,234,0,7,14.446511538487831,5.451899996842258,138.236799997685,7563.91452991453
1782216540,2,,Aggregated,0.400000,0.000000,7,13,23,24,29,37,49,52,140,140,140,235,0,7,14.413905531933352,5.451899996842258,138.236799997685,7556.685106382979
1782216541,2,,Aggregated,0.400000,0.000000,7,13,23,24,29,37,49,52,140,140,140,235,0,7,14.413905531933352,5.451899996842258,138.236799997685,7556.685106382979
1782216542,2,,Aggregated,0.400000,0.000000,7,13,23,24,29,37,49,52,140,140,140,235,0,7,14.413905531933352,5.451899996842258,138.236799997685,7556.685106382979
1782216543,2,,Aggregated,0.400000,0.000000,7,13,23,24,29,37,49,52,140,140,140,235,0,7,14.413905531933352,5.451899996842258,138.236799997685,7556.685106382979
1782216544,2,,Aggregated,0.400000,0.000000,7,13,23,24,29,37,49,52,140,140,140,235,0,7,14.413905531933352,5.451899996842258,138.236799997685,7556.685106382979
1782216545,2,,Aggregated,0.300000,0.000000,7,13,23,24,29,37,49,52,140,140,140,236,0,7,14.455855084772832,5.451899996842258,138.236799997685,7569.152542372882
1782216546,2,,Aggregated,0.300000,0.000000,7,13,23,24,29,37,49,52,140,140,140,236,0,7,14.455855084772832,5.451899996842258,138.236799997685,7569.152542372882
1782216547,2,,Aggregated,0.300000,0.000000,7,13,23,24,29,37,49,52,140,140,140,236,0,7,14.455855084772832,5.451899996842258,138.236799997685,7569.152542372882
1782216548,2,,Aggregated,0.300000,0.000000,7,13,23,24,29,37,49,52,140,140,140,237,0,7,14.422234177228628,5.451899996842258,138.236799997685,7558.679324894515
1782216549,2,,Aggregated,0.300000,0.000000,7,13,23,24,29,37,49,52,140,140,140,237,0,7,14.422234177228628,5.451899996842258,138.236799997685,7558.679324894515
1782216550,2,,Aggregated,0.200000,0.000000,7,13,23,24,29,37,49,52,140,140,140,238,0,7,14.390584033628498,5.451899996842258,138.236799997685,7548.294117647059
1782216551,2,,Aggregated,0.200000,0.000000,7,13,23,24,29,37,49,52,140,140,140,238,0,7,14.390584033628498,5.451899996842258,138.236799997685,7548.294117647059
1782216552,2,,Aggregated,0.200000,0.000000,7,13,23,24,29,37,49,52,140,140,140,238,0,7,14.390584033628498,5.451899996842258,138.236799997685,7548.294117647059
1782216553,2,,Aggregated,0.200000,0.000000,7,13,23,24,29,37,49,52,140,140,140,238,0,7,14.390584033628498,5.451899996842258,138.236799997685,7548.294117647059
1782216554,2,,Aggregated,0.200000,0.000000,7,13,23,24,29,37,49,52,140,140,140,238,0,7,14.390584033628498,5.451899996842258,138.236799997685,7548.294117647059
1782216555,2,,Aggregated,0.200000,0.000000,7,13,23,24,29,37,49,52,140,140,140,238,0,7,14.390584033628498,5.451899996842258,138.236799997685,7548.294117647059
1782216556,2,,Aggregated,0.300000,0.000000,7,13,23,24,29,37,49,52,140,140,140,239,0,7,14.427528451918965,5.451899996842258,138.236799997685,7560.640167364017
1782216557,2,,Aggregated,0.300000,0.000000,7,13,23,24,29,37,49,52,140,140,140,239,0,7,14.427528451918965,5.451899996842258,138.236799997685,7560.640167364017
1782216558,2,,Aggregated,0.300000,0.000000,7,13,23,24,29,37,49,52,140,140,140,240,0,7,14.402717083369984,5.451899996842258,138.236799997685,7550.333333333333
1782216559,2,,Aggregated,0.300000,0.000000,7,13,23,24,29,37,49,52,140,140,140,240,0,7,14.402717083369984,5.451899996842258,138.236799997685,7550.333333333333
1782216560,2,,Aggregated,0.300000,0.000000,7,13,23,24,29,37,49,52,140,140,140,240,0,7,14.402717083369984,5.451899996842258,138.236799997685,7550.333333333333
1782216561,2,,Aggregated,0.300000,0.000000,7,13,23,24,29,37,49,52,140,140,140,240,0,7,14.402717083369984,5.451899996842258,138.236799997685,7550.333333333333
1782216562,2,,Aggregated,0.300000,0.000000,7,13,23,23,26,36,49,52,140,140,140,241,0,7,14.440278838193228,5.451899996842258,138.236799997685,7562.5684647302905
1782216563,2,,Aggregated,0.200000,0.000000,7,13,23,23,26,36,49,52,140,140,140,242,0,7,14.433707438031941,5.451899996842258,138.236799997685,7574.702479338843
1782216564,2,,Aggregated,0.200000,0.000000,7,13,23,23,26,36,49,52,140,140,140,242,0,7,14.433707438031941,5.451899996842258,138.236799997685,7574.702479338843
1782216565,2,,Aggregated,0.200000,0.000000,7,13,23,23,26,36,49,52,140,140,140,242,0,7,14.433707438031941,5.451899996842258,138.236799997685,7574.702479338843
1782216566,2,,Aggregated,0.200000,0.000000,7,13,23,23,26,36,49,52,140,140,140,242,0,7,14.433707438031941,5.451899996842258,138.236799997685,7574.702479338843
1782216567,2,,Aggregated,0.200000,0.000000,7,13,23,23,26,36,49,52,140,140,140,242,0,7,14.433707438031941,5.451899996842258,138.236799997685,7574.702479338843
1782216568,2,,Aggregated,0.200000,0.000000,7,13,23,23,26,36,49,52,140,140,140,242,0,7,14.433707438031941,5.451899996842258,138.236799997685,7574.702479338843
1782216569,2,,Aggregated,0.200000,0.000000,7,13,23,23,26,36,49,52,140,140,140,242,0,7,14.433707438031941,5.451899996842258,138.236799997685,7574.702479338843
1782216570,2,,Aggregated,0.200000,0.000000,7,13,23,23,26,36,49,52,140,140,140,242,0,7,14.433707438031941,5.451899996842258,138.236799997685,7574.702479338843
1782216571,2,,Aggregated,0.200000,0.000000,7,13,23,23,26,36,49,52,140,140,140,244,0,7,14.365301229548498,5.451899996842258,138.236799997685,7560.688524590164
1782216572,2,,Aggregated,0.200000,0.000000,7,13,23,23,26,36,49,52,140,140,140,244,0,7,14.365301229548498,5.451899996842258,138.236799997685,7560.688524590164
1782216573,2,,Aggregated,0.200000,0.000000,7,13,23,23,26,36,49,52,140,140,140,244,0,7,14.365301229548498,5.451899996842258,138.236799997685,7560.688524590164
1782216574,2,,Aggregated,0.200000,0.000000,7,13,23,23,26,36,49,52,140,140,140,244,0,7,14.365301229548498,5.451899996842258,138.236799997685,7560.688524590164
1782216575,2,,Aggregated,0.200000,0.000000,7,13,23,23,26,36,49,52,140,140,140,244,0,7,14.365301229548498,5.451899996842258,138.236799997685,7560.688524590164
1782216576,2,,Aggregated,0.200000,0.000000,7,13,23,24,29,37,49,52,140,140,140,246,0,7,14.542785365891888,5.451899996842258,138.236799997685,7584.577235772358
1782216577,2,,Aggregated,0.200000,0.000000,7,13,23,24,29,37,49,52,140,140,140,246,0,7,14.542785365891888,5.451899996842258,138.236799997685,7584.577235772358
1782216578,2,,Aggregated,0.200000,0.000000,7,13,23,24,29,37,49,52,140,140,140,246,0,7,14.542785365891888,5.451899996842258,138.236799997685,7584.577235772358
1782216579,2,,Aggregated,0.200000,0.000000,7,13,23,24,29,37,49,52,140,140,140,246,0,7,14.542785365891888,5.451899996842258,138.236799997685,7584.577235772358
1782216580,2,,Aggregated,0.200000,0.000000,7,13,23,24,29,37,49,52,140,140,140,246,0,7,14.542785365891888,5.451899996842258,138.236799997685,7584.577235772358
1782216581,2,,Aggregated,0.200000,0.000000,7,13,23,24,29,37,49,52,140,140,140,246,0,7,14.542785365891888,5.451899996842258,138.236799997685,7584.577235772358
1782216582,2,,Aggregated,0.400000,0.000000,7,13,23,24,29,37,49,52,140,140,140,247,0,7,14.512147773312911,5.451899996842258,138.236799997685,7577.615384615385
1782216583,2,,Aggregated,0.400000,0.000000,7,13,23,24,29,37,49,52,140,140,140,247,0,7,14.512147773312911,5.451899996842258,138.236799997685,7577.615384615385
1782216584,2,,Aggregated,0.200000,0.000000,7,13,23,24,29,37,49,52,140,140,140,248,0,7,14.542085887144147,5.451899996842258,138.236799997685,7589.395161290323
1782216585,2,,Aggregated,0.200000,0.000000,7,13,23,24,29,37,49,52,140,140,140,248,0,7,14.542085887144147,5.451899996842258,138.236799997685,7589.395161290323
1782216586,2,,Aggregated,0.200000,0.000000,7,13,23,24,29,37,49,52,140,140,140,248,0,7,14.542085887144147,5.451899996842258,138.236799997685,7589.395161290323
1782216587,2,,Aggregated,0.200000,0.000000,7,13,23,24,29,37,49,52,140,140,140,248,0,7,14.542085887144147,5.451899996842258,138.236799997685,7589.395161290323
1782216589,2,,Aggregated,0.400000,0.000000,7,13,23,24,29,37,49,52,140,140,140,249,0,7,14.61177469883044,5.451899996842258,138.236799997685,7601.080321285141
1782216590,2,,Aggregated,0.200000,0.000000,7,13,23,24,29,37,49,52,140,140,140,250,0,7,14.649705200019525,5.451899996842258,138.236799997685,7612.672
1782216591,2,,Aggregated,0.200000,0.000000,7,13,23,24,29,37,49,52,140,140,140,250,0,7,14.649705200019525,5.451899996842258,138.236799997685,7612.672
1782216592,2,,Aggregated,0.200000,0.000000,7,13,23,24,29,37,49,52,140,140,140,250,0,7,14.649705200019525,5.451899996842258,138.236799997685,7612.672
1782216593,2,,Aggregated,0.200000,0.000000,7,13,23,24,29,37,49,52,140,140,140,250,0,7,14.649705200019525,5.451899996842258,138.236799997685,7612.672
1782216594,2,,Aggregated,0.400000,0.000000,7,13,23,24,29,37,47,52,140,140,140,251,0,7,14.727625498036572,5.451899996842258,138.236799997685,7624.1713147410355
1782216595,2,,Aggregated,0.400000,0.000000,7,13,23,24,29,37,47,52,140,140,140,251,0,7,14.727625498036572,5.451899996842258,138.236799997685,7624.1713147410355
1782216596,2,,Aggregated,0.300000,0.000000,7,13,23,24,29,37,47,52,140,140,140,252,0,7,14.718029761940079,5.451899996842258,138.236799997685,7635.579365079365
1782216597,2,,Aggregated,0.300000,0.000000,7,13,23,24,29,37,47,52,140,140,140,252,0,7,14.718029761940079,5.451899996842258,138.236799997685,7635.579365079365
1782216598,2,,Aggregated,0.300000,0.000000,7,13,23,24,29,37,47,52,140,140,140,252,0,7,14.718029761940079,5.451899996842258,138.236799997685,7635.579365079365
1782216599,2,,Aggregated,0.300000,0.000000,7,13,23,24,29,37,47,52,140,140,140,252,0,7,14.718029761940079,5.451899996842258,138.236799997685,7635.579365079365
1782216600,2,,Aggregated,0.300000,0.000000,7,13,23,24,29,37,47,52,140,140,140,252,0,7,14.718029761940079,5.451899996842258,138.236799997685,7635.579365079365
1782216601,2,,Aggregated,0.400000,0.000000,8,13,23,24,29,37,47,52,140,140,140,254,0,7,14.696695275641849,5.451899996842258,138.236799997685,7652.870078740158
1782216602,2,,Aggregated,0.400000,0.000000,8,13,23,24,29,37,47,52,140,140,140,254,0,7,14.696695275641849,5.451899996842258,138.236799997685,7652.870078740158
1782216603,2,,Aggregated,0.400000,0.000000,8,13,23,24,29,37,47,52,140,140,140,254,0,7,14.696695275641849,5.451899996842258,138.236799997685,7652.870078740158
1782216604,2,,Aggregated,0.400000,0.000000,7,13,23,24,29,37,47,52,140,140,140,255,0,7,14.663242745155003,5.451899996842258,138.236799997685,7642.807843137255
1782216605,2,,Aggregated,0.400000,0.000000,7,13,23,24,29,37,47,52,140,140,140,255,0,7,14.663242745155003,5.451899996842258,138.236799997685,7642.807843137255
1782216606,2,,Aggregated,0.400000,0.000000,7,13,23,24,29,37,47,52,140,140,140,255,0,7,14.663242745155003,5.451899996842258,138.236799997685,7642.807843137255
1782216607,2,,Aggregated,0.400000,0.000000,8,13,23,24,29,37,47,52,140,140,140,256,0,7,14.636909765698647,5.451899996842258,138.236799997685,7635.86328125
1782216608,2,,Aggregated,0.400000,0.000000,8,13,23,24,29,37,47,52,140,140,140,256,0,7,14.636909765698647,5.451899996842258,138.236799997685,7635.86328125
1782216609,2,,Aggregated,0.400000,0.000000,8,13,23,24,29,37,47,52,140,140,140,256,0,7,14.636909765698647,5.451899996842258,138.236799997685,7635.86328125
1782216610,2,,Aggregated,0.400000,0.000000,8,13,23,24,29,37,47,52,140,140,140,256,0,7,14.636909765698647,5.451899996842258,138.236799997685,7635.86328125
1782216611,2,,Aggregated,0.400000,0.000000,8,13,23,24,29,37,47,52,140,140,140,256,0,7,14.636909765698647,5.451899996842258,138.236799997685,7635.86328125
1782216612,2,,Aggregated,0.400000,0.000000,8,13,23,24,29,37,47,52,140,140,140,256,0,7,14.636909765698647,5.451899996842258,138.236799997685,7635.86328125
1782216613,2,,Aggregated,0.400000,0.000000,8,13,23,24,29,37,47,52,140,140,140,257,0,8,14.679687159585065,5.451899996842258,138.236799997685,7647.003891050584
1782216614,2,,Aggregated,0.200000,0.000000,8,13,23,24,29,37,47,52,140,140,140,258,0,7,14.647623255874604,5.451899996842258,138.236799997685,7640.096899224806
1782216615,2,,Aggregated,0.200000,0.000000,8,13,23,24,29,37,47,52,140,140,140,258,0,7,14.647623255874604,5.451899996842258,138.236799997685,7640.096899224806
1782216616,2,,Aggregated,0.200000,0.000000,8,13,23,24,29,37,47,52,140,140,140,258,0,7,14.647623255874604,5.451899996842258,138.236799997685,7640.096899224806
1782216617,2,,Aggregated,0.200000,0.000000,8,13,23,24,29,37,47,52,140,140,140,258,0,7,14.647623255874604,5.451899996842258,138.236799997685,7640.096899224806
1782216618,2,,Aggregated,0.200000,0.000000,8,13,23,24,29,37,47,52,140,140,140,258,0,7,14.647623255874604,5.451899996842258,138.236799997685,7640.096899224806
1782216619,2,,Aggregated,0.200000,0.000000,8,13,23,24,29,37,47,52,140,140,140,258,0,7,14.647623255874604,5.451899996842258,138.236799997685,7640.096899224806
1782216620,2,,Aggregated,0.200000,0.000000,8,13,23,24,29,37,47,52,140,140,140,258,0,7,14.647623255874604,5.451899996842258,138.236799997685,7640.096899224806
1782216621,2,,Aggregated,0.200000,0.000000,8,13,23,24,29,37,47,52,140,140,140,260,0,8,14.66566846160836,5.451899996842258,138.236799997685,7644.265384615384
1782216622,2,,Aggregated,0.200000,0.000000,8,13,23,24,29,37,47,52,140,140,140,260,0,8,14.66566846160836,5.451899996842258,138.236799997685,7644.265384615384
1782216623,2,,Aggregated,0.200000,0.000000,8,13,23,24,29,37,47,52,140,140,140,260,0,8,14.66566846160836,5.451899996842258,138.236799997685,7644.265384615384
1782216624,2,,Aggregated,0.200000,0.000000,8,13,23,24,29,37,47,52,140,140,140,260,0,8,14.66566846160836,5.451899996842258,138.236799997685,7644.265384615384
1782216625,2,,Aggregated,0.200000,0.000000,8,13,23,24,29,37,47,52,140,140,140,260,0,8,14.66566846160836,5.451899996842258,138.236799997685,7644.265384615384
1782216626,2,,Aggregated,0.200000,0.000000,8,13,23,24,29,37,47,52,140,140,140,260,0,8,14.66566846160836,5.451899996842258,138.236799997685,7644.265384615384
1782216627,2,,Aggregated,0.200000,0.000000,8,13,23,24,29,36,47,52,140,140,140,262,0,8,14.665872137443712,5.451899996842258,138.236799997685,7648.3702290076335
1782216628,2,,Aggregated,0.200000,0.000000,8,13,23,24,29,36,47,52,140,140,140,262,0,8,14.665872137443712,5.451899996842258,138.236799997685,7648.3702290076335
1782216629,2,,Aggregated,0.200000,0.000000,8,13,23,24,29,36,47,52,140,140,140,262,0,8,14.665872137443712,5.451899996842258,138.236799997685,7648.3702290076335
1782216630,2,,Aggregated,0.200000,0.000000,8,13,23,24,29,36,47,52,140,140,140,262,0,8,14.665872137443712,5.451899996842258,138.236799997685,7648.3702290076335
1782216631,2,,Aggregated,0.200000,0.000000,8,13,23,24,29,36,47,52,140,140,140,262,0,8,14.665872137443712,5.451899996842258,138.236799997685,7648.3702290076335
1782216632,2,,Aggregated,0.400000,0.000000,8,13,23,24,29,36,47,52,140,140,140,263,0,8,14.719067300405811,5.451899996842258,138.236799997685,7659.209125475285
1782216633,2,,Aggregated,0.400000,0.000000,8,13,23,24,29,36,47,52,140,140,140,263,0,8,14.719067300405811,5.451899996842258,138.236799997685,7659.209125475285
1782216634,2,,Aggregated,0.400000,0.000000,8,13,23,24,29,36,47,52,140,140,140,263,0,8,14.719067300405811,5.451899996842258,138.236799997685,7659.209125475285
1782216635,2,,Aggregated,0.200000,0.000000,8,13,23,24,29,37,47,52,140,140,140,264,0,8,14.810844697008593,5.451899996842258,138.236799997685,7669.965909090909
1782216636,2,,Aggregated,0.200000,0.000000,8,13,23,24,29,37,47,52,140,140,140,264,0,8,14.810844697008593,5.451899996842258,138.236799997685,7669.965909090909
1782216637,2,,Aggregated,0.200000,0.000000,8,13,23,24,29,37,47,52,140,140,140,264,0,8,14.810844697008593,5.451899996842258,138.236799997685,7669.965909090909
1782216638,2,,Aggregated,0.200000,0.000000,8,13,23,24,29,37,47,52,140,140,140,264,0,8,14.810844697008593,5.451899996842258,138.236799997685,7669.965909090909
1782216639,2,,Aggregated,0.200000,0.000000,8,13,23,24,29,37,47,52,140,140,140,264,0,8,14.810844697008593,5.451899996842258,138.236799997685,7669.965909090909
1782216640,2,,Aggregated,0.200000,0.000000,8,13,23,24,29,37,47,52,140,140,140,264,0,8,14.810844697008593,5.451899996842258,138.236799997685,7669.965909090909
1782216641,2,,Aggregated,0.200000,0.000000,8,13,23,24,29,37,47,52,140,140,140,264,0,8,14.810844697008593,5.451899996842258,138.236799997685,7669.965909090909
1782216642,2,,Aggregated,0.200000,0.000000,8,14,23,24,29,37,47,52,140,140,140,266,0,8,14.92026466168914,5.451899996842258,138.236799997685,7691.236842105263
1782216643,2,,Aggregated,0.200000,0.000000,8,14,23,24,29,37,47,52,140,140,140,266,0,8,14.92026466168914,5.451899996842258,138.236799997685,7691.236842105263
1782216644,2,,Aggregated,0.200000,0.000000,8,14,23,24,29,37,47,52,140,140,140,266,0,8,14.92026466168914,5.451899996842258,138.236799997685,7691.236842105263
1782216645,2,,Aggregated,0.200000,0.000000,8,14,23,24,29,37,47,52,140,140,140,266,0,8,14.92026466168914,5.451899996842258,138.236799997685,7691.236842105263
1782216646,2,,Aggregated,0.200000,0.000000,8,14,23,24,29,37,47,52,140,140,140,266,0,8,14.92026466168914,5.451899996842258,138.236799997685,7691.236842105263
1782216647,2,,Aggregated,0.200000,0.000000,8,14,23,24,29,37,47,52,140,140,140,266,0,8,14.92026466168914,5.451899996842258,138.236799997685,7691.236842105263
1782216648,2,,Aggregated,0.200000,0.000000,8,14,23,24,29,37,47,52,140,140,140,267,0,8,14.8952419476155,5.451899996842258,138.236799997685,7684.397003745318
1782216649,2,,Aggregated,0.200000,0.000000,8,14,23,24,29,37,47,52,140,140,140,267,0,8,14.8952419476155,5.451899996842258,138.236799997685,7684.397003745318
1782216650,2,,Aggregated,0.200000,0.000000,8,14,23,24,29,37,47,52,140,140,140,267,0,8,14.8952419476155,5.451899996842258,138.236799997685,7684.397003745318
1782216651,2,,Aggregated,0.200000,0.000000,8,14,23,24,29,37,47,52,140,140,140,267,0,8,14.8952419476155,5.451899996842258,138.236799997685,7684.397003745318
1782216652,2,,Aggregated,0.300000,0.000000,8,13,23,24,29,37,47,52,140,140,140,268,0,8,14.868898880643007,5.451899996842258,138.236799997685,7674.705223880597
1782216653,2,,Aggregated,0.300000,0.000000,8,13,23,24,29,37,47,52,140,140,140,269,0,8,14.838200000059128,5.451899996842258,138.236799997685,7665.085501858736
1782216654,2,,Aggregated,0.300000,0.000000,8,13,23,24,29,37,47,52,140,140,140,269,0,8,14.838200000059128,5.451899996842258,138.236799997685,7665.085501858736
1782216655,2,,Aggregated,0.300000,0.000000,8,13,23,24,29,37,47,52,140,140,140,269,0,8,14.838200000059128,5.451899996842258,138.236799997685,7665.085501858736
1782216656,2,,Aggregated,0.300000,0.000000,8,13,23,24,29,37,47,52,140,140,140,269,0,8,14.838200000059128,5.451899996842258,138.236799997685,7665.085501858736
1782216657,2,,Aggregated,0.300000,0.000000,8,13,23,24,29,37,47,52,140,140,140,269,0,8,14.838200000059128,5.451899996842258,138.236799997685,7665.085501858736
1782216658,2,,Aggregated,0.300000,0.000000,8,13,23,24,29,37,47,52,140,140,140,270,0,8,14.812554074133342,5.451899996842258,138.236799997685,7655.537037037037
1782216659,2,,Aggregated,0.300000,0.000000,8,13,23,24,29,37,47,52,140,140,140,271,0,8,14.778884132891013,5.451899996842258,138.236799997685,7646.059040590406
1782216660,2,,Aggregated,0.300000,0.000000,8,13,23,24,29,37,47,52,140,140,140,271,0,8,14.778884132891013,5.451899996842258,138.236799997685,7646.059040590406
1782216661,2,,Aggregated,0.300000,0.000000,8,13,23,24,29,37,47,52,140,140,140,271,0,8,14.778884132891013,5.451899996842258,138.236799997685,7646.059040590406
1782216662,2,,Aggregated,0.300000,0.000000,8,13,23,24,29,37,47,52,140,140,140,271,0,8,14.778884132891013,5.451899996842258,138.236799997685,7646.059040590406
1782216663,2,,Aggregated,0.400000,0.000000,8,13,23,24,29,37,47,52,140,140,140,272,0,8,14.750606985324017,5.451899996842258,138.236799997685,7636.650735294118
1782216664,2,,Aggregated,0.400000,0.000000,8,13,23,24,29,37,47,52,140,140,140,272,0,8,14.750606985324017,5.451899996842258,138.236799997685,7636.650735294118
1782216665,2,,Aggregated,0.400000,0.000000,8,13,23,24,29,37,47,52,140,140,140,272,0,8,14.750606985324017,5.451899996842258,138.236799997685,7636.650735294118
1782216666,2,,Aggregated,0.300000,0.000000,8,13,23,24,29,37,47,52,140,140,140,273,0,8,14.719579120914132,5.451899996842258,138.236799997685,7630.1611721611725
1782216667,2,,Aggregated,0.300000,0.000000,8,13,23,24,29,37,47,52,140,140,140,273,0,8,14.719579120914132,5.451899996842258,138.236799997685,7630.1611721611725
1782216668,2,,Aggregated,0.300000,0.000000,8,13,23,24,29,37,47,52,140,140,140,273,0,8,14.719579120914132,5.451899996842258,138.236799997685,7630.1611721611725
1782216669,2,,Aggregated,0.400000,0.000000,8,13,23,24,29,37,47,52,140,140,140,274,0,8,14.751017883232622,5.451899996842258,138.236799997685,7640.631386861314
1782216670,2,,Aggregated,0.300000,0.000000,8,13,23,24,29,37,47,52,140,140,140,275,0,8,14.82186727273405,5.451899996842258,138.236799997685,7651.0254545454545
1782216671,2,,Aggregated,0.300000,0.000000,8,13,23,24,29,37,47,52,140,140,140,275,0,8,14.82186727273405,5.451899996842258,138.236799997685,7651.0254545454545
1782216672,2,,Aggregated,0.300000,0.000000,8,13,23,24,29,37,47,52,140,140,140,275,0,8,14.82186727273405,5.451899996842258,138.236799997685,7651.0254545454545
1782216673,2,,Aggregated,0.300000,0.000000,8,13,23,24,29,37,47,52,140,140,140,275,0,8,14.82186727273405,5.451899996842258,138.236799997685,7651.0254545454545
1782216674,2,,Aggregated,0.300000,0.000000,8,13,23,24,29,37,47,52,140,140,140,275,0,8,14.82186727273405,5.451899996842258,138.236799997685,7651.0254545454545
1782216675,2,,Aggregated,0.300000,0.000000,8,13,23,24,29,37,47,52,140,140,140,277,0,8,14.871072563210785,5.451899996842258,138.236799997685,7652.050541516245
1782216676,2,,Aggregated,0.300000,0.000000,8,13,23,24,29,37,47,52,140,140,140,277,0,8,14.871072563210785,5.451899996842258,138.236799997685,7652.050541516245
1782216677,2,,Aggregated,0.300000,0.000000,8,13,23,24,29,37,47,52,140,140,140,277,0,8,14.871072563210785,5.451899996842258,138.236799997685,7652.050541516245
1782216678,2,,Aggregated,0.300000,0.000000,8,13,23,24,29,37,47,52,140,140,140,277,0,8,14.871072563210785,5.451899996842258,138.236799997685,7652.050541516245
1782216679,2,,Aggregated,0.300000,0.000000,8,13,23,24,29,37,47,52,140,140,140,277,0,8,14.871072563210785,5.451899996842258,138.236799997685,7652.050541516245
1782216680,2,,Aggregated,0.400000,0.000000,8,14,23,24,29,37,47,52,140,140,140,278,0,8,14.929275899297824,5.451899996842258,138.236799997685,7662.291366906475
1782216681,2,,Aggregated,0.400000,0.000000,8,14,23,24,29,37,47,52,140,140,140,278,0,8,14.929275899297824,5.451899996842258,138.236799997685,7662.291366906475
1782216682,2,,Aggregated,0.300000,0.000000,8,14,23,24,29,37,47,52,140,140,140,279,0,8,14.89681577063053,5.451899996842258,138.236799997685,7655.8494623655915
1782216683,2,,Aggregated,0.300000,0.000000,8,14,23,24,29,37,47,52,140,140,140,279,0,8,14.89681577063053,5.451899996842258,138.236799997685,7655.8494623655915
1782216684,2,,Aggregated,0.300000,0.000000,8,14,23,24,29,37,47,52,140,140,140,279,0,8,14.89681577063053,5.451899996842258,138.236799997685,7655.8494623655915
1782216685,2,,Aggregated,0.300000,0.000000,8,14,23,24,29,37,47,52,140,140,140,279,0,8,14.89681577063053,5.451899996842258,138.236799997685,7655.8494623655915
1782216686,2,,Aggregated,0.300000,0.000000,8,14,23,24,29,37,47,52,140,140,140,279,0,8,14.89681577063053,5.451899996842258,138.236799997685,7655.8494623655915
1782216687,2,,Aggregated,0.400000,0.000000,8,14,23,24,29,37,47,52,140,140,140,280,0,8,14.927265714322857,5.451899996842258,138.236799997685,7666.003571428571
1782216688,2,,Aggregated,0.400000,0.000000,8,14,23,24,29,37,47,52,140,140,140,280,0,8,14.927265714322857,5.451899996842258,138.236799997685,7666.003571428571
1782216689,2,,Aggregated,0.400000,0.000000,8,14,23,24,29,37,47,52,140,140,140,280,0,8,14.927265714322857,5.451899996842258,138.236799997685,7666.003571428571
1782216690,2,,Aggregated,0.300000,0.000000,8,14,23,24,29,36,47,52,140,140,140,281,0,8,14.899954804290978,5.451899996842258,138.236799997685,7659.594306049822
1782216691,2,,Aggregated,0.300000,0.000000,8,14,23,24,29,36,47,52,140,140,140,281,0,8,14.899954804290978,5.451899996842258,138.236799997685,7659.594306049822
1782216692,2,,Aggregated,0.300000,0.000000,8,14,23,24,29,36,47,52,140,140,140,282,0,8,14.87055496455204,5.451899996842258,138.236799997685,7650.4716312056735
1782216693,2,,Aggregated,0.300000,0.000000,8,14,23,24,29,36,47,52,140,140,140,282,0,8,14.87055496455204,5.451899996842258,138.236799997685,7650.4716312056735
1782216694,2,,Aggregated,0.300000,0.000000,8,14,23,24,29,36,47,52,140,140,140,282,0,8,14.87055496455204,5.451899996842258,138.236799997685,7650.4716312056735
1782216695,2,,Aggregated,0.300000,0.000000,8,14,23,24,29,36,47,52,140,140,140,283,0,8,14.898004240296533,5.451899996842258,138.236799997685,7660.537102473499
1782216696,2,,Aggregated,0.300000,0.000000,8,14,23,24,29,36,47,52,140,140,140,283,0,8,14.898004240296533,5.451899996842258,138.236799997685,7660.537102473499
1782216697,2,,Aggregated,0.300000,0.000000,8,14,23,24,29,36,47,52,140,140,140,283,0,8,14.898004240296533,5.451899996842258,138.236799997685,7660.537102473499
1782216698,2,,Aggregated,0.300000,0.000000,8,14,23,24,29,36,47,52,140,140,140,283,0,8,14.898004240296533,5.451899996842258,138.236799997685,7660.537102473499
1782216699,2,,Aggregated,0.300000,0.000000,8,14,23,24,29,36,47,52,140,140,140,283,0,8,14.898004240296533,5.451899996842258,138.236799997685,7660.537102473499
1782216700,2,,Aggregated,0.300000,0.000000,8,14,23,24,29,36,47,52,140,140,140,283,0,8,14.898004240296533,5.451899996842258,138.236799997685,7660.537102473499
1782216701,2,,Aggregated,0.300000,0.000000,8,14,23,24,29,36,47,52,140,140,140,285,0,8,14.842221403536346,5.451899996842258,138.236799997685,7642.4771929824565
1782216702,2,,Aggregated,0.300000,0.000000,8,14,23,24,29,36,47,52,140,140,140,285,0,8,14.842221403536346,5.451899996842258,138.236799997685,7642.4771929824565
1782216703,2,,Aggregated,0.300000,0.000000,8,14,23,24,29,36,47,52,140,140,140,285,0,8,14.842221403536346,5.451899996842258,138.236799997685,7642.4771929824565
1782216704,2,,Aggregated,0.300000,0.000000,8,14,23,24,29,36,47,52,140,140,140,285,0,8,14.842221403536346,5.451899996842258,138.236799997685,7642.4771929824565
1782216705,2,,Aggregated,0.300000,0.000000,8,14,23,24,29,36,47,52,140,140,140,285,0,8,14.842221403536346,5.451899996842258,138.236799997685,7642.4771929824565
1782216707,2,,Aggregated,0.300000,0.000000,8,13,23,24,29,36,47,52,140,140,140,286,0,8,14.81521993009919,5.451899996842258,138.236799997685,7633.541958041958
1782216708,2,,Aggregated,0.300000,0.000000,8,13,23,24,29,36,47,52,140,140,140,286,0,8,14.81521993009919,5.451899996842258,138.236799997685,7633.541958041958
1782216709,2,,Aggregated,0.300000,0.000000,8,13,23,24,29,36,47,52,140,140,140,286,0,8,14.81521993009919,5.451899996842258,138.236799997685,7633.541958041958
1782216710,2,,Aggregated,0.300000,0.000000,8,13,23,24,29,36,47,52,140,140,140,286,0,8,14.81521993009919,5.451899996842258,138.236799997685,7633.541958041958
1782216711,2,,Aggregated,0.300000,0.000000,8,13,23,24,29,36,47,52,140,140,140,287,0,8,14.793786759611393,5.451899996842258,138.236799997685,7627.379790940767
1782216712,2,,Aggregated,0.300000,0.000000,8,13,23,24,29,36,47,52,140,140,140,287,0,8,14.793786759611393,5.451899996842258,138.236799997685,7627.379790940767
1782216713,2,,Aggregated,0.300000,0.000000,8,13,23,24,29,36,47,52,140,140,140,287,0,8,14.793786759611393,5.451899996842258,138.236799997685,7627.379790940767
1782216714,2,,Aggregated,0.300000,0.000000,8,13,23,24,29,36,47,52,140,140,140,287,0,8,14.793786759611393,5.451899996842258,138.236799997685,7627.379790940767
1782216715,2,,Aggregated,0.200000,0.000000,8,14,23,24,29,36,47,52,140,140,140,288,0,8,14.823837500039694,5.451899996842258,138.236799997685,7637.350694444444
1782216716,2,,Aggregated,0.200000,0.000000,8,13,23,24,29,36,47,52,140,140,140,289,0,8,14.798720415264077,5.451899996842258,138.236799997685,7628.525951557093
1782216717,2,,Aggregated,0.200000,0.000000,8,13,23,24,29,36,47,52,140,140,140,289,0,8,14.798720415264077,5.451899996842258,138.236799997685,7628.525951557093
1782216718,2,,Aggregated,0.200000,0.000000,8,13,23,24,29,36,47,52,140,140,140,289,0,8,14.798720415264077,5.451899996842258,138.236799997685,7628.525951557093
1782216719,2,,Aggregated,0.200000,0.000000,8,13,23,24,29,36,47,52,140,140,140,289,0,8,14.798720415264077,5.451899996842258,138.236799997685,7628.525951557093
1782216720,2,,Aggregated,0.300000,0.000000,8,14,23,24,29,36,47,52,140,140,140,290,0,8,14.822756896570228,5.451899996842258,138.236799997685,7638.424137931034
1782216721,2,,Aggregated,0.300000,0.000000,8,14,23,24,29,36,47,52,140,140,140,290,0,8,14.822756896570228,5.451899996842258,138.236799997685,7638.424137931034
1782216722,2,,Aggregated,0.300000,0.000000,8,14,23,24,29,36,47,52,140,140,140,290,0,8,14.822756896570228,5.451899996842258,138.236799997685,7638.424137931034
1782216723,2,,Aggregated,0.300000,0.000000,8,14,23,24,29,36,47,52,140,140,140,290,0,8,14.822756896570228,5.451899996842258,138.236799997685,7638.424137931034
1782216724,2,,Aggregated,0.300000,0.000000,8,14,23,24,29,36,47,52,140,140,140,290,0,8,14.822756896570228,5.451899996842258,138.236799997685,7638.424137931034
1782216725,2,,Aggregated,0.300000,0.000000,8,18,23,24,29,36,47,52,140,140,140,291,0,8,14.853003092791846,5.451899996842258,138.236799997685,7648.254295532646
1782216726,2,,Aggregated,0.300000,0.000000,8,18,23,24,29,36,47,52,140,140,140,291,0,8,14.853003092791846,5.451899996842258,138.236799997685,7648.254295532646
1782216727,2,,Aggregated,0.300000,0.000000,8,18,23,24,29,36,47,52,140,140,140,291,0,8,14.853003092791846,5.451899996842258,138.236799997685,7648.254295532646
1782216728,2,,Aggregated,0.300000,0.000000,8,18,23,24,29,36,47,52,140,140,140,291,0,8,14.853003092791846,5.451899996842258,138.236799997685,7648.254295532646
1782216729,2,,Aggregated,0.200000,0.000000,8,14,23,24,29,36,47,52,140,140,140,292,0,8,14.845306849328814,5.451899996842258,138.236799997685,7658.017123287671
1782216730,2,,Aggregated,0.200000,0.000000,8,14,23,24,29,36,47,52,140,140,140,292,0,8,14.845306849328814,5.451899996842258,138.236799997685,7658.017123287671
1782216731,2,,Aggregated,0.200000,0.000000,8,14,23,24,29,36,47,52,140,140,140,293,0,8,14.818479522195352,5.451899996842258,138.236799997685,7651.897610921502
1782216732,2,,Aggregated,0.200000,0.000000,8,14,23,24,29,36,47,52,140,140,140,293,0,8,14.818479522195352,5.451899996842258,138.236799997685,7651.897610921502
1782216733,2,,Aggregated,0.200000,0.000000,8,14,23,24,29,36,47,52,140,140,140,293,0,8,14.818479522195352,5.451899996842258,138.236799997685,7651.897610921502
1782216734,2,,Aggregated,0.200000,0.000000,8,14,23,24,29,36,47,52,140,140,140,293,0,8,14.818479522195352,5.451899996842258,138.236799997685,7651.897610921502
1782216735,2,,Aggregated,0.200000,0.000000,8,14,23,24,29,36,47,52,140,140,140,293,0,8,14.818479522195352,5.451899996842258,138.236799997685,7651.897610921502
1782216736,2,,Aggregated,0.300000,0.000000,8,14,23,24,29,36,47,52,140,140,140,294,0,8,14.791159523824438,5.451899996842258,138.236799997685,7643.173469387755
1782216737,2,,Aggregated,0.300000,0.000000,8,14,23,24,29,36,47,52,140,140,140,294,0,8,14.791159523824438,5.451899996842258,138.236799997685,7643.173469387755
1782216738,2,,Aggregated,0.300000,0.000000,8,14,23,24,29,36,47,52,140,140,140,294,0,8,14.791159523824438,5.451899996842258,138.236799997685,7643.173469387755
1782216739,2,,Aggregated,0.300000,0.000000,8,14,23,24,29,36,47,52,140,140,140,294,0,8,14.791159523824438,5.451899996842258,138.236799997685,7643.173469387755
1782216740,2,,Aggregated,0.300000,0.000000,8,13,23,24,29,36,47,52,140,140,140,295,0,8,14.77124033899291,5.451899996842258,138.236799997685,7637.145762711864
1782216741,2,,Aggregated,0.300000,0.000000,8,13,23,24,29,36,47,52,140,140,140,295,0,8,14.77124033899291,5.451899996842258,138.236799997685,7637.145762711864
1782216742,2,,Aggregated,0.300000,0.000000,8,13,23,24,29,36,47,52,140,140,140,295,0,8,14.77124033899291,5.451899996842258,138.236799997685,7637.145762711864
1782216743,2,,Aggregated,0.300000,0.000000,8,13,23,24,29,36,47,52,140,140,140,295,0,8,14.77124033899291,5.451899996842258,138.236799997685,7637.145762711864
1782216744,2,,Aggregated,0.300000,0.000000,8,13,23,24,29,36,47,52,140,140,140,295,0,8,14.77124033899291,5.451899996842258,138.236799997685,7637.145762711864
1782216745,2,,Aggregated,0.200000,0.000000,8,18,23,24,29,36,47,52,140,140,140,297,0,8,14.853635690246923,5.451899996842258,138.236799997685,7656.4175084175085
1782216746,2,,Aggregated,0.200000,0.000000,8,18,23,24,29,36,47,52,140,140,140,297,0,8,14.853635690246923,5.451899996842258,138.236799997685,7656.4175084175085
1782216747,2,,Aggregated,0.200000,0.000000,8,18,23,24,29,36,47,52,140,140,140,297,0,8,14.853635690246923,5.451899996842258,138.236799997685,7656.4175084175085
1782216748,2,,Aggregated,0.200000,0.000000,8,18,23,24,29,36,47,52,140,140,140,297,0,8,14.853635690246923,5.451899996842258,138.236799997685,7656.4175084175085
1782216749,2,,Aggregated,0.200000,0.000000,8,18,23,24,29,36,47,52,140,140,140,297,0,8,14.853635690246923,5.451899996842258,138.236799997685,7656.4175084175085
1782216750,2,,Aggregated,0.200000,0.000000,8,18,23,24,29,36,47,52,140,140,140,297,0,8,14.853635690246923,5.451899996842258,138.236799997685,7656.4175084175085
1782216751,2,,Aggregated,0.200000,0.000000,8,18,23,24,29,36,47,52,140,140,140,297,0,8,14.853635690246923,5.451899996842258,138.236799997685,7656.4175084175085
1782216752,2,,Aggregated,0.300000,0.000000,8,14,23,24,29,36,47,52,140,140,140,298,0,8,14.82507147653487,5.451899996842258,138.236799997685,7650.406040268456
1782216753,2,,Aggregated,0.300000,0.000000,8,14,23,24,29,36,47,52,140,140,140,298,0,8,14.82507147653487,5.451899996842258,138.236799997685,7650.406040268456
1782216754,2,,Aggregated,0.300000,0.000000,8,14,23,24,29,36,47,52,140,140,140,298,0,8,14.82507147653487,5.451899996842258,138.236799997685,7650.406040268456
1782216755,2,,Aggregated,0.200000,0.000000,8,14,23,24,29,36,47,52,140,140,140,299,0,8,14.802524749181634,5.451899996842258,138.236799997685,7641.832775919733
1782216756,2,,Aggregated,0.200000,0.000000,8,14,23,24,29,36,47,52,140,140,140,299,0,8,14.802524749181634,5.451899996842258,138.236799997685,7641.832775919733
1782216757,2,,Aggregated,0.300000,0.000000,8,18,23,24,29,36,47,52,140,140,140,300,0,8,14.831282000013744,5.451899996842258,138.236799997685,7651.356666666667
1782216758,2,,Aggregated,0.300000,0.000000,8,18,23,24,29,36,47,52,140,140,140,300,0,8,14.831282000013744,5.451899996842258,138.236799997685,7651.356666666667
1782216759,2,,Aggregated,0.300000,0.000000,8,18,23,24,29,36,47,52,140,140,140,300,0,8,14.831282000013744,5.451899996842258,138.236799997685,7651.356666666667
1782216760,2,,Aggregated,0.300000,0.000000,8,18,23,24,29,36,47,52,140,140,140,300,0,8,14.831282000013744,5.451899996842258,138.236799997685,7651.356666666667
1782216761,2,,Aggregated,0.300000,0.000000,8,18,23,24,29,36,47,52,140,140,140,300,0,8,14.831282000013744,5.451899996842258,138.236799997685,7651.356666666667
1782216762,2,,Aggregated,0.300000,0.000000,8,18,23,24,29,36,47,52,140,140,140,300,0,8,14.831282000013744,5.451899996842258,138.236799997685,7651.356666666667
1782216763,2,,Aggregated,0.300000,0.000000,8,18,23,24,29,36,46,52,140,140,140,301,0,8,14.85881528239295,5.451899996842258,138.236799997685,7660.817275747509
1782216764,2,,Aggregated,0.300000,0.000000,8,18,23,24,29,36,46,52,140,140,140,302,0,8,14.8467771523067,5.451899996842258,138.236799997685,7670.215231788079
1782216765,2,,Aggregated,0.300000,0.000000,8,18,23,24,29,36,46,52,140,140,140,302,0,8,14.8467771523067,5.451899996842258,138.236799997685,7670.215231788079
1782216766,2,,Aggregated,0.300000,0.000000,8,18,23,24,29,36,46,52,140,140,140,302,0,8,14.8467771523067,5.451899996842258,138.236799997685,7670.215231788079
1782216767,2,,Aggregated,0.300000,0.000000,8,18,23,24,29,36,46,52,140,140,140,302,0,8,14.8467771523067,5.451899996842258,138.236799997685,7670.215231788079
1782216768,2,,Aggregated,0.300000,0.000000,8,18,23,24,29,36,46,52,140,140,140,302,0,8,14.8467771523067,5.451899996842258,138.236799997685,7670.215231788079
1782216769,2,,Aggregated,0.300000,0.000000,8,18,23,24,29,36,46,52,140,140,140,302,0,8,14.8467771523067,5.451899996842258,138.236799997685,7670.215231788079
1782216770,2,,Aggregated,0.300000,0.000000,8,18,23,24,29,36,46,52,140,140,140,302,0,8,14.8467771523067,5.451899996842258,138.236799997685,7670.215231788079
1782216771,2,,Aggregated,0.300000,0.000000,8,18,23,24,29,36,46,52,140,140,140,302,0,8,14.8467771523067,5.451899996842258,138.236799997685,7670.215231788079
1782216772,2,,Aggregated,0.200000,0.000000,8,18,23,24,29,36,46,52,140,140,140,303,0,8,14.876646534644456,5.451899996842258,138.236799997685,7679.551155115511
1782216773,2,,Aggregated,0.200000,0.000000,8,18,23,24,29,36,46,52,140,140,140,304,0,8,14.847098026309954,5.451899996842258,138.236799997685,7673.582236842105
1782216774,2,,Aggregated,0.200000,0.000000,8,18,23,24,29,36,46,52,140,140,140,304,0,8,14.847098026309954,5.451899996842258,138.236799997685,7673.582236842105
1782216775,2,,Aggregated,0.200000,0.000000,8,18,23,24,29,36,46,52,140,140,140,304,0,8,14.847098026309954,5.451899996842258,138.236799997685,7673.582236842105
1782216776,2,,Aggregated,0.200000,0.000000,8,18,23,24,29,36,46,52,140,140,140,304,0,8,14.847098026309954,5.451899996842258,138.236799997685,7673.582236842105
1782216777,2,,Aggregated,0.200000,0.000000,8,18,23,24,29,36,46,52,140,140,140,304,0,8,14.847098026309954,5.451899996842258,138.236799997685,7673.582236842105
1782216778,2,,Aggregated,0.200000,0.000000,8,18,23,24,29,36,46,52,140,140,140,304,0,8,14.847098026309954,5.451899996842258,138.236799997685,7673.582236842105
1782216779,2,,Aggregated,0.200000,0.000000,8,18,23,24,29,36,46,52,140,140,140,304,0,8,14.847098026309954,5.451899996842258,138.236799997685,7673.582236842105
1782216780,2,,Aggregated,0.200000,0.000000,8,18,23,24,29,36,46,52,140,140,140,304,0,8,14.847098026309954,5.451899996842258,138.236799997685,7673.582236842105
1782216781,2,,Aggregated,0.200000,0.000000,8,21,23,24,29,36,46,52,140,140,140,305,0,8,14.875656065576878,5.451899996842258,138.236799997685,7682.845901639344
1782216782,2,,Aggregated,0.200000,0.000000,8,21,23,24,29,36,46,52,140,140,140,306,0,8,14.897604575179049,5.451899996842258,138.236799997685,7692.049019607844
1782216783,2,,Aggregated,0.200000,0.000000,8,21,23,24,29,36,46,52,140,140,140,306,0,8,14.897604575179049,5.451899996842258,138.236799997685,7692.049019607844
1782216784,2,,Aggregated,0.200000,0.000000,8,21,23,24,29,36,46,52,140,140,140,306,0,8,14.897604575179049,5.451899996842258,138.236799997685,7692.049019607844
1782216785,2,,Aggregated,0.200000,0.000000,8,21,23,24,29,36,46,52,140,140,140,306,0,8,14.897604575179049,5.451899996842258,138.236799997685,7692.049019607844
1782216786,2,,Aggregated,0.200000,0.000000,8,21,23,24,29,36,46,52,140,140,140,306,0,8,14.897604575179049,5.451899996842258,138.236799997685,7692.049019607844
1782216787,2,,Aggregated,0.200000,0.000000,8,21,23,24,29,36,46,52,140,140,140,306,0,8,14.897604575179049,5.451899996842258,138.236799997685,7692.049019607844
1782216788,2,,Aggregated,0.200000,0.000000,8,21,23,24,29,36,46,52,140,140,140,307,0,8,14.928774592854008,5.451899996842258,138.236799997685,7701.192182410424
1782216789,2,,Aggregated,0.200000,0.000000,8,21,23,24,29,36,46,52,140,140,140,307,0,8,14.928774592854008,5.451899996842258,138.236799997685,7701.192182410424
1782216790,2,,Aggregated,0.200000,0.000000,8,21,23,24,29,36,46,52,140,140,140,307,0,8,14.928774592854008,5.451899996842258,138.236799997685,7701.192182410424
1782216791,2,,Aggregated,0.200000,0.000000,8,21,23,24,29,36,46,52,140,140,140,307,0,8,14.928774592854008,5.451899996842258,138.236799997685,7701.192182410424
1782216792,2,,Aggregated,0.300000,0.000000,8,21,23,24,29,36,46,52,140,140,140,308,0,8,14.898844805217081,5.451899996842258,138.236799997685,7695.230519480519
1782216793,2,,Aggregated,0.300000,0.000000,8,21,23,24,29,36,46,52,140,140,140,308,0,8,14.898844805217081,5.451899996842258,138.236799997685,7695.230519480519
1782216794,2,,Aggregated,0.300000,0.000000,8,21,23,24,29,36,46,52,140,140,140,308,0,8,14.898844805217081,5.451899996842258,138.236799997685,7695.230519480519
1782216795,2,,Aggregated,0.300000,0.000000,8,21,23,24,29,36,46,52,140,140,140,308,0,8,14.898844805217081,5.451899996842258,138.236799997685,7695.230519480519
1782216796,2,,Aggregated,0.200000,0.000000,8,21,23,24,29,36,46,52,140,140,140,309,0,8,14.928787378658326,5.451899996842258,138.236799997685,7704.3042071197415
1782216797,2,,Aggregated,0.200000,0.000000,8,21,23,24,29,36,46,52,140,140,140,310,0,8,14.921061612920077,5.451899996842258,138.236799997685,7713.31935483871
1782216798,2,,Aggregated,0.200000,0.000000,8,21,23,24,29,36,46,52,140,140,140,310,0,8,14.921061612920077,5.451899996842258,138.236799997685,7713.31935483871
1782216799,2,,Aggregated,0.200000,0.000000,8,21,23,24,29,36,46,52,140,140,140,310,0,8,14.921061612920077,5.451899996842258,138.236799997685,7713.31935483871
1782216800,2,,Aggregated,0.200000,0.000000,8,21,23,24,29,36,46,52,140,140,140,310,0,8,14.921061612920077,5.451899996842258,138.236799997685,7713.31935483871
1782216801,2,,Aggregated,0.200000,0.000000,8,21,23,24,29,36,46,52,140,140,140,310,0,8,14.921061612920077,5.451899996842258,138.236799997685,7713.31935483871
1782216802,2,,Aggregated,0.300000,0.000000,8,21,23,24,29,36,46,52,140,140,140,311,0,8,14.891395498406093,5.451899996842258,138.236799997685,7707.376205787781
1782216803,2,,Aggregated,0.300000,0.000000,8,21,23,24,29,36,46,52,140,140,140,311,0,8,14.891395498406093,5.451899996842258,138.236799997685,7707.376205787781
1782216804,2,,Aggregated,0.300000,0.000000,8,21,23,24,29,36,46,52,140,140,140,311,0,8,14.891395498406093,5.451899996842258,138.236799997685,7707.376205787781
1782216805,2,,Aggregated,0.300000,0.000000,8,21,23,24,29,36,46,52,140,140,140,312,0,8,14.916609935892502,5.451899996842258,138.236799997685,7716.323717948718
1782216806,2,,Aggregated,0.300000,0.000000,8,21,23,24,29,36,46,52,140,140,140,312,0,8,14.916609935892502,5.451899996842258,138.236799997685,7716.323717948718
1782216807,2,,Aggregated,0.300000,0.000000,8,21,23,24,29,36,46,52,140,140,140,313,0,8,14.89096453674,5.451899996842258,138.236799997685,7710.408945686901
1782216808,2,,Aggregated,0.300000,0.000000,8,21,23,24,29,36,46,52,140,140,140,313,0,8,14.89096453674,5.451899996842258,138.236799997685,7710.408945686901
1782216809,2,,Aggregated,0.300000,0.000000,8,21,23,24,29,36,46,52,140,140,140,313,0,8,14.89096453674,5.451899996842258,138.236799997685,7710.408945686901
1782216810,2,,Aggregated,0.300000,0.000000,8,21,23,24,29,36,46,52,140,140,140,313,0,8,14.89096453674,5.451899996842258,138.236799997685,7710.408945686901
1782216811,2,,Aggregated,0.300000,0.000000,8,21,23,24,29,36,46,52,140,140,140,313,0,8,14.89096453674,5.451899996842258,138.236799997685,7710.408945686901
1782216812,2,,Aggregated,0.300000,0.000000,8,21,23,24,29,36,46,52,140,140,140,313,0,8,14.89096453674,5.451899996842258,138.236799997685,7710.408945686901
1782216813,2,,Aggregated,0.300000,0.000000,8,21,23,24,29,36,46,52,140,140,140,314,0,8,14.91059394904867,5.451899996842258,138.236799997685,7719.289808917198
1782216814,2,,Aggregated,0.300000,0.000000,8,21,23,24,29,36,46,52,140,140,140,314,0,8,14.91059394904867,5.451899996842258,138.236799997685,7719.289808917198
1782216815,2,,Aggregated,0.200000,0.000000,8,21,23,24,29,36,46,52,140,140,140,315,0,8,14.883882857144012,5.451899996842258,138.236799997685,7713.403174603174
1782216816,2,,Aggregated,0.200000,0.000000,8,21,23,24,29,36,46,52,140,140,140,315,0,8,14.883882857144012,5.451899996842258,138.236799997685,7713.403174603174
1782216817,2,,Aggregated,0.200000,0.000000,8,21,23,24,29,36,46,52,140,140,140,315,0,8,14.883882857144012,5.451899996842258,138.236799997685,7713.403174603174
1782216818,2,,Aggregated,0.200000,0.000000,8,21,23,24,29,36,46,52,140,140,140,315,0,8,14.883882857144012,5.451899996842258,138.236799997685,7713.403174603174
1782216820,2,,Aggregated,0.200000,0.000000,8,21,23,24,29,36,46,52,140,140,140,315,0,8,14.883882857144012,5.451899996842258,138.236799997685,7713.403174603174
1782216821,2,,Aggregated,0.200000,0.000000,8,21,23,24,29,36,46,52,140,140,140,315,0,8,14.883882857144012,5.451899996842258,138.236799997685,7713.403174603174
1782216822,2,,Aggregated,0.200000,0.000000,8,21,23,24,29,36,46,52,140,140,140,315,0,8,14.883882857144012,5.451899996842258,138.236799997685,7713.403174603174
1782216823,2,,Aggregated,0.200000,0.000000,8,21,23,24,29,36,46,52,140,140,140,316,0,8,14.961861392409066,5.451899996842258,138.236799997685,7722.21835443038
1782216824,2,,Aggregated,0.200000,0.000000,8,21,23,24,29,36,46,52,140,140,140,317,0,8,14.94259905364869,5.451899996842258,138.236799997685,7716.359621451104
1782216825,2,,Aggregated,0.200000,0.000000,8,21,23,24,29,36,46,52,140,140,140,317,0,8,14.94259905364869,5.451899996842258,138.236799997685,7716.359621451104
1782216826,2,,Aggregated,0.200000,0.000000,8,21,23,24,29,36,46,52,140,140,140,317,0,8,14.94259905364869,5.451899996842258,138.236799997685,7716.359621451104
1782216827,2,,Aggregated,0.200000,0.000000,8,21,23,24,29,36,46,52,140,140,140,317,0,8,14.94259905364869,5.451899996842258,138.236799997685,7716.359621451104
1782216828,2,,Aggregated,0.200000,0.000000,8,21,23,24,29,36,46,52,140,140,140,317,0,8,14.94259905364869,5.451899996842258,138.236799997685,7716.359621451104
1782216829,2,,Aggregated,0.200000,0.000000,8,21,23,24,29,36,46,52,140,140,140,317,0,8,14.94259905364869,5.451899996842258,138.236799997685,7716.359621451104
1782216830,2,,Aggregated,0.200000,0.000000,8,21,23,24,29,36,46,52,140,140,140,317,0,8,14.94259905364869,5.451899996842258,138.236799997685,7716.359621451104
1782216831,2,,Aggregated,0.200000,0.000000,8,21,23,24,29,36,46,52,140,140,140,318,0,8,14.963382075500634,5.451899996842258,138.236799997685,7725.110062893082
1782216832,2,,Aggregated,0.200000,0.000000,8,21,23,24,29,36,46,52,140,140,140,318,0,8,14.963382075500634,5.451899996842258,138.236799997685,7725.110062893082
1782216833,2,,Aggregated,0.200000,0.000000,8,21,23,24,29,36,46,52,140,140,140,319,0,8,14.935010031372386,5.451899996842258,138.236799997685,7716.840125391849
1782216834,2,,Aggregated,0.200000,0.000000,8,21,23,24,29,36,46,52,140,140,140,319,0,8,14.935010031372386,5.451899996842258,138.236799997685,7716.840125391849
1782216835,2,,Aggregated,0.200000,0.000000,8,21,23,24,29,36,46,52,140,140,140,319,0,8,14.935010031372386,5.451899996842258,138.236799997685,7716.840125391849
1782216836,2,,Aggregated,0.200000,0.000000,8,21,23,24,29,36,46,52,140,140,140,319,0,8,14.935010031372386,5.451899996842258,138.236799997685,7716.840125391849
1782216837,2,,Aggregated,0.200000,0.000000,8,21,23,24,29,36,46,52,140,140,140,319,0,8,14.935010031372386,5.451899996842258,138.236799997685,7716.840125391849
1782216838,2,,Aggregated,0.200000,0.000000,8,21,23,24,29,36,46,52,140,140,140,319,0,8,14.935010031372386,5.451899996842258,138.236799997685,7716.840125391849
1782216839,2,,Aggregated,0.200000,0.000000,8,21,23,24,29,36,46,52,140,140,140,319,0,8,14.935010031372386,5.451899996842258,138.236799997685,7716.840125391849
1782216840,2,,Aggregated,0.200000,0.000000,8,21,23,24,29,36,46,52,140,140,140,320,0,8,14.914148125012616,5.451899996842258,138.236799997685,7711.053125
1782216841,2,,Aggregated,0.200000,0.000000,8,21,23,24,29,36,46,52,140,140,140,321,0,8,14.934695327106494,5.451899996842258,138.236799997685,7719.738317757009
1782216842,2,,Aggregated,0.200000,0.000000,8,21,23,24,29,36,46,52,140,140,140,321,0,8,14.934695327106494,5.451899996842258,138.236799997685,7719.738317757009
1782216843,2,,Aggregated,0.200000,0.000000,8,21,23,24,29,36,46,52,140,140,140,321,0,8,14.934695327106494,5.451899996842258,138.236799997685,7719.738317757009
1782216844,2,,Aggregated,0.200000,0.000000,8,21,23,24,29,36,46,52,140,140,140,321,0,8,14.934695327106494,5.451899996842258,138.236799997685,7719.738317757009
1782216845,2,,Aggregated,0.300000,0.000000,8,21,23,24,29,36,46,52,140,140,140,322,0,8,14.908673913043277,5.451899996842258,138.236799997685,7713.978260869565
1782216846,2,,Aggregated,0.300000,0.000000,8,21,23,24,29,36,46,52,140,140,140,322,0,8,14.908673913043277,5.451899996842258,138.236799997685,7713.978260869565
1782216847,2,,Aggregated,0.300000,0.000000,8,21,23,24,29,36,46,52,140,140,140,322,0,8,14.908673913043277,5.451899996842258,138.236799997685,7713.978260869565
1782216848,2,,Aggregated,0.300000,0.000000,8,21,23,24,29,36,46,52,140,140,140,322,0,8,14.908673913043277,5.451899996842258,138.236799997685,7713.978260869565
1782216849,2,,Aggregated,0.300000,0.000000,8,21,23,24,29,36,46,52,140,140,140,323,0,8,14.881869349859356,5.451899996842258,138.236799997685,7705.8452012383905
1782216850,2,,Aggregated,0.300000,0.000000,8,21,23,24,29,36,46,52,140,140,140,323,0,8,14.881869349859356,5.451899996842258,138.236799997685,7705.8452012383905
1782216851,2,,Aggregated,0.300000,0.000000,8,21,23,24,29,36,46,52,140,140,140,323,0,8,14.881869349859356,5.451899996842258,138.236799997685,7705.8452012383905
1782216852,2,,Aggregated,0.300000,0.000000,8,21,23,24,29,36,46,52,140,140,140,323,0,8,14.881869349859356,5.451899996842258,138.236799997685,7705.8452012383905
1782216853,2,,Aggregated,0.300000,0.000000,8,21,23,24,29,36,46,52,140,140,140,323,0,8,14.881869349859356,5.451899996842258,138.236799997685,7705.8452012383905
1782216854,2,,Aggregated,0.200000,0.000000,8,21,23,24,29,36,46,52,140,140,140,324,0,8,14.903083950623204,5.451899996842258,138.236799997685,7714.466049382716
1782216855,2,,Aggregated,0.200000,0.000000,8,21,23,24,29,36,46,52,140,140,140,324,0,8,14.903083950623204,5.451899996842258,138.236799997685,7714.466049382716
1782216856,2,,Aggregated,0.200000,0.000000,8,21,23,24,29,36,46,52,140,140,140,324,0,8,14.903083950623204,5.451899996842258,138.236799997685,7714.466049382716
1782216857,2,,Aggregated,0.200000,0.000000,8,21,23,24,29,36,46,52,140,140,140,324,0,8,14.903083950623204,5.451899996842258,138.236799997685,7714.466049382716
1782216858,2,,Aggregated,0.200000,0.000000,8,21,23,24,29,36,46,52,140,140,140,325,0,8,14.879484923081831,5.451899996842258,138.236799997685,7708.775384615385
1782216859,2,,Aggregated,0.200000,0.000000,8,21,23,24,29,36,46,52,140,140,140,325,0,8,14.879484923081831,5.451899996842258,138.236799997685,7708.775384615385
1782216860,2,,Aggregated,0.200000,0.000000,8,21,23,24,29,36,46,52,140,140,140,325,0,8,14.879484923081831,5.451899996842258,138.236799997685,7708.775384615385
1782216861,2,,Aggregated,0.200000,0.000000,8,21,23,24,29,36,46,52,140,140,140,325,0,8,14.879484923081831,5.451899996842258,138.236799997685,7708.775384615385
1782216862,2,,Aggregated,0.200000,0.000000,8,21,23,24,29,36,46,52,140,140,140,325,0,8,14.879484923081831,5.451899996842258,138.236799997685,7708.775384615385
1782216863,2,,Aggregated,0.200000,0.000000,8,21,23,24,29,36,46,52,140,140,140,325,0,8,14.879484923081831,5.451899996842258,138.236799997685,7708.775384615385
1782216864,2,,Aggregated,0.200000,0.000000,8,21,23,24,29,36,46,52,140,140,140,326,0,8,14.85361411044552,5.451899996842258,138.236799997685,7700.733128834356
1782216865,2,,Aggregated,0.200000,0.000000,8,21,23,24,29,36,46,52,140,140,140,326,0,8,14.85361411044552,5.451899996842258,138.236799997685,7700.733128834356
1782216866,2,,Aggregated,0.200000,0.000000,8,21,23,24,29,36,46,52,140,140,140,326,0,8,14.85361411044552,5.451899996842258,138.236799997685,7700.733128834356
1782216867,2,,Aggregated,0.200000,0.000000,8,21,23,24,29,36,46,52,140,140,140,327,0,8,14.832636391472025,5.451899996842258,138.236799997685,7692.74006116208
1782216868,2,,Aggregated,0.200000,0.000000,8,21,23,24,29,36,46,52,140,140,140,327,0,8,14.832636391472025,5.451899996842258,138.236799997685,7692.74006116208
1782216869,2,,Aggregated,0.200000,0.000000,8,21,23,24,29,36,46,52,140,140,140,327,0,8,14.832636391472025,5.451899996842258,138.236799997685,7692.74006116208
1782216870,2,,Aggregated,0.200000,0.000000,8,21,23,24,29,36,46,52,140,140,140,327,0,8,14.832636391472025,5.451899996842258,138.236799997685,7692.74006116208
1782216871,2,,Aggregated,0.200000,0.000000,8,21,23,24,29,36,46,52,140,140,140,328,0,8,14.805007621983284,5.451899996842258,138.236799997685,7687.167682926829
1782216872,2,,Aggregated,0.200000,0.000000,8,21,23,24,29,36,46,52,140,140,140,329,0,8,14.777719756858325,5.451899996842258,138.236799997685,7681.629179331307
1782216873,2,,Aggregated,0.200000,0.000000,8,21,23,24,29,36,46,52,140,140,140,329,0,8,14.777719756858325,5.451899996842258,138.236799997685,7681.629179331307
1782216874,2,,Aggregated,0.200000,0.000000,8,21,23,24,29,36,46,52,140,140,140,329,0,8,14.777719756858325,5.451899996842258,138.236799997685,7681.629179331307
1782216875,2,,Aggregated,0.400000,0.000000,8,21,23,24,29,36,46,52,140,140,140,331,0,8,14.77471419942535,5.451899996842258,138.236799997685,7694.619335347432
1782216876,2,,Aggregated,0.400000,0.000000,8,21,23,24,29,36,46,52,140,140,140,331,0,8,14.77471419942535,5.451899996842258,138.236799997685,7694.619335347432
1782216877,2,,Aggregated,0.400000,0.000000,8,21,23,24,29,36,46,52,140,140,140,331,0,8,14.77471419942535,5.451899996842258,138.236799997685,7694.619335347432
1782216878,2,,Aggregated,0.400000,0.000000,8,21,23,24,29,36,46,52,140,140,140,331,0,8,14.77471419942535,5.451899996842258,138.236799997685,7694.619335347432
1782216879,2,,Aggregated,0.500000,0.000000,8,21,23,24,29,36,46,52,140,140,140,332,0,8,14.75211867473701,5.451899996842258,138.236799997685,7689.108433734939
1782216880,2,,Aggregated,0.500000,0.000000,8,21,23,24,29,36,46,52,140,140,140,332,0,8,14.75211867473701,5.451899996842258,138.236799997685,7689.108433734939
1782216881,2,,Aggregated,0.500000,0.000000,8,21,23,24,29,36,46,52,140,140,140,332,0,8,14.75211867473701,5.451899996842258,138.236799997685,7689.108433734939
1782216882,2,,Aggregated,0.500000,0.000000,8,21,23,24,29,36,46,52,140,140,140,332,0,8,14.75211867473701,5.451899996842258,138.236799997685,7689.108433734939
1782216883,2,,Aggregated,0.500000,0.000000,8,21,23,24,29,36,46,52,140,140,140,332,0,8,14.75211867473701,5.451899996842258,138.236799997685,7689.108433734939
1782216884,2,,Aggregated,0.300000,0.000000,8,18,23,24,29,36,46,52,140,140,140,333,0,8,14.731579279331644,5.451899996842258,138.236799997685,7681.294294294295
1782216885,2,,Aggregated,0.300000,0.000000,8,18,23,24,29,36,46,52,140,140,140,333,0,8,14.731579279331644,5.451899996842258,138.236799997685,7681.294294294295
1782216886,2,,Aggregated,0.300000,0.000000,8,18,23,24,29,36,46,52,140,140,140,333,0,8,14.731579279331644,5.451899996842258,138.236799997685,7681.294294294295
1782216887,2,,Aggregated,0.300000,0.000000,8,18,23,24,29,36,46,52,140,140,140,334,0,8,14.707832934199288,5.451899996842258,138.236799997685,7675.856287425149
1782216888,2,,Aggregated,0.300000,0.000000,8,18,23,24,29,36,46,52,140,140,140,334,0,8,14.707832934199288,5.451899996842258,138.236799997685,7675.856287425149
1782216889,2,,Aggregated,0.300000,0.000000,8,18,23,24,29,36,46,52,140,140,140,334,0,8,14.707832934199288,5.451899996842258,138.236799997685,7675.856287425149
1782216890,2,,Aggregated,0.300000,0.000000,8,18,23,24,29,36,46,52,140,140,140,334,0,8,14.707832934199288,5.451899996842258,138.236799997685,7675.856287425149
1782216891,2,,Aggregated,0.200000,0.000000,8,18,23,24,29,36,46,52,140,140,140,335,0,8,14.683314925450624,5.451899996842258,138.236799997685,7668.128358208955
1782216892,2,,Aggregated,0.200000,0.000000,8,18,23,24,29,36,46,52,140,140,140,335,0,8,14.683314925450624,5.451899996842258,138.236799997685,7668.128358208955
1782216893,2,,Aggregated,0.200000,0.000000,8,18,23,24,29,36,46,52,140,140,140,336,0,8,14.703779166752827,5.451899996842258,138.236799997685,7676.553571428572
1782216894,2,,Aggregated,0.200000,0.000000,8,18,23,24,29,36,46,52,140,140,140,336,0,8,14.703779166752827,5.451899996842258,138.236799997685,7676.553571428572
1782216895,2,,Aggregated,0.200000,0.000000,8,18,23,24,29,36,46,52,140,140,140,336,0,8,14.703779166752827,5.451899996842258,138.236799997685,7676.553571428572
1782216896,2,,Aggregated,0.200000,0.000000,8,18,23,24,29,36,46,52,140,140,140,336,0,8,14.703779166752827,5.451899996842258,138.236799997685,7676.553571428572
1782216897,2,,Aggregated,0.300000,0.000000,8,21,23,24,29,36,46,52,140,140,140,337,0,8,14.730894955577922,5.451899996842258,138.236799997685,7684.928783382789
1782216898,2,,Aggregated,0.300000,0.000000,8,21,23,24,29,36,46,52,140,140,140,337,0,8,14.730894955577922,5.451899996842258,138.236799997685,7684.928783382789
1782216899,2,,Aggregated,0.200000,0.000000,8,21,23,24,29,36,46,52,140,140,140,338,0,8,14.724327219025364,5.451899996842258,138.236799997685,7693.254437869822
1782216900,2,,Aggregated,0.200000,0.000000,8,21,23,24,29,36,46,52,140,140,140,338,0,8,14.724327219025364,5.451899996842258,138.236799997685,7693.254437869822
1782216901,2,,Aggregated,0.200000,0.000000,8,21,23,24,29,36,46,52,140,140,140,338,0,8,14.724327219025364,5.451899996842258,138.236799997685,7693.254437869822
1782216902,2,,Aggregated,0.200000,0.000000,8,21,23,24,29,36,46,52,140,140,140,338,0,8,14.724327219025364,5.451899996842258,138.236799997685,7693.254437869822
1782216903,2,,Aggregated,0.400000,0.000000,8,18,23,24,29,36,46,52,140,140,140,339,0,8,14.698931563506177,5.451899996842258,138.236799997685,7685.566371681416
1782216904,2,,Aggregated,0.400000,0.000000,8,18,23,24,29,36,46,52,140,140,140,339,0,8,14.698931563506177,5.451899996842258,138.236799997685,7685.566371681416
1782216905,2,,Aggregated,0.400000,0.000000,8,18,23,24,29,36,46,52,140,140,140,339,0,8,14.698931563506177,5.451899996842258,138.236799997685,7685.566371681416
1782216906,2,,Aggregated,0.400000,0.000000,8,18,23,24,29,36,46,52,140,140,140,339,0,8,14.698931563506177,5.451899996842258,138.236799997685,7685.566371681416
1782216907,2,,Aggregated,0.300000,0.000000,8,18,23,24,29,36,46,52,140,140,140,340,0,8,14.67534264713108,5.451899996842258,138.236799997685,7680.211764705882
1782216908,2,,Aggregated,0.300000,0.000000,8,18,23,24,29,36,46,52,140,140,140,340,0,8,14.67534264713108,5.451899996842258,138.236799997685,7680.211764705882
1782216909,2,,Aggregated,0.300000,0.000000,8,21,23,24,29,35,46,52,140,140,140,341,0,8,14.698056598312407,5.451899996842258,138.236799997685,7688.478005865102
1782216910,2,,Aggregated,0.300000,0.000000,8,21,23,24,29,35,46,52,140,140,140,341,0,8,14.698056598312407,5.451899996842258,138.236799997685,7688.478005865102
1782216911,2,,Aggregated,0.300000,0.000000,8,21,23,24,29,35,46,52,140,140,140,341,0,8,14.698056598312407,5.451899996842258,138.236799997685,7688.478005865102
1782216912,2,,Aggregated,0.300000,0.000000,8,21,23,24,29,35,46,52,140,140,140,341,0,8,14.698056598312407,5.451899996842258,138.236799997685,7688.478005865102
1782216913,2,,Aggregated,0.300000,0.000000,8,21,23,24,29,35,46,52,140,140,140,341,0,8,14.698056598312407,5.451899996842258,138.236799997685,7688.478005865102
1782216914,2,,Aggregated,0.300000,0.000000,8,21,23,24,29,35,46,52,140,140,140,342,0,8,14.717309356791176,5.451899996842258,138.236799997685,7696.695906432748
1782216915,2,,Aggregated,0.300000,0.000000,8,21,23,24,29,35,46,52,140,140,140,343,0,8,14.716231195402397,5.451899996842258,138.236799997685,7704.865889212828
1782216916,2,,Aggregated,0.300000,0.000000,8,21,23,24,29,35,46,52,140,140,140,343,0,8,14.716231195402397,5.451899996842258,138.236799997685,7704.865889212828
1782216917,2,,Aggregated,0.300000,0.000000,8,21,23,24,29,35,46,52,140,140,140,343,0,8,14.716231195402397,5.451899996842258,138.236799997685,7704.865889212828
1782216918,2,,Aggregated,0.300000,0.000000,8,21,23,24,29,35,46,52,140,140,140,343,0,8,14.716231195402397,5.451899996842258,138.236799997685,7704.865889212828
1782216919,2,,Aggregated,0.300000,0.000000,8,21,23,24,29,35,46,52,140,140,140,343,0,8,14.716231195402397,5.451899996842258,138.236799997685,7704.865889212828
1782216920,2,,Aggregated,0.300000,0.000000,8,21,23,24,29,35,46,52,140,140,140,343,0,8,14.716231195402397,5.451899996842258,138.236799997685,7704.865889212828
1782216921,2,,Aggregated,0.300000,0.000000,8,21,23,24,29,35,46,52,140,140,140,343,0,8,14.716231195402397,5.451899996842258,138.236799997685,7704.865889212828
1782216922,2,,Aggregated,0.200000,0.000000,8,21,23,24,29,35,46,52,140,140,140,344,0,8,14.695882558192162,5.451899996842258,138.236799997685,7699.517441860465
1782216923,2,,Aggregated,0.200000,0.000000,8,21,23,24,29,35,46,52,140,140,140,344,0,8,14.695882558192162,5.451899996842258,138.236799997685,7699.517441860465
1782216924,2,,Aggregated,0.200000,0.000000,8,21,23,24,29,36,46,52,140,140,140,345,0,8,14.759206087024802,5.451899996842258,138.236799997685,7707.631884057971
1782216925,2,,Aggregated,0.200000,0.000000,8,21,23,24,29,36,46,52,140,140,140,345,0,8,14.759206087024802,5.451899996842258,138.236799997685,7707.631884057971
1782216926,2,,Aggregated,0.200000,0.000000,8,21,23,24,29,36,46,52,140,140,140,345,0,8,14.759206087024802,5.451899996842258,138.236799997685,7707.631884057971
1782216927,2,,Aggregated,0.200000,0.000000,8,21,23,24,29,36,46,52,140,140,140,345,0,8,14.759206087024802,5.451899996842258,138.236799997685,7707.631884057971
1782216928,2,,Aggregated,0.200000,0.000000,8,21,23,24,29,36,46,52,140,140,140,345,0,8,14.759206087024802,5.451899996842258,138.236799997685,7707.631884057971
1782216929,2,,Aggregated,0.200000,0.000000,8,21,23,24,29,36,46,52,140,140,140,346,0,8,14.818191907574345,5.451899996842258,138.236799997685,7715.699421965318
1782216931,2,,Aggregated,0.200000,0.000000,8,21,23,24,29,36,46,52,140,140,140,346,0,8,14.818191907574345,5.451899996842258,138.236799997685,7715.699421965318
1782216932,2,,Aggregated,0.200000,0.000000,8,21,23,24,29,36,46,52,140,140,140,347,0,8,14.795953025990226,5.451899996842258,138.236799997685,7708.1239193083575
1782216933,2,,Aggregated,0.200000,0.000000,8,21,23,24,29,36,46,52,140,140,140,347,0,8,14.795953025990226,5.451899996842258,138.236799997685,7708.1239193083575
1782216934,2,,Aggregated,0.200000,0.000000,8,21,23,24,29,36,46,52,140,140,140,347,0,8,14.795953025990226,5.451899996842258,138.236799997685,7708.1239193083575
1782216935,2,,Aggregated,0.200000,0.000000,8,21,23,24,29,36,46,52,140,140,140,347,0,8,14.795953025990226,5.451899996842258,138.236799997685,7708.1239193083575
1782216936,2,,Aggregated,0.200000,0.000000,8,21,23,24,29,36,46,52,140,140,140,347,0,8,14.795953025990226,5.451899996842258,138.236799997685,7708.1239193083575
1782216937,2,,Aggregated,0.200000,0.000000,8,21,23,24,29,36,46,52,140,140,140,347,0,8,14.795953025990226,5.451899996842258,138.236799997685,7708.1239193083575
1782216938,2,,Aggregated,0.200000,0.000000,8,21,23,24,29,36,46,52,140,140,140,348,0,8,14.772039655211813,5.451899996842258,138.236799997685,7700.591954022989
1782216939,2,,Aggregated,0.200000,0.000000,8,21,23,24,29,36,46,52,140,140,140,349,0,8,14.79341203440998,5.451899996842258,138.236799997685,7708.610315186246
1782216940,2,,Aggregated,0.200000,0.000000,8,21,23,24,29,36,46,52,140,140,140,349,0,8,14.79341203440998,5.451899996842258,138.236799997685,7708.610315186246
1782216941,2,,Aggregated,0.200000,0.000000,8,21,23,24,29,36,46,52,140,140,140,349,0,8,14.79341203440998,5.451899996842258,138.236799997685,7708.610315186246
1782216942,2,,Aggregated,0.200000,0.000000,8,21,23,24,29,36,46,52,140,140,140,349,0,8,14.79341203440998,5.451899996842258,138.236799997685,7708.610315186246
1782216943,2,,Aggregated,0.200000,0.000000,8,21,23,24,29,36,46,52,140,140,140,349,0,8,14.79341203440998,5.451899996842258,138.236799997685,7708.610315186246
1782216944,2,,Aggregated,0.200000,0.000000,8,21,23,24,29,36,46,52,140,140,140,349,0,8,14.79341203440998,5.451899996842258,138.236799997685,7708.610315186246
1782216945,2,,Aggregated,0.200000,0.000000,8,21,23,24,29,36,46,52,140,140,140,349,0,8,14.79341203440998,5.451899996842258,138.236799997685,7708.610315186246
1782216946,2,,Aggregated,0.200000,0.000000,8,21,23,24,29,36,46,52,140,140,140,349,0,8,14.79341203440998,5.451899996842258,138.236799997685,7708.610315186246
1782216947,2,,Aggregated,0.200000,0.000000,8,21,23,24,29,36,46,52,140,140,140,350,0,8,14.767737142870569,5.451899996842258,138.236799997685,7703.342857142857
1782216948,2,,Aggregated,0.200000,0.000000,8,21,23,24,29,36,45,52,140,140,140,351,0,8,14.741087464413054,5.413700004282873,138.236799997685,7698.105413105413
1782216949,2,,Aggregated,0.200000,0.000000,8,21,23,24,29,36,45,52,140,140,140,351,0,8,14.741087464413054,5.413700004282873,138.236799997685,7698.105413105413
1782216950,2,,Aggregated,0.200000,0.000000,8,21,23,24,29,36,45,52,140,140,140,351,0,8,14.741087464413054,5.413700004282873,138.236799997685,7698.105413105413
1782216951,2,,Aggregated,0.200000,0.000000,8,21,23,24,29,36,45,52,140,140,140,351,0,8,14.741087464413054,5.413700004282873,138.236799997685,7698.105413105413
1782216952,2,,Aggregated,0.200000,0.000000,8,21,23,24,29,36,45,52,140,140,140,351,0,8,14.741087464413054,5.413700004282873,138.236799997685,7698.105413105413
1782216953,2,,Aggregated,0.200000,0.000000,8,21,23,24,29,36,45,52,140,140,140,351,0,8,14.741087464413054,5.413700004282873,138.236799997685,7698.105413105413
1782216954,2,,Aggregated,0.200000,0.000000,8,21,23,24,29,36,45,52,140,140,140,351,0,8,14.741087464413054,5.413700004282873,138.236799997685,7698.105413105413
1782216955,2,,Aggregated,0.200000,0.000000,8,21,23,24,29,36,45,52,140,140,140,351,0,8,14.741087464413054,5.413700004282873,138.236799997685,7698.105413105413
1782216956,2,,Aggregated,0.200000,0.000000,8,21,23,24,29,36,45,52,140,140,140,353,0,8,14.742133994370754,5.413700004282873,138.236799997685,7700.847025495751
1782216957,2,,Aggregated,0.200000,0.000000,8,21,23,24,29,36,45,52,140,140,140,353,0,8,14.742133994370754,5.413700004282873,138.236799997685,7700.847025495751
1782216958,2,,Aggregated,0.200000,0.000000,8,21,23,24,29,36,45,52,140,140,140,353,0,8,14.742133994370754,5.413700004282873,138.236799997685,7700.847025495751
1782216959,2,,Aggregated,0.200000,0.000000,8,21,23,24,29,36,45,52,140,140,140,353,0,8,14.742133994370754,5.413700004282873,138.236799997685,7700.847025495751
1782216960,2,,Aggregated,0.200000,0.000000,8,21,23,24,29,36,45,52,140,140,140,353,0,8,14.742133994370754,5.413700004282873,138.236799997685,7700.847025495751
1782216961,2,,Aggregated,0.200000,0.000000,8,21,23,24,29,36,45,52,140,140,140,353,0,8,14.742133994370754,5.413700004282873,138.236799997685,7700.847025495751
1782216962,2,,Aggregated,0.200000,0.000000,8,21,23,24,29,36,45,52,140,140,140,354,0,8,14.723623163885,5.413700004282873,138.236799997685,7695.661016949152
1782216963,2,,Aggregated,0.200000,0.000000,8,21,23,24,29,36,45,52,140,140,140,355,0,8,14.70728647892288,5.413700004282873,138.236799997685,7690.504225352112
1782216964,2,,Aggregated,0.200000,0.000000,8,21,23,24,29,36,45,52,140,140,140,355,0,8,14.70728647892288,5.413700004282873,138.236799997685,7690.504225352112
1782216965,2,,Aggregated,0.200000,0.000000,8,21,23,24,29,36,45,52,140,140,140,355,0,8,14.70728647892288,5.413700004282873,138.236799997685,7690.504225352112
1782216966,2,,Aggregated,0.200000,0.000000,8,21,23,24,29,36,45,52,140,140,140,355,0,8,14.70728647892288,5.413700004282873,138.236799997685,7690.504225352112
1782216967,2,,Aggregated,0.200000,0.000000,8,21,23,24,29,36,45,52,140,140,140,355,0,8,14.70728647892288,5.413700004282873,138.236799997685,7690.504225352112
1782216968,2,,Aggregated,0.400000,0.000000,8,21,23,24,29,36,45,52,140,140,140,356,0,8,14.724339325889407,5.413700004282873,138.236799997685,7698.393258426966
1782216969,2,,Aggregated,0.400000,0.000000,8,21,23,24,29,36,45,52,140,140,140,356,0,8,14.724339325889407,5.413700004282873,138.236799997685,7698.393258426966
1782216970,2,,Aggregated,0.200000,0.000000,8,21,23,24,29,36,45,52,140,140,140,357,0,8,14.701051820774403,5.413700004282873,138.236799997685,7693.257703081233
1782216971,2,,Aggregated,0.200000,0.000000,8,21,23,24,29,36,45,52,140,140,140,357,0,8,14.701051820774403,5.413700004282873,138.236799997685,7693.257703081233
1782216972,2,,Aggregated,0.200000,0.000000,8,21,23,24,29,36,45,52,140,140,140,357,0,8,14.701051820774403,5.413700004282873,138.236799997685,7693.257703081233
1782216973,2,,Aggregated,0.200000,0.000000,8,21,23,24,29,36,45,52,140,140,140,357,0,8,14.701051820774403,5.413700004282873,138.236799997685,7693.257703081233
1782216974,2,,Aggregated,0.200000,0.000000,8,21,23,24,29,36,45,52,140,140,140,357,0,8,14.701051820774403,5.413700004282873,138.236799997685,7693.257703081233
1782216975,2,,Aggregated,0.200000,0.000000,8,21,23,24,29,36,45,52,140,140,140,357,0,8,14.701051820774403,5.413700004282873,138.236799997685,7693.257703081233
1782216976,2,,Aggregated,0.200000,0.000000,8,21,23,24,29,36,45,52,140,140,140,357,0,8,14.701051820774403,5.413700004282873,138.236799997685,7693.257703081233
1782216977,2,,Aggregated,0.200000,0.000000,8,21,23,24,29,36,45,52,140,140,140,358,0,8,14.765624581065806,5.413700004282873,138.236799997685,7701.094972067039
1782216978,2,,Aggregated,0.200000,0.000000,8,21,23,24,29,36,45,52,140,140,140,358,0,8,14.765624581065806,5.413700004282873,138.236799997685,7701.094972067039
1782216979,2,,Aggregated,0.200000,0.000000,8,21,23,24,29,36,45,52,140,140,140,359,0,8,14.7425877437849,5.413700004282873,138.236799997685,7695.980501392758
1782216980,2,,Aggregated,0.200000,0.000000,8,21,23,24,29,36,45,52,140,140,140,359,0,8,14.7425877437849,5.413700004282873,138.236799997685,7695.980501392758
1782216981,2,,Aggregated,0.200000,0.000000,8,21,23,24,29,36,45,52,140,140,140,359,0,8,14.7425877437849,5.413700004282873,138.236799997685,7695.980501392758
1782216982,2,,Aggregated,0.300000,0.000000,8,21,23,24,29,36,45,52,140,140,140,360,0,8,14.721419722284029,5.413700004282873,138.236799997685,7690.894444444444
1782216983,2,,Aggregated,0.300000,0.000000,8,21,23,24,29,36,45,52,140,140,140,360,0,8,14.721419722284029,5.413700004282873,138.236799997685,7690.894444444444
1782216984,2,,Aggregated,0.300000,0.000000,8,21,23,24,29,36,45,52,140,140,140,360,0,8,14.721419722284029,5.413700004282873,138.236799997685,7690.894444444444
1782216985,2,,Aggregated,0.300000,0.000000,8,21,23,24,29,36,45,52,140,140,140,361,0,8,14.69794542942189,5.413700004282873,138.236799997685,7683.681440443213
1782216986,2,,Aggregated,0.300000,0.000000,8,21,23,24,29,36,45,52,140,140,140,361,0,8,14.69794542942189,5.413700004282873,138.236799997685,7683.681440443213
1782216987,2,,Aggregated,0.300000,0.000000,8,21,23,24,29,36,45,52,140,140,140,361,0,8,14.69794542942189,5.413700004282873,138.236799997685,7683.681440443213
1782216988,2,,Aggregated,0.300000,0.000000,8,21,23,24,29,36,45,52,140,140,140,361,0,8,14.69794542942189,5.413700004282873,138.236799997685,7683.681440443213
1782216989,2,,Aggregated,0.300000,0.000000,8,21,23,24,29,36,45,52,140,140,140,361,0,8,14.69794542942189,5.413700004282873,138.236799997685,7683.681440443213
1782216990,2,,Aggregated,0.300000,0.000000,8,21,23,24,29,36,46,52,140,140,140,364,0,8,14.822791208863926,5.413700004282873,138.236799997685,7703.2170329670325
1782216991,2,,Aggregated,0.300000,0.000000,8,21,23,24,29,36,46,52,140,140,140,364,0,8,14.822791208863926,5.413700004282873,138.236799997685,7703.2170329670325
1782216992,2,,Aggregated,0.300000,0.000000,8,21,23,24,29,36,46,52,140,140,140,364,0,8,14.822791208863926,5.413700004282873,138.236799997685,7703.2170329670325
1782216993,2,,Aggregated,0.300000,0.000000,8,21,23,24,29,36,46,52,140,140,140,364,0,8,14.822791208863926,5.413700004282873,138.236799997685,7703.2170329670325
1782216994,2,,Aggregated,0.300000,0.000000,8,21,23,24,29,36,46,52,140,140,140,364,0,8,14.822791208863926,5.413700004282873,138.236799997685,7703.2170329670325
1782216995,2,,Aggregated,0.300000,0.000000,8,21,23,24,29,36,46,52,140,140,140,364,0,8,14.822791208863926,5.413700004282873,138.236799997685,7703.2170329670325
1782216996,2,,Aggregated,0.400000,0.000000,8,21,23,24,29,36,46,52,140,140,140,365,0,8,14.847982191853065,5.413700004282873,138.236799997685,7710.876712328767
1782216997,2,,Aggregated,0.300000,0.000000,8,21,23,24,29,36,46,52,140,140,140,366,0,8,14.830228961817157,5.413700004282873,138.236799997685,7703.707650273224
1782216998,2,,Aggregated,0.300000,0.000000,8,21,23,24,29,36,46,52,140,140,140,366,0,8,14.830228961817157,5.413700004282873,138.236799997685,7703.707650273224
1782216999,2,,Aggregated,0.300000,0.000000,8,21,23,24,29,36,46,52,140,140,140,366,0,8,14.830228961817157,5.413700004282873,138.236799997685,7703.707650273224
1782217000,2,,Aggregated,0.300000,0.000000,8,21,23,24,29,36,46,52,140,140,140,366,0,8,14.830228961817157,5.413700004282873,138.236799997685,7703.707650273224
1782217001,2,,Aggregated,0.500000,0.000000,8,21,23,24,29,36,46,52,140,140,140,367,0,8,14.807121525958722,5.413700004282873,138.236799997685,7698.697547683923
1782217002,2,,Aggregated,0.500000,0.000000,8,21,23,24,29,36,46,52,140,140,140,367,0,8,14.807121525958722,5.413700004282873,138.236799997685,7698.697547683923
1782217003,2,,Aggregated,0.500000,0.000000,8,21,23,24,29,36,46,52,140,140,140,367,0,8,14.807121525958722,5.413700004282873,138.236799997685,7698.697547683923
1782217004,2,,Aggregated,0.300000,0.000000,8,21,23,24,29,36,46,52,140,140,140,368,0,8,14.828981521808917,5.413700004282873,138.236799997685,7706.307065217391
1782217005,2,,Aggregated,0.300000,0.000000,8,21,23,24,29,36,46,52,140,140,140,368,0,8,14.828981521808917,5.413700004282873,138.236799997685,7706.307065217391
1782217006,2,,Aggregated,0.400000,0.000000,8,21,23,24,29,36,46,52,140,140,140,369,0,8,14.861622222306915,5.413700004282873,138.236799997685,7713.875338753388
1782217007,2,,Aggregated,0.400000,0.000000,8,21,23,24,29,36,46,52,140,140,140,369,0,8,14.861622222306915,5.413700004282873,138.236799997685,7713.875338753388
1782217008,2,,Aggregated,0.400000,0.000000,8,21,23,24,29,36,46,52,140,140,140,369,0,8,14.861622222306915,5.413700004282873,138.236799997685,7713.875338753388
1782217009,2,,Aggregated,0.400000,0.000000,8,21,23,24,29,36,46,52,140,140,140,369,0,8,14.861622222306915,5.413700004282873,138.236799997685,7713.875338753388
1782217010,2,,Aggregated,0.400000,0.000000,8,21,23,24,29,36,46,52,140,140,140,369,0,8,14.861622222306915,5.413700004282873,138.236799997685,7713.875338753388
1782217011,2,,Aggregated,0.300000,0.000000,8,21,23,24,29,36,46,52,140,140,140,370,0,8,14.840425946041815,5.413700004282873,138.236799997685,7706.775675675675
1782217012,2,,Aggregated,0.300000,0.000000,8,21,23,24,29,36,46,52,140,140,140,371,0,8,14.861840700913149,5.413700004282873,138.236799997685,7714.301886792453
1782217013,2,,Aggregated,0.300000,0.000000,8,21,23,24,29,36,46,52,140,140,140,371,0,8,14.861840700913149,5.413700004282873,138.236799997685,7714.301886792453
1782217014,2,,Aggregated,0.300000,0.000000,8,21,23,24,29,36,46,52,140,140,140,371,0,8,14.861840700913149,5.413700004282873,138.236799997685,7714.301886792453
1782217015,2,,Aggregated,0.300000,0.000000,8,21,23,24,29,36,46,52,140,140,140,371,0,8,14.861840700913149,5.413700004282873,138.236799997685,7714.301886792453
1782217016,2,,Aggregated,0.300000,0.000000,8,21,23,24,29,36,46,52,140,140,140,371,0,8,14.861840700913149,5.413700004282873,138.236799997685,7714.301886792453
1782217017,2,,Aggregated,0.300000,0.000000,8,21,23,24,29,36,46,52,140,140,140,373,0,8,14.89629061671346,5.413700004282873,138.236799997685,7716.809651474531
1782217018,2,,Aggregated,0.300000,0.000000,8,21,23,24,29,36,46,52,140,140,140,373,0,8,14.89629061671346,5.413700004282873,138.236799997685,7716.809651474531
1782217019,2,,Aggregated,0.300000,0.000000,8,21,23,24,29,36,46,52,140,140,140,373,0,8,14.89629061671346,5.413700004282873,138.236799997685,7716.809651474531
1782217020,2,,Aggregated,0.300000,0.000000,8,21,23,24,29,36,46,52,140,140,140,373,0,8,14.89629061671346,5.413700004282873,138.236799997685,7716.809651474531
1782217021,2,,Aggregated,0.400000,0.000000,8,21,23,24,29,36,46,52,140,140,140,374,0,8,14.871598663191245,5.413700004282873,138.236799997685,7711.858288770053
1782217022,2,,Aggregated,0.400000,0.000000,8,21,23,24,29,36,46,52,140,140,140,374,0,8,14.871598663191245,5.413700004282873,138.236799997685,7711.858288770053
1782217023,2,,Aggregated,0.400000,0.000000,8,21,23,24,29,36,46,52,140,140,140,374,0,8,14.871598663191245,5.413700004282873,138.236799997685,7711.858288770053
1782217024,2,,Aggregated,0.300000,0.000000,8,21,23,24,29,36,46,52,140,140,140,375,0,8,14.892504800091652,5.413700004282873,138.236799997685,7719.290666666667
1782217025,2,,Aggregated,0.300000,0.000000,8,21,23,24,29,36,46,52,140,140,140,375,0,8,14.892504800091652,5.413700004282873,138.236799997685,7719.290666666667
1782217026,2,,Aggregated,0.300000,0.000000,8,21,23,24,29,36,46,52,140,140,140,376,0,8,14.873638563934017,5.413700004282873,138.236799997685,7714.359042553191
1782217027,2,,Aggregated,0.300000,0.000000,8,21,23,24,29,36,46,52,140,140,140,376,0,8,14.873638563934017,5.413700004282873,138.236799997685,7714.359042553191
1782217028,2,,Aggregated,0.300000,0.000000,8,21,23,24,29,36,46,52,140,140,140,376,0,8,14.873638563934017,5.413700004282873,138.236799997685,7714.359042553191
1782217029,2,,Aggregated,0.300000,0.000000,8,21,23,24,29,36,46,52,140,140,140,376,0,8,14.873638563934017,5.413700004282873,138.236799997685,7714.359042553191
1782217030,2,,Aggregated,0.300000,0.000000,8,21,23,24,29,36,46,52,140,140,140,376,0,8,14.873638563934017,5.413700004282873,138.236799997685,7714.359042553191
1782217031,2,,Aggregated,0.300000,0.000000,8,21,23,24,29,36,46,52,140,140,140,376,0,8,14.873638563934017,5.413700004282873,138.236799997685,7714.359042553191
1782217032,2,,Aggregated,0.300000,0.000000,8,21,23,24,29,36,46,52,140,140,140,377,0,8,14.89303103458295,5.413700004282873,138.236799997685,7721.745358090186
1782217033,2,,Aggregated,0.300000,0.000000,8,21,23,24,29,36,46,52,140,140,140,378,0,8,14.868111640314858,5.413700004282873,138.236799997685,7716.833333333333
1782217034,2,,Aggregated,0.300000,0.000000,8,21,23,24,29,36,46,52,140,140,140,378,0,8,14.868111640314858,5.413700004282873,138.236799997685,7716.833333333333
1782217035,2,,Aggregated,0.300000,0.000000,8,21,23,24,29,36,46,52,140,140,140,378,0,8,14.868111640314858,5.413700004282873,138.236799997685,7716.833333333333
1782217036,2,,Aggregated,0.300000,0.000000,8,21,23,24,29,36,46,52,140,140,140,378,0,8,14.868111640314858,5.413700004282873,138.236799997685,7716.833333333333
1782217037,2,,Aggregated,0.300000,0.000000,8,21,23,24,29,36,46,52,140,140,140,379,0,8,14.882548285062617,5.413700004282873,138.236799997685,7724.174142480211
1782217039,2,,Aggregated,0.300000,0.000000,8,21,23,24,29,36,46,52,140,140,140,379,0,8,14.882548285062617,5.413700004282873,138.236799997685,7724.174142480211
1782217040,2,,Aggregated,0.300000,0.000000,8,21,23,24,29,36,46,52,140,140,140,379,0,8,14.882548285062617,5.413700004282873,138.236799997685,7724.174142480211
1782217041,2,,Aggregated,0.300000,0.000000,8,21,23,24,29,36,46,52,140,140,140,379,0,8,14.882548285062617,5.413700004282873,138.236799997685,7724.174142480211
1782217042,2,,Aggregated,0.300000,0.000000,8,21,23,24,29,36,46,52,140,140,140,380,0,8,14.866223947472847,5.413700004282873,138.236799997685,7717.234210526316
1782217043,2,,Aggregated,0.300000,0.000000,8,21,23,24,29,36,46,52,140,140,140,380,0,8,14.866223947472847,5.413700004282873,138.236799997685,7717.234210526316
1782217044,2,,Aggregated,0.300000,0.000000,8,21,23,24,29,36,46,52,140,140,140,380,0,8,14.866223947472847,5.413700004282873,138.236799997685,7717.234210526316
1782217045,2,,Aggregated,0.300000,0.000000,8,21,23,24,29,36,46,52,140,140,140,380,0,8,14.866223947472847,5.413700004282873,138.236799997685,7717.234210526316
1782217046,2,,Aggregated,0.200000,0.000000,8,21,23,24,29,36,46,52,140,140,140,381,0,8,14.885971391194817,5.413700004282873,138.236799997685,7724.535433070866
1782217047,2,,Aggregated,0.200000,0.000000,8,21,23,24,29,36,46,52,140,140,140,381,0,8,14.885971391194817,5.413700004282873,138.236799997685,7724.535433070866
1782217048,2,,Aggregated,0.200000,0.000000,8,21,23,24,29,36,46,52,140,140,140,381,0,8,14.885971391194817,5.413700004282873,138.236799997685,7724.535433070866
1782217049,2,,Aggregated,0.200000,0.000000,8,21,23,24,29,36,46,52,140,140,140,381,0,8,14.885971391194817,5.413700004282873,138.236799997685,7724.535433070866
1782217050,2,,Aggregated,0.200000,0.000000,8,21,23,24,29,36,46,52,140,140,140,382,0,8,14.86752853416155,5.413700004282873,138.236799997685,7717.630890052356
1782217051,2,,Aggregated,0.200000,0.000000,8,21,23,24,29,36,46,52,140,140,140,382,0,8,14.86752853416155,5.413700004282873,138.236799997685,7717.630890052356
1782217052,2,,Aggregated,0.200000,0.000000,8,21,23,24,29,36,46,52,140,140,140,383,0,8,14.847905744256527,5.413700004282873,138.236799997685,7710.762402088772
1782217053,2,,Aggregated,0.200000,0.000000,8,21,23,24,29,36,46,52,140,140,140,383,0,8,14.847905744256527,5.413700004282873,138.236799997685,7710.762402088772
1782217054,2,,Aggregated,0.200000,0.000000,8,21,23,24,29,36,46,52,140,140,140,383,0,8,14.847905744256527,5.413700004282873,138.236799997685,7710.762402088772
1782217055,2,,Aggregated,0.200000,0.000000,8,21,23,24,29,36,46,52,140,140,140,383,0,8,14.847905744256527,5.413700004282873,138.236799997685,7710.762402088772
1782217056,2,,Aggregated,0.200000,0.000000,8,21,23,24,29,36,46,52,140,140,140,383,0,8,14.847905744256527,5.413700004282873,138.236799997685,7710.762402088772
1782217057,2,,Aggregated,0.300000,0.000000,8,21,23,24,29,36,46,52,140,140,140,384,0,8,14.872601562634221,5.413700004282873,138.236799997685,7718.0234375
1782217058,2,,Aggregated,0.300000,0.000000,8,21,23,24,29,36,46,52,140,140,140,384,0,8,14.872601562634221,5.413700004282873,138.236799997685,7718.0234375
1782217059,2,,Aggregated,0.300000,0.000000,8,21,23,24,29,36,46,52,140,140,140,384,0,8,14.872601562634221,5.413700004282873,138.236799997685,7718.0234375
1782217060,2,,Aggregated,0.300000,0.000000,8,21,23,24,29,36,46,52,140,140,140,385,0,8,14.938577662476085,5.413700004282873,138.236799997685,7725.2467532467535
1782217061,2,,Aggregated,0.300000,0.000000,8,21,23,24,29,36,46,52,140,140,140,385,0,8,14.938577662476085,5.413700004282873,138.236799997685,7725.2467532467535
1782217062,2,,Aggregated,0.300000,0.000000,8,21,23,24,29,36,46,52,140,140,140,385,0,8,14.938577662476085,5.413700004282873,138.236799997685,7725.2467532467535
1782217063,2,,Aggregated,0.400000,0.000000,8,21,23,24,29,36,46,52,140,140,140,386,0,8,14.971063989790643,5.413700004282873,138.236799997685,7732.432642487047
1782217064,2,,Aggregated,0.400000,0.000000,8,21,23,24,29,36,46,52,140,140,140,386,0,8,14.971063989790643,5.413700004282873,138.236799997685,7732.432642487047
1782217065,2,,Aggregated,0.400000,0.000000,8,21,23,24,29,36,46,52,140,140,140,386,0,8,14.971063989790643,5.413700004282873,138.236799997685,7732.432642487047
1782217066,2,,Aggregated,0.400000,0.000000,8,21,23,24,29,36,46,52,140,140,140,386,0,8,14.971063989790643,5.413700004282873,138.236799997685,7732.432642487047
1782217067,2,,Aggregated,0.400000,0.000000,8,21,23,24,29,36,46,52,140,140,140,386,0,8,14.971063989790643,5.413700004282873,138.236799997685,7732.432642487047
1782217068,2,,Aggregated,0.400000,0.000000,8,21,23,24,29,36,46,52,140,140,140,386,0,8,14.971063989790643,5.413700004282873,138.236799997685,7732.432642487047
1782217069,2,,Aggregated,0.300000,0.000000,8,21,23,24,29,36,46,52,140,140,140,387,0,8,14.95395452212043,5.413700004282873,138.236799997685,7725.596899224806
1782217070,2,,Aggregated,0.300000,0.000000,8,21,23,24,29,36,46,52,140,140,140,387,0,8,14.95395452212043,5.413700004282873,138.236799997685,7725.596899224806
1782217071,2,,Aggregated,0.200000,0.000000,8,21,23,24,29,36,46,52,140,140,140,388,0,8,14.933671649655995,5.413700004282873,138.236799997685,7720.801546391753
1782217072,2,,Aggregated,0.200000,0.000000,8,21,23,24,29,36,46,52,140,140,140,388,0,8,14.933671649655995,5.413700004282873,138.236799997685,7720.801546391753
1782217073,2,,Aggregated,0.200000,0.000000,8,21,23,24,29,36,46,52,140,140,140,388,0,8,14.933671649655995,5.413700004282873,138.236799997685,7720.801546391753
1782217074,2,,Aggregated,0.200000,0.000000,8,21,23,24,29,36,46,52,140,140,140,388,0,8,14.933671649655995,5.413700004282873,138.236799997685,7720.801546391753
1782217075,2,,Aggregated,0.200000,0.000000,8,21,23,24,29,36,46,52,140,140,140,388,0,8,14.933671649655995,5.413700004282873,138.236799997685,7720.801546391753
1782217076,2,,Aggregated,0.200000,0.000000,8,21,23,24,29,36,46,52,140,140,140,388,0,8,14.933671649655995,5.413700004282873,138.236799997685,7720.801546391753
1782217077,2,,Aggregated,0.200000,0.000000,8,21,23,24,29,36,46,52,140,140,140,388,0,8,14.933671649655995,5.413700004282873,138.236799997685,7720.801546391753
1782217078,2,,Aggregated,0.200000,0.000000,8,21,23,24,29,36,46,52,140,140,140,389,0,8,14.954934704535255,5.413700004282873,138.236799997685,7727.943444730077
1782217079,2,,Aggregated,0.200000,0.000000,8,21,23,24,29,36,46,52,140,140,140,389,0,8,14.954934704535255,5.413700004282873,138.236799997685,7727.943444730077
1782217080,2,,Aggregated,0.300000,0.000000,8,21,23,24,29,36,46,52,140,140,140,390,0,8,14.94841846170647,5.413700004282873,138.236799997685,7735.048717948718
1782217081,2,,Aggregated,0.300000,0.000000,8,21,23,24,29,36,46,52,140,140,140,390,0,8,14.94841846170647,5.413700004282873,138.236799997685,7735.048717948718
1782217082,2,,Aggregated,0.300000,0.000000,8,21,23,24,29,36,46,52,140,140,140,390,0,8,14.94841846170647,5.413700004282873,138.236799997685,7735.048717948718
1782217083,2,,Aggregated,0.200000,0.000000,8,22,23,24,29,36,46,52,140,140,140,391,0,8,15.003440409384119,5.413700004282873,138.236799997685,7742.117647058823
1782217084,2,,Aggregated,0.200000,0.000000,8,22,23,24,29,36,46,52,140,140,140,391,0,8,15.003440409384119,5.413700004282873,138.236799997685,7742.117647058823
1782217085,2,,Aggregated,0.200000,0.000000,8,22,23,24,29,36,46,52,140,140,140,391,0,8,15.003440409384119,5.413700004282873,138.236799997685,7742.117647058823
1782217086,2,,Aggregated,0.200000,0.000000,8,22,23,24,29,36,46,52,140,140,140,391,0,8,15.003440409384119,5.413700004282873,138.236799997685,7742.117647058823
1782217087,2,,Aggregated,0.200000,0.000000,8,22,23,24,29,36,46,52,140,140,140,391,0,8,15.003440409384119,5.413700004282873,138.236799997685,7742.117647058823
1782217088,2,,Aggregated,0.200000,0.000000,8,22,23,24,29,36,46,52,140,140,140,391,0,8,15.003440409384119,5.413700004282873,138.236799997685,7742.117647058823
1782217089,2,,Aggregated,0.200000,0.000000,8,22,23,24,29,36,46,52,140,140,140,391,0,8,15.003440409384119,5.413700004282873,138.236799997685,7742.117647058823
1782217090,2,,Aggregated,0.300000,0.000000,8,21,23,24,29,36,46,52,140,140,140,393,0,8,14.99683893147282,5.413700004282873,138.236799997685,7742.3765903307885
1782217091,2,,Aggregated,0.300000,0.000000,8,21,23,24,29,36,46,52,140,140,140,393,0,8,14.99683893147282,5.413700004282873,138.236799997685,7742.3765903307885
1782217092,2,,Aggregated,0.300000,0.000000,8,21,23,24,29,36,46,52,140,140,140,393,0,8,14.99683893147282,5.413700004282873,138.236799997685,7742.3765903307885
1782217093,2,,Aggregated,0.300000,0.000000,8,21,23,24,29,36,46,52,140,140,140,393,0,8,14.99683893147282,5.413700004282873,138.236799997685,7742.3765903307885
1782217094,2,,Aggregated,0.300000,0.000000,8,21,23,24,29,36,46,52,140,140,140,393,0,8,14.99683893147282,5.413700004282873,138.236799997685,7742.3765903307885
1782217095,2,,Aggregated,0.200000,0.000000,8,22,23,24,29,36,46,52,140,140,140,394,0,8,15.015784771740673,5.413700004282873,138.236799997685,7749.3730964467
1782217096,2,,Aggregated,0.200000,0.000000,8,21,23,24,29,36,46,52,140,140,140,395,0,8,15.008088101447218,5.413700004282873,138.236799997685,7756.33417721519
1782217097,2,,Aggregated,0.200000,0.000000,8,21,23,24,29,36,46,52,140,140,140,395,0,8,15.008088101447218,5.413700004282873,138.236799997685,7756.33417721519
1782217098,2,,Aggregated,0.200000,0.000000,8,21,23,24,29,36,46,52,140,140,140,395,0,8,15.008088101447218,5.413700004282873,138.236799997685,7756.33417721519
1782217099,2,,Aggregated,0.200000,0.000000,8,21,23,24,29,36,46,52,140,140,140,395,0,8,15.008088101447218,5.413700004282873,138.236799997685,7756.33417721519
1782217100,2,,Aggregated,0.200000,0.000000,8,21,23,24,29,36,46,52,140,140,140,395,0,8,15.008088101447218,5.413700004282873,138.236799997685,7756.33417721519
1782217101,2,,Aggregated,0.200000,0.000000,8,21,23,24,29,36,46,52,140,140,140,395,0,8,15.008088101447218,5.413700004282873,138.236799997685,7756.33417721519
1782217102,2,,Aggregated,0.400000,0.000000,8,21,23,24,29,36,46,52,140,140,140,398,0,8,14.964526884604261,4.270899997209199,138.236799997685,7760.05527638191
1782217103,2,,Aggregated,0.400000,0.000000,8,21,23,24,29,36,46,52,140,140,140,398,0,8,14.964526884604261,4.270899997209199,138.236799997685,7760.05527638191
1782217104,2,,Aggregated,0.400000,0.000000,8,21,23,24,29,36,46,52,140,140,140,398,0,8,14.964526884604261,4.270899997209199,138.236799997685,7760.05527638191
1782217105,2,,Aggregated,0.400000,0.000000,8,21,23,24,29,36,46,52,140,140,140,398,0,8,14.964526884604261,4.270899997209199,138.236799997685,7760.05527638191
1782217106,2,,Aggregated,0.500000,0.000000,8,21,23,24,29,36,46,52,140,140,140,400,0,8,14.945064000185084,4.270899997209199,138.236799997685,7770.4125
1782217107,2,,Aggregated,0.500000,0.000000,8,21,23,24,29,36,45,52,140,140,140,401,0,8,14.924471072493786,4.270899997209199,138.236799997685,7763.720698254364
1782217108,2,,Aggregated,0.500000,0.000000,8,21,23,24,29,36,45,52,140,140,140,401,0,8,14.924471072493786,4.270899997209199,138.236799997685,7763.720698254364
1782217109,2,,Aggregated,0.500000,0.000000,8,21,23,24,29,36,45,52,140,140,140,401,0,8,14.924471072493786,4.270899997209199,138.236799997685,7763.720698254364
1782217110,2,,Aggregated,0.500000,0.000000,8,21,23,24,29,36,45,52,140,140,140,401,0,8,14.924471072493786,4.270899997209199,138.236799997685,7763.720698254364
1782217111,2,,Aggregated,0.500000,0.000000,8,21,23,24,29,36,45,52,140,140,140,401,0,8,14.924471072493786,4.270899997209199,138.236799997685,7763.720698254364
1782217112,2,,Aggregated,0.500000,0.000000,8,21,23,24,29,36,45,52,140,140,140,401,0,8,14.924471072493786,4.270899997209199,138.236799997685,7763.720698254364
1782217113,2,,Aggregated,0.500000,0.000000,8,21,23,24,29,36,45,52,140,140,140,401,0,8,14.924471072493786,4.270899997209199,138.236799997685,7763.720698254364
1782217114,2,,Aggregated,0.300000,0.000000,8,21,23,24,29,36,45,52,140,140,140,402,0,8,14.959893532517102,4.270899997209199,138.236799997685,7770.524875621891
1782217115,2,,Aggregated,0.300000,0.000000,8,21,23,24,29,36,45,52,140,140,140,403,0,8,14.937387841372207,4.270899997209199,138.236799997685,7765.796526054591
1782217116,2,,Aggregated,0.300000,0.000000,8,21,23,24,29,36,45,52,140,140,140,403,0,8,14.937387841372207,4.270899997209199,138.236799997685,7765.796526054591
1782217117,2,,Aggregated,0.300000,0.000000,8,21,23,24,29,36,45,52,140,140,140,403,0,8,14.937387841372207,4.270899997209199,138.236799997685,7765.796526054591
1782217118,2,,Aggregated,0.300000,0.000000,8,21,23,24,29,36,45,52,140,140,140,403,0,8,14.937387841372207,4.270899997209199,138.236799997685,7765.796526054591
1782217119,2,,Aggregated,0.300000,0.000000,8,21,23,24,29,36,45,52,140,140,140,403,0,8,14.937387841372207,4.270899997209199,138.236799997685,7765.796526054591
1782217120,2,,Aggregated,0.200000,0.000000,8,21,23,24,29,36,45,52,140,140,140,404,0,8,14.955668317018327,4.270899997209199,138.236799997685,7772.561881188119
1782217121,2,,Aggregated,0.200000,0.000000,8,21,23,24,29,36,45,52,140,140,140,404,0,8,14.955668317018327,4.270899997209199,138.236799997685,7772.561881188119
1782217122,2,,Aggregated,0.200000,0.000000,8,21,23,24,29,36,45,52,140,140,140,404,0,8,14.955668317018327,4.270899997209199,138.236799997685,7772.561881188119
1782217123,2,,Aggregated,0.200000,0.000000,8,21,23,24,29,36,45,52,140,140,140,404,0,8,14.955668317018327,4.270899997209199,138.236799997685,7772.561881188119
1782217124,2,,Aggregated,0.200000,0.000000,8,21,23,24,29,36,45,52,140,140,140,404,0,8,14.955668317018327,4.270899997209199,138.236799997685,7772.561881188119
1782217125,2,,Aggregated,0.300000,0.000000,8,21,23,24,29,36,45,52,140,140,140,405,0,8,14.977909382889019,4.270899997209199,138.236799997685,7779.2938271604935
1782217126,2,,Aggregated,0.300000,0.000000,8,21,23,24,29,36,45,52,140,140,140,405,0,8,14.977909382889019,4.270899997209199,138.236799997685,7779.2938271604935
1782217127,2,,Aggregated,0.300000,0.000000,8,21,23,24,29,36,45,52,140,140,140,405,0,8,14.977909382889019,4.270899997209199,138.236799997685,7779.2938271604935
1782217128,2,,Aggregated,0.200000,0.000000,8,21,23,24,29,36,45,52,140,140,140,406,0,8,14.957621428737614,4.270899997209199,138.236799997685,7774.57881773399
1782217129,2,,Aggregated,0.200000,0.000000,8,21,23,24,29,36,45,52,140,140,140,406,0,8,14.957621428737614,4.270899997209199,138.236799997685,7774.57881773399
1782217130,2,,Aggregated,0.200000,0.000000,8,21,23,24,29,36,45,52,140,140,140,406,0,8,14.957621428737614,4.270899997209199,138.236799997685,7774.57881773399
1782217131,2,,Aggregated,0.300000,0.000000,8,21,23,24,29,36,45,52,140,140,140,407,0,8,14.936632923994965,4.270899997209199,138.236799997685,7767.97542997543
1782217132,2,,Aggregated,0.300000,0.000000,8,21,23,24,29,36,45,52,140,140,140,407,0,8,14.936632923994965,4.270899997209199,138.236799997685,7767.97542997543
1782217133,2,,Aggregated,0.300000,0.000000,8,21,23,24,29,36,45,52,140,140,140,407,0,8,14.936632923994965,4.270899997209199,138.236799997685,7767.97542997543
1782217134,2,,Aggregated,0.200000,0.000000,8,21,23,24,29,36,45,52,140,140,140,408,0,8,14.917862255060754,4.270899997209199,138.236799997685,7763.311274509804
1782217135,2,,Aggregated,0.200000,0.000000,8,21,23,24,29,36,45,52,140,140,140,408,0,8,14.917862255060754,4.270899997209199,138.236799997685,7763.311274509804
1782217136,2,,Aggregated,0.200000,0.000000,8,21,23,24,29,36,45,52,140,140,140,408,0,8,14.917862255060754,4.270899997209199,138.236799997685,7763.311274509804
1782217137,2,,Aggregated,0.200000,0.000000,8,21,23,24,29,36,45,52,140,140,140,408,0,8,14.917862255060754,4.270899997209199,138.236799997685,7763.311274509804
1782217138,2,,Aggregated,0.200000,0.000000,8,21,23,24,29,36,45,52,140,140,140,408,0,8,14.917862255060754,4.270899997209199,138.236799997685,7763.311274509804
1782217139,2,,Aggregated,0.300000,0.000000,8,21,23,24,29,36,45,52,140,140,140,409,0,8,14.951784107729498,4.270899997209199,138.236799997685,7770.0
1782217140,2,,Aggregated,0.300000,0.000000,8,21,23,24,29,36,45,52,140,140,140,409,0,8,14.951784107729498,4.270899997209199,138.236799997685,7770.0
1782217141,2,,Aggregated,0.300000,0.000000,8,21,23,24,29,36,45,52,140,140,140,409,0,8,14.951784107729498,4.270899997209199,138.236799997685,7770.0
1782217142,2,,Aggregated,0.300000,0.000000,8,21,23,24,29,36,45,52,140,140,140,410,0,8,14.929237317225736,4.270899997209199,138.236799997685,7765.3536585365855
1782217143,2,,Aggregated,0.300000,0.000000,8,21,23,24,29,36,45,52,140,140,140,410,0,8,14.929237317225736,4.270899997209199,138.236799997685,7765.3536585365855
1782217144,2,,Aggregated,0.200000,0.000000,8,21,23,24,29,36,45,52,140,140,140,411,0,8,14.907154744671411,4.270899997209199,138.236799997685,7758.83698296837
1782217145,2,,Aggregated,0.200000,0.000000,8,21,23,24,29,36,45,52,140,140,140,411,0,8,14.907154744671411,4.270899997209199,138.236799997685,7758.83698296837
1782217146,2,,Aggregated,0.200000,0.000000,8,21,23,24,29,36,45,52,140,140,140,411,0,8,14.907154744671411,4.270899997209199,138.236799997685,7758.83698296837
1782217147,2,,Aggregated,0.200000,0.000000,8,21,23,24,29,36,45,52,140,140,140,411,0,8,14.907154744671411,4.270899997209199,138.236799997685,7758.83698296837
1782217148,2,,Aggregated,0.300000,0.000000,8,21,23,24,29,36,45,52,140,140,140,412,0,8,14.887930582667694,4.270899997209199,138.236799997685,7752.351941747573
1782217149,2,,Aggregated,0.300000,0.000000,8,21,23,24,29,36,45,52,140,140,140,413,0,8,14.90742978223427,4.270899997209199,138.236799997685,7759.002421307506
1782217151,2,,Aggregated,0.300000,0.000000,8,21,23,24,29,36,45,52,140,140,140,413,0,8,14.90742978223427,4.270899997209199,138.236799997685,7759.002421307506
1782217152,2,,Aggregated,0.300000,0.000000,8,21,23,24,29,36,45,52,140,140,140,413,0,8,14.90742978223427,4.270899997209199,138.236799997685,7759.002421307506
1782217153,2,,Aggregated,0.300000,0.000000,8,21,23,24,29,36,45,52,140,140,140,413,0,8,14.90742978223427,4.270899997209199,138.236799997685,7759.002421307506
1782217154,2,,Aggregated,0.300000,0.000000,8,21,23,24,29,36,45,52,140,140,140,413,0,8,14.90742978223427,4.270899997209199,138.236799997685,7759.002421307506
1782217155,2,,Aggregated,0.400000,0.000000,8,21,23,24,29,36,45,52,140,140,140,414,0,8,14.927032125755527,4.270899997209199,138.236799997685,7765.62077294686
1782217156,2,,Aggregated,0.300000,0.000000,8,21,23,24,29,36,45,52,140,140,140,415,0,8,14.922246506177478,4.270899997209199,138.236799997685,7772.207228915662
1782217157,2,,Aggregated,0.300000,0.000000,8,21,23,24,29,36,45,52,140,140,140,415,0,8,14.922246506177478,4.270899997209199,138.236799997685,7772.207228915662
1782217158,2,,Aggregated,0.300000,0.000000,8,21,23,24,29,36,45,52,140,140,140,415,0,8,14.922246506177478,4.270899997209199,138.236799997685,7772.207228915662
1782217159,2,,Aggregated,0.300000,0.000000,8,21,23,24,29,36,45,52,140,140,140,415,0,8,14.922246506177478,4.270899997209199,138.236799997685,7772.207228915662
1782217160,2,,Aggregated,0.300000,0.000000,8,21,23,24,29,36,45,52,140,140,140,415,0,8,14.922246506177478,4.270899997209199,138.236799997685,7772.207228915662
1782217161,2,,Aggregated,0.400000,0.000000,8,21,23,24,29,36,45,52,140,140,140,416,0,8,14.935497596297864,4.270899997209199,138.236799997685,7778.7620192307695
1782217162,2,,Aggregated,0.400000,0.000000,8,21,23,24,29,36,45,52,140,140,140,416,0,8,14.935497596297864,4.270899997209199,138.236799997685,7778.7620192307695
1782217163,2,,Aggregated,0.300000,0.000000,8,21,23,24,29,36,45,52,140,140,140,417,0,8,14.913271942591335,4.270899997209199,138.236799997685,7772.306954436451
1782217164,2,,Aggregated,0.300000,0.000000,8,21,23,24,29,36,45,52,140,140,140,417,0,8,14.913271942591335,4.270899997209199,138.236799997685,7772.306954436451
1782217165,2,,Aggregated,0.300000,0.000000,8,21,23,24,29,36,45,52,140,140,140,417,0,8,14.913271942591335,4.270899997209199,138.236799997685,7772.306954436451
1782217166,2,,Aggregated,0.400000,0.000000,8,21,23,24,29,36,45,52,140,140,140,418,0,8,14.96035406711616,4.270899997209199,138.236799997685,7778.83014354067
1782217167,2,,Aggregated,0.400000,0.000000,8,21,23,24,29,36,45,52,140,140,140,418,0,8,14.96035406711616,4.270899997209199,138.236799997685,7778.83014354067
1782217168,2,,Aggregated,0.400000,0.000000,8,21,23,24,29,36,45,52,140,140,140,418,0,8,14.96035406711616,4.270899997209199,138.236799997685,7778.83014354067
1782217169,2,,Aggregated,0.400000,0.000000,8,21,23,24,29,36,45,52,140,140,140,418,0,8,14.96035406711616,4.270899997209199,138.236799997685,7778.83014354067
1782217170,2,,Aggregated,0.300000,0.000000,8,21,23,24,29,36,45,52,140,140,140,419,0,8,14.941964439265202,4.270899997209199,138.236799997685,7772.405727923628
1782217171,2,,Aggregated,0.300000,0.000000,8,21,23,24,29,36,45,52,140,140,140,419,0,8,14.941964439265202,4.270899997209199,138.236799997685,7772.405727923628
1782217172,2,,Aggregated,0.300000,0.000000,8,21,23,24,29,36,45,52,140,140,140,420,0,8,14.923758095357611,4.270899997209199,138.236799997685,7766.011904761905
1782217173,2,,Aggregated,0.300000,0.000000,8,21,23,24,29,36,45,52,140,140,140,420,0,8,14.923758095357611,4.270899997209199,138.236799997685,7766.011904761905
1782217174,2,,Aggregated,0.300000,0.000000,8,21,23,24,29,36,45,52,140,140,140,420,0,8,14.923758095357611,4.270899997209199,138.236799997685,7766.011904761905
1782217175,2,,Aggregated,0.300000,0.000000,8,21,23,24,29,36,45,52,140,140,140,420,0,8,14.923758095357611,4.270899997209199,138.236799997685,7766.011904761905
1782217176,2,,Aggregated,0.300000,0.000000,8,21,23,24,29,36,45,52,140,140,140,420,0,8,14.923758095357611,4.270899997209199,138.236799997685,7766.011904761905
1782217177,2,,Aggregated,0.300000,0.000000,8,21,23,24,29,36,45,52,140,140,140,420,0,8,14.923758095357611,4.270899997209199,138.236799997685,7766.011904761905
1782217178,2,,Aggregated,0.300000,0.000000,8,21,23,24,29,36,45,52,140,140,140,421,0,8,14.905916864718554,4.270899997209199,138.236799997685,7759.648456057007
1782217179,2,,Aggregated,0.300000,0.000000,8,21,23,24,29,36,45,52,140,140,140,421,0,8,14.905916864718554,4.270899997209199,138.236799997685,7759.648456057007
1782217180,2,,Aggregated,0.300000,0.000000,8,21,23,24,29,36,45,52,140,140,140,421,0,8,14.905916864718554,4.270899997209199,138.236799997685,7759.648456057007
1782217181,2,,Aggregated,0.300000,0.000000,8,21,23,24,29,36,45,52,140,140,140,422,0,8,14.884633649400186,4.270899997209199,138.236799997685,7755.158767772512
1782217182,2,,Aggregated,0.300000,0.000000,8,21,23,24,29,36,45,52,140,140,140,422,0,8,14.884633649400186,4.270899997209199,138.236799997685,7755.158767772512
1782217183,2,,Aggregated,0.300000,0.000000,8,21,23,24,29,36,45,52,140,140,140,422,0,8,14.884633649400186,4.270899997209199,138.236799997685,7755.158767772512
1782217184,2,,Aggregated,0.300000,0.000000,8,21,23,24,29,36,45,52,140,140,140,422,0,8,14.884633649400186,4.270899997209199,138.236799997685,7755.158767772512
1782217185,2,,Aggregated,0.300000,0.000000,8,21,23,24,29,36,45,52,140,140,140,422,0,8,14.884633649400186,4.270899997209199,138.236799997685,7755.158767772512
1782217186,2,,Aggregated,0.200000,0.000000,8,21,23,24,29,36,45,52,140,140,140,423,0,8,14.901589834632603,4.270899997209199,138.236799997685,7761.645390070922
1782217187,2,,Aggregated,0.200000,0.000000,8,21,23,24,29,36,45,52,140,140,140,423,0,8,14.901589834632603,4.270899997209199,138.236799997685,7761.645390070922
1782217188,2,,Aggregated,0.200000,0.000000,8,21,23,24,29,36,45,52,140,140,140,423,0,8,14.901589834632603,4.270899997209199,138.236799997685,7761.645390070922
1782217189,2,,Aggregated,0.200000,0.000000,8,21,23,24,29,36,45,52,140,140,140,424,0,8,14.896454481235848,4.270899997209199,138.236799997685,7768.101415094339
1782217190,2,,Aggregated,0.200000,0.000000,8,21,23,24,29,36,45,52,140,140,140,424,0,8,14.896454481235848,4.270899997209199,138.236799997685,7768.101415094339
1782217191,2,,Aggregated,0.200000,0.000000,8,21,23,24,29,36,45,52,140,140,140,424,0,8,14.896454481235848,4.270899997209199,138.236799997685,7768.101415094339
1782217192,2,,Aggregated,0.300000,0.000000,8,21,23,24,29,36,45,52,140,140,140,426,0,8,14.880300234848695,4.270899997209199,138.236799997685,7777.788732394366
1782217193,2,,Aggregated,0.300000,0.000000,8,21,23,24,29,36,45,52,140,140,140,426,0,8,14.880300234848695,4.270899997209199,138.236799997685,7777.788732394366
1782217194,2,,Aggregated,0.300000,0.000000,8,21,23,24,29,36,45,52,140,140,140,426,0,8,14.880300234848695,4.270899997209199,138.236799997685,7777.788732394366
1782217195,2,,Aggregated,0.400000,0.000000,8,21,23,24,29,36,45,52,140,140,140,427,0,8,14.861054801051827,4.270899997209199,138.236799997685,7771.487119437939
1782217196,2,,Aggregated,0.400000,0.000000,8,21,23,24,29,36,45,52,140,140,140,427,0,8,14.861054801051827,4.270899997209199,138.236799997685,7771.487119437939
1782217197,2,,Aggregated,0.400000,0.000000,8,21,23,24,29,36,45,52,140,140,140,427,0,8,14.861054801051827,4.270899997209199,138.236799997685,7771.487119437939
1782217198,2,,Aggregated,0.400000,0.000000,8,21,23,24,29,36,45,52,140,140,140,427,0,8,14.861054801051827,4.270899997209199,138.236799997685,7771.487119437939
1782217199,2,,Aggregated,0.400000,0.000000,8,21,23,24,29,36,45,52,140,140,140,427,0,8,14.861054801051827,4.270899997209199,138.236799997685,7771.487119437939
1782217200,2,,Aggregated,0.400000,0.000000,8,21,23,24,29,36,45,52,140,140,140,428,0,8,14.841981542159484,4.270899997209199,138.236799997685,7765.214953271028
1782217201,2,,Aggregated,0.300000,0.000000,8,21,23,24,29,36,45,52,140,140,140,429,0,8,14.819783449977841,4.270899997209199,138.236799997685,7758.972027972028
1782217202,2,,Aggregated,0.300000,0.000000,8,21,23,24,29,36,45,52,140,140,140,429,0,8,14.819783449977841,4.270899997209199,138.236799997685,7758.972027972028
1782217203,2,,Aggregated,0.300000,0.000000,8,21,23,24,29,36,45,52,140,140,140,429,0,8,14.819783449977841,4.270899997209199,138.236799997685,7758.972027972028
1782217204,2,,Aggregated,0.300000,0.000000,8,21,23,24,29,36,45,52,140,140,140,429,0,8,14.819783449977841,4.270899997209199,138.236799997685,7758.972027972028
1782217205,2,,Aggregated,0.300000,0.000000,8,21,23,24,29,36,45,52,140,140,140,429,0,8,14.819783449977841,4.270899997209199,138.236799997685,7758.972027972028
1782217206,2,,Aggregated,0.300000,0.000000,8,21,23,24,29,36,45,52,140,140,140,429,0,8,14.819783449977841,4.270899997209199,138.236799997685,7758.972027972028
1782217207,2,,Aggregated,0.300000,0.000000,8,21,23,24,29,36,45,52,140,140,140,430,0,8,14.84298534893707,4.270899997209199,138.236799997685,7765.344186046512
1782217208,2,,Aggregated,0.200000,0.000000,8,21,23,24,29,36,45,52,140,140,140,431,0,8,14.86420696065113,4.270899997209199,138.236799997685,7771.686774941995
1782217209,2,,Aggregated,0.200000,0.000000,8,21,23,24,29,36,45,52,140,140,140,431,0,8,14.86420696065113,4.270899997209199,138.236799997685,7771.686774941995
1782217210,2,,Aggregated,0.200000,0.000000,8,21,23,24,29,36,45,52,140,140,140,431,0,8,14.86420696065113,4.270899997209199,138.236799997685,7771.686774941995
1782217211,2,,Aggregated,0.200000,0.000000,8,21,23,24,29,36,45,52,140,140,140,431,0,8,14.86420696065113,4.270899997209199,138.236799997685,7771.686774941995
1782217212,2,,Aggregated,0.200000,0.000000,8,21,23,24,29,36,45,52,140,140,140,431,0,8,14.86420696065113,4.270899997209199,138.236799997685,7771.686774941995
1782217213,2,,Aggregated,0.200000,0.000000,8,21,23,24,29,36,45,52,140,140,140,431,0,8,14.86420696065113,4.270899997209199,138.236799997685,7771.686774941995
1782217214,2,,Aggregated,0.200000,0.000000,8,21,23,24,29,36,45,52,140,140,140,431,0,8,14.86420696065113,4.270899997209199,138.236799997685,7771.686774941995
1782217215,2,,Aggregated,0.200000,0.000000,8,21,23,24,29,36,45,52,140,140,140,433,0,8,14.87292702088047,4.270899997209199,138.236799997685,7773.581986143187
1782217216,2,,Aggregated,0.200000,0.000000,8,21,23,24,29,36,45,52,140,140,140,433,0,8,14.87292702088047,4.270899997209199,138.236799997685,7773.581986143187
1782217217,2,,Aggregated,0.200000,0.000000,8,21,23,24,29,36,45,52,140,140,140,433,0,8,14.87292702088047,4.270899997209199,138.236799997685,7773.581986143187
1782217218,2,,Aggregated,0.200000,0.000000,8,21,23,24,29,36,45,52,140,140,140,433,0,8,14.87292702088047,4.270899997209199,138.236799997685,7773.581986143187
1782217219,2,,Aggregated,0.200000,0.000000,8,21,23,24,29,36,45,52,140,140,140,433,0,8,14.87292702088047,4.270899997209199,138.236799997685,7773.581986143187
1782217220,2,,Aggregated,0.200000,0.000000,8,21,23,24,29,36,45,52,140,140,140,433,0,8,14.87292702088047,4.270899997209199,138.236799997685,7773.581986143187
1782217221,2,,Aggregated,0.300000,0.000000,8,21,23,24,29,36,45,52,140,140,140,434,0,8,14.893969124520904,4.270899997209199,138.236799997685,7779.861751152073
1782217222,2,,Aggregated,0.200000,0.000000,8,21,23,24,29,36,45,52,140,140,140,435,0,8,14.87348712652911,4.270899997209199,138.236799997685,7775.459770114942
1782217223,2,,Aggregated,0.200000,0.000000,8,21,23,24,29,36,45,52,140,140,140,435,0,8,14.87348712652911,4.270899997209199,138.236799997685,7775.459770114942
1782217224,2,,Aggregated,0.200000,0.000000,8,21,23,24,29,36,45,52,140,140,140,435,0,8,14.87348712652911,4.270899997209199,138.236799997685,7775.459770114942
1782217225,2,,Aggregated,0.200000,0.000000,8,21,23,24,29,36,45,52,140,140,140,435,0,8,14.87348712652911,4.270899997209199,138.236799997685,7775.459770114942
1782217226,2,,Aggregated,0.200000,0.000000,8,21,23,24,29,36,45,52,140,140,140,435,0,8,14.87348712652911,4.270899997209199,138.236799997685,7775.459770114942
1782217227,2,,Aggregated,0.300000,0.000000,8,21,23,24,29,36,45,52,140,140,140,437,0,8,14.853347826173536,4.270899997209199,138.236799997685,7784.869565217391
1782217228,2,,Aggregated,0.300000,0.000000,8,21,23,24,29,36,45,52,140,140,140,437,0,8,14.853347826173536,4.270899997209199,138.236799997685,7784.869565217391
1782217229,2,,Aggregated,0.200000,0.000000,8,21,23,24,29,36,45,52,140,140,140,438,0,8,14.835459589124945,4.270899997209199,138.236799997685,7778.7100456621
1782217230,2,,Aggregated,0.200000,0.000000,8,21,23,24,29,36,45,52,140,140,140,438,0,8,14.835459589124945,4.270899997209199,138.236799997685,7778.7100456621
1782217231,2,,Aggregated,0.200000,0.000000,8,21,23,24,29,36,45,52,140,140,140,438,0,8,14.835459589124945,4.270899997209199,138.236799997685,7778.7100456621
1782217232,2,,Aggregated,0.500000,0.000000,8,21,23,24,29,36,45,52,140,140,140,439,0,8,14.817035535378551,4.270899997209199,138.236799997685,7774.350797266515
1782217233,2,,Aggregated,0.500000,0.000000,8,21,23,24,29,36,45,52,140,140,140,439,0,8,14.817035535378551,4.270899997209199,138.236799997685,7774.350797266515
1782217234,2,,Aggregated,0.500000,0.000000,8,21,23,24,29,36,45,52,140,140,140,439,0,8,14.817035535378551,4.270899997209199,138.236799997685,7774.350797266515
1782217235,2,,Aggregated,0.500000,0.000000,8,21,23,24,29,36,45,52,140,140,140,439,0,8,14.817035535378551,4.270899997209199,138.236799997685,7774.350797266515
1782217236,2,,Aggregated,0.500000,0.000000,8,21,23,24,29,36,45,52,140,140,140,439,0,8,14.817035535378551,4.270899997209199,138.236799997685,7774.350797266515
1782217237,2,,Aggregated,0.500000,0.000000,8,21,23,24,29,36,45,52,140,140,140,439,0,8,14.817035535378551,4.270899997209199,138.236799997685,7774.350797266515
1782217238,2,,Aggregated,0.400000,0.000000,8,21,23,24,29,36,45,52,140,140,140,440,0,8,14.799245000060843,4.270899997209199,138.236799997685,7770.011363636364
1782217239,2,,Aggregated,0.400000,0.000000,8,21,23,24,29,36,45,52,140,140,140,440,0,8,14.799245000060843,4.270899997209199,138.236799997685,7770.011363636364
1782217240,2,,Aggregated,0.200000,0.000000,8,21,23,24,29,35,45,52,140,140,140,441,0,8,14.779564172392204,4.270899997209199,138.236799997685,7765.691609977324
1782217241,2,,Aggregated,0.200000,0.000000,8,21,23,24,29,35,45,52,140,140,140,441,0,8,14.779564172392204,4.270899997209199,138.236799997685,7765.691609977324
1782217242,2,,Aggregated,0.200000,0.000000,8,21,23,24,29,35,45,52,140,140,140,441,0,8,14.779564172392204,4.270899997209199,138.236799997685,7765.691609977324
1782217243,2,,Aggregated,0.200000,0.000000,8,21,23,24,29,35,45,52,140,140,140,441,0,8,14.779564172392204,4.270899997209199,138.236799997685,7765.691609977324
1782217244,2,,Aggregated,0.200000,0.000000,8,21,23,24,29,35,45,52,140,140,140,442,0,8,14.803216968385431,4.270899997209199,138.236799997685,7771.87556561086
1782217245,2,,Aggregated,0.200000,0.000000,8,21,23,24,29,35,45,52,140,140,140,442,0,8,14.803216968385431,4.270899997209199,138.236799997685,7771.87556561086
1782217246,2,,Aggregated,0.200000,0.000000,8,21,23,24,29,35,45,52,140,140,140,442,0,8,14.803216968385431,4.270899997209199,138.236799997685,7771.87556561086
1782217247,2,,Aggregated,0.300000,0.000000,8,21,23,24,29,35,45,52,140,140,140,443,0,8,14.783053950384405,4.270899997209199,138.236799997685,7767.571106094808
1782217248,2,,Aggregated,0.300000,0.000000,8,21,23,24,29,35,45,52,140,140,140,444,0,8,14.763643018054323,4.270899997209199,138.236799997685,7763.286036036036
1782217249,2,,Aggregated,0.300000,0.000000,8,21,23,24,29,35,45,52,140,140,140,444,0,8,14.763643018054323,4.270899997209199,138.236799997685,7763.286036036036
1782217250,2,,Aggregated,0.300000,0.000000,8,21,23,24,29,35,45,52,140,140,140,444,0,8,14.763643018054323,4.270899997209199,138.236799997685,7763.286036036036
1782217251,2,,Aggregated,0.300000,0.000000,8,21,23,24,29,35,45,52,140,140,140,444,0,8,14.763643018054323,4.270899997209199,138.236799997685,7763.286036036036
1782217252,2,,Aggregated,0.300000,0.000000,8,21,23,24,29,35,45,52,140,140,140,444,0,8,14.763643018054323,4.270899997209199,138.236799997685,7763.286036036036
1782217253,2,,Aggregated,0.300000,0.000000,8,21,23,24,29,35,45,52,140,140,140,444,0,8,14.763643018054323,4.270899997209199,138.236799997685,7763.286036036036
1782217254,2,,Aggregated,0.300000,0.000000,8,21,23,24,29,35,45,52,140,140,140,444,0,8,14.763643018054323,4.270899997209199,138.236799997685,7763.286036036036
1782217255,2,,Aggregated,0.300000,0.000000,8,21,23,24,29,35,45,52,140,140,140,446,0,8,14.727001793754617,4.270899997209199,138.236799997685,7754.773542600897
1782217256,2,,Aggregated,0.300000,0.000000,8,21,23,24,29,35,45,52,140,140,140,446,0,8,14.727001793754617,4.270899997209199,138.236799997685,7754.773542600897
1782217257,2,,Aggregated,0.300000,0.000000,8,21,23,24,29,35,45,52,140,140,140,446,0,8,14.727001793754617,4.270899997209199,138.236799997685,7754.773542600897
1782217258,2,,Aggregated,0.300000,0.000000,8,21,23,24,29,35,45,52,140,140,140,446,0,8,14.727001793754617,4.270899997209199,138.236799997685,7754.773542600897
1782217259,2,,Aggregated,0.400000,0.000000,8,21,23,24,29,35,45,52,140,140,140,447,0,8,14.707613646556593,4.270899997209199,138.236799997685,7748.805369127517
1782217260,2,,Aggregated,0.400000,0.000000,8,21,23,24,29,35,45,52,140,140,140,447,0,8,14.707613646556593,4.270899997209199,138.236799997685,7748.805369127517
1782217261,2,,Aggregated,0.400000,0.000000,8,21,23,24,29,35,45,52,140,140,140,447,0,8,14.707613646556593,4.270899997209199,138.236799997685,7748.805369127517
1782217262,2,,Aggregated,0.400000,0.000000,8,21,23,24,29,35,45,52,140,140,140,447,0,8,14.707613646556593,4.270899997209199,138.236799997685,7748.805369127517
1782217264,2,,Aggregated,0.400000,0.000000,8,21,23,24,29,35,45,52,140,140,140,447,0,8,14.707613646556593,4.270899997209199,138.236799997685,7748.805369127517
1782217265,2,,Aggregated,0.300000,0.000000,8,21,23,24,29,35,45,52,140,140,140,448,0,8,14.68698258931259,4.270899997209199,138.236799997685,7744.600446428572
1782217266,2,,Aggregated,0.300000,0.000000,8,21,23,24,29,35,45,52,140,140,140,449,0,8,14.705924053475098,4.270899997209199,138.236799997685,7750.734966592428
1782217267,2,,Aggregated,0.300000,0.000000,8,21,23,24,29,35,45,52,140,140,140,449,0,8,14.705924053475098,4.270899997209199,138.236799997685,7750.734966592428
1782217268,2,,Aggregated,0.300000,0.000000,8,21,23,24,29,35,45,52,140,140,140,449,0,8,14.705924053475098,4.270899997209199,138.236799997685,7750.734966592428
1782217269,2,,Aggregated,0.300000,0.000000,8,21,23,24,29,35,45,52,140,140,140,449,0,8,14.705924053475098,4.270899997209199,138.236799997685,7750.734966592428
1782217270,2,,Aggregated,0.300000,0.000000,8,21,23,24,29,35,45,52,140,140,140,449,0,8,14.705924053475098,4.270899997209199,138.236799997685,7750.734966592428
1782217271,2,,Aggregated,0.300000,0.000000,8,21,23,24,29,35,45,52,140,140,140,449,0,8,14.705924053475098,4.270899997209199,138.236799997685,7750.734966592428
1782217272,2,,Aggregated,0.300000,0.000000,8,21,23,24,29,35,45,52,140,140,140,449,0,8,14.705924053475098,4.270899997209199,138.236799997685,7750.734966592428
1782217273,2,,Aggregated,0.300000,0.000000,8,21,23,24,29,35,45,52,140,140,140,449,0,8,14.705924053475098,4.270899997209199,138.236799997685,7750.734966592428
1782217274,2,,Aggregated,0.200000,0.000000,8,21,23,24,29,35,45,52,140,140,140,450,0,8,14.688155333359544,4.270899997209199,138.236799997685,7746.544444444445
1782217275,2,,Aggregated,0.200000,0.000000,8,21,23,24,29,35,43,52,140,140,140,451,0,8,14.708830376980133,4.270899997209199,138.236799997685,7752.647450110865
1782217276,2,,Aggregated,0.200000,0.000000,8,21,23,24,29,35,43,52,140,140,140,451,0,8,14.708830376980133,4.270899997209199,138.236799997685,7752.647450110865
1782217277,2,,Aggregated,0.200000,0.000000,8,21,23,24,29,35,43,52,140,140,140,451,0,8,14.708830376980133,4.270899997209199,138.236799997685,7752.647450110865
1782217278,2,,Aggregated,0.200000,0.000000,8,21,23,24,29,35,43,52,140,140,140,451,0,8,14.708830376980133,4.270899997209199,138.236799997685,7752.647450110865
1782217279,2,,Aggregated,0.200000,0.000000,8,21,23,24,29,35,43,52,140,140,140,451,0,8,14.708830376980133,4.270899997209199,138.236799997685,7752.647450110865
1782217280,2,,Aggregated,0.200000,0.000000,8,21,23,24,29,35,43,52,140,140,140,451,0,8,14.708830376980133,4.270899997209199,138.236799997685,7752.647450110865
1782217281,2,,Aggregated,0.200000,0.000000,8,21,23,24,29,35,43,52,140,140,140,452,0,8,14.728615044287006,4.270899997209199,138.236799997685,7758.723451327433
1782217282,2,,Aggregated,0.200000,0.000000,8,21,23,24,29,35,43,52,140,140,140,452,0,8,14.728615044287006,4.270899997209199,138.236799997685,7758.723451327433
1782217283,2,,Aggregated,0.200000,0.000000,8,21,23,24,29,35,43,52,140,140,140,452,0,8,14.728615044287006,4.270899997209199,138.236799997685,7758.723451327433
1782217284,2,,Aggregated,0.200000,0.000000,8,21,23,24,29,35,43,52,140,140,140,453,0,8,14.712899558530879,4.270899997209199,138.236799997685,7754.543046357616
1782217285,2,,Aggregated,0.200000,0.000000,8,21,23,24,29,35,43,52,140,140,140,453,0,8,14.712899558530879,4.270899997209199,138.236799997685,7754.543046357616
1782217286,2,,Aggregated,0.200000,0.000000,8,21,23,24,29,35,43,52,140,140,140,453,0,8,14.712899558530879,4.270899997209199,138.236799997685,7754.543046357616
1782217287,2,,Aggregated,0.200000,0.000000,8,21,23,24,29,35,43,52,140,140,140,453,0,8,14.712899558530879,4.270899997209199,138.236799997685,7754.543046357616
1782217288,2,,Aggregated,0.200000,0.000000,8,21,23,24,29,35,43,52,140,140,140,453,0,8,14.712899558530879,4.270899997209199,138.236799997685,7754.543046357616
1782217289,2,,Aggregated,0.200000,0.000000,8,21,23,24,29,35,43,52,140,140,140,454,0,8,14.727599779781778,4.270899997209199,138.236799997685,7760.5881057268725
1782217290,2,,Aggregated,0.200000,0.000000,8,21,23,24,29,35,43,52,140,140,140,454,0,8,14.727599779781778,4.270899997209199,138.236799997685,7760.5881057268725
1782217291,2,,Aggregated,0.200000,0.000000,8,21,23,24,29,35,43,52,140,140,140,455,0,8,14.713051428623078,4.270899997209199,138.236799997685,7756.421978021978
1782217292,2,,Aggregated,0.200000,0.000000,8,21,23,24,29,35,43,52,140,140,140,455,0,8,14.713051428623078,4.270899997209199,138.236799997685,7756.421978021978
1782217293,2,,Aggregated,0.200000,0.000000,8,21,23,24,29,35,43,52,140,140,140,455,0,8,14.713051428623078,4.270899997209199,138.236799997685,7756.421978021978
1782217294,2,,Aggregated,0.200000,0.000000,8,21,23,24,29,35,43,52,140,140,140,455,0,8,14.713051428623078,4.270899997209199,138.236799997685,7756.421978021978
1782217295,2,,Aggregated,0.200000,0.000000,8,21,23,24,29,35,43,52,140,140,140,455,0,8,14.713051428623078,4.270899997209199,138.236799997685,7756.421978021978
1782217296,2,,Aggregated,0.200000,0.000000,8,21,23,24,29,35,43,52,140,140,140,455,0,8,14.713051428623078,4.270899997209199,138.236799997685,7756.421978021978
1782217297,2,,Aggregated,0.200000,0.000000,8,21,23,24,29,35,43,52,140,140,140,456,0,8,14.695644078991583,4.270899997209199,138.236799997685,7752.274122807017
1782217298,2,,Aggregated,0.200000,0.000000,8,21,23,24,29,35,43,52,140,140,140,456,0,8,14.695644078991583,4.270899997209199,138.236799997685,7752.274122807017
1782217299,2,,Aggregated,0.200000,0.000000,8,21,23,24,29,35,43,52,140,140,140,457,0,8,14.67783851208954,4.270899997209199,138.236799997685,7748.144420131291
1782217300,2,,Aggregated,0.200000,0.000000,8,21,23,24,29,35,43,52,140,140,140,457,0,8,14.67783851208954,4.270899997209199,138.236799997685,7748.144420131291
1782217301,2,,Aggregated,0.200000,0.000000,8,21,23,24,29,35,43,52,140,140,140,457,0,8,14.67783851208954,4.270899997209199,138.236799997685,7748.144420131291
1782217302,2,,Aggregated,0.200000,0.000000,8,21,23,24,29,35,43,52,140,140,140,457,0,8,14.67783851208954,4.270899997209199,138.236799997685,7748.144420131291
1782217303,2,,Aggregated,0.200000,0.000000,8,21,23,24,29,35,43,52,140,140,140,457,0,8,14.67783851208954,4.270899997209199,138.236799997685,7748.144420131291
1782217304,2,,Aggregated,0.200000,0.000000,8,21,23,24,29,36,43,52,140,140,140,458,0,8,14.725945851584214,4.270899997209199,138.236799997685,7754.150655021834
1782217305,2,,Aggregated,0.200000,0.000000,8,21,23,24,29,36,43,52,140,140,140,458,0,8,14.725945851584214,4.270899997209199,138.236799997685,7754.150655021834
1782217306,2,,Aggregated,0.200000,0.000000,8,21,23,24,29,36,43,52,140,140,140,459,0,8,14.71835206977872,4.270899997209199,138.236799997685,7760.130718954249
1782217307,2,,Aggregated,0.200000,0.000000,8,21,23,24,29,36,43,52,140,140,140,459,0,8,14.71835206977872,4.270899997209199,138.236799997685,7760.130718954249
1782217308,2,,Aggregated,0.200000,0.000000,8,21,23,24,29,36,43,52,140,140,140,459,0,8,14.71835206977872,4.270899997209199,138.236799997685,7760.130718954249
1782217309,2,,Aggregated,0.200000,0.000000,8,21,23,24,29,36,43,52,140,140,140,459,0,8,14.71835206977872,4.270899997209199,138.236799997685,7760.130718954249
1782217310,2,,Aggregated,0.200000,0.000000,8,21,23,24,29,36,43,52,140,140,140,459,0,8,14.71835206977872,4.270899997209199,138.236799997685,7760.130718954249
1782217311,2,,Aggregated,0.200000,0.000000,8,21,23,24,29,36,43,52,140,140,140,459,0,8,14.71835206977872,4.270899997209199,138.236799997685,7760.130718954249
1782217312,2,,Aggregated,0.200000,0.000000,8,21,23,24,29,36,43,52,140,140,140,460,0,8,14.699137391368783,4.270899997209199,138.236799997685,7754.319565217392
1782217313,2,,Aggregated,0.200000,0.000000,8,21,23,24,29,36,43,52,140,140,140,460,0,8,14.699137391368783,4.270899997209199,138.236799997685,7754.319565217392
1782217314,2,,Aggregated,0.200000,0.000000,8,21,23,24,29,36,43,52,140,140,140,460,0,8,14.699137391368783,4.270899997209199,138.236799997685,7754.319565217392
1782217315,2,,Aggregated,0.200000,0.000000,8,21,23,24,29,36,43,52,140,140,140,460,0,8,14.699137391368783,4.270899997209199,138.236799997685,7754.319565217392
1782217316,2,,Aggregated,0.300000,0.000000,8,21,23,24,29,35,43,52,140,140,140,462,0,8,14.684619047691983,4.270899997209199,138.236799997685,7763.311688311688
1782217317,2,,Aggregated,0.300000,0.000000,8,21,23,24,29,35,43,52,140,140,140,462,0,8,14.684619047691983,4.270899997209199,138.236799997685,7763.311688311688
1782217318,2,,Aggregated,0.300000,0.000000,8,21,23,24,29,35,43,52,140,140,140,463,0,8,14.700020302439583,4.270899997209199,138.236799997685,7769.22030237581
1782217319,2,,Aggregated,0.300000,0.000000,8,21,23,24,29,35,43,52,140,140,140,463,0,8,14.700020302439583,4.270899997209199,138.236799997685,7769.22030237581
1782217320,2,,Aggregated,0.300000,0.000000,8,21,23,24,29,35,43,52,140,140,140,463,0,8,14.700020302439583,4.270899997209199,138.236799997685,7769.22030237581
1782217321,2,,Aggregated,0.300000,0.000000,8,21,23,24,29,35,43,52,140,140,140,463,0,8,14.700020302439583,4.270899997209199,138.236799997685,7769.22030237581
1782217322,2,,Aggregated,0.400000,0.000000,8,21,23,24,29,35,43,52,140,140,140,464,0,8,14.7382390086932,4.270899997209199,138.236799997685,7775.103448275862
1782217323,2,,Aggregated,0.400000,0.000000,8,21,23,24,29,35,43,52,140,140,140,464,0,8,14.7382390086932,4.270899997209199,138.236799997685,7775.103448275862
1782217324,2,,Aggregated,0.400000,0.000000,8,21,23,24,29,35,43,52,140,140,140,464,0,8,14.7382390086932,4.270899997209199,138.236799997685,7775.103448275862
1782217325,2,,Aggregated,0.400000,0.000000,8,21,23,24,29,35,43,52,140,140,140,464,0,8,14.7382390086932,4.270899997209199,138.236799997685,7775.103448275862
1782217326,2,,Aggregated,0.400000,0.000000,8,21,23,24,29,35,43,52,140,140,140,465,0,8,14.718457634475643,4.270899997209199,138.236799997685,7770.995698924731
1782217327,2,,Aggregated,0.400000,0.000000,8,21,23,24,29,35,43,52,140,140,140,465,0,8,14.718457634475643,4.270899997209199,138.236799997685,7770.995698924731
1782217328,2,,Aggregated,0.400000,0.000000,8,21,23,24,29,35,43,52,140,140,140,465,0,8,14.718457634475643,4.270899997209199,138.236799997685,7770.995698924731
1782217329,2,,Aggregated,0.400000,0.000000,8,21,23,24,29,35,43,52,140,140,140,465,0,8,14.718457634475643,4.270899997209199,138.236799997685,7770.995698924731
1782217330,2,,Aggregated,0.400000,0.000000,8,21,23,24,29,35,43,52,140,140,140,465,0,8,14.718457634475643,4.270899997209199,138.236799997685,7770.995698924731
1782217331,2,,Aggregated,0.200000,0.000000,8,21,23,24,29,35,43,52,140,140,140,466,0,8,14.699008798341255,4.270899997209199,138.236799997685,7765.2360515021455
1782217332,2,,Aggregated,0.200000,0.000000,8,21,23,24,29,35,43,52,140,140,140,466,0,8,14.699008798341255,4.270899997209199,138.236799997685,7765.2360515021455
1782217333,2,,Aggregated,0.200000,0.000000,8,21,23,24,29,35,43,52,140,140,140,467,0,8,14.715512419753654,4.270899997209199,138.236799997685,7771.089935760171
1782217334,2,,Aggregated,0.200000,0.000000,8,21,23,24,29,35,43,52,140,140,140,467,0,8,14.715512419753654,4.270899997209199,138.236799997685,7771.089935760171
1782217335,2,,Aggregated,0.200000,0.000000,8,21,23,24,29,35,43,52,140,140,140,467,0,8,14.715512419753654,4.270899997209199,138.236799997685,7771.089935760171
1782217336,2,,Aggregated,0.200000,0.000000,8,21,23,24,29,35,43,52,140,140,140,467,0,8,14.715512419753654,4.270899997209199,138.236799997685,7771.089935760171
1782217337,2,,Aggregated,0.200000,0.000000,8,21,23,24,29,35,43,52,140,140,140,467,0,8,14.715512419753654,4.270899997209199,138.236799997685,7771.089935760171
1782217338,2,,Aggregated,0.300000,0.000000,8,21,23,24,29,35,43,52,140,140,140,468,0,8,14.696953846217564,4.270899997209199,138.236799997685,7767.017094017094
1782217339,2,,Aggregated,0.300000,0.000000,8,21,23,24,29,35,43,52,140,140,140,468,0,8,14.696953846217564,4.270899997209199,138.236799997685,7767.017094017094
1782217340,2,,Aggregated,0.200000,0.000000,8,21,23,24,29,35,43,52,140,140,140,469,0,8,14.679521322033173,4.270899997209199,138.236799997685,7761.302771855011
1782217341,2,,Aggregated,0.200000,0.000000,8,21,23,24,29,35,43,52,140,140,140,469,0,8,14.679521322033173,4.270899997209199,138.236799997685,7761.302771855011
1782217342,2,,Aggregated,0.200000,0.000000,8,21,23,24,29,35,43,52,140,140,140,469,0,8,14.679521322033173,4.270899997209199,138.236799997685,7761.302771855011
1782217343,2,,Aggregated,0.200000,0.000000,8,21,23,24,29,35,43,52,140,140,140,469,0,8,14.679521322033173,4.270899997209199,138.236799997685,7761.302771855011
1782217344,2,,Aggregated,0.300000,0.000000,8,21,23,24,29,35,43,52,140,140,140,470,0,8,14.66453893624427,4.270899997209199,138.236799997685,7757.268085106383
1782217345,2,,Aggregated,0.300000,0.000000,8,21,23,24,29,35,43,52,140,140,140,470,0,8,14.66453893624427,4.270899997209199,138.236799997685,7757.268085106383
1782217346,2,,Aggregated,0.200000,0.000000,8,21,23,24,29,35,43,52,140,140,140,471,0,8,14.681284925751482,4.270899997209199,138.236799997685,7763.089171974522
1782217347,2,,Aggregated,0.200000,0.000000,8,21,23,24,29,35,43,52,140,140,140,471,0,8,14.681284925751482,4.270899997209199,138.236799997685,7763.089171974522
1782217348,2,,Aggregated,0.200000,0.000000,8,21,23,24,29,35,43,52,140,140,140,471,0,8,14.681284925751482,4.270899997209199,138.236799997685,7763.089171974522
1782217349,2,,Aggregated,0.200000,0.000000,8,21,23,24,29,35,43,52,140,140,140,471,0,8,14.681284925751482,4.270899997209199,138.236799997685,7763.089171974522
1782217350,2,,Aggregated,0.200000,0.000000,8,21,23,24,29,35,43,52,140,140,140,471,0,8,14.681284925751482,4.270899997209199,138.236799997685,7763.089171974522
1782217351,2,,Aggregated,0.400000,0.000000,8,21,23,24,29,35,43,52,140,140,140,472,0,8,14.689645762762481,4.270899997209199,138.236799997685,7768.885593220339
1782217352,2,,Aggregated,0.400000,0.000000,8,21,23,24,29,35,43,52,140,140,140,472,0,8,14.689645762762481,4.270899997209199,138.236799997685,7768.885593220339
1782217353,2,,Aggregated,0.400000,0.000000,8,21,23,24,29,35,43,52,140,140,140,472,0,8,14.689645762762481,4.270899997209199,138.236799997685,7768.885593220339
1782217354,2,,Aggregated,0.400000,0.000000,8,21,23,24,29,35,43,52,140,140,140,472,0,8,14.689645762762481,4.270899997209199,138.236799997685,7768.885593220339
1782217355,2,,Aggregated,0.400000,0.000000,8,21,23,24,29,35,43,52,140,140,140,472,0,8,14.689645762762481,4.270899997209199,138.236799997685,7768.885593220339
1782217356,2,,Aggregated,0.300000,0.000000,8,21,23,24,29,35,43,52,140,140,140,473,0,8,14.71237568716355,4.270899997209199,138.236799997685,7774.657505285412
1782217357,2,,Aggregated,0.300000,0.000000,8,21,23,24,29,35,43,52,140,140,140,473,0,8,14.71237568716355,4.270899997209199,138.236799997685,7774.657505285412
1782217358,2,,Aggregated,0.300000,0.000000,8,21,23,24,29,35,43,52,140,140,140,473,0,8,14.71237568716355,4.270899997209199,138.236799997685,7774.657505285412
1782217359,2,,Aggregated,0.300000,0.000000,8,21,23,24,29,35,43,52,140,140,140,473,0,8,14.71237568716355,4.270899997209199,138.236799997685,7774.657505285412
1782217360,2,,Aggregated,0.200000,0.000000,8,21,23,24,29,35,43,52,140,140,140,474,0,8,14.694944514829384,4.270899997209199,138.236799997685,7768.987341772152
1782217361,2,,Aggregated,0.200000,0.000000,8,21,23,24,29,35,43,52,140,140,140,475,0,8,14.679105052706099,4.270899997209199,138.236799997685,7764.978947368421
1782217362,2,,Aggregated,0.200000,0.000000,8,21,23,24,29,35,43,52,140,140,140,475,0,8,14.679105052706099,4.270899997209199,138.236799997685,7764.978947368421
1782217363,2,,Aggregated,0.200000,0.000000,8,21,23,24,29,35,43,52,140,140,140,475,0,8,14.679105052706099,4.270899997209199,138.236799997685,7764.978947368421
1782217364,2,,Aggregated,0.200000,0.000000,8,21,23,24,29,35,43,52,140,140,140,475,0,8,14.679105052706099,4.270899997209199,138.236799997685,7764.978947368421
1782217365,2,,Aggregated,0.200000,0.000000,8,21,23,24,29,35,43,52,140,140,140,475,0,8,14.679105052706099,4.270899997209199,138.236799997685,7764.978947368421
1782217366,2,,Aggregated,0.200000,0.000000,8,21,23,24,29,35,43,52,140,140,140,475,0,8,14.679105052706099,4.270899997209199,138.236799997685,7764.978947368421
1782217367,2,,Aggregated,0.200000,0.000000,8,21,23,24,29,35,43,52,140,140,140,475,0,8,14.679105052706099,4.270899997209199,138.236799997685,7764.978947368421
1782217368,2,,Aggregated,0.200000,0.000000,8,21,23,24,29,35,43,52,140,140,140,476,0,8,14.66097478998349,4.270899997209199,138.236799997685,7759.35294117647
1782217369,2,,Aggregated,0.200000,0.000000,8,21,23,24,29,35,43,52,140,140,140,476,0,8,14.66097478998349,4.270899997209199,138.236799997685,7759.35294117647
1782217370,2,,Aggregated,0.200000,0.000000,8,21,23,24,29,35,43,52,140,140,140,477,0,8,14.647249266305968,4.270899997209199,138.236799997685,7755.381551362683
1782217372,2,,Aggregated,0.200000,0.000000,8,21,23,24,29,35,43,52,140,140,140,477,0,8,14.647249266305968,4.270899997209199,138.236799997685,7755.381551362683
1782217373,2,,Aggregated,0.200000,0.000000,8,21,23,24,29,35,43,52,140,140,140,477,0,8,14.647249266305968,4.270899997209199,138.236799997685,7755.381551362683
1782217374,2,,Aggregated,0.200000,0.000000,8,21,23,24,29,35,43,52,140,140,140,477,0,8,14.647249266305968,4.270899997209199,138.236799997685,7755.381551362683
1782217375,2,,Aggregated,0.200000,0.000000,8,21,23,24,29,35,43,52,140,140,140,477,0,8,14.647249266305968,4.270899997209199,138.236799997685,7755.381551362683
1782217376,2,,Aggregated,0.200000,0.000000,8,21,23,24,29,35,43,52,140,140,140,478,0,8,14.629666318050946,4.270899997209199,138.236799997685,7749.799163179916
1782217377,2,,Aggregated,0.200000,0.000000,8,21,23,24,29,35,43,52,140,140,140,478,0,8,14.629666318050946,4.270899997209199,138.236799997685,7749.799163179916
1782217378,2,,Aggregated,0.200000,0.000000,8,21,23,24,29,35,43,52,140,140,140,479,0,8,14.61434655539431,4.270899997209199,138.236799997685,7745.864300626305
1782217379,2,,Aggregated,0.200000,0.000000,8,21,23,24,29,35,43,52,140,140,140,479,0,8,14.61434655539431,4.270899997209199,138.236799997685,7745.864300626305
1782217380,2,,Aggregated,0.200000,0.000000,8,21,23,24,29,35,43,52,140,140,140,479,0,8,14.61434655539431,4.270899997209199,138.236799997685,7745.864300626305
1782217381,2,,Aggregated,0.300000,0.000000,8,20,23,24,29,35,43,52,140,140,140,480,0,8,14.595116250059922,4.270899997209199,138.236799997685,7741.945833333333
1782217382,2,,Aggregated,0.300000,0.000000,8,20,23,24,29,35,43,52,140,140,140,480,0,8,14.595116250059922,4.270899997209199,138.236799997685,7741.945833333333
1782217383,2,,Aggregated,0.300000,0.000000,8,20,23,24,29,35,43,52,140,140,140,480,0,8,14.595116250059922,4.270899997209199,138.236799997685,7741.945833333333
1782217384,2,,Aggregated,0.300000,0.000000,8,20,23,24,29,35,43,52,140,140,140,480,0,8,14.595116250059922,4.270899997209199,138.236799997685,7741.945833333333
1782217385,2,,Aggregated,0.300000,0.000000,8,20,23,24,29,35,43,52,140,140,140,480,0,8,14.595116250059922,4.270899997209199,138.236799997685,7741.945833333333
1782217386,2,,Aggregated,0.300000,0.000000,8,20,23,24,27,35,43,52,140,140,140,481,0,8,14.577630977197758,4.270899997209199,138.236799997685,7738.043659043659
1782217387,2,,Aggregated,0.300000,0.000000,8,20,23,24,27,35,43,52,140,140,140,481,0,8,14.577630977197758,4.270899997209199,138.236799997685,7738.043659043659
1782217388,2,,Aggregated,0.300000,0.000000,8,20,23,24,27,35,43,52,140,140,140,481,0,8,14.577630977197758,4.270899997209199,138.236799997685,7738.043659043659
1782217389,2,,Aggregated,0.300000,0.000000,8,20,23,24,27,35,43,52,140,140,140,481,0,8,14.577630977197758,4.270899997209199,138.236799997685,7738.043659043659
1782217390,2,,Aggregated,0.300000,0.000000,8,20,23,24,27,35,43,52,140,140,140,481,0,8,14.577630977197758,4.270899997209199,138.236799997685,7738.043659043659
1782217391,2,,Aggregated,0.200000,0.000000,8,20,23,24,27,35,43,52,140,140,140,482,0,8,14.562328838242346,4.270899997209199,138.236799997685,7734.157676348547
1782217392,2,,Aggregated,0.200000,0.000000,8,20,23,24,27,35,43,52,140,140,140,482,0,8,14.562328838242346,4.270899997209199,138.236799997685,7734.157676348547
1782217393,2,,Aggregated,0.200000,0.000000,8,20,23,24,27,35,43,52,140,140,140,483,0,8,14.546066459690609,4.270899997209199,138.236799997685,7730.287784679089
1782217394,2,,Aggregated,0.200000,0.000000,8,20,23,24,27,35,43,52,140,140,140,483,0,8,14.546066459690609,4.270899997209199,138.236799997685,7730.287784679089
1782217395,2,,Aggregated,0.200000,0.000000,8,20,23,24,27,35,43,52,140,140,140,483,0,8,14.546066459690609,4.270899997209199,138.236799997685,7730.287784679089
1782217396,2,,Aggregated,0.300000,0.000000,8,20,23,24,27,35,43,52,140,140,140,484,0,8,14.56335702485466,4.270899997209199,138.236799997685,7736.00826446281
1782217397,2,,Aggregated,0.300000,0.000000,8,20,23,24,27,35,43,52,140,140,140,484,0,8,14.56335702485466,4.270899997209199,138.236799997685,7736.00826446281
1782217398,2,,Aggregated,0.300000,0.000000,8,20,23,24,27,35,43,52,140,140,140,484,0,8,14.56335702485466,4.270899997209199,138.236799997685,7736.00826446281
1782217399,2,,Aggregated,0.300000,0.000000,8,20,23,24,27,35,43,52,140,140,140,485,0,8,14.548908247487601,4.270899997209199,138.236799997685,7732.150515463917
1782217400,2,,Aggregated,0.300000,0.000000,8,20,23,24,27,35,43,52,140,140,140,485,0,8,14.548908247487601,4.270899997209199,138.236799997685,7732.150515463917
1782217401,2,,Aggregated,0.300000,0.000000,8,20,23,24,29,35,43,52,140,140,140,486,0,8,14.57791728401842,4.270899997209199,138.236799997685,7737.843621399177
1782217402,2,,Aggregated,0.300000,0.000000,8,20,23,24,29,35,43,52,140,140,140,486,0,8,14.57791728401842,4.270899997209199,138.236799997685,7737.843621399177
1782217403,2,,Aggregated,0.300000,0.000000,8,20,23,24,29,35,43,52,140,140,140,486,0,8,14.57791728401842,4.270899997209199,138.236799997685,7737.843621399177
1782217404,2,,Aggregated,0.400000,0.000000,8,20,23,24,29,35,43,52,140,140,140,487,0,8,14.58342443538547,4.270899997209199,138.236799997685,7743.513347022587
1782217405,2,,Aggregated,0.400000,0.000000,8,20,23,24,29,35,43,52,140,140,140,487,0,8,14.58342443538547,4.270899997209199,138.236799997685,7743.513347022587
1782217406,2,,Aggregated,0.300000,0.000000,8,20,23,24,29,35,43,52,140,140,140,488,0,8,14.565115573845343,4.270899997209199,138.236799997685,7738.069672131148
1782217407,2,,Aggregated,0.300000,0.000000,8,20,23,24,29,35,43,52,140,140,140,488,0,8,14.565115573845343,4.270899997209199,138.236799997685,7738.069672131148
1782217408,2,,Aggregated,0.300000,0.000000,8,20,23,24,29,35,43,52,140,140,140,488,0,8,14.565115573845343,4.270899997209199,138.236799997685,7738.069672131148
1782217409,2,,Aggregated,0.400000,0.000000,8,20,23,24,29,35,43,52,140,140,140,489,0,8,14.580283231156805,4.270899997209199,138.236799997685,7743.715746421268
1782217410,2,,Aggregated,0.400000,0.000000,8,20,23,24,29,35,43,52,140,140,140,489,0,8,14.580283231156805,4.270899997209199,138.236799997685,7743.715746421268
1782217411,2,,Aggregated,0.400000,0.000000,8,20,23,24,29,35,43,52,140,140,140,489,0,8,14.580283231156805,4.270899997209199,138.236799997685,7743.715746421268
1782217412,2,,Aggregated,0.400000,0.000000,8,20,23,24,29,35,43,52,140,140,140,489,0,8,14.580283231156805,4.270899997209199,138.236799997685,7743.715746421268
1782217413,2,,Aggregated,0.400000,0.000000,8,20,23,24,29,35,43,52,140,140,140,489,0,8,14.580283231156805,4.270899997209199,138.236799997685,7743.715746421268
1782217414,2,,Aggregated,0.400000,0.000000,8,20,23,24,29,35,43,52,140,140,140,489,0,8,14.580283231156805,4.270899997209199,138.236799997685,7743.715746421268
1782217415,2,,Aggregated,0.300000,0.000000,8,20,23,24,29,35,43,52,140,140,140,490,0,8,14.56356469395675,4.270899997209199,138.236799997685,7739.881632653061
1782217416,2,,Aggregated,0.300000,0.000000,8,20,23,24,27,35,43,52,140,140,140,491,0,8,14.545773319822267,4.270899997209199,138.236799997685,7736.063136456211
1782217417,2,,Aggregated,0.300000,0.000000,8,20,23,24,27,35,43,52,140,140,140,491,0,8,14.545773319822267,4.270899997209199,138.236799997685,7736.063136456211
1782217418,2,,Aggregated,0.300000,0.000000,8,20,23,24,27,35,43,52,140,140,140,491,0,8,14.545773319822267,4.270899997209199,138.236799997685,7736.063136456211
1782217419,2,,Aggregated,0.300000,0.000000,8,20,23,24,27,35,43,52,140,140,140,491,0,8,14.545773319822267,4.270899997209199,138.236799997685,7736.063136456211
1782217420,2,,Aggregated,0.300000,0.000000,8,20,23,24,27,35,43,52,140,140,140,491,0,8,14.545773319822267,4.270899997209199,138.236799997685,7736.063136456211
1782217421,2,,Aggregated,0.300000,0.000000,8,20,23,24,27,35,43,52,140,140,140,492,0,8,14.527528252103838,4.270899997209199,138.236799997685,7732.260162601626
1782217422,2,,Aggregated,0.200000,0.000000,8,20,23,24,27,35,43,52,140,140,140,493,0,8,14.508739959501234,4.270899997209199,138.236799997685,7726.894523326572
1782217423,2,,Aggregated,0.200000,0.000000,8,20,23,24,27,35,43,52,140,140,140,493,0,8,14.508739959501234,4.270899997209199,138.236799997685,7726.894523326572
1782217424,2,,Aggregated,0.200000,0.000000,8,20,23,24,27,35,43,52,140,140,140,493,0,8,14.508739959501234,4.270899997209199,138.236799997685,7726.894523326572
1782217425,2,,Aggregated,0.200000,0.000000,8,20,23,24,27,35,43,52,140,140,140,493,0,8,14.508739959501234,4.270899997209199,138.236799997685,7726.894523326572
1782217426,2,,Aggregated,0.400000,0.000000,8,20,23,24,27,35,43,52,140,140,140,495,0,8,14.532695353607943,4.270899997209199,138.236799997685,7738.094949494949
1782217427,2,,Aggregated,0.400000,0.000000,8,20,23,24,27,35,43,52,140,140,140,495,0,8,14.532695353607943,4.270899997209199,138.236799997685,7738.094949494949
1782217428,2,,Aggregated,0.400000,0.000000,8,20,23,24,27,35,43,52,140,140,140,495,0,8,14.532695353607943,4.270899997209199,138.236799997685,7738.094949494949
1782217429,2,,Aggregated,0.400000,0.000000,8,20,23,24,27,35,43,52,140,140,140,495,0,8,14.532695353607943,4.270899997209199,138.236799997685,7738.094949494949
1782217430,2,,Aggregated,0.400000,0.000000,8,20,23,24,27,35,43,52,140,140,140,495,0,8,14.532695353607943,4.270899997209199,138.236799997685,7738.094949494949
1782217431,2,,Aggregated,0.400000,0.000000,8,20,23,24,27,35,43,52,140,140,140,495,0,8,14.532695353607943,4.270899997209199,138.236799997685,7738.094949494949
1782217432,2,,Aggregated,0.400000,0.000000,8,20,23,24,27,35,43,52,140,140,140,495,0,8,14.532695353607943,4.270899997209199,138.236799997685,7738.094949494949
1782217433,2,,Aggregated,0.400000,0.000000,8,20,23,24,27,35,43,52,140,140,140,495,0,8,14.532695353607943,4.270899997209199,138.236799997685,7738.094949494949
1782217434,2,,Aggregated,0.300000,0.000000,8,20,23,24,27,35,43,52,140,140,140,496,0,8,14.552739112977795,4.270899997209199,138.236799997685,7743.6612903225805
1782217435,2,,Aggregated,0.200000,0.000000,8,20,23,24,27,35,43,52,140,140,140,497,0,8,14.53625653930778,4.270899997209199,138.236799997685,7738.315895372233
1782217436,2,,Aggregated,0.200000,0.000000,8,20,23,24,27,35,43,52,140,140,140,497,0,8,14.53625653930778,4.270899997209199,138.236799997685,7738.315895372233
1782217437,2,,Aggregated,0.200000,0.000000,8,20,23,24,27,35,43,52,140,140,140,497,0,8,14.53625653930778,4.270899997209199,138.236799997685,7738.315895372233
1782217438,2,,Aggregated,0.200000,0.000000,8,20,23,24,27,35,43,52,140,140,140,497,0,8,14.53625653930778,4.270899997209199,138.236799997685,7738.315895372233
1782217439,2,,Aggregated,0.200000,0.000000,8,20,23,24,27,35,43,52,140,140,140,497,0,8,14.53625653930778,4.270899997209199,138.236799997685,7738.315895372233
1782217440,2,,Aggregated,0.200000,0.000000,8,20,23,24,27,35,43,52,140,140,140,498,0,8,14.521565060325278,4.270899997209199,138.236799997685,7732.991967871486
1782217441,2,,Aggregated,0.200000,0.000000,8,20,23,24,29,35,43,52,140,140,140,499,0,8,14.57306553114146,4.270899997209199,138.236799997685,7738.53507014028
1782217442,2,,Aggregated,0.200000,0.000000,8,20,23,24,29,35,43,52,140,140,140,499,0,8,14.57306553114146,4.270899997209199,138.236799997685,7738.53507014028
1782217443,2,,Aggregated,0.200000,0.000000,8,20,23,24,29,35,43,52,140,140,140,499,0,8,14.57306553114146,4.270899997209199,138.236799997685,7738.53507014028
1782217444,2,,Aggregated,0.200000,0.000000,8,20,23,24,29,35,43,52,140,140,140,499,0,8,14.57306553114146,4.270899997209199,138.236799997685,7738.53507014028
1782217445,2,,Aggregated,0.200000,0.000000,8,20,23,24,29,35,43,52,140,140,140,499,0,8,14.57306553114146,4.270899997209199,138.236799997685,7738.53507014028
1782217446,2,,Aggregated,0.200000,0.000000,8,20,23,24,29,35,43,52,140,140,140,499,0,8,14.57306553114146,4.270899997209199,138.236799997685,7738.53507014028
1782217447,2,,Aggregated,0.200000,0.000000,8,20,23,24,29,35,43,52,140,140,140,499,0,8,14.57306553114146,4.270899997209199,138.236799997685,7738.53507014028
1782217448,2,,Aggregated,0.200000,0.000000,8,20,23,24,29,35,43,52,140,140,140,499,0,8,14.57306553114146,4.270899997209199,138.236799997685,7738.53507014028
1782217449,2,,Aggregated,0.200000,0.000000,8,21,23,24,29,35,43,52,140,140,140,500,0,8,14.596383200070704,4.270899997209199,138.236799997685,7744.056
1782217450,2,,Aggregated,0.200000,0.000000,8,21,23,24,29,35,43,52,140,140,140,500,0,8,14.596383200070704,4.270899997209199,138.236799997685,7744.056
1782217451,2,,Aggregated,0.300000,0.000000,8,21,23,24,27,35,42,49,140,140,140,501,0,8,14.613528542984843,4.270899997209199,138.236799997685,7749.554890219561
1782217452,2,,Aggregated,0.300000,0.000000,8,21,23,24,27,35,42,49,140,140,140,501,0,8,14.613528542984843,4.270899997209199,138.236799997685,7749.554890219561
1782217453,2,,Aggregated,0.300000,0.000000,8,21,23,24,27,35,42,49,140,140,140,501,0,8,14.613528542984843,4.270899997209199,138.236799997685,7749.554890219561
1782217454,2,,Aggregated,0.200000,0.000000,8,21,23,24,27,35,42,49,140,140,140,502,0,8,14.600683466209107,4.270899997209199,138.236799997685,7745.800796812749
1782217455,2,,Aggregated,0.200000,0.000000,8,20,23,24,27,35,42,49,140,140,140,503,0,8,14.584686282380376,4.270899997209199,138.236799997685,7742.061630218688
1782217456,2,,Aggregated,0.200000,0.000000,8,20,23,24,27,35,42,49,140,140,140,503,0,8,14.584686282380376,4.270899997209199,138.236799997685,7742.061630218688
1782217457,2,,Aggregated,0.200000,0.000000,8,20,23,24,27,35,42,49,140,140,140,503,0,8,14.584686282380376,4.270899997209199,138.236799997685,7742.061630218688
1782217458,2,,Aggregated,0.200000,0.000000,8,20,23,24,27,35,42,49,140,140,140,503,0,8,14.584686282380376,4.270899997209199,138.236799997685,7742.061630218688
1782217459,2,,Aggregated,0.400000,0.000000,8,21,23,24,29,35,42,49,140,140,140,504,0,8,14.62224543658002,4.270899997209199,138.236799997685,7747.5317460317465
1782217460,2,,Aggregated,0.400000,0.000000,8,21,23,24,29,35,42,49,140,140,140,505,0,8,14.6151497030497,4.270899997209199,138.236799997685,7752.980198019802
1782217461,2,,Aggregated,0.400000,0.000000,8,21,23,24,29,35,42,49,140,140,140,505,0,8,14.6151497030497,4.270899997209199,138.236799997685,7752.980198019802
1782217462,2,,Aggregated,0.400000,0.000000,8,21,23,24,29,35,42,49,140,140,140,505,0,8,14.6151497030497,4.270899997209199,138.236799997685,7752.980198019802
1782217463,2,,Aggregated,0.500000,0.000000,8,20,23,24,29,35,42,49,140,140,140,506,0,8,14.600654150278924,4.270899997209199,138.236799997685,7747.711462450593
1782217464,2,,Aggregated,0.500000,0.000000,8,20,23,24,29,35,42,49,140,140,140,506,0,8,14.600654150278924,4.270899997209199,138.236799997685,7747.711462450593
1782217465,2,,Aggregated,0.400000,0.000000,8,21,23,24,29,35,42,49,140,140,140,507,0,8,14.617455226898008,4.270899997209199,138.236799997685,7753.138067061144
1782217466,2,,Aggregated,0.400000,0.000000,8,21,23,24,29,35,42,49,140,140,140,507,0,8,14.617455226898008,4.270899997209199,138.236799997685,7753.138067061144
1782217467,2,,Aggregated,0.400000,0.000000,8,21,23,24,29,35,42,49,140,140,140,507,0,8,14.617455226898008,4.270899997209199,138.236799997685,7753.138067061144
1782217468,2,,Aggregated,0.400000,0.000000,8,21,23,24,29,35,42,49,140,140,140,507,0,8,14.617455226898008,4.270899997209199,138.236799997685,7753.138067061144
1782217469,2,,Aggregated,0.400000,0.000000,8,21,23,24,29,35,42,49,140,140,140,508,0,8,14.60543267723809,4.270899997209199,138.236799997685,7749.421259842519
1782217470,2,,Aggregated,0.400000,0.000000,8,21,23,24,29,35,42,49,140,140,140,509,0,8,14.640737328169367,4.270899997209199,138.236799997685,7754.823182711199
1782217471,2,,Aggregated,0.400000,0.000000,8,21,23,24,29,35,42,49,140,140,140,509,0,8,14.640737328169367,4.270899997209199,138.236799997685,7754.823182711199
1782217472,2,,Aggregated,0.400000,0.000000,8,21,23,24,29,35,42,49,140,140,140,509,0,8,14.640737328169367,4.270899997209199,138.236799997685,7754.823182711199
1782217473,2,,Aggregated,0.400000,0.000000,8,21,23,24,29,35,42,49,140,140,140,509,0,8,14.640737328169367,4.270899997209199,138.236799997685,7754.823182711199
1782217474,2,,Aggregated,0.400000,0.000000,8,21,23,24,29,35,42,49,140,140,140,509,0,8,14.640737328169367,4.270899997209199,138.236799997685,7754.823182711199
1782217475,2,,Aggregated,0.400000,0.000000,8,21,23,24,29,35,42,49,140,140,140,510,0,8,14.624087647126883,4.270899997209199,138.236799997685,7751.117647058823
1782217476,2,,Aggregated,0.400000,0.000000,8,21,23,24,29,35,42,49,140,140,140,510,0,8,14.624087647126883,4.270899997209199,138.236799997685,7751.117647058823
1782217477,2,,Aggregated,0.400000,0.000000,8,21,23,24,29,35,42,49,140,140,140,510,0,8,14.624087647126883,4.270899997209199,138.236799997685,7751.117647058823
1782217478,2,,Aggregated,0.400000,0.000000,8,21,23,24,29,35,42,49,140,140,140,510,0,8,14.624087647126883,4.270899997209199,138.236799997685,7751.117647058823
1782217479,2,,Aggregated,0.300000,0.000000,8,21,23,24,29,35,42,49,140,140,140,511,0,8,14.648284735873437,4.270899997209199,138.236799997685,7756.495107632094
1782217480,2,,Aggregated,0.300000,0.000000,8,21,23,24,29,35,42,49,140,140,140,511,0,8,14.648284735873437,4.270899997209199,138.236799997685,7756.495107632094
1782217481,2,,Aggregated,0.300000,0.000000,8,21,23,24,29,35,42,49,140,140,140,511,0,8,14.648284735873437,4.270899997209199,138.236799997685,7756.495107632094
1782217483,2,,Aggregated,0.300000,0.000000,8,21,23,24,29,35,42,49,140,140,140,512,0,8,14.68273535162723,4.270899997209199,138.236799997685,7761.8515625
1782217484,2,,Aggregated,0.300000,0.000000,8,21,23,24,29,35,42,49,140,140,140,512,0,8,14.68273535162723,4.270899997209199,138.236799997685,7761.8515625
1782217485,2,,Aggregated,0.300000,0.000000,8,21,23,24,29,35,42,49,140,140,140,512,0,8,14.68273535162723,4.270899997209199,138.236799997685,7761.8515625
1782217486,2,,Aggregated,0.300000,0.000000,8,21,23,24,29,35,42,49,140,140,140,512,0,8,14.68273535162723,4.270899997209199,138.236799997685,7761.8515625
1782217487,2,,Aggregated,0.300000,0.000000,8,21,23,24,29,35,42,49,140,140,140,512,0,8,14.68273535162723,4.270899997209199,138.236799997685,7761.8515625
1782217488,2,,Aggregated,0.300000,0.000000,8,21,23,24,29,35,42,49,140,140,140,512,0,8,14.68273535162723,4.270899997209199,138.236799997685,7761.8515625
1782217489,2,,Aggregated,0.300000,0.000000,8,21,23,24,29,35,42,49,140,140,140,512,0,8,14.68273535162723,4.270899997209199,138.236799997685,7761.8515625
1782217490,2,,Aggregated,0.200000,0.000000,8,21,23,24,29,35,42,49,140,140,140,513,0,8,14.666743274921888,4.270899997209199,138.236799997685,7758.153996101364
1782217491,2,,Aggregated,0.200000,0.000000,8,21,23,24,29,35,42,49,140,140,140,513,0,8,14.666743274921888,4.270899997209199,138.236799997685,7758.153996101364
1782217492,2,,Aggregated,0.200000,0.000000,8,21,23,24,29,35,42,49,140,140,140,515,0,8,14.65877708744425,4.270899997209199,138.236799997685,7766.205825242719
1782217493,2,,Aggregated,0.200000,0.000000,8,21,23,24,29,35,42,49,140,140,140,515,0,8,14.65877708744425,4.270899997209199,138.236799997685,7766.205825242719
1782217494,2,,Aggregated,0.200000,0.000000,8,21,23,24,29,35,42,49,140,140,140,515,0,8,14.65877708744425,4.270899997209199,138.236799997685,7766.205825242719
1782217495,2,,Aggregated,0.200000,0.000000,8,21,23,24,29,35,42,49,140,140,140,515,0,8,14.65877708744425,4.270899997209199,138.236799997685,7766.205825242719
1782217496,2,,Aggregated,0.200000,0.000000,8,21,23,24,29,35,42,49,140,140,140,515,0,8,14.65877708744425,4.270899997209199,138.236799997685,7766.205825242719
1782217497,2,,Aggregated,0.200000,0.000000,8,21,23,24,29,35,42,49,140,140,140,515,0,8,14.65877708744425,4.270899997209199,138.236799997685,7766.205825242719
1782217498,2,,Aggregated,0.300000,0.000000,8,21,23,24,29,35,42,49,140,140,140,516,0,8,14.642966085333217,4.270899997209199,138.236799997685,7762.521317829457
1782217499,2,,Aggregated,0.300000,0.000000,8,21,23,24,29,35,42,49,140,140,140,516,0,8,14.642966085333217,4.270899997209199,138.236799997685,7762.521317829457
1782217500,2,,Aggregated,0.300000,0.000000,8,21,23,24,29,35,42,49,140,140,140,517,0,8,14.678574081301907,4.270899997209199,138.236799997685,7767.814313346228
1782217501,2,,Aggregated,0.300000,0.000000,8,21,23,24,29,35,42,49,140,140,140,517,0,8,14.678574081301907,4.270899997209199,138.236799997685,7767.814313346228
1782217502,2,,Aggregated,0.300000,0.000000,8,21,23,24,29,35,42,49,140,140,140,517,0,8,14.678574081301907,4.270899997209199,138.236799997685,7767.814313346228
1782217503,2,,Aggregated,0.300000,0.000000,8,21,23,24,29,35,42,49,140,140,140,517,0,8,14.678574081301907,4.270899997209199,138.236799997685,7767.814313346228
1782217504,2,,Aggregated,0.300000,0.000000,8,21,23,24,29,35,42,49,140,140,140,517,0,8,14.678574081301907,4.270899997209199,138.236799997685,7767.814313346228
1782217505,2,,Aggregated,0.200000,0.000000,8,21,23,24,29,35,42,49,140,140,140,518,0,8,14.718040540595503,4.270899997209199,138.236799997685,7773.086872586872
1782217506,2,,Aggregated,0.200000,0.000000,8,21,23,24,29,35,42,49,140,140,140,518,0,8,14.718040540595503,4.270899997209199,138.236799997685,7773.086872586872
1782217507,2,,Aggregated,0.200000,0.000000,8,21,23,24,29,35,42,49,140,140,140,519,0,8,14.704762427798569,4.270899997209199,138.236799997685,7767.911368015414
1782217508,2,,Aggregated,0.200000,0.000000,8,21,23,24,29,35,42,49,140,140,140,519,0,8,14.704762427798569,4.270899997209199,138.236799997685,7767.911368015414
1782217509,2,,Aggregated,0.200000,0.000000,8,21,23,24,29,35,42,49,140,140,140,519,0,8,14.704762427798569,4.270899997209199,138.236799997685,7767.911368015414
1782217510,2,,Aggregated,0.200000,0.000000,8,21,23,24,29,35,42,49,140,140,140,519,0,8,14.704762427798569,4.270899997209199,138.236799997685,7767.911368015414
1782217511,2,,Aggregated,0.200000,0.000000,8,21,23,24,29,35,42,49,140,140,140,519,0,8,14.704762427798569,4.270899997209199,138.236799997685,7767.911368015414
1782217512,2,,Aggregated,0.200000,0.000000,8,21,23,24,29,35,42,49,140,140,140,520,0,8,14.72302673082595,4.270899997209199,138.236799997685,7773.163461538462
1782217513,2,,Aggregated,0.200000,0.000000,8,21,23,24,29,35,42,49,140,140,140,520,0,8,14.72302673082595,4.270899997209199,138.236799997685,7773.163461538462
1782217514,2,,Aggregated,0.200000,0.000000,8,21,23,24,29,35,42,49,140,140,140,520,0,8,14.72302673082595,4.270899997209199,138.236799997685,7773.163461538462
1782217515,2,,Aggregated,0.200000,0.000000,8,21,23,24,29,35,42,49,140,140,140,520,0,8,14.72302673082595,4.270899997209199,138.236799997685,7773.163461538462
1782217516,2,,Aggregated,0.300000,0.000000,8,21,23,24,29,35,42,49,140,140,140,521,0,8,14.707657197752772,4.270899997209199,138.236799997685,7769.5009596928985
1782217517,2,,Aggregated,0.300000,0.000000,8,21,23,24,29,35,42,49,140,140,140,521,0,8,14.707657197752772,4.270899997209199,138.236799997685,7769.5009596928985
1782217518,2,,Aggregated,0.200000,0.000000,8,21,23,24,29,35,42,49,140,140,140,522,0,8,14.726671072853135,4.270899997209199,138.236799997685,7774.729885057472
1782217519,2,,Aggregated,0.200000,0.000000,8,21,23,24,29,35,42,49,140,140,140,522,0,8,14.726671072853135,4.270899997209199,138.236799997685,7774.729885057472
1782217520,2,,Aggregated,0.200000,0.000000,8,21,23,24,29,35,42,49,140,140,140,522,0,8,14.726671072853135,4.270899997209199,138.236799997685,7774.729885057472
1782217521,2,,Aggregated,0.200000,0.000000,8,21,23,24,29,35,42,49,140,140,140,522,0,8,14.726671072853135,4.270899997209199,138.236799997685,7774.729885057472
1782217522,2,,Aggregated,0.200000,0.000000,8,21,23,24,29,35,42,49,140,140,140,522,0,8,14.726671072853135,4.270899997209199,138.236799997685,7774.729885057472
1782217523,2,,Aggregated,0.200000,0.000000,8,21,23,24,29,35,42,49,140,140,140,522,0,8,14.726671072853135,4.270899997209199,138.236799997685,7774.729885057472
1782217524,2,,Aggregated,0.200000,0.000000,8,21,23,24,29,35,42,49,140,140,140,522,0,8,14.726671072853135,4.270899997209199,138.236799997685,7774.729885057472
1782217525,2,,Aggregated,0.200000,0.000000,8,21,23,24,29,35,42,49,140,140,140,523,0,8,14.71078164441621,4.270899997209199,138.236799997685,7771.078393881453
1782217526,2,,Aggregated,0.200000,0.000000,8,21,23,24,29,35,42,49,140,140,140,524,0,8,14.695423664181904,4.270899997209199,138.236799997685,7765.956106870229
1782217527,2,,Aggregated,0.200000,0.000000,8,21,23,24,29,35,42,49,140,140,140,524,0,8,14.695423664181904,4.270899997209199,138.236799997685,7765.956106870229
1782217528,2,,Aggregated,0.200000,0.000000,8,21,23,24,29,35,42,49,140,140,140,524,0,8,14.695423664181904,4.270899997209199,138.236799997685,7765.956106870229
1782217529,2,,Aggregated,0.300000,0.000000,8,21,23,24,29,35,42,49,140,140,140,525,0,8,14.67958933338412,4.270899997209199,138.236799997685,7762.335238095238
1782217530,2,,Aggregated,0.300000,0.000000,8,21,23,24,29,35,42,49,140,140,140,525,0,8,14.67958933338412,4.270899997209199,138.236799997685,7762.335238095238
1782217531,2,,Aggregated,0.200000,0.000000,8,21,23,24,29,35,42,49,140,140,140,526,0,8,14.691577946819,4.270899997209199,138.236799997685,7767.538022813688
1782217532,2,,Aggregated,0.200000,0.000000,8,21,23,24,29,35,42,49,140,140,140,526,0,8,14.691577946819,4.270899997209199,138.236799997685,7767.538022813688
1782217533,2,,Aggregated,0.200000,0.000000,8,21,23,24,29,35,42,49,140,140,140,526,0,8,14.691577946819,4.270899997209199,138.236799997685,7767.538022813688
1782217534,2,,Aggregated,0.200000,0.000000,8,21,23,24,29,35,42,49,140,140,140,526,0,8,14.691577946819,4.270899997209199,138.236799997685,7767.538022813688
1782217535,2,,Aggregated,0.200000,0.000000,8,21,23,24,29,35,42,49,140,140,140,526,0,8,14.691577946819,4.270899997209199,138.236799997685,7767.538022813688
1782217536,2,,Aggregated,0.400000,0.000000,8,21,23,24,29,35,42,49,140,140,140,527,0,8,14.67650284634961,4.270899997209199,138.236799997685,7763.9278937381405
1782217537,2,,Aggregated,0.400000,0.000000,8,21,23,24,29,35,42,49,140,140,140,527,0,8,14.67650284634961,4.270899997209199,138.236799997685,7763.9278937381405
1782217538,2,,Aggregated,0.400000,0.000000,8,21,23,24,29,35,42,49,140,140,140,528,0,8,14.661897916718743,4.270899997209199,138.236799997685,7760.331439393939
1782217539,2,,Aggregated,0.400000,0.000000,8,21,23,24,29,35,42,49,140,140,140,528,0,8,14.661897916718743,4.270899997209199,138.236799997685,7760.331439393939
1782217540,2,,Aggregated,0.400000,0.000000,8,21,23,24,29,35,42,49,140,140,140,529,0,8,14.648132325197498,4.270899997209199,138.236799997685,7755.277882797732
1782217541,2,,Aggregated,0.400000,0.000000,8,21,23,24,29,35,42,49,140,140,140,529,0,8,14.648132325197498,4.270899997209199,138.236799997685,7755.277882797732
1782217542,2,,Aggregated,0.400000,0.000000,8,21,23,24,29,35,42,49,140,140,140,529,0,8,14.648132325197498,4.270899997209199,138.236799997685,7755.277882797732
1782217543,2,,Aggregated,0.400000,0.000000,8,21,23,24,29,35,42,49,140,140,140,529,0,8,14.648132325197498,4.270899997209199,138.236799997685,7755.277882797732
1782217544,2,,Aggregated,0.300000,0.000000,8,21,23,24,29,35,42,49,140,140,140,530,0,8,14.66364245287929,4.270899997209199,138.236799997685,7760.454716981132
1782217545,2,,Aggregated,0.300000,0.000000,8,21,23,24,29,35,43,52,140,140,140,532,0,8,14.730255075245028,4.270899997209199,138.236799997685,7768.2406015037595
1782217546,2,,Aggregated,0.300000,0.000000,8,21,23,24,29,35,43,52,140,140,140,532,0,8,14.730255075245028,4.270899997209199,138.236799997685,7768.2406015037595
1782217547,2,,Aggregated,0.300000,0.000000,8,21,23,24,29,35,43,52,140,140,140,532,0,8,14.730255075245028,4.270899997209199,138.236799997685,7768.2406015037595
1782217548,2,,Aggregated,0.300000,0.000000,8,21,23,24,29,35,43,52,140,140,140,532,0,8,14.730255075245028,4.270899997209199,138.236799997685,7768.2406015037595
1782217549,2,,Aggregated,0.300000,0.000000,8,21,23,24,29,35,43,52,140,140,140,532,0,8,14.730255075245028,4.270899997209199,138.236799997685,7768.2406015037595
1782217550,2,,Aggregated,0.300000,0.000000,8,21,23,24,29,35,43,52,140,140,140,532,0,8,14.730255075245028,4.270899997209199,138.236799997685,7768.2406015037595
1782217551,2,,Aggregated,0.400000,0.000000,8,21,23,24,29,35,43,52,140,140,140,533,0,8,14.74864465295574,4.270899997209199,138.236799997685,7773.363977485928
1782217552,2,,Aggregated,0.400000,0.000000,8,21,23,24,29,35,43,52,140,140,140,533,0,8,14.74864465295574,4.270899997209199,138.236799997685,7773.363977485928
1782217553,2,,Aggregated,0.400000,0.000000,8,21,23,24,29,35,43,52,140,140,140,533,0,8,14.74864465295574,4.270899997209199,138.236799997685,7773.363977485928
1782217554,2,,Aggregated,0.400000,0.000000,8,21,23,24,29,35,43,52,140,140,140,534,0,8,14.732262359607562,4.270899997209199,138.236799997685,7769.790262172284
1782217555,2,,Aggregated,0.400000,0.000000,8,21,23,24,29,35,43,52,140,140,140,534,0,8,14.732262359607562,4.270899997209199,138.236799997685,7769.790262172284
1782217556,2,,Aggregated,0.400000,0.000000,8,21,23,24,29,35,43,52,140,140,140,534,0,8,14.732262359607562,4.270899997209199,138.236799997685,7769.790262172284
1782217557,2,,Aggregated,0.200000,0.000000,8,21,23,24,29,35,43,52,140,140,140,535,0,8,14.746185607536887,4.270899997209199,138.236799997685,7774.891588785047
1782217558,2,,Aggregated,0.200000,0.000000,8,21,23,24,29,35,43,52,140,140,140,535,0,8,14.746185607536887,4.270899997209199,138.236799997685,7774.891588785047
1782217559,2,,Aggregated,0.200000,0.000000,8,21,23,24,29,35,43,52,140,140,140,535,0,8,14.746185607536887,4.270899997209199,138.236799997685,7774.891588785047
1782217560,2,,Aggregated,0.200000,0.000000,8,21,23,24,29,35,43,52,140,140,140,535,0,8,14.746185607536887,4.270899997209199,138.236799997685,7774.891588785047
1782217561,2,,Aggregated,0.200000,0.000000,8,21,23,24,29,35,43,52,140,140,140,535,0,8,14.746185607536887,4.270899997209199,138.236799997685,7774.891588785047
1782217562,2,,Aggregated,0.300000,0.000000,8,21,23,24,29,35,43,52,140,140,140,536,0,8,14.761601865730107,4.270899997209199,138.236799997685,7779.973880597015
1782217563,2,,Aggregated,0.300000,0.000000,8,21,23,24,29,35,43,52,140,140,140,536,0,8,14.761601865730107,4.270899997209199,138.236799997685,7779.973880597015
1782217564,2,,Aggregated,0.200000,0.000000,8,21,23,24,29,35,43,52,140,140,140,537,0,8,14.745309311035154,4.270899997209199,138.236799997685,7776.407821229051
1782217565,2,,Aggregated,0.200000,0.000000,8,21,23,24,29,35,43,52,140,140,140,537,0,8,14.745309311035154,4.270899997209199,138.236799997685,7776.407821229051
1782217566,2,,Aggregated,0.200000,0.000000,8,21,23,24,29,35,43,52,140,140,140,537,0,8,14.745309311035154,4.270899997209199,138.236799997685,7776.407821229051
1782217567,2,,Aggregated,0.200000,0.000000,8,21,23,24,29,35,43,52,140,140,140,537,0,8,14.745309311035154,4.270899997209199,138.236799997685,7776.407821229051
1782217568,2,,Aggregated,0.300000,0.000000,8,21,23,24,29,35,43,52,140,140,140,538,0,8,14.757927881089515,4.270899997209199,138.236799997685,7781.468401486989
1782217569,2,,Aggregated,0.300000,0.000000,8,21,23,24,29,35,43,52,140,140,140,538,0,8,14.757927881089515,4.270899997209199,138.236799997685,7781.468401486989
1782217570,2,,Aggregated,0.300000,0.000000,8,21,23,24,29,35,43,52,140,140,140,538,0,8,14.757927881089515,4.270899997209199,138.236799997685,7781.468401486989
1782217571,2,,Aggregated,0.300000,0.000000,8,21,23,24,29,35,43,52,140,140,140,538,0,8,14.757927881089515,4.270899997209199,138.236799997685,7781.468401486989
1782217572,2,,Aggregated,0.300000,0.000000,8,21,23,24,29,35,43,52,140,140,140,538,0,8,14.757927881089515,4.270899997209199,138.236799997685,7781.468401486989
1782217573,2,,Aggregated,0.300000,0.000000,8,21,23,24,29,35,43,52,140,140,140,540,0,8,14.770428703748083,4.270899997209199,138.236799997685,7791.533333333334
1782217574,2,,Aggregated,0.300000,0.000000,8,21,23,24,29,35,43,52,140,140,140,540,0,8,14.770428703748083,4.270899997209199,138.236799997685,7791.533333333334
1782217575,2,,Aggregated,0.300000,0.000000,8,21,23,24,29,35,43,52,140,140,140,540,0,8,14.770428703748083,4.270899997209199,138.236799997685,7791.533333333334
1782217576,2,,Aggregated,0.300000,0.000000,8,21,23,24,29,35,43,52,140,140,140,540,0,8,14.770428703748083,4.270899997209199,138.236799997685,7791.533333333334
1782217577,2,,Aggregated,0.300000,0.000000,8,21,23,24,29,35,43,52,140,140,140,540,0,8,14.770428703748083,4.270899997209199,138.236799997685,7791.533333333334
1782217578,2,,Aggregated,0.300000,0.000000,8,21,23,24,29,35,43,52,140,140,140,542,0,8,14.757120479744554,4.270899997209199,138.236799997685,7799.060885608856
1782217579,2,,Aggregated,0.300000,0.000000,8,21,23,24,29,35,43,52,140,140,140,542,0,8,14.757120479744554,4.270899997209199,138.236799997685,7799.060885608856
1782217580,2,,Aggregated,0.200000,0.000000,8,21,23,24,29,35,43,52,140,140,140,543,0,8,14.740273112378214,4.270899997209199,138.236799997685,7794.066298342542
1782217581,2,,Aggregated,0.200000,0.000000,8,21,23,24,29,35,43,52,140,140,140,543,0,8,14.740273112378214,4.270899997209199,138.236799997685,7794.066298342542
1782217582,2,,Aggregated,0.200000,0.000000,8,21,23,24,29,35,43,52,140,140,140,543,0,8,14.740273112378214,4.270899997209199,138.236799997685,7794.066298342542
1782217583,2,,Aggregated,0.200000,0.000000,8,21,23,24,29,35,43,52,140,140,140,543,0,8,14.740273112378214,4.270899997209199,138.236799997685,7794.066298342542
1782217584,2,,Aggregated,0.200000,0.000000,8,21,23,24,29,35,43,52,140,140,140,543,0,8,14.740273112378214,4.270899997209199,138.236799997685,7794.066298342542
1782217585,2,,Aggregated,0.200000,0.000000,8,21,23,24,29,35,43,52,140,140,140,543,0,8,14.740273112378214,4.270899997209199,138.236799997685,7794.066298342542
1782217586,2,,Aggregated,0.300000,0.000000,8,21,23,24,29,35,43,52,140,140,140,544,0,8,14.725129595623965,4.270899997209199,138.236799997685,7789.090073529412
1782217587,2,,Aggregated,0.300000,0.000000,8,21,23,24,29,35,43,52,140,140,140,545,0,8,14.708060917466955,4.270899997209199,138.236799997685,7785.559633027523
1782217588,2,,Aggregated,0.300000,0.000000,8,21,23,24,29,35,43,52,140,140,140,545,0,8,14.708060917466955,4.270899997209199,138.236799997685,7785.559633027523
1782217589,2,,Aggregated,0.300000,0.000000,8,21,23,24,29,35,43,52,140,140,140,545,0,8,14.708060917466955,4.270899997209199,138.236799997685,7785.559633027523
1782217591,2,,Aggregated,0.300000,0.000000,8,21,23,24,29,35,43,52,140,140,140,545,0,8,14.708060917466955,4.270899997209199,138.236799997685,7785.559633027523
1782217592,2,,Aggregated,0.300000,0.000000,8,21,23,24,29,35,43,52,140,140,140,545,0,8,14.708060917466955,4.270899997209199,138.236799997685,7785.559633027523
1782217593,2,,Aggregated,0.300000,0.000000,8,21,23,24,29,35,43,52,140,140,140,545,0,8,14.708060917466955,4.270899997209199,138.236799997685,7785.559633027523
1782217594,2,,Aggregated,0.300000,0.000000,8,21,23,24,29,35,43,52,140,140,140,545,0,8,14.708060917466955,4.270899997209199,138.236799997685,7785.559633027523
1782217595,2,,Aggregated,0.300000,0.000000,8,21,23,24,29,35,43,52,140,140,140,545,0,8,14.708060917466955,4.270899997209199,138.236799997685,7785.559633027523
1782217596,2,,Aggregated,0.200000,0.000000,8,21,23,24,29,35,43,52,140,140,140,546,0,8,14.692818315050138,4.270899997209199,138.236799997685,7782.042124542125
1782217597,2,,Aggregated,0.200000,0.000000,8,21,23,24,29,35,43,52,140,140,140,547,0,8,14.675752102406747,4.270899997209199,138.236799997685,7777.115173674589
1782217598,2,,Aggregated,0.200000,0.000000,8,21,23,24,29,35,43,52,140,140,140,547,0,8,14.675752102406747,4.270899997209199,138.236799997685,7777.115173674589
1782217599,2,,Aggregated,0.200000,0.000000,8,21,23,24,29,35,43,52,140,140,140,547,0,8,14.675752102406747,4.270899997209199,138.236799997685,7777.115173674589
1782217600,2,,Aggregated,0.200000,0.000000,8,21,23,24,29,35,43,52,140,140,140,547,0,8,14.675752102406747,4.270899997209199,138.236799997685,7777.115173674589
1782217601,2,,Aggregated,0.200000,0.000000,8,21,23,24,29,35,43,52,140,140,140,547,0,8,14.675752102406747,4.270899997209199,138.236799997685,7777.115173674589
1782217602,2,,Aggregated,0.200000,0.000000,8,21,23,24,29,35,43,52,140,140,140,547,0,8,14.675752102406747,4.270899997209199,138.236799997685,7777.115173674589
1782217603,2,,Aggregated,0.200000,0.000000,8,21,23,24,29,35,43,52,140,140,140,547,0,8,14.675752102406747,4.270899997209199,138.236799997685,7777.115173674589
1782217604,2,,Aggregated,0.200000,0.000000,8,21,23,24,29,35,43,52,140,140,140,548,0,8,14.664947992723617,4.270899997209199,138.236799997685,7773.625912408759
1782217605,2,,Aggregated,0.200000,0.000000,8,21,23,24,29,35,43,52,140,140,140,548,0,8,14.664947992723617,4.270899997209199,138.236799997685,7773.625912408759
1782217606,2,,Aggregated,0.200000,0.000000,8,21,23,24,29,35,43,52,140,140,140,549,0,8,14.649307650285676,4.270899997209199,138.236799997685,7768.732240437159
1782217607,2,,Aggregated,0.200000,0.000000,8,21,23,24,29,35,43,52,140,140,140,549,0,8,14.649307650285676,4.270899997209199,138.236799997685,7768.732240437159
1782217608,2,,Aggregated,0.200000,0.000000,8,21,23,24,29,35,43,52,140,140,140,549,0,8,14.649307650285676,4.270899997209199,138.236799997685,7768.732240437159
1782217609,2,,Aggregated,0.200000,0.000000,8,21,23,24,29,35,43,52,140,140,140,549,0,8,14.649307650285676,4.270899997209199,138.236799997685,7768.732240437159
1782217610,2,,Aggregated,0.200000,0.000000,8,21,23,24,29,35,43,52,140,140,140,549,0,8,14.649307650285676,4.270899997209199,138.236799997685,7768.732240437159
1782217611,2,,Aggregated,0.200000,0.000000,8,21,23,24,29,35,43,52,140,140,140,550,0,8,14.638936000013597,4.270899997209199,138.236799997685,7763.856363636363
1782217612,2,,Aggregated,0.200000,0.000000,8,21,23,24,29,35,42,52,140,140,140,551,0,8,14.683056079859451,4.270899997209199,138.236799997685,7768.820326678766
1782217613,2,,Aggregated,0.200000,0.000000,8,21,23,24,29,35,42,52,140,140,140,551,0,8,14.683056079859451,4.270899997209199,138.236799997685,7768.820326678766
1782217614,2,,Aggregated,0.200000,0.000000,8,21,23,24,29,35,42,52,140,140,140,551,0,8,14.683056079859451,4.270899997209199,138.236799997685,7768.820326678766
1782217615,2,,Aggregated,0.200000,0.000000,8,21,23,24,29,35,42,52,140,140,140,551,0,8,14.683056079859451,4.270899997209199,138.236799997685,7768.820326678766
1782217616,2,,Aggregated,0.400000,0.000000,8,21,23,24,29,35,42,52,140,140,140,552,0,8,14.679682971027564,4.270899997209199,138.236799997685,7773.766304347826
1782217617,2,,Aggregated,0.400000,0.000000,8,21,23,24,29,35,42,52,140,140,140,552,0,8,14.679682971027564,4.270899997209199,138.236799997685,7773.766304347826
1782217618,2,,Aggregated,0.400000,0.000000,8,21,23,24,29,35,42,52,140,140,140,552,0,8,14.679682971027564,4.270899997209199,138.236799997685,7773.766304347826
1782217619,2,,Aggregated,0.400000,0.000000,8,21,23,24,29,35,42,52,140,140,140,552,0,8,14.679682971027564,4.270899997209199,138.236799997685,7773.766304347826
1782217620,2,,Aggregated,0.400000,0.000000,8,21,23,24,29,35,42,52,140,140,140,552,0,8,14.679682971027564,4.270899997209199,138.236799997685,7773.766304347826
1782217621,2,,Aggregated,0.300000,0.000000,8,21,23,24,29,35,42,52,140,140,140,553,0,8,14.665308679938953,4.270899997209199,138.236799997685,7770.314647377939
1782217622,2,,Aggregated,0.300000,0.000000,8,21,23,24,29,35,42,52,140,140,140,553,0,8,14.665308679938953,4.270899997209199,138.236799997685,7770.314647377939
1782217623,2,,Aggregated,0.300000,0.000000,8,21,23,24,29,35,42,52,140,140,140,553,0,8,14.665308679938953,4.270899997209199,138.236799997685,7770.314647377939
1782217624,2,,Aggregated,0.400000,0.000000,8,21,23,24,29,35,42,52,140,140,140,554,0,8,14.652585018058863,4.270899997209199,138.236799997685,7766.875451263538
1782217625,2,,Aggregated,0.200000,0.000000,8,21,23,24,29,35,42,52,140,140,140,555,0,8,14.642096036045627,4.270899997209199,138.236799997685,7763.4486486486485
1782217626,2,,Aggregated,0.200000,0.000000,8,21,23,24,29,35,42,52,140,140,140,555,0,8,14.642096036045627,4.270899997209199,138.236799997685,7763.4486486486485
1782217627,2,,Aggregated,0.200000,0.000000,8,21,23,24,29,35,42,52,140,140,140,555,0,8,14.642096036045627,4.270899997209199,138.236799997685,7763.4486486486485
1782217628,2,,Aggregated,0.200000,0.000000,8,21,23,24,29,35,42,52,140,140,140,555,0,8,14.642096036045627,4.270899997209199,138.236799997685,7763.4486486486485
1782217629,2,,Aggregated,0.300000,0.000000,8,20,23,24,29,35,42,52,140,140,140,556,0,8,14.629707913679844,4.270899997209199,138.236799997685,7760.034172661871
1782217630,2,,Aggregated,0.300000,0.000000,8,20,23,24,29,35,42,52,140,140,140,556,0,8,14.629707913679844,4.270899997209199,138.236799997685,7760.034172661871
1782217631,2,,Aggregated,0.300000,0.000000,8,20,23,24,29,35,42,52,140,140,140,556,0,8,14.629707913679844,4.270899997209199,138.236799997685,7760.034172661871
1782217632,2,,Aggregated,0.300000,0.000000,8,20,23,24,29,35,42,52,140,140,140,556,0,8,14.629707913679844,4.270899997209199,138.236799997685,7760.034172661871
1782217633,2,,Aggregated,0.300000,0.000000,8,20,23,24,29,35,42,52,140,140,140,556,0,8,14.629707913679844,4.270899997209199,138.236799997685,7760.034172661871
1782217634,2,,Aggregated,0.300000,0.000000,8,20,23,24,29,35,42,52,140,140,140,557,0,8,14.613783482952387,4.270899997209199,138.236799997685,7756.631956912029
1782217635,2,,Aggregated,0.300000,0.000000,8,20,23,24,29,35,42,52,140,140,140,557,0,8,14.613783482952387,4.270899997209199,138.236799997685,7756.631956912029
1782217636,2,,Aggregated,0.300000,0.000000,8,20,23,24,29,35,42,52,140,140,140,557,0,8,14.613783482952387,4.270899997209199,138.236799997685,7756.631956912029
1782217637,2,,Aggregated,0.300000,0.000000,8,20,23,24,29,35,42,52,140,140,140,557,0,8,14.613783482952387,4.270899997209199,138.236799997685,7756.631956912029
1782217638,2,,Aggregated,0.300000,0.000000,8,20,23,24,29,35,42,52,140,140,140,557,0,8,14.613783482952387,4.270899997209199,138.236799997685,7756.631956912029
1782217639,2,,Aggregated,0.200000,0.000000,8,20,23,24,29,35,42,52,140,140,140,558,0,8,14.59793351255209,4.270899997209199,138.236799997685,7751.847670250896
1782217640,2,,Aggregated,0.200000,0.000000,8,20,23,24,29,35,42,52,140,140,140,558,0,8,14.59793351255209,4.270899997209199,138.236799997685,7751.847670250896
1782217641,2,,Aggregated,0.200000,0.000000,8,20,23,24,29,35,42,52,140,140,140,558,0,8,14.59793351255209,4.270899997209199,138.236799997685,7751.847670250896
1782217642,2,,Aggregated,0.200000,0.000000,8,20,23,24,29,35,42,52,140,140,140,558,0,8,14.59793351255209,4.270899997209199,138.236799997685,7751.847670250896
1782217643,2,,Aggregated,0.200000,0.000000,8,20,23,24,29,35,42,52,140,140,140,559,0,8,14.62058372094695,4.270899997209199,138.236799997685,7756.762075134168
1782217644,2,,Aggregated,0.200000,0.000000,8,20,23,24,29,35,42,52,140,140,140,559,0,8,14.62058372094695,4.270899997209199,138.236799997685,7756.762075134168
1782217645,2,,Aggregated,0.200000,0.000000,8,20,23,24,29,35,42,52,140,140,140,559,0,8,14.62058372094695,4.270899997209199,138.236799997685,7756.762075134168
1782217646,2,,Aggregated,0.300000,0.000000,8,20,23,24,29,35,42,52,140,140,140,560,0,8,14.605145357160966,4.270899997209199,138.236799997685,7753.383928571428
1782217647,2,,Aggregated,0.300000,0.000000,8,20,23,24,29,35,42,52,140,140,140,560,0,8,14.605145357160966,4.270899997209199,138.236799997685,7753.383928571428
1782217648,2,,Aggregated,0.300000,0.000000,8,20,23,24,29,35,42,52,140,140,140,560,0,8,14.605145357160966,4.270899997209199,138.236799997685,7753.383928571428
1782217649,2,,Aggregated,0.300000,0.000000,8,20,23,24,29,35,42,52,140,140,140,560,0,8,14.605145357160966,4.270899997209199,138.236799997685,7753.383928571428
1782217650,2,,Aggregated,0.300000,0.000000,8,20,23,24,29,35,42,52,140,140,140,560,0,8,14.605145357160966,4.270899997209199,138.236799997685,7753.383928571428
1782217651,2,,Aggregated,0.200000,0.000000,8,21,23,24,29,35,42,52,140,140,140,561,0,8,14.620576470597678,4.270899997209199,138.236799997685,7758.27807486631
1782217652,2,,Aggregated,0.200000,0.000000,8,20,23,24,29,35,42,52,140,140,140,562,0,8,14.62139395018273,4.270899997209199,138.236799997685,7763.154804270463
1782217653,2,,Aggregated,0.200000,0.000000,8,20,23,24,29,35,42,52,140,140,140,562,0,8,14.62139395018273,4.270899997209199,138.236799997685,7763.154804270463
1782217654,2,,Aggregated,0.200000,0.000000,8,20,23,24,29,35,42,52,140,140,140,562,0,8,14.62139395018273,4.270899997209199,138.236799997685,7763.154804270463
1782217655,2,,Aggregated,0.200000,0.000000,8,20,23,24,29,35,42,52,140,140,140,562,0,8,14.62139395018273,4.270899997209199,138.236799997685,7763.154804270463
1782217656,2,,Aggregated,0.200000,0.000000,8,20,23,24,29,35,42,52,140,140,140,562,0,8,14.62139395018273,4.270899997209199,138.236799997685,7763.154804270463
1782217657,2,,Aggregated,0.200000,0.000000,8,20,23,24,29,35,42,52,140,140,140,562,0,8,14.62139395018273,4.270899997209199,138.236799997685,7763.154804270463
1782217658,2,,Aggregated,0.200000,0.000000,8,20,23,24,29,35,42,52,140,140,140,562,0,8,14.62139395018273,4.270899997209199,138.236799997685,7763.154804270463
1782217659,2,,Aggregated,0.200000,0.000000,8,21,23,24,29,35,42,52,140,140,140,564,0,8,14.632709397171073,4.270899997209199,138.236799997685,7772.856382978724
1782217660,2,,Aggregated,0.200000,0.000000,8,21,23,24,29,35,42,52,140,140,140,564,0,8,14.632709397171073,4.270899997209199,138.236799997685,7772.856382978724
1782217661,2,,Aggregated,0.200000,0.000000,8,21,23,24,29,35,42,52,140,140,140,564,0,8,14.632709397171073,4.270899997209199,138.236799997685,7772.856382978724
1782217662,2,,Aggregated,0.200000,0.000000,8,21,23,24,29,35,42,52,140,140,140,564,0,8,14.632709397171073,4.270899997209199,138.236799997685,7772.856382978724
1782217663,2,,Aggregated,0.200000,0.000000,8,21,23,24,29,35,42,52,140,140,140,564,0,8,14.632709397171073,4.270899997209199,138.236799997685,7772.856382978724
1782217664,2,,Aggregated,0.200000,0.000000,8,21,23,24,29,35,42,52,140,140,140,564,0,8,14.632709397171073,4.270899997209199,138.236799997685,7772.856382978724
1782217665,2,,Aggregated,0.200000,0.000000,8,20,23,24,29,35,42,52,140,140,140,565,0,8,14.618738584075663,4.270899997209199,138.236799997685,7768.102654867256
1782217666,2,,Aggregated,0.200000,0.000000,8,20,23,24,29,35,42,52,140,140,140,566,0,8,14.607377915206907,4.270899997209199,138.236799997685,7763.365724381625
1782217667,2,,Aggregated,0.200000,0.000000,8,20,23,24,29,35,42,52,140,140,140,566,0,8,14.607377915206907,4.270899997209199,138.236799997685,7763.365724381625
1782217668,2,,Aggregated,0.200000,0.000000,8,20,23,24,29,35,42,52,140,140,140,566,0,8,14.607377915206907,4.270899997209199,138.236799997685,7763.365724381625
1782217669,2,,Aggregated,0.200000,0.000000,8,20,23,24,29,35,42,52,140,140,140,566,0,8,14.607377915206907,4.270899997209199,138.236799997685,7763.365724381625
1782217670,2,,Aggregated,0.400000,0.000000,8,20,23,24,29,35,42,52,140,140,140,567,0,8,14.59146384480865,4.270899997209199,138.236799997685,7758.645502645502
1782217671,2,,Aggregated,0.400000,0.000000,8,20,23,24,29,35,42,52,140,140,140,568,0,8,14.620070598603363,4.270899997209199,138.236799997685,7763.470070422535
1782217672,2,,Aggregated,0.400000,0.000000,8,20,23,24,29,35,42,52,140,140,140,568,0,8,14.620070598603363,4.270899997209199,138.236799997685,7763.470070422535
1782217673,2,,Aggregated,0.400000,0.000000,8,20,23,24,29,35,42,52,140,140,140,568,0,8,14.620070598603363,4.270899997209199,138.236799997685,7763.470070422535
1782217674,2,,Aggregated,0.400000,0.000000,8,20,23,24,29,35,42,52,140,140,140,568,0,8,14.620070598603363,4.270899997209199,138.236799997685,7763.470070422535
1782217675,2,,Aggregated,0.400000,0.000000,8,20,23,24,29,35,42,52,140,140,140,568,0,8,14.620070598603363,4.270899997209199,138.236799997685,7763.470070422535
1782217676,2,,Aggregated,0.400000,0.000000,8,21,23,24,29,35,42,52,140,140,140,569,0,8,14.662244639729018,4.270899997209199,138.236799997685,7768.277680140597
1782217677,2,,Aggregated,0.400000,0.000000,8,21,23,24,29,35,42,52,140,140,140,569,0,8,14.662244639729018,4.270899997209199,138.236799997685,7768.277680140597
1782217678,2,,Aggregated,0.400000,0.000000,8,21,23,24,29,35,42,52,140,140,140,569,0,8,14.662244639729018,4.270899997209199,138.236799997685,7768.277680140597
1782217679,2,,Aggregated,0.400000,0.000000,8,21,23,24,29,35,42,52,140,140,140,569,0,8,14.662244639729018,4.270899997209199,138.236799997685,7768.277680140597
1782217680,2,,Aggregated,0.300000,0.000000,8,21,23,24,29,35,42,52,140,140,140,570,0,8,14.647186140370506,4.270899997209199,138.236799997685,7764.938596491228
1782217681,2,,Aggregated,0.300000,0.000000,8,21,23,24,29,35,42,52,140,140,140,570,0,8,14.647186140370506,4.270899997209199,138.236799997685,7764.938596491228
1782217682,2,,Aggregated,0.300000,0.000000,8,21,23,24,29,35,42,52,140,140,140,570,0,8,14.647186140370506,4.270899997209199,138.236799997685,7764.938596491228
1782217683,2,,Aggregated,0.300000,0.000000,8,21,23,24,29,35,42,52,140,140,140,570,0,8,14.647186140370506,4.270899997209199,138.236799997685,7764.938596491228
1782217684,2,,Aggregated,0.200000,0.000000,8,20,23,24,29,35,42,52,140,140,140,571,0,8,14.631631173393869,4.270899997209199,138.236799997685,7760.248686514886
1782217685,2,,Aggregated,0.200000,0.000000,8,20,23,24,29,35,42,52,140,140,140,571,0,8,14.631631173393869,4.270899997209199,138.236799997685,7760.248686514886
1782217686,2,,Aggregated,0.200000,0.000000,8,20,23,24,29,35,42,52,140,140,140,571,0,8,14.631631173393869,4.270899997209199,138.236799997685,7760.248686514886
1782217687,2,,Aggregated,0.200000,0.000000,8,20,23,24,29,35,42,52,140,140,140,571,0,8,14.631631173393869,4.270899997209199,138.236799997685,7760.248686514886
1782217688,2,,Aggregated,0.200000,0.000000,8,20,23,24,29,35,42,52,140,140,140,571,0,8,14.631631173393869,4.270899997209199,138.236799997685,7760.248686514886
1782217689,2,,Aggregated,0.200000,0.000000,8,20,23,24,29,35,42,52,140,140,140,572,0,8,14.617624650362323,4.270899997209199,138.236799997685,7756.935314685315
1782217690,2,,Aggregated,0.200000,0.000000,8,20,23,24,29,35,42,52,140,140,140,572,0,8,14.617624650362323,4.270899997209199,138.236799997685,7756.935314685315
1782217691,2,,Aggregated,0.200000,0.000000,8,20,23,24,29,35,42,52,140,140,140,572,0,8,14.617624650362323,4.270899997209199,138.236799997685,7756.935314685315
1782217692,2,,Aggregated,0.200000,0.000000,8,20,23,24,29,35,42,52,140,140,140,572,0,8,14.617624650362323,4.270899997209199,138.236799997685,7756.935314685315
1782217693,2,,Aggregated,0.200000,0.000000,8,20,23,24,29,35,42,52,140,140,140,574,0,8,14.627054006978586,4.270899997209199,138.236799997685,7757.0609756097565
1782217694,2,,Aggregated,0.200000,0.000000,8,20,23,24,29,35,42,52,140,140,140,574,0,8,14.627054006978586,4.270899997209199,138.236799997685,7757.0609756097565
1782217695,2,,Aggregated,0.200000,0.000000,8,20,23,24,29,35,42,52,140,140,140,574,0,8,14.627054006978586,4.270899997209199,138.236799997685,7757.0609756097565
1782217696,2,,Aggregated,0.200000,0.000000,8,20,23,24,29,35,42,52,140,140,140,574,0,8,14.627054006978586,4.270899997209199,138.236799997685,7757.0609756097565
1782217697,2,,Aggregated,0.200000,0.000000,8,20,23,24,29,35,42,52,140,140,140,574,0,8,14.627054006978586,4.270899997209199,138.236799997685,7757.0609756097565
1782217698,2,,Aggregated,0.200000,0.000000,8,20,23,24,29,35,42,52,140,140,140,574,0,8,14.627054006978586,4.270899997209199,138.236799997685,7757.0609756097565
1782217699,2,,Aggregated,0.300000,0.000000,8,21,23,24,29,35,42,52,140,140,140,575,0,8,14.670348869580979,4.270899997209199,138.236799997685,7761.829565217391
1782217700,2,,Aggregated,0.300000,0.000000,8,21,23,24,29,35,42,52,140,140,140,575,0,8,14.670348869580979,4.270899997209199,138.236799997685,7761.829565217391
1782217701,2,,Aggregated,0.300000,0.000000,8,21,23,24,29,35,42,52,140,140,140,575,0,8,14.670348869580979,4.270899997209199,138.236799997685,7761.829565217391
1782217703,2,,Aggregated,0.300000,0.000000,8,21,23,24,29,35,42,52,140,140,140,575,0,8,14.670348869580979,4.270899997209199,138.236799997685,7761.829565217391
1782217704,2,,Aggregated,0.300000,0.000000,8,21,23,24,29,35,42,52,140,140,140,576,0,8,14.657950347226587,4.270899997209199,138.236799997685,7757.185763888889
1782217705,2,,Aggregated,0.300000,0.000000,8,21,23,24,29,35,42,52,140,140,140,576,0,8,14.657950347226587,4.270899997209199,138.236799997685,7757.185763888889
1782217706,2,,Aggregated,0.300000,0.000000,8,21,23,24,29,35,42,52,140,140,140,576,0,8,14.657950347226587,4.270899997209199,138.236799997685,7757.185763888889
1782217707,2,,Aggregated,0.300000,0.000000,8,21,23,24,29,35,42,52,140,140,140,576,0,8,14.657950347226587,4.270899997209199,138.236799997685,7757.185763888889
1782217708,2,,Aggregated,0.200000,0.000000,8,21,23,24,29,35,42,52,140,140,140,577,0,8,14.672139514736191,4.270899997209199,138.236799997685,7761.937608318891
1782217709,2,,Aggregated,0.200000,0.000000,8,21,23,24,29,35,42,52,140,140,140,577,0,8,14.672139514736191,4.270899997209199,138.236799997685,7761.937608318891
1782217710,2,,Aggregated,0.200000,0.000000,8,21,23,24,29,35,42,52,140,140,140,578,0,8,14.67217854672284,4.270899997209199,138.236799997685,7766.673010380623
1782217711,2,,Aggregated,0.200000,0.000000,8,21,23,24,29,35,42,52,140,140,140,578,0,8,14.67217854672284,4.270899997209199,138.236799997685,7766.673010380623
1782217712,2,,Aggregated,0.200000,0.000000,8,21,23,24,29,35,42,52,140,140,140,578,0,8,14.67217854672284,4.270899997209199,138.236799997685,7766.673010380623
1782217713,2,,Aggregated,0.200000,0.000000,8,21,23,24,29,35,42,52,140,140,140,578,0,8,14.67217854672284,4.270899997209199,138.236799997685,7766.673010380623
1782217714,2,,Aggregated,0.200000,0.000000,8,21,23,24,29,35,42,52,140,140,140,578,0,8,14.67217854672284,4.270899997209199,138.236799997685,7766.673010380623
1782217715,2,,Aggregated,0.200000,0.000000,8,21,23,24,29,35,42,52,140,140,140,578,0,8,14.67217854672284,4.270899997209199,138.236799997685,7766.673010380623
1782217716,2,,Aggregated,0.200000,0.000000,8,21,23,24,29,35,42,52,140,140,140,578,0,8,14.67217854672284,4.270899997209199,138.236799997685,7766.673010380623
1782217717,2,,Aggregated,0.200000,0.000000,8,21,23,24,29,35,42,52,140,140,140,580,0,8,14.68586448277949,4.270899997209199,138.236799997685,7768.105172413793
1782217718,2,,Aggregated,0.200000,0.000000,8,21,23,24,29,35,42,52,140,140,140,580,0,8,14.68586448277949,4.270899997209199,138.236799997685,7768.105172413793
1782217719,2,,Aggregated,0.200000,0.000000,8,21,23,24,29,35,42,52,140,140,140,580,0,8,14.68586448277949,4.270899997209199,138.236799997685,7768.105172413793
1782217720,2,,Aggregated,0.200000,0.000000,8,21,23,24,29,35,42,52,140,140,140,580,0,8,14.68586448277949,4.270899997209199,138.236799997685,7768.105172413793
1782217721,2,,Aggregated,0.400000,0.000000,8,21,23,24,29,35,42,52,140,140,140,581,0,8,14.671293975922227,4.270899997209199,138.236799997685,7763.490533562823
1782217722,2,,Aggregated,0.400000,0.000000,8,21,23,24,29,35,42,52,140,140,140,581,0,8,14.671293975922227,4.270899997209199,138.236799997685,7763.490533562823
1782217723,2,,Aggregated,0.400000,0.000000,8,21,23,24,29,35,42,52,140,140,140,581,0,8,14.671293975922227,4.270899997209199,138.236799997685,7763.490533562823
1782217724,2,,Aggregated,0.400000,0.000000,8,21,23,24,29,35,42,52,140,140,140,581,0,8,14.671293975922227,4.270899997209199,138.236799997685,7763.490533562823
1782217725,2,,Aggregated,0.300000,0.000000,8,21,23,24,29,35,42,52,140,140,140,582,0,8,14.656957903800091,4.270899997209199,138.236799997685,7758.8917525773195
1782217726,2,,Aggregated,0.300000,0.000000,8,20,23,24,29,35,42,52,140,140,140,583,0,8,14.643599313907353,4.270899997209199,138.236799997685,7755.643224699828
1782217727,2,,Aggregated,0.300000,0.000000,8,20,23,24,29,35,42,52,140,140,140,583,0,8,14.643599313907353,4.270899997209199,138.236799997685,7755.643224699828
1782217728,2,,Aggregated,0.300000,0.000000,8,20,23,24,29,35,42,52,140,140,140,583,0,8,14.643599313907353,4.270899997209199,138.236799997685,7755.643224699828
1782217729,2,,Aggregated,0.300000,0.000000,8,20,23,24,29,35,42,52,140,140,140,583,0,8,14.643599313907353,4.270899997209199,138.236799997685,7755.643224699828
1782217730,2,,Aggregated,0.300000,0.000000,8,20,23,24,29,35,42,52,140,140,140,584,0,8,14.630495034259795,4.270899997209199,138.236799997685,7751.073630136986
1782217731,2,,Aggregated,0.300000,0.000000,8,20,23,24,29,35,42,52,140,140,140,585,0,8,14.616621367540807,4.270899997209199,138.236799997685,7747.849572649573
1782217732,2,,Aggregated,0.300000,0.000000,8,20,23,24,29,35,42,52,140,140,140,585,0,8,14.616621367540807,4.270899997209199,138.236799997685,7747.849572649573
1782217733,2,,Aggregated,0.300000,0.000000,8,20,23,24,29,35,42,52,140,140,140,585,0,8,14.616621367540807,4.270899997209199,138.236799997685,7747.849572649573
1782217734,2,,Aggregated,0.300000,0.000000,8,20,23,24,29,35,42,52,140,140,140,585,0,8,14.616621367540807,4.270899997209199,138.236799997685,7747.849572649573
1782217735,2,,Aggregated,0.300000,0.000000,8,20,23,24,29,35,42,52,140,140,140,585,0,8,14.616621367540807,4.270899997209199,138.236799997685,7747.849572649573
1782217736,2,,Aggregated,0.300000,0.000000,8,20,23,24,29,35,42,52,140,140,140,585,0,8,14.616621367540807,4.270899997209199,138.236799997685,7747.849572649573
1782217737,2,,Aggregated,0.300000,0.000000,8,20,23,24,29,35,42,52,140,140,140,585,0,8,14.616621367540807,4.270899997209199,138.236799997685,7747.849572649573
1782217738,2,,Aggregated,0.300000,0.000000,8,20,23,24,29,35,42,52,140,140,140,587,0,8,14.617161328811218,4.270899997209199,138.236799997685,7748.003407155025
1782217739,2,,Aggregated,0.300000,0.000000,8,20,23,24,29,35,42,52,140,140,140,587,0,8,14.617161328811218,4.270899997209199,138.236799997685,7748.003407155025
1782217740,2,,Aggregated,0.300000,0.000000,8,20,23,24,29,35,42,52,140,140,140,587,0,8,14.617161328811218,4.270899997209199,138.236799997685,7748.003407155025
1782217741,2,,Aggregated,0.300000,0.000000,8,20,23,24,29,35,42,52,140,140,140,587,0,8,14.617161328811218,4.270899997209199,138.236799997685,7748.003407155025
1782217742,2,,Aggregated,0.300000,0.000000,8,20,23,24,29,35,42,52,140,140,140,587,0,8,14.617161328811218,4.270899997209199,138.236799997685,7748.003407155025
1782217743,2,,Aggregated,0.300000,0.000000,8,20,23,24,29,35,42,52,140,140,140,587,0,8,14.617161328811218,4.270899997209199,138.236799997685,7748.003407155025
1782217744,2,,Aggregated,0.300000,0.000000,8,20,23,24,29,35,42,52,140,140,140,587,0,8,14.617161328811218,4.270899997209199,138.236799997685,7748.003407155025
1782217745,2,,Aggregated,0.200000,0.000000,8,21,23,24,29,35,43,52,140,140,140,588,0,8,14.745508843558115,4.270899997209199,138.236799997685,7752.681972789115
1782217746,2,,Aggregated,0.200000,0.000000,8,21,23,24,29,35,43,52,140,140,140,588,0,8,14.745508843558115,4.270899997209199,138.236799997685,7752.681972789115
1782217747,2,,Aggregated,0.200000,0.000000,8,21,23,24,29,35,43,52,140,140,140,588,0,8,14.745508843558115,4.270899997209199,138.236799997685,7752.681972789115
1782217748,2,,Aggregated,0.200000,0.000000,8,20,23,24,29,35,43,52,140,140,140,589,0,8,14.75033599323032,4.270899997209199,138.236799997685,7757.344651952461
1782217749,2,,Aggregated,0.200000,0.000000,8,20,23,24,29,35,43,52,140,140,140,589,0,8,14.75033599323032,4.270899997209199,138.236799997685,7757.344651952461
1782217750,2,,Aggregated,0.200000,0.000000,8,20,23,24,29,35,43,52,140,140,140,589,0,8,14.75033599323032,4.270899997209199,138.236799997685,7757.344651952461
1782217751,2,,Aggregated,0.200000,0.000000,8,20,23,24,29,35,43,52,140,140,140,589,0,8,14.75033599323032,4.270899997209199,138.236799997685,7757.344651952461
1782217752,2,,Aggregated,0.200000,0.000000,8,20,23,24,29,35,43,52,140,140,140,589,0,8,14.75033599323032,4.270899997209199,138.236799997685,7757.344651952461
1782217753,2,,Aggregated,0.200000,0.000000,8,21,23,24,29,35,43,52,140,140,140,591,0,8,14.751350253835882,4.270899997209199,138.236799997685,7758.781725888325
1782217754,2,,Aggregated,0.200000,0.000000,8,21,23,24,29,35,43,52,140,140,140,591,0,8,14.751350253835882,4.270899997209199,138.236799997685,7758.781725888325
1782217755,2,,Aggregated,0.200000,0.000000,8,21,23,24,29,35,43,52,140,140,140,591,0,8,14.751350253835882,4.270899997209199,138.236799997685,7758.781725888325
1782217756,2,,Aggregated,0.200000,0.000000,8,21,23,24,29,35,43,52,140,140,140,591,0,8,14.751350253835882,4.270899997209199,138.236799997685,7758.781725888325
1782217757,2,,Aggregated,0.200000,0.000000,8,21,23,24,29,35,43,52,140,140,140,591,0,8,14.751350253835882,4.270899997209199,138.236799997685,7758.781725888325
1782217758,2,,Aggregated,0.200000,0.000000,8,21,23,24,29,35,43,52,140,140,140,591,0,8,14.751350253835882,4.270899997209199,138.236799997685,7758.781725888325
1782217759,2,,Aggregated,0.200000,0.000000,8,21,23,24,29,35,43,52,140,140,140,591,0,8,14.751350253835882,4.270899997209199,138.236799997685,7758.781725888325
1782217760,2,,Aggregated,0.300000,0.000000,8,20,23,24,29,35,43,52,140,140,140,593,0,8,14.719811467141499,4.270899997209199,138.236799997685,7752.3946037099495
1782217761,2,,Aggregated,0.300000,0.000000,8,20,23,24,29,35,43,52,140,140,140,593,0,8,14.719811467141499,4.270899997209199,138.236799997685,7752.3946037099495
1782217762,2,,Aggregated,0.300000,0.000000,8,20,23,24,29,35,43,52,140,140,140,593,0,8,14.719811467141499,4.270899997209199,138.236799997685,7752.3946037099495
1782217763,2,,Aggregated,0.300000,0.000000,8,20,23,24,29,35,43,52,140,140,140,593,0,8,14.719811467141499,4.270899997209199,138.236799997685,7752.3946037099495
1782217764,2,,Aggregated,0.300000,0.000000,8,20,23,24,29,35,43,52,140,140,140,593,0,8,14.719811467141499,4.270899997209199,138.236799997685,7752.3946037099495
1782217765,2,,Aggregated,0.300000,0.000000,8,20,23,24,29,35,43,52,140,140,140,593,0,8,14.719811467141499,4.270899997209199,138.236799997685,7752.3946037099495
1782217766,2,,Aggregated,0.200000,0.000000,8,20,23,24,29,35,43,52,140,140,140,594,0,8,14.704813973097501,4.270899997209199,138.236799997685,7749.217171717171
1782217767,2,,Aggregated,0.200000,0.000000,8,20,23,24,29,35,43,52,140,140,140,594,0,8,14.704813973097501,4.270899997209199,138.236799997685,7749.217171717171
1782217768,2,,Aggregated,0.200000,0.000000,8,20,23,24,29,36,43,52,140,140,140,595,0,8,14.75100033616201,4.270899997209199,138.236799997685,7753.838655462185
1782217769,2,,Aggregated,0.200000,0.000000,8,20,23,24,29,36,43,52,140,140,140,595,0,8,14.75100033616201,4.270899997209199,138.236799997685,7753.838655462185
1782217770,2,,Aggregated,0.400000,0.000000,8,20,23,24,29,36,43,52,140,140,140,596,0,8,14.748898993324193,4.270899997209199,138.236799997685,7758.444630872483
1782217771,2,,Aggregated,0.400000,0.000000,8,20,23,24,29,36,43,52,140,140,140,596,0,8,14.748898993324193,4.270899997209199,138.236799997685,7758.444630872483
1782217772,2,,Aggregated,0.400000,0.000000,8,20,23,24,29,36,43,52,140,140,140,596,0,8,14.748898993324193,4.270899997209199,138.236799997685,7758.444630872483
1782217773,2,,Aggregated,0.300000,0.000000,8,20,23,24,29,36,43,52,140,140,140,597,0,8,14.734926633195565,4.270899997209199,138.236799997685,7755.273031825795
1782217774,2,,Aggregated,0.300000,0.000000,8,20,23,24,29,36,43,52,140,140,140,597,0,8,14.734926633195565,4.270899997209199,138.236799997685,7755.273031825795
1782217775,2,,Aggregated,0.300000,0.000000,8,20,23,24,29,36,43,52,140,140,140,597,0,8,14.734926633195565,4.270899997209199,138.236799997685,7755.273031825795
1782217776,2,,Aggregated,0.300000,0.000000,8,20,23,24,29,36,43,52,140,140,140,597,0,8,14.734926633195565,4.270899997209199,138.236799997685,7755.273031825795
1782217777,2,,Aggregated,0.300000,0.000000,8,20,23,24,29,36,43,52,140,140,140,597,0,8,14.734926633195565,4.270899997209199,138.236799997685,7755.273031825795
1782217778,2,,Aggregated,0.300000,0.000000,8,20,23,24,29,36,43,52,140,140,140,597,0,8,14.734926633195565,4.270899997209199,138.236799997685,7755.273031825795
1782217779,2,,Aggregated,0.300000,0.000000,8,20,23,24,29,36,43,52,140,140,140,598,0,8,14.724065886324611,4.270899997209199,138.236799997685,7752.112040133779
1782217780,2,,Aggregated,0.300000,0.000000,8,20,23,24,29,36,43,52,140,140,140,598,0,8,14.724065886324611,4.270899997209199,138.236799997685,7752.112040133779
1782217781,2,,Aggregated,0.200000,0.000000,8,20,23,24,29,36,43,52,140,140,140,599,0,8,14.742106844784084,4.270899997209199,138.236799997685,7756.697829716194
1782217782,2,,Aggregated,0.200000,0.000000,8,20,23,24,29,36,43,52,140,140,140,599,0,8,14.742106844784084,4.270899997209199,138.236799997685,7756.697829716194
1782217783,2,,Aggregated,0.200000,0.000000,8,20,23,24,29,36,43,52,140,140,140,599,0,8,14.742106844784084,4.270899997209199,138.236799997685,7756.697829716194
1782217784,2,,Aggregated,0.200000,0.000000,8,20,23,24,29,36,43,52,140,140,140,599,0,8,14.742106844784084,4.270899997209199,138.236799997685,7756.697829716194
1782217785,2,,Aggregated,0.200000,0.000000,8,20,23,24,29,36,43,52,140,140,140,599,0,8,14.742106844784084,4.270899997209199,138.236799997685,7756.697829716194
1782217786,2,,Aggregated,0.200000,0.000000,8,20,23,24,29,36,43,52,140,140,140,599,0,8,14.742106844784084,4.270899997209199,138.236799997685,7756.697829716194
1782217787,2,,Aggregated,0.200000,0.000000,8,20,23,24,29,35,42,52,140,140,140,601,0,8,14.715579866925886,4.270899997209199,138.236799997685,7750.402662229617
1782217788,2,,Aggregated,0.200000,0.000000,8,20,23,24,29,35,42,52,140,140,140,601,0,8,14.715579866925886,4.270899997209199,138.236799997685,7750.402662229617
1782217789,2,,Aggregated,0.200000,0.000000,8,20,23,24,29,35,42,52,140,140,140,601,0,8,14.715579866925886,4.270899997209199,138.236799997685,7750.402662229617
1782217790,2,,Aggregated,0.200000,0.000000,8,20,23,24,29,35,42,52,140,140,140,601,0,8,14.715579866925886,4.270899997209199,138.236799997685,7750.402662229617
1782217791,2,,Aggregated,0.200000,0.000000,8,20,23,24,29,35,42,52,140,140,140,601,0,8,14.715579866925886,4.270899997209199,138.236799997685,7750.402662229617
1782217792,2,,Aggregated,0.200000,0.000000,8,20,23,24,29,35,42,52,140,140,140,601,0,8,14.715579866925886,4.270899997209199,138.236799997685,7750.402662229617
1782217793,2,,Aggregated,0.200000,0.000000,8,20,23,24,29,35,42,52,140,140,140,602,0,8,14.702070764149635,4.270899997209199,138.236799997685,7747.270764119601
1782217794,2,,Aggregated,0.200000,0.000000,8,20,23,24,29,35,42,52,140,140,140,603,0,8,14.719323217269835,4.270899997209199,138.236799997685,7751.8341625207295
1782217795,2,,Aggregated,0.200000,0.000000,8,20,23,24,29,35,42,52,140,140,140,603,0,8,14.719323217269835,4.270899997209199,138.236799997685,7751.8341625207295
1782217796,2,,Aggregated,0.200000,0.000000,8,20,23,24,29,35,42,52,140,140,140,603,0,8,14.719323217269835,4.270899997209199,138.236799997685,7751.8341625207295
1782217797,2,,Aggregated,0.200000,0.000000,8,20,23,24,29,35,42,52,140,140,140,603,0,8,14.719323217269835,4.270899997209199,138.236799997685,7751.8341625207295
1782217798,2,,Aggregated,0.200000,0.000000,8,20,23,24,29,35,42,52,140,140,140,603,0,8,14.719323217269835,4.270899997209199,138.236799997685,7751.8341625207295
1782217799,2,,Aggregated,0.200000,0.000000,8,20,23,24,29,35,42,52,140,140,140,603,0,8,14.719323217269835,4.270899997209199,138.236799997685,7751.8341625207295
1782217800,2,,Aggregated,0.200000,0.000000,8,20,23,24,29,35,42,52,140,140,140,604,0,8,14.70438311259946,4.270899997209199,138.236799997685,7748.710264900662
1782217801,2,,Aggregated,0.200000,0.000000,8,20,23,24,29,35,42,52,140,140,140,604,0,8,14.70438311259946,4.270899997209199,138.236799997685,7748.710264900662
1782217802,2,,Aggregated,0.200000,0.000000,8,20,23,24,29,35,42,52,140,140,140,604,0,8,14.70438311259946,4.270899997209199,138.236799997685,7748.710264900662
1782217803,2,,Aggregated,0.300000,0.000000,8,20,23,24,29,36,43,52,140,140,140,605,0,8,14.758482644640386,4.270899997209199,138.236799997685,7753.256198347108
1782217804,2,,Aggregated,0.300000,0.000000,8,20,23,24,29,36,43,52,140,140,140,606,0,8,14.747314851504571,4.270899997209199,138.236799997685,7748.8564356435645
1782217805,2,,Aggregated,0.300000,0.000000,8,20,23,24,29,36,43,52,140,140,140,606,0,8,14.747314851504571,4.270899997209199,138.236799997685,7748.8564356435645
1782217806,2,,Aggregated,0.300000,0.000000,8,20,23,24,29,36,43,52,140,140,140,606,0,8,14.747314851504571,4.270899997209199,138.236799997685,7748.8564356435645
1782217807,2,,Aggregated,0.300000,0.000000,8,20,23,24,29,36,43,52,140,140,140,606,0,8,14.747314851504571,4.270899997209199,138.236799997685,7748.8564356435645
1782217808,2,,Aggregated,0.300000,0.000000,8,20,23,24,29,36,43,52,140,140,140,606,0,8,14.747314851504571,4.270899997209199,138.236799997685,7748.8564356435645
1782217809,2,,Aggregated,0.300000,0.000000,8,20,23,24,29,36,43,52,140,140,140,606,0,8,14.747314851504571,4.270899997209199,138.236799997685,7748.8564356435645
1782217811,2,,Aggregated,0.300000,0.000000,8,20,23,24,29,36,43,52,140,140,140,607,0,8,14.736498352577465,4.270899997209199,138.236799997685,7745.752883031301
1782217812,2,,Aggregated,0.300000,0.000000,8,20,23,24,29,36,43,52,140,140,140,607,0,8,14.736498352577465,4.270899997209199,138.236799997685,7745.752883031301
1782217813,2,,Aggregated,0.300000,0.000000,8,20,23,24,29,36,43,52,140,140,140,608,0,8,14.724007730281205,4.270899997209199,138.236799997685,7742.659539473684
1782217814,2,,Aggregated,0.300000,0.000000,8,20,23,24,29,36,43,52,140,140,140,608,0,8,14.724007730281205,4.270899997209199,138.236799997685,7742.659539473684
1782217815,2,,Aggregated,0.300000,0.000000,8,20,23,24,29,36,43,52,140,140,140,608,0,8,14.724007730281205,4.270899997209199,138.236799997685,7742.659539473684
1782217816,2,,Aggregated,0.300000,0.000000,8,20,23,24,29,36,43,52,140,140,140,608,0,8,14.724007730281205,4.270899997209199,138.236799997685,7742.659539473684
1782217817,2,,Aggregated,0.300000,0.000000,8,20,23,24,29,36,43,52,140,140,140,608,0,8,14.724007730281205,4.270899997209199,138.236799997685,7742.659539473684
1782217818,2,,Aggregated,0.300000,0.000000,8,20,23,24,29,36,43,52,140,140,140,608,0,8,14.724007730281205,4.270899997209199,138.236799997685,7742.659539473684
1782217819,2,,Aggregated,0.200000,0.000000,8,19,23,24,29,36,43,52,140,140,140,609,0,8,14.711432840736478,4.270899997209199,138.236799997685,7738.298850574713
1782217820,2,,Aggregated,0.200000,0.000000,8,20,23,24,29,36,43,52,140,140,140,610,0,8,14.724367540988109,4.270899997209199,138.236799997685,7742.824590163935
1782217821,2,,Aggregated,0.200000,0.000000,8,20,23,24,29,36,43,52,140,140,140,610,0,8,14.724367540988109,4.270899997209199,138.236799997685,7742.824590163935
1782217822,2,,Aggregated,0.200000,0.000000,8,20,23,24,29,36,43,52,140,140,140,610,0,8,14.724367540988109,4.270899997209199,138.236799997685,7742.824590163935
1782217823,2,,Aggregated,0.200000,0.000000,8,20,23,24,29,36,43,52,140,140,140,610,0,8,14.724367540988109,4.270899997209199,138.236799997685,7742.824590163935
1782217824,2,,Aggregated,0.200000,0.000000,8,20,23,24,29,36,43,52,140,140,140,610,0,8,14.724367540988109,4.270899997209199,138.236799997685,7742.824590163935
1782217825,2,,Aggregated,0.200000,0.000000,8,20,23,24,29,36,43,52,140,140,140,611,0,8,14.737306546649735,4.270899997209199,138.236799997685,7747.335515548281
1782217826,2,,Aggregated,0.200000,0.000000,8,20,23,24,29,36,43,52,140,140,140,611,0,8,14.737306546649735,4.270899997209199,138.236799997685,7747.335515548281
1782217827,2,,Aggregated,0.200000,0.000000,8,20,23,24,29,36,43,52,140,140,140,611,0,8,14.737306546649735,4.270899997209199,138.236799997685,7747.335515548281
1782217828,2,,Aggregated,0.200000,0.000000,8,20,23,24,29,36,43,52,140,140,140,611,0,8,14.737306546649735,4.270899997209199,138.236799997685,7747.335515548281
1782217829,2,,Aggregated,0.300000,0.000000,8,20,23,24,29,36,43,52,140,140,140,612,0,8,14.724349019613085,4.270899997209199,138.236799997685,7744.259803921569
1782217830,2,,Aggregated,0.300000,0.000000,8,20,23,24,29,36,43,52,140,140,140,612,0,8,14.724349019613085,4.270899997209199,138.236799997685,7744.259803921569
1782217831,2,,Aggregated,0.300000,0.000000,8,20,23,24,29,36,43,52,140,140,140,612,0,8,14.724349019613085,4.270899997209199,138.236799997685,7744.259803921569
1782217832,2,,Aggregated,0.300000,0.000000,8,20,23,24,29,36,43,52,140,140,140,612,0,8,14.724349019613085,4.270899997209199,138.236799997685,7744.259803921569
1782217833,2,,Aggregated,0.300000,0.000000,8,20,23,24,29,36,43,52,140,140,140,612,0,8,14.724349019613085,4.270899997209199,138.236799997685,7744.259803921569
1782217834,2,,Aggregated,0.200000,0.000000,8,20,23,24,29,36,43,52,140,140,140,613,0,8,14.739376998376493,4.270899997209199,138.236799997685,7748.753670473083
1782217835,2,,Aggregated,0.200000,0.000000,8,20,23,24,29,36,43,52,140,140,140,614,0,8,14.725818241047119,4.270899997209199,138.236799997685,7744.4185667752445
1782217836,2,,Aggregated,0.200000,0.000000,8,20,23,24,29,36,43,52,140,140,140,614,0,8,14.725818241047119,4.270899997209199,138.236799997685,7744.4185667752445
1782217837,2,,Aggregated,0.200000,0.000000,8,20,23,24,29,36,43,52,140,140,140,614,0,8,14.725818241047119,4.270899997209199,138.236799997685,7744.4185667752445
1782217838,2,,Aggregated,0.200000,0.000000,8,20,23,24,29,36,43,52,140,140,140,614,0,8,14.725818241047119,4.270899997209199,138.236799997685,7744.4185667752445
1782217839,2,,Aggregated,0.200000,0.000000,8,20,23,24,29,36,43,52,140,140,140,614,0,8,14.725818241047119,4.270899997209199,138.236799997685,7744.4185667752445
1782217840,2,,Aggregated,0.200000,0.000000,8,20,23,24,29,36,43,52,140,140,140,614,0,8,14.725818241047119,4.270899997209199,138.236799997685,7744.4185667752445
1782217841,2,,Aggregated,0.300000,0.000000,8,20,23,24,29,36,43,52,140,140,140,615,0,8,14.71122569106169,4.270899997209199,138.236799997685,7740.09756097561
1782217842,2,,Aggregated,0.300000,0.000000,8,20,23,24,29,36,43,52,140,140,140,615,0,8,14.71122569106169,4.270899997209199,138.236799997685,7740.09756097561
1782217843,2,,Aggregated,0.200000,0.000000,8,20,23,24,29,36,43,52,140,140,140,616,0,8,14.698757467536401,4.270899997209199,138.236799997685,7737.053571428572
1782217844,2,,Aggregated,0.200000,0.000000,8,20,23,24,29,36,43,52,140,140,140,616,0,8,14.698757467536401,4.270899997209199,138.236799997685,7737.053571428572
1782217845,2,,Aggregated,0.200000,0.000000,8,20,23,24,29,36,43,52,140,140,140,616,0,8,14.698757467536401,4.270899997209199,138.236799997685,7737.053571428572
1782217846,2,,Aggregated,0.200000,0.000000,8,20,23,24,29,36,43,52,140,140,140,616,0,8,14.698757467536401,4.270899997209199,138.236799997685,7737.053571428572
1782217847,2,,Aggregated,0.300000,0.000000,8,20,23,24,29,36,43,52,140,140,140,617,0,8,14.687953808763675,4.270899997209199,138.236799997685,7734.019448946516
1782217848,2,,Aggregated,0.200000,0.000000,8,20,23,24,29,36,43,52,140,140,140,618,0,8,14.700443527521301,4.270899997209199,138.236799997685,7738.493527508091
1782217849,2,,Aggregated,0.200000,0.000000,8,20,23,24,29,36,43,52,140,140,140,618,0,8,14.700443527521301,4.270899997209199,138.236799997685,7738.493527508091
1782217850,2,,Aggregated,0.200000,0.000000,8,20,23,24,29,36,43,52,140,140,140,618,0,8,14.700443527521301,4.270899997209199,138.236799997685,7738.493527508091
1782217851,2,,Aggregated,0.300000,0.000000,8,20,23,24,29,36,43,52,140,140,140,619,0,8,14.720890953166784,4.270899997209199,138.236799997685,7742.953150242326
1782217852,2,,Aggregated,0.300000,0.000000,8,20,23,24,29,36,43,52,140,140,140,619,0,8,14.720890953166784,4.270899997209199,138.236799997685,7742.953150242326
1782217853,2,,Aggregated,0.300000,0.000000,8,20,23,24,29,36,43,52,140,140,140,619,0,8,14.720890953166784,4.270899997209199,138.236799997685,7742.953150242326
1782217854,2,,Aggregated,0.400000,0.000000,8,20,23,24,29,36,43,52,140,140,140,620,0,8,14.709928064527752,4.270899997209199,138.236799997685,7738.669354838709
1782217855,2,,Aggregated,0.400000,0.000000,8,20,23,24,29,36,43,52,140,140,140,620,0,8,14.709928064527752,4.270899997209199,138.236799997685,7738.669354838709
1782217856,2,,Aggregated,0.400000,0.000000,8,20,23,24,29,36,43,52,140,140,140,620,0,8,14.709928064527752,4.270899997209199,138.236799997685,7738.669354838709
1782217857,2,,Aggregated,0.400000,0.000000,8,20,23,24,29,36,43,52,140,140,140,620,0,8,14.709928064527752,4.270899997209199,138.236799997685,7738.669354838709
1782217858,2,,Aggregated,0.400000,0.000000,8,20,23,24,29,35,43,52,140,140,140,621,0,8,14.69899371982057,4.270899997209199,138.236799997685,7734.3993558776165
1782217859,2,,Aggregated,0.400000,0.000000,8,20,23,24,29,35,43,52,140,140,140,621,0,8,14.69899371982057,4.270899997209199,138.236799997685,7734.3993558776165
1782217860,2,,Aggregated,0.400000,0.000000,8,20,23,24,29,35,43,52,140,140,140,621,0,8,14.69899371982057,4.270899997209199,138.236799997685,7734.3993558776165
1782217861,2,,Aggregated,0.400000,0.000000,8,20,23,24,29,35,43,52,140,140,140,621,0,8,14.69899371982057,4.270899997209199,138.236799997685,7734.3993558776165
1782217862,2,,Aggregated,0.400000,0.000000,8,20,23,24,29,35,43,52,140,140,140,621,0,8,14.69899371982057,4.270899997209199,138.236799997685,7734.3993558776165
1782217863,2,,Aggregated,0.300000,0.000000,8,20,23,24,29,35,43,52,140,140,140,622,0,8,14.692345176863864,4.270899997209199,138.236799997685,7731.393890675241
1782217864,2,,Aggregated,0.200000,0.000000,8,20,23,24,29,35,43,52,140,140,140,623,0,8,14.678441573048469,4.270899997209199,138.236799997685,7728.398073836276
1782217865,2,,Aggregated,0.200000,0.000000,8,20,23,24,29,35,43,52,140,140,140,623,0,8,14.678441573048469,4.270899997209199,138.236799997685,7728.398073836276
1782217866,2,,Aggregated,0.200000,0.000000,8,20,23,24,29,35,43,52,140,140,140,623,0,8,14.678441573048469,4.270899997209199,138.236799997685,7728.398073836276
1782217867,2,,Aggregated,0.200000,0.000000,8,20,23,24,29,35,43,52,140,140,140,623,0,8,14.678441573048469,4.270899997209199,138.236799997685,7728.398073836276
1782217868,2,,Aggregated,0.200000,0.000000,8,20,23,24,29,35,43,52,140,140,140,623,0,8,14.678441573048469,4.270899997209199,138.236799997685,7728.398073836276
1782217869,2,,Aggregated,0.200000,0.000000,8,20,23,24,29,35,43,52,140,140,140,623,0,8,14.678441573048469,4.270899997209199,138.236799997685,7728.398073836276
1782217870,2,,Aggregated,0.200000,0.000000,8,20,23,24,29,35,43,52,140,140,140,623,0,8,14.678441573048469,4.270899997209199,138.236799997685,7728.398073836276
1782217871,2,,Aggregated,0.200000,0.000000,8,19,23,24,29,35,43,52,140,140,140,624,0,8,14.666277243612477,4.270899997209199,138.236799997685,7725.411858974359
1782217872,2,,Aggregated,0.200000,0.000000,8,19,23,24,29,35,43,52,140,140,140,624,0,8,14.666277243612477,4.270899997209199,138.236799997685,7725.411858974359
1782217873,2,,Aggregated,0.300000,0.000000,8,19,23,24,29,35,43,52,140,140,140,625,0,8,14.65679856002098,4.270899997209199,138.236799997685,7722.4352
1782217874,2,,Aggregated,0.300000,0.000000,8,19,23,24,29,35,43,52,140,140,140,625,0,8,14.65679856002098,4.270899997209199,138.236799997685,7722.4352
1782217875,2,,Aggregated,0.300000,0.000000,8,19,23,24,29,35,43,52,140,140,140,625,0,8,14.65679856002098,4.270899997209199,138.236799997685,7722.4352
1782217876,2,,Aggregated,0.300000,0.000000,8,19,23,24,29,35,43,52,140,140,140,625,0,8,14.65679856002098,4.270899997209199,138.236799997685,7722.4352
1782217877,2,,Aggregated,0.300000,0.000000,8,19,23,24,29,35,43,52,140,140,140,625,0,8,14.65679856002098,4.270899997209199,138.236799997685,7722.4352
1782217878,2,,Aggregated,0.300000,0.000000,8,19,23,24,29,35,43,52,140,140,140,625,0,8,14.65679856002098,4.270899997209199,138.236799997685,7722.4352
1782217879,2,,Aggregated,0.200000,0.000000,8,20,23,24,29,35,43,52,140,140,140,626,0,8,14.669257028770563,4.270899997209199,138.236799997685,7719.4680511182105
1782217880,2,,Aggregated,0.200000,0.000000,8,20,23,24,29,35,43,52,140,140,140,626,0,8,14.669257028770563,4.270899997209199,138.236799997685,7719.4680511182105
1782217881,2,,Aggregated,0.200000,0.000000,8,20,23,24,29,35,43,52,140,140,140,627,0,8,14.698235725692381,4.270899997209199,138.236799997685,7723.9011164274325
1782217882,2,,Aggregated,0.200000,0.000000,8,20,23,24,29,35,43,52,140,140,140,627,0,8,14.698235725692381,4.270899997209199,138.236799997685,7723.9011164274325
1782217883,2,,Aggregated,0.200000,0.000000,8,20,23,24,29,35,43,52,140,140,140,627,0,8,14.698235725692381,4.270899997209199,138.236799997685,7723.9011164274325
1782217884,2,,Aggregated,0.200000,0.000000,8,20,23,24,29,35,43,52,140,140,140,627,0,8,14.698235725692381,4.270899997209199,138.236799997685,7723.9011164274325
1782217885,2,,Aggregated,0.300000,0.000000,8,20,23,24,29,35,43,52,140,140,140,628,0,8,14.683928980899788,4.270899997209199,138.236799997685,7720.9410828025475
1782217886,2,,Aggregated,0.300000,0.000000,8,20,23,24,29,35,43,52,140,140,140,628,0,8,14.683928980899788,4.270899997209199,138.236799997685,7720.9410828025475
1782217887,2,,Aggregated,0.200000,0.000000,8,20,23,24,29,35,43,52,140,140,140,629,0,8,14.699077106533748,4.270899997209199,138.236799997685,7725.357710651829
1782217888,2,,Aggregated,0.200000,0.000000,8,20,23,24,29,35,43,52,140,140,140,629,0,8,14.699077106533748,4.270899997209199,138.236799997685,7725.357710651829
1782217889,2,,Aggregated,0.200000,0.000000,8,20,23,24,29,35,43,52,140,140,140,629,0,8,14.699077106533748,4.270899997209199,138.236799997685,7725.357710651829
1782217890,2,,Aggregated,0.200000,0.000000,8,20,23,24,29,35,43,52,140,140,140,629,0,8,14.699077106533748,4.270899997209199,138.236799997685,7725.357710651829
1782217891,2,,Aggregated,0.300000,0.000000,8,20,23,24,29,35,43,52,140,140,140,630,0,8,14.684997142871403,4.270899997209199,138.236799997685,7722.4047619047615
1782217892,2,,Aggregated,0.300000,0.000000,8,20,23,24,29,35,43,52,140,140,140,630,0,8,14.684997142871403,4.270899997209199,138.236799997685,7722.4047619047615
1782217893,2,,Aggregated,0.300000,0.000000,8,20,23,24,29,35,43,52,140,140,140,630,0,8,14.684997142871403,4.270899997209199,138.236799997685,7722.4047619047615
1782217894,2,,Aggregated,0.300000,0.000000,8,20,23,24,29,35,43,52,140,140,140,631,0,8,14.673522503986323,4.270899997209199,138.236799997685,7719.46117274168
1782217895,2,,Aggregated,0.300000,0.000000,8,20,23,24,29,35,43,52,140,140,140,631,0,8,14.673522503986323,4.270899997209199,138.236799997685,7719.46117274168
1782217896,2,,Aggregated,0.300000,0.000000,8,20,23,24,29,35,43,52,140,140,140,631,0,8,14.673522503986323,4.270899997209199,138.236799997685,7719.46117274168
1782217897,2,,Aggregated,0.300000,0.000000,8,20,23,24,29,35,43,52,140,140,140,631,0,8,14.673522503986323,4.270899997209199,138.236799997685,7719.46117274168
1782217898,2,,Aggregated,0.300000,0.000000,8,20,23,24,29,35,43,52,140,140,140,632,0,8,14.659937658253984,4.270899997209199,138.236799997685,7715.295886075949
1782217899,2,,Aggregated,0.300000,0.000000,8,20,23,24,29,35,43,52,140,140,140,632,0,8,14.659937658253984,4.270899997209199,138.236799997685,7715.295886075949
1782217900,2,,Aggregated,0.300000,0.000000,8,19,23,24,29,35,43,52,140,140,140,633,0,8,14.645658451839887,4.270899997209199,138.236799997685,7712.372827804107
1782217901,2,,Aggregated,0.300000,0.000000,8,19,23,24,29,35,43,52,140,140,140,633,0,8,14.645658451839887,4.270899997209199,138.236799997685,7712.372827804107
1782217902,2,,Aggregated,0.300000,0.000000,8,19,23,24,29,35,43,52,140,140,140,633,0,8,14.645658451839887,4.270899997209199,138.236799997685,7712.372827804107
1782217903,2,,Aggregated,0.300000,0.000000,8,19,23,24,29,35,43,52,140,140,140,633,0,8,14.645658451839887,4.270899997209199,138.236799997685,7712.372827804107
1782217904,2,,Aggregated,0.300000,0.000000,8,19,23,24,29,35,43,52,140,140,140,633,0,8,14.645658451839887,4.270899997209199,138.236799997685,7712.372827804107
1782217905,2,,Aggregated,0.300000,0.000000,8,20,23,24,29,35,43,52,140,140,140,634,0,8,14.662450788664184,4.270899997209199,138.236799997685,7716.768138801262
1782217906,2,,Aggregated,0.300000,0.000000,8,20,23,24,29,35,43,52,140,140,140,635,0,8,14.65322157482875,4.270899997209199,138.236799997685,7713.851968503937
1782217907,2,,Aggregated,0.300000,0.000000,8,20,23,24,29,35,43,52,140,140,140,635,0,8,14.65322157482875,4.270899997209199,138.236799997685,7713.851968503937
1782217908,2,,Aggregated,0.300000,0.000000,8,20,23,24,29,35,43,52,140,140,140,635,0,8,14.65322157482875,4.270899997209199,138.236799997685,7713.851968503937
1782217909,2,,Aggregated,0.300000,0.000000,8,20,23,24,29,35,43,52,140,140,140,635,0,8,14.65322157482875,4.270899997209199,138.236799997685,7713.851968503937
1782217910,2,,Aggregated,0.300000,0.000000,8,20,23,24,29,35,43,52,140,140,140,635,0,8,14.65322157482875,4.270899997209199,138.236799997685,7713.851968503937
1782217911,2,,Aggregated,0.300000,0.000000,8,20,23,24,29,35,43,52,140,140,140,635,0,8,14.65322157482875,4.270899997209199,138.236799997685,7713.851968503937
1782217912,2,,Aggregated,0.200000,0.000000,8,20,23,24,29,35,43,52,140,140,140,636,0,8,14.668510691853095,4.270899997209199,138.236799997685,7718.231132075472
1782217913,2,,Aggregated,0.200000,0.000000,8,20,23,24,29,35,43,52,140,140,140,636,0,8,14.668510691853095,4.270899997209199,138.236799997685,7718.231132075472
1782217914,2,,Aggregated,0.200000,0.000000,8,20,23,24,29,35,43,52,140,140,140,637,0,8,14.663514442721494,4.270899997209199,138.236799997685,7722.596546310832
1782217915,2,,Aggregated,0.200000,0.000000,8,20,23,24,29,35,43,52,140,140,140,637,0,8,14.663514442721494,4.270899997209199,138.236799997685,7722.596546310832
1782217916,2,,Aggregated,0.200000,0.000000,8,20,23,24,29,35,43,52,140,140,140,637,0,8,14.663514442721494,4.270899997209199,138.236799997685,7722.596546310832
1782217917,2,,Aggregated,0.400000,0.000000,8,20,23,24,29,35,43,52,140,140,140,638,0,8,14.65039310346797,4.270899997209199,138.236799997685,7719.684952978057
1782217918,2,,Aggregated,0.400000,0.000000,8,20,23,24,29,35,43,52,140,140,140,638,0,8,14.65039310346797,4.270899997209199,138.236799997685,7719.684952978057
1782217919,2,,Aggregated,0.400000,0.000000,8,20,23,24,29,35,43,52,140,140,140,638,0,8,14.65039310346797,4.270899997209199,138.236799997685,7719.684952978057
1782217921,2,,Aggregated,0.400000,0.000000,8,20,23,24,29,35,43,52,140,140,140,638,0,8,14.65039310346797,4.270899997209199,138.236799997685,7719.684952978057
1782217922,2,,Aggregated,0.400000,0.000000,8,20,23,24,29,35,43,52,140,140,140,638,0,8,14.65039310346797,4.270899997209199,138.236799997685,7719.684952978057
1782217923,2,,Aggregated,0.300000,0.000000,8,19,23,24,29,35,43,52,140,140,140,639,0,8,14.636448043844362,4.270899997209199,138.236799997685,7716.782472613459
1782217924,2,,Aggregated,0.300000,0.000000,8,19,23,24,29,35,43,52,140,140,140,639,0,8,14.636448043844362,4.270899997209199,138.236799997685,7716.782472613459
1782217925,2,,Aggregated,0.300000,0.000000,8,19,23,24,29,35,43,52,140,140,140,639,0,8,14.636448043844362,4.270899997209199,138.236799997685,7716.782472613459
1782217926,2,,Aggregated,0.300000,0.000000,8,20,23,24,29,35,43,52,140,140,140,640,0,8,14.650394687521384,4.270899997209199,138.236799997685,7721.1296875
1782217927,2,,Aggregated,0.300000,0.000000,8,20,23,24,29,35,43,52,140,140,140,640,0,8,14.650394687521384,4.270899997209199,138.236799997685,7721.1296875
1782217928,2,,Aggregated,0.300000,0.000000,8,20,23,24,29,35,43,52,140,140,140,640,0,8,14.650394687521384,4.270899997209199,138.236799997685,7721.1296875
1782217929,2,,Aggregated,0.300000,0.000000,8,20,23,24,29,35,43,52,140,140,140,640,0,8,14.650394687521384,4.270899997209199,138.236799997685,7721.1296875
1782217930,2,,Aggregated,0.300000,0.000000,8,20,23,24,29,35,43,52,140,140,140,640,0,8,14.650394687521384,4.270899997209199,138.236799997685,7721.1296875
1782217931,2,,Aggregated,0.200000,0.000000,8,20,23,24,29,35,43,52,140,140,140,642,0,8,14.654700155782468,4.270899997209199,138.236799997685,7721.353582554517
1782217932,2,,Aggregated,0.200000,0.000000,8,20,23,24,29,35,43,52,140,140,140,642,0,8,14.654700155782468,4.270899997209199,138.236799997685,7721.353582554517
1782217933,2,,Aggregated,0.200000,0.000000,8,20,23,24,29,35,43,52,140,140,140,642,0,8,14.654700155782468,4.270899997209199,138.236799997685,7721.353582554517
1782217934,2,,Aggregated,0.200000,0.000000,8,20,23,24,29,35,43,52,140,140,140,642,0,8,14.654700155782468,4.270899997209199,138.236799997685,7721.353582554517
1782217935,2,,Aggregated,0.200000,0.000000,8,20,23,24,29,35,43,52,140,140,140,642,0,8,14.654700155782468,4.270899997209199,138.236799997685,7721.353582554517
1782217936,2,,Aggregated,0.200000,0.000000,8,20,23,24,29,35,43,52,140,140,140,642,0,8,14.654700155782468,4.270899997209199,138.236799997685,7721.353582554517
1782217937,2,,Aggregated,0.300000,0.000000,8,20,23,24,29,35,43,52,140,140,140,644,0,8,14.659421428591457,4.270899997209199,138.236799997685,7721.576086956522
1782217938,2,,Aggregated,0.300000,0.000000,8,20,23,24,29,35,43,52,140,140,140,644,0,8,14.659421428591457,4.270899997209199,138.236799997685,7721.576086956522
1782217939,2,,Aggregated,0.300000,0.000000,8,20,23,24,29,35,43,52,140,140,140,644,0,8,14.659421428591457,4.270899997209199,138.236799997685,7721.576086956522
1782217940,2,,Aggregated,0.300000,0.000000,8,20,23,24,29,35,43,52,140,140,140,644,0,8,14.659421428591457,4.270899997209199,138.236799997685,7721.576086956522
1782217941,2,,Aggregated,0.300000,0.000000,8,20,23,24,29,35,43,52,140,140,140,644,0,8,14.659421428591457,4.270899997209199,138.236799997685,7721.576086956522
1782217942,2,,Aggregated,0.300000,0.000000,8,20,23,24,29,35,43,52,140,140,140,644,0,8,14.659421428591457,4.270899997209199,138.236799997685,7721.576086956522
1782217943,2,,Aggregated,0.300000,0.000000,8,20,23,24,29,35,43,52,140,140,140,644,0,8,14.659421428591457,4.270899997209199,138.236799997685,7721.576086956522
1782217944,2,,Aggregated,0.300000,0.000000,8,20,23,24,29,35,43,52,140,140,140,644,0,8,14.659421428591457,4.270899997209199,138.236799997685,7721.576086956522
1782217945,2,,Aggregated,0.200000,0.000000,8,20,23,24,29,35,43,52,140,140,140,645,0,8,14.672419379867772,4.270899997209199,138.236799997685,7725.882170542635
1782217946,2,,Aggregated,0.200000,0.000000,8,20,23,24,29,35,43,52,140,140,140,646,0,8,14.669986377734563,4.270899997209199,138.236799997685,7730.1749226006195
1782217947,2,,Aggregated,0.200000,0.000000,8,20,23,24,29,35,43,52,140,140,140,646,0,8,14.669986377734563,4.270899997209199,138.236799997685,7730.1749226006195
1782217948,2,,Aggregated,0.200000,0.000000,8,20,23,24,29,35,43,52,140,140,140,646,0,8,14.669986377734563,4.270899997209199,138.236799997685,7730.1749226006195
1782217949,2,,Aggregated,0.200000,0.000000,8,20,23,24,29,35,43,52,140,140,140,646,0,8,14.669986377734563,4.270899997209199,138.236799997685,7730.1749226006195
1782217950,2,,Aggregated,0.200000,0.000000,8,20,23,24,29,35,43,52,140,140,140,647,0,8,14.65759041733848,4.270899997209199,138.236799997685,7727.292117465224
1782217951,2,,Aggregated,0.200000,0.000000,8,20,23,24,29,35,43,52,140,140,140,647,0,8,14.65759041733848,4.270899997209199,138.236799997685,7727.292117465224
1782217952,2,,Aggregated,0.200000,0.000000,8,20,23,24,29,35,43,52,140,140,140,647,0,8,14.65759041733848,4.270899997209199,138.236799997685,7727.292117465224
1782217953,2,,Aggregated,0.200000,0.000000,8,20,23,24,29,35,43,52,140,140,140,647,0,8,14.65759041733848,4.270899997209199,138.236799997685,7727.292117465224
1782217954,2,,Aggregated,0.300000,0.000000,8,20,23,24,29,35,43,52,140,140,140,648,0,8,14.671444598802118,4.270899997209199,138.236799997685,7731.569444444444
1782217955,2,,Aggregated,0.300000,0.000000,8,20,23,24,29,35,43,52,140,140,140,648,0,8,14.671444598802118,4.270899997209199,138.236799997685,7731.569444444444
1782217956,2,,Aggregated,0.300000,0.000000,8,20,23,24,29,35,43,52,140,140,140,648,0,8,14.671444598802118,4.270899997209199,138.236799997685,7731.569444444444
1782217957,2,,Aggregated,0.300000,0.000000,8,20,23,24,29,35,43,52,140,140,140,648,0,8,14.671444598802118,4.270899997209199,138.236799997685,7731.569444444444
1782217958,2,,Aggregated,0.300000,0.000000,8,20,23,24,29,35,43,52,140,140,140,649,0,8,14.659258705742861,4.270899997209199,138.236799997685,7728.693374422188
1782217959,2,,Aggregated,0.300000,0.000000,8,20,23,24,29,35,43,52,140,140,140,649,0,8,14.659258705742861,4.270899997209199,138.236799997685,7728.693374422188
1782217960,2,,Aggregated,0.300000,0.000000,8,20,23,24,29,35,43,52,140,140,140,649,0,8,14.659258705742861,4.270899997209199,138.236799997685,7728.693374422188
1782217961,2,,Aggregated,0.300000,0.000000,8,20,23,24,29,35,43,52,140,140,140,649,0,8,14.659258705742861,4.270899997209199,138.236799997685,7728.693374422188
1782217962,2,,Aggregated,0.300000,0.000000,8,20,23,24,29,35,43,52,140,140,140,649,0,8,14.659258705742861,4.270899997209199,138.236799997685,7728.693374422188
1782217963,2,,Aggregated,0.200000,0.000000,8,20,23,24,27,35,42,52,140,140,140,651,0,8,14.659045775766634,4.270899997209199,138.236799997685,7730.086021505376
1782217964,2,,Aggregated,0.200000,0.000000,8,20,23,24,27,35,42,52,140,140,140,651,0,8,14.659045775766634,4.270899997209199,138.236799997685,7730.086021505376
1782217965,2,,Aggregated,0.200000,0.000000,8,20,23,24,27,35,42,52,140,140,140,651,0,8,14.659045775766634,4.270899997209199,138.236799997685,7730.086021505376
1782217966,2,,Aggregated,0.200000,0.000000,8,20,23,24,27,35,42,52,140,140,140,651,0,8,14.659045775766634,4.270899997209199,138.236799997685,7730.086021505376
1782217967,2,,Aggregated,0.200000,0.000000,8,20,23,24,27,35,42,52,140,140,140,651,0,8,14.659045775766634,4.270899997209199,138.236799997685,7730.086021505376
1782217968,2,,Aggregated,0.300000,0.000000,8,20,23,24,27,35,42,52,140,140,140,652,0,8,14.651230214752612,4.270899997209199,138.236799997685,7726.0322085889575
1782217969,2,,Aggregated,0.300000,0.000000,8,20,23,24,27,35,42,52,140,140,140,652,0,8,14.651230214752612,4.270899997209199,138.236799997685,7726.0322085889575
1782217970,2,,Aggregated,0.300000,0.000000,8,20,23,24,27,35,42,52,140,140,140,652,0,8,14.651230214752612,4.270899997209199,138.236799997685,7726.0322085889575
1782217971,2,,Aggregated,0.300000,0.000000,8,20,23,24,27,35,42,52,140,140,140,653,0,8,14.666003062809457,4.270899997209199,138.236799997685,7730.278713629403
1782217972,2,,Aggregated,0.300000,0.000000,8,20,23,24,27,35,42,52,140,140,140,653,0,8,14.666003062809457,4.270899997209199,138.236799997685,7730.278713629403
1782217973,2,,Aggregated,0.300000,0.000000,8,20,23,24,27,35,42,52,140,140,140,653,0,8,14.666003062809457,4.270899997209199,138.236799997685,7730.278713629403
1782217974,2,,Aggregated,0.300000,0.000000,8,20,23,24,27,35,42,52,140,140,140,653,0,8,14.666003062809457,4.270899997209199,138.236799997685,7730.278713629403
1782217975,2,,Aggregated,0.300000,0.000000,8,20,23,24,27,35,42,52,140,140,140,653,0,8,14.666003062809457,4.270899997209199,138.236799997685,7730.278713629403
1782217976,2,,Aggregated,0.300000,0.000000,8,20,23,24,27,35,42,52,140,140,140,653,0,8,14.666003062809457,4.270899997209199,138.236799997685,7730.278713629403
1782217977,2,,Aggregated,0.300000,0.000000,8,20,23,24,27,35,42,52,140,140,140,653,0,8,14.666003062809457,4.270899997209199,138.236799997685,7730.278713629403
1782217978,2,,Aggregated,0.200000,0.000000,8,21,23,24,29,35,42,52,140,140,140,654,0,8,14.692622171279234,4.270899997209199,138.236799997685,7734.512232415902
1782217979,2,,Aggregated,0.200000,0.000000,8,21,23,24,29,35,42,52,140,140,140,654,0,8,14.692622171279234,4.270899997209199,138.236799997685,7734.512232415902
1782217980,2,,Aggregated,0.200000,0.000000,8,21,23,24,29,35,42,52,140,140,140,654,0,8,14.692622171279234,4.270899997209199,138.236799997685,7734.512232415902
1782217981,2,,Aggregated,0.200000,0.000000,8,21,23,24,29,35,42,52,140,140,140,655,0,8,14.68231725193896,4.270899997209199,138.236799997685,7731.658015267176
1782217982,2,,Aggregated,0.200000,0.000000,8,21,23,24,29,35,42,52,140,140,140,655,0,8,14.68231725193896,4.270899997209199,138.236799997685,7731.658015267176
1782217983,2,,Aggregated,0.200000,0.000000,8,21,23,24,29,35,42,52,140,140,140,655,0,8,14.68231725193896,4.270899997209199,138.236799997685,7731.658015267176
1782217984,2,,Aggregated,0.200000,0.000000,8,21,23,24,29,35,42,52,140,140,140,655,0,8,14.68231725193896,4.270899997209199,138.236799997685,7731.658015267176
1782217985,2,,Aggregated,0.200000,0.000000,8,20,23,24,29,35,42,52,140,140,140,656,0,8,14.670584603686066,4.270899997209199,138.236799997685,7728.8125
1782217986,2,,Aggregated,0.200000,0.000000,8,21,23,24,29,35,42,52,140,140,140,657,0,8,14.685342770188646,4.270899997209199,138.236799997685,7733.028919330289
1782217987,2,,Aggregated,0.200000,0.000000,8,21,23,24,29,35,42,52,140,140,140,657,0,8,14.685342770188646,4.270899997209199,138.236799997685,7733.028919330289
1782217988,2,,Aggregated,0.200000,0.000000,8,21,23,24,29,35,42,52,140,140,140,657,0,8,14.685342770188646,4.270899997209199,138.236799997685,7733.028919330289
1782217989,2,,Aggregated,0.300000,0.000000,8,21,23,24,29,35,42,52,140,140,140,658,0,8,14.674902279657987,4.270899997209199,138.236799997685,7729.007598784195
1782217990,2,,Aggregated,0.300000,0.000000,8,21,23,24,29,35,42,52,140,140,140,658,0,8,14.674902279657987,4.270899997209199,138.236799997685,7729.007598784195
1782217991,2,,Aggregated,0.300000,0.000000,8,21,23,24,29,35,42,52,140,140,140,658,0,8,14.674902279657987,4.270899997209199,138.236799997685,7729.007598784195
1782217992,2,,Aggregated,0.300000,0.000000,8,21,23,24,29,35,42,52,140,140,140,658,0,8,14.674902279657987,4.270899997209199,138.236799997685,7729.007598784195
1782217993,2,,Aggregated,0.300000,0.000000,8,21,23,24,29,35,42,52,140,140,140,659,0,8,14.68600257969052,4.270899997209199,138.236799997685,7733.210925644917
1782217994,2,,Aggregated,0.300000,0.000000,8,21,23,24,29,35,42,52,140,140,140,659,0,8,14.68600257969052,4.270899997209199,138.236799997685,7733.210925644917
1782217995,2,,Aggregated,0.300000,0.000000,8,21,23,24,29,35,42,52,140,140,140,659,0,8,14.68600257969052,4.270899997209199,138.236799997685,7733.210925644917
1782217996,2,,Aggregated,0.300000,0.000000,8,21,23,24,29,35,42,52,140,140,140,659,0,8,14.68600257969052,4.270899997209199,138.236799997685,7733.210925644917
1782217997,2,,Aggregated,0.300000,0.000000,8,21,23,24,29,35,42,52,140,140,140,660,0,8,14.682532878809566,4.270899997209199,138.236799997685,7737.401515151515
1782217998,2,,Aggregated,0.300000,0.000000,8,21,23,24,29,35,42,52,140,140,140,660,0,8,14.682532878809566,4.270899997209199,138.236799997685,7737.401515151515
1782217999,2,,Aggregated,0.300000,0.000000,8,21,23,24,29,35,42,52,140,140,140,660,0,8,14.682532878809566,4.270899997209199,138.236799997685,7737.401515151515
1782218000,2,,Aggregated,0.300000,0.000000,8,21,23,24,29,35,42,52,140,140,140,660,0,8,14.682532878809566,4.270899997209199,138.236799997685,7737.401515151515
1782218001,2,,Aggregated,0.200000,0.000000,8,21,23,24,27,35,42,52,140,140,140,661,0,8,14.697684417569002,4.270899997209199,138.236799997685,7741.579425113465
1782218002,2,,Aggregated,0.200000,0.000000,8,21,23,24,27,35,42,52,140,140,140,661,0,8,14.697684417569002,4.270899997209199,138.236799997685,7741.579425113465
1782218003,2,,Aggregated,0.200000,0.000000,8,21,23,24,27,35,42,52,140,140,140,661,0,8,14.697684417569002,4.270899997209199,138.236799997685,7741.579425113465
1782218004,2,,Aggregated,0.200000,0.000000,8,21,23,24,27,35,42,52,140,140,140,661,0,8,14.697684417569002,4.270899997209199,138.236799997685,7741.579425113465
1782218005,2,,Aggregated,0.200000,0.000000,8,21,23,24,27,35,42,52,140,140,140,661,0,8,14.697684417569002,4.270899997209199,138.236799997685,7741.579425113465
1782218006,2,,Aggregated,0.200000,0.000000,8,21,23,24,27,35,42,52,140,140,140,662,0,8,14.685121903345365,4.270899997209199,138.236799997685,7738.744712990937
1782218007,2,,Aggregated,0.200000,0.000000,8,21,23,24,27,35,42,52,140,140,140,662,0,8,14.685121903345365,4.270899997209199,138.236799997685,7738.744712990937
1782218008,2,,Aggregated,0.200000,0.000000,8,21,23,24,27,35,42,52,140,140,140,663,0,8,14.673756862764751,4.270899997209199,138.236799997685,7735.918552036199
1782218009,2,,Aggregated,0.200000,0.000000,8,21,23,24,27,35,42,52,140,140,140,663,0,8,14.673756862764751,4.270899997209199,138.236799997685,7735.918552036199
1782218010,2,,Aggregated,0.200000,0.000000,8,21,23,24,27,35,42,52,140,140,140,663,0,8,14.673756862764751,4.270899997209199,138.236799997685,7735.918552036199
1782218011,2,,Aggregated,0.200000,0.000000,8,21,23,24,27,35,42,52,140,140,140,663,0,8,14.673756862764751,4.270899997209199,138.236799997685,7735.918552036199
1782218012,2,,Aggregated,0.300000,0.000000,8,21,23,24,27,35,42,52,140,140,140,664,0,8,14.659389759054395,4.270899997209199,138.236799997685,7731.92921686747
1782218013,2,,Aggregated,0.300000,0.000000,8,21,23,24,27,35,42,52,140,140,140,664,0,8,14.659389759054395,4.270899997209199,138.236799997685,7731.92921686747
1782218014,2,,Aggregated,0.200000,0.000000,8,21,23,24,27,35,42,52,140,140,140,665,0,8,14.669802406033819,4.270899997209199,138.236799997685,7736.090225563909
1782218015,2,,Aggregated,0.200000,0.000000,8,21,23,24,27,35,42,52,140,140,140,665,0,8,14.669802406033819,4.270899997209199,138.236799997685,7736.090225563909
1782218016,2,,Aggregated,0.300000,0.000000,8,21,23,24,27,35,42,52,140,140,140,666,0,8,14.660297147158373,4.270899997209199,138.236799997685,7732.112612612613
1782218017,2,,Aggregated,0.300000,0.000000,8,21,23,24,27,35,42,52,140,140,140,666,0,8,14.660297147158373,4.270899997209199,138.236799997685,7732.112612612613
1782218018,2,,Aggregated,0.300000,0.000000,8,21,23,24,27,35,42,52,140,140,140,666,0,8,14.660297147158373,4.270899997209199,138.236799997685,7732.112612612613
1782218019,2,,Aggregated,0.300000,0.000000,8,21,23,24,27,35,42,52,140,140,140,666,0,8,14.660297147158373,4.270899997209199,138.236799997685,7732.112612612613
1782218020,2,,Aggregated,0.400000,0.000000,8,21,23,24,27,35,42,52,140,140,140,667,0,8,14.647722638691594,4.270899997209199,138.236799997685,7729.313343328336
1782218021,2,,Aggregated,0.300000,0.000000,8,20,23,24,27,35,42,52,140,140,140,668,0,8,14.633615269472674,4.270899997209199,138.236799997685,7725.357784431138
1782218022,2,,Aggregated,0.300000,0.000000,8,20,23,24,27,35,42,52,140,140,140,668,0,8,14.633615269472674,4.270899997209199,138.236799997685,7725.357784431138
1782218023,2,,Aggregated,0.300000,0.000000,8,20,23,24,27,35,42,52,140,140,140,668,0,8,14.633615269472674,4.270899997209199,138.236799997685,7725.357784431138
1782218024,2,,Aggregated,0.300000,0.000000,8,20,23,24,27,35,42,52,140,140,140,668,0,8,14.633615269472674,4.270899997209199,138.236799997685,7725.357784431138
1782218025,2,,Aggregated,0.400000,0.000000,8,21,23,24,27,35,42,52,140,140,140,669,0,8,14.648310762345623,4.270899997209199,138.236799997685,7729.503736920778
1782218026,2,,Aggregated,0.400000,0.000000,8,21,23,24,27,35,42,52,140,140,140,669,0,8,14.648310762345623,4.270899997209199,138.236799997685,7729.503736920778
1782218028,2,,Aggregated,0.400000,0.000000,8,21,23,24,27,35,42,52,140,140,140,669,0,8,14.648310762345623,4.270899997209199,138.236799997685,7729.503736920778
1782218029,2,,Aggregated,0.400000,0.000000,8,21,23,24,27,35,42,52,140,140,140,669,0,8,14.648310762345623,4.270899997209199,138.236799997685,7729.503736920778
1782218030,2,,Aggregated,0.400000,0.000000,8,21,23,24,27,35,42,52,140,140,140,669,0,8,14.648310762345623,4.270899997209199,138.236799997685,7729.503736920778
1782218031,2,,Aggregated,0.300000,0.000000,8,21,23,24,27,35,42,52,140,140,140,670,0,8,14.635015820907151,4.270899997209199,138.236799997685,7726.720895522388
1782218032,2,,Aggregated,0.300000,0.000000,8,21,23,24,27,35,42,52,140,140,140,671,0,8,14.649733681086088,4.270899997209199,138.236799997685,7730.852459016393
1782218033,2,,Aggregated,0.300000,0.000000,8,21,23,24,27,35,42,52,140,140,140,671,0,8,14.649733681086088,4.270899997209199,138.236799997685,7730.852459016393
1782218034,2,,Aggregated,0.300000,0.000000,8,21,23,24,27,35,42,52,140,140,140,671,0,8,14.649733681086088,4.270899997209199,138.236799997685,7730.852459016393
1782218035,2,,Aggregated,0.300000,0.000000,8,21,23,24,27,35,42,52,140,140,140,671,0,8,14.649733681086088,4.270899997209199,138.236799997685,7730.852459016393
1782218036,2,,Aggregated,0.300000,0.000000,8,21,23,24,27,35,42,52,140,140,140,672,0,8,14.636292559544017,4.270899997209199,138.236799997685,7728.075892857143
1782218037,2,,Aggregated,0.300000,0.000000,8,21,23,24,27,35,42,52,140,140,140,672,0,8,14.636292559544017,4.270899997209199,138.236799997685,7728.075892857143
1782218038,2,,Aggregated,0.300000,0.000000,8,21,23,24,27,35,42,52,140,140,140,672,0,8,14.636292559544017,4.270899997209199,138.236799997685,7728.075892857143
1782218039,2,,Aggregated,0.300000,0.000000,8,21,23,24,27,35,42,52,140,140,140,672,0,8,14.636292559544017,4.270899997209199,138.236799997685,7728.075892857143
1782218040,2,,Aggregated,0.300000,0.000000,8,21,23,24,27,35,42,52,140,140,140,672,0,8,14.636292559544017,4.270899997209199,138.236799997685,7728.075892857143
1782218041,2,,Aggregated,0.300000,0.000000,8,21,23,24,27,35,42,52,140,140,140,673,0,8,14.648478157532208,4.270899997209199,138.236799997685,7732.193164933135
1782218042,2,,Aggregated,0.300000,0.000000,8,21,23,24,27,35,42,52,140,140,140,673,0,8,14.648478157532208,4.270899997209199,138.236799997685,7732.193164933135
1782218043,2,,Aggregated,0.300000,0.000000,8,21,23,24,27,35,42,52,140,140,140,673,0,8,14.648478157532208,4.270899997209199,138.236799997685,7732.193164933135
1782218044,2,,Aggregated,0.300000,0.000000,8,21,23,24,27,35,42,52,140,140,140,673,0,8,14.648478157532208,4.270899997209199,138.236799997685,7732.193164933135
1782218045,2,,Aggregated,0.200000,0.000000,8,21,23,24,27,35,42,52,140,140,140,674,0,8,14.63775133533757,4.270899997209199,138.236799997685,7729.422848664688
1782218046,2,,Aggregated,0.200000,0.000000,8,21,23,24,27,35,42,52,140,140,140,674,0,8,14.63775133533757,4.270899997209199,138.236799997685,7729.422848664688
1782218047,2,,Aggregated,0.200000,0.000000,8,21,23,24,27,35,42,52,140,140,140,674,0,8,14.63775133533757,4.270899997209199,138.236799997685,7729.422848664688
1782218048,2,,Aggregated,0.300000,0.000000,8,21,23,24,27,35,42,52,140,140,140,675,0,8,14.62557200002872,4.270899997209199,138.236799997685,7725.508148148148
1782218049,2,,Aggregated,0.300000,0.000000,8,21,23,24,27,35,42,52,140,140,140,675,0,8,14.62557200002872,4.270899997209199,138.236799997685,7725.508148148148
1782218050,2,,Aggregated,0.200000,0.000000,8,21,23,24,27,35,42,52,140,140,140,676,0,8,14.613070414238333,4.270899997209199,138.236799997685,7722.755917159763
1782218051,2,,Aggregated,0.200000,0.000000,8,21,23,24,27,35,42,52,140,140,140,676,0,8,14.613070414238333,4.270899997209199,138.236799997685,7722.755917159763
1782218052,2,,Aggregated,0.200000,0.000000,8,21,23,24,27,35,42,52,140,140,140,676,0,8,14.613070414238333,4.270899997209199,138.236799997685,7722.755917159763
1782218053,2,,Aggregated,0.200000,0.000000,8,21,23,24,27,35,42,52,140,140,140,676,0,8,14.613070414238333,4.270899997209199,138.236799997685,7722.755917159763
1782218054,2,,Aggregated,0.400000,0.000000,8,20,23,24,27,35,42,52,140,140,140,677,0,8,14.60046912854504,4.270899997209199,138.236799997685,7720.011816838995
1782218055,2,,Aggregated,0.400000,0.000000,8,20,23,24,27,35,42,52,140,140,140,677,0,8,14.60046912854504,4.270899997209199,138.236799997685,7720.011816838995
1782218056,2,,Aggregated,0.400000,0.000000,8,20,23,24,27,35,42,52,140,140,140,677,0,8,14.60046912854504,4.270899997209199,138.236799997685,7720.011816838995
1782218057,2,,Aggregated,0.400000,0.000000,8,20,23,24,27,35,42,52,140,140,140,677,0,8,14.60046912854504,4.270899997209199,138.236799997685,7720.011816838995
1782218058,2,,Aggregated,0.300000,0.000000,8,20,23,24,27,35,42,52,140,140,140,678,0,8,14.58998982303767,4.270899997209199,138.236799997685,7717.27581120944
1782218059,2,,Aggregated,0.300000,0.000000,8,20,23,24,27,35,42,52,140,140,140,678,0,8,14.58998982303767,4.270899997209199,138.236799997685,7717.27581120944
1782218060,2,,Aggregated,0.300000,0.000000,8,20,23,24,27,35,42,52,140,140,140,678,0,8,14.58998982303767,4.270899997209199,138.236799997685,7717.27581120944
1782218061,2,,Aggregated,0.300000,0.000000,8,21,23,24,27,35,42,52,140,140,140,679,0,8,14.618068335818991,4.270899997209199,138.236799997685,7721.372606774668
1782218062,2,,Aggregated,0.300000,0.000000,8,21,23,24,27,35,42,52,140,140,140,679,0,8,14.618068335818991,4.270899997209199,138.236799997685,7721.372606774668
1782218063,2,,Aggregated,0.300000,0.000000,8,21,23,24,27,35,42,52,140,140,140,679,0,8,14.618068335818991,4.270899997209199,138.236799997685,7721.372606774668
1782218064,2,,Aggregated,0.300000,0.000000,8,21,23,24,27,35,42,52,140,140,140,679,0,8,14.618068335818991,4.270899997209199,138.236799997685,7721.372606774668
1782218065,2,,Aggregated,0.300000,0.000000,8,21,23,24,27,35,42,52,140,140,140,679,0,8,14.618068335818991,4.270899997209199,138.236799997685,7721.372606774668
1782218066,2,,Aggregated,0.300000,0.000000,8,21,23,24,27,35,42,52,140,140,140,679,0,8,14.618068335818991,4.270899997209199,138.236799997685,7721.372606774668
1782218067,2,,Aggregated,0.300000,0.000000,8,21,23,24,27,35,42,52,140,140,140,679,0,8,14.618068335818991,4.270899997209199,138.236799997685,7721.372606774668
1782218068,2,,Aggregated,0.200000,0.000000,8,21,23,24,27,35,42,52,140,140,140,680,0,8,14.63046985296815,4.270899997209199,138.236799997685,7725.457352941176
1782218069,2,,Aggregated,0.200000,0.000000,8,21,23,24,27,35,42,52,140,140,140,680,0,8,14.63046985296815,4.270899997209199,138.236799997685,7725.457352941176
1782218070,2,,Aggregated,0.200000,0.000000,8,21,23,24,27,35,42,52,140,140,140,681,0,8,14.618799265809736,4.270899997209199,138.236799997685,7722.725403817914
1782218071,2,,Aggregated,0.200000,0.000000,8,21,23,24,27,35,42,52,140,140,140,681,0,8,14.618799265809736,4.270899997209199,138.236799997685,7722.725403817914
1782218072,2,,Aggregated,0.200000,0.000000,8,21,23,24,27,35,42,52,140,140,140,681,0,8,14.618799265809736,4.270899997209199,138.236799997685,7722.725403817914
1782218073,2,,Aggregated,0.200000,0.000000,8,21,23,24,27,35,42,52,140,140,140,681,0,8,14.618799265809736,4.270899997209199,138.236799997685,7722.725403817914
1782218074,2,,Aggregated,0.200000,0.000000,8,21,23,24,27,35,42,52,140,140,140,681,0,8,14.618799265809736,4.270899997209199,138.236799997685,7722.725403817914
1782218075,2,,Aggregated,0.200000,0.000000,8,21,23,24,27,35,42,52,140,140,140,682,0,8,14.629706305006087,4.270899997209199,138.236799997685,7726.796187683284
1782218076,2,,Aggregated,0.200000,0.000000,8,21,23,24,27,35,42,52,140,140,140,682,0,8,14.629706305006087,4.270899997209199,138.236799997685,7726.796187683284
1782218077,2,,Aggregated,0.200000,0.000000,8,21,23,24,27,35,42,52,140,140,140,682,0,8,14.629706305006087,4.270899997209199,138.236799997685,7726.796187683284
1782218078,2,,Aggregated,0.200000,0.000000,8,21,23,24,27,35,42,52,140,140,140,682,0,8,14.629706305006087,4.270899997209199,138.236799997685,7726.796187683284
1782218079,2,,Aggregated,0.200000,0.000000,8,21,23,24,27,35,42,52,140,140,140,682,0,8,14.629706305006087,4.270899997209199,138.236799997685,7726.796187683284
1782218080,2,,Aggregated,0.300000,0.000000,8,21,23,24,27,35,42,52,140,140,140,683,0,8,14.628433382164092,4.270899997209199,138.236799997685,7730.85505124451
1782218081,2,,Aggregated,0.300000,0.000000,8,21,23,24,27,35,42,52,140,140,140,683,0,8,14.628433382164092,4.270899997209199,138.236799997685,7730.85505124451
1782218082,2,,Aggregated,0.300000,0.000000,8,21,23,24,27,35,42,52,140,140,140,683,0,8,14.628433382164092,4.270899997209199,138.236799997685,7730.85505124451
1782218083,2,,Aggregated,0.200000,0.000000,8,21,23,24,27,35,42,52,140,140,140,684,0,8,14.615271637448615,4.270899997209199,138.236799997685,7728.127192982456
1782218084,2,,Aggregated,0.200000,0.000000,8,21,23,24,27,35,42,52,140,140,140,684,0,8,14.615271637448615,4.270899997209199,138.236799997685,7728.127192982456
1782218085,2,,Aggregated,0.200000,0.000000,8,21,23,24,27,35,42,52,140,140,140,684,0,8,14.615271637448615,4.270899997209199,138.236799997685,7728.127192982456
1782218086,2,,Aggregated,0.200000,0.000000,8,21,23,24,27,35,42,52,140,140,140,684,0,8,14.615271637448615,4.270899997209199,138.236799997685,7728.127192982456
1782218087,2,,Aggregated,0.200000,0.000000,8,21,23,24,27,35,42,52,140,140,140,684,0,8,14.615271637448615,4.270899997209199,138.236799997685,7728.127192982456
1782218088,2,,Aggregated,0.300000,0.000000,8,21,23,24,27,35,42,52,140,140,140,685,0,8,14.60477751827362,4.270899997209199,138.236799997685,7725.407299270073
1782218089,2,,Aggregated,0.300000,0.000000,8,21,23,24,27,35,42,52,140,140,140,685,0,8,14.60477751827362,4.270899997209199,138.236799997685,7725.407299270073
1782218090,2,,Aggregated,0.300000,0.000000,8,21,23,24,27,35,42,52,140,140,140,685,0,8,14.60477751827362,4.270899997209199,138.236799997685,7725.407299270073
1782218091,2,,Aggregated,0.300000,0.000000,8,20,23,24,27,35,42,52,140,140,140,686,0,8,14.594133819267425,4.270899997209199,138.236799997685,7721.561224489796
1782218092,2,,Aggregated,0.300000,0.000000,8,20,23,24,27,35,42,52,140,140,140,686,0,8,14.594133819267425,4.270899997209199,138.236799997685,7721.561224489796
1782218093,2,,Aggregated,0.300000,0.000000,8,20,23,24,27,35,42,52,140,140,140,686,0,8,14.594133819267425,4.270899997209199,138.236799997685,7721.561224489796
1782218094,2,,Aggregated,0.300000,0.000000,8,20,23,24,27,35,42,52,140,140,140,686,0,8,14.594133819267425,4.270899997209199,138.236799997685,7721.561224489796
1782218095,2,,Aggregated,0.300000,0.000000,8,20,23,24,27,35,42,52,140,140,140,686,0,8,14.594133819267425,4.270899997209199,138.236799997685,7721.561224489796
1782218096,2,,Aggregated,0.200000,0.000000,8,20,23,24,27,35,42,52,140,140,140,687,0,8,14.581379039326002,4.270899997209199,138.236799997685,7718.858806404658
1782218097,2,,Aggregated,0.200000,0.000000,8,21,23,24,27,35,43,52,140,140,140,688,0,8,14.633076162808297,4.270899997209199,138.236799997685,7722.899709302325
1782218098,2,,Aggregated,0.200000,0.000000,8,21,23,24,27,35,43,52,140,140,140,688,0,8,14.633076162808297,4.270899997209199,138.236799997685,7722.899709302325
1782218099,2,,Aggregated,0.200000,0.000000,8,21,23,24,27,35,43,52,140,140,140,688,0,8,14.633076162808297,4.270899997209199,138.236799997685,7722.899709302325
1782218100,2,,Aggregated,0.200000,0.000000,8,21,23,24,27,35,43,52,140,140,140,688,0,8,14.633076162808297,4.270899997209199,138.236799997685,7722.899709302325
1782218101,2,,Aggregated,0.200000,0.000000,8,21,23,24,27,35,43,52,140,140,140,688,0,8,14.633076162808297,4.270899997209199,138.236799997685,7722.899709302325
1782218102,2,,Aggregated,0.300000,0.000000,8,21,23,24,29,35,43,52,140,140,140,689,0,8,14.661652104515046,4.270899997209199,138.236799997685,7726.928882438317
1782218103,2,,Aggregated,0.300000,0.000000,8,21,23,24,29,35,43,52,140,140,140,689,0,8,14.661652104515046,4.270899997209199,138.236799997685,7726.928882438317
1782218104,2,,Aggregated,0.300000,0.000000,8,21,23,24,29,35,43,52,140,140,140,689,0,8,14.661652104515046,4.270899997209199,138.236799997685,7726.928882438317
1782218105,2,,Aggregated,0.300000,0.000000,8,21,23,24,29,35,43,52,140,140,140,690,0,8,14.659131014512083,4.270899997209199,138.236799997685,7730.946376811594
1782218106,2,,Aggregated,0.300000,0.000000,8,21,23,24,29,35,43,52,140,140,140,690,0,8,14.659131014512083,4.270899997209199,138.236799997685,7730.946376811594
1782218107,2,,Aggregated,0.300000,0.000000,8,21,23,24,29,35,43,52,140,140,140,690,0,8,14.659131014512083,4.270899997209199,138.236799997685,7730.946376811594
1782218108,2,,Aggregated,0.300000,0.000000,8,21,23,24,29,35,43,52,140,140,140,690,0,8,14.659131014512083,4.270899997209199,138.236799997685,7730.946376811594
1782218109,2,,Aggregated,0.200000,0.000000,8,21,23,24,27,35,43,52,140,140,140,691,0,8,14.645986396552912,4.270899997209199,138.236799997685,7727.12011577424
1782218110,2,,Aggregated,0.200000,0.000000,8,21,23,24,27,35,43,52,140,140,140,691,0,8,14.645986396552912,4.270899997209199,138.236799997685,7727.12011577424
1782218111,2,,Aggregated,0.200000,0.000000,8,21,23,24,27,35,43,52,140,140,140,691,0,8,14.645986396552912,4.270899997209199,138.236799997685,7727.12011577424
1782218112,2,,Aggregated,0.200000,0.000000,8,21,23,24,27,35,43,52,140,140,140,691,0,8,14.645986396552912,4.270899997209199,138.236799997685,7727.12011577424
1782218113,2,,Aggregated,0.300000,0.000000,8,20,23,24,27,35,43,52,140,140,140,692,0,8,14.635792774595105,4.270899997209199,138.236799997685,7723.304913294798
1782218114,2,,Aggregated,0.300000,0.000000,8,20,23,24,27,35,43,52,140,140,140,692,0,8,14.635792774595105,4.270899997209199,138.236799997685,7723.304913294798
1782218115,2,,Aggregated,0.300000,0.000000,8,20,23,24,27,35,43,52,140,140,140,692,0,8,14.635792774595105,4.270899997209199,138.236799997685,7723.304913294798
1782218116,2,,Aggregated,0.300000,0.000000,8,20,23,24,27,35,43,52,140,140,140,692,0,8,14.635792774595105,4.270899997209199,138.236799997685,7723.304913294798
1782218117,2,,Aggregated,0.300000,0.000000,8,20,23,24,27,35,43,52,140,140,140,692,0,8,14.635792774595105,4.270899997209199,138.236799997685,7723.304913294798
1782218118,2,,Aggregated,0.300000,0.000000,8,20,23,24,27,35,43,52,140,140,140,693,0,8,14.624939393972381,4.270899997209199,138.236799997685,7720.623376623376
1782218119,2,,Aggregated,0.300000,0.000000,8,20,23,24,27,35,43,52,140,140,140,693,0,8,14.624939393972381,4.270899997209199,138.236799997685,7720.623376623376
1782218120,2,,Aggregated,0.300000,0.000000,8,20,23,24,27,35,43,52,140,140,140,693,0,8,14.624939393972381,4.270899997209199,138.236799997685,7720.623376623376
1782218121,2,,Aggregated,0.300000,0.000000,8,21,23,24,27,35,43,52,140,140,140,694,0,8,14.634395965446885,4.270899997209199,138.236799997685,7724.626801152738
1782218122,2,,Aggregated,0.300000,0.000000,8,21,23,24,27,35,43,52,140,140,140,694,0,8,14.634395965446885,4.270899997209199,138.236799997685,7724.626801152738
1782218123,2,,Aggregated,0.300000,0.000000,8,21,23,24,27,35,43,52,140,140,140,694,0,8,14.634395965446885,4.270899997209199,138.236799997685,7724.626801152738
1782218124,2,,Aggregated,0.300000,0.000000,8,21,23,24,27,35,43,52,140,140,140,694,0,8,14.634395965446885,4.270899997209199,138.236799997685,7724.626801152738
1782218125,2,,Aggregated,0.300000,0.000000,8,21,23,24,27,35,43,52,140,140,140,695,0,8,14.650471223044635,4.270899997209199,138.236799997685,7728.618705035971
1782218126,2,,Aggregated,0.300000,0.000000,8,21,23,24,27,35,43,52,140,140,140,695,0,8,14.650471223044635,4.270899997209199,138.236799997685,7728.618705035971
1782218127,2,,Aggregated,0.200000,0.000000,8,21,23,24,27,35,43,52,140,140,140,696,0,8,14.664299856341476,4.270899997209199,138.236799997685,7732.599137931034
1782218128,2,,Aggregated,0.200000,0.000000,8,21,23,24,27,35,43,52,140,140,140,696,0,8,14.664299856341476,4.270899997209199,138.236799997685,7732.599137931034
1782218129,2,,Aggregated,0.200000,0.000000,8,21,23,24,27,35,43,52,140,140,140,696,0,8,14.664299856341476,4.270899997209199,138.236799997685,7732.599137931034
1782218130,2,,Aggregated,0.200000,0.000000,8,21,23,24,27,35,43,52,140,140,140,696,0,8,14.664299856341476,4.270899997209199,138.236799997685,7732.599137931034
1782218131,2,,Aggregated,0.300000,0.000000,8,21,23,24,27,35,43,52,140,140,140,698,0,8,14.654675358182962,4.270899997209199,138.236799997685,7740.5257879656165
1782218132,2,,Aggregated,0.300000,0.000000,8,21,23,24,27,35,43,52,140,140,140,698,0,8,14.654675358182962,4.270899997209199,138.236799997685,7740.5257879656165
1782218133,2,,Aggregated,0.300000,0.000000,8,21,23,24,27,35,43,52,140,140,140,698,0,8,14.654675358182962,4.270899997209199,138.236799997685,7740.5257879656165
1782218135,2,,Aggregated,0.300000,0.000000,8,21,23,24,27,35,43,52,140,140,140,698,0,8,14.654675358182962,4.270899997209199,138.236799997685,7740.5257879656165
1782218136,2,,Aggregated,0.300000,0.000000,8,21,23,24,27,35,43,52,140,140,140,698,0,8,14.654675358182962,4.270899997209199,138.236799997685,7740.5257879656165
1782218137,2,,Aggregated,0.300000,0.000000,8,21,23,24,27,35,43,52,140,140,140,698,0,8,14.654675358182962,4.270899997209199,138.236799997685,7740.5257879656165
1782218138,2,,Aggregated,0.300000,0.000000,8,21,23,24,27,35,43,52,140,140,140,698,0,8,14.654675358182962,4.270899997209199,138.236799997685,7740.5257879656165
1782218139,2,,Aggregated,0.300000,0.000000,8,21,23,24,27,35,43,52,140,140,140,698,0,8,14.654675358182962,4.270899997209199,138.236799997685,7740.5257879656165
1782218140,2,,Aggregated,0.300000,0.000000,8,21,23,24,27,35,43,52,140,140,140,698,0,8,14.654675358182962,4.270899997209199,138.236799997685,7740.5257879656165
1782218141,2,,Aggregated,0.200000,0.000000,8,21,23,24,27,35,43,52,140,140,140,700,0,8,14.666403714311725,4.270899997209199,138.236799997685,7748.407142857143
1782218142,2,,Aggregated,0.200000,0.000000,8,21,23,24,27,35,43,52,140,140,140,700,0,8,14.666403714311725,4.270899997209199,138.236799997685,7748.407142857143
1782218143,2,,Aggregated,0.200000,0.000000,8,21,23,24,27,35,43,52,140,140,140,700,0,8,14.666403714311725,4.270899997209199,138.236799997685,7748.407142857143
1782218144,2,,Aggregated,0.200000,0.000000,8,21,23,24,27,35,43,52,140,140,140,700,0,8,14.666403714311725,4.270899997209199,138.236799997685,7748.407142857143
1782218145,2,,Aggregated,0.200000,0.000000,8,21,23,24,27,35,43,52,140,140,140,700,0,8,14.666403714311725,4.270899997209199,138.236799997685,7748.407142857143
1782218146,2,,Aggregated,0.200000,0.000000,8,21,23,24,27,35,43,52,140,140,140,700,0,8,14.666403714311725,4.270899997209199,138.236799997685,7748.407142857143
1782218147,2,,Aggregated,0.200000,0.000000,8,21,23,24,27,35,43,52,140,140,140,700,0,8,14.666403714311725,4.270899997209199,138.236799997685,7748.407142857143
1782218148,2,,Aggregated,0.200000,0.000000,8,21,23,24,27,35,42,50,140,140,140,701,0,8,14.693017974342688,4.270899997209199,138.236799997685,7752.330955777461
1782218149,2,,Aggregated,0.200000,0.000000,8,21,23,24,27,35,42,50,140,140,140,701,0,8,14.693017974342688,4.270899997209199,138.236799997685,7752.330955777461
1782218150,2,,Aggregated,0.200000,0.000000,8,21,23,24,27,35,42,50,140,140,140,701,0,8,14.693017974342688,4.270899997209199,138.236799997685,7752.330955777461
1782218151,2,,Aggregated,0.300000,0.000000,8,21,23,24,27,35,42,50,140,140,140,702,0,8,14.687917663834268,4.270899997209199,138.236799997685,7756.24358974359
1782218152,2,,Aggregated,0.300000,0.000000,8,21,23,24,27,35,42,50,140,140,140,703,0,8,14.68398108109908,4.270899997209199,138.236799997685,7760.145092460882
1782218153,2,,Aggregated,0.300000,0.000000,8,21,23,24,27,35,42,50,140,140,140,703,0,8,14.68398108109908,4.270899997209199,138.236799997685,7760.145092460882
1782218154,2,,Aggregated,0.300000,0.000000,8,21,23,24,27,35,42,50,140,140,140,703,0,8,14.68398108109908,4.270899997209199,138.236799997685,7760.145092460882
1782218155,2,,Aggregated,0.300000,0.000000,8,21,23,24,27,35,42,50,140,140,140,703,0,8,14.68398108109908,4.270899997209199,138.236799997685,7760.145092460882
1782218156,2,,Aggregated,0.300000,0.000000,8,21,23,24,27,35,42,50,140,140,140,703,0,8,14.68398108109908,4.270899997209199,138.236799997685,7760.145092460882
1782218157,2,,Aggregated,0.300000,0.000000,8,21,23,24,27,35,42,50,140,140,140,703,0,8,14.68398108109908,4.270899997209199,138.236799997685,7760.145092460882
1782218158,2,,Aggregated,0.300000,0.000000,8,21,23,24,27,35,42,50,140,140,140,703,0,8,14.68398108109908,4.270899997209199,138.236799997685,7760.145092460882
1782218159,2,,Aggregated,0.300000,0.000000,8,21,23,24,27,35,42,50,140,140,140,705,0,8,14.693614326257272,4.270899997209199,138.236799997685,7767.914893617021
1782218160,2,,Aggregated,0.300000,0.000000,8,21,23,24,27,35,42,50,140,140,140,705,0,8,14.693614326257272,4.270899997209199,138.236799997685,7767.914893617021
1782218161,2,,Aggregated,0.300000,0.000000,8,21,23,24,27,35,42,50,140,140,140,705,0,8,14.693614326257272,4.270899997209199,138.236799997685,7767.914893617021
1782218162,2,,Aggregated,0.300000,0.000000,8,21,23,24,27,35,42,50,140,140,140,705,0,8,14.693614326257272,4.270899997209199,138.236799997685,7767.914893617021
1782218163,2,,Aggregated,0.400000,0.000000,8,21,23,24,27,35,42,50,140,140,140,706,0,8,14.682629461773779,4.270899997209199,138.236799997685,7765.21954674221
1782218164,2,,Aggregated,0.400000,0.000000,8,21,23,24,27,35,42,50,140,140,140,706,0,8,14.682629461773779,4.270899997209199,138.236799997685,7765.21954674221
1782218165,2,,Aggregated,0.400000,0.000000,8,21,23,24,27,35,42,50,140,140,140,706,0,8,14.682629461773779,4.270899997209199,138.236799997685,7765.21954674221
1782218166,2,,Aggregated,0.400000,0.000000,8,21,23,24,27,35,42,50,140,140,140,706,0,8,14.682629461773779,4.270899997209199,138.236799997685,7765.21954674221
1782218167,2,,Aggregated,0.400000,0.000000,8,21,23,24,27,35,42,50,140,140,140,706,0,8,14.682629461773779,4.270899997209199,138.236799997685,7765.21954674221
1782218168,2,,Aggregated,0.300000,0.000000,8,21,23,24,27,35,42,50,140,140,140,707,0,8,14.695264780777013,4.270899997209199,138.236799997685,7769.086280056577
1782218169,2,,Aggregated,0.300000,0.000000,8,21,23,24,27,35,42,50,140,140,140,707,0,8,14.695264780777013,4.270899997209199,138.236799997685,7769.086280056577
1782218170,2,,Aggregated,0.300000,0.000000,8,21,23,24,27,35,42,50,140,140,140,708,0,8,14.68355070623363,4.270899997209199,138.236799997685,7765.29802259887
1782218171,2,,Aggregated,0.300000,0.000000,8,21,23,24,27,35,42,50,140,140,140,708,0,8,14.68355070623363,4.270899997209199,138.236799997685,7765.29802259887
1782218172,2,,Aggregated,0.300000,0.000000,8,21,23,24,27,35,42,50,140,140,140,708,0,8,14.68355070623363,4.270899997209199,138.236799997685,7765.29802259887
1782218173,2,,Aggregated,0.300000,0.000000,8,21,23,24,27,35,42,50,140,140,140,708,0,8,14.68355070623363,4.270899997209199,138.236799997685,7765.29802259887
1782218174,2,,Aggregated,0.300000,0.000000,8,21,23,24,27,35,42,50,140,140,140,709,0,8,14.670108462639853,4.270899997209199,138.236799997685,7762.617771509168
1782218175,2,,Aggregated,0.300000,0.000000,8,21,23,24,27,35,42,50,140,140,140,709,0,8,14.670108462639853,4.270899997209199,138.236799997685,7762.617771509168
1782218176,2,,Aggregated,0.300000,0.000000,8,21,23,24,27,35,42,50,140,140,140,709,0,8,14.670108462639853,4.270899997209199,138.236799997685,7762.617771509168
1782218177,2,,Aggregated,0.300000,0.000000,8,21,23,24,27,35,42,50,140,140,140,709,0,8,14.670108462639853,4.270899997209199,138.236799997685,7762.617771509168
1782218178,2,,Aggregated,0.300000,0.000000,8,21,23,24,27,35,42,50,140,140,140,710,0,8,14.659491971850027,4.270899997209199,138.236799997685,7759.9450704225355
1782218179,2,,Aggregated,0.300000,0.000000,8,21,23,24,27,35,42,50,140,140,140,710,0,8,14.659491971850027,4.270899997209199,138.236799997685,7759.9450704225355
1782218180,2,,Aggregated,0.300000,0.000000,8,21,23,24,27,35,42,50,140,140,140,710,0,8,14.659491971850027,4.270899997209199,138.236799997685,7759.9450704225355
1782218181,2,,Aggregated,0.300000,0.000000,8,21,23,24,27,35,42,50,140,140,140,711,0,8,14.646548523231797,4.270899997209199,138.236799997685,7757.279887482419
1782218182,2,,Aggregated,0.300000,0.000000,8,21,23,24,27,35,42,50,140,140,140,711,0,8,14.646548523231797,4.270899997209199,138.236799997685,7757.279887482419
1782218183,2,,Aggregated,0.300000,0.000000,8,21,23,24,27,35,42,50,140,140,140,711,0,8,14.646548523231797,4.270899997209199,138.236799997685,7757.279887482419
1782218184,2,,Aggregated,0.300000,0.000000,8,21,23,24,27,35,42,50,140,140,140,711,0,8,14.646548523231797,4.270899997209199,138.236799997685,7757.279887482419
1782218185,2,,Aggregated,0.300000,0.000000,8,21,23,24,27,35,42,50,140,140,140,711,0,8,14.646548523231797,4.270899997209199,138.236799997685,7757.279887482419
1782218186,2,,Aggregated,0.200000,0.000000,8,20,23,24,27,35,42,50,140,140,140,712,0,8,14.634704353953525,4.270899997209199,138.236799997685,7754.622191011236
1782218187,2,,Aggregated,0.200000,0.000000,8,20,23,24,27,35,42,50,140,140,140,712,0,8,14.634704353953525,4.270899997209199,138.236799997685,7754.622191011236
1782218188,2,,Aggregated,0.200000,0.000000,8,20,23,24,27,35,42,50,140,140,140,712,0,8,14.634704353953525,4.270899997209199,138.236799997685,7754.622191011236
1782218189,2,,Aggregated,0.200000,0.000000,8,20,23,24,27,35,42,50,140,140,140,713,0,8,14.62333674615794,4.270899997209199,138.236799997685,7750.880785413745
1782218190,2,,Aggregated,0.200000,0.000000,8,20,23,24,27,35,42,50,140,140,140,713,0,8,14.62333674615794,4.270899997209199,138.236799997685,7750.880785413745
1782218191,2,,Aggregated,0.200000,0.000000,8,20,23,24,27,35,42,50,140,140,140,713,0,8,14.62333674615794,4.270899997209199,138.236799997685,7750.880785413745
1782218192,2,,Aggregated,0.200000,0.000000,8,20,23,24,27,35,42,50,140,140,140,713,0,8,14.62333674615794,4.270899997209199,138.236799997685,7750.880785413745
1782218193,2,,Aggregated,0.200000,0.000000,8,20,23,24,27,35,42,50,140,140,140,713,0,8,14.62333674615794,4.270899997209199,138.236799997685,7750.880785413745
1782218194,2,,Aggregated,0.200000,0.000000,8,21,23,24,27,35,42,50,140,140,140,714,0,8,14.637003361366666,4.270899997209199,138.236799997685,7754.729691876751
1782218195,2,,Aggregated,0.200000,0.000000,8,21,23,24,27,35,42,50,140,140,140,714,0,8,14.637003361366666,4.270899997209199,138.236799997685,7754.729691876751
1782218196,2,,Aggregated,0.200000,0.000000,8,21,23,24,27,35,42,50,140,140,140,714,0,8,14.637003361366666,4.270899997209199,138.236799997685,7754.729691876751
1782218197,2,,Aggregated,0.200000,0.000000,8,21,23,24,27,35,42,50,140,140,140,714,0,8,14.637003361366666,4.270899997209199,138.236799997685,7754.729691876751
1782218198,2,,Aggregated,0.300000,0.000000,8,20,23,24,27,35,42,50,140,140,140,715,0,8,14.626731468552652,4.270899997209199,138.236799997685,7752.086713286713
1782218199,2,,Aggregated,0.300000,0.000000,8,20,23,24,27,35,42,50,140,140,140,715,0,8,14.626731468552652,4.270899997209199,138.236799997685,7752.086713286713
1782218200,2,,Aggregated,0.300000,0.000000,8,20,23,24,27,35,42,50,140,140,140,715,0,8,14.626731468552652,4.270899997209199,138.236799997685,7752.086713286713
1782218201,2,,Aggregated,0.200000,0.000000,8,20,23,24,27,35,42,50,140,140,140,716,0,8,14.616036033541157,4.270899997209199,138.236799997685,7749.4511173184355
1782218202,2,,Aggregated,0.200000,0.000000,8,20,23,24,27,35,42,50,140,140,140,716,0,8,14.616036033541157,4.270899997209199,138.236799997685,7749.4511173184355
1782218203,2,,Aggregated,0.200000,0.000000,8,20,23,24,27,35,42,50,140,140,140,716,0,8,14.616036033541157,4.270899997209199,138.236799997685,7749.4511173184355
1782218204,2,,Aggregated,0.200000,0.000000,8,20,23,24,27,35,42,50,140,140,140,716,0,8,14.616036033541157,4.270899997209199,138.236799997685,7749.4511173184355
1782218205,2,,Aggregated,0.200000,0.000000,8,20,23,24,27,35,42,50,140,140,140,716,0,8,14.616036033541157,4.270899997209199,138.236799997685,7749.4511173184355
1782218206,2,,Aggregated,0.300000,0.000000,8,20,23,24,27,35,42,50,140,140,140,718,0,8,14.591871866307232,4.270899997209199,138.236799997685,7744.201949860724
1782218207,2,,Aggregated,0.300000,0.000000,8,20,23,24,27,35,42,50,140,140,140,718,0,8,14.591871866307232,4.270899997209199,138.236799997685,7744.201949860724
1782218208,2,,Aggregated,0.300000,0.000000,8,20,23,24,27,35,42,50,140,140,140,718,0,8,14.591871866307232,4.270899997209199,138.236799997685,7744.201949860724
1782218209,2,,Aggregated,0.300000,0.000000,8,20,23,24,27,35,42,50,140,140,140,718,0,8,14.591871866307232,4.270899997209199,138.236799997685,7744.201949860724
1782218210,2,,Aggregated,0.300000,0.000000,8,20,23,24,27,35,42,50,140,140,140,718,0,8,14.591871866307232,4.270899997209199,138.236799997685,7744.201949860724
1782218211,2,,Aggregated,0.300000,0.000000,8,20,23,24,27,35,42,50,140,140,140,718,0,8,14.591871866307232,4.270899997209199,138.236799997685,7744.201949860724
1782218212,2,,Aggregated,0.300000,0.000000,8,20,23,24,27,35,42,50,140,140,140,718,0,8,14.591871866307232,4.270899997209199,138.236799997685,7744.201949860724
1782218213,2,,Aggregated,0.300000,0.000000,8,20,23,24,27,35,42,50,140,140,140,719,0,8,14.602410709328357,4.270899997209199,138.236799997685,7748.0333796940195
1782218214,2,,Aggregated,0.300000,0.000000,8,20,23,24,27,35,42,50,140,140,140,719,0,8,14.602410709328357,4.270899997209199,138.236799997685,7748.0333796940195
1782218215,2,,Aggregated,0.200000,0.000000,8,20,23,24,27,35,42,50,140,140,140,720,0,8,14.591674583344785,4.270899997209199,138.236799997685,7745.418055555556
1782218216,2,,Aggregated,0.200000,0.000000,8,20,23,24,27,35,42,50,140,140,140,720,0,8,14.591674583344785,4.270899997209199,138.236799997685,7745.418055555556
1782218217,2,,Aggregated,0.400000,0.000000,8,20,23,24,27,35,42,50,140,140,140,721,0,8,14.60059098475926,4.270899997209199,138.236799997685,7749.237170596394
1782218218,2,,Aggregated,0.400000,0.000000,8,20,23,24,27,35,42,50,140,140,140,721,0,8,14.60059098475926,4.270899997209199,138.236799997685,7749.237170596394
1782218219,2,,Aggregated,0.400000,0.000000,8,20,23,24,27,35,42,50,140,140,140,721,0,8,14.60059098475926,4.270899997209199,138.236799997685,7749.237170596394
1782218220,2,,Aggregated,0.400000,0.000000,8,20,23,24,27,35,42,50,140,140,140,721,0,8,14.60059098475926,4.270899997209199,138.236799997685,7749.237170596394
1782218221,2,,Aggregated,0.400000,0.000000,8,20,23,24,27,35,42,50,140,140,140,721,0,8,14.60059098475926,4.270899997209199,138.236799997685,7749.237170596394
1782218222,2,,Aggregated,0.400000,0.000000,8,20,23,24,27,35,42,50,140,140,140,721,0,8,14.60059098475926,4.270899997209199,138.236799997685,7749.237170596394
1782218223,2,,Aggregated,0.300000,0.000000,8,21,23,24,27,35,42,50,140,140,140,722,0,8,14.613550277022933,4.270899997209199,138.236799997685,7753.045706371191
1782218224,2,,Aggregated,0.300000,0.000000,8,21,23,24,27,35,42,50,140,140,140,723,0,8,14.610369017989427,4.270899997209199,138.236799997685,7756.843706777317
1782218225,2,,Aggregated,0.300000,0.000000,8,21,23,24,27,35,42,50,140,140,140,723,0,8,14.610369017989427,4.270899997209199,138.236799997685,7756.843706777317
1782218226,2,,Aggregated,0.300000,0.000000,8,21,23,24,27,35,42,50,140,140,140,723,0,8,14.610369017989427,4.270899997209199,138.236799997685,7756.843706777317
1782218227,2,,Aggregated,0.300000,0.000000,8,21,23,24,27,35,42,50,140,140,140,723,0,8,14.610369017989427,4.270899997209199,138.236799997685,7756.843706777317
1782218228,2,,Aggregated,0.300000,0.000000,8,20,23,24,27,35,42,50,140,140,140,724,0,8,14.601728314928097,4.270899997209199,138.236799997685,7753.156077348066
1782218229,2,,Aggregated,0.300000,0.000000,8,20,23,24,27,35,42,50,140,140,140,724,0,8,14.601728314928097,4.270899997209199,138.236799997685,7753.156077348066
1782218230,2,,Aggregated,0.300000,0.000000,8,21,23,24,27,35,42,50,140,140,140,725,0,8,14.61225986207739,4.270899997209199,138.236799997685,7756.9434482758625
1782218231,2,,Aggregated,0.300000,0.000000,8,21,23,24,27,35,42,50,140,140,140,725,0,8,14.61225986207739,4.270899997209199,138.236799997685,7756.9434482758625
1782218232,2,,Aggregated,0.300000,0.000000,8,21,23,24,27,35,42,50,140,140,140,725,0,8,14.61225986207739,4.270899997209199,138.236799997685,7756.9434482758625
1782218233,2,,Aggregated,0.300000,0.000000,8,21,23,24,27,35,42,50,140,140,140,725,0,8,14.61225986207739,4.270899997209199,138.236799997685,7756.9434482758625
1782218234,2,,Aggregated,0.300000,0.000000,8,21,23,24,27,35,42,50,140,140,140,725,0,8,14.61225986207739,4.270899997209199,138.236799997685,7756.9434482758625
1782218235,2,,Aggregated,0.400000,0.000000,8,21,23,24,27,35,42,50,140,140,140,726,0,8,14.624064600560734,4.270899997209199,138.236799997685,7760.720385674931
1782218236,2,,Aggregated,0.400000,0.000000,8,21,23,24,27,35,42,50,140,140,140,726,0,8,14.624064600560734,4.270899997209199,138.236799997685,7760.720385674931
1782218237,2,,Aggregated,0.200000,0.000000,8,21,23,24,27,35,42,50,140,140,140,727,0,8,14.612431636871914,4.270899997209199,138.236799997685,7757.042640990371
1782218238,2,,Aggregated,0.200000,0.000000,8,21,23,24,27,35,42,50,140,140,140,727,0,8,14.612431636871914,4.270899997209199,138.236799997685,7757.042640990371
1782218239,2,,Aggregated,0.200000,0.000000,8,21,23,24,27,35,42,50,140,140,140,727,0,8,14.612431636871914,4.270899997209199,138.236799997685,7757.042640990371
1782218240,2,,Aggregated,0.200000,0.000000,8,21,23,24,27,35,42,50,140,140,140,727,0,8,14.612431636871914,4.270899997209199,138.236799997685,7757.042640990371
1782218241,2,,Aggregated,0.200000,0.000000,8,21,23,24,27,35,42,50,140,140,140,727,0,8,14.612431636871914,4.270899997209199,138.236799997685,7757.042640990371
1782218242,2,,Aggregated,0.200000,0.000000,8,21,23,24,27,35,42,50,140,140,140,727,0,8,14.612431636871914,4.270899997209199,138.236799997685,7757.042640990371
1782218243,2,,Aggregated,0.200000,0.000000,8,21,23,24,27,35,42,50,140,140,140,728,0,8,14.602252197819125,4.270899997209199,138.236799997685,7754.443681318681
1782218244,2,,Aggregated,0.200000,0.000000,8,21,23,24,27,35,42,50,140,140,140,729,0,8,14.637458436232603,4.270899997209199,138.236799997685,7758.208504801098
1782218245,2,,Aggregated,0.200000,0.000000,8,21,23,24,27,35,42,50,140,140,140,729,0,8,14.637458436232603,4.270899997209199,138.236799997685,7758.208504801098
1782218246,2,,Aggregated,0.200000,0.000000,8,21,23,24,27,35,42,50,140,140,140,729,0,8,14.637458436232603,4.270899997209199,138.236799997685,7758.208504801098
1782218247,2,,Aggregated,0.200000,0.000000,8,21,23,24,27,35,42,50,140,140,140,729,0,8,14.637458436232603,4.270899997209199,138.236799997685,7758.208504801098
1782218249,2,,Aggregated,0.200000,0.000000,8,21,23,24,27,35,42,50,140,140,140,729,0,8,14.637458436232603,4.270899997209199,138.236799997685,7758.208504801098
1782218250,2,,Aggregated,0.200000,0.000000,8,21,23,24,27,35,42,50,140,140,140,729,0,8,14.637458436232603,4.270899997209199,138.236799997685,7758.208504801098
1782218251,2,,Aggregated,0.200000,0.000000,8,21,23,24,27,35,42,50,140,140,140,729,0,8,14.637458436232603,4.270899997209199,138.236799997685,7758.208504801098
1782218252,2,,Aggregated,0.200000,0.000000,8,21,23,24,27,35,42,50,140,140,140,729,0,8,14.637458436232603,4.270899997209199,138.236799997685,7758.208504801098
1782218253,2,,Aggregated,0.200000,0.000000,8,21,23,24,27,35,42,50,140,140,140,730,0,8,14.648723287694475,4.270899997209199,138.236799997685,7761.96301369863
1782218254,2,,Aggregated,0.200000,0.000000,8,21,23,24,27,35,42,50,140,140,140,731,0,8,14.644864705899968,4.270899997209199,138.236799997685,7765.707250341998
1782218255,2,,Aggregated,0.200000,0.000000,8,21,23,24,27,35,42,50,140,140,140,731,0,8,14.644864705899968,4.270899997209199,138.236799997685,7765.707250341998
1782218256,2,,Aggregated,0.200000,0.000000,8,21,23,24,27,35,42,50,140,140,140,731,0,8,14.644864705899968,4.270899997209199,138.236799997685,7765.707250341998
1782218257,2,,Aggregated,0.200000,0.000000,8,21,23,24,27,35,42,50,140,140,140,731,0,8,14.644864705899968,4.270899997209199,138.236799997685,7765.707250341998
1782218258,2,,Aggregated,0.200000,0.000000,8,21,23,24,27,35,42,50,140,140,140,732,0,8,14.632856420784726,4.270899997209199,138.236799997685,7762.04781420765
1782218259,2,,Aggregated,0.200000,0.000000,8,21,23,24,27,35,42,50,140,140,140,732,0,8,14.632856420784726,4.270899997209199,138.236799997685,7762.04781420765
1782218260,2,,Aggregated,0.200000,0.000000,8,21,23,24,27,35,42,50,140,140,140,732,0,8,14.632856420784726,4.270899997209199,138.236799997685,7762.04781420765
1782218261,2,,Aggregated,0.200000,0.000000,8,21,23,24,27,35,42,50,140,140,140,732,0,8,14.632856420784726,4.270899997209199,138.236799997685,7762.04781420765
1782218262,2,,Aggregated,0.200000,0.000000,8,21,23,24,27,35,42,50,140,140,140,732,0,8,14.632856420784726,4.270899997209199,138.236799997685,7762.04781420765
1782218263,2,,Aggregated,0.300000,0.000000,8,21,23,24,27,35,42,50,140,140,140,733,0,8,14.659702319258841,4.270899997209199,138.236799997685,7765.781718963165
1782218264,2,,Aggregated,0.300000,0.000000,8,21,23,24,27,35,42,50,140,140,140,733,0,8,14.659702319258841,4.270899997209199,138.236799997685,7765.781718963165
1782218265,2,,Aggregated,0.300000,0.000000,8,21,23,24,27,35,42,50,140,140,140,734,0,8,14.648353133536732,4.270899997209199,138.236799997685,7763.192098092643
1782218266,2,,Aggregated,0.300000,0.000000,8,21,23,24,27,35,42,50,140,140,140,734,0,8,14.648353133536732,4.270899997209199,138.236799997685,7763.192098092643
1782218267,2,,Aggregated,0.300000,0.000000,8,21,23,24,27,35,42,50,140,140,140,734,0,8,14.648353133536732,4.270899997209199,138.236799997685,7763.192098092643
1782218268,2,,Aggregated,0.300000,0.000000,8,21,23,24,27,35,42,50,140,140,140,734,0,8,14.648353133536732,4.270899997209199,138.236799997685,7763.192098092643
1782218269,2,,Aggregated,0.300000,0.000000,8,21,23,24,27,35,42,50,140,140,140,734,0,8,14.648353133536732,4.270899997209199,138.236799997685,7763.192098092643
1782218270,2,,Aggregated,0.300000,0.000000,8,21,23,24,27,35,42,50,140,140,140,734,0,8,14.648353133536732,4.270899997209199,138.236799997685,7763.192098092643
1782218271,2,,Aggregated,0.200000,0.000000,8,21,23,24,27,35,42,50,140,140,140,735,0,8,14.636551700704684,4.270899997209199,138.236799997685,7760.609523809524
1782218272,2,,Aggregated,0.200000,0.000000,8,21,23,24,27,35,42,50,140,140,140,735,0,8,14.636551700704684,4.270899997209199,138.236799997685,7760.609523809524
1782218273,2,,Aggregated,0.200000,0.000000,8,21,23,24,27,35,42,50,140,140,140,735,0,8,14.636551700704684,4.270899997209199,138.236799997685,7760.609523809524
1782218274,2,,Aggregated,0.200000,0.000000,8,21,23,24,27,35,42,50,140,140,140,736,0,8,14.626160326107982,4.270899997209199,138.236799997685,7756.976902173913
1782218275,2,,Aggregated,0.200000,0.000000,8,21,23,24,27,35,42,50,140,140,140,736,0,8,14.626160326107982,4.270899997209199,138.236799997685,7756.976902173913
1782218276,2,,Aggregated,0.200000,0.000000,8,21,23,24,27,35,42,50,140,140,140,736,0,8,14.626160326107982,4.270899997209199,138.236799997685,7756.976902173913
1782218277,2,,Aggregated,0.200000,0.000000,8,21,23,24,27,35,42,50,140,140,140,736,0,8,14.626160326107982,4.270899997209199,138.236799997685,7756.976902173913
1782218278,2,,Aggregated,0.200000,0.000000,8,21,23,24,27,35,42,50,140,140,140,736,0,8,14.626160326107982,4.270899997209199,138.236799997685,7756.976902173913
1782218279,2,,Aggregated,0.200000,0.000000,8,21,23,24,27,35,42,50,140,140,140,736,0,8,14.626160326107982,4.270899997209199,138.236799997685,7756.976902173913
1782218280,2,,Aggregated,0.200000,0.000000,8,21,23,24,27,35,42,50,140,140,140,737,0,8,14.654680189978363,4.270899997209199,138.236799997685,7760.6974219810045
1782218281,2,,Aggregated,0.200000,0.000000,8,21,23,24,27,35,42,50,140,140,140,737,0,8,14.654680189978363,4.270899997209199,138.236799997685,7760.6974219810045
1782218282,2,,Aggregated,0.200000,0.000000,8,21,23,24,27,35,42,50,140,140,140,737,0,8,14.654680189978363,4.270899997209199,138.236799997685,7760.6974219810045
1782218283,2,,Aggregated,0.300000,0.000000,8,21,23,24,27,35,42,50,140,140,140,738,0,8,14.651272357747903,4.270899997209199,138.236799997685,7764.407859078591
1782218284,2,,Aggregated,0.300000,0.000000,8,21,23,24,27,35,42,50,140,140,140,738,0,8,14.651272357747903,4.270899997209199,138.236799997685,7764.407859078591
1782218285,2,,Aggregated,0.300000,0.000000,8,21,23,24,27,35,42,50,140,140,140,738,0,8,14.651272357747903,4.270899997209199,138.236799997685,7764.407859078591
1782218286,2,,Aggregated,0.300000,0.000000,8,21,23,24,27,35,42,50,140,140,140,738,0,8,14.651272357747903,4.270899997209199,138.236799997685,7764.407859078591
1782218287,2,,Aggregated,0.200000,0.000000,8,21,23,24,27,35,42,50,140,140,140,739,0,8,14.662593504756119,4.270899997209199,138.236799997685,7768.108254397835
1782218288,2,,Aggregated,0.200000,0.000000,8,21,23,24,27,35,42,50,140,140,140,739,0,8,14.662593504756119,4.270899997209199,138.236799997685,7768.108254397835
1782218289,2,,Aggregated,0.200000,0.000000,8,21,23,24,27,35,42,50,140,140,140,739,0,8,14.662593504756119,4.270899997209199,138.236799997685,7768.108254397835
1782218290,2,,Aggregated,0.200000,0.000000,8,21,23,24,27,35,42,50,140,140,140,739,0,8,14.662593504756119,4.270899997209199,138.236799997685,7768.108254397835
1782218291,2,,Aggregated,0.200000,0.000000,8,21,23,24,27,35,42,50,140,140,140,739,0,8,14.662593504756119,4.270899997209199,138.236799997685,7768.108254397835
1782218292,2,,Aggregated,0.300000,0.000000,8,21,23,24,27,35,42,50,140,140,140,740,0,8,14.671800675696923,4.270899997209199,138.236799997685,7771.798648648649
1782218293,2,,Aggregated,0.300000,0.000000,8,21,23,24,27,35,42,50,140,140,140,740,0,8,14.671800675696923,4.270899997209199,138.236799997685,7771.798648648649
1782218294,2,,Aggregated,0.200000,0.000000,8,21,23,24,27,35,42,50,140,140,140,741,0,8,14.671775438626344,4.270899997209199,138.236799997685,7775.479082321188
1782218295,2,,Aggregated,0.200000,0.000000,8,21,23,24,27,35,42,50,140,140,140,741,0,8,14.671775438626344,4.270899997209199,138.236799997685,7775.479082321188
1782218296,2,,Aggregated,0.200000,0.000000,8,21,23,24,27,35,42,50,140,140,140,741,0,8,14.671775438626344,4.270899997209199,138.236799997685,7775.479082321188
1782218297,2,,Aggregated,0.300000,0.000000,8,21,23,24,27,35,42,50,140,140,140,742,0,8,14.696935714315293,4.270899997209199,138.236799997685,7779.149595687331
1782218298,2,,Aggregated,0.300000,0.000000,8,21,23,24,27,35,42,50,140,140,140,742,0,8,14.696935714315293,4.270899997209199,138.236799997685,7779.149595687331
1782218299,2,,Aggregated,0.300000,0.000000,8,21,23,24,27,35,42,50,140,140,140,742,0,8,14.696935714315293,4.270899997209199,138.236799997685,7779.149595687331
1782218300,2,,Aggregated,0.300000,0.000000,8,21,23,24,27,35,42,50,140,140,140,743,0,8,14.694660565302181,4.270899997209199,138.236799997685,7782.810228802154
1782218301,2,,Aggregated,0.300000,0.000000,8,21,23,24,27,35,42,50,140,140,140,743,0,8,14.694660565302181,4.270899997209199,138.236799997685,7782.810228802154
1782218302,2,,Aggregated,0.300000,0.000000,8,21,23,24,27,35,42,50,140,140,140,743,0,8,14.694660565302181,4.270899997209199,138.236799997685,7782.810228802154
1782218303,2,,Aggregated,0.300000,0.000000,8,21,23,24,27,35,42,50,140,140,140,743,0,8,14.694660565302181,4.270899997209199,138.236799997685,7782.810228802154
1782218304,2,,Aggregated,0.400000,0.000000,8,21,23,24,27,35,42,50,140,140,140,744,0,8,14.685834139810893,4.270899997209199,138.236799997685,7780.23252688172
1782218305,2,,Aggregated,0.400000,0.000000,8,21,23,24,27,35,42,50,140,140,140,744,0,8,14.685834139810893,4.270899997209199,138.236799997685,7780.23252688172
1782218306,2,,Aggregated,0.400000,0.000000,8,21,23,24,27,35,42,50,140,140,140,744,0,8,14.685834139810893,4.270899997209199,138.236799997685,7780.23252688172
1782218307,2,,Aggregated,0.400000,0.000000,8,21,23,24,27,35,42,50,140,140,140,744,0,8,14.685834139810893,4.270899997209199,138.236799997685,7780.23252688172
1782218308,2,,Aggregated,0.300000,0.000000,8,21,23,24,27,35,42,50,140,140,140,745,0,8,14.696095570491787,4.270899997209199,138.236799997685,7783.8818791946305
1782218309,2,,Aggregated,0.200000,0.000000,8,21,23,24,27,35,42,50,140,140,140,746,0,8,14.684792091176114,4.270899997209199,138.236799997685,7781.309651474531
1782218310,2,,Aggregated,0.200000,0.000000,8,21,23,24,27,35,42,50,140,140,140,746,0,8,14.684792091176114,4.270899997209199,138.236799997685,7781.309651474531
1782218311,2,,Aggregated,0.200000,0.000000,8,21,23,24,27,35,42,50,140,140,140,746,0,8,14.684792091176114,4.270899997209199,138.236799997685,7781.309651474531
1782218312,2,,Aggregated,0.200000,0.000000,8,21,23,24,27,35,42,50,140,140,140,746,0,8,14.684792091176114,4.270899997209199,138.236799997685,7781.309651474531
1782218313,2,,Aggregated,0.200000,0.000000,8,21,23,24,27,35,42,50,140,140,140,746,0,8,14.684792091176114,4.270899997209199,138.236799997685,7781.309651474531
1782218314,2,,Aggregated,0.200000,0.000000,8,21,23,24,27,35,42,50,140,140,140,746,0,8,14.684792091176114,4.270899997209199,138.236799997685,7781.309651474531
1782218315,2,,Aggregated,0.300000,0.000000,8,21,23,24,27,35,42,50,140,140,140,747,0,8,14.672628781820041,4.270899997209199,138.236799997685,7778.744310575636
1782218316,2,,Aggregated,0.300000,0.000000,8,21,23,24,27,35,42,50,140,140,140,748,0,8,14.685512700559817,4.270899997209199,138.236799997685,7782.381016042781
1782218317,2,,Aggregated,0.300000,0.000000,8,21,23,24,27,35,42,50,140,140,140,748,0,8,14.685512700559817,4.270899997209199,138.236799997685,7782.381016042781
1782218318,2,,Aggregated,0.300000,0.000000,8,21,23,24,27,35,42,50,140,140,140,748,0,8,14.685512700559817,4.270899997209199,138.236799997685,7782.381016042781
1782218319,2,,Aggregated,0.300000,0.000000,8,21,23,24,27,35,42,50,140,140,140,748,0,8,14.685512700559817,4.270899997209199,138.236799997685,7782.381016042781
1782218320,2,,Aggregated,0.300000,0.000000,8,21,23,24,27,35,42,50,140,140,140,748,0,8,14.685512700559817,4.270899997209199,138.236799997685,7782.381016042781
1782218321,2,,Aggregated,0.300000,0.000000,8,21,23,24,27,35,42,50,140,140,140,748,0,8,14.685512700559817,4.270899997209199,138.236799997685,7782.381016042781
1782218322,2,,Aggregated,0.200000,0.000000,8,21,23,24,27,35,42,50,140,140,140,750,0,8,14.662865066687422,4.270899997209199,138.236799997685,7776.230666666666
1782218323,2,,Aggregated,0.200000,0.000000,8,21,23,24,27,35,42,50,140,140,140,750,0,8,14.662865066687422,4.270899997209199,138.236799997685,7776.230666666666
1782218324,2,,Aggregated,0.200000,0.000000,8,21,23,24,27,35,42,50,140,140,140,750,0,8,14.662865066687422,4.270899997209199,138.236799997685,7776.230666666666
1782218325,2,,Aggregated,0.200000,0.000000,8,21,23,24,27,35,42,50,140,140,140,750,0,8,14.662865066687422,4.270899997209199,138.236799997685,7776.230666666666
1782218326,2,,Aggregated,0.400000,0.000000,8,21,23,24,27,35,42,50,140,140,140,751,0,8,14.652187350220727,4.270899997209199,138.236799997685,7773.685752330226
1782218327,2,,Aggregated,0.400000,0.000000,8,21,23,24,27,35,42,50,140,140,140,751,0,8,14.652187350220727,4.270899997209199,138.236799997685,7773.685752330226
1782218328,2,,Aggregated,0.400000,0.000000,8,21,23,24,27,35,42,50,140,140,140,751,0,8,14.652187350220727,4.270899997209199,138.236799997685,7773.685752330226
1782218329,2,,Aggregated,0.400000,0.000000,8,21,23,24,27,35,42,50,140,140,140,751,0,8,14.652187350220727,4.270899997209199,138.236799997685,7773.685752330226
1782218330,2,,Aggregated,0.300000,0.000000,8,21,23,24,27,35,42,50,140,140,140,752,0,8,14.643403191509238,4.270899997209199,138.236799997685,7771.147606382979
1782218331,2,,Aggregated,0.300000,0.000000,8,21,23,24,27,35,42,50,140,140,140,753,0,8,14.652589508660455,4.270899997209199,138.236799997685,7774.770252324037
1782218332,2,,Aggregated,0.300000,0.000000,8,21,23,24,27,35,42,50,140,140,140,753,0,8,14.652589508660455,4.270899997209199,138.236799997685,7774.770252324037
1782218333,2,,Aggregated,0.300000,0.000000,8,21,23,24,27,35,42,50,140,140,140,753,0,8,14.652589508660455,4.270899997209199,138.236799997685,7774.770252324037
1782218334,2,,Aggregated,0.300000,0.000000,8,21,23,24,27,35,42,50,140,140,140,753,0,8,14.652589508660455,4.270899997209199,138.236799997685,7774.770252324037
1782218335,2,,Aggregated,0.400000,0.000000,8,21,23,24,27,35,42,50,140,140,140,754,0,8,14.649395490744487,4.270899997209199,138.236799997685,7778.383289124668
1782218336,2,,Aggregated,0.400000,0.000000,8,21,23,24,27,35,42,50,140,140,140,754,0,8,14.649395490744487,4.270899997209199,138.236799997685,7778.383289124668
1782218337,2,,Aggregated,0.400000,0.000000,8,21,23,24,27,35,42,50,140,140,140,754,0,8,14.649395490744487,4.270899997209199,138.236799997685,7778.383289124668
1782218338,2,,Aggregated,0.400000,0.000000,8,21,23,24,27,35,42,50,140,140,140,754,0,8,14.649395490744487,4.270899997209199,138.236799997685,7778.383289124668
1782218339,2,,Aggregated,0.400000,0.000000,8,21,23,24,27,35,42,50,140,140,140,754,0,8,14.649395490744487,4.270899997209199,138.236799997685,7778.383289124668
1782218340,2,,Aggregated,0.300000,0.000000,8,21,23,24,27,35,42,50,140,140,140,755,0,8,14.639415761615098,4.270899997209199,138.236799997685,7775.849006622517
1782218341,2,,Aggregated,0.300000,0.000000,8,21,23,24,27,35,42,50,140,140,140,755,0,8,14.639415761615098,4.270899997209199,138.236799997685,7775.849006622517
1782218342,2,,Aggregated,0.300000,0.000000,8,21,23,24,27,35,42,50,140,140,140,755,0,8,14.639415761615098,4.270899997209199,138.236799997685,7775.849006622517
1782218343,2,,Aggregated,0.300000,0.000000,8,21,23,24,27,35,42,50,140,140,140,755,0,8,14.639415761615098,4.270899997209199,138.236799997685,7775.849006622517
1782218344,2,,Aggregated,0.200000,0.000000,8,21,23,24,27,35,42,50,140,140,140,756,0,8,14.62836984128877,4.270899997209199,138.236799997685,7773.321428571428
1782218345,2,,Aggregated,0.200000,0.000000,8,21,23,24,27,35,42,50,140,140,140,756,0,8,14.62836984128877,4.270899997209199,138.236799997685,7773.321428571428
1782218346,2,,Aggregated,0.200000,0.000000,8,21,23,24,27,35,42,50,140,140,140,757,0,8,14.646508586543762,4.270899997209199,138.236799997685,7776.922060766182
1782218347,2,,Aggregated,0.200000,0.000000,8,21,23,24,27,35,42,50,140,140,140,757,0,8,14.646508586543762,4.270899997209199,138.236799997685,7776.922060766182
1782218348,2,,Aggregated,0.200000,0.000000,8,21,23,24,27,35,42,50,140,140,140,757,0,8,14.646508586543762,4.270899997209199,138.236799997685,7776.922060766182
1782218349,2,,Aggregated,0.200000,0.000000,8,21,23,24,27,35,42,50,140,140,140,757,0,8,14.646508586543762,4.270899997209199,138.236799997685,7776.922060766182
1782218350,2,,Aggregated,0.200000,0.000000,8,21,23,24,27,35,42,50,140,140,140,757,0,8,14.646508586543762,4.270899997209199,138.236799997685,7776.922060766182
1782218351,2,,Aggregated,0.200000,0.000000,8,21,23,24,27,35,42,50,140,140,140,757,0,8,14.646508586543762,4.270899997209199,138.236799997685,7776.922060766182
1782218352,2,,Aggregated,0.300000,0.000000,8,21,23,24,27,35,42,50,140,140,140,758,0,8,14.634952770458076,4.270899997209199,138.236799997685,7774.399736147757
1782218353,2,,Aggregated,0.300000,0.000000,8,21,23,24,27,35,42,50,140,140,140,758,0,8,14.634952770458076,4.270899997209199,138.236799997685,7774.399736147757
1782218354,2,,Aggregated,0.300000,0.000000,8,21,23,24,27,35,42,50,140,140,140,758,0,8,14.634952770458076,4.270899997209199,138.236799997685,7774.399736147757
1782218355,2,,Aggregated,0.300000,0.000000,8,21,23,24,27,35,42,50,140,140,140,759,0,8,14.62340026350992,4.270899997209199,138.236799997685,7771.884057971014
1782218356,2,,Aggregated,0.300000,0.000000,8,21,23,24,27,35,42,50,140,140,140,759,0,8,14.62340026350992,4.270899997209199,138.236799997685,7771.884057971014
1782218357,2,,Aggregated,0.200000,0.000000,8,21,23,24,27,35,42,50,140,140,140,760,0,8,14.6118977631551,4.270899997209199,138.236799997685,7769.375
1782218358,2,,Aggregated,0.200000,0.000000,8,21,23,24,27,35,42,50,140,140,140,760,0,8,14.6118977631551,4.270899997209199,138.236799997685,7769.375
1782218360,2,,Aggregated,0.200000,0.000000,8,20,23,24,27,35,42,50,140,140,140,762,0,8,14.605958136489122,4.270899997209199,138.236799997685,7774.787401574803
1782218361,2,,Aggregated,0.200000,0.000000,8,20,23,24,27,35,42,50,140,140,140,762,0,8,14.605958136489122,4.270899997209199,138.236799997685,7774.787401574803
1782218362,2,,Aggregated,0.200000,0.000000,8,20,23,24,27,35,42,50,140,140,140,762,0,8,14.605958136489122,4.270899997209199,138.236799997685,7774.787401574803
1782218363,2,,Aggregated,0.200000,0.000000,8,20,23,24,27,35,42,50,140,140,140,762,0,8,14.605958136489122,4.270899997209199,138.236799997685,7774.787401574803
1782218364,2,,Aggregated,0.200000,0.000000,8,20,23,24,27,35,42,50,140,140,140,762,0,8,14.605958136489122,4.270899997209199,138.236799997685,7774.787401574803
1782218365,2,,Aggregated,0.200000,0.000000,8,20,23,24,27,35,42,50,140,140,140,762,0,8,14.605958136489122,4.270899997209199,138.236799997685,7774.787401574803
1782218366,2,,Aggregated,0.400000,0.000000,8,21,23,24,27,35,42,50,140,140,140,763,0,8,14.618032634344704,4.270899997209199,138.236799997685,7778.357798165138
1782218367,2,,Aggregated,0.400000,0.000000,8,21,23,24,27,35,42,50,140,140,140,763,0,8,14.618032634344704,4.270899997209199,138.236799997685,7778.357798165138
1782218368,2,,Aggregated,0.400000,0.000000,8,21,23,24,27,35,42,50,140,140,140,763,0,8,14.618032634344704,4.270899997209199,138.236799997685,7778.357798165138
1782218369,2,,Aggregated,0.400000,0.000000,8,21,23,24,27,35,42,50,140,140,140,764,0,8,14.635946335085407,4.270899997209199,138.236799997685,7781.918848167539
1782218370,2,,Aggregated,0.400000,0.000000,8,21,23,24,27,35,42,50,140,140,140,764,0,8,14.635946335085407,4.270899997209199,138.236799997685,7781.918848167539
1782218371,2,,Aggregated,0.400000,0.000000,8,21,23,24,27,35,42,50,140,140,140,764,0,8,14.635946335085407,4.270899997209199,138.236799997685,7781.918848167539
1782218372,2,,Aggregated,0.400000,0.000000,8,21,23,24,27,35,42,50,140,140,140,765,0,8,14.624994640530382,4.270899997209199,138.236799997685,7778.396078431372
1782218373,2,,Aggregated,0.400000,0.000000,8,21,23,24,27,35,42,50,140,140,140,765,0,8,14.624994640530382,4.270899997209199,138.236799997685,7778.396078431372
1782218374,2,,Aggregated,0.400000,0.000000,8,21,23,24,27,35,42,50,140,140,140,765,0,8,14.624994640530382,4.270899997209199,138.236799997685,7778.396078431372
1782218375,2,,Aggregated,0.400000,0.000000,8,21,23,24,27,35,42,50,140,140,140,765,0,8,14.624994640530382,4.270899997209199,138.236799997685,7778.396078431372
1782218376,2,,Aggregated,0.300000,0.000000,8,21,23,24,27,35,42,50,140,140,140,766,0,8,14.613104438647891,4.270899997209199,138.236799997685,7774.882506527415
1782218377,2,,Aggregated,0.300000,0.000000,8,21,23,24,27,35,42,50,140,140,140,766,0,8,14.613104438647891,4.270899997209199,138.236799997685,7774.882506527415
1782218378,2,,Aggregated,0.300000,0.000000,8,21,23,24,27,35,42,50,140,140,140,767,0,8,14.601888787483274,4.270899997209199,138.236799997685,7772.392438070404
1782218379,2,,Aggregated,0.300000,0.000000,8,21,23,24,27,35,42,50,140,140,140,767,0,8,14.601888787483274,4.270899997209199,138.236799997685,7772.392438070404
1782218380,2,,Aggregated,0.300000,0.000000,8,21,23,24,27,35,42,50,140,140,140,767,0,8,14.601888787483274,4.270899997209199,138.236799997685,7772.392438070404
1782218381,2,,Aggregated,0.300000,0.000000,8,21,23,24,27,35,42,50,140,140,140,767,0,8,14.601888787483274,4.270899997209199,138.236799997685,7772.392438070404
1782218382,2,,Aggregated,0.300000,0.000000,8,21,23,24,27,35,42,50,140,140,140,767,0,8,14.601888787483274,4.270899997209199,138.236799997685,7772.392438070404
1782218383,2,,Aggregated,0.300000,0.000000,8,21,23,24,27,35,42,50,140,140,140,767,0,8,14.601888787483274,4.270899997209199,138.236799997685,7772.392438070404
1782218384,2,,Aggregated,0.300000,0.000000,8,20,23,24,27,35,42,50,140,140,140,768,0,8,14.59219388019998,4.270899997209199,138.236799997685,7768.895833333333
1782218385,2,,Aggregated,0.300000,0.000000,8,20,23,24,27,35,42,50,140,140,140,768,0,8,14.59219388019998,4.270899997209199,138.236799997685,7768.895833333333
1782218386,2,,Aggregated,0.300000,0.000000,8,20,23,24,27,35,42,50,140,140,140,768,0,8,14.59219388019998,4.270899997209199,138.236799997685,7768.895833333333
1782218387,2,,Aggregated,0.300000,0.000000,8,20,23,24,27,35,42,50,140,140,140,768,0,8,14.59219388019998,4.270899997209199,138.236799997685,7768.895833333333
1782218388,2,,Aggregated,0.300000,0.000000,8,20,23,24,27,35,42,50,140,140,140,769,0,8,14.581552015594252,4.270899997209199,138.236799997685,7766.420026007802
1782218389,2,,Aggregated,0.300000,0.000000,8,20,23,24,27,35,42,50,140,140,140,769,0,8,14.581552015594252,4.270899997209199,138.236799997685,7766.420026007802
1782218390,2,,Aggregated,0.200000,0.000000,8,20,23,24,27,35,42,50,140,140,140,770,0,8,14.570413116872531,4.270899997209199,138.236799997685,7763.95064935065
1782218391,2,,Aggregated,0.200000,0.000000,8,20,23,24,27,35,42,50,140,140,140,770,0,8,14.570413116872531,4.270899997209199,138.236799997685,7763.95064935065
1782218392,2,,Aggregated,0.200000,0.000000,8,20,23,24,27,35,42,50,140,140,140,770,0,8,14.570413116872531,4.270899997209199,138.236799997685,7763.95064935065
1782218393,2,,Aggregated,0.200000,0.000000,8,20,23,24,27,35,42,50,140,140,140,770,0,8,14.570413116872531,4.270899997209199,138.236799997685,7763.95064935065
1782218394,2,,Aggregated,0.200000,0.000000,8,20,23,24,27,35,42,50,140,140,140,770,0,8,14.570413116872531,4.270899997209199,138.236799997685,7763.95064935065
1782218395,2,,Aggregated,0.300000,0.000000,8,20,23,24,27,35,42,50,140,140,140,772,0,8,14.576543134706846,4.270899997209199,138.236799997685,7769.306994818653
1782218396,2,,Aggregated,0.300000,0.000000,8,20,23,24,27,35,42,50,140,140,140,772,0,8,14.576543134706846,4.270899997209199,138.236799997685,7769.306994818653
1782218397,2,,Aggregated,0.300000,0.000000,8,20,23,24,27,35,42,50,140,140,140,772,0,8,14.576543134706846,4.270899997209199,138.236799997685,7769.306994818653
1782218398,2,,Aggregated,0.400000,0.000000,8,20,23,24,27,35,42,50,140,140,140,773,0,8,14.58723557566708,4.270899997209199,138.236799997685,7772.8382923674
1782218399,2,,Aggregated,0.400000,0.000000,8,20,23,24,27,35,42,50,140,140,140,773,0,8,14.58723557566708,4.270899997209199,138.236799997685,7772.8382923674
1782218400,2,,Aggregated,0.400000,0.000000,8,20,23,24,27,35,42,50,140,140,140,774,0,8,14.583486175706874,4.270899997209199,138.236799997685,7776.360465116279
1782218401,2,,Aggregated,0.400000,0.000000,8,20,23,24,27,35,42,50,140,140,140,774,0,8,14.583486175706874,4.270899997209199,138.236799997685,7776.360465116279
1782218402,2,,Aggregated,0.400000,0.000000,8,20,23,24,27,35,42,50,140,140,140,774,0,8,14.583486175706874,4.270899997209199,138.236799997685,7776.360465116279
1782218403,2,,Aggregated,0.400000,0.000000,8,20,23,24,27,35,42,50,140,140,140,774,0,8,14.583486175706874,4.270899997209199,138.236799997685,7776.360465116279
1782218404,2,,Aggregated,0.400000,0.000000,8,20,23,24,27,35,42,50,140,140,140,774,0,8,14.583486175706874,4.270899997209199,138.236799997685,7776.360465116279
1782218405,2,,Aggregated,0.400000,0.000000,8,20,23,24,27,35,42,50,140,140,140,774,0,8,14.583486175706874,4.270899997209199,138.236799997685,7776.360465116279
1782218406,2,,Aggregated,0.400000,0.000000,8,20,23,24,27,35,42,50,140,140,140,775,0,8,14.59353638708689,4.270899997209199,138.236799997685,7779.873548387097
1782218407,2,,Aggregated,0.400000,0.000000,8,20,23,24,27,35,42,50,140,140,140,775,0,8,14.59353638708689,4.270899997209199,138.236799997685,7779.873548387097
1782218408,2,,Aggregated,0.200000,0.000000,8,20,23,24,27,35,42,50,140,140,140,776,0,8,14.588831829886535,4.270899997209199,138.236799997685,7783.3775773195875
1782218409,2,,Aggregated,0.200000,0.000000,8,20,23,24,27,35,42,50,140,140,140,776,0,8,14.588831829886535,4.270899997209199,138.236799997685,7783.3775773195875
1782218410,2,,Aggregated,0.200000,0.000000,8,20,23,24,27,35,42,50,140,140,140,776,0,8,14.588831829886535,4.270899997209199,138.236799997685,7783.3775773195875
1782218411,2,,Aggregated,0.200000,0.000000,8,20,23,24,27,35,42,50,140,140,140,776,0,8,14.588831829886535,4.270899997209199,138.236799997685,7783.3775773195875
1782218412,2,,Aggregated,0.200000,0.000000,8,20,23,24,27,35,42,50,140,140,140,776,0,8,14.588831829886535,4.270899997209199,138.236799997685,7783.3775773195875
1782218413,2,,Aggregated,0.300000,0.000000,8,20,23,24,27,35,42,50,140,140,140,778,0,8,14.581528534693165,4.270899997209199,138.236799997685,7788.642673521851
1782218414,2,,Aggregated,0.300000,0.000000,8,20,23,24,27,35,42,50,140,140,140,778,0,8,14.581528534693165,4.270899997209199,138.236799997685,7788.642673521851
1782218415,2,,Aggregated,0.400000,0.000000,8,20,23,24,27,35,42,50,140,140,140,779,0,8,14.57209473683202,4.270899997209199,138.236799997685,7786.173299101412
1782218416,2,,Aggregated,0.400000,0.000000,8,20,23,24,27,35,42,50,140,140,140,779,0,8,14.57209473683202,4.270899997209199,138.236799997685,7786.173299101412
1782218417,2,,Aggregated,0.400000,0.000000,8,19,23,24,27,35,42,50,140,140,140,780,0,8,14.561325641019115,4.270899997209199,138.236799997685,7782.71282051282
1782218418,2,,Aggregated,0.400000,0.000000,8,19,23,24,27,35,42,50,140,140,140,780,0,8,14.561325641019115,4.270899997209199,138.236799997685,7782.71282051282
1782218419,2,,Aggregated,0.400000,0.000000,8,19,23,24,27,35,42,50,140,140,140,780,0,8,14.561325641019115,4.270899997209199,138.236799997685,7782.71282051282
1782218420,2,,Aggregated,0.400000,0.000000,8,19,23,24,27,35,42,50,140,140,140,780,0,8,14.561325641019115,4.270899997209199,138.236799997685,7782.71282051282
1782218421,2,,Aggregated,0.400000,0.000000,8,20,23,24,27,34,42,50,140,140,140,781,0,8,14.57954494237662,4.270899997209199,138.236799997685,7786.190781049936
1782218422,2,,Aggregated,0.400000,0.000000,8,20,23,24,27,34,42,50,140,140,140,781,0,8,14.57954494237662,4.270899997209199,138.236799997685,7786.190781049936
1782218423,2,,Aggregated,0.400000,0.000000,8,20,23,24,27,34,42,50,140,140,140,781,0,8,14.57954494237662,4.270899997209199,138.236799997685,7786.190781049936
1782218424,2,,Aggregated,0.400000,0.000000,8,20,23,24,27,34,42,50,140,140,140,781,0,8,14.57954494237662,4.270899997209199,138.236799997685,7786.190781049936
1782218425,2,,Aggregated,0.300000,0.000000,8,20,23,24,27,34,42,50,140,140,140,782,0,8,14.569371355493711,4.270899997209199,138.236799997685,7782.739130434783
1782218426,2,,Aggregated,0.300000,0.000000,8,19,23,24,27,34,42,50,140,140,140,783,0,8,14.558841634731984,4.270899997209199,138.236799997685,7780.289910600255
1782218427,2,,Aggregated,0.300000,0.000000,8,19,23,24,27,34,42,50,140,140,140,783,0,8,14.558841634731984,4.270899997209199,138.236799997685,7780.289910600255
1782218428,2,,Aggregated,0.300000,0.000000,8,19,23,24,27,34,42,50,140,140,140,783,0,8,14.558841634731984,4.270899997209199,138.236799997685,7780.289910600255
1782218429,2,,Aggregated,0.300000,0.000000,8,19,23,24,27,34,42,50,140,140,140,783,0,8,14.558841634731984,4.270899997209199,138.236799997685,7780.289910600255
1782218430,2,,Aggregated,0.300000,0.000000,8,19,23,24,27,34,42,50,140,140,140,783,0,8,14.558841634731984,4.270899997209199,138.236799997685,7780.289910600255
1782218431,2,,Aggregated,0.300000,0.000000,8,20,23,24,27,34,42,50,140,140,140,784,0,8,14.56894349488795,4.270899997209199,138.236799997685,7783.757653061224
1782218432,2,,Aggregated,0.300000,0.000000,8,20,23,24,27,34,42,50,140,140,140,784,0,8,14.56894349488795,4.270899997209199,138.236799997685,7783.757653061224
1782218433,2,,Aggregated,0.300000,0.000000,8,20,23,24,27,34,42,50,140,140,140,784,0,8,14.56894349488795,4.270899997209199,138.236799997685,7783.757653061224
1782218434,2,,Aggregated,0.300000,0.000000,8,20,23,24,27,34,42,50,140,140,140,785,0,8,14.558155031835476,4.270899997209199,138.236799997685,7780.322292993631
1782218435,2,,Aggregated,0.300000,0.000000,8,20,23,24,27,34,42,50,140,140,140,785,0,8,14.558155031835476,4.270899997209199,138.236799997685,7780.322292993631
1782218436,2,,Aggregated,0.300000,0.000000,8,20,23,24,27,34,42,50,140,140,140,785,0,8,14.558155031835476,4.270899997209199,138.236799997685,7780.322292993631
1782218437,2,,Aggregated,0.300000,0.000000,8,20,23,24,27,34,42,50,140,140,140,785,0,8,14.558155031835476,4.270899997209199,138.236799997685,7780.322292993631
1782218438,2,,Aggregated,0.300000,0.000000,8,19,23,24,27,34,42,50,140,140,140,786,0,8,14.547059033069736,4.270899997209199,138.236799997685,7777.885496183206
1782218439,2,,Aggregated,0.300000,0.000000,8,19,23,24,27,34,42,50,140,140,140,786,0,8,14.547059033069736,4.270899997209199,138.236799997685,7777.885496183206
1782218440,2,,Aggregated,0.300000,0.000000,8,19,23,24,27,34,42,50,140,140,140,786,0,8,14.547059033069736,4.270899997209199,138.236799997685,7777.885496183206
1782218441,2,,Aggregated,0.300000,0.000000,8,19,23,24,27,34,42,50,140,140,140,787,0,8,14.53622884370089,4.270899997209199,138.236799997685,7774.466327827192
1782218442,2,,Aggregated,0.300000,0.000000,8,19,23,24,27,34,42,50,140,140,140,787,0,8,14.53622884370089,4.270899997209199,138.236799997685,7774.466327827192
1782218443,2,,Aggregated,0.300000,0.000000,8,19,23,24,27,34,42,50,140,140,140,787,0,8,14.53622884370089,4.270899997209199,138.236799997685,7774.466327827192
1782218444,2,,Aggregated,0.300000,0.000000,8,20,23,24,27,34,42,50,140,140,140,788,0,8,14.548460913695445,4.270899997209199,138.236799997685,7777.923857868021
1782218445,2,,Aggregated,0.300000,0.000000,8,20,23,24,27,34,42,50,140,140,140,788,0,8,14.548460913695445,4.270899997209199,138.236799997685,7777.923857868021
1782218446,2,,Aggregated,0.300000,0.000000,8,20,23,24,27,34,42,50,140,140,140,788,0,8,14.548460913695445,4.270899997209199,138.236799997685,7777.923857868021
1782218447,2,,Aggregated,0.300000,0.000000,8,19,23,24,27,34,42,50,140,140,140,789,0,8,14.53778390365851,4.270899997209199,138.236799997685,7774.513307984791
1782218448,2,,Aggregated,0.300000,0.000000,8,19,23,24,27,34,42,50,140,140,140,789,0,8,14.53778390365851,4.270899997209199,138.236799997685,7774.513307984791
1782218449,2,,Aggregated,0.300000,0.000000,8,19,23,24,27,34,42,50,140,140,140,789,0,8,14.53778390365851,4.270899997209199,138.236799997685,7774.513307984791
1782218450,2,,Aggregated,0.300000,0.000000,8,19,23,24,27,34,42,50,140,140,140,789,0,8,14.53778390365851,4.270899997209199,138.236799997685,7774.513307984791
1782218451,2,,Aggregated,0.300000,0.000000,8,19,23,24,27,34,42,50,140,140,140,789,0,8,14.53778390365851,4.270899997209199,138.236799997685,7774.513307984791
1782218452,2,,Aggregated,0.300000,0.000000,8,20,23,24,27,34,42,50,140,140,140,790,0,8,14.56283645568448,4.270899997209199,138.236799997685,7777.962025316456
1782218453,2,,Aggregated,0.300000,0.000000,8,20,23,24,27,34,42,50,140,140,140,791,0,8,14.55852389378865,4.270899997209199,138.236799997685,7781.402022756005
1782218454,2,,Aggregated,0.300000,0.000000,8,20,23,24,27,34,42,50,140,140,140,791,0,8,14.55852389378865,4.270899997209199,138.236799997685,7781.402022756005
1782218455,2,,Aggregated,0.300000,0.000000,8,20,23,24,27,34,42,50,140,140,140,791,0,8,14.55852389378865,4.270899997209199,138.236799997685,7781.402022756005
1782218456,2,,Aggregated,0.300000,0.000000,8,20,23,24,27,34,42,50,140,140,140,791,0,8,14.55852389378865,4.270899997209199,138.236799997685,7781.402022756005
1782218457,2,,Aggregated,0.300000,0.000000,8,20,23,24,27,34,42,50,140,140,140,791,0,8,14.55852389378865,4.270899997209199,138.236799997685,7781.402022756005
1782218458,2,,Aggregated,0.300000,0.000000,8,20,23,24,27,34,42,50,140,140,140,791,0,8,14.55852389378865,4.270899997209199,138.236799997685,7781.402022756005
1782218459,2,,Aggregated,0.300000,0.000000,8,20,23,24,27,34,42,50,140,140,140,791,0,8,14.55852389378865,4.270899997209199,138.236799997685,7781.402022756005
1782218460,2,,Aggregated,0.300000,0.000000,8,20,23,24,27,34,42,50,140,140,140,791,0,8,14.55852389378865,4.270899997209199,138.236799997685,7781.402022756005
1782218461,2,,Aggregated,0.200000,0.000000,8,20,23,24,27,34,42,50,140,140,140,793,0,8,14.562827868832725,4.270899997209199,138.236799997685,7788.255989911728
1782218462,2,,Aggregated,0.200000,0.000000,8,20,23,24,27,34,42,50,140,140,140,793,0,8,14.562827868832725,4.270899997209199,138.236799997685,7788.255989911728
1782218463,2,,Aggregated,0.200000,0.000000,8,20,23,24,27,34,42,50,140,140,140,793,0,8,14.562827868832725,4.270899997209199,138.236799997685,7788.255989911728
1782218464,2,,Aggregated,0.200000,0.000000,8,20,23,24,27,34,42,50,140,140,140,793,0,8,14.562827868832725,4.270899997209199,138.236799997685,7788.255989911728
1782218465,2,,Aggregated,0.200000,0.000000,8,20,23,24,27,34,42,50,140,140,140,793,0,8,14.562827868832725,4.270899997209199,138.236799997685,7788.255989911728
1782218466,2,,Aggregated,0.200000,0.000000,8,20,23,24,27,34,42,50,140,140,140,794,0,8,14.571147229202397,4.270899997209199,138.236799997685,7791.670025188917
1782218467,2,,Aggregated,0.200000,0.000000,8,20,23,24,27,34,42,50,140,140,140,794,0,8,14.571147229202397,4.270899997209199,138.236799997685,7791.670025188917
1782218468,2,,Aggregated,0.200000,0.000000,8,20,23,24,27,34,42,50,140,140,140,795,0,8,14.567503522001221,4.270899997209199,138.236799997685,7795.075471698113
1782218469,2,,Aggregated,0.200000,0.000000,8,20,23,24,27,34,42,50,140,140,140,795,0,8,14.567503522001221,4.270899997209199,138.236799997685,7795.075471698113
1782218471,2,,Aggregated,0.200000,0.000000,8,20,23,24,27,34,42,50,140,140,140,795,0,8,14.567503522001221,4.270899997209199,138.236799997685,7795.075471698113
1782218472,2,,Aggregated,0.200000,0.000000,8,20,23,24,27,34,42,50,140,140,140,795,0,8,14.567503522001221,4.270899997209199,138.236799997685,7795.075471698113
1782218473,2,,Aggregated,0.200000,0.000000,8,20,23,24,27,34,42,50,140,140,140,795,0,8,14.567503522001221,4.270899997209199,138.236799997685,7795.075471698113
1782218474,2,,Aggregated,0.200000,0.000000,8,20,23,24,27,34,42,50,140,140,140,795,0,8,14.567503522001221,4.270899997209199,138.236799997685,7795.075471698113
1782218475,2,,Aggregated,0.200000,0.000000,8,20,23,24,27,34,42,50,140,140,140,795,0,8,14.567503522001221,4.270899997209199,138.236799997685,7795.075471698113
1782218476,2,,Aggregated,0.200000,0.000000,8,20,23,24,27,34,42,50,140,140,140,796,0,8,14.557081155768383,4.270899997209199,138.236799997685,7792.650753768844
1782218477,2,,Aggregated,0.200000,0.000000,8,20,23,24,27,34,42,50,140,140,140,796,0,8,14.557081155768383,4.270899997209199,138.236799997685,7792.650753768844
1782218478,2,,Aggregated,0.200000,0.000000,8,20,23,24,27,34,42,50,140,140,140,796,0,8,14.557081155768383,4.270899997209199,138.236799997685,7792.650753768844
1782218479,2,,Aggregated,0.300000,0.000000,8,20,23,24,27,34,42,50,140,140,140,797,0,8,14.54601041404656,4.270899997209199,138.236799997685,7790.232120451694
1782218480,2,,Aggregated,0.300000,0.000000,8,20,23,24,27,34,42,50,140,140,140,797,0,8,14.54601041404656,4.270899997209199,138.236799997685,7790.232120451694
1782218481,2,,Aggregated,0.300000,0.000000,8,20,23,24,27,34,42,50,140,140,140,797,0,8,14.54601041404656,4.270899997209199,138.236799997685,7790.232120451694
1782218482,2,,Aggregated,0.300000,0.000000,8,20,23,24,27,34,42,50,140,140,140,797,0,8,14.54601041404656,4.270899997209199,138.236799997685,7790.232120451694
1782218483,2,,Aggregated,0.300000,0.000000,8,20,23,24,27,34,42,50,140,140,140,797,0,8,14.54601041404656,4.270899997209199,138.236799997685,7790.232120451694
1782218484,2,,Aggregated,0.200000,0.000000,8,19,23,24,27,34,42,50,140,140,140,798,0,8,14.534656516283084,4.270899997209199,138.236799997685,7787.81954887218
1782218485,2,,Aggregated,0.200000,0.000000,8,20,23,24,27,34,42,50,140,140,140,799,0,8,14.554202377962127,4.270899997209199,138.236799997685,7791.212765957447
1782218486,2,,Aggregated,0.200000,0.000000,8,20,23,24,27,34,42,50,140,140,140,799,0,8,14.554202377962127,4.270899997209199,138.236799997685,7791.212765957447
1782218487,2,,Aggregated,0.200000,0.000000,8,20,23,24,27,34,42,50,140,140,140,799,0,8,14.554202377962127,4.270899997209199,138.236799997685,7791.212765957447
1782218488,2,,Aggregated,0.200000,0.000000,8,20,23,24,27,34,42,50,140,140,140,799,0,8,14.554202377962127,4.270899997209199,138.236799997685,7791.212765957447
1782218489,2,,Aggregated,0.200000,0.000000,8,20,23,24,27,34,42,50,140,140,140,799,0,8,14.554202377962127,4.270899997209199,138.236799997685,7791.212765957447
1782218490,2,,Aggregated,0.200000,0.000000,8,20,23,24,27,34,42,50,140,140,140,799,0,8,14.554202377962127,4.270899997209199,138.236799997685,7791.212765957447
1782218491,2,,Aggregated,0.200000,0.000000,8,20,23,24,27,34,42,50,140,140,140,799,0,8,14.554202377962127,4.270899997209199,138.236799997685,7791.212765957447
1782218492,2,,Aggregated,0.200000,0.000000,8,20,23,24,27,34,42,50,140,140,140,799,0,8,14.554202377962127,4.270899997209199,138.236799997685,7791.212765957447
1782218493,2,,Aggregated,0.200000,0.000000,8,20,23,24,27,34,42,50,140,140,140,799,0,8,14.554202377962127,4.270899997209199,138.236799997685,7791.212765957447
1782218494,2,,Aggregated,0.200000,0.000000,8,20,23,24,27,34,42,50,140,140,140,800,0,8,14.544969999988098,4.270899997209199,138.236799997685,7788.805
1782218495,2,,Aggregated,0.200000,0.000000,8,20,23,24,27,34,42,49,140,140,140,801,0,8,14.581699750292291,4.270899997209199,138.236799997685,7792.1885143570535
1782218496,2,,Aggregated,0.200000,0.000000,8,20,23,24,27,34,42,49,140,140,140,801,0,8,14.581699750292291,4.270899997209199,138.236799997685,7792.1885143570535
1782218497,2,,Aggregated,0.200000,0.000000,8,20,23,24,27,34,42,49,140,140,140,801,0,8,14.581699750292291,4.270899997209199,138.236799997685,7792.1885143570535
1782218498,2,,Aggregated,0.200000,0.000000,8,20,23,24,27,34,42,49,140,140,140,801,0,8,14.581699750292291,4.270899997209199,138.236799997685,7792.1885143570535
1782218499,2,,Aggregated,0.200000,0.000000,8,20,23,24,27,34,42,49,140,140,140,801,0,8,14.581699750292291,4.270899997209199,138.236799997685,7792.1885143570535
1782218500,2,,Aggregated,0.200000,0.000000,8,20,23,24,27,34,42,49,140,140,140,801,0,8,14.581699750292291,4.270899997209199,138.236799997685,7792.1885143570535
1782218501,2,,Aggregated,0.200000,0.000000,8,20,23,24,27,34,42,49,140,140,140,802,0,8,14.575751496236794,4.270899997209199,138.236799997685,7789.785536159601
1782218502,2,,Aggregated,0.200000,0.000000,8,20,23,24,27,34,42,49,140,140,140,802,0,8,14.575751496236794,4.270899997209199,138.236799997685,7789.785536159601
1782218503,2,,Aggregated,0.200000,0.000000,8,20,23,24,27,34,42,49,140,140,140,802,0,8,14.575751496236794,4.270899997209199,138.236799997685,7789.785536159601
1782218504,2,,Aggregated,0.200000,0.000000,8,19,23,24,27,34,42,49,140,140,140,803,0,8,14.566329389765329,4.270899997209199,138.236799997685,7786.419676214196
1782218505,2,,Aggregated,0.200000,0.000000,8,19,23,24,27,34,42,49,140,140,140,803,0,8,14.566329389765329,4.270899997209199,138.236799997685,7786.419676214196
1782218506,2,,Aggregated,0.200000,0.000000,8,19,23,24,27,34,42,49,140,140,140,803,0,8,14.566329389765329,4.270899997209199,138.236799997685,7786.419676214196
1782218507,2,,Aggregated,0.200000,0.000000,8,19,23,24,27,34,42,49,140,140,140,803,0,8,14.566329389765329,4.270899997209199,138.236799997685,7786.419676214196
1782218508,2,,Aggregated,0.200000,0.000000,8,19,23,24,27,34,42,49,140,140,140,803,0,8,14.566329389765329,4.270899997209199,138.236799997685,7786.419676214196
1782218509,2,,Aggregated,0.200000,0.000000,8,19,23,24,27,34,42,49,140,140,140,803,0,8,14.566329389765329,4.270899997209199,138.236799997685,7786.419676214196
1782218510,2,,Aggregated,0.200000,0.000000,8,19,23,24,27,34,42,49,140,140,140,805,0,8,14.547388447184327,4.270899997209199,138.236799997685,7780.67950310559
1782218511,2,,Aggregated,0.200000,0.000000,8,19,23,24,27,34,42,49,140,140,140,805,0,8,14.547388447184327,4.270899997209199,138.236799997685,7780.67950310559
1782218512,2,,Aggregated,0.200000,0.000000,8,19,23,24,27,34,42,49,140,140,140,805,0,8,14.547388447184327,4.270899997209199,138.236799997685,7780.67950310559
1782218513,2,,Aggregated,0.200000,0.000000,8,19,23,24,27,34,42,49,140,140,140,805,0,8,14.547388447184327,4.270899997209199,138.236799997685,7780.67950310559
1782218514,2,,Aggregated,0.300000,0.000000,8,19,23,24,27,34,42,49,140,140,140,806,0,8,14.558130645134446,4.270899997209199,138.236799997685,7784.0521091811415
1782218515,2,,Aggregated,0.300000,0.000000,8,19,23,24,27,34,42,49,140,140,140,806,0,8,14.558130645134446,4.270899997209199,138.236799997685,7784.0521091811415
1782218516,2,,Aggregated,0.300000,0.000000,8,19,23,24,27,34,42,49,140,140,140,806,0,8,14.558130645134446,4.270899997209199,138.236799997685,7784.0521091811415
1782218517,2,,Aggregated,0.200000,0.000000,8,19,23,24,27,34,42,49,140,140,140,807,0,8,14.546958612118484,4.270899997209199,138.236799997685,7781.6741016109045
1782218518,2,,Aggregated,0.200000,0.000000,8,19,23,24,27,34,42,49,140,140,140,807,0,8,14.546958612118484,4.270899997209199,138.236799997685,7781.6741016109045
1782218519,2,,Aggregated,0.200000,0.000000,8,19,23,24,27,34,42,49,140,140,140,807,0,8,14.546958612118484,4.270899997209199,138.236799997685,7781.6741016109045
1782218520,2,,Aggregated,0.200000,0.000000,8,19,23,24,27,34,42,49,140,140,140,807,0,8,14.546958612118484,4.270899997209199,138.236799997685,7781.6741016109045
1782218521,2,,Aggregated,0.200000,0.000000,8,19,23,24,27,34,42,49,140,140,140,807,0,8,14.546958612118484,4.270899997209199,138.236799997685,7781.6741016109045
1782218522,2,,Aggregated,0.200000,0.000000,8,20,23,24,27,34,42,49,140,140,140,808,0,8,14.562137128684686,4.270899997209199,138.236799997685,7785.037128712871
1782218523,2,,Aggregated,0.200000,0.000000,8,20,23,24,27,34,42,49,140,140,140,808,0,8,14.562137128684686,4.270899997209199,138.236799997685,7785.037128712871
1782218524,2,,Aggregated,0.200000,0.000000,8,19,23,24,27,34,42,49,140,140,140,809,0,8,14.551373671169944,4.270899997209199,138.236799997685,7781.702101359703
1782218525,2,,Aggregated,0.200000,0.000000,8,19,23,24,27,34,42,49,140,140,140,809,0,8,14.551373671169944,4.270899997209199,138.236799997685,7781.702101359703
1782218526,2,,Aggregated,0.200000,0.000000,8,19,23,24,27,34,42,49,140,140,140,809,0,8,14.551373671169944,4.270899997209199,138.236799997685,7781.702101359703
1782218527,2,,Aggregated,0.200000,0.000000,8,19,23,24,27,34,42,49,140,140,140,809,0,8,14.551373671169944,4.270899997209199,138.236799997685,7781.702101359703
1782218528,2,,Aggregated,0.300000,0.000000,8,20,23,24,27,34,42,49,140,140,140,811,0,8,14.551661898865468,4.270899997209199,138.236799997685,7782.689272503083
1782218529,2,,Aggregated,0.300000,0.000000,8,20,23,24,27,34,42,49,140,140,140,811,0,8,14.551661898865468,4.270899997209199,138.236799997685,7782.689272503083
1782218530,2,,Aggregated,0.300000,0.000000,8,20,23,24,27,34,42,49,140,140,140,811,0,8,14.551661898865468,4.270899997209199,138.236799997685,7782.689272503083
1782218531,2,,Aggregated,0.300000,0.000000,8,20,23,24,27,34,42,49,140,140,140,811,0,8,14.551661898865468,4.270899997209199,138.236799997685,7782.689272503083
1782218532,2,,Aggregated,0.300000,0.000000,8,20,23,24,27,34,42,49,140,140,140,811,0,8,14.551661898865468,4.270899997209199,138.236799997685,7782.689272503083
1782218533,2,,Aggregated,0.400000,0.000000,8,19,23,24,27,34,42,49,140,140,140,812,0,8,14.541297413769973,4.270899997209199,138.236799997685,7779.369458128079
1782218534,2,,Aggregated,0.400000,0.000000,8,20,23,24,27,34,42,49,140,140,140,813,0,8,14.556169372673695,4.270899997209199,138.236799997685,7782.714637146371
1782218535,2,,Aggregated,0.400000,0.000000,8,20,23,24,27,34,42,49,140,140,140,813,0,8,14.556169372673695,4.270899997209199,138.236799997685,7782.714637146371
1782218536,2,,Aggregated,0.400000,0.000000,8,20,23,24,27,34,42,49,140,140,140,813,0,8,14.556169372673695,4.270899997209199,138.236799997685,7782.714637146371
1782218537,2,,Aggregated,0.400000,0.000000,8,20,23,24,27,34,42,49,140,140,140,813,0,8,14.556169372673695,4.270899997209199,138.236799997685,7782.714637146371
1782218538,2,,Aggregated,0.400000,0.000000,8,20,23,24,27,34,42,49,140,140,140,813,0,8,14.556169372673695,4.270899997209199,138.236799997685,7782.714637146371
1782218539,2,,Aggregated,0.400000,0.000000,8,20,23,24,27,34,42,49,140,140,140,813,0,8,14.556169372673695,4.270899997209199,138.236799997685,7782.714637146371
1782218540,2,,Aggregated,0.300000,0.000000,8,20,23,24,27,34,42,49,140,140,140,814,0,8,14.566298402929238,4.270899997209199,138.236799997685,7786.051597051597
1782218541,2,,Aggregated,0.300000,0.000000,8,20,23,24,27,34,42,49,140,140,140,814,0,8,14.566298402929238,4.270899997209199,138.236799997685,7786.051597051597
1782218542,2,,Aggregated,0.300000,0.000000,8,20,23,24,27,34,42,49,140,140,140,814,0,8,14.566298402929238,4.270899997209199,138.236799997685,7786.051597051597
1782218543,2,,Aggregated,0.300000,0.000000,8,20,23,24,27,34,42,49,140,140,140,814,0,8,14.566298402929238,4.270899997209199,138.236799997685,7786.051597051597
1782218544,2,,Aggregated,0.300000,0.000000,8,20,23,24,27,34,42,49,140,140,140,815,0,8,14.554808343538552,4.270899997209199,138.236799997685,7782.739877300613
1782218545,2,,Aggregated,0.300000,0.000000,8,20,23,24,27,34,42,49,140,140,140,815,0,8,14.554808343538552,4.270899997209199,138.236799997685,7782.739877300613
1782218546,2,,Aggregated,0.300000,0.000000,8,20,23,24,27,34,42,49,140,140,140,815,0,8,14.554808343538552,4.270899997209199,138.236799997685,7782.739877300613
1782218547,2,,Aggregated,0.200000,0.000000,8,20,23,24,27,35,42,49,140,140,140,816,0,8,14.585922303904583,4.270899997209199,138.236799997685,7786.068627450981
1782218548,2,,Aggregated,0.200000,0.000000,8,20,23,24,27,35,42,49,140,140,140,816,0,8,14.585922303904583,4.270899997209199,138.236799997685,7786.068627450981
1782218549,2,,Aggregated,0.200000,0.000000,8,20,23,24,27,35,42,49,140,140,140,816,0,8,14.585922303904583,4.270899997209199,138.236799997685,7786.068627450981
1782218550,2,,Aggregated,0.200000,0.000000,8,20,23,24,27,35,42,49,140,140,140,816,0,8,14.585922303904583,4.270899997209199,138.236799997685,7786.068627450981
1782218551,2,,Aggregated,0.300000,0.000000,8,20,23,24,27,35,42,49,140,140,140,817,0,8,14.589664014669037,4.270899997209199,138.236799997685,7789.389228886169
1782218552,2,,Aggregated,0.300000,0.000000,8,20,23,24,27,35,42,49,140,140,140,817,0,8,14.589664014669037,4.270899997209199,138.236799997685,7789.389228886169
1782218553,2,,Aggregated,0.300000,0.000000,8,20,23,24,27,35,42,49,140,140,140,817,0,8,14.589664014669037,4.270899997209199,138.236799997685,7789.389228886169
1782218554,2,,Aggregated,0.300000,0.000000,8,20,23,24,27,35,42,49,140,140,140,817,0,8,14.589664014669037,4.270899997209199,138.236799997685,7789.389228886169
1782218555,2,,Aggregated,0.300000,0.000000,8,20,23,24,27,35,42,49,140,140,140,817,0,8,14.589664014669037,4.270899997209199,138.236799997685,7789.389228886169
1782218556,2,,Aggregated,0.200000,0.000000,8,20,23,24,27,35,42,49,140,140,140,818,0,8,14.578906479193419,4.270899997209199,138.236799997685,7786.085574572127
1782218557,2,,Aggregated,0.200000,0.000000,8,20,23,24,27,35,42,49,140,140,140,819,0,8,14.58720927959061,4.270899997209199,138.236799997685,7789.398046398046
1782218558,2,,Aggregated,0.200000,0.000000,8,20,23,24,27,35,42,49,140,140,140,819,0,8,14.58720927959061,4.270899997209199,138.236799997685,7789.398046398046
1782218559,2,,Aggregated,0.200000,0.000000,8,20,23,24,27,35,42,49,140,140,140,819,0,8,14.58720927959061,4.270899997209199,138.236799997685,7789.398046398046
1782218560,2,,Aggregated,0.200000,0.000000,8,20,23,24,27,35,42,49,140,140,140,819,0,8,14.58720927959061,4.270899997209199,138.236799997685,7789.398046398046
1782218561,2,,Aggregated,0.300000,0.000000,8,20,23,24,27,35,42,49,140,140,140,820,0,8,14.58354865852282,4.270899997209199,138.236799997685,7792.7024390243905
1782218562,2,,Aggregated,0.300000,0.000000,8,20,23,24,27,35,42,49,140,140,140,820,0,8,14.58354865852282,4.270899997209199,138.236799997685,7792.7024390243905
1782218563,2,,Aggregated,0.300000,0.000000,8,20,23,24,27,34,42,49,140,140,140,821,0,8,14.5731354445666,4.270899997209199,138.236799997685,7789.406820950061
1782218564,2,,Aggregated,0.300000,0.000000,8,20,23,24,27,34,42,49,140,140,140,821,0,8,14.5731354445666,4.270899997209199,138.236799997685,7789.406820950061
1782218565,2,,Aggregated,0.300000,0.000000,8,20,23,24,27,34,42,49,140,140,140,821,0,8,14.5731354445666,4.270899997209199,138.236799997685,7789.406820950061
1782218566,2,,Aggregated,0.300000,0.000000,8,20,23,24,27,34,42,49,140,140,140,821,0,8,14.5731354445666,4.270899997209199,138.236799997685,7789.406820950061
1782218567,2,,Aggregated,0.400000,0.000000,8,20,23,24,27,34,42,49,140,140,140,822,0,8,14.583555839405525,4.270899997209199,138.236799997685,7792.703163017031
1782218568,2,,Aggregated,0.400000,0.000000,8,20,23,24,27,34,42,49,140,140,140,823,0,8,14.572807654908452,4.270899997209199,138.236799997685,7790.3608748481165
1782218569,2,,Aggregated,0.400000,0.000000,8,20,23,24,27,34,42,49,140,140,140,823,0,8,14.572807654908452,4.270899997209199,138.236799997685,7790.3608748481165
1782218570,2,,Aggregated,0.400000,0.000000,8,20,23,24,27,34,42,49,140,140,140,823,0,8,14.572807654908452,4.270899997209199,138.236799997685,7790.3608748481165
1782218571,2,,Aggregated,0.400000,0.000000,8,20,23,24,27,34,42,49,140,140,140,823,0,8,14.572807654908452,4.270899997209199,138.236799997685,7790.3608748481165
1782218572,2,,Aggregated,0.400000,0.000000,8,20,23,24,27,34,42,49,140,140,140,823,0,8,14.572807654908452,4.270899997209199,138.236799997685,7790.3608748481165
1782218573,2,,Aggregated,0.400000,0.000000,8,20,23,24,27,34,42,49,140,140,140,823,0,8,14.572807654908452,4.270899997209199,138.236799997685,7790.3608748481165
1782218574,2,,Aggregated,0.300000,0.000000,8,20,23,24,27,34,42,49,140,140,140,824,0,8,14.58489162620397,4.270899997209199,138.236799997685,7793.648058252427
1782218575,2,,Aggregated,0.300000,0.000000,8,20,23,24,27,34,42,49,140,140,140,824,0,8,14.58489162620397,4.270899997209199,138.236799997685,7793.648058252427
1782218576,2,,Aggregated,0.300000,0.000000,8,20,23,24,27,34,42,49,140,140,140,824,0,8,14.58489162620397,4.270899997209199,138.236799997685,7793.648058252427
1782218577,2,,Aggregated,0.300000,0.000000,8,20,23,24,27,34,42,49,140,140,140,825,0,8,14.582556484833317,4.270899997209199,138.236799997685,7796.927272727273
1782218578,2,,Aggregated,0.300000,0.000000,8,20,23,24,27,34,42,49,140,140,140,825,0,8,14.582556484833317,4.270899997209199,138.236799997685,7796.927272727273
1782218579,2,,Aggregated,0.300000,0.000000,8,20,23,24,27,34,42,49,140,140,140,825,0,8,14.582556484833317,4.270899997209199,138.236799997685,7796.927272727273
1782218580,2,,Aggregated,0.300000,0.000000,8,20,23,24,27,34,42,49,140,140,140,825,0,8,14.582556484833317,4.270899997209199,138.236799997685,7796.927272727273
1782218581,2,,Aggregated,0.200000,0.000000,8,20,23,24,27,34,42,49,140,140,140,826,0,8,14.571829297806806,4.270899997209199,138.236799997685,7794.588377723971
1782218582,2,,Aggregated,0.200000,0.000000,8,20,23,24,27,34,42,49,140,140,140,826,0,8,14.571829297806806,4.270899997209199,138.236799997685,7794.588377723971
1782218583,2,,Aggregated,0.200000,0.000000,8,20,23,24,27,34,42,49,140,140,140,826,0,8,14.571829297806806,4.270899997209199,138.236799997685,7794.588377723971
1782218584,2,,Aggregated,0.300000,0.000000,8,20,23,24,27,34,42,49,140,140,140,827,0,8,14.561155380878866,4.270899997209199,138.236799997685,7792.255139056832
1782218586,2,,Aggregated,0.300000,0.000000,8,20,23,24,27,34,42,49,140,140,140,827,0,8,14.561155380878866,4.270899997209199,138.236799997685,7792.255139056832
1782218587,2,,Aggregated,0.300000,0.000000,8,20,23,24,27,34,42,49,140,140,140,828,0,8,14.570409661826199,4.270899997209199,138.236799997685,7795.524154589372
1782218588,2,,Aggregated,0.300000,0.000000,8,20,23,24,27,34,42,49,140,140,140,828,0,8,14.570409661826199,4.270899997209199,138.236799997685,7795.524154589372
1782218589,2,,Aggregated,0.300000,0.000000,8,20,23,24,27,34,42,49,140,140,140,828,0,8,14.570409661826199,4.270899997209199,138.236799997685,7795.524154589372
1782218590,2,,Aggregated,0.300000,0.000000,8,20,23,24,27,34,42,49,140,140,140,828,0,8,14.570409661826199,4.270899997209199,138.236799997685,7795.524154589372
1782218591,2,,Aggregated,0.300000,0.000000,8,20,23,24,27,34,42,49,140,140,140,828,0,8,14.570409661826199,4.270899997209199,138.236799997685,7795.524154589372
1782218592,2,,Aggregated,0.300000,0.000000,8,21,23,24,27,34,42,49,140,140,140,829,0,8,14.578810012055364,4.270899997209199,138.236799997685,7798.785283474065
1782218593,2,,Aggregated,0.300000,0.000000,8,21,23,24,27,34,42,49,140,140,140,829,0,8,14.578810012055364,4.270899997209199,138.236799997685,7798.785283474065
1782218594,2,,Aggregated,0.300000,0.000000,8,21,23,24,27,34,42,49,140,140,140,829,0,8,14.578810012055364,4.270899997209199,138.236799997685,7798.785283474065
1782218595,2,,Aggregated,0.200000,0.000000,8,20,23,24,27,34,42,49,140,140,140,830,0,8,14.568607831312097,4.270899997209199,138.236799997685,7796.455421686747
1782218596,2,,Aggregated,0.200000,0.000000,8,20,23,24,27,34,42,49,140,140,140,830,0,8,14.568607831312097,4.270899997209199,138.236799997685,7796.455421686747
1782218597,2,,Aggregated,0.200000,0.000000,8,20,23,24,27,34,42,49,140,140,140,830,0,8,14.568607831312097,4.270899997209199,138.236799997685,7796.455421686747
1782218598,2,,Aggregated,0.200000,0.000000,8,20,23,24,27,34,42,49,140,140,140,830,0,8,14.568607831312097,4.270899997209199,138.236799997685,7796.455421686747
1782218599,2,,Aggregated,0.200000,0.000000,8,20,23,24,27,34,42,49,140,140,140,830,0,8,14.568607831312097,4.270899997209199,138.236799997685,7796.455421686747
1782218600,2,,Aggregated,0.200000,0.000000,8,20,23,24,27,34,42,49,140,140,140,830,0,8,14.568607831312097,4.270899997209199,138.236799997685,7796.455421686747
1782218601,2,,Aggregated,0.200000,0.000000,8,20,23,24,27,34,42,49,140,140,140,831,0,8,14.557587244272906,4.270899997209199,138.236799997685,7793.194945848375
1782218602,2,,Aggregated,0.200000,0.000000,8,21,23,24,27,34,42,49,140,140,140,832,0,8,14.568394951914762,4.270899997209199,138.236799997685,7796.447115384615
1782218603,2,,Aggregated,0.200000,0.000000,8,21,23,24,27,34,42,49,140,140,140,832,0,8,14.568394951914762,4.270899997209199,138.236799997685,7796.447115384615
1782218604,2,,Aggregated,0.200000,0.000000,8,21,23,24,27,34,42,49,140,140,140,832,0,8,14.568394951914762,4.270899997209199,138.236799997685,7796.447115384615
1782218605,2,,Aggregated,0.200000,0.000000,8,21,23,24,27,34,42,49,140,140,140,832,0,8,14.568394951914762,4.270899997209199,138.236799997685,7796.447115384615
1782218606,2,,Aggregated,0.300000,0.000000,8,20,23,24,27,34,42,49,140,140,140,833,0,8,14.557925690272807,4.270899997209199,138.236799997685,7794.128451380552
1782218607,2,,Aggregated,0.300000,0.000000,8,20,23,24,27,34,42,49,140,140,140,833,0,8,14.557925690272807,4.270899997209199,138.236799997685,7794.128451380552
1782218608,2,,Aggregated,0.300000,0.000000,8,20,23,24,27,34,42,49,140,140,140,833,0,8,14.557925690272807,4.270899997209199,138.236799997685,7794.128451380552
1782218609,2,,Aggregated,0.300000,0.000000,8,20,23,24,27,34,42,49,140,140,140,833,0,8,14.557925690272807,4.270899997209199,138.236799997685,7794.128451380552
1782218610,2,,Aggregated,0.300000,0.000000,8,20,23,24,27,34,42,49,140,140,140,834,0,8,14.548045203838388,4.270899997209199,138.236799997685,7790.882494004796
1782218611,2,,Aggregated,0.300000,0.000000,8,20,23,24,27,34,42,49,140,140,140,834,0,8,14.548045203838388,4.270899997209199,138.236799997685,7790.882494004796
1782218612,2,,Aggregated,0.300000,0.000000,8,20,23,24,27,34,42,49,140,140,140,834,0,8,14.548045203838388,4.270899997209199,138.236799997685,7790.882494004796
1782218613,2,,Aggregated,0.300000,0.000000,8,21,23,24,27,34,42,49,140,140,140,835,0,8,14.566357604794003,4.270899997209199,138.236799997685,7794.125748502994
1782218614,2,,Aggregated,0.300000,0.000000,8,21,23,24,27,34,42,49,140,140,140,835,0,8,14.566357604794003,4.270899997209199,138.236799997685,7794.125748502994
1782218615,2,,Aggregated,0.300000,0.000000,8,21,23,24,27,34,42,49,140,140,140,835,0,8,14.566357604794003,4.270899997209199,138.236799997685,7794.125748502994
1782218616,2,,Aggregated,0.200000,0.000000,8,20,23,24,27,34,42,49,140,140,140,836,0,8,14.557286722491703,4.270899997209199,138.236799997685,7790.887559808612
1782218617,2,,Aggregated,0.200000,0.000000,8,20,23,24,27,34,42,49,140,140,140,836,0,8,14.557286722491703,4.270899997209199,138.236799997685,7790.887559808612
1782218618,2,,Aggregated,0.200000,0.000000,8,20,23,24,27,34,42,49,140,140,140,836,0,8,14.557286722491703,4.270899997209199,138.236799997685,7790.887559808612
1782218619,2,,Aggregated,0.200000,0.000000,8,20,23,24,27,34,42,49,140,140,140,836,0,8,14.557286722491703,4.270899997209199,138.236799997685,7790.887559808612
1782218620,2,,Aggregated,0.200000,0.000000,8,20,23,24,27,34,42,49,140,140,140,836,0,8,14.557286722491703,4.270899997209199,138.236799997685,7790.887559808612
1782218621,2,,Aggregated,0.300000,0.000000,8,21,23,24,27,34,42,49,140,140,140,838,0,8,14.564593317426354,4.270899997209199,138.236799997685,7797.350835322196
1782218622,2,,Aggregated,0.300000,0.000000,8,21,23,24,27,34,42,49,140,140,140,838,0,8,14.564593317426354,4.270899997209199,138.236799997685,7797.350835322196
1782218623,2,,Aggregated,0.300000,0.000000,8,21,23,24,27,34,42,49,140,140,140,838,0,8,14.564593317426354,4.270899997209199,138.236799997685,7797.350835322196
1782218624,2,,Aggregated,0.300000,0.000000,8,21,23,24,27,34,42,49,140,140,140,838,0,8,14.564593317426354,4.270899997209199,138.236799997685,7797.350835322196
1782218625,2,,Aggregated,0.300000,0.000000,8,21,23,24,27,34,42,49,140,140,140,838,0,8,14.564593317426354,4.270899997209199,138.236799997685,7797.350835322196
1782218626,2,,Aggregated,0.400000,0.000000,8,21,23,24,27,34,42,49,140,140,140,839,0,8,14.575731704415405,4.270899997209199,138.236799997685,7800.570917759237
1782218627,2,,Aggregated,0.400000,0.000000,8,21,23,24,27,34,42,49,140,140,140,839,0,8,14.575731704415405,4.270899997209199,138.236799997685,7800.570917759237
1782218628,2,,Aggregated,0.400000,0.000000,8,21,23,24,27,34,42,49,140,140,140,839,0,8,14.575731704415405,4.270899997209199,138.236799997685,7800.570917759237
1782218629,2,,Aggregated,0.300000,0.000000,8,21,23,24,27,34,42,49,140,140,140,840,0,8,14.588767142863833,4.270899997209199,138.236799997685,7803.783333333334
1782218630,2,,Aggregated,0.300000,0.000000,8,21,23,24,27,34,42,49,140,140,140,840,0,8,14.588767142863833,4.270899997209199,138.236799997685,7803.783333333334
1782218631,2,,Aggregated,0.300000,0.000000,8,21,23,24,27,34,42,49,140,140,140,840,0,8,14.588767142863833,4.270899997209199,138.236799997685,7803.783333333334
1782218632,2,,Aggregated,0.300000,0.000000,8,21,23,24,27,34,42,49,140,140,140,840,0,8,14.588767142863833,4.270899997209199,138.236799997685,7803.783333333334
1782218633,2,,Aggregated,0.300000,0.000000,8,21,23,24,27,34,42,49,140,140,140,841,0,8,14.597734720579057,4.270899997209199,138.236799997685,7806.988109393579
1782218634,2,,Aggregated,0.300000,0.000000,8,21,23,24,27,34,42,49,140,140,140,841,0,8,14.597734720579057,4.270899997209199,138.236799997685,7806.988109393579
1782218635,2,,Aggregated,0.300000,0.000000,8,21,23,24,27,34,42,49,140,140,140,841,0,8,14.597734720579057,4.270899997209199,138.236799997685,7806.988109393579
1782218636,2,,Aggregated,0.300000,0.000000,8,21,23,24,27,34,42,49,140,140,140,842,0,8,14.589164014265545,4.270899997209199,138.236799997685,7803.757719714964
1782218637,2,,Aggregated,0.300000,0.000000,8,21,23,24,27,34,42,49,140,140,140,842,0,8,14.589164014265545,4.270899997209199,138.236799997685,7803.757719714964
1782218638,2,,Aggregated,0.300000,0.000000,8,21,23,24,27,34,42,49,140,140,140,842,0,8,14.589164014265545,4.270899997209199,138.236799997685,7803.757719714964
1782218639,2,,Aggregated,0.300000,0.000000,8,21,23,24,27,34,42,49,140,140,140,842,0,8,14.589164014265545,4.270899997209199,138.236799997685,7803.757719714964
1782218640,2,,Aggregated,0.300000,0.000000,8,21,23,24,27,34,42,49,140,140,140,842,0,8,14.589164014265545,4.270899997209199,138.236799997685,7803.757719714964
1782218641,2,,Aggregated,0.300000,0.000000,8,21,23,24,27,34,42,49,140,140,140,844,0,8,14.58781552133949,4.270899997209199,138.236799997685,7803.732227488152
1782218642,2,,Aggregated,0.300000,0.000000,8,21,23,24,27,34,42,49,140,140,140,844,0,8,14.58781552133949,4.270899997209199,138.236799997685,7803.732227488152
1782218643,2,,Aggregated,0.300000,0.000000,8,21,23,24,27,34,42,49,140,140,140,844,0,8,14.58781552133949,4.270899997209199,138.236799997685,7803.732227488152
1782218644,2,,Aggregated,0.300000,0.000000,8,21,23,24,27,34,42,49,140,140,140,844,0,8,14.58781552133949,4.270899997209199,138.236799997685,7803.732227488152
1782218645,2,,Aggregated,0.300000,0.000000,8,21,23,24,27,34,42,49,140,140,140,844,0,8,14.58781552133949,4.270899997209199,138.236799997685,7803.732227488152
1782218646,2,,Aggregated,0.300000,0.000000,8,21,23,24,27,34,42,49,140,140,140,844,0,8,14.58781552133949,4.270899997209199,138.236799997685,7803.732227488152
1782218647,2,,Aggregated,0.300000,0.000000,8,21,23,24,27,34,42,49,140,140,140,844,0,8,14.58781552133949,4.270899997209199,138.236799997685,7803.732227488152
1782218648,2,,Aggregated,0.300000,0.000000,8,21,23,24,27,34,42,49,140,140,140,844,0,8,14.58781552133949,4.270899997209199,138.236799997685,7803.732227488152
1782218649,2,,Aggregated,0.300000,0.000000,8,21,23,24,27,34,42,49,140,140,140,844,0,8,14.58781552133949,4.270899997209199,138.236799997685,7803.732227488152
1782218650,2,,Aggregated,0.200000,0.000000,8,21,23,24,27,34,42,49,140,140,140,846,0,8,14.588898108756029,4.270899997209199,138.236799997685,7804.626477541371
1782218651,2,,Aggregated,0.200000,0.000000,8,21,23,24,27,34,42,49,140,140,140,846,0,8,14.588898108756029,4.270899997209199,138.236799997685,7804.626477541371
1782218652,2,,Aggregated,0.200000,0.000000,8,21,23,24,27,34,42,49,140,140,140,846,0,8,14.588898108756029,4.270899997209199,138.236799997685,7804.626477541371
1782218653,2,,Aggregated,0.200000,0.000000,8,21,23,24,27,34,42,49,140,140,140,846,0,8,14.588898108756029,4.270899997209199,138.236799997685,7804.626477541371
1782218654,2,,Aggregated,0.200000,0.000000,8,21,23,24,27,34,42,49,140,140,140,846,0,8,14.588898108756029,4.270899997209199,138.236799997685,7804.626477541371
1782218655,2,,Aggregated,0.200000,0.000000,8,21,23,24,27,34,42,49,140,140,140,846,0,8,14.588898108756029,4.270899997209199,138.236799997685,7804.626477541371
1782218656,2,,Aggregated,0.200000,0.000000,8,21,23,24,27,34,42,49,140,140,140,846,0,8,14.588898108756029,4.270899997209199,138.236799997685,7804.626477541371
1782218657,2,,Aggregated,0.200000,0.000000,8,21,23,24,27,34,42,49,140,140,140,846,0,8,14.588898108756029,4.270899997209199,138.236799997685,7804.626477541371
1782218658,2,,Aggregated,0.200000,0.000000,8,21,23,24,27,34,42,49,140,140,140,846,0,8,14.588898108756029,4.270899997209199,138.236799997685,7804.626477541371
1782218659,2,,Aggregated,0.200000,0.000000,8,21,23,24,27,34,42,49,140,140,140,848,0,8,14.568052240571527,4.270899997209199,138.236799997685,7798.2169811320755
1782218660,2,,Aggregated,0.200000,0.000000,8,21,23,24,27,34,42,49,140,140,140,848,0,8,14.568052240571527,4.270899997209199,138.236799997685,7798.2169811320755
1782218661,2,,Aggregated,0.200000,0.000000,8,21,23,24,27,34,42,49,140,140,140,848,0,8,14.568052240571527,4.270899997209199,138.236799997685,7798.2169811320755
1782218662,2,,Aggregated,0.200000,0.000000,8,21,23,24,27,34,42,49,140,140,140,848,0,8,14.568052240571527,4.270899997209199,138.236799997685,7798.2169811320755
1782218663,2,,Aggregated,0.200000,0.000000,8,21,23,24,27,34,42,49,140,140,140,848,0,8,14.568052240571527,4.270899997209199,138.236799997685,7798.2169811320755
1782218664,2,,Aggregated,0.200000,0.000000,8,21,23,24,27,34,42,49,140,140,140,848,0,8,14.568052240571527,4.270899997209199,138.236799997685,7798.2169811320755
1782218665,2,,Aggregated,0.200000,0.000000,8,21,23,24,27,34,42,49,140,140,140,848,0,8,14.568052240571527,4.270899997209199,138.236799997685,7798.2169811320755
1782218666,2,,Aggregated,0.200000,0.000000,8,21,23,24,27,34,42,49,140,140,140,849,0,8,14.579885512370947,4.270899997209199,138.236799997685,7801.398115429917
1782218667,2,,Aggregated,0.200000,0.000000,8,21,23,24,27,34,42,49,140,140,140,850,0,8,14.594178588244283,4.270899997209199,138.236799997685,7804.571764705883
1782218668,2,,Aggregated,0.200000,0.000000,8,21,23,24,27,34,42,49,140,140,140,850,0,8,14.594178588244283,4.270899997209199,138.236799997685,7804.571764705883
1782218669,2,,Aggregated,0.200000,0.000000,8,21,23,24,27,34,42,49,140,140,140,850,0,8,14.594178588244283,4.270899997209199,138.236799997685,7804.571764705883
1782218670,2,,Aggregated,0.200000,0.000000,8,21,23,24,27,34,42,49,140,140,140,850,0,8,14.594178588244283,4.270899997209199,138.236799997685,7804.571764705883
1782218671,2,,Aggregated,0.400000,0.000000,8,21,23,24,27,34,40,49,140,140,140,851,0,8,14.583700705058973,4.270899997209199,138.236799997685,7802.292596944771
1782218672,2,,Aggregated,0.400000,0.000000,8,21,23,24,27,34,40,49,140,140,140,851,0,8,14.583700705058973,4.270899997209199,138.236799997685,7802.292596944771
1782218673,2,,Aggregated,0.400000,0.000000,8,21,23,24,27,34,40,49,140,140,140,851,0,8,14.583700705058973,4.270899997209199,138.236799997685,7802.292596944771
1782218674,2,,Aggregated,0.400000,0.000000,8,21,23,24,27,34,40,49,140,140,140,851,0,8,14.583700705058973,4.270899997209199,138.236799997685,7802.292596944771
1782218675,2,,Aggregated,0.400000,0.000000,8,21,23,24,27,34,40,49,140,140,140,851,0,8,14.583700705058973,4.270899997209199,138.236799997685,7802.292596944771
1782218676,2,,Aggregated,0.300000,0.000000,8,21,23,24,27,34,40,49,140,140,140,853,0,8,14.587430363428652,4.270899997209199,138.236799997685,7808.615474794842
1782218677,2,,Aggregated,0.300000,0.000000,8,21,23,24,27,34,40,49,140,140,140,853,0,8,14.587430363428652,4.270899997209199,138.236799997685,7808.615474794842
1782218678,2,,Aggregated,0.300000,0.000000,8,21,23,24,27,34,40,49,140,140,140,853,0,8,14.587430363428652,4.270899997209199,138.236799997685,7808.615474794842
1782218679,2,,Aggregated,0.300000,0.000000,8,21,23,24,27,34,40,49,140,140,140,853,0,8,14.587430363428652,4.270899997209199,138.236799997685,7808.615474794842
1782218680,2,,Aggregated,0.300000,0.000000,8,21,23,24,27,34,40,49,140,140,140,853,0,8,14.587430363428652,4.270899997209199,138.236799997685,7808.615474794842
1782218681,2,,Aggregated,0.300000,0.000000,8,21,23,24,27,34,40,49,140,140,140,853,0,8,14.587430363428652,4.270899997209199,138.236799997685,7808.615474794842
1782218682,2,,Aggregated,0.300000,0.000000,8,21,23,24,27,34,40,49,140,140,140,853,0,8,14.587430363428652,4.270899997209199,138.236799997685,7808.615474794842
1782218683,2,,Aggregated,0.300000,0.000000,8,21,23,24,27,34,40,49,140,140,140,854,0,8,14.577158196723,4.270899997209199,138.236799997685,7805.428571428572
1782218684,2,,Aggregated,0.200000,0.000000,8,21,23,24,27,34,40,49,140,140,140,855,0,8,14.56830023392376,4.270899997209199,138.236799997685,7803.159064327486
1782218685,2,,Aggregated,0.200000,0.000000,8,21,23,24,27,34,40,49,140,140,140,855,0,8,14.56830023392376,4.270899997209199,138.236799997685,7803.159064327486
1782218686,2,,Aggregated,0.200000,0.000000,8,21,23,24,27,34,40,49,140,140,140,855,0,8,14.56830023392376,4.270899997209199,138.236799997685,7803.159064327486
1782218687,2,,Aggregated,0.200000,0.000000,8,21,23,24,27,34,40,49,140,140,140,855,0,8,14.56830023392376,4.270899997209199,138.236799997685,7803.159064327486
1782218688,2,,Aggregated,0.200000,0.000000,8,21,23,24,27,34,40,49,140,140,140,857,0,8,14.574652158691496,4.270899997209199,138.236799997685,7809.450408401401
1782218689,2,,Aggregated,0.200000,0.000000,8,21,23,24,27,34,40,49,140,140,140,857,0,8,14.574652158691496,4.270899997209199,138.236799997685,7809.450408401401
1782218690,2,,Aggregated,0.200000,0.000000,8,21,23,24,27,34,40,49,140,140,140,857,0,8,14.574652158691496,4.270899997209199,138.236799997685,7809.450408401401
1782218691,2,,Aggregated,0.200000,0.000000,8,21,23,24,27,34,40,49,140,140,140,857,0,8,14.574652158691496,4.270899997209199,138.236799997685,7809.450408401401
1782218692,2,,Aggregated,0.200000,0.000000,8,21,23,24,27,34,40,49,140,140,140,857,0,8,14.574652158691496,4.270899997209199,138.236799997685,7809.450408401401
1782218693,2,,Aggregated,0.400000,0.000000,8,21,23,24,27,34,40,49,140,140,140,858,0,8,14.583334382280498,4.270899997209199,138.236799997685,7812.585081585082
1782218694,2,,Aggregated,0.400000,0.000000,8,21,23,24,27,34,40,49,140,140,140,858,0,8,14.583334382280498,4.270899997209199,138.236799997685,7812.585081585082
1782218695,2,,Aggregated,0.400000,0.000000,8,21,23,24,27,34,40,49,140,140,140,858,0,8,14.583334382280498,4.270899997209199,138.236799997685,7812.585081585082
1782218697,2,,Aggregated,0.400000,0.000000,8,21,23,24,27,34,40,49,140,140,140,858,0,8,14.583334382280498,4.270899997209199,138.236799997685,7812.585081585082
1782218698,2,,Aggregated,0.300000,0.000000,8,21,23,24,27,34,40,49,140,140,140,859,0,8,14.573794412101053,4.270899997209199,138.236799997685,7810.317811408615
1782218699,2,,Aggregated,0.300000,0.000000,8,21,23,24,27,34,40,49,140,140,140,859,0,8,14.573794412101053,4.270899997209199,138.236799997685,7810.317811408615
1782218700,2,,Aggregated,0.300000,0.000000,8,21,23,24,27,34,40,49,140,140,140,859,0,8,14.573794412101053,4.270899997209199,138.236799997685,7810.317811408615
1782218701,2,,Aggregated,0.300000,0.000000,8,21,23,24,27,34,40,49,140,140,140,859,0,8,14.573794412101053,4.270899997209199,138.236799997685,7810.317811408615
1782218702,2,,Aggregated,0.200000,0.000000,8,21,23,24,27,34,40,49,140,140,140,860,0,8,14.56354697673855,4.270899997209199,138.236799997685,7808.055813953489
1782218703,2,,Aggregated,0.200000,0.000000,8,21,23,24,27,34,40,49,140,140,140,860,0,8,14.56354697673855,4.270899997209199,138.236799997685,7808.055813953489
1782218704,2,,Aggregated,0.200000,0.000000,8,21,23,24,27,34,40,49,140,140,140,860,0,8,14.56354697673855,4.270899997209199,138.236799997685,7808.055813953489
1782218705,2,,Aggregated,0.200000,0.000000,8,21,23,24,27,34,40,49,140,140,140,860,0,8,14.56354697673855,4.270899997209199,138.236799997685,7808.055813953489
1782218706,2,,Aggregated,0.200000,0.000000,8,21,23,24,27,34,40,49,140,140,140,860,0,8,14.56354697673855,4.270899997209199,138.236799997685,7808.055813953489
1782218707,2,,Aggregated,0.200000,0.000000,8,21,23,24,27,34,40,49,140,140,140,860,0,8,14.56354697673855,4.270899997209199,138.236799997685,7808.055813953489
1782218708,2,,Aggregated,0.200000,0.000000,8,21,23,24,27,34,40,49,140,140,140,861,0,8,14.553948315907661,4.270899997209199,138.236799997685,7804.895470383275
1782218709,2,,Aggregated,0.200000,0.000000,8,21,23,24,27,34,40,49,140,140,140,861,0,8,14.553948315907661,4.270899997209199,138.236799997685,7804.895470383275
1782218710,2,,Aggregated,0.200000,0.000000,8,21,23,24,27,34,40,49,140,140,140,861,0,8,14.553948315907661,4.270899997209199,138.236799997685,7804.895470383275
1782218711,2,,Aggregated,0.200000,0.000000,8,21,23,24,27,34,40,49,140,140,140,862,0,8,14.544762645004624,4.270899997209199,138.236799997685,7801.742459396752
1782218712,2,,Aggregated,0.200000,0.000000,8,21,23,24,27,34,40,49,140,140,140,862,0,8,14.544762645004624,4.270899997209199,138.236799997685,7801.742459396752
1782218713,2,,Aggregated,0.200000,0.000000,8,21,23,24,27,34,40,49,140,140,140,862,0,8,14.544762645004624,4.270899997209199,138.236799997685,7801.742459396752
1782218714,2,,Aggregated,0.200000,0.000000,8,21,23,24,27,34,40,49,140,140,140,862,0,8,14.544762645004624,4.270899997209199,138.236799997685,7801.742459396752
1782218715,2,,Aggregated,0.200000,0.000000,8,21,23,24,27,34,40,49,140,140,140,863,0,8,14.53524217844079,4.270899997209199,138.236799997685,7798.596755504055
1782218716,2,,Aggregated,0.200000,0.000000,8,21,23,24,27,34,40,49,140,140,140,863,0,8,14.53524217844079,4.270899997209199,138.236799997685,7798.596755504055
1782218717,2,,Aggregated,0.200000,0.000000,8,21,23,24,27,34,40,49,140,140,140,864,0,8,14.525900925920926,4.270899997209199,138.236799997685,7796.3587962962965
1782218718,2,,Aggregated,0.200000,0.000000,8,21,23,24,27,34,40,49,140,140,140,864,0,8,14.525900925920926,4.270899997209199,138.236799997685,7796.3587962962965
1782218719,2,,Aggregated,0.200000,0.000000,8,21,23,24,27,34,40,49,140,140,140,864,0,8,14.525900925920926,4.270899997209199,138.236799997685,7796.3587962962965
1782218720,2,,Aggregated,0.200000,0.000000,8,21,23,24,27,34,40,49,140,140,140,864,0,8,14.525900925920926,4.270899997209199,138.236799997685,7796.3587962962965
1782218721,2,,Aggregated,0.300000,0.000000,8,21,23,24,27,34,40,49,140,140,140,866,0,8,14.518353926089732,4.270899997209199,138.236799997685,7801.058891454965
1782218722,2,,Aggregated,0.300000,0.000000,8,21,23,24,27,34,40,49,140,140,140,866,0,8,14.518353926089732,4.270899997209199,138.236799997685,7801.058891454965
1782218723,2,,Aggregated,0.300000,0.000000,8,21,23,24,27,34,40,49,140,140,140,867,0,8,14.508279008062281,4.270899997209199,138.236799997685,7798.82583621684
1782218724,2,,Aggregated,0.300000,0.000000,8,21,23,24,27,34,40,49,140,140,140,867,0,8,14.508279008062281,4.270899997209199,138.236799997685,7798.82583621684
1782218725,2,,Aggregated,0.300000,0.000000,8,21,23,24,27,34,40,49,140,140,140,867,0,8,14.508279008062281,4.270899997209199,138.236799997685,7798.82583621684
1782218726,2,,Aggregated,0.300000,0.000000,8,21,23,24,27,34,40,49,140,140,140,867,0,8,14.508279008062281,4.270899997209199,138.236799997685,7798.82583621684
1782218727,2,,Aggregated,0.300000,0.000000,8,21,23,24,27,34,40,49,140,140,140,867,0,8,14.508279008062281,4.270899997209199,138.236799997685,7798.82583621684
1782218728,2,,Aggregated,0.500000,0.000000,8,20,23,24,27,34,40,49,140,140,140,868,0,8,14.499305529941854,4.270899997209199,138.236799997685,7796.597926267281
1782218729,2,,Aggregated,0.400000,0.000000,8,20,23,24,27,34,40,49,140,140,140,869,0,8,14.48921910240453,4.270899997209199,138.236799997685,7793.479861910242
1782218730,2,,Aggregated,0.400000,0.000000,8,20,23,24,27,34,40,49,140,140,140,869,0,8,14.48921910240453,4.270899997209199,138.236799997685,7793.479861910242
1782218731,2,,Aggregated,0.400000,0.000000,8,20,23,24,27,34,40,49,140,140,140,869,0,8,14.48921910240453,4.270899997209199,138.236799997685,7793.479861910242
1782218732,2,,Aggregated,0.500000,0.000000,8,20,23,24,27,34,40,49,140,140,140,870,0,8,14.479017011487077,4.270899997209199,138.236799997685,7791.2632183908045
1782218733,2,,Aggregated,0.500000,0.000000,8,20,23,24,27,34,40,49,140,140,140,870,0,8,14.479017011487077,4.270899997209199,138.236799997685,7791.2632183908045
1782218734,2,,Aggregated,0.300000,0.000000,8,20,23,24,27,34,40,49,140,140,140,871,0,8,14.502366475303027,4.270899997209199,138.236799997685,7794.371986222733
1782218735,2,,Aggregated,0.300000,0.000000,8,20,23,24,27,34,40,49,140,140,140,871,0,8,14.502366475303027,4.270899997209199,138.236799997685,7794.371986222733
1782218736,2,,Aggregated,0.300000,0.000000,8,20,23,24,27,34,40,49,140,140,140,871,0,8,14.502366475303027,4.270899997209199,138.236799997685,7794.371986222733
1782218737,2,,Aggregated,0.400000,0.000000,8,20,23,24,27,34,40,49,140,140,140,872,0,8,14.493535550448316,4.270899997209199,138.236799997685,7792.159403669725
1782218738,2,,Aggregated,0.400000,0.000000,8,20,23,24,27,34,40,49,140,140,140,872,0,8,14.493535550448316,4.270899997209199,138.236799997685,7792.159403669725
1782218739,2,,Aggregated,0.400000,0.000000,8,20,23,24,27,34,40,49,140,140,140,872,0,8,14.493535550448316,4.270899997209199,138.236799997685,7792.159403669725
1782218740,2,,Aggregated,0.400000,0.000000,8,20,23,24,27,34,40,49,140,140,140,872,0,8,14.493535550448316,4.270899997209199,138.236799997685,7792.159403669725
1782218741,2,,Aggregated,0.300000,0.000000,8,20,23,24,27,34,40,49,140,140,140,874,0,8,14.487099427906266,4.270899997209199,138.236799997685,7796.826086956522
1782218742,2,,Aggregated,0.300000,0.000000,8,20,23,24,27,34,40,49,140,140,140,875,0,8,14.478796228558556,4.270899997209199,138.236799997685,7794.618285714286
1782218743,2,,Aggregated,0.300000,0.000000,8,20,23,24,27,34,40,49,140,140,140,875,0,8,14.478796228558556,4.270899997209199,138.236799997685,7794.618285714286
1782218744,2,,Aggregated,0.300000,0.000000,8,20,23,24,27,34,40,49,140,140,140,875,0,8,14.478796228558556,4.270899997209199,138.236799997685,7794.618285714286
1782218745,2,,Aggregated,0.300000,0.000000,8,20,23,24,27,34,40,49,140,140,140,875,0,8,14.478796228558556,4.270899997209199,138.236799997685,7794.618285714286
1782218746,2,,Aggregated,0.300000,0.000000,8,20,23,24,27,34,40,49,140,140,140,875,0,8,14.478796228558556,4.270899997209199,138.236799997685,7794.618285714286
1782218747,2,,Aggregated,0.400000,0.000000,8,20,23,24,27,34,40,49,140,140,140,876,0,8,14.469358561626029,4.270899997209199,138.236799997685,7792.415525114156
1782218748,2,,Aggregated,0.400000,0.000000,8,20,23,24,27,34,40,49,140,140,140,876,0,8,14.469358561626029,4.270899997209199,138.236799997685,7792.415525114156
1782218749,2,,Aggregated,0.400000,0.000000,8,20,23,24,27,34,40,49,140,140,140,876,0,8,14.469358561626029,4.270899997209199,138.236799997685,7792.415525114156
1782218750,2,,Aggregated,0.400000,0.000000,8,20,23,24,27,34,40,49,140,140,140,877,0,8,14.481018243995102,4.270899997209199,138.236799997685,7795.501710376283
1782218751,2,,Aggregated,0.400000,0.000000,8,20,23,24,27,34,40,49,140,140,140,877,0,8,14.481018243995102,4.270899997209199,138.236799997685,7795.501710376283
1782218752,2,,Aggregated,0.400000,0.000000,8,20,23,24,27,34,40,49,140,140,140,877,0,8,14.481018243995102,4.270899997209199,138.236799997685,7795.501710376283
1782218753,2,,Aggregated,0.400000,0.000000,8,20,23,24,27,34,40,49,140,140,140,877,0,8,14.481018243995102,4.270899997209199,138.236799997685,7795.501710376283
1782218754,2,,Aggregated,0.400000,0.000000,8,20,23,24,27,34,40,49,140,140,140,877,0,8,14.481018243995102,4.270899997209199,138.236799997685,7795.501710376283
1782218755,2,,Aggregated,0.400000,0.000000,8,20,23,24,27,34,40,49,140,140,140,877,0,8,14.481018243995102,4.270899997209199,138.236799997685,7795.501710376283
1782218756,2,,Aggregated,0.400000,0.000000,8,20,23,24,27,34,40,49,140,140,140,877,0,8,14.481018243995102,4.270899997209199,138.236799997685,7795.501710376283
1782218757,2,,Aggregated,0.200000,0.000000,8,20,23,24,27,34,40,49,140,140,140,878,0,8,14.50351241456496,4.270899997209199,138.236799997685,7798.580865603644
1782218758,2,,Aggregated,0.200000,0.000000,8,20,23,24,27,34,40,49,140,140,140,879,0,8,14.493889078483384,4.270899997209199,138.236799997685,7796.381114903299
1782218759,2,,Aggregated,0.200000,0.000000,8,20,23,24,27,34,40,49,140,140,140,879,0,8,14.493889078483384,4.270899997209199,138.236799997685,7796.381114903299
1782218760,2,,Aggregated,0.200000,0.000000,8,20,23,24,27,34,40,49,140,140,140,879,0,8,14.493889078483384,4.270899997209199,138.236799997685,7796.381114903299
1782218761,2,,Aggregated,0.200000,0.000000,8,20,23,24,27,34,40,49,140,140,140,879,0,8,14.493889078483384,4.270899997209199,138.236799997685,7796.381114903299
1782218762,2,,Aggregated,0.200000,0.000000,8,20,23,24,27,34,40,49,140,140,140,879,0,8,14.493889078483384,4.270899997209199,138.236799997685,7796.381114903299
1782218763,2,,Aggregated,0.300000,0.000000,8,20,23,24,27,34,40,49,140,140,140,880,0,8,14.520337272708936,4.270899997209199,138.236799997685,7799.452272727272
1782218764,2,,Aggregated,0.300000,0.000000,8,20,23,24,27,34,40,49,140,140,140,880,0,8,14.520337272708936,4.270899997209199,138.236799997685,7799.452272727272
1782218765,2,,Aggregated,0.300000,0.000000,8,20,23,24,27,34,40,49,140,140,140,880,0,8,14.520337272708936,4.270899997209199,138.236799997685,7799.452272727272
1782218766,2,,Aggregated,0.300000,0.000000,8,20,23,24,27,34,40,49,140,140,140,881,0,8,14.51900340520406,4.270899997209199,138.236799997685,7802.516458569807
1782218767,2,,Aggregated,0.300000,0.000000,8,20,23,24,27,34,40,49,140,140,140,881,0,8,14.51900340520406,4.270899997209199,138.236799997685,7802.516458569807
1782218768,2,,Aggregated,0.300000,0.000000,8,20,23,24,27,34,40,49,140,140,140,882,0,8,14.511760657580881,4.270899997209199,138.236799997685,7800.319727891157
1782218769,2,,Aggregated,0.300000,0.000000,8,20,23,24,27,34,40,49,140,140,140,882,0,8,14.511760657580881,4.270899997209199,138.236799997685,7800.319727891157
1782218770,2,,Aggregated,0.300000,0.000000,8,20,23,24,27,34,40,49,140,140,140,882,0,8,14.511760657580881,4.270899997209199,138.236799997685,7800.319727891157
1782218771,2,,Aggregated,0.300000,0.000000,8,20,23,24,27,34,40,49,140,140,140,882,0,8,14.511760657580881,4.270899997209199,138.236799997685,7800.319727891157
1782218772,2,,Aggregated,0.300000,0.000000,8,20,23,24,27,34,40,49,140,140,140,883,0,8,14.501565458654284,4.270899997209199,138.236799997685,7798.127972819932
1782218773,2,,Aggregated,0.300000,0.000000,8,20,23,24,27,34,40,49,140,140,140,883,0,8,14.501565458654284,4.270899997209199,138.236799997685,7798.127972819932
1782218774,2,,Aggregated,0.300000,0.000000,8,20,23,24,27,34,40,49,140,140,140,884,0,8,14.492027828042797,4.270899997209199,138.236799997685,7795.06108597285
1782218775,2,,Aggregated,0.300000,0.000000,8,20,23,24,27,34,40,49,140,140,140,884,0,8,14.492027828042797,4.270899997209199,138.236799997685,7795.06108597285
1782218776,2,,Aggregated,0.300000,0.000000,8,20,23,24,27,34,40,49,140,140,140,884,0,8,14.492027828042797,4.270899997209199,138.236799997685,7795.06108597285
1782218777,2,,Aggregated,0.300000,0.000000,8,20,23,24,27,34,40,49,140,140,140,884,0,8,14.492027828042797,4.270899997209199,138.236799997685,7795.06108597285
1782218778,2,,Aggregated,0.300000,0.000000,8,20,23,24,27,34,40,49,140,140,140,884,0,8,14.492027828042797,4.270899997209199,138.236799997685,7795.06108597285
1782218779,2,,Aggregated,0.400000,0.000000,8,20,23,24,27,34,40,49,140,140,140,885,0,8,14.4825598869968,4.270899997209199,138.236799997685,7792.880225988701
1782218780,2,,Aggregated,0.300000,0.000000,8,19,23,24,27,34,40,49,140,140,140,886,0,8,14.472822460484743,4.270899997209199,138.236799997685,7790.704288939052
1782218781,2,,Aggregated,0.300000,0.000000,8,19,23,24,27,34,40,49,140,140,140,886,0,8,14.472822460484743,4.270899997209199,138.236799997685,7790.704288939052
1782218782,2,,Aggregated,0.300000,0.000000,8,19,23,24,27,34,40,49,140,140,140,886,0,8,14.472822460484743,4.270899997209199,138.236799997685,7790.704288939052
1782218783,2,,Aggregated,0.300000,0.000000,8,19,23,24,27,34,40,49,140,140,140,886,0,8,14.472822460484743,4.270899997209199,138.236799997685,7790.704288939052
1782218784,2,,Aggregated,0.300000,0.000000,8,19,23,24,27,34,40,49,140,140,140,886,0,8,14.472822460484743,4.270899997209199,138.236799997685,7790.704288939052
1782218785,2,,Aggregated,0.300000,0.000000,8,19,23,24,27,34,40,49,140,140,140,886,0,8,14.472822460484743,4.270899997209199,138.236799997685,7790.704288939052
1782218786,2,,Aggregated,0.300000,0.000000,8,19,23,24,27,34,40,49,140,140,140,886,0,8,14.472822460484743,4.270899997209199,138.236799997685,7790.704288939052
1782218787,2,,Aggregated,0.200000,0.000000,8,20,23,24,27,34,40,49,140,140,140,887,0,8,14.48304385567683,4.270899997209199,138.236799997685,7793.757609921082
1782218788,2,,Aggregated,0.200000,0.000000,8,20,23,24,27,34,40,49,140,140,140,887,0,8,14.48304385567683,4.270899997209199,138.236799997685,7793.757609921082
1782218789,2,,Aggregated,0.200000,0.000000,8,20,23,24,27,34,40,49,140,140,140,887,0,8,14.48304385567683,4.270899997209199,138.236799997685,7793.757609921082
1782218790,2,,Aggregated,0.300000,0.000000,8,20,23,24,27,34,40,49,140,140,140,888,0,8,14.474188851333261,4.270899997209199,138.236799997685,7791.585585585585
1782218791,2,,Aggregated,0.300000,0.000000,8,20,23,24,27,34,40,49,140,140,140,888,0,8,14.474188851333261,4.270899997209199,138.236799997685,7791.585585585585
1782218792,2,,Aggregated,0.300000,0.000000,8,20,23,24,27,34,40,49,140,140,140,888,0,8,14.474188851333261,4.270899997209199,138.236799997685,7791.585585585585
1782218793,2,,Aggregated,0.300000,0.000000,8,20,23,24,27,34,40,49,140,140,140,888,0,8,14.474188851333261,4.270899997209199,138.236799997685,7791.585585585585
1782218794,2,,Aggregated,0.200000,0.000000,8,19,23,24,27,34,40,49,140,140,140,889,0,8,14.464361304822546,4.270899997209199,138.236799997685,7788.543307086614
1782218795,2,,Aggregated,0.200000,0.000000,8,19,23,24,27,34,40,49,140,140,140,890,0,8,14.455142359534118,4.270899997209199,138.236799997685,7785.507865168539
1782218796,2,,Aggregated,0.200000,0.000000,8,19,23,24,27,34,40,49,140,140,140,890,0,8,14.455142359534118,4.270899997209199,138.236799997685,7785.507865168539
1782218797,2,,Aggregated,0.200000,0.000000,8,19,23,24,27,34,40,49,140,140,140,890,0,8,14.455142359534118,4.270899997209199,138.236799997685,7785.507865168539
1782218798,2,,Aggregated,0.200000,0.000000,8,19,23,24,27,34,40,49,140,140,140,890,0,8,14.455142359534118,4.270899997209199,138.236799997685,7785.507865168539
1782218799,2,,Aggregated,0.200000,0.000000,8,19,23,24,27,34,40,49,140,140,140,890,0,8,14.455142359534118,4.270899997209199,138.236799997685,7785.507865168539
1782218800,2,,Aggregated,0.200000,0.000000,8,19,23,24,27,34,40,49,140,140,140,890,0,8,14.455142359534118,4.270899997209199,138.236799997685,7785.507865168539
1782218801,2,,Aggregated,0.200000,0.000000,8,19,23,24,27,34,40,49,140,140,140,890,0,8,14.455142359534118,4.270899997209199,138.236799997685,7785.507865168539
1782218802,2,,Aggregated,0.300000,0.000000,8,19,23,24,27,34,40,49,140,140,140,891,0,8,14.44639382714477,4.270899997209199,138.236799997685,7783.35241301908
1782218804,2,,Aggregated,0.200000,0.000000,8,19,23,24,27,34,40,49,140,140,140,892,0,8,14.466105493253387,4.270899997209199,138.236799997685,7786.396860986547
1782218805,2,,Aggregated,0.200000,0.000000,8,19,23,24,27,34,40,49,140,140,140,892,0,8,14.466105493253387,4.270899997209199,138.236799997685,7786.396860986547
1782218806,2,,Aggregated,0.200000,0.000000,8,19,23,24,27,34,40,49,140,140,140,892,0,8,14.466105493253387,4.270899997209199,138.236799997685,7786.396860986547
1782218807,2,,Aggregated,0.200000,0.000000,8,19,23,24,27,34,40,49,140,140,140,892,0,8,14.466105493253387,4.270899997209199,138.236799997685,7786.396860986547
1782218808,2,,Aggregated,0.300000,0.000000,8,19,23,24,27,34,40,49,140,140,140,893,0,8,14.457286786091368,4.270899997209199,138.236799997685,7784.245240761478
1782218809,2,,Aggregated,0.300000,0.000000,8,19,23,24,27,34,40,49,140,140,140,893,0,8,14.457286786091368,4.270899997209199,138.236799997685,7784.245240761478
1782218810,2,,Aggregated,0.300000,0.000000,8,19,23,24,27,34,40,49,140,140,140,893,0,8,14.457286786091368,4.270899997209199,138.236799997685,7784.245240761478
1782218811,2,,Aggregated,0.300000,0.000000,8,19,23,24,27,34,40,49,140,140,140,893,0,8,14.457286786091368,4.270899997209199,138.236799997685,7784.245240761478
1782218812,2,,Aggregated,0.300000,0.000000,8,19,23,24,27,34,40,49,140,140,140,893,0,8,14.457286786091368,4.270899997209199,138.236799997685,7784.245240761478
1782218813,2,,Aggregated,0.300000,0.000000,8,18,23,24,27,34,40,49,140,140,140,895,0,8,14.443478212269431,4.270899997209199,138.236799997685,7778.217877094972
1782218814,2,,Aggregated,0.300000,0.000000,8,18,23,24,27,34,40,49,140,140,140,895,0,8,14.443478212269431,4.270899997209199,138.236799997685,7778.217877094972
1782218815,2,,Aggregated,0.300000,0.000000,8,18,23,24,27,34,40,49,140,140,140,895,0,8,14.443478212269431,4.270899997209199,138.236799997685,7778.217877094972
1782218816,2,,Aggregated,0.300000,0.000000,8,18,23,24,27,34,40,49,140,140,140,895,0,8,14.443478212269431,4.270899997209199,138.236799997685,7778.217877094972
1782218817,2,,Aggregated,0.300000,0.000000,8,18,23,24,27,34,40,49,140,140,140,895,0,8,14.443478212269431,4.270899997209199,138.236799997685,7778.217877094972
1782218818,2,,Aggregated,0.300000,0.000000,8,18,23,24,27,34,40,49,140,140,140,896,0,8,14.433638281234705,4.270899997209199,138.236799997685,7776.082589285715
1782218819,2,,Aggregated,0.300000,0.000000,8,18,23,24,27,34,40,49,140,140,140,896,0,8,14.433638281234705,4.270899997209199,138.236799997685,7776.082589285715
1782218820,2,,Aggregated,0.300000,0.000000,8,18,23,24,27,34,40,49,140,140,140,896,0,8,14.433638281234705,4.270899997209199,138.236799997685,7776.082589285715
1782218821,2,,Aggregated,0.300000,0.000000,8,18,23,24,27,34,40,49,140,140,140,896,0,8,14.433638281234705,4.270899997209199,138.236799997685,7776.082589285715
1782218822,2,,Aggregated,0.300000,0.000000,8,19,23,24,27,34,40,49,140,140,140,897,0,8,14.444413154945414,4.270899997209199,138.236799997685,7779.118171683389
1782218823,2,,Aggregated,0.300000,0.000000,8,19,23,24,27,34,40,49,140,140,140,897,0,8,14.444413154945414,4.270899997209199,138.236799997685,7779.118171683389
1782218824,2,,Aggregated,0.300000,0.000000,8,19,23,24,27,34,40,49,140,140,140,898,0,8,14.454294543412958,4.270899997209199,138.236799997685,7782.146993318485
1782218825,2,,Aggregated,0.300000,0.000000,8,19,23,24,27,34,40,49,140,140,140,898,0,8,14.454294543412958,4.270899997209199,138.236799997685,7782.146993318485
1782218826,2,,Aggregated,0.300000,0.000000,8,19,23,24,27,34,40,49,140,140,140,898,0,8,14.454294543412958,4.270899997209199,138.236799997685,7782.146993318485
1782218827,2,,Aggregated,0.300000,0.000000,8,19,23,24,27,34,40,49,140,140,140,898,0,8,14.454294543412958,4.270899997209199,138.236799997685,7782.146993318485
1782218828,2,,Aggregated,0.300000,0.000000,8,19,23,24,27,34,40,49,140,140,140,898,0,8,14.454294543412958,4.270899997209199,138.236799997685,7782.146993318485
1782218829,2,,Aggregated,0.300000,0.000000,8,19,23,24,27,34,40,49,140,140,140,898,0,8,14.454294543412958,4.270899997209199,138.236799997685,7782.146993318485
1782218830,2,,Aggregated,0.300000,0.000000,8,19,23,24,27,34,40,49,140,140,140,898,0,8,14.454294543412958,4.270899997209199,138.236799997685,7782.146993318485
1782218831,2,,Aggregated,0.300000,0.000000,8,19,23,24,27,34,40,49,140,140,140,898,0,8,14.454294543412958,4.270899997209199,138.236799997685,7782.146993318485
1782218832,2,,Aggregated,0.200000,0.000000,8,20,23,24,27,34,40,49,140,140,140,899,0,8,14.474859844256558,4.270899997209199,138.236799997685,7785.169076751947
1782218833,2,,Aggregated,0.200000,0.000000,8,20,23,24,27,34,40,49,140,140,140,899,0,8,14.474859844256558,4.270899997209199,138.236799997685,7785.169076751947
1782218834,2,,Aggregated,0.200000,0.000000,8,20,23,24,27,34,40,49,140,140,140,900,0,8,14.472709222213275,4.270899997209199,138.236799997685,7788.184444444444
1782218835,2,,Aggregated,0.200000,0.000000,8,20,23,24,27,34,40,49,140,140,140,900,0,8,14.472709222213275,4.270899997209199,138.236799997685,7788.184444444444
1782218836,2,,Aggregated,0.200000,0.000000,8,20,23,24,27,34,40,49,140,140,140,900,0,8,14.472709222213275,4.270899997209199,138.236799997685,7788.184444444444
1782218837,2,,Aggregated,0.200000,0.000000,8,19,23,24,27,34,40,47,140,140,140,901,0,8,14.464890122071948,4.270899997209199,138.236799997685,7785.186459489456
1782218838,2,,Aggregated,0.200000,0.000000,8,19,23,24,27,34,40,47,140,140,140,901,0,8,14.464890122071948,4.270899997209199,138.236799997685,7785.186459489456
1782218839,2,,Aggregated,0.200000,0.000000,8,19,23,24,27,34,40,47,140,140,140,901,0,8,14.464890122071948,4.270899997209199,138.236799997685,7785.186459489456
1782218840,2,,Aggregated,0.200000,0.000000,8,20,23,24,27,34,40,47,140,140,140,902,0,8,14.473931929032693,4.270899997209199,138.236799997685,7788.195121951219
1782218841,2,,Aggregated,0.200000,0.000000,8,20,23,24,27,34,40,47,140,140,140,902,0,8,14.473931929032693,4.270899997209199,138.236799997685,7788.195121951219
1782218842,2,,Aggregated,0.200000,0.000000,8,20,23,24,27,34,40,47,140,140,140,902,0,8,14.473931929032693,4.270899997209199,138.236799997685,7788.195121951219
1782218843,2,,Aggregated,0.400000,0.000000,8,19,23,24,27,34,40,47,140,140,140,903,0,8,14.464430786251357,4.270899997209199,138.236799997685,7786.065337763012
1782218844,2,,Aggregated,0.400000,0.000000,8,19,23,24,27,34,40,47,140,140,140,903,0,8,14.464430786251357,4.270899997209199,138.236799997685,7786.065337763012
1782218845,2,,Aggregated,0.400000,0.000000,8,19,23,24,27,34,40,47,140,140,140,903,0,8,14.464430786251357,4.270899997209199,138.236799997685,7786.065337763012
1782218846,2,,Aggregated,0.400000,0.000000,8,19,23,24,27,34,40,47,140,140,140,903,0,8,14.464430786251357,4.270899997209199,138.236799997685,7786.065337763012
1782218847,2,,Aggregated,0.400000,0.000000,8,19,23,24,27,34,40,47,140,140,140,903,0,8,14.464430786251357,4.270899997209199,138.236799997685,7786.065337763012
1782218848,2,,Aggregated,0.300000,0.000000,8,19,23,24,27,34,40,47,140,140,140,904,0,8,14.45718340706276,4.270899997209199,138.236799997685,7783.079646017699
1782218849,2,,Aggregated,0.300000,0.000000,8,19,23,24,27,34,40,47,140,140,140,904,0,8,14.45718340706276,4.270899997209199,138.236799997685,7783.079646017699
1782218850,2,,Aggregated,0.300000,0.000000,8,20,23,24,27,34,40,47,140,140,140,905,0,8,14.466157237552453,4.270899997209199,138.236799997685,7786.080662983425
1782218851,2,,Aggregated,0.300000,0.000000,8,20,23,24,27,34,40,47,140,140,140,905,0,8,14.466157237552453,4.270899997209199,138.236799997685,7786.080662983425
1782218852,2,,Aggregated,0.300000,0.000000,8,20,23,24,27,34,40,47,140,140,140,905,0,8,14.466157237552453,4.270899997209199,138.236799997685,7786.080662983425
1782218853,2,,Aggregated,0.300000,0.000000,8,20,23,24,27,34,40,47,140,140,140,905,0,8,14.466157237552453,4.270899997209199,138.236799997685,7786.080662983425
1782218854,2,,Aggregated,0.300000,0.000000,8,19,23,24,27,34,40,47,140,140,140,907,0,8,14.458054906273796,4.270899997209199,138.236799997685,7790.590959206174
1782218855,2,,Aggregated,0.300000,0.000000,8,20,23,24,27,34,40,47,140,140,140,908,0,8,14.491147026416755,4.270899997209199,138.236799997685,7793.573788546256
1782218856,2,,Aggregated,0.300000,0.000000,8,20,23,24,27,34,40,47,140,140,140,908,0,8,14.491147026416755,4.270899997209199,138.236799997685,7793.573788546256
1782218857,2,,Aggregated,0.300000,0.000000,8,20,23,24,27,34,40,47,140,140,140,908,0,8,14.491147026416755,4.270899997209199,138.236799997685,7793.573788546256
1782218858,2,,Aggregated,0.300000,0.000000,8,20,23,24,27,34,40,47,140,140,140,908,0,8,14.491147026416755,4.270899997209199,138.236799997685,7793.573788546256
1782218859,2,,Aggregated,0.300000,0.000000,8,20,23,24,27,34,40,47,140,140,140,908,0,8,14.491147026416755,4.270899997209199,138.236799997685,7793.573788546256
1782218860,2,,Aggregated,0.500000,0.000000,8,19,23,24,27,34,40,47,140,140,140,909,0,8,14.484309350926164,4.270899997209199,138.236799997685,7790.596259625962
1782218861,2,,Aggregated,0.500000,0.000000,8,19,23,24,27,34,40,47,140,140,140,909,0,8,14.484309350926164,4.270899997209199,138.236799997685,7790.596259625962
1782218862,2,,Aggregated,0.300000,0.000000,8,20,23,24,27,34,40,47,140,140,140,910,0,8,14.493524835160025,4.270899997209199,138.236799997685,7793.572527472527
1782218863,2,,Aggregated,0.300000,0.000000,8,20,23,24,27,34,40,47,140,140,140,910,0,8,14.493524835160025,4.270899997209199,138.236799997685,7793.572527472527
1782218864,2,,Aggregated,0.300000,0.000000,8,20,23,24,27,34,40,47,140,140,140,910,0,8,14.493524835160025,4.270899997209199,138.236799997685,7793.572527472527
1782218865,2,,Aggregated,0.500000,0.000000,8,20,23,24,27,34,40,47,140,140,140,911,0,8,14.491160043897544,4.270899997209199,138.236799997685,7796.542261251372
1782218866,2,,Aggregated,0.500000,0.000000,8,20,23,24,27,34,40,47,140,140,140,911,0,8,14.491160043897544,4.270899997209199,138.236799997685,7796.542261251372
1782218867,2,,Aggregated,0.500000,0.000000,8,20,23,24,27,34,40,47,140,140,140,911,0,8,14.491160043897544,4.270899997209199,138.236799997685,7796.542261251372
1782218868,2,,Aggregated,0.300000,0.000000,8,19,23,24,27,34,40,47,140,140,140,912,0,8,14.481749890340947,4.270899997209199,138.236799997685,7793.571271929824
1782218869,2,,Aggregated,0.300000,0.000000,8,19,23,24,27,34,40,47,140,140,140,912,0,8,14.481749890340947,4.270899997209199,138.236799997685,7793.571271929824
1782218870,2,,Aggregated,0.300000,0.000000,8,19,23,24,27,34,40,47,140,140,140,912,0,8,14.481749890340947,4.270899997209199,138.236799997685,7793.571271929824
1782218871,2,,Aggregated,0.300000,0.000000,8,19,23,24,27,34,40,47,140,140,140,912,0,8,14.481749890340947,4.270899997209199,138.236799997685,7793.571271929824
1782218872,2,,Aggregated,0.300000,0.000000,8,19,23,24,27,34,40,47,140,140,140,912,0,8,14.481749890340947,4.270899997209199,138.236799997685,7793.571271929824
1782218873,2,,Aggregated,0.300000,0.000000,8,19,23,24,27,34,40,47,140,140,140,912,0,8,14.481749890340947,4.270899997209199,138.236799997685,7793.571271929824
1782218874,2,,Aggregated,0.300000,0.000000,8,19,23,24,27,34,40,47,140,140,140,913,0,8,14.472640525735303,4.270899997209199,138.236799997685,7790.606790799562
1782218875,2,,Aggregated,0.300000,0.000000,8,19,23,24,27,34,40,47,140,140,140,913,0,8,14.472640525735303,4.270899997209199,138.236799997685,7790.606790799562
1782218876,2,,Aggregated,0.300000,0.000000,8,19,23,24,27,34,40,47,140,140,140,913,0,8,14.472640525735303,4.270899997209199,138.236799997685,7790.606790799562
1782218877,2,,Aggregated,0.300000,0.000000,8,19,23,24,27,34,40,47,140,140,140,914,0,8,14.464227242880368,4.270899997209199,138.236799997685,7788.5
1782218878,2,,Aggregated,0.300000,0.000000,8,19,23,24,27,34,40,47,140,140,140,914,0,8,14.464227242880368,4.270899997209199,138.236799997685,7788.5
1782218879,2,,Aggregated,0.300000,0.000000,8,19,23,24,27,34,40,47,140,140,140,914,0,8,14.464227242880368,4.270899997209199,138.236799997685,7788.5
1782218880,2,,Aggregated,0.300000,0.000000,8,18,23,24,27,34,40,47,140,140,140,915,0,8,14.45510262294063,4.270899997209199,138.236799997685,7786.39781420765
1782218881,2,,Aggregated,0.300000,0.000000,8,18,23,24,27,34,40,47,140,140,140,915,0,8,14.45510262294063,4.270899997209199,138.236799997685,7786.39781420765
1782218882,2,,Aggregated,0.300000,0.000000,8,18,23,24,27,34,40,47,140,140,140,915,0,8,14.45510262294063,4.270899997209199,138.236799997685,7786.39781420765
1782218883,2,,Aggregated,0.300000,0.000000,8,18,23,24,27,34,40,47,140,140,140,915,0,8,14.45510262294063,4.270899997209199,138.236799997685,7786.39781420765
1782218884,2,,Aggregated,0.300000,0.000000,8,18,23,24,27,34,40,47,140,140,140,915,0,8,14.45510262294063,4.270899997209199,138.236799997685,7786.39781420765
1782218885,2,,Aggregated,0.300000,0.000000,8,18,23,24,27,34,40,47,140,140,140,915,0,8,14.45510262294063,4.270899997209199,138.236799997685,7786.39781420765
1782218886,2,,Aggregated,0.200000,0.000000,8,19,23,24,27,34,40,47,140,140,140,916,0,8,14.464123144093977,4.270899997209199,138.236799997685,7789.359170305677
1782218887,2,,Aggregated,0.200000,0.000000,8,19,23,24,27,34,40,47,140,140,140,916,0,8,14.464123144093977,4.270899997209199,138.236799997685,7789.359170305677
1782218888,2,,Aggregated,0.200000,0.000000,8,19,23,24,27,34,40,47,140,140,140,916,0,8,14.464123144093977,4.270899997209199,138.236799997685,7789.359170305677
1782218889,2,,Aggregated,0.200000,0.000000,8,19,23,24,27,34,40,47,140,140,140,916,0,8,14.464123144093977,4.270899997209199,138.236799997685,7789.359170305677
1782218890,2,,Aggregated,0.200000,0.000000,8,19,23,24,27,34,40,47,140,140,140,917,0,8,14.455549836409103,4.270899997209199,138.236799997685,7787.260632497274
1782218891,2,,Aggregated,0.200000,0.000000,8,19,23,24,27,34,40,47,140,140,140,917,0,8,14.455549836409103,4.270899997209199,138.236799997685,7787.260632497274
1782218892,2,,Aggregated,0.200000,0.000000,8,19,23,24,27,34,40,47,140,140,140,917,0,8,14.455549836409103,4.270899997209199,138.236799997685,7787.260632497274
1782218893,2,,Aggregated,0.200000,0.000000,8,19,23,24,27,34,40,47,140,140,140,917,0,8,14.455549836409103,4.270899997209199,138.236799997685,7787.260632497274
1782218894,2,,Aggregated,0.200000,0.000000,8,19,23,24,27,34,40,47,140,140,140,917,0,8,14.455549836409103,4.270899997209199,138.236799997685,7787.260632497274
1782218895,2,,Aggregated,0.200000,0.000000,8,19,23,24,27,34,40,47,140,140,140,918,0,8,14.463738888878568,4.270899997209199,138.236799997685,7790.214596949891
1782218896,2,,Aggregated,0.200000,0.000000,8,19,23,24,27,34,40,47,140,140,140,919,0,8,14.454115451569693,4.270899997209199,138.236799997685,7788.119695321001
1782218897,2,,Aggregated,0.200000,0.000000,8,19,23,24,27,34,40,47,140,140,140,919,0,8,14.454115451569693,4.270899997209199,138.236799997685,7788.119695321001
1782218898,2,,Aggregated,0.200000,0.000000,8,19,23,24,27,34,40,47,140,140,140,919,0,8,14.454115451569693,4.270899997209199,138.236799997685,7788.119695321001
1782218899,2,,Aggregated,0.200000,0.000000,8,19,23,24,27,34,40,47,140,140,140,919,0,8,14.454115451569693,4.270899997209199,138.236799997685,7788.119695321001
1782218900,2,,Aggregated,0.200000,0.000000,8,19,23,24,27,34,40,47,140,140,140,919,0,8,14.454115451569693,4.270899997209199,138.236799997685,7788.119695321001
1782218901,2,,Aggregated,0.200000,0.000000,8,19,23,24,27,34,40,47,140,140,140,919,0,8,14.454115451569693,4.270899997209199,138.236799997685,7788.119695321001
1782218902,2,,Aggregated,0.200000,0.000000,8,19,23,24,27,34,40,47,140,140,140,919,0,8,14.454115451569693,4.270899997209199,138.236799997685,7788.119695321001
1782218903,2,,Aggregated,0.200000,0.000000,8,18,23,23,27,34,40,47,140,140,140,921,0,8,14.437955048844197,4.270899997209199,138.236799997685,7783.098805646037
1782218904,2,,Aggregated,0.200000,0.000000,8,18,23,23,27,34,40,47,140,140,140,921,0,8,14.437955048844197,4.270899997209199,138.236799997685,7783.098805646037
1782218905,2,,Aggregated,0.200000,0.000000,8,18,23,23,27,34,40,47,140,140,140,921,0,8,14.437955048844197,4.270899997209199,138.236799997685,7783.098805646037
1782218906,2,,Aggregated,0.200000,0.000000,8,18,23,23,27,34,40,47,140,140,140,921,0,8,14.437955048844197,4.270899997209199,138.236799997685,7783.098805646037
1782218907,2,,Aggregated,0.200000,0.000000,8,18,23,23,27,34,40,47,140,140,140,921,0,8,14.437955048844197,4.270899997209199,138.236799997685,7783.098805646037
1782218908,2,,Aggregated,0.200000,0.000000,8,18,23,23,27,34,40,47,140,140,140,921,0,8,14.437955048844197,4.270899997209199,138.236799997685,7783.098805646037
1782218909,2,,Aggregated,0.200000,0.000000,8,18,23,23,27,34,40,47,140,140,140,921,0,8,14.437955048844197,4.270899997209199,138.236799997685,7783.098805646037
1782218910,2,,Aggregated,0.200000,0.000000,8,19,23,24,27,34,40,47,140,140,140,922,0,8,14.447984273302449,4.270899997209199,138.236799997685,7786.044468546637
1782218911,2,,Aggregated,0.200000,0.000000,8,19,23,24,27,34,40,47,140,140,140,922,0,8,14.447984273302449,4.270899997209199,138.236799997685,7786.044468546637
1782218913,2,,Aggregated,0.200000,0.000000,8,19,23,24,27,34,40,47,140,140,140,922,0,8,14.447984273302449,4.270899997209199,138.236799997685,7786.044468546637
1782218914,2,,Aggregated,0.300000,0.000000,8,19,23,24,27,34,40,47,140,140,140,923,0,8,14.44692903573593,4.270899997209199,138.236799997685,7788.983748645721
1782218915,2,,Aggregated,0.300000,0.000000,8,19,23,24,27,34,40,47,140,140,140,923,0,8,14.44692903573593,4.270899997209199,138.236799997685,7788.983748645721
1782218916,2,,Aggregated,0.300000,0.000000,8,19,23,24,27,34,40,47,140,140,140,923,0,8,14.44692903573593,4.270899997209199,138.236799997685,7788.983748645721
1782218917,2,,Aggregated,0.300000,0.000000,8,19,23,24,27,34,40,47,140,140,140,923,0,8,14.44692903573593,4.270899997209199,138.236799997685,7788.983748645721
1782218918,2,,Aggregated,0.200000,0.000000,8,18,23,24,27,34,40,47,140,140,140,925,0,8,14.437521513491692,4.270899997209199,138.236799997685,7793.4
1782218919,2,,Aggregated,0.200000,0.000000,8,18,23,24,27,34,40,47,140,140,140,925,0,8,14.437521513491692,4.270899997209199,138.236799997685,7793.4
1782218920,2,,Aggregated,0.200000,0.000000,8,18,23,24,27,34,40,47,140,140,140,925,0,8,14.437521513491692,4.270899997209199,138.236799997685,7793.4
1782218921,2,,Aggregated,0.200000,0.000000,8,18,23,24,27,34,40,47,140,140,140,925,0,8,14.437521513491692,4.270899997209199,138.236799997685,7793.4
1782218922,2,,Aggregated,0.200000,0.000000,8,18,23,24,27,34,40,47,140,140,140,925,0,8,14.437521513491692,4.270899997209199,138.236799997685,7793.4
1782218923,2,,Aggregated,0.400000,0.000000,8,19,23,23,27,34,40,47,140,140,140,926,0,8,14.446266846632364,4.270899997209199,138.236799997685,7796.321814254859
1782218924,2,,Aggregated,0.400000,0.000000,8,19,23,23,27,34,40,47,140,140,140,926,0,8,14.446266846632364,4.270899997209199,138.236799997685,7796.321814254859
1782218925,2,,Aggregated,0.400000,0.000000,8,19,23,23,27,34,40,47,140,140,140,926,0,8,14.446266846632364,4.270899997209199,138.236799997685,7796.321814254859
1782218926,2,,Aggregated,0.400000,0.000000,8,19,23,23,27,34,40,47,140,140,140,926,0,8,14.446266846632364,4.270899997209199,138.236799997685,7796.321814254859
1782218927,2,,Aggregated,0.300000,0.000000,8,19,23,24,27,34,40,47,140,140,140,928,0,8,14.4541465516999,4.270899997209199,138.236799997685,7802.146551724138
1782218928,2,,Aggregated,0.300000,0.000000,8,19,23,24,27,34,40,47,140,140,140,928,0,8,14.4541465516999,4.270899997209199,138.236799997685,7802.146551724138
1782218929,2,,Aggregated,0.300000,0.000000,8,19,23,24,27,34,40,47,140,140,140,928,0,8,14.4541465516999,4.270899997209199,138.236799997685,7802.146551724138
1782218930,2,,Aggregated,0.300000,0.000000,8,19,23,24,27,34,40,47,140,140,140,928,0,8,14.4541465516999,4.270899997209199,138.236799997685,7802.146551724138
1782218931,2,,Aggregated,0.300000,0.000000,8,19,23,24,27,34,40,47,140,140,140,928,0,8,14.4541465516999,4.270899997209199,138.236799997685,7802.146551724138
1782218932,2,,Aggregated,0.300000,0.000000,8,19,23,24,27,34,40,47,140,140,140,928,0,8,14.4541465516999,4.270899997209199,138.236799997685,7802.146551724138
1782218933,2,,Aggregated,0.300000,0.000000,8,19,23,24,27,34,40,47,140,140,140,929,0,8,14.445144564020927,4.270899997209199,138.236799997685,7799.223896663078
1782218934,2,,Aggregated,0.300000,0.000000,8,19,23,24,27,34,40,47,140,140,140,929,0,8,14.445144564020927,4.270899997209199,138.236799997685,7799.223896663078
1782218935,2,,Aggregated,0.300000,0.000000,8,19,23,24,27,34,40,47,140,140,140,929,0,8,14.445144564020927,4.270899997209199,138.236799997685,7799.223896663078
1782218936,2,,Aggregated,0.300000,0.000000,8,19,23,24,27,34,40,47,140,140,140,929,0,8,14.445144564020927,4.270899997209199,138.236799997685,7799.223896663078
1782218937,2,,Aggregated,0.300000,0.000000,8,18,23,24,27,34,40,47,140,140,140,930,0,8,14.435626881693738,4.270899997209199,138.236799997685,7796.30752688172
1782218938,2,,Aggregated,0.300000,0.000000,8,18,23,24,27,34,40,47,140,140,140,930,0,8,14.435626881693738,4.270899997209199,138.236799997685,7796.30752688172
1782218939,2,,Aggregated,0.300000,0.000000,8,18,23,24,27,34,40,47,140,140,140,930,0,8,14.435626881693738,4.270899997209199,138.236799997685,7796.30752688172
1782218940,2,,Aggregated,0.200000,0.000000,8,18,23,23,27,34,40,47,140,140,140,931,0,8,14.428335875380288,4.270899997209199,138.236799997685,7793.397422126745
1782218941,2,,Aggregated,0.200000,0.000000,8,18,23,23,27,34,40,47,140,140,140,931,0,8,14.428335875380288,4.270899997209199,138.236799997685,7793.397422126745
1782218942,2,,Aggregated,0.200000,0.000000,8,18,23,23,27,34,40,47,140,140,140,931,0,8,14.428335875380288,4.270899997209199,138.236799997685,7793.397422126745
1782218943,2,,Aggregated,0.300000,0.000000,8,18,23,23,27,34,40,47,140,140,140,932,0,8,14.41858594418294,4.270899997209199,138.236799997685,7790.49356223176
1782218944,2,,Aggregated,0.300000,0.000000,8,18,23,23,27,34,40,47,140,140,140,932,0,8,14.41858594418294,4.270899997209199,138.236799997685,7790.49356223176
1782218945,2,,Aggregated,0.300000,0.000000,8,18,23,23,27,34,40,47,140,140,140,933,0,8,14.40963290459051,4.270899997209199,138.236799997685,7788.429796355841
1782218946,2,,Aggregated,0.300000,0.000000,8,18,23,23,27,34,40,47,140,140,140,933,0,8,14.40963290459051,4.270899997209199,138.236799997685,7788.429796355841
1782218947,2,,Aggregated,0.300000,0.000000,8,18,23,23,27,34,40,47,140,140,140,933,0,8,14.40963290459051,4.270899997209199,138.236799997685,7788.429796355841
1782218948,2,,Aggregated,0.300000,0.000000,8,18,23,23,27,34,40,47,140,140,140,933,0,8,14.40963290459051,4.270899997209199,138.236799997685,7788.429796355841
1782218949,2,,Aggregated,0.300000,0.000000,8,18,23,23,27,34,40,47,140,140,140,933,0,8,14.40963290459051,4.270899997209199,138.236799997685,7788.429796355841
1782218950,2,,Aggregated,0.300000,0.000000,8,18,23,23,27,34,40,47,140,140,140,933,0,8,14.40963290459051,4.270899997209199,138.236799997685,7788.429796355841
1782218951,2,,Aggregated,0.300000,0.000000,8,18,23,23,27,34,40,47,140,140,140,933,0,8,14.40963290459051,4.270899997209199,138.236799997685,7788.429796355841
1782218952,2,,Aggregated,0.300000,0.000000,8,18,23,23,27,34,40,47,140,140,140,933,0,8,14.40963290459051,4.270899997209199,138.236799997685,7788.429796355841
1782218953,2,,Aggregated,0.300000,0.000000,8,18,23,23,27,34,40,47,140,140,140,934,0,8,14.40105246250905,4.270899997209199,138.236799997685,7786.3704496788005
1782218954,2,,Aggregated,0.300000,0.000000,8,18,23,23,27,34,40,47,140,140,140,934,0,8,14.40105246250905,4.270899997209199,138.236799997685,7786.3704496788005
1782218955,2,,Aggregated,0.200000,0.000000,8,18,23,23,27,34,40,47,140,140,140,935,0,8,14.39244898393617,4.270899997209199,138.236799997685,7783.483422459893
1782218956,2,,Aggregated,0.200000,0.000000,8,18,23,23,27,34,40,47,140,140,140,935,0,8,14.39244898393617,4.270899997209199,138.236799997685,7783.483422459893
1782218957,2,,Aggregated,0.200000,0.000000,8,18,23,23,27,34,40,47,140,140,140,935,0,8,14.39244898393617,4.270899997209199,138.236799997685,7783.483422459893
1782218958,2,,Aggregated,0.200000,0.000000,8,18,23,23,27,34,40,47,140,140,140,935,0,8,14.39244898393617,4.270899997209199,138.236799997685,7783.483422459893
1782218959,2,,Aggregated,0.200000,0.000000,8,18,23,23,27,34,40,47,140,140,140,935,0,8,14.39244898393617,4.270899997209199,138.236799997685,7783.483422459893
1782218960,2,,Aggregated,0.200000,0.000000,8,18,23,23,27,34,40,47,140,140,140,936,0,8,14.402757585448231,4.270899997209199,138.236799997685,7786.384615384615
1782218961,2,,Aggregated,0.200000,0.000000,8,18,23,23,27,34,40,47,140,140,140,937,0,8,14.394273212359197,4.270899997209199,138.236799997685,7784.334044823906
1782218962,2,,Aggregated,0.200000,0.000000,8,18,23,23,27,34,40,47,140,140,140,937,0,8,14.394273212359197,4.270899997209199,138.236799997685,7784.334044823906
1782218963,2,,Aggregated,0.200000,0.000000,8,18,23,23,27,34,40,47,140,140,140,937,0,8,14.394273212359197,4.270899997209199,138.236799997685,7784.334044823906
1782218964,2,,Aggregated,0.200000,0.000000,8,18,23,23,27,34,40,47,140,140,140,937,0,8,14.394273212359197,4.270899997209199,138.236799997685,7784.334044823906
1782218965,2,,Aggregated,0.200000,0.000000,8,18,23,23,27,34,40,47,140,140,140,937,0,8,14.394273212359197,4.270899997209199,138.236799997685,7784.334044823906
1782218966,2,,Aggregated,0.200000,0.000000,8,18,23,23,27,34,40,47,140,140,140,937,0,8,14.394273212359197,4.270899997209199,138.236799997685,7784.334044823906
1782218967,2,,Aggregated,0.200000,0.000000,8,18,23,23,27,34,40,47,140,140,140,937,0,8,14.394273212359197,4.270899997209199,138.236799997685,7784.334044823906
1782218968,2,,Aggregated,0.200000,0.000000,8,18,23,23,27,34,40,47,140,140,140,939,0,8,14.378811927556983,4.270899997209199,138.236799997685,7778.588924387646
1782218969,2,,Aggregated,0.200000,0.000000,8,18,23,23,27,34,40,47,140,140,140,939,0,8,14.378811927556983,4.270899997209199,138.236799997685,7778.588924387646
1782218970,2,,Aggregated,0.200000,0.000000,8,18,23,23,27,34,40,47,140,140,140,939,0,8,14.378811927556983,4.270899997209199,138.236799997685,7778.588924387646
1782218971,2,,Aggregated,0.200000,0.000000,8,18,23,23,27,34,40,47,140,140,140,939,0,8,14.378811927556983,4.270899997209199,138.236799997685,7778.588924387646
1782218972,2,,Aggregated,0.200000,0.000000,8,18,23,23,27,34,40,47,140,140,140,939,0,8,14.378811927556983,4.270899997209199,138.236799997685,7778.588924387646
1782218973,2,,Aggregated,0.200000,0.000000,8,18,23,23,27,34,40,47,140,140,140,939,0,8,14.378811927556983,4.270899997209199,138.236799997685,7778.588924387646
1782218974,2,,Aggregated,0.200000,0.000000,8,18,23,23,27,34,40,47,140,140,140,942,0,8,14.363381740950839,4.270899997209199,138.236799997685,7780.916135881104
1782218975,2,,Aggregated,0.200000,0.000000,8,18,23,23,27,34,40,47,140,140,140,942,0,8,14.363381740950839,4.270899997209199,138.236799997685,7780.916135881104
1782218976,2,,Aggregated,0.200000,0.000000,8,18,23,23,27,34,40,47,140,140,140,942,0,8,14.363381740950839,4.270899997209199,138.236799997685,7780.916135881104
1782218977,2,,Aggregated,0.200000,0.000000,8,18,23,23,27,34,40,47,140,140,140,942,0,8,14.363381740950839,4.270899997209199,138.236799997685,7780.916135881104
1782218978,2,,Aggregated,0.200000,0.000000,8,18,23,23,27,34,40,47,140,140,140,942,0,8,14.363381740950839,4.270899997209199,138.236799997685,7780.916135881104
1782218979,2,,Aggregated,0.200000,0.000000,8,18,23,23,27,34,40,47,140,140,140,942,0,8,14.363381740950839,4.270899997209199,138.236799997685,7780.916135881104
1782218980,2,,Aggregated,0.200000,0.000000,8,18,23,23,27,34,40,47,140,140,140,942,0,8,14.363381740950839,4.270899997209199,138.236799997685,7780.916135881104
1782218981,2,,Aggregated,0.300000,0.000000,8,18,23,23,27,34,40,47,140,140,140,943,0,8,14.383876564127528,4.270899997209199,138.236799997685,7783.798515376458
1782218982,2,,Aggregated,0.300000,0.000000,8,18,23,23,27,34,40,47,140,140,140,944,0,8,14.376238453354807,4.270899997209199,138.236799997685,7781.765889830508
1782218983,2,,Aggregated,0.300000,0.000000,8,18,23,23,27,34,40,47,140,140,140,944,0,8,14.376238453354807,4.270899997209199,138.236799997685,7781.765889830508
1782218984,2,,Aggregated,0.300000,0.000000,8,18,23,23,27,34,40,47,140,140,140,944,0,8,14.376238453354807,4.270899997209199,138.236799997685,7781.765889830508
1782218985,2,,Aggregated,0.300000,0.000000,8,18,23,23,27,34,40,47,140,140,140,944,0,8,14.376238453354807,4.270899997209199,138.236799997685,7781.765889830508
1782218986,2,,Aggregated,0.300000,0.000000,8,18,23,23,27,34,40,47,140,140,140,944,0,8,14.376238453354807,4.270899997209199,138.236799997685,7781.765889830508
1782218987,2,,Aggregated,0.300000,0.000000,8,18,23,23,27,34,40,47,140,140,140,944,0,8,14.376238453354807,4.270899997209199,138.236799997685,7781.765889830508
1782218988,2,,Aggregated,0.200000,0.000000,8,18,23,23,27,34,40,47,140,140,140,945,0,8,14.370535978805348,4.270899997209199,138.236799997685,7779.737566137566
1782218989,2,,Aggregated,0.200000,0.000000,8,18,23,23,27,34,40,47,140,140,140,946,0,8,14.363999999972847,4.270899997209199,138.236799997685,7776.891120507399
1782218990,2,,Aggregated,0.200000,0.000000,8,18,23,23,27,34,40,47,140,140,140,946,0,8,14.363999999972847,4.270899997209199,138.236799997685,7776.891120507399
1782218991,2,,Aggregated,0.200000,0.000000,8,18,23,23,27,34,40,47,140,140,140,946,0,8,14.363999999972847,4.270899997209199,138.236799997685,7776.891120507399
1782218992,2,,Aggregated,0.400000,0.000000,8,18,23,23,27,34,40,47,140,140,140,947,0,8,14.355917317817852,4.270899997209199,138.236799997685,7774.872228088701
1782218993,2,,Aggregated,0.400000,0.000000,8,18,23,23,27,34,40,47,140,140,140,947,0,8,14.355917317817852,4.270899997209199,138.236799997685,7774.872228088701
1782218994,2,,Aggregated,0.400000,0.000000,8,18,23,23,27,34,40,47,140,140,140,947,0,8,14.355917317817852,4.270899997209199,138.236799997685,7774.872228088701
1782218995,2,,Aggregated,0.400000,0.000000,8,18,23,23,27,34,40,47,140,140,140,947,0,8,14.355917317817852,4.270899997209199,138.236799997685,7774.872228088701
1782218996,2,,Aggregated,0.400000,0.000000,8,18,23,23,27,34,40,47,140,140,140,947,0,8,14.355917317817852,4.270899997209199,138.236799997685,7774.872228088701
1782218997,2,,Aggregated,0.300000,0.000000,8,17,23,23,27,34,40,47,140,140,140,948,0,8,14.348694303768411,4.270899997209199,138.236799997685,7772.036919831224
1782218998,2,,Aggregated,0.300000,0.000000,8,17,23,23,27,34,40,47,140,140,140,949,0,8,14.342316649077672,4.270899997209199,138.236799997685,7770.027397260274
1782218999,2,,Aggregated,0.300000,0.000000,8,17,23,23,27,34,40,47,140,140,140,949,0,8,14.342316649077672,4.270899997209199,138.236799997685,7770.027397260274
1782219000,2,,Aggregated,0.300000,0.000000,8,17,23,23,27,34,40,47,140,140,140,949,0,8,14.342316649077672,4.270899997209199,138.236799997685,7770.027397260274
1782219001,2,,Aggregated,0.300000,0.000000,8,17,23,23,27,34,40,47,140,140,140,949,0,8,14.342316649077672,4.270899997209199,138.236799997685,7770.027397260274
1782219002,2,,Aggregated,0.300000,0.000000,8,17,23,23,27,34,40,47,140,140,140,949,0,8,14.342316649077672,4.270899997209199,138.236799997685,7770.027397260274
1782219003,2,,Aggregated,0.300000,0.000000,8,17,23,23,27,34,40,47,140,140,140,949,0,8,14.342316649077672,4.270899997209199,138.236799997685,7770.027397260274
1782219004,2,,Aggregated,0.300000,0.000000,8,17,23,23,27,34,40,47,140,140,140,950,0,8,14.333909473659189,4.270899997209199,138.236799997685,7767.203157894737
1782219005,2,,Aggregated,0.300000,0.000000,8,17,23,23,27,34,40,47,140,140,140,950,0,8,14.333909473659189,4.270899997209199,138.236799997685,7767.203157894737
1782219006,2,,Aggregated,0.300000,0.000000,8,17,23,23,27,34,40,47,140,140,140,950,0,8,14.333909473659189,4.270899997209199,138.236799997685,7767.203157894737
1782219007,2,,Aggregated,0.300000,0.000000,8,17,23,23,27,34,40,47,140,140,140,951,0,8,14.34358738168427,4.270899997209199,138.236799997685,7770.07570977918
1782219008,2,,Aggregated,0.300000,0.000000,8,17,23,23,27,34,40,47,140,140,140,951,0,8,14.34358738168427,4.270899997209199,138.236799997685,7770.07570977918
1782219009,2,,Aggregated,0.300000,0.000000,8,17,23,23,27,34,40,47,140,140,140,951,0,8,14.34358738168427,4.270899997209199,138.236799997685,7770.07570977918
1782219010,2,,Aggregated,0.300000,0.000000,8,17,23,23,27,34,40,47,140,140,140,951,0,8,14.34358738168427,4.270899997209199,138.236799997685,7770.07570977918
1782219011,2,,Aggregated,0.200000,0.000000,8,17,23,23,27,34,40,47,140,140,140,952,0,8,14.340984243681916,4.270899997209199,138.236799997685,7772.9422268907565
1782219012,2,,Aggregated,0.200000,0.000000,8,17,23,23,27,34,40,47,140,140,140,952,0,8,14.340984243681916,4.270899997209199,138.236799997685,7772.9422268907565
1782219013,2,,Aggregated,0.200000,0.000000,8,17,23,23,27,34,40,47,140,140,140,952,0,8,14.340984243681916,4.270899997209199,138.236799997685,7772.9422268907565
1782219014,2,,Aggregated,0.300000,0.000000,8,17,23,23,27,34,40,47,140,140,140,954,0,8,14.332599685522442,4.270899997209199,138.236799997685,7777.25786163522
1782219015,2,,Aggregated,0.300000,0.000000,8,17,23,23,27,34,40,47,140,140,140,954,0,8,14.332599685522442,4.270899997209199,138.236799997685,7777.25786163522
1782219016,2,,Aggregated,0.300000,0.000000,8,17,23,23,27,34,40,47,140,140,140,954,0,8,14.332599685522442,4.270899997209199,138.236799997685,7777.25786163522
1782219017,2,,Aggregated,0.300000,0.000000,8,17,23,23,27,34,40,47,140,140,140,954,0,8,14.332599685522442,4.270899997209199,138.236799997685,7777.25786163522
1782219018,2,,Aggregated,0.400000,0.000000,8,17,23,23,27,34,40,47,140,140,140,955,0,8,14.325515706797924,4.270899997209199,138.236799997685,7775.255497382199
1782219019,2,,Aggregated,0.400000,0.000000,8,17,23,23,27,34,40,47,140,140,140,955,0,8,14.325515706797924,4.270899997209199,138.236799997685,7775.255497382199
1782219020,2,,Aggregated,0.300000,0.000000,8,17,23,23,27,34,40,47,140,140,140,956,0,8,14.316869665262514,4.270899997209199,138.236799997685,7772.443514644351
1782219021,2,,Aggregated,0.300000,0.000000,8,17,23,23,27,34,40,47,140,140,140,956,0,8,14.316869665262514,4.270899997209199,138.236799997685,7772.443514644351
1782219022,2,,Aggregated,0.300000,0.000000,8,17,23,23,27,34,40,47,140,140,140,956,0,8,14.316869665262514,4.270899997209199,138.236799997685,7772.443514644351
1782219023,2,,Aggregated,0.300000,0.000000,8,17,23,23,27,34,40,47,140,140,140,956,0,8,14.316869665262514,4.270899997209199,138.236799997685,7772.443514644351
1782219024,2,,Aggregated,0.300000,0.000000,8,17,23,23,27,34,40,47,140,140,140,956,0,8,14.316869665262514,4.270899997209199,138.236799997685,7772.443514644351
1782219025,2,,Aggregated,0.300000,0.000000,8,17,23,23,27,34,40,47,140,140,140,956,0,8,14.316869665262514,4.270899997209199,138.236799997685,7772.443514644351
1782219026,2,,Aggregated,0.300000,0.000000,8,17,23,23,27,34,40,47,140,140,140,956,0,8,14.316869665262514,4.270899997209199,138.236799997685,7772.443514644351
1782219027,2,,Aggregated,0.200000,0.000000,8,17,23,23,27,34,40,47,140,140,140,957,0,8,14.338328631127595,4.270899997209199,138.236799997685,7775.292580982236
1782219028,2,,Aggregated,0.200000,0.000000,8,17,23,23,27,34,40,47,140,140,140,958,0,8,14.333764509380115,4.270899997209199,138.236799997685,7778.135699373695
1782219029,2,,Aggregated,0.200000,0.000000,8,17,23,23,27,34,40,47,140,140,140,958,0,8,14.333764509380115,4.270899997209199,138.236799997685,7778.135699373695
1782219031,2,,Aggregated,0.200000,0.000000,8,17,23,23,27,34,40,47,140,140,140,958,0,8,14.333764509380115,4.270899997209199,138.236799997685,7778.135699373695
1782219032,2,,Aggregated,0.200000,0.000000,8,17,23,23,27,34,40,47,140,140,140,958,0,8,14.333764509380115,4.270899997209199,138.236799997685,7778.135699373695
1782219033,2,,Aggregated,0.300000,0.000000,8,17,23,23,27,34,40,47,140,140,140,960,0,8,14.329110416648897,4.270899997209199,138.236799997685,7782.413541666667
1782219034,2,,Aggregated,0.300000,0.000000,8,17,23,23,27,34,40,47,140,140,140,960,0,8,14.329110416648897,4.270899997209199,138.236799997685,7782.413541666667
1782219035,2,,Aggregated,0.300000,0.000000,8,17,23,23,27,34,40,47,140,140,140,960,0,8,14.329110416648897,4.270899997209199,138.236799997685,7782.413541666667
1782219036,2,,Aggregated,0.300000,0.000000,8,17,23,23,27,34,40,47,140,140,140,960,0,8,14.329110416648897,4.270899997209199,138.236799997685,7782.413541666667
1782219037,2,,Aggregated,0.400000,0.000000,8,17,23,23,27,34,40,47,140,140,140,961,0,8,14.338581685727762,4.270899997209199,138.236799997685,7785.240374609782
1782219038,2,,Aggregated,0.400000,0.000000,8,17,23,23,27,34,40,47,140,140,140,961,0,8,14.338581685727762,4.270899997209199,138.236799997685,7785.240374609782
1782219039,2,,Aggregated,0.400000,0.000000,8,17,23,23,27,34,40,47,140,140,140,961,0,8,14.338581685727762,4.270899997209199,138.236799997685,7785.240374609782
1782219040,2,,Aggregated,0.400000,0.000000,8,17,23,23,27,34,40,47,140,140,140,961,0,8,14.338581685727762,4.270899997209199,138.236799997685,7785.240374609782
1782219041,2,,Aggregated,0.400000,0.000000,8,17,23,23,27,34,40,47,140,140,140,961,0,8,14.338581685727762,4.270899997209199,138.236799997685,7785.240374609782
1782219042,2,,Aggregated,0.300000,0.000000,8,17,23,23,27,34,40,47,140,140,140,962,0,8,14.348289501024524,4.270899997209199,138.236799997685,7788.061330561331
1782219043,2,,Aggregated,0.300000,0.000000,8,17,23,23,27,34,40,47,140,140,140,962,0,8,14.348289501024524,4.270899997209199,138.236799997685,7788.061330561331
1782219044,2,,Aggregated,0.300000,0.000000,8,17,23,23,27,34,40,47,140,140,140,962,0,8,14.348289501024524,4.270899997209199,138.236799997685,7788.061330561331
1782219045,2,,Aggregated,0.400000,0.000000,8,17,23,23,27,34,40,47,140,140,140,963,0,8,14.346283281397334,4.270899997209199,138.236799997685,7790.8764278296985
1782219046,2,,Aggregated,0.400000,0.000000,8,17,23,23,27,34,40,47,140,140,140,963,0,8,14.346283281397334,4.270899997209199,138.236799997685,7790.8764278296985
1782219047,2,,Aggregated,0.400000,0.000000,8,17,23,23,27,34,40,47,140,140,140,963,0,8,14.346283281397334,4.270899997209199,138.236799997685,7790.8764278296985
1782219048,2,,Aggregated,0.400000,0.000000,8,17,23,23,27,34,40,47,140,140,140,963,0,8,14.346283281397334,4.270899997209199,138.236799997685,7790.8764278296985
1782219049,2,,Aggregated,0.400000,0.000000,8,17,23,23,27,34,40,47,140,140,140,963,0,8,14.346283281397334,4.270899997209199,138.236799997685,7790.8764278296985
1782219050,2,,Aggregated,0.200000,0.000000,8,17,23,23,27,34,40,47,140,140,140,964,0,8,14.354174896252667,4.270899997209199,138.236799997685,7793.685684647303
1782219051,2,,Aggregated,0.200000,0.000000,8,17,23,23,27,34,40,47,140,140,140,965,0,8,14.345838756459148,4.270899997209199,138.236799997685,7791.687046632124
1782219052,2,,Aggregated,0.200000,0.000000,8,17,23,23,27,34,40,47,140,140,140,965,0,8,14.345838756459148,4.270899997209199,138.236799997685,7791.687046632124
1782219053,2,,Aggregated,0.200000,0.000000,8,17,23,23,27,34,40,47,140,140,140,965,0,8,14.345838756459148,4.270899997209199,138.236799997685,7791.687046632124
1782219054,2,,Aggregated,0.200000,0.000000,8,17,23,23,27,34,40,47,140,140,140,965,0,8,14.345838756459148,4.270899997209199,138.236799997685,7791.687046632124
1782219055,2,,Aggregated,0.300000,0.000000,8,17,23,23,27,34,40,47,140,140,140,966,0,8,14.337042132483212,4.270899997209199,138.236799997685,7788.887163561077
1782219056,2,,Aggregated,0.300000,0.000000,8,17,23,23,27,34,40,47,140,140,140,966,0,8,14.337042132483212,4.270899997209199,138.236799997685,7788.887163561077
1782219057,2,,Aggregated,0.300000,0.000000,8,17,23,23,27,34,40,47,140,140,140,967,0,8,14.345949224383638,4.270899997209199,138.236799997685,7791.6897621509825
1782219058,2,,Aggregated,0.300000,0.000000,8,17,23,23,27,34,40,47,140,140,140,967,0,8,14.345949224383638,4.270899997209199,138.236799997685,7791.6897621509825
1782219059,2,,Aggregated,0.300000,0.000000,8,17,23,23,27,34,40,47,140,140,140,967,0,8,14.345949224383638,4.270899997209199,138.236799997685,7791.6897621509825
1782219060,2,,Aggregated,0.300000,0.000000,8,17,23,23,27,34,40,47,140,140,140,967,0,8,14.345949224383638,4.270899997209199,138.236799997685,7791.6897621509825
1782219061,2,,Aggregated,0.300000,0.000000,8,17,23,23,27,34,40,47,140,140,140,967,0,8,14.345949224383638,4.270899997209199,138.236799997685,7791.6897621509825
1782219062,2,,Aggregated,0.400000,0.000000,8,17,23,23,27,34,40,47,140,140,140,968,0,8,14.370406508247425,4.270899997209199,138.236799997685,7794.486570247934
1782219063,2,,Aggregated,0.200000,0.000000,8,17,23,23,27,34,40,47,140,140,140,969,0,8,14.364187409686211,4.270899997209199,138.236799997685,7792.495356037151
1782219064,2,,Aggregated,0.200000,0.000000,8,17,23,23,27,34,40,47,140,140,140,969,0,8,14.364187409686211,4.270899997209199,138.236799997685,7792.495356037151
1782219065,2,,Aggregated,0.200000,0.000000,8,17,23,23,27,34,40,47,140,140,140,969,0,8,14.364187409686211,4.270899997209199,138.236799997685,7792.495356037151
1782219066,2,,Aggregated,0.200000,0.000000,8,17,23,23,27,34,40,47,140,140,140,969,0,8,14.364187409686211,4.270899997209199,138.236799997685,7792.495356037151
1782219067,2,,Aggregated,0.300000,0.000000,8,17,23,23,27,34,40,47,140,140,140,970,0,8,14.355145051534414,4.270899997209199,138.236799997685,7790.50824742268
1782219068,2,,Aggregated,0.300000,0.000000,8,17,23,23,27,34,40,47,140,140,140,971,0,8,14.347041091646044,4.270899997209199,138.236799997685,7787.723995880536
1782219069,2,,Aggregated,0.300000,0.000000,8,17,23,23,27,34,40,47,140,140,140,971,0,8,14.347041091646044,4.270899997209199,138.236799997685,7787.723995880536
1782219070,2,,Aggregated,0.300000,0.000000,8,17,23,23,27,34,40,47,140,140,140,971,0,8,14.347041091646044,4.270899997209199,138.236799997685,7787.723995880536
1782219071,2,,Aggregated,0.300000,0.000000,8,17,23,23,27,34,40,47,140,140,140,971,0,8,14.347041091646044,4.270899997209199,138.236799997685,7787.723995880536
1782219072,2,,Aggregated,0.300000,0.000000,8,17,23,23,27,34,40,47,140,140,140,971,0,8,14.347041091646044,4.270899997209199,138.236799997685,7787.723995880536
1782219073,2,,Aggregated,0.300000,0.000000,8,17,23,23,27,34,40,47,140,140,140,971,0,8,14.347041091646044,4.270899997209199,138.236799997685,7787.723995880536
1782219074,2,,Aggregated,0.300000,0.000000,8,17,23,23,27,34,40,47,140,140,140,971,0,8,14.347041091646044,4.270899997209199,138.236799997685,7787.723995880536
1782219075,2,,Aggregated,0.300000,0.000000,8,17,23,23,27,34,40,47,140,140,140,971,0,8,14.347041091646044,4.270899997209199,138.236799997685,7787.723995880536
1782219076,2,,Aggregated,0.300000,0.000000,8,17,23,23,27,34,40,47,140,140,140,972,0,8,14.359502674883721,4.270899997209199,138.236799997685,7790.513374485597
1782219077,2,,Aggregated,0.200000,0.000000,8,17,23,23,27,34,40,47,140,140,140,973,0,8,14.358624152093851,4.270899997209199,138.236799997685,7793.2970195272355
1782219078,2,,Aggregated,0.200000,0.000000,8,17,23,23,27,34,40,47,140,140,140,973,0,8,14.358624152093851,4.270899997209199,138.236799997685,7793.2970195272355
1782219079,2,,Aggregated,0.200000,0.000000,8,17,23,23,27,34,40,47,140,140,140,973,0,8,14.358624152093851,4.270899997209199,138.236799997685,7793.2970195272355
1782219080,2,,Aggregated,0.400000,0.000000,8,17,23,23,27,34,40,47,140,140,140,974,0,8,14.355511601629857,4.270899997209199,138.236799997685,7796.074948665298
1782219081,2,,Aggregated,0.400000,0.000000,8,17,23,23,27,34,40,47,140,140,140,974,0,8,14.355511601629857,4.270899997209199,138.236799997685,7796.074948665298
1782219082,2,,Aggregated,0.400000,0.000000,8,17,23,23,27,34,40,47,140,140,140,974,0,8,14.355511601629857,4.270899997209199,138.236799997685,7796.074948665298
1782219083,2,,Aggregated,0.300000,0.000000,8,17,23,23,27,34,40,47,140,140,140,975,0,8,14.36536738460209,4.270899997209199,138.236799997685,7798.847179487179
1782219084,2,,Aggregated,0.300000,0.000000,8,17,23,23,27,34,40,47,140,140,140,975,0,8,14.36536738460209,4.270899997209199,138.236799997685,7798.847179487179
1782219085,2,,Aggregated,0.300000,0.000000,8,17,23,23,27,34,40,47,140,140,140,975,0,8,14.36536738460209,4.270899997209199,138.236799997685,7798.847179487179
1782219086,2,,Aggregated,0.300000,0.000000,8,17,23,23,27,34,40,47,140,140,140,975,0,8,14.36536738460209,4.270899997209199,138.236799997685,7798.847179487179
1782219087,2,,Aggregated,0.300000,0.000000,8,17,23,23,27,34,40,47,140,140,140,975,0,8,14.36536738460209,4.270899997209199,138.236799997685,7798.847179487179
1782219088,2,,Aggregated,0.400000,0.000000,8,17,23,23,27,34,40,47,140,140,140,976,0,8,14.356272131132501,4.270899997209199,138.236799997685,7796.068647540984
1782219089,2,,Aggregated,0.400000,0.000000,8,17,23,23,27,34,40,47,140,140,140,976,0,8,14.356272131132501,4.270899997209199,138.236799997685,7796.068647540984
1782219090,2,,Aggregated,0.400000,0.000000,8,17,23,23,27,34,40,47,140,140,140,976,0,8,14.356272131132501,4.270899997209199,138.236799997685,7796.068647540984
1782219091,2,,Aggregated,0.400000,0.000000,8,17,23,23,27,34,40,47,140,140,140,976,0,8,14.356272131132501,4.270899997209199,138.236799997685,7796.068647540984
1782219092,2,,Aggregated,0.400000,0.000000,8,17,23,23,27,34,40,47,140,140,140,976,0,8,14.356272131132501,4.270899997209199,138.236799997685,7796.068647540984
1782219093,2,,Aggregated,0.200000,0.000000,8,17,23,23,27,34,40,47,140,140,140,977,0,8,14.348303582378094,4.270899997209199,138.236799997685,7793.295803480041
1782219094,2,,Aggregated,0.200000,0.000000,8,17,23,23,27,34,40,47,140,140,140,977,0,8,14.348303582378094,4.270899997209199,138.236799997685,7793.295803480041
1782219095,2,,Aggregated,0.300000,0.000000,8,17,23,23,27,34,40,47,140,140,140,978,0,8,14.35838343556343,4.270899997209199,138.236799997685,7796.062372188139
1782219096,2,,Aggregated,0.300000,0.000000,8,17,23,23,27,34,40,47,140,140,140,978,0,8,14.35838343556343,4.270899997209199,138.236799997685,7796.062372188139
1782219097,2,,Aggregated,0.300000,0.000000,8,17,23,23,27,34,40,47,140,140,140,978,0,8,14.35838343556343,4.270899997209199,138.236799997685,7796.062372188139
1782219098,2,,Aggregated,0.300000,0.000000,8,17,23,23,27,34,40,47,140,140,140,978,0,8,14.35838343556343,4.270899997209199,138.236799997685,7796.062372188139
1782219099,2,,Aggregated,0.300000,0.000000,8,17,23,23,27,34,40,47,140,140,140,978,0,8,14.35838343556343,4.270899997209199,138.236799997685,7796.062372188139
1782219100,2,,Aggregated,0.300000,0.000000,8,17,23,23,27,34,40,47,140,140,140,979,0,8,14.356798161371705,4.270899997209199,138.236799997685,7798.82328907048
1782219101,2,,Aggregated,0.300000,0.000000,8,17,23,23,27,34,40,47,140,140,140,979,0,8,14.356798161371705,4.270899997209199,138.236799997685,7798.82328907048
1782219102,2,,Aggregated,0.300000,0.000000,8,17,23,23,27,34,40,47,140,140,140,980,0,8,14.348447857123482,4.270899997209199,138.236799997685,7796.85
1782219103,2,,Aggregated,0.300000,0.000000,8,17,23,23,27,34,40,47,140,140,140,980,0,8,14.348447857123482,4.270899997209199,138.236799997685,7796.85
1782219104,2,,Aggregated,0.300000,0.000000,8,17,23,23,27,34,40,47,140,140,140,980,0,8,14.348447857123482,4.270899997209199,138.236799997685,7796.85
1782219105,2,,Aggregated,0.300000,0.000000,8,17,23,23,27,34,40,47,140,140,140,980,0,8,14.348447857123482,4.270899997209199,138.236799997685,7796.85
1782219106,2,,Aggregated,0.300000,0.000000,8,17,23,23,27,34,40,47,140,140,140,981,0,8,14.340292558597747,4.270899997209199,138.236799997685,7794.880733944954
1782219107,2,,Aggregated,0.300000,0.000000,8,17,23,23,27,34,40,47,140,140,140,981,0,8,14.340292558597747,4.270899997209199,138.236799997685,7794.880733944954
1782219108,2,,Aggregated,0.300000,0.000000,8,17,23,23,27,34,40,47,140,140,140,981,0,8,14.340292558597747,4.270899997209199,138.236799997685,7794.880733944954
1782219109,2,,Aggregated,0.300000,0.000000,8,17,23,23,27,34,40,47,140,140,140,982,0,8,14.347624745399667,4.270899997209199,138.236799997685,7797.634419551935
1782219110,2,,Aggregated,0.300000,0.000000,8,17,23,23,27,34,40,47,140,140,140,982,0,8,14.347624745399667,4.270899997209199,138.236799997685,7797.634419551935
1782219111,2,,Aggregated,0.300000,0.000000,8,17,23,23,27,34,40,47,140,140,140,982,0,8,14.347624745399667,4.270899997209199,138.236799997685,7797.634419551935
1782219112,2,,Aggregated,0.300000,0.000000,8,17,23,23,27,34,40,47,140,140,140,982,0,8,14.347624745399667,4.270899997209199,138.236799997685,7797.634419551935
1782219113,2,,Aggregated,0.300000,0.000000,8,17,23,23,27,34,40,47,140,140,140,982,0,8,14.347624745399667,4.270899997209199,138.236799997685,7797.634419551935
1782219114,2,,Aggregated,0.300000,0.000000,8,17,23,23,27,34,40,47,140,140,140,984,0,8,14.331030182913265,4.270899997209199,138.236799997685,7792.125
1782219115,2,,Aggregated,0.300000,0.000000,8,17,23,23,27,34,40,47,140,140,140,984,0,8,14.331030182913265,4.270899997209199,138.236799997685,7792.125
1782219116,2,,Aggregated,0.300000,0.000000,8,17,23,23,27,34,40,47,140,140,140,984,0,8,14.331030182913265,4.270899997209199,138.236799997685,7792.125
1782219117,2,,Aggregated,0.300000,0.000000,8,17,23,23,27,34,40,47,140,140,140,984,0,8,14.331030182913265,4.270899997209199,138.236799997685,7792.125
1782219118,2,,Aggregated,0.300000,0.000000,8,17,23,23,27,34,40,47,140,140,140,984,0,8,14.331030182913265,4.270899997209199,138.236799997685,7792.125
1782219119,2,,Aggregated,0.300000,0.000000,8,17,23,23,27,34,40,47,140,140,140,984,0,8,14.331030182913265,4.270899997209199,138.236799997685,7792.125
1782219120,2,,Aggregated,0.300000,0.000000,8,17,23,23,27,34,40,47,140,140,140,985,0,8,14.338593705574128,4.270899997209199,138.236799997685,7794.8730964467
1782219121,2,,Aggregated,0.300000,0.000000,8,17,23,23,27,34,40,47,140,140,140,985,0,8,14.338593705574128,4.270899997209199,138.236799997685,7794.8730964467
1782219122,2,,Aggregated,0.300000,0.000000,8,17,23,23,27,34,40,47,140,140,140,985,0,8,14.338593705574128,4.270899997209199,138.236799997685,7794.8730964467
1782219123,2,,Aggregated,0.300000,0.000000,8,17,23,23,27,34,40,47,140,140,140,986,0,8,14.336327687620765,4.270899997209199,138.236799997685,7797.615618661258
1782219124,2,,Aggregated,0.300000,0.000000,8,17,23,23,27,34,40,47,140,140,140,986,0,8,14.336327687620765,4.270899997209199,138.236799997685,7797.615618661258
1782219125,2,,Aggregated,0.300000,0.000000,8,17,23,23,27,34,40,47,140,140,140,986,0,8,14.336327687620765,4.270899997209199,138.236799997685,7797.615618661258
1782219126,2,,Aggregated,0.300000,0.000000,8,17,23,23,27,34,40,47,140,140,140,987,0,8,14.32823779128166,4.270899997209199,138.236799997685,7794.869300911854
1782219127,2,,Aggregated,0.300000,0.000000,8,17,23,23,27,34,40,47,140,140,140,987,0,8,14.32823779128166,4.270899997209199,138.236799997685,7794.869300911854
1782219128,2,,Aggregated,0.300000,0.000000,8,17,23,23,27,34,40,47,140,140,140,987,0,8,14.32823779128166,4.270899997209199,138.236799997685,7794.869300911854
1782219129,2,,Aggregated,0.200000,0.000000,8,17,23,23,27,34,40,47,140,140,140,988,0,8,14.346885323880732,4.270899997209199,138.236799997685,7797.606275303644
1782219130,2,,Aggregated,0.200000,0.000000,8,17,23,23,27,34,40,47,140,140,140,988,0,8,14.346885323880732,4.270899997209199,138.236799997685,7797.606275303644
1782219131,2,,Aggregated,0.200000,0.000000,8,17,23,23,27,34,40,47,140,140,140,988,0,8,14.346885323880732,4.270899997209199,138.236799997685,7797.606275303644
1782219132,2,,Aggregated,0.200000,0.000000,8,17,23,23,27,34,40,47,140,140,140,988,0,8,14.346885323880732,4.270899997209199,138.236799997685,7797.606275303644
1782219133,2,,Aggregated,0.200000,0.000000,8,17,23,23,27,34,40,47,140,140,140,988,0,8,14.346885323880732,4.270899997209199,138.236799997685,7797.606275303644
1782219134,2,,Aggregated,0.300000,0.000000,8,17,23,23,27,34,40,47,140,140,140,989,0,8,14.355082406469183,4.270899997209199,138.236799997685,7800.337714863498
1782219135,2,,Aggregated,0.300000,0.000000,8,17,23,23,27,34,40,47,140,140,140,990,0,8,14.347356464640317,4.270899997209199,138.236799997685,7797.59696969697
1782219136,2,,Aggregated,0.300000,0.000000,8,17,23,23,27,34,40,47,140,140,140,990,0,8,14.347356464640317,4.270899997209199,138.236799997685,7797.59696969697
1782219137,2,,Aggregated,0.300000,0.000000,8,17,23,23,27,34,40,47,140,140,140,990,0,8,14.347356464640317,4.270899997209199,138.236799997685,7797.59696969697
1782219138,2,,Aggregated,0.300000,0.000000,8,17,23,23,27,34,40,47,140,140,140,990,0,8,14.347356464640317,4.270899997209199,138.236799997685,7797.59696969697
1782219140,2,,Aggregated,0.300000,0.000000,8,18,23,23,27,34,40,47,140,140,140,991,0,8,14.35674894045755,4.270899997209199,138.236799997685,7800.322906155398
1782219141,2,,Aggregated,0.300000,0.000000,8,18,23,23,27,34,40,47,140,140,140,991,0,8,14.35674894045755,4.270899997209199,138.236799997685,7800.322906155398
1782219142,2,,Aggregated,0.300000,0.000000,8,18,23,23,27,34,40,47,140,140,140,991,0,8,14.35674894045755,4.270899997209199,138.236799997685,7800.322906155398
1782219143,2,,Aggregated,0.300000,0.000000,8,17,23,23,27,34,40,47,140,140,140,992,0,8,14.34871320564144,4.270899997209199,138.236799997685,7798.371975806452
1782219144,2,,Aggregated,0.300000,0.000000,8,17,23,23,27,34,40,47,140,140,140,992,0,8,14.34871320564144,4.270899997209199,138.236799997685,7798.371975806452
1782219145,2,,Aggregated,0.300000,0.000000,8,17,23,23,27,34,40,47,140,140,140,992,0,8,14.34871320564144,4.270899997209199,138.236799997685,7798.371975806452
1782219146,2,,Aggregated,0.300000,0.000000,8,17,23,23,27,34,40,47,140,140,140,992,0,8,14.34871320564144,4.270899997209199,138.236799997685,7798.371975806452
1782219147,2,,Aggregated,0.300000,0.000000,8,17,23,23,27,34,40,47,140,140,140,992,0,8,14.34871320564144,4.270899997209199,138.236799997685,7798.371975806452
1782219148,2,,Aggregated,0.300000,0.000000,8,17,23,23,27,34,40,47,140,140,140,992,0,8,14.34871320564144,4.270899997209199,138.236799997685,7798.371975806452
1782219149,2,,Aggregated,0.200000,0.000000,8,17,23,23,27,34,40,47,140,140,140,995,0,8,14.35229246230824,4.270899997209199,138.236799997685,7805.172864321608
1782219150,2,,Aggregated,0.200000,0.000000,8,17,23,23,27,34,40,47,140,140,140,995,0,8,14.35229246230824,4.270899997209199,138.236799997685,7805.172864321608
1782219151,2,,Aggregated,0.200000,0.000000,8,17,23,23,27,34,40,47,140,140,140,995,0,8,14.35229246230824,4.270899997209199,138.236799997685,7805.172864321608
1782219152,2,,Aggregated,0.200000,0.000000,8,17,23,23,27,34,40,47,140,140,140,995,0,8,14.35229246230824,4.270899997209199,138.236799997685,7805.172864321608
1782219153,2,,Aggregated,0.200000,0.000000,8,17,23,23,27,34,40,47,140,140,140,995,0,8,14.35229246230824,4.270899997209199,138.236799997685,7805.172864321608
1782219154,2,,Aggregated,0.400000,0.000000,8,18,23,23,27,34,40,49,140,140,140,996,0,8,14.387612650597545,4.270899997209199,138.236799997685,7807.877510040161
1782219155,2,,Aggregated,0.400000,0.000000,8,18,23,23,27,34,40,49,140,140,140,996,0,8,14.387612650597545,4.270899997209199,138.236799997685,7807.877510040161
1782219156,2,,Aggregated,0.400000,0.000000,8,18,23,23,27,34,40,49,140,140,140,996,0,8,14.387612650597545,4.270899997209199,138.236799997685,7807.877510040161
1782219157,2,,Aggregated,0.400000,0.000000,8,18,23,23,27,34,40,49,140,140,140,996,0,8,14.387612650597545,4.270899997209199,138.236799997685,7807.877510040161
1782219158,2,,Aggregated,0.400000,0.000000,8,17,23,23,27,34,40,49,140,140,140,998,0,8,14.381695090172386,4.270899997209199,138.236799997685,7811.932865731463
1782219159,2,,Aggregated,0.400000,0.000000,8,17,23,23,27,34,40,49,140,140,140,999,0,8,14.373161061050745,4.270899997209199,138.236799997685,7809.983983983984
1782219160,2,,Aggregated,0.400000,0.000000,8,17,23,23,27,34,40,49,140,140,140,999,0,8,14.373161061050745,4.270899997209199,138.236799997685,7809.983983983984
1782219161,2,,Aggregated,0.400000,0.000000,8,17,23,23,27,34,40,49,140,140,140,999,0,8,14.373161061050745,4.270899997209199,138.236799997685,7809.983983983984
1782219162,2,,Aggregated,0.400000,0.000000,8,17,23,23,27,34,40,49,140,140,140,999,0,8,14.373161061050745,4.270899997209199,138.236799997685,7809.983983983984
1782219163,2,,Aggregated,0.400000,0.000000,8,17,23,23,27,34,40,49,140,140,140,1000,0,8,14.364427299988165,4.270899997209199,138.236799997685,7808.039
1782219164,2,,Aggregated,0.400000,0.000000,8,17,23,23,27,34,40,47,90,140,140,1001,0,8,14.358521478509562,4.270899997209199,138.236799997685,7805.320679320679
1782219165,2,,Aggregated,0.400000,0.000000,8,17,23,23,27,34,40,47,90,140,140,1001,0,8,14.358521478509562,4.270899997209199,138.236799997685,7805.320679320679
1782219166,2,,Aggregated,0.400000,0.000000,8,17,23,23,27,34,40,47,90,140,140,1001,0,8,14.358521478509562,4.270899997209199,138.236799997685,7805.320679320679
1782219167,2,,Aggregated,0.500000,0.000000,8,17,23,23,27,34,40,47,90,140,140,1002,0,8,14.36847045907215,4.270899997209199,138.236799997685,7808.008982035928
1782219168,2,,Aggregated,0.500000,0.000000,8,17,23,23,27,34,40,47,90,140,140,1002,0,8,14.36847045907215,4.270899997209199,138.236799997685,7808.008982035928
1782219169,2,,Aggregated,0.500000,0.000000,8,17,23,23,27,34,40,47,90,140,140,1002,0,8,14.36847045907215,4.270899997209199,138.236799997685,7808.008982035928
1782219170,2,,Aggregated,0.500000,0.000000,8,17,23,23,27,34,40,47,90,140,140,1002,0,8,14.36847045907215,4.270899997209199,138.236799997685,7808.008982035928
1782219171,2,,Aggregated,0.500000,0.000000,8,17,23,23,27,34,40,47,90,140,140,1002,0,8,14.36847045907215,4.270899997209199,138.236799997685,7808.008982035928
1782219172,2,,Aggregated,0.500000,0.000000,8,17,23,23,27,34,40,47,90,140,140,1002,0,8,14.36847045907215,4.270899997209199,138.236799997685,7808.008982035928
1782219173,2,,Aggregated,0.500000,0.000000,8,17,23,23,27,34,40,47,90,140,140,1002,0,8,14.36847045907215,4.270899997209199,138.236799997685,7808.008982035928
1782219174,2,,Aggregated,0.300000,0.000000,8,17,23,24,27,34,40,47,90,140,140,1003,0,8,14.37796819540751,4.270899997209199,138.236799997685,7810.691924227318
1782219175,2,,Aggregated,0.200000,0.000000,8,17,23,24,27,34,40,47,90,140,140,1004,0,8,14.369991633458879,4.270899997209199,138.236799997685,7808.753984063745
1782219176,2,,Aggregated,0.200000,0.000000,8,17,23,24,27,34,40,47,90,140,140,1004,0,8,14.369991633458879,4.270899997209199,138.236799997685,7808.753984063745
1782219177,2,,Aggregated,0.200000,0.000000,8,17,23,24,27,34,40,47,90,140,140,1004,0,8,14.369991633458879,4.270899997209199,138.236799997685,7808.753984063745
1782219178,2,,Aggregated,0.200000,0.000000,8,17,23,24,27,34,40,47,90,140,140,1004,0,8,14.369991633458879,4.270899997209199,138.236799997685,7808.753984063745
1782219179,2,,Aggregated,0.200000,0.000000,8,17,23,24,27,34,40,47,90,140,140,1004,0,8,14.369991633458879,4.270899997209199,138.236799997685,7808.753984063745
1782219180,2,,Aggregated,0.200000,0.000000,8,17,23,24,27,34,40,47,90,140,140,1005,0,8,14.363907164173254,4.270899997209199,138.236799997685,7806.819900497512
1782219181,2,,Aggregated,0.200000,0.000000,8,17,23,24,27,34,40,47,90,140,140,1006,0,8,14.383073061626003,4.270899997209199,138.236799997685,7809.496023856859
1782219182,2,,Aggregated,0.200000,0.000000,8,17,23,24,27,34,40,47,90,140,140,1006,0,8,14.383073061626003,4.270899997209199,138.236799997685,7809.496023856859
1782219183,2,,Aggregated,0.200000,0.000000,8,17,23,24,27,34,40,47,90,140,140,1006,0,8,14.383073061626003,4.270899997209199,138.236799997685,7809.496023856859
1782219184,2,,Aggregated,0.400000,0.000000,8,17,23,24,27,34,40,47,90,140,140,1007,0,8,14.381527904662534,4.270899997209199,138.236799997685,7812.166832174777
1782219185,2,,Aggregated,0.400000,0.000000,8,17,23,24,27,34,40,47,90,140,140,1007,0,8,14.381527904662534,4.270899997209199,138.236799997685,7812.166832174777
1782219186,2,,Aggregated,0.400000,0.000000,8,17,23,24,27,34,40,47,90,140,140,1007,0,8,14.381527904662534,4.270899997209199,138.236799997685,7812.166832174777
1782219187,2,,Aggregated,0.400000,0.000000,8,17,23,24,27,34,40,47,90,140,140,1007,0,8,14.381527904662534,4.270899997209199,138.236799997685,7812.166832174777
1782219188,2,,Aggregated,0.400000,0.000000,8,17,23,24,27,34,40,47,90,140,140,1007,0,8,14.381527904662534,4.270899997209199,138.236799997685,7812.166832174777
1782219189,2,,Aggregated,0.300000,0.000000,8,17,23,24,27,34,40,47,90,140,140,1008,0,8,14.375505753962768,4.270899997209199,138.236799997685,7809.463293650793
1782219190,2,,Aggregated,0.300000,0.000000,8,17,23,24,27,34,40,47,90,140,140,1009,0,8,14.367544796823225,4.270899997209199,138.236799997685,7807.536174430129
1782219191,2,,Aggregated,0.300000,0.000000,8,17,23,24,27,34,40,47,90,140,140,1009,0,8,14.367544796823225,4.270899997209199,138.236799997685,7807.536174430129
1782219192,2,,Aggregated,0.300000,0.000000,8,17,23,24,27,34,40,47,90,140,140,1009,0,8,14.367544796823225,4.270899997209199,138.236799997685,7807.536174430129
1782219193,2,,Aggregated,0.300000,0.000000,8,17,23,24,27,34,40,47,90,140,140,1009,0,8,14.367544796823225,4.270899997209199,138.236799997685,7807.536174430129
1782219194,2,,Aggregated,0.300000,0.000000,8,17,23,24,27,34,40,47,90,140,140,1009,0,8,14.367544796823225,4.270899997209199,138.236799997685,7807.536174430129
1782219195,2,,Aggregated,0.300000,0.000000,8,17,23,24,27,34,40,47,90,140,140,1009,0,8,14.367544796823225,4.270899997209199,138.236799997685,7807.536174430129
1782219196,2,,Aggregated,0.300000,0.000000,8,17,23,24,27,34,40,47,90,140,140,1009,0,8,14.367544796823225,4.270899997209199,138.236799997685,7807.536174430129
1782219197,2,,Aggregated,0.200000,0.000000,8,17,23,24,27,34,40,47,90,140,140,1010,0,8,14.374030594057565,4.270899997209199,138.236799997685,7810.20099009901
1782219198,2,,Aggregated,0.200000,0.000000,8,17,23,24,27,34,40,47,90,140,140,1010,0,8,14.374030594057565,4.270899997209199,138.236799997685,7810.20099009901
1782219199,2,,Aggregated,0.200000,0.000000,8,17,23,24,27,34,40,47,90,140,140,1010,0,8,14.374030594057565,4.270899997209199,138.236799997685,7810.20099009901
1782219200,2,,Aggregated,0.200000,0.000000,8,17,23,23,27,34,40,47,90,140,140,1011,0,8,14.366758456968684,4.270899997209199,138.236799997685,7807.507418397626
1782219201,2,,Aggregated,0.200000,0.000000,8,17,23,23,27,34,40,47,90,140,140,1011,0,8,14.366758456968684,4.270899997209199,138.236799997685,7807.507418397626
1782219202,2,,Aggregated,0.200000,0.000000,8,17,23,23,27,34,40,47,90,140,140,1011,0,8,14.366758456968684,4.270899997209199,138.236799997685,7807.507418397626
1782219203,2,,Aggregated,0.200000,0.000000,8,17,23,23,27,34,40,47,90,140,140,1011,0,8,14.366758456968684,4.270899997209199,138.236799997685,7807.507418397626
1782219204,2,,Aggregated,0.200000,0.000000,8,17,23,23,27,34,40,47,90,140,140,1012,0,8,14.358737252960307,4.270899997209199,138.236799997685,7804.819169960474
1782219205,2,,Aggregated,0.200000,0.000000,8,17,23,23,27,34,40,47,90,140,140,1012,0,8,14.358737252960307,4.270899997209199,138.236799997685,7804.819169960474
1782219206,2,,Aggregated,0.200000,0.000000,8,17,23,23,27,34,40,47,90,140,140,1012,0,8,14.358737252960307,4.270899997209199,138.236799997685,7804.819169960474
1782219207,2,,Aggregated,0.200000,0.000000,8,17,23,23,27,34,40,47,90,140,140,1012,0,8,14.358737252960307,4.270899997209199,138.236799997685,7804.819169960474
1782219208,2,,Aggregated,0.200000,0.000000,8,17,23,23,27,34,40,47,90,140,140,1012,0,8,14.358737252960307,4.270899997209199,138.236799997685,7804.819169960474
1782219209,2,,Aggregated,0.300000,0.000000,8,17,23,23,27,34,40,47,90,140,140,1013,0,8,14.366293089828147,4.270899997209199,138.236799997685,7807.4787759131295
1782219210,2,,Aggregated,0.300000,0.000000,8,17,23,23,27,34,40,47,90,140,140,1013,0,8,14.366293089828147,4.270899997209199,138.236799997685,7807.4787759131295
1782219211,2,,Aggregated,0.300000,0.000000,8,17,23,23,27,34,40,47,90,140,140,1013,0,8,14.366293089828147,4.270899997209199,138.236799997685,7807.4787759131295
1782219212,2,,Aggregated,0.200000,0.000000,8,17,23,23,27,34,40,47,90,140,140,1014,0,8,14.360834911235857,4.270899997209199,138.236799997685,7804.795857988166
1782219213,2,,Aggregated,0.200000,0.000000,8,17,23,23,27,34,40,47,90,140,140,1014,0,8,14.360834911235857,4.270899997209199,138.236799997685,7804.795857988166
1782219214,2,,Aggregated,0.200000,0.000000,8,17,23,23,27,34,40,47,90,140,140,1014,0,8,14.360834911235857,4.270899997209199,138.236799997685,7804.795857988166
1782219215,2,,Aggregated,0.300000,0.000000,8,17,23,23,27,34,40,47,90,140,140,1015,0,8,14.353207980292353,4.270899997209199,138.236799997685,7802.1182266009855
1782219216,2,,Aggregated,0.300000,0.000000,8,17,23,23,27,34,40,47,90,140,140,1015,0,8,14.353207980292353,4.270899997209199,138.236799997685,7802.1182266009855
1782219217,2,,Aggregated,0.300000,0.000000,8,17,23,23,27,34,40,47,90,140,140,1015,0,8,14.353207980292353,4.270899997209199,138.236799997685,7802.1182266009855
1782219218,2,,Aggregated,0.300000,0.000000,8,17,23,23,27,34,40,47,90,140,140,1015,0,8,14.353207980292353,4.270899997209199,138.236799997685,7802.1182266009855
1782219219,2,,Aggregated,0.300000,0.000000,8,17,23,23,27,34,40,47,90,140,140,1015,0,8,14.353207980292353,4.270899997209199,138.236799997685,7802.1182266009855
1782219220,2,,Aggregated,0.300000,0.000000,8,17,23,23,27,34,40,47,90,140,140,1016,0,8,14.374711614164687,4.270899997209199,138.236799997685,7804.772637795276
1782219221,2,,Aggregated,0.300000,0.000000,8,17,23,23,27,34,40,47,90,140,140,1016,0,8,14.374711614164687,4.270899997209199,138.236799997685,7804.772637795276
1782219222,2,,Aggregated,0.300000,0.000000,8,17,23,23,27,34,40,47,90,140,140,1016,0,8,14.374711614164687,4.270899997209199,138.236799997685,7804.772637795276
1782219223,2,,Aggregated,0.300000,0.000000,8,17,23,23,27,34,40,47,90,140,140,1016,0,8,14.374711614164687,4.270899997209199,138.236799997685,7804.772637795276
1782219224,2,,Aggregated,0.300000,0.000000,8,18,23,23,27,34,40,47,90,140,140,1017,0,8,14.383374237941464,4.270899997209199,138.236799997685,7807.421828908555
1782219225,2,,Aggregated,0.300000,0.000000,8,18,23,23,27,34,40,47,90,140,140,1017,0,8,14.383374237941464,4.270899997209199,138.236799997685,7807.421828908555
1782219226,2,,Aggregated,0.200000,0.000000,8,17,23,23,27,34,40,47,90,140,140,1018,0,8,14.377058153225965,4.270899997209199,138.236799997685,7804.749508840864
1782219227,2,,Aggregated,0.200000,0.000000,8,17,23,23,27,34,40,47,90,140,140,1018,0,8,14.377058153225965,4.270899997209199,138.236799997685,7804.749508840864
1782219228,2,,Aggregated,0.200000,0.000000,8,17,23,23,27,34,40,47,90,140,140,1018,0,8,14.377058153225965,4.270899997209199,138.236799997685,7804.749508840864
1782219229,2,,Aggregated,0.200000,0.000000,8,17,23,23,27,34,40,47,90,140,140,1019,0,8,14.369037291442623,4.270899997209199,138.236799997685,7802.845927379784
1782219230,2,,Aggregated,0.200000,0.000000,8,17,23,23,27,34,40,47,90,140,140,1019,0,8,14.369037291442623,4.270899997209199,138.236799997685,7802.845927379784
1782219231,2,,Aggregated,0.200000,0.000000,8,17,23,23,27,34,40,47,90,140,140,1019,0,8,14.369037291442623,4.270899997209199,138.236799997685,7802.845927379784
1782219232,2,,Aggregated,0.200000,0.000000,8,17,23,23,27,34,40,47,90,140,140,1019,0,8,14.369037291442623,4.270899997209199,138.236799997685,7802.845927379784
1782219233,2,,Aggregated,0.200000,0.000000,8,17,23,23,27,34,40,47,90,140,140,1019,0,8,14.369037291442623,4.270899997209199,138.236799997685,7802.845927379784
1782219234,2,,Aggregated,0.200000,0.000000,8,17,23,23,27,34,40,47,90,140,140,1019,0,8,14.369037291442623,4.270899997209199,138.236799997685,7802.845927379784
1782219235,2,,Aggregated,0.300000,0.000000,8,18,23,24,27,34,40,47,90,140,140,1020,0,8,14.381768823509715,4.270899997209199,138.236799997685,7805.489215686274
1782219236,2,,Aggregated,0.300000,0.000000,8,17,23,23,27,34,40,47,90,140,140,1022,0,8,14.37347387473552,4.270899997209199,138.236799997685,7809.454011741683
1782219237,2,,Aggregated,0.300000,0.000000,8,17,23,23,27,34,40,47,90,140,140,1022,0,8,14.37347387473552,4.270899997209199,138.236799997685,7809.454011741683
1782219238,2,,Aggregated,0.300000,0.000000,8,17,23,23,27,34,40,47,90,140,140,1022,0,8,14.37347387473552,4.270899997209199,138.236799997685,7809.454011741683
1782219239,2,,Aggregated,0.300000,0.000000,8,17,23,23,27,34,40,47,90,140,140,1022,0,8,14.37347387473552,4.270899997209199,138.236799997685,7809.454011741683
1782219240,2,,Aggregated,0.300000,0.000000,8,17,23,23,27,34,40,47,90,140,140,1022,0,8,14.37347387473552,4.270899997209199,138.236799997685,7809.454011741683
1782219241,2,,Aggregated,0.300000,0.000000,8,18,23,23,27,34,40,47,90,140,140,1023,0,8,14.380661779065559,4.270899997209199,138.236799997685,7812.083088954057
1782219242,2,,Aggregated,0.300000,0.000000,8,18,23,23,27,34,40,47,90,140,140,1023,0,8,14.380661779065559,4.270899997209199,138.236799997685,7812.083088954057
1782219243,2,,Aggregated,0.300000,0.000000,8,17,23,23,27,34,40,47,90,140,140,1024,0,8,14.380099902325583,4.270899997209199,138.236799997685,7814.70703125
1782219244,2,,Aggregated,0.300000,0.000000,8,17,23,23,27,34,40,47,90,140,140,1024,0,8,14.380099902325583,4.270899997209199,138.236799997685,7814.70703125
1782219245,2,,Aggregated,0.400000,0.000000,8,17,23,23,27,34,40,47,90,140,140,1026,0,8,14.372185964893164,4.270899997209199,138.236799997685,7818.638401559454
1782219247,2,,Aggregated,0.400000,0.000000,8,17,23,23,27,34,40,47,90,140,140,1026,0,8,14.372185964893164,4.270899997209199,138.236799997685,7818.638401559454
1782219248,2,,Aggregated,0.400000,0.000000,8,17,23,23,27,34,40,47,90,140,140,1026,0,8,14.372185964893164,4.270899997209199,138.236799997685,7818.638401559454
1782219249,2,,Aggregated,0.400000,0.000000,8,17,23,23,27,34,40,47,90,140,140,1026,0,8,14.372185964893164,4.270899997209199,138.236799997685,7818.638401559454
1782219250,2,,Aggregated,0.400000,0.000000,8,17,23,23,27,34,40,47,90,140,140,1027,0,8,14.364022297941172,4.270899997209199,138.236799997685,7815.978578383641
1782219251,2,,Aggregated,0.400000,0.000000,8,17,23,23,27,34,40,47,90,140,140,1027,0,8,14.364022297941172,4.270899997209199,138.236799997685,7815.978578383641
1782219252,2,,Aggregated,0.400000,0.000000,8,17,23,23,27,34,40,47,90,140,140,1027,0,8,14.364022297941172,4.270899997209199,138.236799997685,7815.978578383641
1782219253,2,,Aggregated,0.400000,0.000000,8,17,23,23,27,34,40,47,90,140,140,1027,0,8,14.364022297941172,4.270899997209199,138.236799997685,7815.978578383641
1782219254,2,,Aggregated,0.400000,0.000000,8,17,23,23,27,34,40,47,90,140,140,1027,0,8,14.364022297941172,4.270899997209199,138.236799997685,7815.978578383641
1782219255,2,,Aggregated,0.400000,0.000000,8,17,23,23,27,34,40,47,90,140,140,1027,0,8,14.364022297941172,4.270899997209199,138.236799997685,7815.978578383641
1782219256,2,,Aggregated,0.400000,0.000000,8,17,23,23,27,34,40,47,90,140,140,1028,0,8,14.370763424108102,4.270899997209199,138.236799997685,7818.5885214007785
1782219257,2,,Aggregated,0.400000,0.000000,8,17,23,23,27,34,40,47,90,140,140,1028,0,8,14.370763424108102,4.270899997209199,138.236799997685,7818.5885214007785
1782219258,2,,Aggregated,0.400000,0.000000,8,17,23,23,27,34,40,47,90,140,140,1028,0,8,14.370763424108102,4.270899997209199,138.236799997685,7818.5885214007785
1782219259,2,,Aggregated,0.200000,0.000000,8,18,23,23,27,34,40,47,90,140,140,1029,0,8,14.385187171995359,4.270899997209199,138.236799997685,7821.193391642371
1782219260,2,,Aggregated,0.200000,0.000000,8,18,23,23,27,34,40,47,90,140,140,1029,0,8,14.385187171995359,4.270899997209199,138.236799997685,7821.193391642371
1782219261,2,,Aggregated,0.200000,0.000000,8,18,23,23,27,34,40,47,90,140,140,1029,0,8,14.385187171995359,4.270899997209199,138.236799997685,7821.193391642371
1782219262,2,,Aggregated,0.200000,0.000000,8,18,23,23,27,34,40,47,90,140,140,1029,0,8,14.385187171995359,4.270899997209199,138.236799997685,7821.193391642371
1782219263,2,,Aggregated,0.200000,0.000000,8,18,23,23,27,34,40,47,90,140,140,1029,0,8,14.385187171995359,4.270899997209199,138.236799997685,7821.193391642371
1782219264,2,,Aggregated,0.200000,0.000000,8,18,23,23,27,34,40,47,90,140,140,1029,0,8,14.385187171995359,4.270899997209199,138.236799997685,7821.193391642371
1782219265,2,,Aggregated,0.200000,0.000000,8,17,23,23,27,34,40,47,90,140,140,1030,0,8,14.377577864063126,4.270899997209199,138.236799997685,7818.538834951456
1782219266,2,,Aggregated,0.200000,0.000000,8,17,23,23,27,34,40,47,90,140,140,1030,0,8,14.377577864063126,4.270899997209199,138.236799997685,7818.538834951456
1782219267,2,,Aggregated,0.200000,0.000000,8,18,23,23,27,34,40,47,90,140,140,1031,0,8,14.391141028112019,4.270899997209199,138.236799997685,7821.13870029098
1782219268,2,,Aggregated,0.200000,0.000000,8,18,23,23,27,34,40,47,90,140,140,1031,0,8,14.391141028112019,4.270899997209199,138.236799997685,7821.13870029098
1782219269,2,,Aggregated,0.200000,0.000000,8,18,23,23,27,34,40,47,90,140,140,1031,0,8,14.391141028112019,4.270899997209199,138.236799997685,7821.13870029098
1782219270,2,,Aggregated,0.200000,0.000000,8,18,23,23,27,34,40,47,90,140,140,1031,0,8,14.391141028112019,4.270899997209199,138.236799997685,7821.13870029098
1782219271,2,,Aggregated,0.200000,0.000000,8,18,23,23,27,34,40,47,90,140,140,1031,0,8,14.391141028112019,4.270899997209199,138.236799997685,7821.13870029098
1782219272,2,,Aggregated,0.200000,0.000000,8,18,23,23,27,34,40,47,90,140,140,1033,0,8,14.396949951576229,4.270899997209199,138.236799997685,7826.323330106486
1782219273,2,,Aggregated,0.200000,0.000000,8,18,23,23,27,34,40,47,90,140,140,1033,0,8,14.396949951576229,4.270899997209199,138.236799997685,7826.323330106486
1782219274,2,,Aggregated,0.200000,0.000000,8,18,23,23,27,34,40,47,90,140,140,1033,0,8,14.396949951576229,4.270899997209199,138.236799997685,7826.323330106486
1782219275,2,,Aggregated,0.200000,0.000000,8,18,23,23,27,34,40,47,90,140,140,1033,0,8,14.396949951576229,4.270899997209199,138.236799997685,7826.323330106486
1782219276,2,,Aggregated,0.200000,0.000000,8,18,23,23,27,34,40,47,90,140,140,1033,0,8,14.396949951576229,4.270899997209199,138.236799997685,7826.323330106486
1782219277,2,,Aggregated,0.200000,0.000000,8,18,23,23,27,34,40,47,90,140,140,1033,0,8,14.396949951576229,4.270899997209199,138.236799997685,7826.323330106486
1782219278,2,,Aggregated,0.300000,0.000000,8,18,23,23,27,34,40,47,90,140,140,1035,0,8,14.382966956499668,4.270899997209199,138.236799997685,7821.029951690822
1782219279,2,,Aggregated,0.300000,0.000000,8,18,23,23,27,34,40,47,90,140,140,1035,0,8,14.382966956499668,4.270899997209199,138.236799997685,7821.029951690822
1782219280,2,,Aggregated,0.300000,0.000000,8,18,23,23,27,34,40,47,90,140,140,1035,0,8,14.382966956499668,4.270899997209199,138.236799997685,7821.029951690822
1782219281,2,,Aggregated,0.300000,0.000000,8,18,23,23,27,34,40,47,90,140,140,1035,0,8,14.382966956499668,4.270899997209199,138.236799997685,7821.029951690822
1782219282,2,,Aggregated,0.300000,0.000000,8,18,23,23,27,34,40,47,90,140,140,1035,0,8,14.382966956499668,4.270899997209199,138.236799997685,7821.029951690822
1782219283,2,,Aggregated,0.400000,0.000000,8,17,23,23,27,34,40,47,90,140,140,1036,0,8,14.375160231638906,4.270899997209199,138.236799997685,7819.141891891892
1782219284,2,,Aggregated,0.400000,0.000000,8,17,23,23,27,34,40,47,90,140,140,1037,0,8,14.369078495637897,4.270899997209199,138.236799997685,7817.257473481196
1782219285,2,,Aggregated,0.400000,0.000000,8,17,23,23,27,34,40,47,90,140,140,1037,0,8,14.369078495637897,4.270899997209199,138.236799997685,7817.257473481196
1782219286,2,,Aggregated,0.400000,0.000000,8,17,23,23,27,34,40,47,90,140,140,1037,0,8,14.369078495637897,4.270899997209199,138.236799997685,7817.257473481196
1782219287,2,,Aggregated,0.400000,0.000000,8,17,23,23,27,34,40,47,90,140,140,1037,0,8,14.369078495637897,4.270899997209199,138.236799997685,7817.257473481196
1782219288,2,,Aggregated,0.400000,0.000000,8,17,23,23,27,34,40,47,90,140,140,1037,0,8,14.369078495637897,4.270899997209199,138.236799997685,7817.257473481196
1782219289,2,,Aggregated,0.400000,0.000000,8,17,23,23,27,34,40,47,90,140,140,1037,0,8,14.369078495637897,4.270899997209199,138.236799997685,7817.257473481196
1782219290,2,,Aggregated,0.400000,0.000000,8,17,23,23,27,34,40,47,90,140,140,1037,0,8,14.369078495637897,4.270899997209199,138.236799997685,7817.257473481196
1782219291,2,,Aggregated,0.200000,0.000000,8,18,23,23,27,34,40,47,90,140,140,1038,0,8,14.375815510574913,4.270899997209199,138.236799997685,7819.841040462427
1782219292,2,,Aggregated,0.200000,0.000000,8,17,23,23,27,34,40,47,90,140,140,1039,0,8,14.378614436936845,4.270899997209199,138.236799997685,7822.419634263715
1782219293,2,,Aggregated,0.200000,0.000000,8,17,23,23,27,34,40,47,90,140,140,1039,0,8,14.378614436936845,4.270899997209199,138.236799997685,7822.419634263715
1782219294,2,,Aggregated,0.200000,0.000000,8,17,23,23,27,34,40,47,90,140,140,1039,0,8,14.378614436936845,4.270899997209199,138.236799997685,7822.419634263715
1782219295,2,,Aggregated,0.200000,0.000000,8,17,23,23,27,34,40,47,90,140,140,1039,0,8,14.378614436936845,4.270899997209199,138.236799997685,7822.419634263715
1782219296,2,,Aggregated,0.400000,0.000000,8,17,23,23,27,34,40,47,90,140,140,1040,0,8,14.371842884590409,4.270899997209199,138.236799997685,7820.5375
1782219297,2,,Aggregated,0.200000,0.000000,8,17,23,23,27,34,40,47,90,140,140,1041,0,8,14.364613448585866,4.270899997209199,138.236799997685,7817.911623439001
1782219298,2,,Aggregated,0.200000,0.000000,8,17,23,23,27,34,40,47,90,140,140,1041,0,8,14.364613448585866,4.270899997209199,138.236799997685,7817.911623439001
1782219299,2,,Aggregated,0.200000,0.000000,8,17,23,23,27,34,40,47,90,140,140,1041,0,8,14.364613448585866,4.270899997209199,138.236799997685,7817.911623439001
1782219300,2,,Aggregated,0.200000,0.000000,8,17,23,23,27,34,40,47,90,140,140,1041,0,8,14.364613448585866,4.270899997209199,138.236799997685,7817.911623439001
1782219301,2,,Aggregated,0.200000,0.000000,8,17,23,23,27,34,40,47,90,140,140,1041,0,8,14.364613448585866,4.270899997209199,138.236799997685,7817.911623439001
1782219302,2,,Aggregated,0.200000,0.000000,8,17,23,23,27,34,40,47,90,140,140,1041,0,8,14.364613448585866,4.270899997209199,138.236799997685,7817.911623439001
1782219303,2,,Aggregated,0.400000,0.000000,8,17,23,23,27,34,40,47,90,140,140,1042,0,8,14.373527639132405,4.270899997209199,138.236799997685,7820.484644913628
1782219304,2,,Aggregated,0.400000,0.000000,8,17,23,23,27,34,40,47,90,140,140,1042,0,8,14.373527639132405,4.270899997209199,138.236799997685,7820.484644913628
1782219305,2,,Aggregated,0.400000,0.000000,8,17,23,23,27,34,40,47,90,140,140,1042,0,8,14.373527639132405,4.270899997209199,138.236799997685,7820.484644913628
1782219306,2,,Aggregated,0.300000,0.000000,8,17,23,23,27,34,40,47,90,140,140,1043,0,8,14.371884180229143,4.270899997209199,138.236799997685,7823.052732502397
1782219307,2,,Aggregated,0.300000,0.000000,8,17,23,23,27,34,40,47,90,140,140,1043,0,8,14.371884180229143,4.270899997209199,138.236799997685,7823.052732502397
1782219308,2,,Aggregated,0.200000,0.000000,8,18,23,23,27,34,40,47,90,140,140,1044,0,8,14.378880172395256,4.270899997209199,138.236799997685,7825.615900383142
1782219309,2,,Aggregated,0.200000,0.000000,8,18,23,23,27,34,40,47,90,140,140,1044,0,8,14.378880172395256,4.270899997209199,138.236799997685,7825.615900383142
1782219310,2,,Aggregated,0.200000,0.000000,8,18,23,23,27,34,40,47,90,140,140,1044,0,8,14.378880172395256,4.270899997209199,138.236799997685,7825.615900383142
1782219311,2,,Aggregated,0.200000,0.000000,8,18,23,23,27,34,40,47,90,140,140,1044,0,8,14.378880172395256,4.270899997209199,138.236799997685,7825.615900383142
1782219312,2,,Aggregated,0.300000,0.000000,8,17,23,23,27,34,40,47,90,140,140,1045,0,8,14.372529473663175,4.270899997209199,138.236799997685,7822.995215311004
1782219313,2,,Aggregated,0.300000,0.000000,8,17,23,23,27,34,40,47,90,140,140,1045,0,8,14.372529473663175,4.270899997209199,138.236799997685,7822.995215311004
1782219314,2,,Aggregated,0.400000,0.000000,8,17,23,23,27,34,40,47,90,140,140,1046,0,8,14.363748757151122,4.270899997209199,138.236799997685,7821.123326959847
1782219315,2,,Aggregated,0.400000,0.000000,8,17,23,23,27,34,40,47,90,140,140,1046,0,8,14.363748757151122,4.270899997209199,138.236799997685,7821.123326959847
1782219316,2,,Aggregated,0.400000,0.000000,8,17,23,23,27,34,40,47,90,140,140,1046,0,8,14.363748757151122,4.270899997209199,138.236799997685,7821.123326959847
1782219317,2,,Aggregated,0.400000,0.000000,8,17,23,23,27,34,40,47,90,140,140,1046,0,8,14.363748757151122,4.270899997209199,138.236799997685,7821.123326959847
1782219318,2,,Aggregated,0.400000,0.000000,8,17,23,23,27,34,40,47,90,140,140,1046,0,8,14.363748757151122,4.270899997209199,138.236799997685,7821.123326959847
1782219319,2,,Aggregated,0.400000,0.000000,8,17,23,23,27,34,40,47,90,140,140,1046,0,8,14.363748757151122,4.270899997209199,138.236799997685,7821.123326959847
1782219320,2,,Aggregated,0.300000,0.000000,8,17,23,23,27,34,40,47,90,140,140,1047,0,8,14.357729608384508,4.270899997209199,138.236799997685,7819.255014326647
1782219321,2,,Aggregated,0.300000,0.000000,8,17,23,23,27,34,40,47,90,140,140,1047,0,8,14.357729608384508,4.270899997209199,138.236799997685,7819.255014326647
1782219322,2,,Aggregated,0.300000,0.000000,8,17,23,23,27,34,40,47,90,140,140,1047,0,8,14.357729608384508,4.270899997209199,138.236799997685,7819.255014326647
1782219323,2,,Aggregated,0.300000,0.000000,8,17,23,23,27,34,40,47,90,140,140,1047,0,8,14.357729608384508,4.270899997209199,138.236799997685,7819.255014326647
1782219324,2,,Aggregated,0.200000,0.000000,8,17,23,23,27,34,40,47,90,140,140,1048,0,8,14.35163540074205,4.270899997209199,138.236799997685,7816.647900763359
1782219325,2,,Aggregated,0.200000,0.000000,8,17,23,23,27,34,40,47,90,140,140,1048,0,8,14.35163540074205,4.270899997209199,138.236799997685,7816.647900763359
1782219326,2,,Aggregated,0.200000,0.000000,8,17,23,23,27,34,40,47,90,140,140,1048,0,8,14.35163540074205,4.270899997209199,138.236799997685,7816.647900763359
1782219327,2,,Aggregated,0.200000,0.000000,8,17,23,23,27,34,40,47,90,140,140,1048,0,8,14.35163540074205,4.270899997209199,138.236799997685,7816.647900763359
1782219328,2,,Aggregated,0.200000,0.000000,8,17,23,23,27,34,40,47,90,140,140,1048,0,8,14.35163540074205,4.270899997209199,138.236799997685,7816.647900763359
1782219329,2,,Aggregated,0.200000,0.000000,8,17,23,23,27,34,40,47,90,140,140,1048,0,8,14.35163540074205,4.270899997209199,138.236799997685,7816.647900763359
1782219330,2,,Aggregated,0.200000,0.000000,8,17,23,23,27,34,40,47,90,140,140,1050,0,8,14.34011142854745,4.270899997209199,138.236799997685,7812.189523809524
1782219331,2,,Aggregated,0.200000,0.000000,8,17,23,23,27,34,40,47,90,140,140,1050,0,8,14.34011142854745,4.270899997209199,138.236799997685,7812.189523809524
1782219332,2,,Aggregated,0.200000,0.000000,8,17,23,23,27,34,40,47,90,140,140,1050,0,8,14.34011142854745,4.270899997209199,138.236799997685,7812.189523809524
1782219333,2,,Aggregated,0.200000,0.000000,8,17,23,23,27,34,40,47,90,140,140,1050,0,8,14.34011142854745,4.270899997209199,138.236799997685,7812.189523809524
1782219334,2,,Aggregated,0.200000,0.000000,8,17,23,23,27,34,40,47,90,140,140,1050,0,8,14.34011142854745,4.270899997209199,138.236799997685,7812.189523809524
1782219335,2,,Aggregated,0.300000,0.000000,8,17,23,23,27,34,40,47,90,140,140,1051,0,8,14.359476688845147,4.270899997209199,138.236799997685,7814.74595623216
1782219336,2,,Aggregated,0.300000,0.000000,8,17,23,23,27,34,40,47,90,140,140,1051,0,8,14.359476688845147,4.270899997209199,138.236799997685,7814.74595623216
1782219337,2,,Aggregated,0.200000,0.000000,8,17,23,23,27,34,40,47,90,140,140,1052,0,8,14.358015209100007,4.270899997209199,138.236799997685,7817.297528517111
1782219338,2,,Aggregated,0.200000,0.000000,8,17,23,23,27,34,40,47,90,140,140,1052,0,8,14.358015209100007,4.270899997209199,138.236799997685,7817.297528517111
1782219339,2,,Aggregated,0.200000,0.000000,8,17,23,23,27,34,40,47,90,140,140,1052,0,8,14.358015209100007,4.270899997209199,138.236799997685,7817.297528517111
1782219340,2,,Aggregated,0.200000,0.000000,8,17,23,23,27,34,40,47,90,140,140,1052,0,8,14.358015209100007,4.270899997209199,138.236799997685,7817.297528517111
