Timestamp,User Count,Type,Name,Requests/s,Failures/s,50%,66%,75%,80%,90%,95%,98%,99%,99.9%,99.99%,100%,Total Request Count,Total Failure Count,Total Median Response Time,Total Average Response Time,Total Min Response Time,Total Max Response Time,Total Average Content Size
1782448229,0,,Aggregated,0.000000,0.000000,N/A,N/A,N/A,N/A,N/A,N/A,N/A,N/A,N/A,N/A,N/A,0,0,0,0.0,0,0,0
1782448230,1,,Aggregated,0.000000,0.000000,N/A,N/A,N/A,N/A,N/A,N/A,N/A,N/A,N/A,N/A,N/A,0,0,0,0.0,0,0,0
1782448231,3,,Aggregated,0.000000,0.000000,N/A,N/A,N/A,N/A,N/A,N/A,N/A,N/A,N/A,N/A,N/A,0,0,0,0.0,0,0,0
1782448232,4,GET,/ [checkout abuse session],0.000000,0.000000,0,0,0,0,0,0,0,0,0,0,0,1,0,2081.7525000020396,2081.7525000020396,2081.7525000020396,2081.7525000020396,10499.0
1782448232,4,POST,/cart [add item abuse],0.000000,0.000000,0,0,0,0,0,0,0,0,0,0,0,1,0,4.254999999830034,4.254999999830034,4.254999999830034,4.254999999830034,0.0
1782448232,4,GET,/cart [view abuse],0.000000,0.000000,0,0,0,0,0,0,0,0,0,0,0,1,0,5.554300005314872,5.554300005314872,5.554300005314872,5.554300005314872,14659.0
1782448232,4,POST,/cart/checkout [abuse],0.000000,0.000000,0,0,0,0,0,0,0,0,0,0,0,1,0,10.82460000179708,10.82460000179708,10.82460000179708,10.82460000179708,5004.0
1782448232,4,GET,/product/[id] [checkout abuse],0.000000,0.000000,0,0,0,0,0,0,0,0,0,0,0,1,0,5.147799995029345,5.147799995029345,5.147799995029345,5.147799995029345,5865.0
1782448232,4,,Aggregated,0.000000,0.000000,6,11,11,2100,2100,2100,2100,2100,2100,2100,2100,5,0,6,421.5068400008022,4.254999999830034,2081.7525000020396,7205.4
1782448233,5,GET,/ [checkout abuse session],0.000000,0.000000,2000,2000,2000,2000,2000,2000,2000,2000,2000,2000,2000,2,0,2046.0231000033673,2063.8878000027034,2046.0231000033673,2081.7525000020396,10499.0
1782448233,5,POST,/cart [add item abuse],0.000000,0.000000,46,46,46,46,46,46,46,46,46,46,46,2,0,4.254999999830034,25.2251999991131,4.254999999830034,46.19539999839617,0.0
1782448233,5,GET,/cart [view abuse],0.000000,0.000000,6,6,6,6,6,6,6,6,6,6,6,2,0,6,5.951350001851097,5.554300005314872,6.348399998387322,14659.0
1782448233,5,POST,/cart/checkout [abuse],0.000000,0.000000,11,11,11,11,11,11,11,11,11,11,11,2,0,9.432399994693696,10.128499998245388,9.432399994693696,10.82460000179708,5004.0
1782448233,5,GET,/product/[id] [checkout abuse],0.000000,0.000000,6,6,6,6,6,6,6,6,6,6,6,2,0,5.147799995029345,5.812749997858191,5.147799995029345,6.477700000687037,5865.0
1782448233,5,,Aggregated,0.000000,0.000000,9,11,46,2000,2100,2100,2100,2100,2100,2100,2100,10,0,6,422.20111999995424,4.254999999830034,2081.7525000020396,7205.4
1782448234,5,GET,/ [checkout abuse session],0.000000,0.000000,2100,2100,2100,2100,2100,2100,2100,2100,2100,2100,2100,3,0,2081.7525000020396,2059.9310666681654,2046.0231000033673,2081.7525000020396,10499.0
1782448234,5,POST,/cart [add item abuse],0.000000,0.000000,46,46,46,46,46,46,46,46,46,46,46,3,0,4,18.00809999743554,3.5738999940804206,46.19539999839617,0.0
1782448234,5,GET,/cart [view abuse],0.000000,0.000000,6,6,6,6,6,6,6,6,6,6,6,3,0,6,5.7237666672638925,5.268599998089485,6.348399998387322,14659.0
1782448234,5,POST,/cart/checkout [abuse],0.000000,0.000000,9,9,11,11,11,11,11,11,11,11,11,3,0,9.432399994693696,9.909999998247562,9.432399994693696,10.82460000179708,5004.0
1782448234,5,GET,/product/[id] [checkout abuse],0.000000,0.000000,6,6,6,6,6,6,6,6,6,6,6,3,0,5,5.536966663688266,4.985399995348416,6.477700000687037,5865.0
1782448234,5,,Aggregated,0.000000,0.000000,6,9,46,2000,2100,2100,2100,2100,2100,2100,2100,15,0,6,419.82197999896016,3.5738999940804206,2081.7525000020396,7205.4
1782448235,5,GET,/ [checkout abuse session],0.500000,0.000000,2000,2000,2100,2100,2100,2100,2100,2100,2100,2100,2100,4,0,2044.5219000030193,2056.078775001879,2044.5219000030193,2081.7525000020396,10499.0
1782448235,5,POST,/cart [add item abuse],0.500000,0.000000,6,6,46,46,46,46,46,46,46,46,46,5,0,4,12.764419997984078,3.5738999940804206,46.19539999839617,0.0
1782448235,5,GET,/cart [view abuse],0.500000,0.000000,7,7,8,8,8,8,8,8,8,8,8,5,0,6,6.336620000365656,5.268599998089485,7.57770000200253,14659.0
1782448235,5,POST,/cart/checkout [abuse],0.250000,0.000000,10,11,11,11,11,11,11,11,11,11,11,5,0,10,10.265099999378435,9.432399994693696,11.104999997769482,5004.0
1782448235,5,GET,/product/[id] [checkout abuse],0.500000,0.000000,6,6,7,7,7,7,7,7,7,7,7,5,0,5,5.775039998115972,4.985399995348416,7.1963000009418465,5865.0
1782448235,5,,Aggregated,2.250000,0.000000,7,9,11,46,2000,2100,2100,2100,2100,2100,2100,24,0,7,350.0008749994474,3.5738999940804206,2081.7525000020396,7068.166666666667
1782448236,5,GET,/ [checkout abuse session],0.500000,0.000000,2100,2100,2100,2100,2100,2100,2100,2100,2100,2100,2100,5,0,2081.7525000020396,2059.6317800009274,2044.5219000030193,2081.7525000020396,10499.0
1782448236,5,POST,/cart [add item abuse],0.500000,0.000000,5,6,6,46,46,46,46,46,46,46,46,6,0,4,11.41549999859611,3.5738999940804206,46.19539999839617,0.0
1782448236,5,GET,/cart [view abuse],0.500000,0.000000,7,7,7,8,8,8,8,8,8,8,8,6,0,6,6.463733333172665,5.268599998089485,7.57770000200253,14659.0
1782448236,5,POST,/cart/checkout [abuse],0.250000,0.000000,11,11,11,11,11,11,11,11,11,11,11,6,0,10,10.348616666306043,9.432399994693696,11.104999997769482,5004.0
1782448236,5,GET,/product/[id] [checkout abuse],0.500000,0.000000,5,6,6,7,7,7,7,7,7,7,7,6,0,5,5.71874999756498,4.985399995348416,7.1963000009418465,5865.0
1782448236,5,,Aggregated,2.250000,0.000000,7,10,11,46,2100,2100,2100,2100,2100,2100,2100,29,0,7,362.1323620682233,3.5738999940804206,2081.7525000020396,7091.827586206897
1782448237,5,GET,/ [checkout abuse session],0.666667,0.000000,2100,2100,2100,2100,2100,2100,2100,2100,2100,2100,2100,5,0,2081.7525000020396,2059.6317800009274,2044.5219000030193,2081.7525000020396,10499.0
1782448237,5,POST,/cart [add item abuse],0.666667,0.000000,5,5,6,6,46,46,46,46,46,46,46,7,0,4,10.308399999173291,3.5738999940804206,46.19539999839617,0.0
1782448237,5,GET,/cart [view abuse],0.666667,0.000000,7,7,7,7,8,8,8,8,8,8,8,7,0,6,6.3342857143392655,5.268599998089485,7.57770000200253,14659.0
1782448237,5,POST,/cart/checkout [abuse],0.666667,0.000000,10,11,11,11,11,11,11,11,11,11,11,7,0,10,10.205585714304886,9.347400002297945,11.104999997769482,5004.0
1782448237,5,GET,/product/[id] [checkout abuse],0.666667,0.000000,6,6,6,6,7,7,7,7,7,7,7,7,0,5,5.78062856948236,4.985399995348416,7.1963000009418465,5865.0
1782448237,5,,Aggregated,3.333333,0.000000,7,9,11,11,2000,2100,2100,2100,2100,2100,2100,33,0,7,318.9867030298708,3.5738999940804206,2081.7525000020396,7005.787878787879
1782448238,5,GET,/ [checkout abuse session],0.714286,0.000000,2100,2100,2100,2100,2100,2100,2100,2100,2100,2100,2100,5,0,2081.7525000020396,2059.6317800009274,2044.5219000030193,2081.7525000020396,10499.0
1782448238,5,POST,/cart [add item abuse],0.857143,0.000000,4,5,6,6,46,46,46,46,46,46,46,8,0,4,9.485474999564758,3.5738999940804206,46.19539999839617,0.0
1782448238,5,GET,/cart [view abuse],0.857143,0.000000,6,7,7,7,8,8,8,8,8,8,8,8,0,6,6.256187500184751,5.268599998089485,7.57770000200253,14659.0
1782448238,5,POST,/cart/checkout [abuse],0.857143,0.000000,10,11,11,11,11,11,11,11,11,11,11,8,0,10,10.241975000099046,9.347400002297945,11.104999997769482,5004.0
1782448238,5,GET,/product/[id] [checkout abuse],0.857143,0.000000,6,6,6,6,7,7,7,7,7,7,7,8,0,5,5.863737497747934,4.985399995348416,7.1963000009418465,5865.0
1782448238,5,,Aggregated,4.142857,0.000000,6,9,10,11,2000,2100,2100,2100,2100,2100,2100,37,0,6,285.21453783744346,3.5738999940804206,2081.7525000020396,6938.351351351352
1782448239,5,GET,/ [checkout abuse session],0.625000,0.000000,2100,2100,2100,2100,2100,2100,2100,2100,2100,2100,2100,5,0,2081.7525000020396,2059.6317800009274,2044.5219000030193,2081.7525000020396,10499.0
1782448239,5,POST,/cart [add item abuse],0.750000,0.000000,4,4,5,6,46,46,46,46,46,46,46,10,0,4,8.397449999756645,3.5738999940804206,46.19539999839617,0.0
1782448239,5,GET,/cart [view abuse],0.750000,0.000000,6,6,7,7,8,8,8,8,8,8,8,10,0,6,6.129040000087116,5.268599998089485,7.57770000200253,14659.0
1782448239,5,POST,/cart/checkout [abuse],0.750000,0.000000,10,10,11,11,11,11,11,11,11,11,11,10,0,10,10.16265999933239,9.347400002297945,11.104999997769482,5004.0
1782448239,5,GET,/product/[id] [checkout abuse],0.750000,0.000000,6,6,6,7,7,7,7,7,7,7,7,10,0,6,5.9720499979448505,4.985399995348416,7.1963000009418465,5865.0
1782448239,5,,Aggregated,3.625000,0.000000,6,9,10,11,2000,2100,2100,2100,2100,2100,2100,45,0,6,235.66157555501883,3.5738999940804206,2081.7525000020396,6839.444444444444
1782448240,5,GET,/ [checkout abuse session],0.555556,0.000000,2100,2100,2100,2100,2100,2100,2100,2100,2100,2100,2100,5,0,2081.7525000020396,2059.6317800009274,2044.5219000030193,2081.7525000020396,10499.0
1782448240,5,POST,/cart [add item abuse],0.777778,0.000000,4,4,5,5,6,46,46,46,46,46,46,12,0,4,7.6331333330017515,3.5738999940804206,46.19539999839617,0.0
1782448240,5,GET,/cart [view abuse],0.777778,0.000000,6,6,7,7,7,8,8,8,8,8,8,12,0,6,6.026516667285857,5.268599998089485,7.57770000200253,14659.0
1782448240,5,POST,/cart/checkout [abuse],0.777778,0.000000,10,10,11,11,11,11,11,11,11,11,11,12,0,10,10.163599999335323,9.347400002297945,11.104999997769482,5004.0
1782448240,5,GET,/product/[id] [checkout abuse],0.777778,0.000000,6,6,6,6,7,7,7,7,7,7,7,12,0,6,6.000133331326651,4.985399995348416,7.1963000009418465,5865.0
1782448240,5,,Aggregated,3.666667,0.000000,6,8,10,10,46,2100,2100,2100,2100,2100,2100,53,0,6,201.05734905615154,3.5738999940804206,2081.7525000020396,6770.396226415094
1782448241,5,GET,/ [checkout abuse session],0.555556,0.000000,2100,2100,2100,2100,2100,2100,2100,2100,2100,2100,2100,5,0,2081.7525000020396,2059.6317800009274,2044.5219000030193,2081.7525000020396,10499.0
1782448241,5,POST,/cart [add item abuse],0.777778,0.000000,4,4,5,5,6,46,46,46,46,46,46,12,0,4,7.6331333330017515,3.5738999940804206,46.19539999839617,0.0
1782448241,5,GET,/cart [view abuse],0.777778,0.000000,6,6,7,7,7,8,8,8,8,8,8,12,0,6,6.026516667285857,5.268599998089485,7.57770000200253,14659.0
1782448241,5,POST,/cart/checkout [abuse],0.777778,0.000000,10,10,11,11,11,11,11,11,11,11,11,12,0,10,10.163599999335323,9.347400002297945,11.104999997769482,5004.0
1782448241,5,GET,/product/[id] [checkout abuse],0.777778,0.000000,6,6,6,6,7,7,7,7,7,7,7,12,0,6,6.000133331326651,4.985399995348416,7.1963000009418465,5865.0
1782448241,5,,Aggregated,3.666667,0.000000,6,8,10,10,46,2000,2100,2100,2100,2100,2100,53,0,6,201.05734905615154,3.5738999940804206,2081.7525000020396,6770.396226415094
1782448242,5,GET,/ [checkout abuse session],0.500000,0.000000,2100,2100,2100,2100,2100,2100,2100,2100,2100,2100,2100,5,0,2081.7525000020396,2059.6317800009274,2044.5219000030193,2081.7525000020396,10499.0
1782448242,5,POST,/cart [add item abuse],1.000000,0.000000,4,4,4,4,5,6,6,6,6,6,6,13,0,4,7.339630768491099,3.5738999940804206,46.19539999839617,0.0
1782448242,5,GET,/cart [view abuse],1.000000,0.000000,6,6,7,7,7,8,8,8,8,8,8,13,0,6,5.977846154844603,5.268599998089485,7.57770000200253,14659.0
1782448242,5,POST,/cart/checkout [abuse],1.000000,0.000000,10,10,11,11,11,11,11,11,11,11,11,13,0,10,10.083338460670067,9.120199996687006,11.104999997769482,5004.0
1782448242,5,GET,/product/[id] [checkout abuse],1.000000,0.000000,6,6,6,6,7,7,7,7,7,7,7,13,0,6,6.036776921134263,4.985399995348416,7.1963000009418465,5865.0
1782448242,5,,Aggregated,4.500000,0.000000,6,7,9,10,11,2000,2100,2100,2100,2100,2100,57,0,6,187.38329122756943,3.5738999940804206,2081.7525000020396,6743.140350877193
1782448243,5,GET,/ [checkout abuse session],0.500000,0.000000,2100,2100,2100,2100,2100,2100,2100,2100,2100,2100,2100,5,0,2081.7525000020396,2059.6317800009274,2044.5219000030193,2081.7525000020396,10499.0
1782448243,5,POST,/cart [add item abuse],1.200000,0.000000,4,4,4,4,5,6,6,6,6,6,6,15,0,4,6.921039998997003,3.5738999940804206,46.19539999839617,0.0
1782448243,5,GET,/cart [view abuse],1.200000,0.000000,6,7,7,7,8,8,8,8,8,8,8,15,0,6,6.1503266673147055,5.268599998089485,7.81769999593962,14659.0
1782448243,5,POST,/cart/checkout [abuse],1.200000,0.000000,10,10,11,11,11,11,11,11,11,11,11,15,0,10,10.109553332343543,9.120199996687006,11.104999997769482,5004.0
1782448243,5,GET,/product/[id] [checkout abuse],1.200000,0.000000,6,6,7,7,7,7,7,7,7,7,7,15,0,6,6.102053332142532,4.985399995348416,7.1963000009418465,5865.0
1782448243,5,,Aggregated,5.300000,0.000000,6,7,9,10,11,11,2100,2100,2100,2100,2100,65,0,6,165.1908230764093,3.5738999940804206,2081.7525000020396,6698.692307692308
1782448244,5,GET,/ [checkout abuse session],0.400000,0.000000,2100,2100,2100,2100,2100,2100,2100,2100,2100,2100,2100,5,0,2081.7525000020396,2059.6317800009274,2044.5219000030193,2081.7525000020396,10499.0
1782448244,5,POST,/cart [add item abuse],1.100000,0.000000,4,4,4,4,5,6,6,6,6,6,6,16,0,4,6.719168749441451,3.5738999940804206,46.19539999839617,0.0
1782448244,5,GET,/cart [view abuse],1.100000,0.000000,6,6,7,7,8,8,8,8,8,8,8,16,0,6,6.113768750765303,5.268599998089485,7.81769999593962,14659.0
1782448244,5,POST,/cart/checkout [abuse],1.100000,0.000000,10,10,11,11,11,11,11,11,11,11,11,16,0,10,10.052499998892017,9.120199996687006,11.104999997769482,5004.0
1782448244,5,GET,/product/[id] [checkout abuse],1.100000,0.000000,6,6,7,7,7,7,7,7,7,7,7,16,0,6,6.139287499081547,4.985399995348416,7.1963000009418465,5865.0
1782448244,5,,Aggregated,4.800000,0.000000,6,7,9,10,11,11,2100,2100,2100,2100,2100,69,0,6,155.97905072428293,3.5738999940804206,2081.7525000020396,6680.333333333333
1782448245,5,GET,/ [checkout abuse session],0.300000,0.000000,2100,2100,2100,2100,2100,2100,2100,2100,2100,2100,2100,5,0,2081.7525000020396,2059.6317800009274,2044.5219000030193,2081.7525000020396,10499.0
1782448245,5,POST,/cart [add item abuse],1.100000,0.000000,4,4,4,4,5,6,6,6,6,6,6,17,0,4,6.573770587719457,3.5738999940804206,46.19539999839617,0.0
1782448245,5,GET,/cart [view abuse],1.100000,0.000000,6,7,7,7,8,8,8,8,8,8,8,17,0,6,6.151182353599271,5.268599998089485,7.81769999593962,14659.0
1782448245,5,POST,/cart/checkout [abuse],1.200000,0.000000,10,11,11,11,11,11,11,11,11,11,11,17,0,10,10.095423528743114,9.120199996687006,11.104999997769482,5004.0
1782448245,5,GET,/product/[id] [checkout abuse],1.100000,0.000000,6,7,7,7,7,7,7,7,7,7,7,17,0,6,6.187882352284813,4.985399995348416,7.1963000009418465,5865.0
1782448245,5,,Aggregated,4.800000,0.000000,6,7,9,10,11,11,11,2100,2100,2100,2100,73,0,6,147.82601780800726,3.5738999940804206,2081.7525000020396,6663.986301369863
1782448246,5,GET,/ [checkout abuse session],0.200000,0.000000,2100,2100,2100,2100,2100,2100,2100,2100,2100,2100,2100,5,0,2081.7525000020396,2059.6317800009274,2044.5219000030193,2081.7525000020396,10499.0
1782448246,5,POST,/cart [add item abuse],1.200000,0.000000,4,4,4,4,4,4,4,4,4,4,4,19,0,4,6.326742104934773,3.5738999940804206,46.19539999839617,0.0
1782448246,5,GET,/cart [view abuse],1.200000,0.000000,6,6,6,7,7,8,8,8,8,8,8,19,0,6,6.089600000689787,5.268599998089485,7.81769999593962,14659.0
1782448246,5,POST,/cart/checkout [abuse],1.200000,0.000000,10,10,10,11,11,11,11,11,11,11,11,19,0,10,10.109452630690372,9.120199996687006,11.104999997769482,5004.0
1782448246,5,GET,/product/[id] [checkout abuse],1.200000,0.000000,6,6,7,7,7,7,7,7,7,7,7,19,0,6,6.187042104628697,4.985399995348416,7.1963000009418465,5865.0
1782448246,5,,Aggregated,5.000000,0.000000,6,7,9,9,10,11,11,11,11,11,11,81,0,6,133.87287407385884,3.5738999940804206,2081.7525000020396,6636.135802469136
1782448248,5,GET,/ [checkout abuse session],0.100000,0.000000,2100,2100,2100,2100,2100,2100,2100,2100,2100,2100,2100,5,0,2081.7525000020396,2059.6317800009274,2044.5219000030193,2081.7525000020396,10499.0
1782448248,5,POST,/cart [add item abuse],1.200000,0.000000,4,4,4,4,4,47,47,47,47,47,47,20,0,4,8.359569999811356,3.5738999940804206,46.98330000246642,0.0
1782448248,5,GET,/cart [view abuse],1.200000,0.000000,6,6,7,7,7,8,8,8,8,8,8,20,0,6,6.110120000812458,5.268599998089485,7.81769999593962,14659.0
1782448248,5,POST,/cart/checkout [abuse],1.200000,0.000000,10,10,11,11,11,11,11,11,11,11,11,20,0,10,10.124599999107886,9.120199996687006,11.104999997769482,5004.0
1782448248,5,GET,/product/[id] [checkout abuse],1.200000,0.000000,6,6,7,7,7,7,7,7,7,7,7,20,0,6,6.169564999436261,4.985399995348416,7.1963000009418465,5865.0
1782448248,5,,Aggregated,4.900000,0.000000,6,7,9,10,10,11,47,47,47,47,47,85,0,6,128.39336470574113,3.5738999940804206,2081.7525000020396,6624.176470588235
1782448249,5,GET,/ [checkout abuse session],0.000000,0.000000,2100,2100,2100,2100,2100,2100,2100,2100,2100,2100,2100,5,0,2081.7525000020396,2059.6317800009274,2044.5219000030193,2081.7525000020396,10499.0
1782448249,5,POST,/cart [add item abuse],1.100000,0.000000,4,4,4,4,4,47,47,47,47,47,47,22,0,4,7.916863635976122,3.4622999955900013,46.98330000246642,0.0
1782448249,5,GET,/cart [view abuse],1.100000,0.000000,6,6,7,7,7,8,8,8,8,8,8,22,0,6,6.041031818643784,5.092399995191954,7.81769999593962,14659.0
1782448249,5,POST,/cart/checkout [abuse],1.100000,0.000000,10,10,11,11,11,11,11,11,11,11,11,22,0,10,10.05116818123497,9.120199996687006,11.104999997769482,5004.0
1782448249,5,GET,/product/[id] [checkout abuse],1.100000,0.000000,6,6,7,7,7,7,7,7,7,7,7,22,0,6,6.1742863634373695,4.985399995348416,7.1963000009418465,5865.0
1782448249,5,,Aggregated,4.400000,0.000000,6,7,9,9,10,11,47,47,47,47,47,93,0,6,117.87303870955985,3.4622999955900013,2081.7525000020396,6603.344086021505
1782448250,5,GET,/ [checkout abuse session],0.000000,0.000000,2100,2100,2100,2100,2100,2100,2100,2100,2100,2100,2100,5,0,2081.7525000020396,2059.6317800009274,2044.5219000030193,2081.7525000020396,10499.0
1782448250,5,POST,/cart [add item abuse],1.300000,0.000000,4,4,4,4,5,47,47,47,47,47,47,23,0,4,7.770747825776672,3.4622999955900013,46.98330000246642,0.0
1782448250,5,GET,/cart [view abuse],1.300000,0.000000,6,6,7,7,7,8,8,8,8,8,8,23,0,6,6.032178261312251,5.092399995191954,7.81769999593962,14659.0
1782448250,5,POST,/cart/checkout [abuse],1.300000,0.000000,10,10,10,11,11,11,11,11,11,11,11,23,0,10,10.036873912410911,9.120199996687006,11.104999997769482,5004.0
1782448250,5,GET,/product/[id] [checkout abuse],1.300000,0.000000,6,7,7,7,7,8,8,8,8,8,8,23,0,6,6.262326086668865,4.985399995348416,8.199199997761752,5865.0
1782448250,5,,Aggregated,5.200000,0.000000,6,7,9,9,10,11,11,47,47,47,47,97,0,6,113.30420412357235,3.4622999955900013,2081.7525000020396,6594.216494845361
1782448251,5,GET,/ [checkout abuse session],0.000000,0.000000,2100,2100,2100,2100,2100,2100,2100,2100,2100,2100,2100,5,0,2081.7525000020396,2059.6317800009274,2044.5219000030193,2081.7525000020396,10499.0
1782448251,5,POST,/cart [add item abuse],1.300000,0.000000,4,4,4,4,5,47,47,47,47,47,47,24,0,4,7.600779166144396,3.4622999955900013,46.98330000246642,0.0
1782448251,5,GET,/cart [view abuse],1.300000,0.000000,6,6,7,7,7,8,8,8,8,8,8,24,0,6,6.030520833822568,5.092399995191954,7.81769999593962,14659.0
1782448251,5,POST,/cart/checkout [abuse],1.300000,0.000000,10,10,10,10,11,11,11,11,11,11,11,24,0,10,10.032170832649475,9.120199996687006,11.104999997769482,5004.0
1782448251,5,GET,/product/[id] [checkout abuse],1.300000,0.000000,6,7,7,7,7,8,8,8,8,8,8,24,0,6,6.249608333140107,4.985399995348416,8.199199997761752,5865.0
1782448251,5,,Aggregated,5.200000,0.000000,6,7,9,9,10,11,47,47,47,47,47,101,0,6,109.07002772260192,3.4622999955900013,2081.7525000020396,6585.811881188119
1782448252,5,GET,/ [checkout abuse session],0.000000,0.000000,2100,2100,2100,2100,2100,2100,2100,2100,2100,2100,2100,5,0,2081.7525000020396,2059.6317800009274,2044.5219000030193,2081.7525000020396,10499.0
1782448252,5,POST,/cart [add item abuse],1.400000,0.000000,4,4,4,4,5,47,47,47,47,47,47,25,0,4,7.437503999390174,3.4622999955900013,46.98330000246642,0.0
1782448252,5,GET,/cart [view abuse],1.400000,0.000000,6,6,7,7,7,8,8,8,8,8,8,25,0,6,6.031064000562765,5.092399995191954,7.81769999593962,14659.0
1782448252,5,POST,/cart/checkout [abuse],1.400000,0.000000,10,10,10,10,11,11,11,11,11,11,11,25,0,10,10.026851999282371,9.120199996687006,11.104999997769482,5004.0
1782448252,5,GET,/product/[id] [checkout abuse],1.400000,0.000000,7,7,7,7,7,8,8,8,8,8,8,25,0,6,6.291555999778211,4.985399995348416,8.199199997761752,5865.0
1782448252,5,,Aggregated,5.600000,0.000000,6,7,9,10,10,11,47,47,47,47,47,105,0,6,105.16984095219024,3.4622999955900013,2081.7525000020396,6578.047619047619
1782448253,5,GET,/ [checkout abuse session],0.000000,0.000000,0,0,0,0,0,0,0,0,0,0,0,5,0,2081.7525000020396,2059.6317800009274,2044.5219000030193,2081.7525000020396,10499.0
1782448253,5,POST,/cart [add item abuse],1.300000,0.000000,4,4,4,4,5,47,47,47,47,47,47,26,0,4,7.287980768663916,3.4622999955900013,46.98330000246642,0.0
1782448253,5,GET,/cart [view abuse],1.300000,0.000000,6,6,6,6,7,7,7,7,7,7,7,26,0,6,6.006838461941627,5.092399995191954,7.81769999593962,14659.0
1782448253,5,POST,/cart/checkout [abuse],1.200000,0.000000,10,10,10,10,10,11,11,11,11,11,11,26,0,10,10.027869230095977,9.120199996687006,11.104999997769482,5004.0
1782448253,5,GET,/product/[id] [checkout abuse],1.300000,0.000000,7,7,7,7,7,8,8,8,8,8,8,26,0,6,6.303196153637075,4.985399995348416,8.199199997761752,5865.0
1782448253,5,,Aggregated,5.100000,0.000000,6,7,9,10,10,10,47,47,47,47,47,109,0,6,101.54524678878386,3.4622999955900013,2081.7525000020396,6570.853211009175
1782448254,5,GET,/ [checkout abuse session],0.000000,0.000000,0,0,0,0,0,0,0,0,0,0,0,5,0,2081.7525000020396,2059.6317800009274,2044.5219000030193,2081.7525000020396,10499.0
1782448254,5,POST,/cart [add item abuse],1.200000,0.000000,4,4,4,4,5,47,47,47,47,47,47,27,0,4,7.163785184578349,3.4622999955900013,46.98330000246642,0.0
1782448254,5,GET,/cart [view abuse],1.200000,0.000000,6,6,6,6,7,7,7,7,7,7,7,27,0,6,5.992896296784575,5.092399995191954,7.81769999593962,14659.0
1782448254,5,POST,/cart/checkout [abuse],1.200000,0.000000,10,10,10,10,10,11,11,11,11,11,11,27,0,10,9.99857036960613,9.120199996687006,11.104999997769482,5004.0
1782448254,5,GET,/product/[id] [checkout abuse],1.200000,0.000000,6,7,7,7,7,8,8,8,8,8,8,27,0,6,6.297911110946357,4.985399995348416,8.199199997761752,5865.0
1782448254,5,,Aggregated,4.800000,0.000000,6,7,9,10,10,10,47,47,47,47,47,113,0,6,98.17163097324206,3.4622999955900013,2081.7525000020396,6564.168141592921
1782448255,5,GET,/ [checkout abuse session],0.000000,0.000000,0,0,0,0,0,0,0,0,0,0,0,5,0,2081.7525000020396,2059.6317800009274,2044.5219000030193,2081.7525000020396,10499.0
1782448255,5,POST,/cart [add item abuse],1.300000,0.000000,4,4,4,4,5,47,47,47,47,47,47,28,0,4,7.041503570820039,3.4622999955900013,46.98330000246642,0.0
1782448255,5,GET,/cart [view abuse],1.300000,0.000000,6,6,6,6,6,7,7,7,7,7,7,28,0,6,5.990067857575403,5.092399995191954,7.81769999593962,14659.0
1782448255,5,POST,/cart/checkout [abuse],1.300000,0.000000,10,10,10,10,10,10,10,10,10,10,10,28,0,10,9.976178570598547,9.120199996687006,11.104999997769482,5004.0
1782448255,5,GET,/product/[id] [checkout abuse],1.300000,0.000000,6,7,7,7,7,8,8,8,8,8,8,28,0,6,6.322539285455215,4.985399995348416,8.199199997761752,5865.0
1782448255,5,,Aggregated,5.200000,0.000000,6,7,9,9,10,10,47,47,47,47,47,117,0,6,95.03766666640354,3.4622999955900013,2081.7525000020396,6557.940170940171
1782448256,5,GET,/ [checkout abuse session],0.000000,0.000000,0,0,0,0,0,0,0,0,0,0,0,5,0,2081.7525000020396,2059.6317800009274,2044.5219000030193,2081.7525000020396,10499.0
1782448256,5,POST,/cart [add item abuse],1.300000,0.000000,4,4,4,4,5,47,47,47,47,47,47,30,0,4,6.828906666002392,3.4622999955900013,46.98330000246642,0.0
1782448256,5,GET,/cart [view abuse],1.300000,0.000000,6,6,6,6,6,7,7,7,7,7,7,30,0,6,5.948696667231464,5.092399995191954,7.81769999593962,14659.0
1782448256,5,POST,/cart/checkout [abuse],1.300000,0.000000,10,10,10,10,10,10,10,10,10,10,10,30,0,10,9.948193332578134,9.120199996687006,11.104999997769482,5004.0
1782448256,5,GET,/product/[id] [checkout abuse],1.300000,0.000000,7,7,7,7,7,8,8,8,8,8,8,30,0,6,6.338249999680556,4.985399995348416,8.199199997761752,5865.0
1782448256,5,,Aggregated,5.200000,0.000000,6,7,9,9,10,10,47,47,47,47,47,125,0,6,89.3606423997553,3.4622999955900013,2081.7525000020396,6546.68
1782448257,5,GET,/ [checkout abuse session],0.000000,0.000000,0,0,0,0,0,0,0,0,0,0,0,5,0,2081.7525000020396,2059.6317800009274,2044.5219000030193,2081.7525000020396,10499.0
1782448257,5,POST,/cart [add item abuse],1.300000,0.000000,4,4,4,4,5,5,5,5,5,5,5,30,0,4,6.828906666002392,3.4622999955900013,46.98330000246642,0.0
1782448257,5,GET,/cart [view abuse],1.300000,0.000000,6,6,6,6,6,6,6,6,6,6,6,30,0,6,5.948696667231464,5.092399995191954,7.81769999593962,14659.0
1782448257,5,POST,/cart/checkout [abuse],1.300000,0.000000,10,10,10,10,10,10,10,10,10,10,10,30,0,10,9.948193332578134,9.120199996687006,11.104999997769482,5004.0
1782448257,5,GET,/product/[id] [checkout abuse],1.300000,0.000000,7,7,7,7,8,8,8,8,8,8,8,30,0,6,6.338249999680556,4.985399995348416,8.199199997761752,5865.0
1782448257,5,,Aggregated,5.200000,0.000000,6,7,9,9,10,10,10,10,10,10,10,125,0,6,89.3606423997553,3.4622999955900013,2081.7525000020396,6546.68
1782448258,5,GET,/ [checkout abuse session],0.000000,0.000000,0,0,0,0,0,0,0,0,0,0,0,5,0,2081.7525000020396,2059.6317800009274,2044.5219000030193,2081.7525000020396,10499.0
1782448258,5,POST,/cart [add item abuse],1.200000,0.000000,4,4,4,4,5,5,5,5,5,5,5,32,0,4,6.661578124294465,3.4622999955900013,46.98330000246642,0.0
1782448258,5,GET,/cart [view abuse],1.200000,0.000000,6,6,6,6,6,6,6,6,6,6,6,32,0,6,5.9537687507145165,5.092399995191954,7.81769999593962,14659.0
1782448258,5,POST,/cart/checkout [abuse],1.200000,0.000000,10,10,10,10,11,51,51,51,51,51,51,32,0,10,11.27029687427239,9.120199996687006,51.43769999995129,5004.0
1782448258,5,GET,/product/[id] [checkout abuse],1.200000,0.000000,7,7,7,7,8,8,8,8,8,8,8,32,0,6,6.313528124792356,4.985399995348416,8.199199997761752,5865.0
1782448258,5,,Aggregated,4.800000,0.000000,6,7,9,9,10,11,51,51,51,51,51,133,0,6,84.69573233063907,3.4622999955900013,2081.7525000020396,6536.774436090225
1782448259,5,GET,/ [checkout abuse session],0.000000,0.000000,0,0,0,0,0,0,0,0,0,0,0,5,0,2081.7525000020396,2059.6317800009274,2044.5219000030193,2081.7525000020396,10499.0
1782448259,5,POST,/cart [add item abuse],1.300000,0.000000,4,4,4,4,4,5,5,5,5,5,5,34,0,4,6.53093235236798,3.4622999955900013,46.98330000246642,0.0
1782448259,5,GET,/cart [view abuse],1.300000,0.000000,6,6,6,6,6,6,6,6,6,6,6,34,0,6,5.963550000802464,5.092399995191954,7.81769999593962,14659.0
1782448259,5,POST,/cart/checkout [abuse],1.300000,0.000000,10,10,11,11,11,51,51,51,51,51,51,34,0,10,11.207835293402347,9.120199996687006,51.43769999995129,5004.0
1782448259,5,GET,/product/[id] [checkout abuse],1.300000,0.000000,7,7,7,7,7,7,7,7,7,7,7,34,0,6,6.332099999674349,4.985399995348416,8.199199997761752,5865.0
1782448259,5,,Aggregated,5.200000,0.000000,6,7,9,10,10,11,51,51,51,51,51,141,0,6,80.2789297870712,3.4622999955900013,2081.7525000020396,6527.992907801418
1782448260,5,GET,/ [checkout abuse session],0.000000,0.000000,0,0,0,0,0,0,0,0,0,0,0,5,0,2081.7525000020396,2059.6317800009274,2044.5219000030193,2081.7525000020396,10499.0
1782448260,5,POST,/cart [add item abuse],1.100000,0.000000,4,4,4,4,5,5,5,5,5,5,5,35,0,4,6.48063142808886,3.4622999955900013,46.98330000246642,0.0
1782448260,5,GET,/cart [view abuse],1.100000,0.000000,6,6,6,6,6,6,6,6,6,6,6,35,0,6,5.963540000707975,5.092399995191954,7.81769999593962,14659.0
1782448260,5,POST,/cart/checkout [abuse],1.100000,0.000000,10,10,11,11,11,51,51,51,51,51,51,35,0,10,11.164857142180804,9.120199996687006,51.43769999995129,5004.0
1782448260,5,GET,/product/[id] [checkout abuse],1.100000,0.000000,7,7,7,7,7,7,7,7,7,7,7,35,0,6,6.3480599997482,4.985399995348416,8.199199997761752,5865.0
1782448260,5,,Aggregated,4.400000,0.000000,6,7,9,9,10,11,51,51,51,51,51,145,0,6,78.25280689641407,3.4622999955900013,2081.7525000020396,6523.9655172413795
1782448261,5,GET,/ [checkout abuse session],0.000000,0.000000,0,0,0,0,0,0,0,0,0,0,0,5,0,2081.7525000020396,2059.6317800009274,2044.5219000030193,2081.7525000020396,10499.0
1782448261,5,POST,/cart [add item abuse],1.100000,0.000000,4,4,4,5,5,5,5,5,5,5,5,35,0,4,6.48063142808886,3.4622999955900013,46.98330000246642,0.0
1782448261,5,GET,/cart [view abuse],1.100000,0.000000,6,6,6,6,6,6,6,6,6,6,6,35,0,6,5.963540000707975,5.092399995191954,7.81769999593962,14659.0
1782448261,5,POST,/cart/checkout [abuse],1.100000,0.000000,10,10,11,11,51,51,51,51,51,51,51,35,0,10,11.164857142180804,9.120199996687006,51.43769999995129,5004.0
1782448261,5,GET,/product/[id] [checkout abuse],1.100000,0.000000,7,7,7,7,7,7,7,7,7,7,7,35,0,6,6.3480599997482,4.985399995348416,8.199199997761752,5865.0
1782448261,5,,Aggregated,4.400000,0.000000,6,7,9,9,10,11,51,51,51,51,51,145,0,6,78.25280689641407,3.4622999955900013,2081.7525000020396,6523.9655172413795
1782448262,5,GET,/ [checkout abuse session],0.000000,0.000000,0,0,0,0,0,0,0,0,0,0,0,5,0,2081.7525000020396,2059.6317800009274,2044.5219000030193,2081.7525000020396,10499.0
1782448262,5,POST,/cart [add item abuse],1.200000,0.000000,4,4,4,4,5,5,5,5,5,5,5,38,0,4,6.25883157868214,3.4622999955900013,46.98330000246642,0.0
1782448262,5,GET,/cart [view abuse],1.200000,0.000000,6,6,6,6,6,7,7,7,7,7,7,38,0,6,5.991663158630744,5.092399995191954,7.81769999593962,14659.0
1782448262,5,POST,/cart/checkout [abuse],1.300000,0.000000,11,11,11,11,17,51,51,51,51,51,51,38,0,10,11.302660525535956,9.120199996687006,51.43769999995129,5004.0
1782448262,5,GET,/product/[id] [checkout abuse],1.200000,0.000000,7,7,7,7,7,7,7,7,7,7,7,38,0,6,6.3633894736229095,4.985399995348416,8.199199997761752,5865.0
1782448262,5,,Aggregated,4.900000,0.000000,6,7,9,9,11,11,51,51,51,51,51,157,0,6,72.83431592350678,3.4622999955900013,2081.7525000020396,6513.114649681529
1782448263,5,GET,/ [checkout abuse session],0.000000,0.000000,0,0,0,0,0,0,0,0,0,0,0,5,0,2081.7525000020396,2059.6317800009274,2044.5219000030193,2081.7525000020396,10499.0
1782448263,5,POST,/cart [add item abuse],1.200000,0.000000,4,4,4,4,5,5,5,5,5,5,5,40,0,4,6.1241524997967645,3.4622999955900013,46.98330000246642,0.0
1782448263,5,GET,/cart [view abuse],1.200000,0.000000,6,6,6,6,6,7,7,7,7,7,7,40,0,6,5.984030000581697,5.092399995191954,7.81769999593962,14659.0
1782448263,5,POST,/cart/checkout [abuse],1.300000,0.000000,11,11,11,11,17,51,51,51,51,51,51,40,0,10,11.265277499296644,9.120199996687006,51.43769999995129,5004.0
1782448263,5,GET,/product/[id] [checkout abuse],1.200000,0.000000,7,7,7,7,7,7,7,7,7,7,7,40,0,6,6.351032499878784,4.985399995348416,8.199199997761752,5865.0
1782448263,5,,Aggregated,4.900000,0.000000,6,7,9,10,11,11,17,51,51,51,51,165,0,6,69.61902181810177,3.4622999955900013,2081.7525000020396,6506.757575757576
1782448264,5,GET,/ [checkout abuse session],0.000000,0.000000,0,0,0,0,0,0,0,0,0,0,0,5,0,2081.7525000020396,2059.6317800009274,2044.5219000030193,2081.7525000020396,10499.0
1782448264,5,POST,/cart [add item abuse],1.200000,0.000000,4,4,4,4,5,5,5,5,5,5,5,40,0,4,6.1241524997967645,3.4622999955900013,46.98330000246642,0.0
1782448264,5,GET,/cart [view abuse],1.200000,0.000000,6,6,6,6,6,7,7,7,7,7,7,40,0,6,5.984030000581697,5.092399995191954,7.81769999593962,14659.0
1782448264,5,POST,/cart/checkout [abuse],1.300000,0.000000,11,11,11,11,17,51,51,51,51,51,51,40,0,10,11.265277499296644,9.120199996687006,51.43769999995129,5004.0
1782448264,5,GET,/product/[id] [checkout abuse],1.200000,0.000000,7,7,7,7,7,7,7,7,7,7,7,40,0,6,6.351032499878784,4.985399995348416,8.199199997761752,5865.0
1782448264,5,,Aggregated,4.900000,0.000000,6,7,9,10,11,11,51,51,51,51,51,165,0,6,69.61902181810177,3.4622999955900013,2081.7525000020396,6506.757575757576
1782448265,5,GET,/ [checkout abuse session],0.000000,0.000000,0,0,0,0,0,0,0,0,0,0,0,5,0,2081.7525000020396,2059.6317800009274,2044.5219000030193,2081.7525000020396,10499.0
1782448265,5,POST,/cart [add item abuse],1.200000,0.000000,4,4,4,4,5,5,5,5,5,5,5,40,0,4,6.1241524997967645,3.4622999955900013,46.98330000246642,0.0
1782448265,5,GET,/cart [view abuse],1.200000,0.000000,6,6,6,6,6,7,7,7,7,7,7,40,0,6,5.984030000581697,5.092399995191954,7.81769999593962,14659.0
1782448265,5,POST,/cart/checkout [abuse],1.300000,0.000000,11,11,11,11,17,51,51,51,51,51,51,40,0,10,11.265277499296644,9.120199996687006,51.43769999995129,5004.0
1782448265,5,GET,/product/[id] [checkout abuse],1.200000,0.000000,7,7,7,7,7,7,7,7,7,7,7,40,0,6,6.351032499878784,4.985399995348416,8.199199997761752,5865.0
1782448265,5,,Aggregated,4.900000,0.000000,6,7,9,10,11,11,51,51,51,51,51,165,0,6,69.61902181810177,3.4622999955900013,2081.7525000020396,6506.757575757576
1782448266,5,GET,/ [checkout abuse session],0.000000,0.000000,0,0,0,0,0,0,0,0,0,0,0,5,0,2081.7525000020396,2059.6317800009274,2044.5219000030193,2081.7525000020396,10499.0
1782448266,5,POST,/cart [add item abuse],1.300000,0.000000,4,4,4,4,5,5,5,5,5,5,5,43,0,4,5.969965116216986,3.4622999955900013,46.98330000246642,0.0
1782448266,5,GET,/cart [view abuse],1.300000,0.000000,6,6,6,6,6,7,7,7,7,7,7,43,0,6,5.980474419206879,5.092399995191954,7.81769999593962,14659.0
1782448266,5,POST,/cart/checkout [abuse],1.300000,0.000000,11,11,11,11,17,51,51,51,51,51,51,43,0,10,11.12320465066194,8.93769999674987,51.43769999995129,5004.0
1782448266,5,GET,/product/[id] [checkout abuse],1.300000,0.000000,7,7,7,7,7,7,7,7,7,7,7,43,0,6,6.361018604535317,4.985399995348416,8.199199997761752,5865.0
1782448266,5,,Aggregated,5.200000,0.000000,6,7,9,10,11,11,17,51,51,51,51,177,0,6,65.3324824858833,3.4622999955900013,2081.7525000020396,6498.299435028249
1782448267,5,GET,/ [checkout abuse session],0.000000,0.000000,0,0,0,0,0,0,0,0,0,0,0,5,0,2081.7525000020396,2059.6317800009274,2044.5219000030193,2081.7525000020396,10499.0
1782448267,5,POST,/cart [add item abuse],1.300000,0.000000,4,4,4,4,5,5,5,5,5,5,5,45,0,4,5.879579999923913,3.4622999955900013,46.98330000246642,0.0
1782448267,5,GET,/cart [view abuse],1.300000,0.000000,6,6,6,6,6,7,7,7,7,7,7,45,0,6,5.965864445089311,5.092399995191954,7.81769999593962,14659.0
1782448267,5,POST,/cart/checkout [abuse],1.300000,0.000000,10,11,11,11,11,17,17,17,17,17,17,45,0,10,11.068362221865552,8.93769999674987,51.43769999995129,5004.0
1782448267,5,GET,/product/[id] [checkout abuse],1.300000,0.000000,6,7,7,7,7,7,7,7,7,7,7,45,0,6,6.356764444272914,4.985399995348416,8.199199997761752,5865.0
1782448267,5,,Aggregated,5.200000,0.000000,6,7,9,9,11,11,11,17,17,17,17,185,0,6,62.78559243246737,3.4622999955900013,2081.7525000020396,6493.27027027027
1782448268,5,GET,/ [checkout abuse session],0.000000,0.000000,0,0,0,0,0,0,0,0,0,0,0,5,0,2081.7525000020396,2059.6317800009274,2044.5219000030193,2081.7525000020396,10499.0
1782448268,5,POST,/cart [add item abuse],1.300000,0.000000,4,4,4,4,4,5,5,5,5,5,5,45,0,4,5.879579999923913,3.4622999955900013,46.98330000246642,0.0
1782448268,5,GET,/cart [view abuse],1.300000,0.000000,6,6,6,6,6,7,7,7,7,7,7,45,0,6,5.965864445089311,5.092399995191954,7.81769999593962,14659.0
1782448268,5,POST,/cart/checkout [abuse],1.300000,0.000000,10,11,11,11,11,17,17,17,17,17,17,45,0,10,11.068362221865552,8.93769999674987,51.43769999995129,5004.0
1782448268,5,GET,/product/[id] [checkout abuse],1.300000,0.000000,6,7,7,7,7,7,7,7,7,7,7,45,0,6,6.356764444272914,4.985399995348416,8.199199997761752,5865.0
1782448268,5,,Aggregated,5.200000,0.000000,6,7,9,9,11,11,17,17,17,17,17,185,0,6,62.78559243246737,3.4622999955900013,2081.7525000020396,6493.27027027027
1782448269,5,GET,/ [checkout abuse session],0.000000,0.000000,0,0,0,0,0,0,0,0,0,0,0,5,0,2081.7525000020396,2059.6317800009274,2044.5219000030193,2081.7525000020396,10499.0
1782448269,5,POST,/cart [add item abuse],1.200000,0.000000,4,4,4,4,5,5,5,5,5,5,5,46,0,4,5.849778260871181,3.4622999955900013,46.98330000246642,0.0
1782448269,5,GET,/cart [view abuse],1.200000,0.000000,6,6,6,6,6,7,7,7,7,7,7,46,0,6,5.970741304854923,5.092399995191954,7.81769999593962,14659.0
1782448269,5,POST,/cart/checkout [abuse],1.200000,0.000000,10,11,11,11,11,17,17,17,17,17,17,46,0,10,11.05396304299812,8.93769999674987,51.43769999995129,5004.0
1782448269,5,GET,/product/[id] [checkout abuse],1.200000,0.000000,6,7,7,7,7,7,7,7,7,7,7,46,0,6,6.3574543477759855,4.985399995348416,8.199199997761752,5865.0
1782448269,5,,Aggregated,4.800000,0.000000,6,7,9,9,11,11,17,17,17,17,17,189,0,6,61.60226455028384,3.4622999955900013,2081.7525000020396,6490.915343915344
1782448270,5,GET,/ [checkout abuse session],0.000000,0.000000,0,0,0,0,0,0,0,0,0,0,0,5,0,2081.7525000020396,2059.6317800009274,2044.5219000030193,2081.7525000020396,10499.0
1782448270,5,POST,/cart [add item abuse],1.500000,0.000000,4,4,4,4,4,5,5,5,5,5,5,47,0,4,5.801500000048459,3.4622999955900013,46.98330000246642,0.0
1782448270,5,GET,/cart [view abuse],1.500000,0.000000,6,6,6,6,6,7,7,7,7,7,7,47,0,6,5.955036170718736,5.092399995191954,7.81769999593962,14659.0
1782448270,5,POST,/cart/checkout [abuse],1.500000,0.000000,10,11,11,11,11,17,17,17,17,17,17,47,0,10,11.029370212240115,8.93769999674987,51.43769999995129,5004.0
1782448270,5,GET,/product/[id] [checkout abuse],1.500000,0.000000,6,6,7,7,7,7,7,7,7,7,7,47,0,6,6.347202127607431,4.985399995348416,8.199199997761752,5865.0
1782448270,5,,Aggregated,6.000000,0.000000,6,7,9,9,11,11,17,17,17,17,17,193,0,6,60.45292746115818,3.4622999955900013,2081.7525000020396,6488.658031088083
1782448271,5,GET,/ [checkout abuse session],0.000000,0.000000,0,0,0,0,0,0,0,0,0,0,0,5,0,2081.7525000020396,2059.6317800009274,2044.5219000030193,2081.7525000020396,10499.0
1782448271,5,POST,/cart [add item abuse],1.200000,0.000000,4,4,4,4,4,5,5,5,5,5,5,50,0,4,5.703510000021197,3.4622999955900013,46.98330000246642,0.0
1782448271,5,GET,/cart [view abuse],1.200000,0.000000,6,6,6,6,7,7,7,7,7,7,7,50,0,6,5.981342000304721,5.092399995191954,7.81769999593962,14659.0
1782448271,5,POST,/cart/checkout [abuse],1.200000,0.000000,10,10,10,11,11,17,17,17,17,17,17,50,0,10,10.933443999383599,8.93769999674987,51.43769999995129,5004.0
1782448271,5,GET,/product/[id] [checkout abuse],1.200000,0.000000,6,7,7,7,7,7,7,7,7,7,7,50,0,6,6.367439999885391,4.985399995348416,8.199199997761752,5865.0
1782448271,5,,Aggregated,4.800000,0.000000,6,7,9,9,10,11,11,17,17,17,17,205,0,6,57.30461317065552,3.4622999955900013,2081.7525000020396,6482.414634146341
1782448272,5,GET,/ [checkout abuse session],0.000000,0.000000,0,0,0,0,0,0,0,0,0,0,0,5,0,2081.7525000020396,2059.6317800009274,2044.5219000030193,2081.7525000020396,10499.0
1782448272,5,POST,/cart [add item abuse],1.200000,0.000000,4,4,4,4,4,5,5,5,5,5,5,50,0,4,5.703510000021197,3.4622999955900013,46.98330000246642,0.0
1782448272,5,GET,/cart [view abuse],1.200000,0.000000,6,6,6,6,7,7,7,7,7,7,7,50,0,6,5.981342000304721,5.092399995191954,7.81769999593962,14659.0
1782448272,5,POST,/cart/checkout [abuse],1.200000,0.000000,10,10,10,11,11,17,17,17,17,17,17,50,0,10,10.933443999383599,8.93769999674987,51.43769999995129,5004.0
1782448272,5,GET,/product/[id] [checkout abuse],1.200000,0.000000,6,7,7,7,7,7,7,7,7,7,7,50,0,6,6.367439999885391,4.985399995348416,8.199199997761752,5865.0
1782448272,5,,Aggregated,4.800000,0.000000,6,7,9,9,10,11,11,17,17,17,17,205,0,6,57.30461317065552,3.4622999955900013,2081.7525000020396,6482.414634146341
1782448273,5,GET,/ [checkout abuse session],0.000000,0.000000,0,0,0,0,0,0,0,0,0,0,0,5,0,2081.7525000020396,2059.6317800009274,2044.5219000030193,2081.7525000020396,10499.0
1782448273,5,POST,/cart [add item abuse],1.200000,0.000000,4,4,4,4,5,46,46,46,46,46,46,51,0,4,6.502986274569468,3.4622999955900013,46.98330000246642,0.0
1782448273,5,GET,/cart [view abuse],1.200000,0.000000,6,6,6,6,6,7,7,7,7,7,7,51,0,6,5.982129412158804,5.092399995191954,7.81769999593962,14659.0
1782448273,5,POST,/cart/checkout [abuse],1.200000,0.000000,10,10,10,10,10,11,11,11,11,11,11,51,0,10,10.913745097401689,8.93769999674987,51.43769999995129,5004.0
1782448273,5,GET,/product/[id] [checkout abuse],1.200000,0.000000,7,7,7,7,7,7,7,7,7,7,7,51,0,6,6.37632352927718,4.985399995348416,8.199199997761752,5865.0
1782448273,5,,Aggregated,4.800000,0.000000,6,7,9,9,10,10,46,46,46,46,46,209,0,6,56.539202392289,3.4622999955900013,2081.7525000020396,6480.492822966507
1782448274,5,GET,/ [checkout abuse session],0.000000,0.000000,0,0,0,0,0,0,0,0,0,0,0,5,0,2081.7525000020396,2059.6317800009274,2044.5219000030193,2081.7525000020396,10499.0
1782448274,5,POST,/cart [add item abuse],1.400000,0.000000,4,4,4,4,5,46,46,46,46,46,46,52,0,4,6.447459615418875,3.4622999955900013,46.98330000246642,0.0
1782448274,5,GET,/cart [view abuse],1.400000,0.000000,6,6,6,6,6,7,7,7,7,7,7,52,0,6,5.966317308076004,5.092399995191954,7.81769999593962,14659.0
1782448274,5,POST,/cart/checkout [abuse],1.400000,0.000000,10,10,10,10,10,11,11,11,11,11,11,52,0,10,10.875530768736589,8.926600006816443,51.43769999995129,5004.0
1782448274,5,GET,/product/[id] [checkout abuse],1.400000,0.000000,7,7,7,7,7,7,7,7,7,7,7,52,0,6,6.369655769119093,4.985399995348416,8.199199997761752,5865.0
1782448274,5,,Aggregated,5.600000,0.000000,6,7,9,9,10,10,46,46,46,46,46,213,0,6,55.588849765234116,3.4622999955900013,2081.7525000020396,6478.643192488263
1782448275,5,GET,/ [checkout abuse session],0.000000,0.000000,0,0,0,0,0,0,0,0,0,0,0,5,0,2081.7525000020396,2059.6317800009274,2044.5219000030193,2081.7525000020396,10499.0
1782448275,5,POST,/cart [add item abuse],1.300000,0.000000,4,4,4,4,5,46,46,46,46,46,46,54,0,4,6.358509259303833,3.4622999955900013,46.98330000246642,0.0
1782448275,5,GET,/cart [view abuse],1.300000,0.000000,6,6,6,6,7,7,7,7,7,7,7,54,0,6,5.9819222225525195,5.092399995191954,7.81769999593962,14659.0
1782448275,5,POST,/cart/checkout [abuse],1.300000,0.000000,10,10,10,10,11,55,55,55,55,55,55,54,0,10,11.671416666137736,8.926600006816443,55.045099994458724,5004.0
1782448275,5,GET,/product/[id] [checkout abuse],1.300000,0.000000,7,7,7,7,7,7,7,7,7,7,7,54,0,6,6.3467203702505985,4.448100000445265,8.199199997761752,5865.0
1782448275,5,,Aggregated,5.200000,0.000000,6,7,9,9,10,11,55,55,55,55,55,221,0,6,54.01593484158303,3.4622999955900013,2081.7525000020396,6475.14479638009
1782448276,5,GET,/ [checkout abuse session],0.000000,0.000000,0,0,0,0,0,0,0,0,0,0,0,5,0,2081.7525000020396,2059.6317800009274,2044.5219000030193,2081.7525000020396,10499.0
1782448276,5,POST,/cart [add item abuse],1.100000,0.000000,4,4,4,4,5,46,46,46,46,46,46,55,0,4,6.309596363677304,3.4622999955900013,46.98330000246642,0.0
1782448276,5,GET,/cart [view abuse],1.100000,0.000000,6,6,6,7,7,12,12,12,12,12,12,55,0,6,6.093896363877733,5.092399995191954,12.140499995439313,14659.0
1782448276,5,POST,/cart/checkout [abuse],1.100000,0.000000,10,10,10,10,11,55,55,55,55,55,55,55,0,10,11.644307272217702,8.926600006816443,55.045099994458724,5004.0
1782448276,5,GET,/product/[id] [checkout abuse],1.100000,0.000000,7,7,7,7,7,7,7,7,7,7,7,55,0,6,6.350427272660784,4.448100000445265,8.199199997761752,5865.0
1782448276,5,,Aggregated,4.400000,0.000000,6,7,9,10,10,12,46,55,55,55,55,225,0,6,53.200272888837695,3.4622999955900013,2081.7525000020396,6473.488888888889
1782448277,5,GET,/ [checkout abuse session],0.000000,0.000000,0,0,0,0,0,0,0,0,0,0,0,5,0,2081.7525000020396,2059.6317800009274,2044.5219000030193,2081.7525000020396,10499.0
1782448277,5,POST,/cart [add item abuse],1.400000,0.000000,4,4,4,4,5,46,46,46,46,46,46,57,0,4,6.236935087751287,3.4622999955900013,46.98330000246642,0.0
1782448277,5,GET,/cart [view abuse],1.400000,0.000000,6,6,7,7,7,12,12,12,12,12,12,57,0,6,6.086347368724538,5.092399995191954,12.140499995439313,14659.0
1782448277,5,POST,/cart/checkout [abuse],1.400000,0.000000,10,10,10,10,10,55,55,55,55,55,55,57,0,10,11.551696490833388,8.829600003082305,55.045099994458724,5004.0
1782448277,5,GET,/product/[id] [checkout abuse],1.400000,0.000000,7,7,7,7,7,7,7,7,7,7,7,57,0,6,6.382280701680493,4.448100000445265,8.199199997761752,5865.0
1782448277,5,,Aggregated,5.600000,0.000000,7,7,9,9,10,12,55,55,55,55,55,233,0,6,51.60009742488004,3.4622999955900013,2081.7525000020396,6470.347639484979
1782448278,5,GET,/ [checkout abuse session],0.000000,0.000000,0,0,0,0,0,0,0,0,0,0,0,5,0,2081.7525000020396,2059.6317800009274,2044.5219000030193,2081.7525000020396,10499.0
1782448278,5,POST,/cart [add item abuse],1.400000,0.000000,4,4,4,4,4,46,46,46,46,46,46,57,0,4,6.236935087751287,3.4622999955900013,46.98330000246642,0.0
1782448278,5,GET,/cart [view abuse],1.400000,0.000000,6,6,7,7,7,12,12,12,12,12,12,57,0,6,6.086347368724538,5.092399995191954,12.140499995439313,14659.0
1782448278,5,POST,/cart/checkout [abuse],1.400000,0.000000,10,10,10,10,10,55,55,55,55,55,55,57,0,10,11.551696490833388,8.829600003082305,55.045099994458724,5004.0
1782448278,5,GET,/product/[id] [checkout abuse],1.400000,0.000000,7,7,7,7,7,7,7,7,7,7,7,57,0,6,6.382280701680493,4.448100000445265,8.199199997761752,5865.0
1782448278,5,,Aggregated,5.600000,0.000000,7,7,9,9,10,12,55,55,55,55,55,233,0,6,51.60009742488004,3.4622999955900013,2081.7525000020396,6470.347639484979
1782448279,5,GET,/ [checkout abuse session],0.000000,0.000000,0,0,0,0,0,0,0,0,0,0,0,5,0,2081.7525000020396,2059.6317800009274,2044.5219000030193,2081.7525000020396,10499.0
1782448279,5,POST,/cart [add item abuse],1.300000,0.000000,4,4,4,4,4,46,46,46,46,46,46,59,0,4,6.153420338967531,3.4622999955900013,46.98330000246642,0.0
1782448279,5,GET,/cart [view abuse],1.300000,0.000000,6,6,7,7,7,12,12,12,12,12,12,59,0,6,6.069371186594392,5.092399995191954,12.140499995439313,14659.0
1782448279,5,POST,/cart/checkout [abuse],1.300000,0.000000,10,10,10,10,10,55,55,55,55,55,55,59,0,10,11.475540677596562,8.829600003082305,55.045099994458724,5004.0
1782448279,5,GET,/product/[id] [checkout abuse],1.300000,0.000000,7,7,7,7,7,7,7,7,7,7,7,59,0,6,6.379554237232157,4.448100000445265,8.199199997761752,5865.0
1782448279,5,,Aggregated,5.200000,0.000000,7,7,9,9,10,12,55,55,55,55,55,241,0,6,50.094415767583754,3.4622999955900013,2081.7525000020396,6467.414937759336
1782448280,5,GET,/ [checkout abuse session],0.000000,0.000000,0,0,0,0,0,0,0,0,0,0,0,5,0,2081.7525000020396,2059.6317800009274,2044.5219000030193,2081.7525000020396,10499.0
1782448280,5,POST,/cart [add item abuse],1.100000,0.000000,4,4,4,4,4,46,46,46,46,46,46,60,0,4,6.125528333359398,3.4622999955900013,46.98330000246642,0.0
1782448280,5,GET,/cart [view abuse],1.100000,0.000000,6,6,7,7,7,12,12,12,12,12,12,60,0,6,6.07209500024813,5.092399995191954,12.140499995439313,14659.0
1782448280,5,POST,/cart/checkout [abuse],1.100000,0.000000,10,10,10,10,10,55,55,55,55,55,55,60,0,10,11.451768332941962,8.829600003082305,55.045099994458724,5004.0
1782448280,5,GET,/product/[id] [checkout abuse],1.100000,0.000000,7,7,7,7,7,7,7,7,7,7,7,60,0,6,6.386184999913287,4.448100000445265,8.199199997761752,5865.0
1782448280,5,,Aggregated,4.400000,0.000000,7,7,9,9,10,12,55,55,55,55,55,245,0,6,49.38895306119348,3.4622999955900013,2081.7525000020396,6466.0204081632655
1782448281,5,GET,/ [checkout abuse session],0.000000,0.000000,0,0,0,0,0,0,0,0,0,0,0,5,0,2081.7525000020396,2059.6317800009274,2044.5219000030193,2081.7525000020396,10499.0
1782448281,5,POST,/cart [add item abuse],1.100000,0.000000,4,4,4,4,46,46,46,46,46,46,46,60,0,4,6.125528333359398,3.4622999955900013,46.98330000246642,0.0
1782448281,5,GET,/cart [view abuse],1.100000,0.000000,6,6,6,7,12,12,12,12,12,12,12,60,0,6,6.07209500024813,5.092399995191954,12.140499995439313,14659.0
1782448281,5,POST,/cart/checkout [abuse],1.100000,0.000000,10,10,10,10,55,55,55,55,55,55,55,60,0,10,11.451768332941962,8.829600003082305,55.045099994458724,5004.0
1782448281,5,GET,/product/[id] [checkout abuse],1.100000,0.000000,7,7,7,7,7,7,7,7,7,7,7,60,0,6,6.386184999913287,4.448100000445265,8.199199997761752,5865.0
1782448281,5,,Aggregated,4.400000,0.000000,7,7,9,10,10,46,55,55,55,55,55,245,0,6,49.38895306119348,3.4622999955900013,2081.7525000020396,6466.0204081632655
1782448282,5,GET,/ [checkout abuse session],0.000000,0.000000,0,0,0,0,0,0,0,0,0,0,0,5,0,2081.7525000020396,2059.6317800009274,2044.5219000030193,2081.7525000020396,10499.0
1782448282,5,POST,/cart [add item abuse],1.300000,0.000000,4,4,4,4,4,4,4,4,4,4,4,63,0,4,6.026687301600182,3.4622999955900013,46.98330000246642,0.0
1782448282,5,GET,/cart [view abuse],1.300000,0.000000,6,6,6,6,7,12,12,12,12,12,12,63,0,6,6.074047619352184,5.092399995191954,12.140499995439313,14659.0
1782448282,5,POST,/cart/checkout [abuse],1.300000,0.000000,10,10,10,10,10,55,55,55,55,55,55,63,0,10,11.371185713898509,8.829600003082305,55.045099994458724,5004.0
1782448282,5,GET,/product/[id] [checkout abuse],1.300000,0.000000,7,7,7,7,7,7,7,7,7,7,7,63,0,6,6.391198412558648,4.448100000445265,8.199199997761752,5865.0
1782448282,5,,Aggregated,5.200000,0.000000,6,7,9,9,10,10,55,55,55,55,55,257,0,6,47.39118832681493,3.4622999955900013,2081.7525000020396,6462.0972762645915
1782448283,5,GET,/ [checkout abuse session],0.000000,0.000000,0,0,0,0,0,0,0,0,0,0,0,5,0,2081.7525000020396,2059.6317800009274,2044.5219000030193,2081.7525000020396,10499.0
1782448283,5,POST,/cart [add item abuse],1.300000,0.000000,4,4,4,4,4,4,4,4,4,4,4,65,0,4,5.9644215384301225,3.4622999955900013,46.98330000246642,0.0
1782448283,5,GET,/cart [view abuse],1.300000,0.000000,6,6,6,6,7,12,12,12,12,12,12,65,0,6,6.067698461881194,5.092399995191954,12.140499995439313,14659.0
1782448283,5,POST,/cart/checkout [abuse],1.300000,0.000000,10,10,10,10,10,55,55,55,55,55,55,65,0,10,11.319806153411404,8.829600003082305,55.045099994458724,5004.0
1782448283,5,GET,/product/[id] [checkout abuse],1.300000,0.000000,7,7,7,7,7,7,7,7,7,7,7,65,0,6,6.380666153787528,4.448100000445265,8.199199997761752,5865.0
1782448283,5,,Aggregated,5.200000,0.000000,6,7,9,10,10,10,12,55,55,55,55,265,0,6,46.153876981104915,3.4622999955900013,2081.7525000020396,6459.679245283019
1782448284,5,GET,/ [checkout abuse session],0.000000,0.000000,0,0,0,0,0,0,0,0,0,0,0,5,0,2081.7525000020396,2059.6317800009274,2044.5219000030193,2081.7525000020396,10499.0
1782448284,5,POST,/cart [add item abuse],1.300000,0.000000,4,4,4,4,4,4,4,4,4,4,4,65,0,4,5.9644215384301225,3.4622999955900013,46.98330000246642,0.0
1782448284,5,GET,/cart [view abuse],1.300000,0.000000,6,6,6,6,6,12,12,12,12,12,12,65,0,6,6.067698461881194,5.092399995191954,12.140499995439313,14659.0
1782448284,5,POST,/cart/checkout [abuse],1.300000,0.000000,10,10,10,10,10,10,10,10,10,10,10,65,0,10,11.319806153411404,8.829600003082305,55.045099994458724,5004.0
1782448284,5,GET,/product/[id] [checkout abuse],1.300000,0.000000,7,7,7,7,7,7,7,7,7,7,7,65,0,6,6.380666153787528,4.448100000445265,8.199199997761752,5865.0
1782448284,5,,Aggregated,5.200000,0.000000,6,7,9,10,10,10,12,12,12,12,12,265,0,6,46.153876981104915,3.4622999955900013,2081.7525000020396,6459.679245283019
1782448285,5,GET,/ [checkout abuse session],0.000000,0.000000,0,0,0,0,0,0,0,0,0,0,0,5,0,2081.7525000020396,2059.6317800009274,2044.5219000030193,2081.7525000020396,10499.0
1782448285,5,POST,/cart [add item abuse],1.300000,0.000000,4,4,4,4,4,47,47,47,47,47,47,66,0,4,6.593619696959098,3.4622999955900013,47.4915000013425,0.0
1782448285,5,GET,/cart [view abuse],1.300000,0.000000,6,6,6,6,6,7,7,7,7,7,7,66,0,6,6.081330303321451,5.092399995191954,12.140499995439313,14659.0
1782448285,5,POST,/cart/checkout [abuse],1.300000,0.000000,10,10,10,10,10,10,10,10,10,10,10,66,0,10,11.297990908739544,8.829600003082305,55.045099994458724,5004.0
1782448285,5,GET,/product/[id] [checkout abuse],1.300000,0.000000,7,7,7,7,7,14,14,14,14,14,14,66,0,6,6.500109090804031,4.448100000445265,14.263899996876717,5865.0
1782448285,5,,Aggregated,5.200000,0.000000,6,7,9,10,10,10,47,47,47,47,47,269,0,6,45.75977769514137,3.4622999955900013,2081.7525000020396,6458.5241635687735
1782448286,5,GET,/ [checkout abuse session],0.000000,0.000000,0,0,0,0,0,0,0,0,0,0,0,5,0,2081.7525000020396,2059.6317800009274,2044.5219000030193,2081.7525000020396,10499.0
1782448286,5,POST,/cart [add item abuse],1.300000,0.000000,4,4,4,5,5,47,47,47,47,47,47,69,0,4,6.515307246181823,3.4622999955900013,47.4915000013425,0.0
1782448286,5,GET,/cart [view abuse],1.300000,0.000000,6,6,7,7,7,7,7,7,7,7,7,69,0,6,6.111523188693631,5.092399995191954,12.140499995439313,14659.0
1782448286,5,POST,/cart/checkout [abuse],1.300000,0.000000,10,10,10,10,11,11,11,11,11,11,11,69,0,10,11.281046376414293,8.829600003082305,55.045099994458724,5004.0
1782448286,5,GET,/product/[id] [checkout abuse],1.300000,0.000000,6,7,7,7,7,14,14,14,14,14,14,69,0,6,6.4946376810110165,4.448100000445265,14.263899996876717,5865.0
1782448286,5,,Aggregated,5.200000,0.000000,6,7,10,10,10,11,14,47,47,47,47,281,0,6,44.113638434069,3.4622999955900013,2081.7525000020396,6455.256227758007
1782448287,5,GET,/ [checkout abuse session],0.000000,0.000000,0,0,0,0,0,0,0,0,0,0,0,5,0,2081.7525000020396,2059.6317800009274,2044.5219000030193,2081.7525000020396,10499.0
1782448287,5,POST,/cart [add item abuse],1.300000,0.000000,4,4,4,5,5,47,47,47,47,47,47,70,0,4,6.480538571174423,3.4622999955900013,47.4915000013425,0.0
1782448287,5,GET,/cart [view abuse],1.300000,0.000000,6,6,7,7,7,7,7,7,7,7,7,70,0,6,6.104117143071822,5.092399995191954,12.140499995439313,14659.0
1782448287,5,POST,/cart/checkout [abuse],1.300000,0.000000,10,10,10,10,11,11,11,11,11,11,11,70,0,10,11.256244285323191,8.829600003082305,55.045099994458724,5004.0
1782448287,5,GET,/product/[id] [checkout abuse],1.300000,0.000000,6,7,7,7,7,14,14,14,14,14,14,70,0,6,6.49498142842536,4.448100000445265,14.263899996876717,5865.0
1782448287,5,,Aggregated,5.200000,0.000000,6,7,10,10,10,11,14,47,47,47,47,285,0,6,43.58480912268166,3.4622999955900013,2081.7525000020396,6454.228070175439
1782448288,5,GET,/ [checkout abuse session],0.000000,0.000000,0,0,0,0,0,0,0,0,0,0,0,5,0,2081.7525000020396,2059.6317800009274,2044.5219000030193,2081.7525000020396,10499.0
1782448288,5,POST,/cart [add item abuse],1.300000,0.000000,4,4,5,5,5,47,47,47,47,47,47,70,0,4,6.480538571174423,3.4622999955900013,47.4915000013425,0.0
1782448288,5,GET,/cart [view abuse],1.300000,0.000000,6,7,7,7,7,7,7,7,7,7,7,70,0,6,6.104117143071822,5.092399995191954,12.140499995439313,14659.0
1782448288,5,POST,/cart/checkout [abuse],1.300000,0.000000,10,10,10,10,11,11,11,11,11,11,11,70,0,10,11.256244285323191,8.829600003082305,55.045099994458724,5004.0
1782448288,5,GET,/product/[id] [checkout abuse],1.300000,0.000000,6,7,7,7,7,14,14,14,14,14,14,70,0,6,6.49498142842536,4.448100000445265,14.263899996876717,5865.0
1782448288,5,,Aggregated,5.200000,0.000000,6,7,10,10,10,11,47,47,47,47,47,285,0,6,43.58480912268166,3.4622999955900013,2081.7525000020396,6454.228070175439
1782448289,5,GET,/ [checkout abuse session],0.000000,0.000000,0,0,0,0,0,0,0,0,0,0,0,5,0,2081.7525000020396,2059.6317800009274,2044.5219000030193,2081.7525000020396,10499.0
1782448289,5,POST,/cart [add item abuse],1.400000,0.000000,4,4,5,5,5,47,47,47,47,47,47,72,0,4,6.416691666446342,3.4622999955900013,47.4915000013425,0.0
1782448289,5,GET,/cart [view abuse],1.400000,0.000000,6,6,7,7,7,7,7,7,7,7,7,72,0,6,6.107519444615011,5.092399995191954,12.140499995439313,14659.0
1782448289,5,POST,/cart/checkout [abuse],1.400000,0.000000,10,10,10,10,11,11,11,11,11,11,11,72,0,10,11.210455555252944,8.829600003082305,55.045099994458724,5004.0
1782448289,5,GET,/product/[id] [checkout abuse],1.400000,0.000000,6,7,7,7,8,14,14,14,14,14,14,72,0,6,6.502718055445358,4.448100000445265,14.263899996876717,5865.0
1782448289,5,,Aggregated,5.600000,0.000000,6,7,10,10,10,11,14,47,47,47,47,293,0,6,42.577647098878266,3.4622999955900013,2081.7525000020396,6452.255972696245
1782448290,5,GET,/ [checkout abuse session],0.000000,0.000000,0,0,0,0,0,0,0,0,0,0,0,5,0,2081.7525000020396,2059.6317800009274,2044.5219000030193,2081.7525000020396,10499.0
1782448290,5,POST,/cart [add item abuse],1.300000,0.000000,4,4,5,5,5,47,47,47,47,47,47,73,0,4,6.3815383560124666,3.4622999955900013,47.4915000013425,0.0
1782448290,5,GET,/cart [view abuse],1.300000,0.000000,6,7,7,7,7,7,7,7,7,7,7,73,0,6,6.119875342597904,5.092399995191954,12.140499995439313,14659.0
1782448290,5,POST,/cart/checkout [abuse],1.300000,0.000000,10,10,10,10,11,11,11,11,11,11,11,73,0,10,11.196454794166852,8.829600003082305,55.045099994458724,5004.0
1782448290,5,GET,/product/[id] [checkout abuse],1.300000,0.000000,6,7,7,7,8,14,14,14,14,14,14,73,0,6,6.506675342317154,4.448100000445265,14.263899996876717,5865.0
1782448290,5,,Aggregated,5.200000,0.000000,6,7,10,10,10,11,14,47,47,47,47,297,0,6,42.09794814803544,3.4622999955900013,2081.7525000020396,6451.309764309764
1782448291,5,GET,/ [checkout abuse session],0.000000,0.000000,0,0,0,0,0,0,0,0,0,0,0,5,0,2081.7525000020396,2059.6317800009274,2044.5219000030193,2081.7525000020396,10499.0
1782448291,5,POST,/cart [add item abuse],1.300000,0.000000,4,5,5,5,5,47,47,47,47,47,47,74,0,4,6.3487162160281265,3.4622999955900013,47.4915000013425,0.0
1782448291,5,GET,/cart [view abuse],1.300000,0.000000,6,7,7,7,7,7,7,7,7,7,7,74,0,6,6.117898648733751,5.092399995191954,12.140499995439313,14659.0
1782448291,5,POST,/cart/checkout [abuse],1.300000,0.000000,10,10,10,10,11,11,11,11,11,11,11,74,0,10,11.177425675300213,8.829600003082305,55.045099994458724,5004.0
1782448291,5,GET,/product/[id] [checkout abuse],1.300000,0.000000,7,7,7,7,8,14,14,14,14,14,14,74,0,6,6.508159459347528,4.448100000445265,14.263899996876717,5865.0
1782448291,5,,Aggregated,5.200000,0.000000,7,7,10,10,10,11,47,47,47,47,47,301,0,6,41.62598571415597,3.4622999955900013,2081.7525000020396,6450.388704318937
1782448292,5,GET,/ [checkout abuse session],0.000000,0.000000,0,0,0,0,0,0,0,0,0,0,0,5,0,2081.7525000020396,2059.6317800009274,2044.5219000030193,2081.7525000020396,10499.0
1782448292,5,POST,/cart [add item abuse],1.200000,0.000000,4,4,5,5,5,47,47,47,47,47,47,75,0,4,6.31240399981228,3.4622999955900013,47.4915000013425,0.0
1782448292,5,GET,/cart [view abuse],1.200000,0.000000,6,7,7,7,7,7,7,7,7,7,7,75,0,6,6.107077333435882,5.092399995191954,12.140499995439313,14659.0
1782448292,5,POST,/cart/checkout [abuse],1.200000,0.000000,10,10,10,10,11,11,11,11,11,11,11,75,0,10,11.166202666354366,8.829600003082305,55.045099994458724,5004.0
1782448292,5,GET,/product/[id] [checkout abuse],1.200000,0.000000,7,7,7,7,8,14,14,14,14,14,14,75,0,6,6.498079999970893,4.448100000445265,14.263899996876717,5865.0
1782448292,5,,Aggregated,4.800000,0.000000,7,7,10,10,10,11,47,47,47,47,47,305,0,6,41.16210229499227,3.4622999955900013,2081.7525000020396,6449.491803278688
1782448293,5,GET,/ [checkout abuse session],0.000000,0.000000,0,0,0,0,0,0,0,0,0,0,0,5,0,2081.7525000020396,2059.6317800009274,2044.5219000030193,2081.7525000020396,10499.0
1782448293,5,POST,/cart [add item abuse],1.400000,0.000000,4,5,5,5,5,47,47,47,47,47,47,76,0,4,6.286374999801506,3.4622999955900013,47.4915000013425,0.0
1782448293,5,GET,/cart [view abuse],1.400000,0.000000,7,7,7,7,7,7,7,7,7,7,7,75,0,6,6.107077333435882,5.092399995191954,12.140499995439313,14659.0
1782448293,5,POST,/cart/checkout [abuse],1.400000,0.000000,10,10,10,11,11,11,11,11,11,11,11,75,0,10,11.166202666354366,8.829600003082305,55.045099994458724,5004.0
1782448293,5,GET,/product/[id] [checkout abuse],1.400000,0.000000,7,7,7,7,8,14,14,14,14,14,14,76,0,6,6.497075000018078,4.448100000445265,14.263899996876717,5865.0
1782448293,5,,Aggregated,5.600000,0.000000,7,7,10,10,10,11,47,47,47,47,47,307,0,6,40.928980781678156,3.4622999955900013,2081.7525000020396,6426.5798045602605
1782448294,5,GET,/ [checkout abuse session],0.000000,0.000000,0,0,0,0,0,0,0,0,0,0,0,5,0,2081.7525000020396,2059.6317800009274,2044.5219000030193,2081.7525000020396,10499.0
1782448294,5,POST,/cart [add item abuse],1.200000,0.000000,4,4,5,5,5,5,5,5,5,5,5,79,0,4,6.209779746647736,3.4622999955900013,47.4915000013425,0.0
1782448294,5,GET,/cart [view abuse],1.200000,0.000000,6,7,7,7,7,7,7,7,7,7,7,79,0,6,6.107021519019787,5.092399995191954,12.140499995439313,14659.0
1782448294,5,POST,/cart/checkout [abuse],1.200000,0.000000,10,10,11,11,11,11,11,11,11,11,11,79,0,10,11.126654430110555,8.829600003082305,55.045099994458724,5004.0
1782448294,5,GET,/product/[id] [checkout abuse],1.200000,0.000000,6,7,7,7,7,8,8,8,8,8,8,79,0,6,6.480216455651017,4.448100000445265,14.263899996876717,5865.0
1782448294,5,,Aggregated,4.800000,0.000000,6,7,9,10,10,11,11,11,11,11,11,321,0,6,39.44588473510136,3.4622999955900013,2081.7525000020396,6446.127725856698
1782448295,5,GET,/ [checkout abuse session],0.000000,0.000000,0,0,0,0,0,0,0,0,0,0,0,5,0,2081.7525000020396,2059.6317800009274,2044.5219000030193,2081.7525000020396,10499.0
1782448295,5,POST,/cart [add item abuse],1.000000,0.000000,4,4,5,5,5,5,5,5,5,5,5,80,0,4,6.192471249778464,3.4622999955900013,47.4915000013425,0.0
1782448295,5,GET,/cart [view abuse],1.000000,0.000000,6,6,7,7,7,7,7,7,7,7,7,80,0,6,6.119546250101848,5.092399995191954,12.140499995439313,14659.0
1782448295,5,POST,/cart/checkout [abuse],1.000000,0.000000,10,10,11,11,11,11,11,11,11,11,11,80,0,10,11.11333749968253,8.829600003082305,55.045099994458724,5004.0
1782448295,5,GET,/product/[id] [checkout abuse],1.000000,0.000000,6,7,7,7,8,8,8,8,8,8,8,80,0,6,6.496733749918349,4.448100000445265,14.263899996876717,5865.0
1782448295,5,,Aggregated,4.000000,0.000000,6,7,9,10,10,11,11,11,11,11,11,325,0,6,39.05207999988656,3.4622999955900013,2081.7525000020396,6445.338461538461
1782448296,5,GET,/ [checkout abuse session],0.000000,0.000000,0,0,0,0,0,0,0,0,0,0,0,5,0,2081.7525000020396,2059.6317800009274,2044.5219000030193,2081.7525000020396,10499.0
1782448296,5,POST,/cart [add item abuse],1.000000,0.000000,4,4,5,5,5,5,5,5,5,5,5,80,0,4,6.192471249778464,3.4622999955900013,47.4915000013425,0.0
1782448296,5,GET,/cart [view abuse],1.000000,0.000000,6,6,7,7,7,7,7,7,7,7,7,80,0,6,6.119546250101848,5.092399995191954,12.140499995439313,14659.0
1782448296,5,POST,/cart/checkout [abuse],1.000000,0.000000,10,10,11,11,11,11,11,11,11,11,11,80,0,10,11.11333749968253,8.829600003082305,55.045099994458724,5004.0
1782448296,5,GET,/product/[id] [checkout abuse],1.000000,0.000000,6,7,7,7,8,8,8,8,8,8,8,80,0,6,6.496733749918349,4.448100000445265,14.263899996876717,5865.0
1782448296,5,,Aggregated,4.000000,0.000000,6,7,9,10,10,11,11,11,11,11,11,325,0,6,39.05207999988656,3.4622999955900013,2081.7525000020396,6445.338461538461
1782448297,5,GET,/ [checkout abuse session],0.000000,0.000000,0,0,0,0,0,0,0,0,0,0,0,5,0,2081.7525000020396,2059.6317800009274,2044.5219000030193,2081.7525000020396,10499.0
1782448297,5,POST,/cart [add item abuse],1.300000,0.000000,4,4,5,5,5,5,5,5,5,5,5,81,0,4,6.165718518371441,3.4622999955900013,47.4915000013425,0.0
1782448297,5,GET,/cart [view abuse],1.300000,0.000000,6,6,7,7,7,7,7,7,7,7,7,81,0,6,6.119167901263687,5.092399995191954,12.140499995439313,14659.0
1782448297,5,POST,/cart/checkout [abuse],1.300000,0.000000,10,10,11,11,11,11,11,11,11,11,11,81,0,10,11.109030863915478,8.829600003082305,55.045099994458724,5004.0
1782448297,5,GET,/product/[id] [checkout abuse],1.300000,0.000000,6,7,7,7,8,8,8,8,8,8,8,81,0,6,6.497744444425701,4.448100000445265,14.263899996876717,5865.0
1782448297,5,,Aggregated,5.200000,0.000000,6,7,9,10,10,11,11,11,11,11,11,329,0,6,38.66074012149154,3.4622999955900013,2081.7525000020396,6444.568389057751
1782448298,5,GET,/ [checkout abuse session],0.000000,0.000000,0,0,0,0,0,0,0,0,0,0,0,5,0,2081.7525000020396,2059.6317800009274,2044.5219000030193,2081.7525000020396,10499.0
1782448298,5,POST,/cart [add item abuse],1.300000,0.000000,4,4,4,4,5,5,5,5,5,5,5,83,0,4,6.105089156379283,3.4622999955900013,47.4915000013425,0.0
1782448298,5,GET,/cart [view abuse],1.300000,0.000000,6,6,7,7,7,7,7,7,7,7,7,83,0,6,6.10698433733175,5.092399995191954,12.140499995439313,14659.0
1782448298,5,POST,/cart/checkout [abuse],1.300000,0.000000,10,10,11,11,11,11,11,11,11,11,11,83,0,10,11.071281927337601,8.829600003082305,55.045099994458724,5004.0
1782448298,5,GET,/product/[id] [checkout abuse],1.300000,0.000000,6,7,7,7,7,8,8,8,8,8,8,83,0,6,6.5010686745833475,4.448100000445265,14.263899996876717,5865.0
1782448298,5,,Aggregated,5.200000,0.000000,6,7,9,10,10,11,11,11,11,11,11,337,0,6,37.893964688255465,3.4622999955900013,2081.7525000020396,6443.083086053412
1782448299,5,GET,/ [checkout abuse session],0.000000,0.000000,0,0,0,0,0,0,0,0,0,0,0,5,0,2081.7525000020396,2059.6317800009274,2044.5219000030193,2081.7525000020396,10499.0
1782448299,5,POST,/cart [add item abuse],1.100000,0.000000,4,4,4,5,5,5,5,5,5,5,5,85,0,4,6.064976470353192,3.4622999955900013,47.4915000013425,0.0
1782448299,5,GET,/cart [view abuse],1.100000,0.000000,6,6,7,7,7,7,7,7,7,7,7,85,0,6,6.109949411749018,5.092399995191954,12.140499995439313,14659.0
1782448299,5,POST,/cart/checkout [abuse],1.100000,0.000000,10,10,11,11,11,11,11,11,11,11,11,85,0,10,11.045710587880903,8.829600003082305,55.045099994458724,5004.0
1782448299,5,GET,/product/[id] [checkout abuse],1.100000,0.000000,6,7,7,7,7,8,8,8,8,8,8,85,0,6,6.50524705869269,4.448100000445265,14.263899996876717,5865.0
1782448299,5,,Aggregated,4.400000,0.000000,6,7,9,10,10,11,11,11,11,11,11,345,0,6,37.1735043476582,3.4622999955900013,2081.7525000020396,6441.666666666667
1782448300,5,GET,/ [checkout abuse session],0.000000,0.000000,0,0,0,0,0,0,0,0,0,0,0,5,0,2081.7525000020396,2059.6317800009274,2044.5219000030193,2081.7525000020396,10499.0
1782448300,5,POST,/cart [add item abuse],1.100000,0.000000,4,4,5,5,5,5,5,5,5,5,5,85,0,4,6.064976470353192,3.4622999955900013,47.4915000013425,0.0
1782448300,5,GET,/cart [view abuse],1.100000,0.000000,6,6,7,7,7,7,7,7,7,7,7,85,0,6,6.109949411749018,5.092399995191954,12.140499995439313,14659.0
1782448300,5,POST,/cart/checkout [abuse],1.100000,0.000000,10,11,11,11,11,11,11,11,11,11,11,85,0,10,11.045710587880903,8.829600003082305,55.045099994458724,5004.0
1782448300,5,GET,/product/[id] [checkout abuse],1.100000,0.000000,6,7,7,7,7,8,8,8,8,8,8,85,0,6,6.50524705869269,4.448100000445265,14.263899996876717,5865.0
1782448300,5,,Aggregated,4.400000,0.000000,6,7,9,10,10,11,11,11,11,11,11,345,0,6,37.1735043476582,3.4622999955900013,2081.7525000020396,6441.666666666667
1782448301,5,GET,/ [checkout abuse session],0.000000,0.000000,0,0,0,0,0,0,0,0,0,0,0,5,0,2081.7525000020396,2059.6317800009274,2044.5219000030193,2081.7525000020396,10499.0
1782448301,5,POST,/cart [add item abuse],1.300000,0.000000,4,4,4,5,5,5,5,5,5,5,5,88,0,4,5.994105681565998,3.4622999955900013,47.4915000013425,0.0
1782448301,5,GET,/cart [view abuse],1.300000,0.000000,6,6,6,7,7,7,7,7,7,7,7,88,0,6,6.103422727226809,5.092399995191954,12.140499995439313,14659.0
1782448301,5,POST,/cart/checkout [abuse],1.300000,0.000000,10,10,11,11,11,11,11,11,11,11,11,88,0,10,10.998481817792213,8.829600003082305,55.045099994458724,5004.0
1782448301,5,GET,/product/[id] [checkout abuse],1.300000,0.000000,6,7,7,7,7,8,8,8,8,8,8,88,0,6,6.499334090883415,4.448100000445265,14.263899996876717,5865.0
1782448301,5,,Aggregated,5.200000,0.000000,6,7,9,9,10,11,11,11,11,11,11,357,0,6,36.14159439759624,3.4622999955900013,2081.7525000020396,6439.661064425771
1782448302,5,GET,/ [checkout abuse session],0.000000,0.000000,0,0,0,0,0,0,0,0,0,0,0,5,0,2081.7525000020396,2059.6317800009274,2044.5219000030193,2081.7525000020396,10499.0
1782448302,5,POST,/cart [add item abuse],1.300000,0.000000,4,4,4,5,5,5,5,5,5,5,5,88,0,4,5.994105681565998,3.4622999955900013,47.4915000013425,0.0
1782448302,5,GET,/cart [view abuse],1.300000,0.000000,6,6,6,7,7,7,7,7,7,7,7,88,0,6,6.103422727226809,5.092399995191954,12.140499995439313,14659.0
1782448302,5,POST,/cart/checkout [abuse],1.300000,0.000000,10,10,11,11,11,11,11,11,11,11,11,88,0,10,10.998481817792213,8.829600003082305,55.045099994458724,5004.0
1782448302,5,GET,/product/[id] [checkout abuse],1.300000,0.000000,6,7,7,7,7,8,8,8,8,8,8,88,0,6,6.499334090883415,4.448100000445265,14.263899996876717,5865.0
1782448302,5,,Aggregated,5.200000,0.000000,6,7,9,9,10,11,11,11,11,11,11,357,0,6,36.14159439759624,3.4622999955900013,2081.7525000020396,6439.661064425771
1782448303,5,GET,/ [checkout abuse session],0.000000,0.000000,0,0,0,0,0,0,0,0,0,0,0,5,0,2081.7525000020396,2059.6317800009274,2044.5219000030193,2081.7525000020396,10499.0
1782448303,5,POST,/cart [add item abuse],1.300000,0.000000,4,4,4,4,5,5,5,5,5,5,5,90,0,4,5.950857777497731,3.4622999955900013,47.4915000013425,0.0
1782448303,5,GET,/cart [view abuse],1.300000,0.000000,6,6,6,6,7,7,7,7,7,7,7,90,0,6,6.106153333287996,5.092399995191954,12.140499995439313,14659.0
1782448303,5,POST,/cart/checkout [abuse],1.300000,0.000000,10,10,10,10,11,11,11,11,11,11,11,90,0,10,10.96536999959628,8.829600003082305,55.045099994458724,5004.0
1782448303,5,GET,/product/[id] [checkout abuse],1.300000,0.000000,7,7,7,7,7,8,8,8,8,8,8,90,0,6,6.509626666714515,4.448100000445265,14.263899996876717,5865.0
1782448303,5,,Aggregated,5.200000,0.000000,6,7,9,10,10,10,11,11,11,11,11,365,0,6,35.49599890395431,3.4622999955900013,2081.7525000020396,6438.397260273972
1782448304,5,GET,/ [checkout abuse session],0.000000,0.000000,0,0,0,0,0,0,0,0,0,0,0,5,0,2081.7525000020396,2059.6317800009274,2044.5219000030193,2081.7525000020396,10499.0
1782448304,5,POST,/cart [add item abuse],1.300000,0.000000,4,4,4,4,5,5,5,5,5,5,5,90,0,4,5.950857777497731,3.4622999955900013,47.4915000013425,0.0
1782448304,5,GET,/cart [view abuse],1.300000,0.000000,6,6,6,6,7,7,7,7,7,7,7,90,0,6,6.106153333287996,5.092399995191954,12.140499995439313,14659.0
1782448304,5,POST,/cart/checkout [abuse],1.300000,0.000000,10,10,10,10,11,11,11,11,11,11,11,90,0,10,10.96536999959628,8.829600003082305,55.045099994458724,5004.0
1782448304,5,GET,/product/[id] [checkout abuse],1.300000,0.000000,7,7,7,7,7,8,8,8,8,8,8,90,0,6,6.509626666714515,4.448100000445265,14.263899996876717,5865.0
1782448304,5,,Aggregated,5.200000,0.000000,6,7,9,10,10,10,11,11,11,11,11,365,0,6,35.49599890395431,3.4622999955900013,2081.7525000020396,6438.397260273972
1782448305,5,GET,/ [checkout abuse session],0.000000,0.000000,0,0,0,0,0,0,0,0,0,0,0,5,0,2081.7525000020396,2059.6317800009274,2044.5219000030193,2081.7525000020396,10499.0
1782448305,5,POST,/cart [add item abuse],1.300000,0.000000,4,4,4,4,5,5,5,5,5,5,5,90,0,4,5.950857777497731,3.4622999955900013,47.4915000013425,0.0
1782448305,5,GET,/cart [view abuse],1.300000,0.000000,6,6,6,6,7,7,7,7,7,7,7,90,0,6,6.106153333287996,5.092399995191954,12.140499995439313,14659.0
1782448305,5,POST,/cart/checkout [abuse],1.300000,0.000000,10,10,10,11,11,11,11,11,11,11,11,90,0,10,10.96536999959628,8.829600003082305,55.045099994458724,5004.0
1782448305,5,GET,/product/[id] [checkout abuse],1.300000,0.000000,7,7,7,7,7,7,7,7,7,7,7,90,0,6,6.509626666714515,4.448100000445265,14.263899996876717,5865.0
1782448305,5,,Aggregated,5.200000,0.000000,6,7,9,10,10,11,11,11,11,11,11,365,0,6,35.49599890395431,3.4622999955900013,2081.7525000020396,6438.397260273972
1782448306,5,GET,/ [checkout abuse session],0.000000,0.000000,0,0,0,0,0,0,0,0,0,0,0,5,0,2081.7525000020396,2059.6317800009274,2044.5219000030193,2081.7525000020396,10499.0
1782448306,5,POST,/cart [add item abuse],1.500000,0.000000,4,4,4,4,4,5,5,5,5,5,5,93,0,4,5.881324730893617,3.4622999955900013,47.4915000013425,0.0
1782448306,5,GET,/cart [view abuse],1.500000,0.000000,6,6,7,7,7,7,7,7,7,7,7,93,0,6,6.123713978365319,5.092399995191954,12.140499995439313,14659.0
1782448306,5,POST,/cart/checkout [abuse],1.500000,0.000000,10,10,10,10,10,11,11,11,11,11,11,93,0,10,10.927431182422605,8.829600003082305,55.045099994458724,5004.0
1782448306,5,GET,/product/[id] [checkout abuse],1.500000,0.000000,6,7,7,7,7,7,7,7,7,7,7,93,0,6,6.495346236577813,4.448100000445265,14.263899996876717,5865.0
1782448306,5,,Aggregated,6.000000,0.000000,6,7,9,10,10,10,11,11,11,11,11,377,0,6,34.575453050219515,3.4622999955900013,2081.7525000020396,6436.6021220159155
1782448307,5,GET,/ [checkout abuse session],0.000000,0.000000,0,0,0,0,0,0,0,0,0,0,0,5,0,2081.7525000020396,2059.6317800009274,2044.5219000030193,2081.7525000020396,10499.0
1782448307,5,POST,/cart [add item abuse],1.200000,0.000000,4,4,4,4,4,5,5,5,5,5,5,95,0,4,5.842190525972431,3.4622999955900013,47.4915000013425,0.0
1782448307,5,GET,/cart [view abuse],1.200000,0.000000,6,6,7,7,7,7,7,7,7,7,7,95,0,6,6.117833684057635,5.092399995191954,12.140499995439313,14659.0
1782448307,5,POST,/cart/checkout [abuse],1.200000,0.000000,10,10,10,10,10,11,11,11,11,11,11,95,0,10,10.900028420636724,8.829600003082305,55.045099994458724,5004.0
1782448307,5,GET,/product/[id] [checkout abuse],1.200000,0.000000,6,6,7,7,7,7,7,7,7,7,7,95,0,6,6.483689473718282,4.448100000445265,14.263899996876717,5865.0
1782448307,5,,Aggregated,4.800000,0.000000,6,7,9,9,10,10,11,11,11,11,11,385,0,6,33.98912831148368,3.4622999955900013,2081.7525000020396,6435.467532467533
1782448308,5,GET,/ [checkout abuse session],0.000000,0.000000,0,0,0,0,0,0,0,0,0,0,0,5,0,2081.7525000020396,2059.6317800009274,2044.5219000030193,2081.7525000020396,10499.0
1782448308,5,POST,/cart [add item abuse],1.200000,0.000000,4,4,4,4,4,5,5,5,5,5,5,95,0,4,5.842190525972431,3.4622999955900013,47.4915000013425,0.0
1782448308,5,GET,/cart [view abuse],1.200000,0.000000,6,6,7,7,7,7,7,7,7,7,7,95,0,6,6.117833684057635,5.092399995191954,12.140499995439313,14659.0
1782448308,5,POST,/cart/checkout [abuse],1.200000,0.000000,10,10,10,10,10,11,11,11,11,11,11,95,0,10,10.900028420636724,8.829600003082305,55.045099994458724,5004.0
1782448308,5,GET,/product/[id] [checkout abuse],1.200000,0.000000,6,7,7,7,7,7,7,7,7,7,7,95,0,6,6.483689473718282,4.448100000445265,14.263899996876717,5865.0
1782448308,5,,Aggregated,4.800000,0.000000,6,7,9,10,10,10,11,11,11,11,11,385,0,6,33.98912831148368,3.4622999955900013,2081.7525000020396,6435.467532467533
1782448309,5,GET,/ [checkout abuse session],0.000000,0.000000,0,0,0,0,0,0,0,0,0,0,0,5,0,2081.7525000020396,2059.6317800009274,2044.5219000030193,2081.7525000020396,10499.0
1782448309,5,POST,/cart [add item abuse],1.400000,0.000000,4,4,4,4,4,5,5,5,5,5,5,96,0,4,5.829939583009036,3.4622999955900013,47.4915000013425,0.0
1782448309,5,GET,/cart [view abuse],1.400000,0.000000,6,6,7,7,7,7,7,7,7,7,7,96,0,6,6.1270583332013,5.092399995191954,12.140499995439313,14659.0
1782448309,5,POST,/cart/checkout [abuse],1.400000,0.000000,10,10,10,10,10,11,11,11,11,11,11,96,0,10,10.897447916249803,8.829600003082305,55.045099994458724,5004.0
1782448309,5,GET,/product/[id] [checkout abuse],1.400000,0.000000,6,7,7,7,7,7,7,7,7,7,7,96,0,6,6.489562500064494,4.448100000445265,14.263899996876717,5865.0
1782448309,5,,Aggregated,5.600000,0.000000,6,7,9,10,10,10,11,11,11,11,11,389,0,6,33.7151251926144,3.4622999955900013,2081.7525000020396,6434.917737789203
1782448310,5,GET,/ [checkout abuse session],0.000000,0.000000,0,0,0,0,0,0,0,0,0,0,0,5,0,2081.7525000020396,2059.6317800009274,2044.5219000030193,2081.7525000020396,10499.0
1782448310,5,POST,/cart [add item abuse],1.200000,0.000000,4,4,4,4,5,5,5,5,5,5,5,99,0,4,5.776424242114187,3.4622999955900013,47.4915000013425,0.0
1782448310,5,GET,/cart [view abuse],1.200000,0.000000,6,6,6,7,7,7,7,7,7,7,7,99,0,6,6.124805050374084,5.092399995191954,12.140499995439313,14659.0
1782448310,5,POST,/cart/checkout [abuse],1.200000,0.000000,10,10,10,10,11,11,11,11,11,11,11,99,0,10,10.871867676303166,8.829600003082305,55.045099994458724,5004.0
1782448310,5,GET,/product/[id] [checkout abuse],1.200000,0.000000,6,7,7,7,7,7,7,7,7,7,7,99,0,6,6.481850505150935,4.448100000445265,14.263899996876717,5865.0
1782448310,5,,Aggregated,4.800000,0.000000,6,7,9,10,10,10,11,11,11,11,11,401,0,6,32.903737406296585,3.4622999955900013,2081.7525000020396,6433.334164588528
1782448311,5,GET,/ [checkout abuse session],0.000000,0.000000,0,0,0,0,0,0,0,0,0,0,0,5,0,2081.7525000020396,2059.6317800009274,2044.5219000030193,2081.7525000020396,10499.0
1782448311,5,POST,/cart [add item abuse],1.200000,0.000000,4,4,4,4,5,5,5,5,5,5,5,99,0,4,5.776424242114187,3.4622999955900013,47.4915000013425,0.0
1782448311,5,GET,/cart [view abuse],1.200000,0.000000,6,6,7,7,7,7,7,7,7,7,7,99,0,6,6.124805050374084,5.092399995191954,12.140499995439313,14659.0
1782448311,5,POST,/cart/checkout [abuse],1.200000,0.000000,10,10,10,10,11,11,11,11,11,11,11,99,0,10,10.871867676303166,8.829600003082305,55.045099994458724,5004.0
1782448311,5,GET,/product/[id] [checkout abuse],1.200000,0.000000,6,7,7,7,7,7,7,7,7,7,7,99,0,6,6.481850505150935,4.448100000445265,14.263899996876717,5865.0
1782448311,5,,Aggregated,4.800000,0.000000,6,7,9,10,10,10,11,11,11,11,11,401,0,6,32.903737406296585,3.4622999955900013,2081.7525000020396,6433.334164588528
1782448312,5,GET,/ [checkout abuse session],0.000000,0.000000,0,0,0,0,0,0,0,0,0,0,0,5,0,2081.7525000020396,2059.6317800009274,2044.5219000030193,2081.7525000020396,10499.0
1782448312,5,POST,/cart [add item abuse],1.100000,0.000000,4,4,4,4,5,5,5,5,5,5,5,100,0,4,5.760396999685327,3.4622999955900013,47.4915000013425,0.0
1782448312,5,GET,/cart [view abuse],1.100000,0.000000,6,6,7,7,7,7,7,7,7,7,7,100,0,6,6.128252999842516,5.092399995191954,12.140499995439313,14659.0
1782448312,5,POST,/cart/checkout [abuse],1.100000,0.000000,10,10,11,11,11,11,11,11,11,11,11,100,0,10,10.868827999511268,8.829600003082305,55.045099994458724,5004.0
1782448312,5,GET,/product/[id] [checkout abuse],1.100000,0.000000,6,6,7,7,7,7,7,7,7,7,7,100,0,6,6.475130000108038,4.448100000445265,14.263899996876717,5865.0
1782448312,5,,Aggregated,4.400000,0.000000,6,7,9,10,10,11,11,11,11,11,11,405,0,6,32.64548074054161,3.4622999955900013,2081.7525000020396,6432.827160493827
1782448313,5,GET,/ [checkout abuse session],0.000000,0.000000,0,0,0,0,0,0,0,0,0,0,0,5,0,2081.7525000020396,2059.6317800009274,2044.5219000030193,2081.7525000020396,10499.0
1782448313,5,POST,/cart [add item abuse],1.300000,0.000000,4,4,4,4,5,5,5,5,5,5,5,102,0,4,5.731538235005584,3.4622999955900013,47.4915000013425,0.0
1782448313,5,GET,/cart [view abuse],1.300000,0.000000,6,6,7,7,7,7,7,7,7,7,7,102,0,6,6.13158725472578,5.092399995191954,12.140499995439313,14659.0
1782448313,5,POST,/cart/checkout [abuse],1.300000,0.000000,10,10,11,11,11,11,11,11,11,11,11,101,0,10,10.85315742527047,8.829600003082305,55.045099994458724,5004.0
1782448313,5,GET,/product/[id] [checkout abuse],1.300000,0.000000,6,6,6,6,7,7,7,7,7,7,7,102,0,6,6.470809803930951,4.448100000445265,14.263899996876717,5865.0
1782448313,5,,Aggregated,5.200000,0.000000,6,7,7,9,10,11,11,11,11,11,11,412,0,6,32.195119417258525,3.4622999955900013,2081.7525000020396,6435.308252427184
1782448314,5,GET,/ [checkout abuse session],0.000000,0.000000,0,0,0,0,0,0,0,0,0,0,0,5,0,2081.7525000020396,2059.6317800009274,2044.5219000030193,2081.7525000020396,10499.0
1782448314,5,POST,/cart [add item abuse],1.200000,0.000000,4,4,4,4,5,5,5,5,5,5,5,104,0,4,5.693811538199393,3.4622999955900013,47.4915000013425,0.0
1782448314,5,GET,/cart [view abuse],1.200000,0.000000,6,6,7,7,7,7,7,7,7,7,7,104,0,6,6.133371153667283,5.092399995191954,12.140499995439313,14659.0
1782448314,5,POST,/cart/checkout [abuse],1.200000,0.000000,10,10,11,11,11,11,11,11,11,11,11,104,0,10,10.831578845682088,8.829600003082305,55.045099994458724,5004.0
1782448314,5,GET,/product/[id] [checkout abuse],1.200000,0.000000,6,6,6,6,7,7,7,7,7,7,7,104,0,6,6.455837500023056,4.448100000445265,14.263899996876717,5865.0
1782448314,5,,Aggregated,4.800000,0.000000,6,7,9,9,10,11,11,11,11,11,11,421,0,6,31.653390023544194,3.4622999955900013,2081.7525000020396,6430.895486935867
1782448315,5,GET,/ [checkout abuse session],0.000000,0.000000,0,0,0,0,0,0,0,0,0,0,0,5,0,2081.7525000020396,2059.6317800009274,2044.5219000030193,2081.7525000020396,10499.0
1782448315,5,POST,/cart [add item abuse],1.100000,0.000000,4,4,4,4,5,5,5,5,5,5,5,105,0,4,5.677027618817409,3.4622999955900013,47.4915000013425,0.0
1782448315,5,GET,/cart [view abuse],1.100000,0.000000,6,6,7,7,7,7,7,7,7,7,7,105,0,6,6.137171428417787,5.092399995191954,12.140499995439313,14659.0
1782448315,5,POST,/cart/checkout [abuse],1.100000,0.000000,10,11,11,11,11,11,11,11,11,11,11,105,0,10,10.829503809024269,8.829600003082305,55.045099994458724,5004.0
1782448315,5,GET,/product/[id] [checkout abuse],1.100000,0.000000,6,6,6,6,7,7,7,7,7,7,7,105,0,6,6.4475647619387715,4.448100000445265,14.263899996876717,5865.0
1782448315,5,,Aggregated,4.400000,0.000000,6,7,9,9,11,11,11,11,11,11,11,425,0,6,31.418216470389297,3.4622999955900013,2081.7525000020396,6430.435294117647
1782448316,5,GET,/ [checkout abuse session],0.000000,0.000000,0,0,0,0,0,0,0,0,0,0,0,5,0,2081.7525000020396,2059.6317800009274,2044.5219000030193,2081.7525000020396,10499.0
1782448316,5,POST,/cart [add item abuse],1.100000,0.000000,4,4,4,4,5,5,5,5,5,5,5,105,0,4,5.677027618817409,3.4622999955900013,47.4915000013425,0.0
1782448316,5,GET,/cart [view abuse],1.100000,0.000000,6,6,7,7,7,7,7,7,7,7,7,105,0,6,6.137171428417787,5.092399995191954,12.140499995439313,14659.0
1782448316,5,POST,/cart/checkout [abuse],1.100000,0.000000,10,11,11,11,11,11,11,11,11,11,11,105,0,10,10.829503809024269,8.829600003082305,55.045099994458724,5004.0
1782448316,5,GET,/product/[id] [checkout abuse],1.100000,0.000000,6,6,6,6,7,7,7,7,7,7,7,105,0,6,6.4475647619387715,4.448100000445265,14.263899996876717,5865.0
1782448316,5,,Aggregated,4.400000,0.000000,6,7,9,9,11,11,11,11,11,11,11,425,0,6,31.418216470389297,3.4622999955900013,2081.7525000020396,6430.435294117647
1782448317,5,GET,/ [checkout abuse session],0.000000,0.000000,0,0,0,0,0,0,0,0,0,0,0,5,0,2081.7525000020396,2059.6317800009274,2044.5219000030193,2081.7525000020396,10499.0
1782448317,5,POST,/cart [add item abuse],1.400000,0.000000,4,4,4,4,5,5,5,5,5,5,5,106,0,4,5.661532075189928,3.4622999955900013,47.4915000013425,0.0
1782448317,5,GET,/cart [view abuse],1.400000,0.000000,6,6,7,7,7,7,7,7,7,7,7,106,0,6,6.135755660271004,5.092399995191954,12.140499995439313,14659.0
1782448317,5,POST,/cart/checkout [abuse],1.400000,0.000000,10,11,11,11,11,11,11,11,11,11,11,106,0,10,10.813889622164973,8.829600003082305,55.045099994458724,5004.0
1782448317,5,GET,/product/[id] [checkout abuse],1.400000,0.000000,6,6,7,7,7,7,7,7,7,7,7,106,0,6,6.453072641581354,4.448100000445265,14.263899996876717,5865.0
1782448317,5,,Aggregated,5.600000,0.000000,6,7,9,9,11,11,11,11,11,11,11,429,0,6,31.186408857623793,3.4622999955900013,2081.7525000020396,6429.983682983683
1782448318,5,GET,/ [checkout abuse session],0.000000,0.000000,0,0,0,0,0,0,0,0,0,0,0,5,0,2081.7525000020396,2059.6317800009274,2044.5219000030193,2081.7525000020396,10499.0
1782448318,5,POST,/cart [add item abuse],1.200000,0.000000,4,4,4,4,5,5,5,5,5,5,5,109,0,4,5.6122009171287255,3.4622999955900013,47.4915000013425,0.0
1782448318,5,GET,/cart [view abuse],1.200000,0.000000,6,6,6,7,7,7,7,7,7,7,7,109,0,6,6.122325688019531,5.092399995191954,12.140499995439313,14659.0
1782448318,5,POST,/cart/checkout [abuse],1.200000,0.000000,10,11,11,11,11,11,11,11,11,11,11,109,0,10,10.772689907820126,8.829600003082305,55.045099994458724,5004.0
1782448318,5,GET,/product/[id] [checkout abuse],1.200000,0.000000,6,6,6,7,7,7,7,7,7,7,7,109,0,6,6.427092660579471,4.448100000445265,14.263899996876717,5865.0
1782448318,5,,Aggregated,4.800000,0.000000,6,7,9,9,10,11,11,11,11,11,11,441,0,6,30.503398185762705,3.4622999955900013,2081.7525000020396,6428.678004535147
1782448319,5,GET,/ [checkout abuse session],0.000000,0.000000,0,0,0,0,0,0,0,0,0,0,0,5,0,2081.7525000020396,2059.6317800009274,2044.5219000030193,2081.7525000020396,10499.0
1782448319,5,POST,/cart [add item abuse],1.200000,0.000000,4,4,4,4,4,5,5,5,5,5,5,110,0,4,5.600769999728072,3.4622999955900013,47.4915000013425,0.0
1782448319,5,GET,/cart [view abuse],1.200000,0.000000,6,6,6,7,7,7,7,7,7,7,7,110,0,6,6.126444545423675,5.092399995191954,12.140499995439313,14659.0
1782448319,5,POST,/cart/checkout [abuse],1.200000,0.000000,10,10,11,11,11,11,11,11,11,11,11,110,0,10,10.767639090508139,8.829600003082305,55.045099994458724,5004.0
1782448319,5,GET,/product/[id] [checkout abuse],1.200000,0.000000,6,6,6,7,7,7,7,7,7,7,7,110,0,6,6.428094545514217,4.448100000445265,14.263899996876717,5865.0
1782448319,5,,Aggregated,4.800000,0.000000,6,7,9,9,10,11,11,11,11,11,11,445,0,6,30.291422921199523,3.4622999955900013,2081.7525000020396,6428.258426966292
1782448320,5,GET,/ [checkout abuse session],0.000000,0.000000,0,0,0,0,0,0,0,0,0,0,0,5,0,2081.7525000020396,2059.6317800009274,2044.5219000030193,2081.7525000020396,10499.0
1782448320,5,POST,/cart [add item abuse],1.200000,0.000000,4,4,4,4,4,4,4,4,4,4,4,110,0,4,5.600769999728072,3.4622999955900013,47.4915000013425,0.0
1782448320,5,GET,/cart [view abuse],1.200000,0.000000,6,6,7,7,7,7,7,7,7,7,7,110,0,6,6.126444545423675,5.092399995191954,12.140499995439313,14659.0
1782448320,5,POST,/cart/checkout [abuse],1.200000,0.000000,10,10,11,11,11,11,11,11,11,11,11,110,0,10,10.767639090508139,8.829600003082305,55.045099994458724,5004.0
1782448320,5,GET,/product/[id] [checkout abuse],1.200000,0.000000,6,6,6,6,7,7,7,7,7,7,7,110,0,6,6.428094545514217,4.448100000445265,14.263899996876717,5865.0
1782448320,5,,Aggregated,4.800000,0.000000,6,7,9,9,10,11,11,11,11,11,11,445,0,6,30.291422921199523,3.4622999955900013,2081.7525000020396,6428.258426966292
1782448321,5,GET,/ [checkout abuse session],0.000000,0.000000,0,0,0,0,0,0,0,0,0,0,0,5,0,2081.7525000020396,2059.6317800009274,2044.5219000030193,2081.7525000020396,10499.0
1782448321,5,POST,/cart [add item abuse],1.500000,0.000000,4,4,4,4,4,4,4,4,4,4,4,112,0,4,5.5706812496672296,3.4622999955900013,47.4915000013425,0.0
1782448321,5,GET,/cart [view abuse],1.500000,0.000000,6,6,7,7,7,7,7,7,7,7,7,112,0,6,6.116420535688251,5.092399995191954,12.140499995439313,14659.0
1782448321,5,POST,/cart/checkout [abuse],1.500000,0.000000,10,10,10,10,11,11,11,11,11,11,11,112,0,10,10.743659821011013,8.829600003082305,55.045099994458724,5004.0
1782448321,5,GET,/product/[id] [checkout abuse],1.500000,0.000000,6,6,7,7,7,7,7,7,7,7,7,112,0,6,6.432516964391003,4.448100000445265,14.263899996876717,5865.0
1782448321,5,,Aggregated,6.000000,0.000000,6,7,9,9,10,10,11,11,11,11,11,453,0,6,29.86941743913792,3.4622999955900013,2081.7525000020396,6427.441501103753
1782448322,5,GET,/ [checkout abuse session],0.000000,0.000000,0,0,0,0,0,0,0,0,0,0,0,5,0,2081.7525000020396,2059.6317800009274,2044.5219000030193,2081.7525000020396,10499.0
1782448322,5,POST,/cart [add item abuse],1.500000,0.000000,4,4,4,4,4,4,4,4,4,4,4,114,0,4,5.540066666358861,3.4622999955900013,47.4915000013425,0.0
1782448322,5,GET,/cart [view abuse],1.500000,0.000000,6,6,7,7,7,7,7,7,7,7,7,114,0,6,6.114601754297997,5.092399995191954,12.140499995439313,14659.0
1782448322,5,POST,/cart/checkout [abuse],1.500000,0.000000,10,10,10,10,11,11,11,11,11,11,11,114,0,10,10.722606139895282,8.829600003082305,55.045099994458724,5004.0
1782448322,5,GET,/product/[id] [checkout abuse],1.500000,0.000000,6,7,7,7,7,7,7,7,7,7,7,114,0,6,6.434010526406877,4.448100000445265,14.263899996876717,5865.0
1782448322,5,,Aggregated,6.000000,0.000000,6,7,9,9,10,10,11,11,11,11,11,461,0,6,29.463439045375196,3.4622999955900013,2081.7525000020396,6426.652928416486
1782448323,5,GET,/ [checkout abuse session],0.000000,0.000000,0,0,0,0,0,0,0,0,0,0,0,5,0,2081.7525000020396,2059.6317800009274,2044.5219000030193,2081.7525000020396,10499.0
1782448323,5,POST,/cart [add item abuse],1.200000,0.000000,4,4,4,4,4,47,47,47,47,47,47,115,0,4,5.9030356518316855,3.4622999955900013,47.4915000013425,0.0
1782448323,5,GET,/cart [view abuse],1.200000,0.000000,6,6,7,7,7,7,7,7,7,7,7,115,0,6,6.114257391195481,5.092399995191954,12.140499995439313,14659.0
1782448323,5,POST,/cart/checkout [abuse],1.200000,0.000000,9,10,10,10,10,11,11,11,11,11,11,115,0,10,10.711327825645085,8.829600003082305,55.045099994458724,5004.0
1782448323,5,GET,/product/[id] [checkout abuse],1.200000,0.000000,6,7,7,7,7,7,7,7,7,7,7,115,0,6,6.434114782693897,4.448100000445265,14.263899996876717,5865.0
1782448323,5,,Aggregated,4.800000,0.000000,6,7,9,9,10,10,47,47,47,47,47,465,0,6,29.358867741745687,3.4622999955900013,2081.7525000020396,6426.268817204301
1782448324,5,GET,/ [checkout abuse session],0.000000,0.000000,0,0,0,0,0,0,0,0,0,0,0,5,0,2081.7525000020396,2059.6317800009274,2044.5219000030193,2081.7525000020396,10499.0
1782448324,5,POST,/cart [add item abuse],1.400000,0.000000,4,4,4,4,4,47,47,47,47,47,47,116,0,4,5.884817241041737,3.4622999955900013,47.4915000013425,0.0
1782448324,5,GET,/cart [view abuse],1.400000,0.000000,6,6,7,7,7,7,7,7,7,7,7,116,0,6,6.111302586101249,5.092399995191954,12.140499995439313,14659.0
1782448324,5,POST,/cart/checkout [abuse],1.400000,0.000000,10,10,10,10,10,11,11,11,11,11,11,116,0,10,10.701362068520494,8.829600003082305,55.045099994458724,5004.0
1782448324,5,GET,/product/[id] [checkout abuse],1.400000,0.000000,6,7,7,7,7,7,7,7,7,7,7,116,0,6,6.425910344942481,4.448100000445265,14.263899996876717,5865.0
1782448324,5,,Aggregated,5.600000,0.000000,6,7,9,9,10,10,47,47,47,47,47,469,0,6,29.16092196143908,3.4622999955900013,2081.7525000020396,6425.891257995736
1782448325,5,GET,/ [checkout abuse session],0.000000,0.000000,0,0,0,0,0,0,0,0,0,0,0,5,0,2081.7525000020396,2059.6317800009274,2044.5219000030193,2081.7525000020396,10499.0
1782448325,5,POST,/cart [add item abuse],1.400000,0.000000,4,4,4,4,4,47,47,47,47,47,47,117,0,4,5.866370939835707,3.4622999955900013,47.4915000013425,0.0
1782448325,5,GET,/cart [view abuse],1.400000,0.000000,6,6,6,7,7,7,7,7,7,7,7,117,0,6,6.113905982827294,5.092399995191954,12.140499995439313,14659.0
1782448325,5,POST,/cart/checkout [abuse],1.400000,0.000000,9,10,10,10,10,11,11,11,11,11,11,117,0,10,10.688316238868453,8.829600003082305,55.045099994458724,5004.0
1782448325,5,GET,/product/[id] [checkout abuse],1.400000,0.000000,6,7,7,7,7,7,7,7,7,7,7,117,0,6,6.419477777908313,4.448100000445265,14.263899996876717,5865.0
1782448325,5,,Aggregated,5.600000,0.000000,6,7,9,9,10,10,11,47,47,47,47,473,0,6,28.967152642535073,3.4622999955900013,2081.7525000020396,6425.520084566596
1782448326,5,GET,/ [checkout abuse session],0.000000,0.000000,0,0,0,0,0,0,0,0,0,0,0,5,0,2081.7525000020396,2059.6317800009274,2044.5219000030193,2081.7525000020396,10499.0
1782448326,5,POST,/cart [add item abuse],1.200000,0.000000,4,4,4,5,5,47,47,47,47,47,47,119,0,4,5.848838655146508,3.4622999955900013,47.4915000013425,0.0
1782448326,5,GET,/cart [view abuse],1.200000,0.000000,6,6,7,7,7,7,7,7,7,7,7,119,0,6,6.131829411740818,5.092399995191954,12.140499995439313,14659.0
1782448326,5,POST,/cart/checkout [abuse],1.200000,0.000000,10,10,10,10,11,11,11,11,11,11,11,119,0,10,10.697865545807872,8.829600003082305,55.045099994458724,5004.0
1782448326,5,GET,/product/[id] [checkout abuse],1.200000,0.000000,6,7,7,7,7,7,7,7,7,7,7,119,0,6,6.419817647165932,4.448100000445265,14.263899996876717,5865.0
1782448326,5,,Aggregated,4.800000,0.000000,6,7,9,9,10,11,11,47,47,47,47,481,0,6,28.608862162012706,3.4622999955900013,2081.7525000020396,6424.796257796258
1782448327,5,GET,/ [checkout abuse session],0.000000,0.000000,0,0,0,0,0,0,0,0,0,0,0,5,0,2081.7525000020396,2059.6317800009274,2044.5219000030193,2081.7525000020396,10499.0
1782448327,5,POST,/cart [add item abuse],1.200000,0.000000,4,4,5,5,5,47,47,47,47,47,47,119,0,4,5.848838655146508,3.4622999955900013,47.4915000013425,0.0
1782448327,5,GET,/cart [view abuse],1.200000,0.000000,6,7,7,7,7,7,7,7,7,7,7,119,0,6,6.131829411740818,5.092399995191954,12.140499995439313,14659.0
1782448327,5,POST,/cart/checkout [abuse],1.200000,0.000000,10,10,10,10,11,11,11,11,11,11,11,119,0,10,10.697865545807872,8.829600003082305,55.045099994458724,5004.0
1782448327,5,GET,/product/[id] [checkout abuse],1.200000,0.000000,6,7,7,7,7,7,7,7,7,7,7,119,0,6,6.419817647165932,4.448100000445265,14.263899996876717,5865.0
1782448327,5,,Aggregated,4.800000,0.000000,6,7,9,9,10,11,47,47,47,47,47,481,0,6,28.608862162012706,3.4622999955900013,2081.7525000020396,6424.796257796258
1782448328,5,GET,/ [checkout abuse session],0.000000,0.000000,0,0,0,0,0,0,0,0,0,0,0,5,0,2081.7525000020396,2059.6317800009274,2044.5219000030193,2081.7525000020396,10499.0
1782448328,5,POST,/cart [add item abuse],1.300000,0.000000,4,4,5,5,5,47,47,47,47,47,47,120,0,4,5.829230832993441,3.4622999955900013,47.4915000013425,0.0
1782448328,5,GET,/cart [view abuse],1.300000,0.000000,6,6,7,7,7,7,7,7,7,7,7,120,0,6,6.1238924999997835,5.092399995191954,12.140499995439313,14659.0
1782448328,5,POST,/cart/checkout [abuse],1.300000,0.000000,10,10,10,10,11,11,11,11,11,11,11,120,0,10,10.692144999544931,8.829600003082305,55.045099994458724,5004.0
1782448328,5,GET,/product/[id] [checkout abuse],1.300000,0.000000,6,7,7,7,7,7,7,7,7,7,7,120,0,6,6.41832833346901,4.448100000445265,14.263899996876717,5865.0
1782448328,5,,Aggregated,5.200000,0.000000,6,7,9,9,10,11,47,47,47,47,47,485,0,6,28.424310309124735,3.4622999955900013,2081.7525000020396,6424.443298969072
1782448329,5,GET,/ [checkout abuse session],0.000000,0.000000,0,0,0,0,0,0,0,0,0,0,0,5,0,2081.7525000020396,2059.6317800009274,2044.5219000030193,2081.7525000020396,10499.0
1782448329,5,POST,/cart [add item abuse],1.300000,0.000000,4,5,5,5,6,47,47,47,47,47,47,122,0,4,5.818463114427105,3.4622999955900013,47.4915000013425,0.0
1782448329,5,GET,/cart [view abuse],1.300000,0.000000,6,6,7,7,7,9,9,9,9,9,9,122,0,6,6.147154918015404,5.092399995191954,12.140499995439313,14659.0
1782448329,5,POST,/cart/checkout [abuse],1.300000,0.000000,10,10,11,11,11,13,13,13,13,13,13,122,0,10,10.698445081497546,8.829600003082305,55.045099994458724,5004.0
1782448329,5,GET,/product/[id] [checkout abuse],1.300000,0.000000,6,7,7,7,7,9,9,9,9,9,9,122,0,6,6.4360688525904735,4.448100000445265,14.263899996876717,5865.0
1782448329,5,,Aggregated,5.200000,0.000000,6,7,9,9,10,11,47,47,47,47,47,493,0,6,28.09001014182832,3.4622999955900013,2081.7525000020396,6423.754563894523
1782448330,5,GET,/ [checkout abuse session],0.000000,0.000000,0,0,0,0,0,0,0,0,0,0,0,5,0,2081.7525000020396,2059.6317800009274,2044.5219000030193,2081.7525000020396,10499.0
1782448330,5,POST,/cart [add item abuse],1.400000,0.000000,5,5,6,6,6,47,47,47,47,47,47,123,0,4,5.822852032204212,3.4622999955900013,47.4915000013425,0.0
1782448330,5,GET,/cart [view abuse],1.400000,0.000000,6,7,7,7,9,9,9,9,9,9,9,123,0,6,6.167587804822421,5.092399995191954,12.140499995439313,14659.0
1782448330,5,POST,/cart/checkout [abuse],1.400000,0.000000,10,10,11,11,11,13,13,13,13,13,13,123,0,10,10.694924389779741,8.829600003082305,55.045099994458724,5004.0
1782448330,5,GET,/product/[id] [checkout abuse],1.400000,0.000000,6,7,7,7,7,9,9,9,9,9,9,123,0,6,6.438581300939611,4.448100000445265,14.263899996876717,5865.0
1782448330,5,,Aggregated,5.600000,0.000000,6,7,9,9,10,11,47,47,47,47,47,497,0,6,27.928378671865982,3.4622999955900013,2081.7525000020396,6423.418511066398
1782448331,5,GET,/ [checkout abuse session],0.000000,0.000000,0,0,0,0,0,0,0,0,0,0,0,5,0,2081.7525000020396,2059.6317800009274,2044.5219000030193,2081.7525000020396,10499.0
1782448331,5,POST,/cart [add item abuse],1.200000,0.000000,5,5,5,6,6,47,47,47,47,47,47,125,0,4,5.79783359967405,3.4622999955900013,47.4915000013425,0.0
1782448331,5,GET,/cart [view abuse],1.200000,0.000000,7,7,7,7,9,9,9,9,9,9,9,125,0,6,6.180023199936841,5.092399995191954,12.140499995439313,14659.0
1782448331,5,POST,/cart/checkout [abuse],1.200000,0.000000,10,10,10,11,11,13,13,13,13,13,13,125,0,10,10.6775639996049,8.829600003082305,55.045099994458724,5004.0
1782448331,5,GET,/product/[id] [checkout abuse],1.200000,0.000000,7,7,7,7,7,9,9,9,9,9,9,125,0,6,6.445631200098433,4.448100000445265,14.263899996876717,5865.0
1782448331,5,,Aggregated,4.800000,0.000000,7,7,9,9,10,11,13,47,47,47,47,505,0,6,27.59562455429488,3.4622999955900013,2081.7525000020396,6422.762376237623
1782448332,5,GET,/ [checkout abuse session],0.000000,0.000000,0,0,0,0,0,0,0,0,0,0,0,5,0,2081.7525000020396,2059.6317800009274,2044.5219000030193,2081.7525000020396,10499.0
1782448332,5,POST,/cart [add item abuse],1.200000,0.000000,5,5,6,6,6,47,47,47,47,47,47,125,0,4,5.79783359967405,3.4622999955900013,47.4915000013425,0.0
1782448332,5,GET,/cart [view abuse],1.200000,0.000000,7,7,7,7,9,9,9,9,9,9,9,125,0,6,6.180023199936841,5.092399995191954,12.140499995439313,14659.0
1782448332,5,POST,/cart/checkout [abuse],1.200000,0.000000,10,10,11,11,11,13,13,13,13,13,13,125,0,10,10.6775639996049,8.829600003082305,55.045099994458724,5004.0
1782448332,5,GET,/product/[id] [checkout abuse],1.200000,0.000000,6,7,7,7,7,9,9,9,9,9,9,125,0,6,6.445631200098433,4.448100000445265,14.263899996876717,5865.0
1782448332,5,,Aggregated,4.800000,0.000000,7,9,9,9,10,11,47,47,47,47,47,505,0,6,27.59562455429488,3.4622999955900013,2081.7525000020396,6422.762376237623
1782448333,5,GET,/ [checkout abuse session],0.000000,0.000000,0,0,0,0,0,0,0,0,0,0,0,5,0,2081.7525000020396,2059.6317800009274,2044.5219000030193,2081.7525000020396,10499.0
1782448333,5,POST,/cart [add item abuse],1.300000,0.000000,5,5,5,5,6,6,6,6,6,6,6,127,0,4,5.771056692609582,3.4622999955900013,47.4915000013425,0.0
1782448333,5,GET,/cart [view abuse],1.300000,0.000000,7,7,7,7,9,9,9,9,9,9,9,127,0,6,6.172466141654831,5.092399995191954,12.140499995439313,14659.0
1782448333,5,POST,/cart/checkout [abuse],1.300000,0.000000,10,10,11,11,11,13,13,13,13,13,13,127,0,10,10.658345668928195,8.829600003082305,55.045099994458724,5004.0
1782448333,5,GET,/product/[id] [checkout abuse],1.300000,0.000000,7,7,7,7,8,9,9,9,9,9,9,127,0,6,6.462292126107202,4.448100000445265,14.263899996876717,5865.0
1782448333,5,,Aggregated,5.200000,0.000000,7,7,9,9,10,11,13,13,13,13,13,513,0,6,27.26960487314954,3.4622999955900013,2081.7525000020396,6422.126705653021
1782448334,5,GET,/ [checkout abuse session],0.000000,0.000000,0,0,0,0,0,0,0,0,0,0,0,5,0,2081.7525000020396,2059.6317800009274,2044.5219000030193,2081.7525000020396,10499.0
1782448334,5,POST,/cart [add item abuse],1.100000,0.000000,5,5,5,5,6,6,6,6,6,6,6,128,0,4,5.75652578095287,3.4622999955900013,47.4915000013425,0.0
1782448334,5,GET,/cart [view abuse],1.100000,0.000000,7,7,7,7,9,9,9,9,9,9,9,128,0,6,6.177312499914933,5.092399995191954,12.140499995439313,14659.0
1782448334,5,POST,/cart/checkout [abuse],1.100000,0.000000,10,10,11,11,11,13,13,13,13,13,13,128,0,10,10.654945312182917,8.829600003082305,55.045099994458724,5004.0
1782448334,5,GET,/product/[id] [checkout abuse],1.100000,0.000000,7,7,7,7,8,9,9,9,9,9,9,128,0,6,6.457396875134691,4.448100000445265,14.263899996876717,5865.0
1782448334,5,,Aggregated,4.400000,0.000000,7,8,9,9,10,11,13,13,13,13,13,517,0,6,27.110386847064547,3.4622999955900013,2081.7525000020396,6421.816247582205
1782448335,5,GET,/ [checkout abuse session],0.000000,0.000000,0,0,0,0,0,0,0,0,0,0,0,5,0,2081.7525000020396,2059.6317800009274,2044.5219000030193,2081.7525000020396,10499.0
1782448335,5,POST,/cart [add item abuse],1.100000,0.000000,4,5,5,5,6,6,6,6,6,6,6,129,0,4,5.7394581392512105,3.4622999955900013,47.4915000013425,0.0
1782448335,5,GET,/cart [view abuse],1.100000,0.000000,7,7,7,7,9,9,9,9,9,9,9,129,0,6,6.1719162789982915,5.092399995191954,12.140499995439313,14659.0
1782448335,5,POST,/cart/checkout [abuse],1.100000,0.000000,10,10,10,10,11,13,13,13,13,13,13,129,0,10,10.649334108222334,8.829600003082305,55.045099994458724,5004.0
1782448335,5,GET,/product/[id] [checkout abuse],1.100000,0.000000,7,7,7,7,8,9,9,9,9,9,9,129,0,6,6.45411240320261,4.448100000445265,14.263899996876717,5865.0
1782448335,5,,Aggregated,4.400000,0.000000,7,8,9,9,10,10,13,13,13,13,13,521,0,6,26.950231861674933,3.4622999955900013,2081.7525000020396,6421.510556621881
1782448336,5,GET,/ [checkout abuse session],0.000000,0.000000,0,0,0,0,0,0,0,0,0,0,0,5,0,2081.7525000020396,2059.6317800009274,2044.5219000030193,2081.7525000020396,10499.0
1782448336,5,POST,/cart [add item abuse],1.200000,0.000000,4,5,5,5,6,6,6,6,6,6,6,130,0,4,5.729406153561565,3.4622999955900013,47.4915000013425,0.0
1782448336,5,GET,/cart [view abuse],1.200000,0.000000,6,7,7,7,9,9,9,9,9,9,9,130,0,6,6.174153846110969,5.092399995191954,12.140499995439313,14659.0
1782448336,5,POST,/cart/checkout [abuse],1.200000,0.000000,10,10,10,10,11,13,13,13,13,13,13,130,0,10,10.649639230485683,8.829600003082305,55.045099994458724,5004.0
1782448336,5,GET,/product/[id] [checkout abuse],1.200000,0.000000,7,7,7,7,8,9,9,9,9,9,9,130,0,6,6.455198461592842,4.448100000445265,14.263899996876717,5865.0
1782448336,5,,Aggregated,4.800000,0.000000,7,8,9,9,10,10,13,13,13,13,13,525,0,6,26.79857257129957,3.4622999955900013,2081.7525000020396,6421.2095238095235
1782448337,5,GET,/ [checkout abuse session],0.000000,0.000000,0,0,0,0,0,0,0,0,0,0,0,5,0,2081.7525000020396,2059.6317800009274,2044.5219000030193,2081.7525000020396,10499.0
1782448337,5,POST,/cart [add item abuse],1.200000,0.000000,4,5,5,5,6,6,6,6,6,6,6,131,0,4,5.713825953916828,3.4622999955900013,47.4915000013425,0.0
1782448337,5,GET,/cart [view abuse],1.200000,0.000000,6,7,7,7,9,9,9,9,9,9,9,131,0,6,6.171019847328394,5.092399995191954,12.140499995439313,14659.0
1782448337,5,POST,/cart/checkout [abuse],1.200000,0.000000,10,10,10,10,11,13,13,13,13,13,13,131,0,10,10.643009923399383,8.829600003082305,55.045099994458724,5004.0
1782448337,5,GET,/product/[id] [checkout abuse],1.200000,0.000000,7,7,7,7,8,9,9,9,9,9,9,131,0,6,6.454412977145416,4.448100000445265,14.263899996876717,5865.0
1782448337,5,,Aggregated,4.800000,0.000000,7,8,9,9,10,10,13,13,13,13,13,529,0,6,26.644302646387768,3.4622999955900013,2081.7525000020396,6420.913043478261
1782448338,5,GET,/ [checkout abuse session],0.000000,0.000000,0,0,0,0,0,0,0,0,0,0,0,5,0,2081.7525000020396,2059.6317800009274,2044.5219000030193,2081.7525000020396,10499.0
1782448338,5,POST,/cart [add item abuse],1.200000,0.000000,4,5,5,5,6,48,48,48,48,48,48,133,0,4,6.029276691473009,3.4622999955900013,48.29220000101486,0.0
1782448338,5,GET,/cart [view abuse],1.200000,0.000000,6,7,7,7,7,9,9,9,9,9,9,133,0,6,6.172048872154244,5.092399995191954,12.140499995439313,14659.0
1782448338,5,POST,/cart/checkout [abuse],1.200000,0.000000,10,10,10,10,10,11,11,11,11,11,11,133,0,10,10.628686465946187,8.829600003082305,55.045099994458724,5004.0
1782448338,5,GET,/product/[id] [checkout abuse],1.200000,0.000000,7,7,7,7,7,8,8,8,8,8,8,133,0,6,6.4476894737086505,4.448100000445265,14.263899996876717,5865.0
1782448338,5,,Aggregated,4.800000,0.000000,7,7,9,10,10,10,48,48,48,48,48,537,0,6,26.42847895705988,3.4622999955900013,2081.7525000020396,6420.333333333333
1782448339,5,GET,/ [checkout abuse session],0.000000,0.000000,0,0,0,0,0,0,0,0,0,0,0,5,0,2081.7525000020396,2059.6317800009274,2044.5219000030193,2081.7525000020396,10499.0
1782448339,5,POST,/cart [add item abuse],1.100000,0.000000,4,4,5,5,5,48,48,48,48,48,48,135,0,4,5.997159259007916,3.4622999955900013,48.29220000101486,0.0
1782448339,5,GET,/cart [view abuse],1.100000,0.000000,6,6,7,7,7,7,7,7,7,7,7,135,0,6,6.175080000011129,5.092399995191954,12.140499995439313,14659.0
1782448339,5,POST,/cart/checkout [abuse],1.100000,0.000000,10,10,10,10,10,11,11,11,11,11,11,135,0,10,10.611582962748663,8.829600003082305,55.045099994458724,5004.0
1782448339,5,GET,/product/[id] [checkout abuse],1.100000,0.000000,6,7,7,7,7,8,8,8,8,8,8,135,0,6,6.440247407428817,4.448100000445265,14.263899996876717,5865.0
1782448339,5,,Aggregated,4.400000,0.000000,6,7,9,9,10,10,48,48,48,48,48,545,0,6,26.134694128341593,3.4622999955900013,2081.7525000020396,6419.770642201835
1782448340,5,GET,/ [checkout abuse session],0.000000,0.000000,0,0,0,0,0,0,0,0,0,0,0,5,0,2081.7525000020396,2059.6317800009274,2044.5219000030193,2081.7525000020396,10499.0
1782448340,5,POST,/cart [add item abuse],1.100000,0.000000,4,4,5,5,5,48,48,48,48,48,48,135,0,4,5.997159259007916,3.4622999955900013,48.29220000101486,0.0
1782448340,5,GET,/cart [view abuse],1.100000,0.000000,6,6,7,7,7,7,7,7,7,7,7,135,0,6,6.175080000011129,5.092399995191954,12.140499995439313,14659.0
1782448340,5,POST,/cart/checkout [abuse],1.100000,0.000000,10,10,10,10,10,11,11,11,11,11,11,135,0,10,10.611582962748663,8.829600003082305,55.045099994458724,5004.0
1782448340,5,GET,/product/[id] [checkout abuse],1.100000,0.000000,6,7,7,7,7,8,8,8,8,8,8,135,0,6,6.440247407428817,4.448100000445265,14.263899996876717,5865.0
1782448340,5,,Aggregated,4.400000,0.000000,6,7,9,9,10,10,48,48,48,48,48,545,0,6,26.134694128341593,3.4622999955900013,2081.7525000020396,6419.770642201835
1782448341,5,GET,/ [checkout abuse session],0.000000,0.000000,0,0,0,0,0,0,0,0,0,0,0,5,0,2081.7525000020396,2059.6317800009274,2044.5219000030193,2081.7525000020396,10499.0
1782448341,5,POST,/cart [add item abuse],1.200000,0.000000,4,4,4,4,5,48,48,48,48,48,48,136,0,4,5.985533088010818,3.4622999955900013,48.29220000101486,0.0
1782448341,5,GET,/cart [view abuse],1.200000,0.000000,6,6,6,6,7,7,7,7,7,7,7,136,0,6,6.1770073529367115,5.092399995191954,12.140499995439313,14659.0
1782448341,5,POST,/cart/checkout [abuse],1.200000,0.000000,10,10,10,10,11,12,12,12,12,12,12,136,0,10,10.620381617413573,8.829600003082305,55.045099994458724,5004.0
1782448341,5,GET,/product/[id] [checkout abuse],1.200000,0.000000,6,7,7,7,7,8,8,8,8,8,8,136,0,6,6.445123529481541,4.448100000445265,14.263899996876717,5865.0
1782448341,5,,Aggregated,4.800000,0.000000,6,7,9,10,10,11,48,48,48,48,48,549,0,6,25.998493806832855,3.4622999955900013,2081.7525000020396,6419.495446265938
1782448342,5,GET,/ [checkout abuse session],0.000000,0.000000,0,0,0,0,0,0,0,0,0,0,0,5,0,2081.7525000020396,2059.6317800009274,2044.5219000030193,2081.7525000020396,10499.0
1782448342,5,POST,/cart [add item abuse],1.200000,0.000000,4,4,4,4,5,48,48,48,48,48,48,139,0,4,5.939564748044066,3.4622999955900013,48.29220000101486,0.0
1782448342,5,GET,/cart [view abuse],1.200000,0.000000,6,6,6,6,7,7,7,7,7,7,7,139,0,6,6.175114388477975,5.092399995191954,12.140499995439313,14659.0
1782448342,5,POST,/cart/checkout [abuse],1.200000,0.000000,10,10,11,11,11,12,12,12,12,12,12,139,0,10,10.621018704820907,8.829600003082305,55.045099994458724,5004.0
1782448342,5,GET,/product/[id] [checkout abuse],1.200000,0.000000,6,7,7,8,8,8,8,8,8,8,8,139,0,6,6.467443165472347,4.448100000445265,14.263899996876717,5865.0
1782448342,5,,Aggregated,4.800000,0.000000,6,7,9,10,10,11,12,48,48,48,48,561,0,6,25.592505347507956,3.4622999955900013,2081.7525000020396,6418.693404634581
1782448343,5,GET,/ [checkout abuse session],0.000000,0.000000,0,0,0,0,0,0,0,0,0,0,0,5,0,2081.7525000020396,2059.6317800009274,2044.5219000030193,2081.7525000020396,10499.0
1782448343,5,POST,/cart [add item abuse],1.100000,0.000000,4,4,4,5,5,48,48,48,48,48,48,140,0,4,5.932278571240853,3.4622999955900013,48.29220000101486,0.0
1782448343,5,GET,/cart [view abuse],1.100000,0.000000,6,6,6,6,7,7,7,7,7,7,7,139,0,6,6.175114388477975,5.092399995191954,12.140499995439313,14659.0
1782448343,5,POST,/cart/checkout [abuse],1.100000,0.000000,10,10,11,11,11,12,12,12,12,12,12,139,0,10,10.621018704820907,8.829600003082305,55.045099994458724,5004.0
1782448343,5,GET,/product/[id] [checkout abuse],1.100000,0.000000,6,7,7,7,8,8,8,8,8,8,8,140,0,6,6.46538785715945,4.448100000445265,14.263899996876717,5865.0
1782448343,5,,Aggregated,4.400000,0.000000,6,7,9,10,11,11,48,48,48,48,48,563,0,6,25.521304973266826,3.4622999955900013,2081.7525000020396,6406.3090586145645
1782448344,5,GET,/ [checkout abuse session],0.000000,0.000000,0,0,0,0,0,0,0,0,0,0,0,5,0,2081.7525000020396,2059.6317800009274,2044.5219000030193,2081.7525000020396,10499.0
1782448344,5,POST,/cart [add item abuse],1.100000,0.000000,4,4,5,5,5,48,48,48,48,48,48,140,0,4,5.932278571240853,3.4622999955900013,48.29220000101486,0.0
1782448344,5,GET,/cart [view abuse],1.100000,0.000000,6,6,6,6,6,7,7,7,7,7,7,140,0,6,6.176588571439164,5.092399995191954,12.140499995439313,14659.0
1782448344,5,POST,/cart/checkout [abuse],1.100000,0.000000,10,11,11,11,11,12,12,12,12,12,12,140,0,10,10.61341071404708,8.829600003082305,55.045099994458724,5004.0
1782448344,5,GET,/product/[id] [checkout abuse],1.100000,0.000000,6,7,7,7,8,8,8,8,8,8,8,140,0,6,6.46538785715945,4.448100000445265,14.263899996876717,5865.0
1782448344,5,,Aggregated,4.400000,0.000000,6,7,9,10,11,11,48,48,48,48,48,565,0,6,25.459171858316378,3.4622999955900013,2081.7525000020396,6418.433628318584
1782448345,5,GET,/ [checkout abuse session],0.000000,0.000000,0,0,0,0,0,0,0,0,0,0,0,5,0,2081.7525000020396,2059.6317800009274,2044.5219000030193,2081.7525000020396,10499.0
1782448345,5,POST,/cart [add item abuse],1.300000,0.000000,4,4,5,5,5,48,48,48,48,48,48,141,0,4,5.917821985633106,3.4622999955900013,48.29220000101486,0.0
1782448345,5,GET,/cart [view abuse],1.300000,0.000000,6,6,6,6,6,7,7,7,7,7,7,141,0,6,6.1743624113827895,5.092399995191954,12.140499995439313,14659.0
1782448345,5,POST,/cart/checkout [abuse],1.300000,0.000000,10,10,11,11,11,12,12,12,12,12,12,141,0,10,10.60525035437738,8.829600003082305,55.045099994458724,5004.0
1782448345,5,GET,/product/[id] [checkout abuse],1.300000,0.000000,6,7,7,7,8,8,8,8,8,8,8,141,0,6,6.460799290802733,4.448100000445265,14.263899996876717,5865.0
1782448345,5,,Aggregated,5.200000,0.000000,6,7,9,10,11,11,48,48,48,48,48,569,0,6,25.32420017566656,3.4622999955900013,2081.7525000020396,6418.177504393673
1782448346,5,GET,/ [checkout abuse session],0.000000,0.000000,0,0,0,0,0,0,0,0,0,0,0,5,0,2081.7525000020396,2059.6317800009274,2044.5219000030193,2081.7525000020396,10499.0
1782448346,5,POST,/cart [add item abuse],1.300000,0.000000,4,4,5,5,6,48,48,48,48,48,48,143,0,4,5.90642097879688,3.4622999955900013,48.29220000101486,0.0
1782448346,5,GET,/cart [view abuse],1.300000,0.000000,6,6,6,7,7,10,10,10,10,10,10,143,0,6,6.203484615395285,5.092399995191954,12.140499995439313,14659.0
1782448346,5,POST,/cart/checkout [abuse],1.300000,0.000000,10,10,11,11,11,12,12,12,12,12,12,143,0,10,10.59976223753635,8.829600003082305,55.045099994458724,5004.0
1782448346,5,GET,/product/[id] [checkout abuse],1.300000,0.000000,6,7,7,7,8,8,8,8,8,8,8,143,0,6,6.464073426585556,4.448100000445265,14.263899996876717,5865.0
1782448346,5,,Aggregated,5.200000,0.000000,6,7,9,10,10,11,12,48,48,48,48,577,0,6,25.077996360387434,3.4622999955900013,2081.7525000020396,6417.675909878682
1782448347,5,GET,/ [checkout abuse session],0.000000,0.000000,0,0,0,0,0,0,0,0,0,0,0,5,0,2081.7525000020396,2059.6317800009274,2044.5219000030193,2081.7525000020396,10499.0
1782448347,5,POST,/cart [add item abuse],1.100000,0.000000,4,4,5,5,6,48,48,48,48,48,48,145,0,4,5.87623862048876,3.4622999955900013,48.29220000101486,0.0
1782448347,5,GET,/cart [view abuse],1.100000,0.000000,6,6,6,7,7,10,10,10,10,10,10,145,0,6,6.1951186206866184,5.092399995191954,12.140499995439313,14659.0
1782448347,5,POST,/cart/checkout [abuse],1.100000,0.000000,10,11,11,11,12,53,53,53,53,53,53,145,0,10,10.882431034255644,8.829600003082305,55.045099994458724,5004.0
1782448347,5,GET,/product/[id] [checkout abuse],1.100000,0.000000,6,7,7,7,8,8,8,8,8,8,8,145,0,6,6.463177931035371,4.448100000445265,14.263899996876717,5865.0
1782448347,5,,Aggregated,4.400000,0.000000,6,7,9,9,11,12,48,53,53,53,53,585,0,6,24.89507521357652,3.4622999955900013,2081.7525000020396,6417.188034188034
1782448348,5,GET,/ [checkout abuse session],0.000000,0.000000,0,0,0,0,0,0,0,0,0,0,0,5,0,2081.7525000020396,2059.6317800009274,2044.5219000030193,2081.7525000020396,10499.0
1782448348,5,POST,/cart [add item abuse],1.100000,0.000000,4,4,4,4,5,6,6,6,6,6,6,145,0,4,5.87623862048876,3.4622999955900013,48.29220000101486,0.0
1782448348,5,GET,/cart [view abuse],1.100000,0.000000,6,6,7,7,7,10,10,10,10,10,10,145,0,6,6.1951186206866184,5.092399995191954,12.140499995439313,14659.0
1782448348,5,POST,/cart/checkout [abuse],1.100000,0.000000,10,11,11,11,12,53,53,53,53,53,53,145,0,10,10.882431034255644,8.829600003082305,55.045099994458724,5004.0
1782448348,5,GET,/product/[id] [checkout abuse],1.100000,0.000000,7,7,7,7,8,8,8,8,8,8,8,145,0,6,6.463177931035371,4.448100000445265,14.263899996876717,5865.0
1782448348,5,,Aggregated,4.400000,0.000000,6,7,9,10,11,11,53,53,53,53,53,585,0,6,24.89507521357652,3.4622999955900013,2081.7525000020396,6417.188034188034
1782448349,5,GET,/ [checkout abuse session],0.000000,0.000000,0,0,0,0,0,0,0,0,0,0,0,5,0,2081.7525000020396,2059.6317800009274,2044.5219000030193,2081.7525000020396,10499.0
1782448349,5,POST,/cart [add item abuse],1.300000,0.000000,4,4,4,4,5,6,6,6,6,6,6,147,0,4,5.851995237882417,3.4622999955900013,48.29220000101486,0.0
1782448349,5,GET,/cart [view abuse],1.300000,0.000000,6,6,7,7,7,10,10,10,10,10,10,147,0,6,6.194053741489128,5.092399995191954,12.140499995439313,14659.0
1782448349,5,POST,/cart/checkout [abuse],1.300000,0.000000,10,11,11,11,12,53,53,53,53,53,53,147,0,10,10.862847618815302,8.655600002384745,55.045099994458724,5004.0
1782448349,5,GET,/product/[id] [checkout abuse],1.300000,0.000000,7,7,7,8,8,9,9,9,9,9,9,147,0,6,6.484472789105937,4.448100000445265,14.263899996876717,5865.0
1782448349,5,,Aggregated,5.200000,0.000000,6,7,9,9,10,11,12,53,53,53,53,593,0,6,24.652587183704345,3.4622999955900013,2081.7525000020396,6416.713322091063
1782448350,5,GET,/ [checkout abuse session],0.000000,0.000000,0,0,0,0,0,0,0,0,0,0,0,5,0,2081.7525000020396,2059.6317800009274,2044.5219000030193,2081.7525000020396,10499.0
1782448350,5,POST,/cart [add item abuse],1.400000,0.000000,4,4,4,4,5,6,6,6,6,6,6,148,0,4,5.837156756545458,3.4622999955900013,48.29220000101486,0.0
1782448350,5,GET,/cart [view abuse],1.400000,0.000000,6,6,6,7,7,10,10,10,10,10,10,148,0,6,6.1925844594362704,5.092399995191954,12.140499995439313,14659.0
1782448350,5,POST,/cart/checkout [abuse],1.400000,0.000000,10,11,11,11,12,53,53,53,53,53,53,148,0,10,10.857487161932088,8.655600002384745,55.045099994458724,5004.0
1782448350,5,GET,/product/[id] [checkout abuse],1.400000,0.000000,7,7,7,8,8,9,9,9,9,9,9,148,0,6,6.4843912162335045,4.448100000445265,14.263899996876717,5865.0
1782448350,5,,Aggregated,5.600000,0.000000,6,7,9,9,10,11,12,53,53,53,53,597,0,6,24.531253936245292,3.4622999955900013,2081.7525000020396,6416.480737018425
1782448351,5,GET,/ [checkout abuse session],0.000000,0.000000,0,0,0,0,0,0,0,0,0,0,0,5,0,2081.7525000020396,2059.6317800009274,2044.5219000030193,2081.7525000020396,10499.0
1782448351,5,POST,/cart [add item abuse],1.200000,0.000000,4,4,4,5,6,46,46,46,46,46,46,150,0,4,6.093983999793029,3.4622999955900013,48.29220000101486,0.0
1782448351,5,GET,/cart [view abuse],1.200000,0.000000,6,6,6,7,7,10,10,10,10,10,10,150,0,6,6.186649999920822,5.092399995191954,12.140499995439313,14659.0
1782448351,5,POST,/cart/checkout [abuse],1.200000,0.000000,10,11,11,11,53,53,53,53,53,53,53,150,0,10,11.126398666431973,8.655600002384745,55.045099994458724,5004.0
1782448351,5,GET,/product/[id] [checkout abuse],1.200000,0.000000,7,7,7,8,8,9,9,9,9,9,9,150,0,6,6.48447200001101,4.448100000445265,14.263899996876717,5865.0
1782448351,5,,Aggregated,4.800000,0.000000,6,7,9,9,11,46,53,53,53,53,53,605,0,6,24.432867107319275,3.4622999955900013,2081.7525000020396,6416.024793388429
1782448352,5,GET,/ [checkout abuse session],0.000000,0.000000,0,0,0,0,0,0,0,0,0,0,0,5,0,2081.7525000020396,2059.6317800009274,2044.5219000030193,2081.7525000020396,10499.0
1782448352,5,POST,/cart [add item abuse],1.200000,0.000000,4,4,5,5,6,46,46,46,46,46,46,150,0,4,6.093983999793029,3.4622999955900013,48.29220000101486,0.0
1782448352,5,GET,/cart [view abuse],1.200000,0.000000,6,6,7,7,7,10,10,10,10,10,10,150,0,6,6.186649999920822,5.092399995191954,12.140499995439313,14659.0
1782448352,5,POST,/cart/checkout [abuse],1.200000,0.000000,10,10,11,11,53,53,53,53,53,53,53,150,0,10,11.126398666431973,8.655600002384745,55.045099994458724,5004.0
1782448352,5,GET,/product/[id] [checkout abuse],1.200000,0.000000,6,7,7,7,7,9,9,9,9,9,9,150,0,6,6.48447200001101,4.448100000445265,14.263899996876717,5865.0
1782448352,5,,Aggregated,4.800000,0.000000,6,7,9,9,10,46,53,53,53,53,53,605,0,6,24.432867107319275,3.4622999955900013,2081.7525000020396,6416.024793388429
1782448353,5,GET,/ [checkout abuse session],0.000000,0.000000,0,0,0,0,0,0,0,0,0,0,0,5,0,2081.7525000020396,2059.6317800009274,2044.5219000030193,2081.7525000020396,10499.0
1782448353,5,POST,/cart [add item abuse],1.400000,0.000000,4,4,5,5,6,46,46,46,46,46,46,151,0,4,6.079541059405179,3.4622999955900013,48.29220000101486,0.0
1782448353,5,GET,/cart [view abuse],1.400000,0.000000,6,6,7,7,7,10,10,10,10,10,10,151,0,6,6.186462251568947,5.092399995191954,12.140499995439313,14659.0
1782448353,5,POST,/cart/checkout [abuse],1.400000,0.000000,10,10,11,11,53,53,53,53,53,53,53,151,0,10,11.116552317653017,8.655600002384745,55.045099994458724,5004.0
1782448353,5,GET,/product/[id] [checkout abuse],1.400000,0.000000,6,7,7,7,7,9,9,9,9,9,9,151,0,6,6.483376158951837,4.448100000445265,14.263899996876717,5865.0
1782448353,5,,Aggregated,5.600000,0.000000,6,7,9,9,10,46,53,53,53,53,53,609,0,6,24.315130705959053,3.4622999955900013,2081.7525000020396,6415.8013136289
1782448354,5,GET,/ [checkout abuse session],0.000000,0.000000,0,0,0,0,0,0,0,0,0,0,0,5,0,2081.7525000020396,2059.6317800009274,2044.5219000030193,2081.7525000020396,10499.0
1782448354,5,POST,/cart [add item abuse],1.400000,0.000000,4,4,4,4,6,46,46,46,46,46,46,153,0,4,6.046854901773128,3.410099998291116,48.29220000101486,0.0
1782448354,5,GET,/cart [view abuse],1.400000,0.000000,6,6,6,7,7,10,10,10,10,10,10,153,0,6,6.1850392155891765,5.092399995191954,12.140499995439313,14659.0
1782448354,5,POST,/cart/checkout [abuse],1.400000,0.000000,10,10,10,11,53,53,53,53,53,53,53,153,0,10,11.101436601047027,8.655600002384745,55.045099994458724,5004.0
1782448354,5,GET,/product/[id] [checkout abuse],1.400000,0.000000,6,7,7,7,7,9,9,9,9,9,9,153,0,6,6.477517647070664,4.448100000445265,14.263899996876717,5865.0
1782448354,5,,Aggregated,5.600000,0.000000,6,7,9,9,10,46,53,53,53,53,53,617,0,6,24.083012479616006,3.410099998291116,2081.7525000020396,6415.3630470016205
1782448355,5,GET,/ [checkout abuse session],0.000000,0.000000,0,0,0,0,0,0,0,0,0,0,0,5,0,2081.7525000020396,2059.6317800009274,2044.5219000030193,2081.7525000020396,10499.0
1782448355,5,POST,/cart [add item abuse],1.400000,0.000000,4,4,4,5,6,46,46,46,46,46,46,154,0,4,6.037440259548587,3.410099998291116,48.29220000101486,0.0
1782448355,5,GET,/cart [view abuse],1.400000,0.000000,6,6,7,7,7,10,10,10,10,10,10,154,0,6,6.191657142732186,5.092399995191954,12.140499995439313,14659.0
1782448355,5,POST,/cart/checkout [abuse],1.400000,0.000000,10,10,11,11,53,53,53,53,53,53,53,154,0,10,11.099525324413674,8.655600002384745,55.045099994458724,5004.0
1782448355,5,GET,/product/[id] [checkout abuse],1.400000,0.000000,6,7,7,7,7,9,9,9,9,9,9,154,0,6,6.476806493531973,4.448100000445265,14.263899996876717,5865.0
1782448355,5,,Aggregated,5.600000,0.000000,6,7,9,9,10,46,53,53,53,53,53,621,0,6,23.9745491142021,3.410099998291116,2081.7525000020396,6415.148148148148
1782448356,5,GET,/ [checkout abuse session],0.000000,0.000000,0,0,0,0,0,0,0,0,0,0,0,5,0,2081.7525000020396,2059.6317800009274,2044.5219000030193,2081.7525000020396,10499.0
1782448356,5,POST,/cart [add item abuse],1.300000,0.000000,4,4,4,4,5,46,46,46,46,46,46,155,0,4,6.023674193373505,3.410099998291116,48.29220000101486,0.0
1782448356,5,GET,/cart [view abuse],1.300000,0.000000,6,6,6,6,7,7,7,7,7,7,7,155,0,6,6.18906258051509,5.092399995191954,12.140499995439313,14659.0
1782448356,5,POST,/cart/checkout [abuse],1.300000,0.000000,10,10,11,11,53,53,53,53,53,53,53,155,0,10,11.08966709650685,8.655600002384745,55.045099994458724,5004.0
1782448356,5,GET,/product/[id] [checkout abuse],1.300000,0.000000,6,6,7,7,7,9,9,9,9,9,9,155,0,6,6.476397419370891,4.448100000445265,14.263899996876717,5865.0
1782448356,5,,Aggregated,5.200000,0.000000,6,7,9,10,10,46,53,53,53,53,53,625,0,6,23.862196959869472,3.410099998291116,2081.7525000020396,6414.936
1782448357,5,GET,/ [checkout abuse session],0.000000,0.000000,0,0,0,0,0,0,0,0,0,0,0,5,0,2081.7525000020396,2059.6317800009274,2044.5219000030193,2081.7525000020396,10499.0
1782448357,5,POST,/cart [add item abuse],1.400000,0.000000,4,4,5,5,6,46,46,46,46,46,46,157,0,4,6.008277069894036,3.410099998291116,48.29220000101486,0.0
1782448357,5,GET,/cart [view abuse],1.400000,0.000000,6,6,7,7,7,10,10,10,10,10,10,157,0,6,6.2118019107106335,5.092399995191954,12.140499995439313,14659.0
1782448357,5,POST,/cart/checkout [abuse],1.400000,0.000000,10,10,11,11,23,53,53,53,53,53,53,157,0,10,11.15884012711356,8.655600002384745,55.045099994458724,5004.0
1782448357,5,GET,/product/[id] [checkout abuse],1.400000,0.000000,6,6,7,7,7,9,9,9,9,9,9,157,0,6,6.476112738901239,4.448100000445265,14.263899996876717,5865.0
1782448357,5,,Aggregated,5.600000,0.000000,6,7,10,10,10,23,53,53,53,53,53,633,0,6,23.67361595564596,3.410099998291116,2081.7525000020396,6414.519747235387
1782448358,5,GET,/ [checkout abuse session],0.000000,0.000000,0,0,0,0,0,0,0,0,0,0,0,5,0,2081.7525000020396,2059.6317800009274,2044.5219000030193,2081.7525000020396,10499.0
1782448358,5,POST,/cart [add item abuse],1.400000,0.000000,4,4,5,5,6,46,46,46,46,46,46,157,0,4,6.008277069894036,3.410099998291116,48.29220000101486,0.0
1782448358,5,GET,/cart [view abuse],1.400000,0.000000,6,6,7,7,7,10,10,10,10,10,10,157,0,6,6.2118019107106335,5.092399995191954,12.140499995439313,14659.0
1782448358,5,POST,/cart/checkout [abuse],1.400000,0.000000,10,10,11,11,23,53,53,53,53,53,53,157,0,10,11.15884012711356,8.655600002384745,55.045099994458724,5004.0
1782448358,5,GET,/product/[id] [checkout abuse],1.400000,0.000000,6,6,7,7,7,9,9,9,9,9,9,157,0,6,6.476112738901239,4.448100000445265,14.263899996876717,5865.0
1782448358,5,,Aggregated,5.600000,0.000000,6,7,10,10,10,23,53,53,53,53,53,633,0,6,23.67361595564596,3.410099998291116,2081.7525000020396,6414.519747235387
1782448359,5,GET,/ [checkout abuse session],0.000000,0.000000,0,0,0,0,0,0,0,0,0,0,0,5,0,2081.7525000020396,2059.6317800009274,2044.5219000030193,2081.7525000020396,10499.0
1782448359,5,POST,/cart [add item abuse],1.200000,0.000000,4,4,5,5,6,46,46,46,46,46,46,159,0,4,5.98166603759757,3.410099998291116,48.29220000101486,0.0
1782448359,5,GET,/cart [view abuse],1.200000,0.000000,6,6,6,6,7,10,10,10,10,10,10,159,0,6,6.207663521898029,5.092399995191954,12.140499995439313,14659.0
1782448359,5,POST,/cart/checkout [abuse],1.200000,0.000000,10,10,11,11,23,53,53,53,53,53,53,159,0,10,11.139771697801866,8.655600002384745,55.045099994458724,5004.0
1782448359,5,GET,/product/[id] [checkout abuse],1.200000,0.000000,6,6,7,7,7,8,8,8,8,8,8,159,0,6,6.484176729638833,4.448100000445265,14.263899996876717,5865.0
1782448359,5,,Aggregated,4.800000,0.000000,6,7,10,10,10,23,53,53,53,53,53,641,0,6,23.46095179395867,3.410099998291116,2081.7525000020396,6414.113884555382
1782448360,5,GET,/ [checkout abuse session],0.000000,0.000000,0,0,0,0,0,0,0,0,0,0,0,5,0,2081.7525000020396,2059.6317800009274,2044.5219000030193,2081.7525000020396,10499.0
1782448360,5,POST,/cart [add item abuse],1.200000,0.000000,4,4,4,4,5,6,6,6,6,6,6,160,0,4,5.966628749865777,3.410099998291116,48.29220000101486,0.0
1782448360,5,GET,/cart [view abuse],1.200000,0.000000,6,6,6,6,7,10,10,10,10,10,10,160,0,6,6.200826249869351,5.092399995191954,12.140499995439313,14659.0
1782448360,5,POST,/cart/checkout [abuse],1.200000,0.000000,10,10,11,11,23,53,53,53,53,53,53,160,0,10,11.124429374694955,8.655600002384745,55.045099994458724,5004.0
1782448360,5,GET,/product/[id] [checkout abuse],1.200000,0.000000,6,6,7,7,7,8,8,8,8,8,8,160,0,6,6.481397500056119,4.448100000445265,14.263899996876717,5865.0
1782448360,5,,Aggregated,4.800000,0.000000,6,7,9,10,10,11,53,53,53,53,53,645,0,6,23.35175813941462,3.410099998291116,2081.7525000020396,6413.914728682171
1782448361,5,GET,/ [checkout abuse session],0.000000,0.000000,0,0,0,0,0,0,0,0,0,0,0,5,0,2081.7525000020396,2059.6317800009274,2044.5219000030193,2081.7525000020396,10499.0
1782448361,5,POST,/cart [add item abuse],1.200000,0.000000,4,4,4,4,5,6,6,6,6,6,6,160,0,4,5.966628749865777,3.410099998291116,48.29220000101486,0.0
1782448361,5,GET,/cart [view abuse],1.200000,0.000000,6,6,6,6,7,10,10,10,10,10,10,160,0,6,6.200826249869351,5.092399995191954,12.140499995439313,14659.0
1782448361,5,POST,/cart/checkout [abuse],1.200000,0.000000,10,10,11,11,23,53,53,53,53,53,53,160,0,10,11.124429374694955,8.655600002384745,55.045099994458724,5004.0
1782448361,5,GET,/product/[id] [checkout abuse],1.200000,0.000000,6,6,7,7,7,8,8,8,8,8,8,160,0,6,6.481397500056119,4.448100000445265,14.263899996876717,5865.0
1782448361,5,,Aggregated,4.800000,0.000000,6,7,9,10,10,11,53,53,53,53,53,645,0,6,23.35175813941462,3.410099998291116,2081.7525000020396,6413.914728682171
1782448362,5,GET,/ [checkout abuse session],0.000000,0.000000,0,0,0,0,0,0,0,0,0,0,0,5,0,2081.7525000020396,2059.6317800009274,2044.5219000030193,2081.7525000020396,10499.0
1782448362,5,POST,/cart [add item abuse],1.200000,0.000000,4,4,4,4,5,6,6,6,6,6,6,162,0,4,5.945116666506366,3.410099998291116,48.29220000101486,0.0
1782448362,5,GET,/cart [view abuse],1.200000,0.000000,6,6,6,6,7,10,10,10,10,10,10,162,0,6,6.1981876542070236,5.092399995191954,12.140499995439313,14659.0
1782448362,5,POST,/cart/checkout [abuse],1.200000,0.000000,10,10,10,10,11,23,23,23,23,23,23,162,0,10,11.102355555241372,8.655600002384745,55.045099994458724,5004.0
1782448362,5,GET,/product/[id] [checkout abuse],1.200000,0.000000,6,7,7,7,7,8,8,8,8,8,8,162,0,6,6.487729012417136,4.448100000445265,14.263899996876717,5865.0
1782448362,5,,Aggregated,4.800000,0.000000,6,7,9,10,10,10,23,23,23,23,23,653,0,6,23.14696462468742,3.410099998291116,2081.7525000020396,6413.523736600307
1782448363,5,GET,/ [checkout abuse session],0.000000,0.000000,0,0,0,0,0,0,0,0,0,0,0,5,0,2081.7525000020396,2059.6317800009274,2044.5219000030193,2081.7525000020396,10499.0
1782448363,5,POST,/cart [add item abuse],1.100000,0.000000,4,4,5,5,5,6,6,6,6,6,6,164,0,4,5.923469512043351,3.410099998291116,48.29220000101486,0.0
1782448363,5,GET,/cart [view abuse],1.100000,0.000000,6,6,7,7,8,10,10,10,10,10,10,164,0,6,6.202110365759326,5.092399995191954,12.140499995439313,14659.0
1782448363,5,POST,/cart/checkout [abuse],1.100000,0.000000,10,10,11,11,13,23,23,23,23,23,23,164,0,10,11.100578658221,8.655600002384745,55.045099994458724,5004.0
1782448363,5,GET,/product/[id] [checkout abuse],1.100000,0.000000,7,7,7,7,7,8,8,8,8,8,8,164,0,6,6.488995731715255,4.448100000445265,14.263899996876717,5865.0
1782448363,5,,Aggregated,4.400000,0.000000,6,7,9,9,10,11,23,23,23,23,23,661,0,6,22.952260514241786,3.410099998291116,2081.7525000020396,6413.142208774584
1782448364,5,GET,/ [checkout abuse session],0.000000,0.000000,0,0,0,0,0,0,0,0,0,0,0,5,0,2081.7525000020396,2059.6317800009274,2044.5219000030193,2081.7525000020396,10499.0
1782448364,5,POST,/cart [add item abuse],1.000000,0.000000,4,4,5,5,5,6,6,6,6,6,6,165,0,4,5.9102903028939515,3.410099998291116,48.29220000101486,0.0
1782448364,5,GET,/cart [view abuse],1.000000,0.000000,6,6,7,7,8,10,10,10,10,10,10,165,0,6,6.197918787780289,5.092399995191954,12.140499995439313,14659.0
1782448364,5,POST,/cart/checkout [abuse],1.000000,0.000000,10,10,11,11,13,23,23,23,23,23,23,165,0,10,11.094495757248351,8.655600002384745,55.045099994458724,5004.0
1782448364,5,GET,/product/[id] [checkout abuse],1.000000,0.000000,7,7,7,7,7,8,8,8,8,8,8,165,0,6,6.488723030303266,4.448100000445265,14.263899996876717,5865.0
1782448364,5,,Aggregated,4.000000,0.000000,6,7,9,9,10,11,23,23,23,23,23,665,0,6,22.852999247987825,3.410099998291116,2081.7525000020396,6412.954887218045
1782448365,5,GET,/ [checkout abuse session],0.000000,0.000000,0,0,0,0,0,0,0,0,0,0,0,5,0,2081.7525000020396,2059.6317800009274,2044.5219000030193,2081.7525000020396,10499.0
1782448365,5,POST,/cart [add item abuse],1.300000,0.000000,4,4,5,5,5,6,6,6,6,6,6,166,0,4,5.907381927576659,3.410099998291116,48.29220000101486,0.0
1782448365,5,GET,/cart [view abuse],1.300000,0.000000,6,6,8,8,10,10,10,10,10,10,10,166,0,6,6.222267469792018,5.092399995191954,12.140499995439313,14659.0
1782448365,5,POST,/cart/checkout [abuse],1.300000,0.000000,10,10,10,10,13,23,23,23,23,23,23,165,0,10,11.094495757248351,8.655600002384745,55.045099994458724,5004.0
1782448365,5,GET,/product/[id] [checkout abuse],1.300000,0.000000,7,7,7,7,7,8,8,8,8,8,8,166,0,6,6.487121084352243,4.448100000445265,14.263899996876717,5865.0
1782448365,5,,Aggregated,5.200000,0.000000,6,7,9,9,10,10,23,23,23,23,23,668,0,6,22.7831356286172,3.410099998291116,2081.7525000020396,6414.87874251497
1782448366,5,GET,/ [checkout abuse session],0.000000,0.000000,0,0,0,0,0,0,0,0,0,0,0,5,0,2081.7525000020396,2059.6317800009274,2044.5219000030193,2081.7525000020396,10499.0
1782448366,5,POST,/cart [add item abuse],1.100000,0.000000,4,4,5,5,5,6,6,6,6,6,6,168,0,4,5.88899523799704,3.410099998291116,48.29220000101486,0.0
1782448366,5,GET,/cart [view abuse],1.100000,0.000000,6,6,6,8,10,10,10,10,10,10,10,168,0,6,6.217414880839421,5.092399995191954,12.140499995439313,14659.0
1782448366,5,POST,/cart/checkout [abuse],1.100000,0.000000,10,10,10,13,15,23,23,23,23,23,23,168,0,10,11.094787499695528,8.655600002384745,55.045099994458724,5004.0
1782448366,5,GET,/product/[id] [checkout abuse],1.100000,0.000000,7,7,7,7,7,8,8,8,8,8,8,168,0,6,6.487667857159284,4.448100000445265,14.263899996876717,5865.0
1782448366,5,,Aggregated,4.400000,0.000000,6,7,9,9,10,13,15,23,23,23,23,677,0,6,22.57886011805136,3.410099998291116,2081.7525000020396,6412.406203840473
1782448367,5,GET,/ [checkout abuse session],0.000000,0.000000,0,0,0,0,0,0,0,0,0,0,0,5,0,2081.7525000020396,2059.6317800009274,2044.5219000030193,2081.7525000020396,10499.0
1782448367,5,POST,/cart [add item abuse],1.100000,0.000000,4,4,5,5,5,5,5,5,5,5,5,169,0,4,5.878320709964434,3.410099998291116,48.29220000101486,0.0
1782448367,5,GET,/cart [view abuse],1.100000,0.000000,6,6,6,6,8,10,10,10,10,10,10,169,0,6,6.218688165563704,5.092399995191954,12.140499995439313,14659.0
1782448367,5,POST,/cart/checkout [abuse],1.100000,0.000000,9,10,10,10,13,15,15,15,15,15,15,169,0,10,11.08461479258933,8.655600002384745,55.045099994458724,5004.0
1782448367,5,GET,/product/[id] [checkout abuse],1.100000,0.000000,7,7,7,7,7,8,8,8,8,8,8,169,0,6,6.488647929004589,4.448100000445265,14.263899996876717,5865.0
1782448367,5,,Aggregated,4.400000,0.000000,6,7,9,9,10,10,15,15,15,15,15,681,0,6,22.4852199705114,3.410099998291116,2081.7525000020396,6412.227606461087
1782448368,5,GET,/ [checkout abuse session],0.000000,0.000000,0,0,0,0,0,0,0,0,0,0,0,5,0,2081.7525000020396,2059.6317800009274,2044.5219000030193,2081.7525000020396,10499.0
1782448368,5,POST,/cart [add item abuse],1.100000,0.000000,4,4,5,5,5,5,5,5,5,5,5,169,0,4,5.878320709964434,3.410099998291116,48.29220000101486,0.0
1782448368,5,GET,/cart [view abuse],1.100000,0.000000,6,6,6,6,8,10,10,10,10,10,10,169,0,6,6.218688165563704,5.092399995191954,12.140499995439313,14659.0
1782448368,5,POST,/cart/checkout [abuse],1.100000,0.000000,9,10,10,10,13,15,15,15,15,15,15,169,0,10,11.08461479258933,8.655600002384745,55.045099994458724,5004.0
1782448368,5,GET,/product/[id] [checkout abuse],1.100000,0.000000,7,7,7,7,7,7,7,7,7,7,7,169,0,6,6.488647929004589,4.448100000445265,14.263899996876717,5865.0
1782448368,5,,Aggregated,4.400000,0.000000,6,7,9,9,10,10,15,15,15,15,15,681,0,6,22.4852199705114,3.410099998291116,2081.7525000020396,6412.227606461087
1782448369,5,GET,/ [checkout abuse session],0.000000,0.000000,0,0,0,0,0,0,0,0,0,0,0,5,0,2081.7525000020396,2059.6317800009274,2044.5219000030193,2081.7525000020396,10499.0
1782448369,5,POST,/cart [add item abuse],1.400000,0.000000,4,5,5,5,5,5,5,5,5,5,5,170,0,4,5.8729552940349095,3.410099998291116,48.29220000101486,0.0
1782448369,5,GET,/cart [view abuse],1.400000,0.000000,6,6,8,8,8,10,10,10,10,10,10,170,0,6,6.227919411621235,5.092399995191954,12.140499995439313,14659.0
1782448369,5,POST,/cart/checkout [abuse],1.400000,0.000000,9,10,12,12,13,15,15,15,15,15,15,170,0,10,11.08874764677774,8.655600002384745,55.045099994458724,5004.0
1782448369,5,GET,/product/[id] [checkout abuse],1.400000,0.000000,7,7,7,7,7,8,8,8,8,8,8,170,0,6,6.494611764698194,4.448100000445265,14.263899996876717,5865.0
1782448369,5,,Aggregated,5.600000,0.000000,6,8,9,9,10,12,15,15,15,15,15,685,0,6,22.40069883199575,3.410099998291116,2081.7525000020396,6412.051094890511
1782448370,5,GET,/ [checkout abuse session],0.000000,0.000000,0,0,0,0,0,0,0,0,0,0,0,5,0,2081.7525000020396,2059.6317800009274,2044.5219000030193,2081.7525000020396,10499.0
1782448370,5,POST,/cart [add item abuse],1.200000,0.000000,4,4,5,5,5,5,5,5,5,5,5,173,0,4,5.8360063583025505,3.410099998291116,48.29220000101486,0.0
1782448370,5,GET,/cart [view abuse],1.200000,0.000000,6,6,6,8,8,10,10,10,10,10,10,173,0,6,6.219413872697859,5.092399995191954,12.140499995439313,14659.0
1782448370,5,POST,/cart/checkout [abuse],1.200000,0.000000,10,11,12,13,14,15,15,15,15,15,15,173,0,10,11.100128323402972,8.655600002384745,55.045099994458724,5004.0
1782448370,5,GET,/product/[id] [checkout abuse],1.200000,0.000000,7,7,7,7,7,8,8,8,8,8,8,173,0,6,6.489312716797088,4.448100000445265,14.263899996876717,5865.0
1782448370,5,,Aggregated,4.800000,0.000000,6,7,9,9,11,13,14,15,15,15,15,697,0,6,22.133027116100887,3.410099998291116,2081.7525000020396,6411.533715925395
1782448371,5,GET,/ [checkout abuse session],0.000000,0.000000,0,0,0,0,0,0,0,0,0,0,0,5,0,2081.7525000020396,2059.6317800009274,2044.5219000030193,2081.7525000020396,10499.0
1782448371,5,POST,/cart [add item abuse],1.100000,0.000000,4,4,5,5,5,5,5,5,5,5,5,174,0,4,5.822998275776292,3.410099998291116,48.29220000101486,0.0
1782448371,5,GET,/cart [view abuse],1.100000,0.000000,6,6,6,8,8,10,10,10,10,10,10,174,0,6,6.220970689491355,5.092399995191954,12.140499995439313,14659.0
1782448371,5,POST,/cart/checkout [abuse],1.100000,0.000000,10,11,12,13,14,15,15,15,15,15,15,174,0,10,11.091831034175174,8.655600002384745,55.045099994458724,5004.0
1782448371,5,GET,/product/[id] [checkout abuse],1.100000,0.000000,7,7,7,7,7,8,8,8,8,8,8,174,0,6,6.485489080492782,4.448100000445265,14.263899996876717,5865.0
1782448371,5,,Aggregated,4.400000,0.000000,6,7,9,9,11,13,14,15,15,15,15,701,0,6,22.043171469206037,3.410099998291116,2081.7525000020396,6411.365192582026
1782448372,5,GET,/ [checkout abuse session],0.000000,0.000000,0,0,0,0,0,0,0,0,0,0,0,5,0,2081.7525000020396,2059.6317800009274,2044.5219000030193,2081.7525000020396,10499.0
1782448372,5,POST,/cart [add item abuse],1.100000,0.000000,4,4,5,5,5,5,5,5,5,5,5,175,0,4,5.812498857059317,3.410099998291116,48.29220000101486,0.0
1782448372,5,GET,/cart [view abuse],1.100000,0.000000,6,6,8,8,8,10,10,10,10,10,10,175,0,6,6.218675428411059,5.092399995191954,12.140499995439313,14659.0
1782448372,5,POST,/cart/checkout [abuse],1.100000,0.000000,11,11,13,13,14,15,15,15,15,15,15,175,0,10,11.082766285398975,8.655600002384745,55.045099994458724,5004.0
1782448372,5,GET,/product/[id] [checkout abuse],1.100000,0.000000,7,7,7,7,7,8,8,8,8,8,8,175,0,6,6.489965714323001,4.448100000445265,14.263899996876717,5865.0
1782448372,5,,Aggregated,4.400000,0.000000,6,7,9,10,11,13,15,15,15,15,15,705,0,6,21.955804964416025,3.410099998291116,2081.7525000020396,6411.198581560284
1782448373,5,GET,/ [checkout abuse session],0.000000,0.000000,0,0,0,0,0,0,0,0,0,0,0,5,0,2081.7525000020396,2059.6317800009274,2044.5219000030193,2081.7525000020396,10499.0
1782448373,5,POST,/cart [add item abuse],1.100000,0.000000,4,4,5,5,5,5,5,5,5,5,5,175,0,4,5.812498857059317,3.410099998291116,48.29220000101486,0.0
1782448373,5,GET,/cart [view abuse],1.100000,0.000000,6,6,6,6,8,10,10,10,10,10,10,175,0,6,6.218675428411059,5.092399995191954,12.140499995439313,14659.0
1782448373,5,POST,/cart/checkout [abuse],1.100000,0.000000,10,11,12,12,14,15,15,15,15,15,15,175,0,10,11.082766285398975,8.655600002384745,55.045099994458724,5004.0
1782448373,5,GET,/product/[id] [checkout abuse],1.100000,0.000000,6,7,7,7,7,8,8,8,8,8,8,175,0,6,6.489965714323001,4.448100000445265,14.263899996876717,5865.0
1782448373,5,,Aggregated,4.400000,0.000000,6,7,9,10,11,12,15,15,15,15,15,705,0,6,21.955804964416025,3.410099998291116,2081.7525000020396,6411.198581560284
1782448374,5,GET,/ [checkout abuse session],0.000000,0.000000,0,0,0,0,0,0,0,0,0,0,0,5,0,2081.7525000020396,2059.6317800009274,2044.5219000030193,2081.7525000020396,10499.0
1782448374,5,POST,/cart [add item abuse],1.400000,0.000000,4,4,5,5,5,5,5,5,5,5,5,176,0,4,5.800630113547165,3.410099998291116,48.29220000101486,0.0
1782448374,5,GET,/cart [view abuse],1.400000,0.000000,6,6,6,6,8,10,10,10,10,10,10,176,0,6,6.214961363473941,5.092399995191954,12.140499995439313,14659.0
1782448374,5,POST,/cart/checkout [abuse],1.400000,0.000000,10,11,12,12,14,15,15,15,15,15,15,176,0,10,11.070199431535663,8.655600002384745,55.045099994458724,5004.0
1782448374,5,GET,/product/[id] [checkout abuse],1.400000,0.000000,7,7,7,7,7,8,8,8,8,8,8,176,0,6,6.490040340932782,4.448100000445265,14.263899996876717,5865.0
1782448374,5,,Aggregated,5.600000,0.000000,6,7,9,9,11,12,15,15,15,15,15,709,0,6,21.86672101539464,3.410099998291116,2081.7525000020396,6411.033850493653
1782448375,5,GET,/ [checkout abuse session],0.000000,0.000000,0,0,0,0,0,0,0,0,0,0,0,5,0,2081.7525000020396,2059.6317800009274,2044.5219000030193,2081.7525000020396,10499.0
1782448375,5,POST,/cart [add item abuse],1.200000,0.000000,4,4,5,5,5,5,5,5,5,5,5,178,0,4,5.78367808980709,3.410099998291116,48.29220000101486,0.0
1782448375,5,GET,/cart [view abuse],1.200000,0.000000,6,6,6,6,7,8,8,8,8,8,8,178,0,6,6.218554494164104,5.092399995191954,12.140499995439313,14659.0
1782448375,5,POST,/cart/checkout [abuse],1.200000,0.000000,10,10,11,11,12,14,14,14,14,14,14,178,0,10,11.055005617706913,8.655600002384745,55.045099994458724,5004.0
1782448375,5,GET,/product/[id] [checkout abuse],1.200000,0.000000,7,7,7,7,7,8,8,8,8,8,8,178,0,6,6.490064044984965,4.448100000445265,14.263899996876717,5865.0
1782448375,5,,Aggregated,4.800000,0.000000,6,7,9,9,10,11,14,14,14,14,14,717,0,6,21.69815718258112,3.410099998291116,2081.7525000020396,6410.709902370991
1782448376,5,GET,/ [checkout abuse session],0.000000,0.000000,0,0,0,0,0,0,0,0,0,0,0,5,0,2081.7525000020396,2059.6317800009274,2044.5219000030193,2081.7525000020396,10499.0
1782448376,5,POST,/cart [add item abuse],1.100000,0.000000,4,4,5,5,5,5,5,5,5,5,5,179,0,4,5.7767324021811906,3.410099998291116,48.29220000101486,0.0
1782448376,5,GET,/cart [view abuse],1.100000,0.000000,6,6,6,7,7,8,8,8,8,8,8,179,0,6,6.2226340780002145,5.092399995191954,12.140499995439313,14659.0
1782448376,5,POST,/cart/checkout [abuse],1.100000,0.000000,10,11,11,11,12,14,14,14,14,14,14,179,0,10,11.056317318170384,8.655600002384745,55.045099994458724,5004.0
1782448376,5,GET,/product/[id] [checkout abuse],1.100000,0.000000,7,7,7,7,7,8,8,8,8,8,8,180,0,6,6.486793333331459,4.448100000445265,14.263899996876717,5865.0
1782448376,5,,Aggregated,4.400000,0.000000,6,7,9,9,10,11,12,14,14,14,14,722,0,6,21.596605401536383,3.410099998291116,2081.7525000020396,6409.795013850416
1782448377,5,GET,/ [checkout abuse session],0.000000,0.000000,0,0,0,0,0,0,0,0,0,0,0,5,0,2081.7525000020396,2059.6317800009274,2044.5219000030193,2081.7525000020396,10499.0
1782448377,5,POST,/cart [add item abuse],1.100000,0.000000,4,5,5,5,5,47,47,47,47,47,47,180,0,4,6.003679999937756,3.410099998291116,48.29220000101486,0.0
1782448377,5,GET,/cart [view abuse],1.100000,0.000000,6,6,7,7,7,8,8,8,8,8,8,180,0,6,6.221203888667838,5.092399995191954,12.140499995439313,14659.0
1782448377,5,POST,/cart/checkout [abuse],1.100000,0.000000,10,11,11,11,12,14,14,14,14,14,14,180,0,10,11.051033333084584,8.655600002384745,55.045099994458724,5004.0
1782448377,5,GET,/product/[id] [checkout abuse],1.100000,0.000000,6,7,7,7,7,8,8,8,8,8,8,180,0,6,6.486793333331459,4.448100000445265,14.263899996876717,5865.0
1782448377,5,,Aggregated,4.400000,0.000000,6,7,9,10,11,12,47,47,47,47,47,725,0,6,21.59371972401177,3.410099998291116,2081.7525000020396,6410.393103448276
1782448378,5,GET,/ [checkout abuse session],0.000000,0.000000,0,0,0,0,0,0,0,0,0,0,0,5,0,2081.7525000020396,2059.6317800009274,2044.5219000030193,2081.7525000020396,10499.0
1782448378,5,POST,/cart [add item abuse],1.100000,0.000000,4,4,5,5,5,47,47,47,47,47,47,181,0,4,5.990432596610131,3.410099998291116,48.29220000101486,0.0
1782448378,5,GET,/cart [view abuse],1.200000,0.000000,6,6,7,7,7,8,8,8,8,8,8,181,0,6,6.218570165517187,5.092399995191954,12.140499995439313,14659.0
1782448378,5,POST,/cart/checkout [abuse],1.200000,0.000000,10,11,11,11,12,14,14,14,14,14,14,181,0,10,11.0401900550119,8.655600002384745,55.045099994458724,5004.0
1782448378,5,GET,/product/[id] [checkout abuse],1.100000,0.000000,7,7,7,7,7,8,8,8,8,8,8,181,0,6,6.489807182338631,4.448100000445265,14.263899996876717,5865.0
1782448378,5,,Aggregated,4.600000,0.000000,6,7,9,10,11,12,47,47,47,47,47,729,0,6,21.510175445692905,3.410099998291116,2081.7525000020396,6410.237311385459
1782448379,5,GET,/ [checkout abuse session],0.000000,0.000000,0,0,0,0,0,0,0,0,0,0,0,5,0,2081.7525000020396,2059.6317800009274,2044.5219000030193,2081.7525000020396,10499.0
1782448379,5,POST,/cart [add item abuse],1.100000,0.000000,4,4,4,5,5,47,47,47,47,47,47,183,0,4,5.964075409743014,3.410099998291116,48.29220000101486,0.0
1782448379,5,GET,/cart [view abuse],1.100000,0.000000,6,6,6,6,7,7,7,7,7,7,7,183,0,6,6.213009835836666,5.092399995191954,12.140499995439313,14659.0
1782448379,5,POST,/cart/checkout [abuse],1.100000,0.000000,10,10,11,11,11,14,14,14,14,14,14,183,0,10,11.021305464209398,8.655600002384745,55.045099994458724,5004.0
1782448379,5,GET,/product/[id] [checkout abuse],1.100000,0.000000,7,7,7,7,7,7,7,7,7,7,7,183,0,6,6.496036065569977,4.448100000445265,14.263899996876717,5865.0
1782448379,5,,Aggregated,4.400000,0.000000,6,7,9,9,10,11,14,47,47,47,47,737,0,6,21.34632157380644,3.410099998291116,2081.7525000020396,6409.930800542741
1782448380,5,GET,/ [checkout abuse session],0.000000,0.000000,0,0,0,0,0,0,0,0,0,0,0,5,0,2081.7525000020396,2059.6317800009274,2044.5219000030193,2081.7525000020396,10499.0
1782448380,5,POST,/cart [add item abuse],1.100000,0.000000,4,4,5,5,5,47,47,47,47,47,47,184,0,4,5.9541532607751,3.410099998291116,48.29220000101486,0.0
1782448380,5,GET,/cart [view abuse],1.100000,0.000000,6,6,7,7,7,7,7,7,7,7,7,184,0,6,6.2157717388997655,5.092399995191954,12.140499995439313,14659.0
1782448380,5,POST,/cart/checkout [abuse],1.100000,0.000000,10,10,10,10,11,11,11,11,11,11,11,184,0,10,11.020965217144491,8.655600002384745,55.045099994458724,5004.0
1782448380,5,GET,/product/[id] [checkout abuse],1.100000,0.000000,7,7,7,7,7,7,7,7,7,7,7,184,0,6,6.498538586959552,4.448100000445265,14.263899996876717,5865.0
1782448380,5,,Aggregated,4.400000,0.000000,7,7,9,9,10,11,47,47,47,47,47,741,0,6,21.269924156410198,3.410099998291116,2081.7525000020396,6409.780026990553
1782448381,5,GET,/ [checkout abuse session],0.000000,0.000000,0,0,0,0,0,0,0,0,0,0,0,5,0,2081.7525000020396,2059.6317800009274,2044.5219000030193,2081.7525000020396,10499.0
1782448381,5,POST,/cart [add item abuse],1.300000,0.000000,4,4,5,5,5,47,47,47,47,47,47,185,0,4,5.942885945842136,3.410099998291116,48.29220000101486,0.0
1782448381,5,GET,/cart [view abuse],1.300000,0.000000,6,6,7,7,7,7,7,7,7,7,7,185,0,6,6.208843783580861,4.934100004902575,12.140499995439313,14659.0
1782448381,5,POST,/cart/checkout [abuse],1.200000,0.000000,9,10,10,10,11,11,11,11,11,11,11,185,0,10,11.008616756510959,8.655600002384745,55.045099994458724,5004.0
1782448381,5,GET,/product/[id] [checkout abuse],1.300000,0.000000,7,7,7,7,7,7,7,7,7,7,7,185,0,6,6.498745945950882,4.448100000445265,14.263899996876717,5865.0
1782448381,5,,Aggregated,5.100000,0.000000,7,7,9,9,10,11,47,47,47,47,47,745,0,6,21.1880416106085,3.410099998291116,2081.7525000020396,6409.6308724832215
1782448382,5,GET,/ [checkout abuse session],0.000000,0.000000,0,0,0,0,0,0,0,0,0,0,0,5,0,2081.7525000020396,2059.6317800009274,2044.5219000030193,2081.7525000020396,10499.0
1782448382,5,POST,/cart [add item abuse],1.300000,0.000000,4,4,5,5,5,47,47,47,47,47,47,186,0,4,5.932641935394576,3.410099998291116,48.29220000101486,0.0
1782448382,5,GET,/cart [view abuse],1.300000,0.000000,6,6,7,7,7,7,7,7,7,7,7,186,0,6,6.207618279375076,4.934100004902575,12.140499995439313,14659.0
1782448382,5,POST,/cart/checkout [abuse],1.300000,0.000000,10,10,10,10,11,11,11,11,11,11,11,186,0,10,11.002402687936605,8.655600002384745,55.045099994458724,5004.0
1782448382,5,GET,/product/[id] [checkout abuse],1.300000,0.000000,7,7,7,7,7,7,7,7,7,7,7,186,0,6,6.4980462365608505,4.448100000445265,14.263899996876717,5865.0
1782448382,5,,Aggregated,5.200000,0.000000,7,7,9,9,10,11,47,47,47,47,47,749,0,6,21.109920961159304,3.410099998291116,2081.7525000020396,6409.483311081442
1782448383,5,GET,/ [checkout abuse session],0.000000,0.000000,0,0,0,0,0,0,0,0,0,0,0,5,0,2081.7525000020396,2059.6317800009274,2044.5219000030193,2081.7525000020396,10499.0
1782448383,5,POST,/cart [add item abuse],1.100000,0.000000,4,4,5,5,5,47,47,47,47,47,47,189,0,4,5.908015872933594,3.410099998291116,48.29220000101486,0.0
1782448383,5,GET,/cart [view abuse],1.100000,0.000000,6,6,7,7,7,14,14,14,14,14,14,189,0,6,6.251193650612588,4.934100004902575,13.922899997851346,14659.0
1782448383,5,POST,/cart/checkout [abuse],1.100000,0.000000,10,10,11,11,11,17,17,17,17,17,17,189,0,10,11.029892063229381,8.655600002384745,55.045099994458724,5004.0
1782448383,5,GET,/product/[id] [checkout abuse],1.100000,0.000000,7,7,7,7,7,7,7,7,7,7,7,189,0,6,6.500876190435886,4.448100000445265,14.263899996876717,5865.0
1782448383,5,,Aggregated,4.400000,0.000000,7,7,9,9,11,14,17,47,47,47,47,761,0,6,20.90612969763154,3.410099998291116,2081.7525000020396,6409.049934296978
1782448384,5,GET,/ [checkout abuse session],0.000000,0.000000,0,0,0,0,0,0,0,0,0,0,0,5,0,2081.7525000020396,2059.6317800009274,2044.5219000030193,2081.7525000020396,10499.0
1782448384,5,POST,/cart [add item abuse],1.100000,0.000000,4,4,5,5,5,47,47,47,47,47,47,189,0,4,5.908015872933594,3.410099998291116,48.29220000101486,0.0
1782448384,5,GET,/cart [view abuse],1.100000,0.000000,6,6,7,7,7,14,14,14,14,14,14,189,0,6,6.251193650612588,4.934100004902575,13.922899997851346,14659.0
1782448384,5,POST,/cart/checkout [abuse],1.100000,0.000000,10,10,11,11,11,17,17,17,17,17,17,189,0,10,11.029892063229381,8.655600002384745,55.045099994458724,5004.0
1782448384,5,GET,/product/[id] [checkout abuse],1.100000,0.000000,7,7,7,7,7,7,7,7,7,7,7,189,0,6,6.500876190435886,4.448100000445265,14.263899996876717,5865.0
1782448384,5,,Aggregated,4.400000,0.000000,7,7,9,9,11,14,17,47,47,47,47,761,0,6,20.90612969763154,3.410099998291116,2081.7525000020396,6409.049934296978
1782448385,5,GET,/ [checkout abuse session],0.000000,0.000000,0,0,0,0,0,0,0,0,0,0,0,5,0,2081.7525000020396,2059.6317800009274,2044.5219000030193,2081.7525000020396,10499.0
1782448385,5,POST,/cart [add item abuse],1.100000,0.000000,4,4,5,5,7,47,47,47,47,47,47,190,0,4,5.912448420981252,3.410099998291116,48.29220000101486,0.0
1782448385,5,GET,/cart [view abuse],1.100000,0.000000,6,6,7,7,8,14,14,14,14,14,14,190,0,6,6.260267368251286,4.934100004902575,13.922899997851346,14659.0
1782448385,5,POST,/cart/checkout [abuse],1.100000,0.000000,10,11,11,11,13,17,17,17,17,17,17,190,0,10,11.038434736570037,8.655600002384745,55.045099994458724,5004.0
1782448385,5,GET,/product/[id] [checkout abuse],1.100000,0.000000,7,7,7,7,7,7,7,7,7,7,7,190,0,6,6.504016315739136,4.448100000445265,14.263899996876717,5865.0
1782448385,5,,Aggregated,4.400000,0.000000,7,7,9,10,11,14,47,47,47,47,47,765,0,6,20.841883137120995,3.410099998291116,2081.7525000020396,6408.908496732026
1782448386,5,GET,/ [checkout abuse session],0.000000,0.000000,0,0,0,0,0,0,0,0,0,0,0,5,0,2081.7525000020396,2059.6317800009274,2044.5219000030193,2081.7525000020396,10499.0
1782448386,5,POST,/cart [add item abuse],1.400000,0.000000,4,5,5,6,7,47,47,47,47,47,47,192,0,4,5.90705104157981,3.410099998291116,48.29220000101486,0.0
1782448386,5,GET,/cart [view abuse],1.400000,0.000000,6,7,7,8,9,14,14,14,14,14,14,192,0,6,6.2752093748107045,4.934100004902575,13.922899997851346,14659.0
1782448386,5,POST,/cart/checkout [abuse],1.400000,0.000000,10,11,11,11,13,17,17,17,17,17,17,192,0,10,11.028742708049322,8.655600002384745,55.045099994458724,5004.0
1782448386,5,GET,/product/[id] [checkout abuse],1.400000,0.000000,7,7,7,7,7,7,7,7,7,7,7,192,0,6,6.507798437458708,4.448100000445265,14.263899996876717,5865.0
1782448386,5,,Aggregated,5.600000,0.000000,7,7,9,10,11,14,17,47,47,47,47,773,0,6,20.703969986919997,3.410099998291116,2081.7525000020396,6408.630012936611
1782448387,5,GET,/ [checkout abuse session],0.000000,0.000000,0,0,0,0,0,0,0,0,0,0,0,5,0,2081.7525000020396,2059.6317800009274,2044.5219000030193,2081.7525000020396,10499.0
1782448387,5,POST,/cart [add item abuse],1.300000,0.000000,4,5,5,5,6,7,7,7,7,7,7,193,0,4,5.901551813391156,3.410099998291116,48.29220000101486,0.0
1782448387,5,GET,/cart [view abuse],1.300000,0.000000,6,7,7,8,9,14,14,14,14,14,14,193,0,6,6.280548186359597,4.934100004902575,13.922899997851346,14659.0
1782448387,5,POST,/cart/checkout [abuse],1.300000,0.000000,10,11,11,11,13,17,17,17,17,17,17,193,0,10,11.025839896112322,8.655600002384745,55.045099994458724,5004.0
1782448387,5,GET,/product/[id] [checkout abuse],1.300000,0.000000,7,7,7,7,7,7,7,7,7,7,7,193,0,6,6.505318134659696,4.448100000445265,14.263899996876717,5865.0
1782448387,5,,Aggregated,5.200000,0.000000,7,7,9,9,11,13,14,17,17,17,17,777,0,6,20.634257014022563,3.410099998291116,2081.7525000020396,6408.492921492922
1782448388,5,GET,/ [checkout abuse session],0.000000,0.000000,0,0,0,0,0,0,0,0,0,0,0,5,0,2081.7525000020396,2059.6317800009274,2044.5219000030193,2081.7525000020396,10499.0
1782448388,5,POST,/cart [add item abuse],1.200000,0.000000,4,5,5,5,6,7,7,7,7,7,7,194,0,4,5.894027834993094,3.410099998291116,48.29220000101486,0.0
1782448388,5,GET,/cart [view abuse],1.200000,0.000000,7,7,8,8,9,14,14,14,14,14,14,194,0,6,6.283243298799114,4.934100004902575,13.922899997851346,14659.0
1782448388,5,POST,/cart/checkout [abuse],1.200000,0.000000,10,11,11,11,13,17,17,17,17,17,17,194,0,10,11.01923453581511,8.655600002384745,55.045099994458724,5004.0
1782448388,5,GET,/product/[id] [checkout abuse],1.200000,0.000000,7,7,7,7,7,7,7,7,7,7,7,194,0,6,6.50591185563526,4.448100000445265,14.263899996876717,5865.0
1782448388,5,,Aggregated,4.800000,0.000000,7,7,9,10,11,13,17,17,17,17,17,781,0,6,20.563928168888218,3.410099998291116,2081.7525000020396,6408.357234314981
1782448389,5,GET,/ [checkout abuse session],0.000000,0.000000,0,0,0,0,0,0,0,0,0,0,0,5,0,2081.7525000020396,2059.6317800009274,2044.5219000030193,2081.7525000020396,10499.0
1782448389,5,POST,/cart [add item abuse],1.200000,0.000000,4,5,5,5,6,7,7,7,7,7,7,196,0,4,5.8765234693315245,3.410099998291116,48.29220000101486,0.0
1782448389,5,GET,/cart [view abuse],1.200000,0.000000,7,7,7,8,9,14,14,14,14,14,14,196,0,6,6.281459693721501,4.934100004902575,13.922899997851346,14659.0
1782448389,5,POST,/cart/checkout [abuse],1.200000,0.000000,10,11,11,11,13,17,17,17,17,17,17,196,0,10,11.010247958939562,8.655600002384745,55.045099994458724,5004.0
1782448389,5,GET,/product/[id] [checkout abuse],1.200000,0.000000,7,7,7,7,7,7,7,7,7,7,7,196,0,6,6.500456122457577,4.448100000445265,14.263899996876717,5865.0
1782448389,5,,Aggregated,4.800000,0.000000,7,7,10,10,11,13,14,17,17,17,17,789,0,6,20.422334093684245,3.410099998291116,2081.7525000020396,6408.0899873257285
1782448390,5,GET,/ [checkout abuse session],0.000000,0.000000,0,0,0,0,0,0,0,0,0,0,0,5,0,2081.7525000020396,2059.6317800009274,2044.5219000030193,2081.7525000020396,10499.0
1782448390,5,POST,/cart [add item abuse],1.300000,0.000000,4,5,5,5,6,7,7,7,7,7,7,197,0,4,5.866562436504093,3.410099998291116,48.29220000101486,0.0
1782448390,5,GET,/cart [view abuse],1.300000,0.000000,7,7,7,8,9,14,14,14,14,14,14,197,0,6,6.279579187662998,4.934100004902575,13.922899997851346,14659.0
1782448390,5,POST,/cart/checkout [abuse],1.300000,0.000000,10,11,11,11,13,17,17,17,17,17,17,197,0,10,11.00688984748041,8.655600002384745,55.045099994458724,5004.0
1782448390,5,GET,/product/[id] [checkout abuse],1.300000,0.000000,7,7,7,7,7,7,7,7,7,7,7,197,0,6,6.498853299481059,4.448100000445265,14.263899996876717,5865.0
1782448390,5,,Aggregated,5.200000,0.000000,7,7,10,10,11,13,14,17,17,17,17,793,0,6,20.352560151219375,3.410099998291116,2081.7525000020396,6407.958385876419
1782448392,5,GET,/ [checkout abuse session],0.000000,0.000000,0,0,0,0,0,0,0,0,0,0,0,5,0,2081.7525000020396,2059.6317800009274,2044.5219000030193,2081.7525000020396,10499.0
1782448392,5,POST,/cart [add item abuse],1.200000,0.000000,5,5,5,5,6,7,7,7,7,7,7,198,0,4,5.858016666649627,3.410099998291116,48.29220000101486,0.0
1782448392,5,GET,/cart [view abuse],1.200000,0.000000,7,7,8,8,9,14,14,14,14,14,14,198,0,6,6.277498484717334,4.934100004902575,13.922899997851346,14659.0
1782448392,5,POST,/cart/checkout [abuse],1.300000,0.000000,10,11,11,11,13,17,17,17,17,17,17,198,0,10,11.002480302770643,8.655600002384745,55.045099994458724,5004.0
1782448392,5,GET,/product/[id] [checkout abuse],1.200000,0.000000,7,7,7,7,7,7,7,7,7,7,7,198,0,6,6.5013338383443,4.448100000445265,14.263899996876717,5865.0
1782448392,5,,Aggregated,4.900000,0.000000,7,7,10,10,11,13,17,17,17,17,17,797,0,6,20.284499498012615,3.410099998291116,2081.7525000020396,6407.828105395232
1782448393,5,GET,/ [checkout abuse session],0.000000,0.000000,0,0,0,0,0,0,0,0,0,0,0,5,0,2081.7525000020396,2059.6317800009274,2044.5219000030193,2081.7525000020396,10499.0
1782448393,5,POST,/cart [add item abuse],1.300000,0.000000,5,5,5,5,6,7,7,7,7,7,7,200,0,4,5.845632999989903,3.410099998291116,48.29220000101486,0.0
1782448393,5,GET,/cart [view abuse],1.300000,0.000000,7,7,8,8,9,14,14,14,14,14,14,200,0,6,6.280762999886065,4.934100004902575,13.922899997851346,14659.0
1782448393,5,POST,/cart/checkout [abuse],1.300000,0.000000,10,11,11,11,13,17,17,17,17,17,17,200,0,10,10.994794499747513,8.655600002384745,55.045099994458724,5004.0
1782448393,5,GET,/product/[id] [checkout abuse],1.300000,0.000000,7,7,7,7,7,7,7,7,7,7,7,200,0,6,6.503519499929098,4.448100000445265,14.263899996876717,5865.0
1782448393,5,,Aggregated,5.200000,0.000000,7,7,10,10,11,13,14,17,17,17,17,805,0,6,20.152920372565408,3.410099998291116,2081.7525000020396,6407.571428571428
1782448394,5,GET,/ [checkout abuse session],0.000000,0.000000,0,0,0,0,0,0,0,0,0,0,0,5,0,2081.7525000020396,2059.6317800009274,2044.5219000030193,2081.7525000020396,10499.0
1782448394,5,POST,/cart [add item abuse],1.300000,0.000000,4,5,5,5,6,7,7,7,7,7,7,202,0,4,5.8275836633430735,3.410099998291116,48.29220000101486,0.0
1782448394,5,GET,/cart [view abuse],1.300000,0.000000,7,7,8,8,8,9,9,9,9,9,9,202,0,6,6.28547178204448,4.934100004902575,13.922899997851346,14659.0
1782448394,5,POST,/cart/checkout [abuse],1.300000,0.000000,10,11,11,11,11,13,13,13,13,13,13,202,0,10,10.986756435375012,8.655600002384745,55.045099994458724,5004.0
1782448394,5,GET,/product/[id] [checkout abuse],1.300000,0.000000,7,7,7,7,7,7,7,7,7,7,7,202,0,6,6.507903465276151,4.448100000445265,14.263899996876717,5865.0
1782448394,5,,Aggregated,5.200000,0.000000,7,7,9,10,10,11,11,13,13,13,13,813,0,6,20.02326863456883,3.410099998291116,2081.7525000020396,6407.319803198032
1782448395,5,GET,/ [checkout abuse session],0.000000,0.000000,0,0,0,0,0,0,0,0,0,0,0,5,0,2081.7525000020396,2059.6317800009274,2044.5219000030193,2081.7525000020396,10499.0
1782448395,5,POST,/cart [add item abuse],1.300000,0.000000,4,5,5,5,6,10,10,10,10,10,10,203,0,4,5.846493596037886,3.410099998291116,48.29220000101486,0.0
1782448395,5,GET,/cart [view abuse],1.300000,0.000000,7,7,8,8,9,18,18,18,18,18,18,203,0,6,6.344724630405369,4.934100004902575,18.313799999305047,14659.0
1782448395,5,POST,/cart/checkout [abuse],1.300000,0.000000,10,11,11,11,11,17,17,17,17,17,17,203,0,10,11.01832265983275,8.655600002384745,55.045099994458724,5004.0
1782448395,5,GET,/product/[id] [checkout abuse],1.300000,0.000000,7,7,7,7,7,18,18,18,18,18,18,203,0,6,6.565890640316857,4.448100000445265,18.2792999985395,5865.0
1782448395,5,,Aggregated,5.200000,0.000000,7,8,10,10,11,17,18,18,18,18,18,817,0,6,20.00314749070133,3.410099998291116,2081.7525000020396,6407.195838433293
1782448396,5,GET,/ [checkout abuse session],0.000000,0.000000,0,0,0,0,0,0,0,0,0,0,0,5,0,2081.7525000020396,2059.6317800009274,2044.5219000030193,2081.7525000020396,10499.0
1782448396,5,POST,/cart [add item abuse],1.300000,0.000000,4,5,5,5,5,10,10,10,10,10,10,203,0,4,5.846493596037886,3.410099998291116,48.29220000101486,0.0
1782448396,5,GET,/cart [view abuse],1.300000,0.000000,7,7,8,8,8,18,18,18,18,18,18,203,0,6,6.344724630405369,4.934100004902575,18.313799999305047,14659.0
1782448396,5,POST,/cart/checkout [abuse],1.300000,0.000000,10,11,11,11,11,17,17,17,17,17,17,203,0,10,11.01832265983275,8.655600002384745,55.045099994458724,5004.0
1782448396,5,GET,/product/[id] [checkout abuse],1.300000,0.000000,6,7,7,7,7,18,18,18,18,18,18,203,0,6,6.565890640316857,4.448100000445265,18.2792999985395,5865.0
1782448396,5,,Aggregated,5.200000,0.000000,7,8,10,10,11,17,18,18,18,18,18,817,0,6,20.00314749070133,3.410099998291116,2081.7525000020396,6407.195838433293
1782448397,5,GET,/ [checkout abuse session],0.000000,0.000000,0,0,0,0,0,0,0,0,0,0,0,5,0,2081.7525000020396,2059.6317800009274,2044.5219000030193,2081.7525000020396,10499.0
1782448397,5,POST,/cart [add item abuse],1.300000,0.000000,4,4,5,5,5,10,10,10,10,10,10,204,0,4,5.837811274485669,3.410099998291116,48.29220000101486,0.0
1782448397,5,GET,/cart [view abuse],1.300000,0.000000,6,7,8,8,8,18,18,18,18,18,18,204,0,6,6.342546078289446,4.934100004902575,18.313799999305047,14659.0
1782448397,5,POST,/cart/checkout [abuse],1.300000,0.000000,10,11,11,11,11,17,17,17,17,17,17,204,0,10,11.013847548740301,8.655600002384745,55.045099994458724,5004.0
1782448397,5,GET,/product/[id] [checkout abuse],1.300000,0.000000,7,7,7,7,7,18,18,18,18,18,18,204,0,6,6.566030392088007,4.448100000445265,18.2792999985395,5865.0
1782448397,5,,Aggregated,5.200000,0.000000,7,8,10,10,11,17,18,18,18,18,18,821,0,6,19.938181364067887,3.410099998291116,2081.7525000020396,6407.073081607796
1782448398,5,GET,/ [checkout abuse session],0.000000,0.000000,0,0,0,0,0,0,0,0,0,0,0,5,0,2081.7525000020396,2059.6317800009274,2044.5219000030193,2081.7525000020396,10499.0
1782448398,5,POST,/cart [add item abuse],1.400000,0.000000,4,4,5,5,5,10,10,10,10,10,10,206,0,4,5.818120873759521,3.410099998291116,48.29220000101486,0.0
1782448398,5,GET,/cart [view abuse],1.400000,0.000000,6,6,8,8,8,18,18,18,18,18,18,206,0,6,6.334837863955859,4.934100004902575,18.313799999305047,14659.0
1782448398,5,POST,/cart/checkout [abuse],1.400000,0.000000,10,10,11,11,11,17,17,17,17,17,17,206,0,10,10.995215048257078,8.520099996530917,55.045099994458724,5004.0
1782448398,5,GET,/product/[id] [checkout abuse],1.400000,0.000000,7,7,7,7,7,18,18,18,18,18,18,206,0,6,6.56910970866696,4.448100000445265,18.2792999985395,5865.0
1782448398,5,,Aggregated,5.600000,0.000000,7,8,10,10,11,17,18,18,18,18,18,829,0,6,19.806899034861708,3.410099998291116,2081.7525000020396,6406.831121833535
1782448399,5,GET,/ [checkout abuse session],0.000000,0.000000,0,0,0,0,0,0,0,0,0,0,0,5,0,2081.7525000020396,2059.6317800009274,2044.5219000030193,2081.7525000020396,10499.0
1782448399,5,POST,/cart [add item abuse],1.300000,0.000000,4,4,4,4,5,10,10,10,10,10,10,208,0,4,5.800411057652337,3.410099998291116,48.29220000101486,0.0
1782448399,5,GET,/cart [view abuse],1.300000,0.000000,6,6,8,8,8,18,18,18,18,18,18,208,0,6,6.325842788310883,4.934100004902575,18.313799999305047,14659.0
1782448399,5,POST,/cart/checkout [abuse],1.300000,0.000000,10,10,11,11,11,17,17,17,17,17,17,208,0,10,10.977551922818607,8.520099996530917,55.045099994458724,5004.0
1782448399,5,GET,/product/[id] [checkout abuse],1.300000,0.000000,7,7,7,7,7,18,18,18,18,18,18,208,0,6,6.563220673027759,4.448100000445265,18.2792999985395,5865.0
1782448399,5,,Aggregated,5.200000,0.000000,6,8,9,10,11,17,18,18,18,18,18,837,0,6,19.67610561517447,3.410099998291116,2081.7525000020396,6406.5937873357225
1782448400,5,GET,/ [checkout abuse session],0.000000,0.000000,0,0,0,0,0,0,0,0,0,0,0,5,0,2081.7525000020396,2059.6317800009274,2044.5219000030193,2081.7525000020396,10499.0
1782448400,5,POST,/cart [add item abuse],1.300000,0.000000,4,4,4,4,5,10,10,10,10,10,10,208,0,4,5.800411057652337,3.410099998291116,48.29220000101486,0.0
1782448400,5,GET,/cart [view abuse],1.300000,0.000000,6,6,8,8,8,18,18,18,18,18,18,208,0,6,6.325842788310883,4.934100004902575,18.313799999305047,14659.0
1782448400,5,POST,/cart/checkout [abuse],1.300000,0.000000,10,10,11,11,11,17,17,17,17,17,17,208,0,10,10.977551922818607,8.520099996530917,55.045099994458724,5004.0
1782448400,5,GET,/product/[id] [checkout abuse],1.300000,0.000000,7,7,7,7,7,18,18,18,18,18,18,208,0,6,6.563220673027759,4.448100000445265,18.2792999985395,5865.0
1782448400,5,,Aggregated,5.200000,0.000000,7,8,9,10,11,17,18,18,18,18,18,837,0,6,19.67610561517447,3.410099998291116,2081.7525000020396,6406.5937873357225
1782448401,5,GET,/ [checkout abuse session],0.000000,0.000000,0,0,0,0,0,0,0,0,0,0,0,5,0,2081.7525000020396,2059.6317800009274,2044.5219000030193,2081.7525000020396,10499.0
1782448401,5,POST,/cart [add item abuse],1.300000,0.000000,4,4,5,5,6,10,10,10,10,10,10,209,0,4,5.801168899483529,3.410099998291116,48.29220000101486,0.0
1782448401,5,GET,/cart [view abuse],1.300000,0.000000,6,8,8,8,9,18,18,18,18,18,18,209,0,6,6.337661722347165,4.934100004902575,18.313799999305047,14659.0
1782448401,5,POST,/cart/checkout [abuse],1.300000,0.000000,10,10,11,11,11,17,17,17,17,17,17,209,0,10,10.974476554789737,8.520099996530917,55.045099994458724,5004.0
1782448401,5,GET,/product/[id] [checkout abuse],1.300000,0.000000,7,7,7,7,9,18,18,18,18,18,18,209,0,6,6.57500956929818,4.448100000445265,18.2792999985395,5865.0
1782448401,5,,Aggregated,5.200000,0.000000,7,9,9,10,11,17,18,18,18,18,18,841,0,6,19.62308810927661,3.410099998291116,2081.7525000020396,6406.476813317479
1782448402,5,GET,/ [checkout abuse session],0.000000,0.000000,0,0,0,0,0,0,0,0,0,0,0,5,0,2081.7525000020396,2059.6317800009274,2044.5219000030193,2081.7525000020396,10499.0
1782448402,5,POST,/cart [add item abuse],1.400000,0.000000,4,4,5,5,6,10,10,10,10,10,10,211,0,4,5.785519431259095,3.410099998291116,48.29220000101486,0.0
1782448402,5,GET,/cart [view abuse],1.400000,0.000000,6,6,8,8,9,18,18,18,18,18,18,211,0,6,6.3331431278327734,4.934100004902575,18.313799999305047,14659.0
1782448402,5,POST,/cart/checkout [abuse],1.400000,0.000000,10,10,11,11,11,17,17,17,17,17,17,211,0,10,10.964722748596433,8.520099996530917,55.045099994458724,5004.0
1782448402,5,GET,/product/[id] [checkout abuse],1.400000,0.000000,7,7,8,8,9,18,18,18,18,18,18,211,0,6,6.577789099434318,4.448100000445265,18.2792999985395,5865.0
1782448402,5,,Aggregated,5.600000,0.000000,7,9,9,10,11,17,18,18,18,18,18,849,0,6,19.501374204838058,3.410099998291116,2081.7525000020396,6406.24617196702
1782448403,5,GET,/ [checkout abuse session],0.000000,0.000000,0,0,0,0,0,0,0,0,0,0,0,5,0,2081.7525000020396,2059.6317800009274,2044.5219000030193,2081.7525000020396,10499.0
1782448403,5,POST,/cart [add item abuse],1.200000,0.000000,4,4,5,6,10,10,10,10,10,10,10,212,0,4,5.775585377327757,3.410099998291116,48.29220000101486,0.0
1782448403,5,GET,/cart [view abuse],1.200000,0.000000,6,6,7,9,18,18,18,18,18,18,18,212,0,6,6.335279716881385,4.934100004902575,18.313799999305047,14659.0
1782448403,5,POST,/cart/checkout [abuse],1.200000,0.000000,10,10,11,11,17,17,17,17,17,17,17,212,0,10,10.96665801865901,8.520099996530917,55.045099994458724,5004.0
1782448403,5,GET,/product/[id] [checkout abuse],1.200000,0.000000,7,7,8,9,18,18,18,18,18,18,18,212,0,6,6.577679245207757,4.448100000445265,18.2792999985395,5865.0
1782448403,5,,Aggregated,4.800000,0.000000,7,9,9,10,11,18,18,18,18,18,18,853,0,6,19.44321430236428,3.410099998291116,2081.7525000020396,6406.132473622509
1782448404,5,GET,/ [checkout abuse session],0.000000,0.000000,0,0,0,0,0,0,0,0,0,0,0,5,0,2081.7525000020396,2059.6317800009274,2044.5219000030193,2081.7525000020396,10499.0
1782448404,5,POST,/cart [add item abuse],1.200000,0.000000,4,5,5,5,6,10,10,10,10,10,10,213,0,4,5.7699267605309785,3.410099998291116,48.29220000101486,0.0
1782448404,5,GET,/cart [view abuse],1.200000,0.000000,6,6,7,7,9,18,18,18,18,18,18,213,0,6,6.33578028157818,4.934100004902575,18.313799999305047,14659.0
1782448404,5,POST,/cart/checkout [abuse],1.200000,0.000000,10,11,11,11,17,52,52,52,52,52,52,213,0,10,11.159057746265038,8.520099996530917,55.045099994458724,5004.0
1782448404,5,GET,/product/[id] [checkout abuse],1.200000,0.000000,7,7,8,8,9,18,18,18,18,18,18,213,0,6,6.57605164311471,4.448100000445265,18.2792999985395,5865.0
1782448404,5,,Aggregated,4.800000,0.000000,7,9,9,10,11,18,52,52,52,52,52,857,0,6,19.43320046664151,3.410099998291116,2081.7525000020396,6406.01983663944
1782448405,5,GET,/ [checkout abuse session],0.000000,0.000000,0,0,0,0,0,0,0,0,0,0,0,5,0,2081.7525000020396,2059.6317800009274,2044.5219000030193,2081.7525000020396,10499.0
1782448405,5,POST,/cart [add item abuse],1.300000,0.000000,4,5,5,5,6,48,48,48,48,48,48,214,0,4,5.965057009319442,3.410099998291116,48.29220000101486,0.0
1782448405,5,GET,/cart [view abuse],1.300000,0.000000,6,6,7,7,8,9,9,9,9,9,9,214,0,6,6.341465887735722,4.934100004902575,18.313799999305047,14659.0
1782448405,5,POST,/cart/checkout [abuse],1.300000,0.000000,10,11,11,11,13,52,52,52,52,52,52,214,0,10,11.168614485753682,8.520099996530917,55.045099994458724,5004.0
1782448405,5,GET,/product/[id] [checkout abuse],1.300000,0.000000,7,7,7,7,8,9,9,9,9,9,9,214,0,6,6.57027102797401,4.448100000445265,18.2792999985395,5865.0
1782448405,5,,Aggregated,5.200000,0.000000,6,8,9,9,11,13,52,52,52,52,52,861,0,6,19.42842775831843,3.410099998291116,2081.7525000020396,6405.908246225319
1782448406,5,GET,/ [checkout abuse session],0.000000,0.000000,0,0,0,0,0,0,0,0,0,0,0,5,0,2081.7525000020396,2059.6317800009274,2044.5219000030193,2081.7525000020396,10499.0
1782448406,5,POST,/cart [add item abuse],1.200000,0.000000,4,5,5,5,6,48,48,48,48,48,48,216,0,4,5.952039351810796,3.410099998291116,48.29220000101486,0.0
1782448406,5,GET,/cart [view abuse],1.200000,0.000000,6,6,8,8,9,9,9,9,9,9,9,216,0,6,6.347376388778987,4.934100004902575,18.313799999305047,14659.0
1782448406,5,POST,/cart/checkout [abuse],1.200000,0.000000,10,11,13,13,14,52,52,52,52,52,52,216,0,10,11.168623610905748,8.520099996530917,55.045099994458724,5004.0
1782448406,5,GET,/product/[id] [checkout abuse],1.200000,0.000000,7,7,8,8,9,9,9,9,9,9,9,216,0,6,6.583306944372048,4.448100000445265,18.2792999985395,5865.0
1782448406,5,,Aggregated,4.800000,0.000000,7,9,9,9,11,14,52,52,52,52,52,869,0,6,19.32019528183203,3.410099998291116,2081.7525000020396,6405.688147295742
1782448407,5,GET,/ [checkout abuse session],0.000000,0.000000,0,0,0,0,0,0,0,0,0,0,0,5,0,2081.7525000020396,2059.6317800009274,2044.5219000030193,2081.7525000020396,10499.0
1782448407,5,POST,/cart [add item abuse],1.100000,0.000000,4,5,5,5,6,48,48,48,48,48,48,217,0,4,5.9412447004047895,3.410099998291116,48.29220000101486,0.0
1782448407,5,GET,/cart [view abuse],1.100000,0.000000,6,7,8,8,9,9,9,9,9,9,9,217,0,6,6.3421645160232805,4.934100004902575,18.313799999305047,14659.0
1782448407,5,POST,/cart/checkout [abuse],1.100000,0.000000,10,11,13,13,14,52,52,52,52,52,52,217,0,10,11.1629617509305,8.520099996530917,55.045099994458724,5004.0
1782448407,5,GET,/product/[id] [checkout abuse],1.100000,0.000000,7,7,8,8,9,9,9,9,9,9,9,217,0,6,6.585463594377292,4.448100000445265,18.2792999985395,5865.0
1782448407,5,,Aggregated,4.400000,0.000000,7,9,9,9,11,14,52,52,52,52,52,873,0,6,19.26124513161663,3.410099998291116,2081.7525000020396,6405.579610538373
1782448408,5,GET,/ [checkout abuse session],0.000000,0.000000,0,0,0,0,0,0,0,0,0,0,0,5,0,2081.7525000020396,2059.6317800009274,2044.5219000030193,2081.7525000020396,10499.0
1782448408,5,POST,/cart [add item abuse],1.100000,0.000000,5,5,6,6,45,48,48,48,48,48,48,218,0,4,6.119317889847438,3.410099998291116,48.29220000101486,0.0
1782448408,5,GET,/cart [view abuse],1.100000,0.000000,6,6,8,8,9,9,9,9,9,9,9,218,0,6,6.3414220182385845,4.934100004902575,18.313799999305047,14659.0
1782448408,5,POST,/cart/checkout [abuse],1.100000,0.000000,10,11,13,13,14,52,52,52,52,52,52,218,0,10,11.152223394290543,8.520099996530917,55.045099994458724,5004.0
1782448408,5,GET,/product/[id] [checkout abuse],1.100000,0.000000,7,7,8,8,9,9,9,9,9,9,9,218,0,6,6.581493119174912,4.448100000445265,18.2792999985395,5865.0
1782448408,5,,Aggregated,4.400000,0.000000,7,9,9,9,13,45,52,52,52,52,52,877,0,6,19.248062029535756,3.410099998291116,2081.7525000020396,6405.4720638540475
1782448409,5,GET,/ [checkout abuse session],0.000000,0.000000,0,0,0,0,0,0,0,0,0,0,0,5,0,2081.7525000020396,2059.6317800009274,2044.5219000030193,2081.7525000020396,10499.0
1782448409,5,POST,/cart [add item abuse],1.300000,0.000000,5,5,6,6,45,48,48,48,48,48,48,220,0,4,6.099059999905876,3.410099998291116,48.29220000101486,0.0
1782448409,5,GET,/cart [view abuse],1.300000,0.000000,6,7,8,8,9,9,9,9,9,9,9,220,0,6,6.340663636265989,4.934100004902575,18.313799999305047,14659.0
1782448409,5,POST,/cart/checkout [abuse],1.300000,0.000000,11,11,13,13,14,52,52,52,52,52,52,220,0,10,11.15053999978541,8.520099996530917,55.045099994458724,5004.0
1782448409,5,GET,/product/[id] [checkout abuse],1.300000,0.000000,7,7,8,8,9,9,9,9,9,9,9,220,0,6,6.580094090862655,4.448100000445265,18.2792999985395,5865.0
1782448409,5,,Aggregated,5.200000,0.000000,7,9,9,10,13,45,52,52,52,52,52,885,0,6,19.136313672209063,3.410099998291116,2081.7525000020396,6405.25988700565
1782448410,5,GET,/ [checkout abuse session],0.000000,0.000000,0,0,0,0,0,0,0,0,0,0,0,5,0,2081.7525000020396,2059.6317800009274,2044.5219000030193,2081.7525000020396,10499.0
1782448410,5,POST,/cart [add item abuse],1.300000,0.000000,4,5,5,5,45,48,48,48,48,48,48,221,0,4,6.089463348332393,3.410099998291116,48.29220000101486,0.0
1782448410,5,GET,/cart [view abuse],1.300000,0.000000,6,6,7,7,8,9,9,9,9,9,9,221,0,6,6.3359936650808715,4.934100004902575,18.313799999305047,14659.0
1782448410,5,POST,/cart/checkout [abuse],1.300000,0.000000,11,11,13,13,14,52,52,52,52,52,52,221,0,10,11.141954298449598,8.520099996530917,55.045099994458724,5004.0
1782448410,5,GET,/product/[id] [checkout abuse],1.300000,0.000000,7,7,7,7,8,9,9,9,9,9,9,221,0,6,6.57759728501456,4.448100000445265,18.2792999985395,5865.0
1782448410,5,,Aggregated,5.200000,0.000000,7,8,9,10,13,45,52,52,52,52,52,889,0,6,19.077846794054608,3.410099998291116,2081.7525000020396,6405.155230596176
1782448411,5,GET,/ [checkout abuse session],0.000000,0.000000,0,0,0,0,0,0,0,0,0,0,0,5,0,2081.7525000020396,2059.6317800009274,2044.5219000030193,2081.7525000020396,10499.0
1782448411,5,POST,/cart [add item abuse],1.200000,0.000000,5,5,45,45,46,48,48,48,48,48,48,223,0,4,6.271549327272375,3.410099998291116,48.29220000101486,0.0
1782448411,5,GET,/cart [view abuse],1.200000,0.000000,6,6,7,7,8,9,9,9,9,9,9,223,0,6,6.3345179371491405,4.934100004902575,18.313799999305047,14659.0
1782448411,5,POST,/cart/checkout [abuse],1.200000,0.000000,11,11,13,13,14,52,52,52,52,52,52,223,0,10,11.130228699368974,8.520099996530917,55.045099994458724,5004.0
1782448411,5,GET,/product/[id] [checkout abuse],1.200000,0.000000,7,7,7,7,7,9,9,9,9,9,9,223,0,6,6.57940717482409,4.448100000445265,18.2792999985395,5865.0
1782448411,5,,Aggregated,4.800000,0.000000,7,9,9,10,14,46,52,52,52,52,52,897,0,6,19.017347491544804,3.410099998291116,2081.7525000020396,6404.948717948718
1782448412,5,GET,/ [checkout abuse session],0.000000,0.000000,0,0,0,0,0,0,0,0,0,0,0,5,0,2081.7525000020396,2059.6317800009274,2044.5219000030193,2081.7525000020396,10499.0
1782448412,5,POST,/cart [add item abuse],1.200000,0.000000,5,5,45,45,46,48,48,48,48,48,48,224,0,4,6.264149107080032,3.410099998291116,48.29220000101486,0.0
1782448412,5,GET,/cart [view abuse],1.200000,0.000000,6,6,7,7,8,9,9,9,9,9,9,224,0,6,6.336170535632846,4.934100004902575,18.313799999305047,14659.0
1782448412,5,POST,/cart/checkout [abuse],1.200000,0.000000,11,11,13,13,14,52,52,52,52,52,52,224,0,10,11.127570981963279,8.520099996530917,55.045099994458724,5004.0
1782448412,5,GET,/product/[id] [checkout abuse],1.200000,0.000000,7,7,7,7,7,9,9,9,9,9,9,224,0,6,6.576279464232877,4.448100000445265,18.2792999985395,5865.0
1782448412,5,,Aggregated,4.800000,0.000000,7,9,9,10,14,46,52,52,52,52,52,901,0,6,18.963699222996958,3.410099998291116,2081.7525000020396,6404.846836847947
1782448413,5,GET,/ [checkout abuse session],0.000000,0.000000,0,0,0,0,0,0,0,0,0,0,0,5,0,2081.7525000020396,2059.6317800009274,2044.5219000030193,2081.7525000020396,10499.0
1782448413,5,POST,/cart [add item abuse],1.300000,0.000000,5,5,45,45,46,48,48,48,48,48,48,225,0,4,6.255094222142361,3.410099998291116,48.29220000101486,0.0
1782448413,5,GET,/cart [view abuse],1.300000,0.000000,6,7,7,7,8,9,9,9,9,9,9,225,0,6,6.338819555466115,4.934100004902575,18.313799999305047,14659.0
1782448413,5,POST,/cart/checkout [abuse],1.300000,0.000000,10,11,11,11,13,14,14,14,14,14,14,225,0,10,11.124242666474958,8.520099996530917,55.045099994458724,5004.0
1782448413,5,GET,/product/[id] [checkout abuse],1.300000,0.000000,7,7,7,7,7,9,9,9,9,9,9,225,0,6,6.574207555483251,4.448100000445265,18.2792999985395,5865.0
1782448413,5,,Aggregated,5.200000,0.000000,7,9,9,10,13,45,48,48,48,48,48,905,0,6,18.910431823101813,3.410099998291116,2081.7525000020396,6404.745856353591
1782448414,5,GET,/ [checkout abuse session],0.000000,0.000000,0,0,0,0,0,0,0,0,0,0,0,5,0,2081.7525000020396,2059.6317800009274,2044.5219000030193,2081.7525000020396,10499.0
1782448414,5,POST,/cart [add item abuse],1.300000,0.000000,4,5,5,6,45,46,46,46,46,46,46,227,0,4,6.234926872176174,3.410099998291116,48.29220000101486,0.0
1782448414,5,GET,/cart [view abuse],1.300000,0.000000,6,6,7,7,7,9,9,9,9,9,9,227,0,6,6.333294273068203,4.934100004902575,18.313799999305047,14659.0
1782448414,5,POST,/cart/checkout [abuse],1.300000,0.000000,10,11,11,11,12,14,14,14,14,14,14,227,0,10,11.120662554881344,8.520099996530917,55.045099994458724,5004.0
1782448414,5,GET,/product/[id] [checkout abuse],1.300000,0.000000,6,7,7,7,7,9,9,9,9,9,9,227,0,6,6.568609251037377,4.448100000445265,18.2792999985395,5865.0
1782448414,5,,Aggregated,5.200000,0.000000,6,7,9,9,11,14,45,46,46,46,46,913,0,6,18.802420372309594,3.410099998291116,2081.7525000020396,6404.546549835706
1782448415,5,GET,/ [checkout abuse session],0.000000,0.000000,0,0,0,0,0,0,0,0,0,0,0,5,0,2081.7525000020396,2059.6317800009274,2044.5219000030193,2081.7525000020396,10499.0
1782448415,5,POST,/cart [add item abuse],1.300000,0.000000,4,4,6,6,45,46,46,46,46,46,46,228,0,4,6.2256640350122385,3.410099998291116,48.29220000101486,0.0
1782448415,5,GET,/cart [view abuse],1.300000,0.000000,6,6,7,7,7,7,7,7,7,7,7,228,0,6,6.3347346490525265,4.934100004902575,18.313799999305047,14659.0
1782448415,5,POST,/cart/checkout [abuse],1.300000,0.000000,10,10,11,11,11,12,12,12,12,12,12,228,0,10,11.117176315581258,8.520099996530917,55.045099994458724,5004.0
1782448415,5,GET,/product/[id] [checkout abuse],1.300000,0.000000,6,7,7,7,7,7,7,7,7,7,7,228,0,6,6.572305701698305,4.448100000445265,18.2792999985395,5865.0
1782448415,5,,Aggregated,5.200000,0.000000,6,7,9,10,11,12,46,46,46,46,46,917,0,6,18.751506761080854,3.410099998291116,2081.7525000020396,6404.448200654308
1782448416,5,GET,/ [checkout abuse session],0.000000,0.000000,0,0,0,0,0,0,0,0,0,0,0,5,0,2081.7525000020396,2059.6317800009274,2044.5219000030193,2081.7525000020396,10499.0
1782448416,5,POST,/cart [add item abuse],1.300000,0.000000,4,4,5,6,45,46,46,46,46,46,46,230,0,4,6.206024347731095,3.410099998291116,48.29220000101486,0.0
1782448416,5,GET,/cart [view abuse],1.300000,0.000000,6,7,7,7,7,7,7,7,7,7,7,230,0,6,6.337027826014927,4.934100004902575,18.313799999305047,14659.0
1782448416,5,POST,/cart/checkout [abuse],1.300000,0.000000,10,10,11,11,11,12,12,12,12,12,12,230,0,10,11.107267825908544,8.520099996530917,55.045099994458724,5004.0
1782448416,5,GET,/product/[id] [checkout abuse],1.300000,0.000000,6,6,7,7,7,7,7,7,7,7,7,230,0,6,6.567943478180298,4.448100000445265,18.2792999985395,5865.0
1782448416,5,,Aggregated,5.200000,0.000000,6,7,9,10,11,12,45,46,46,46,46,925,0,6,18.64687513503422,3.410099998291116,2081.7525000020396,6404.254054054054
1782448417,5,GET,/ [checkout abuse session],0.000000,0.000000,0,0,0,0,0,0,0,0,0,0,0,5,0,2081.7525000020396,2059.6317800009274,2044.5219000030193,2081.7525000020396,10499.0
1782448417,5,POST,/cart [add item abuse],1.300000,0.000000,4,4,5,5,6,46,46,46,46,46,46,230,0,4,6.206024347731095,3.410099998291116,48.29220000101486,0.0
1782448417,5,GET,/cart [view abuse],1.300000,0.000000,6,7,7,7,7,7,7,7,7,7,7,230,0,6,6.337027826014927,4.934100004902575,18.313799999305047,14659.0
1782448417,5,POST,/cart/checkout [abuse],1.300000,0.000000,10,10,11,11,11,12,12,12,12,12,12,230,0,10,11.107267825908544,8.520099996530917,55.045099994458724,5004.0
1782448417,5,GET,/product/[id] [checkout abuse],1.300000,0.000000,6,6,7,7,7,7,7,7,7,7,7,230,0,6,6.567943478180298,4.448100000445265,18.2792999985395,5865.0
1782448417,5,,Aggregated,5.200000,0.000000,6,7,9,10,11,11,46,46,46,46,46,925,0,6,18.64687513503422,3.410099998291116,2081.7525000020396,6404.254054054054
1782448418,5,GET,/ [checkout abuse session],0.000000,0.000000,0,0,0,0,0,0,0,0,0,0,0,5,0,2081.7525000020396,2059.6317800009274,2044.5219000030193,2081.7525000020396,10499.0
1782448418,5,POST,/cart [add item abuse],1.400000,0.000000,4,4,5,6,46,46,46,46,46,46,46,230,0,4,6.206024347731095,3.410099998291116,48.29220000101486,0.0
1782448418,5,GET,/cart [view abuse],1.400000,0.000000,6,7,7,7,7,7,7,7,7,7,7,230,0,6,6.337027826014927,4.934100004902575,18.313799999305047,14659.0
1782448418,5,POST,/cart/checkout [abuse],1.300000,0.000000,10,10,10,11,12,12,12,12,12,12,12,230,0,10,11.107267825908544,8.520099996530917,55.045099994458724,5004.0
1782448418,5,GET,/product/[id] [checkout abuse],1.400000,0.000000,6,6,7,7,7,7,7,7,7,7,7,231,0,6,6.566927272642991,4.448100000445265,18.2792999985395,5865.0
1782448418,5,,Aggregated,5.500000,0.000000,6,7,9,9,10,11,46,46,46,46,46,926,0,6,18.6335774297038,3.410099998291116,2081.7525000020396,6403.671706263499
1782448419,5,GET,/ [checkout abuse session],0.000000,0.000000,0,0,0,0,0,0,0,0,0,0,0,5,0,2081.7525000020396,2059.6317800009274,2044.5219000030193,2081.7525000020396,10499.0
1782448419,5,POST,/cart [add item abuse],1.400000,0.000000,4,4,5,5,6,46,46,46,46,46,46,233,0,4,6.176731759550393,3.410099998291116,48.29220000101486,0.0
1782448419,5,GET,/cart [view abuse],1.400000,0.000000,6,6,7,7,7,7,7,7,7,7,7,233,0,6,6.329427896907639,4.934100004902575,18.313799999305047,14659.0
1782448419,5,POST,/cart/checkout [abuse],1.300000,0.000000,10,10,11,11,12,53,53,53,53,53,53,233,0,10,11.278927038411727,8.520099996530917,55.045099994458724,5004.0
1782448419,5,GET,/product/[id] [checkout abuse],1.400000,0.000000,6,6,7,7,7,7,7,7,7,7,7,233,0,6,6.55050042908251,4.137899995839689,18.2792999985395,5865.0
1782448419,5,,Aggregated,5.500000,0.000000,6,7,9,10,10,12,53,53,53,53,53,937,0,6,18.533992209056045,3.410099998291116,2081.7525000020396,6403.969050160085
1782448420,5,GET,/ [checkout abuse session],0.000000,0.000000,0,0,0,0,0,0,0,0,0,0,0,5,0,2081.7525000020396,2059.6317800009274,2044.5219000030193,2081.7525000020396,10499.0
1782448420,5,POST,/cart [add item abuse],1.200000,0.000000,4,4,4,4,5,5,5,5,5,5,5,234,0,4,6.1686555554609726,3.410099998291116,48.29220000101486,0.0
1782448420,5,GET,/cart [view abuse],1.200000,0.000000,6,7,7,7,7,7,7,7,7,7,7,234,0,6,6.328341452930716,4.934100004902575,18.313799999305047,14659.0
1782448420,5,POST,/cart/checkout [abuse],1.200000,0.000000,10,11,12,12,52,53,53,53,53,53,53,234,0,10,11.454740598084879,8.520099996530917,55.045099994458724,5004.0
1782448420,5,GET,/product/[id] [checkout abuse],1.200000,0.000000,6,6,6,6,7,7,7,7,7,7,7,234,0,6,6.55135341870706,4.137899995839689,18.2792999985395,5865.0
1782448420,5,,Aggregated,4.800000,0.000000,6,7,9,10,10,12,53,53,53,53,53,941,0,6,18.529099043461855,3.410099998291116,2081.7525000020396,6403.875664187035
1782448421,5,GET,/ [checkout abuse session],0.000000,0.000000,0,0,0,0,0,0,0,0,0,0,0,5,0,2081.7525000020396,2059.6317800009274,2044.5219000030193,2081.7525000020396,10499.0
1782448421,5,POST,/cart [add item abuse],1.200000,0.000000,4,4,4,4,4,5,5,5,5,5,5,235,0,4,6.157486382878059,3.410099998291116,48.29220000101486,0.0
1782448421,5,GET,/cart [view abuse],1.200000,0.000000,6,6,7,7,7,7,7,7,7,7,7,235,0,6,6.325263829723476,4.934100004902575,18.313799999305047,14659.0
1782448421,5,POST,/cart/checkout [abuse],1.200000,0.000000,10,11,12,12,52,53,53,53,53,53,53,235,0,10,11.450813191279055,8.520099996530917,55.045099994458724,5004.0
1782448421,5,GET,/product/[id] [checkout abuse],1.200000,0.000000,6,6,7,7,7,7,7,7,7,7,7,235,0,6,6.5521476594632135,4.137899995839689,18.2792999985395,5865.0
1782448421,5,,Aggregated,4.800000,0.000000,6,7,9,10,10,12,53,53,53,53,53,945,0,6,18.47862539670945,3.410099998291116,2081.7525000020396,6403.783068783069
1782448422,5,GET,/ [checkout abuse session],0.000000,0.000000,0,0,0,0,0,0,0,0,0,0,0,5,0,2081.7525000020396,2059.6317800009274,2044.5219000030193,2081.7525000020396,10499.0
1782448422,5,POST,/cart [add item abuse],1.200000,0.000000,4,4,4,4,5,5,5,5,5,5,5,237,0,4,6.143497046320709,3.410099998291116,48.29220000101486,0.0
1782448422,5,GET,/cart [view abuse],1.200000,0.000000,6,6,6,6,7,7,7,7,7,7,7,237,0,6,6.325435021051986,4.934100004902575,18.313799999305047,14659.0
1782448422,5,POST,/cart/checkout [abuse],1.200000,0.000000,10,11,12,12,52,53,53,53,53,53,53,237,0,10,11.442535020918674,8.520099996530917,55.045099994458724,5004.0
1782448422,5,GET,/product/[id] [checkout abuse],1.200000,0.000000,6,6,7,7,7,7,7,7,7,7,7,237,0,6,6.549108016770333,4.137899995839689,18.2792999985395,5865.0
1782448422,5,,Aggregated,4.800000,0.000000,6,7,9,10,11,12,53,53,53,53,53,953,0,6,18.381233158346546,3.410099998291116,2081.7525000020396,6403.600209863589
1782448423,5,GET,/ [checkout abuse session],0.000000,0.000000,0,0,0,0,0,0,0,0,0,0,0,5,0,2081.7525000020396,2059.6317800009274,2044.5219000030193,2081.7525000020396,10499.0
1782448423,5,POST,/cart [add item abuse],1.200000,0.000000,4,4,4,4,5,5,5,5,5,5,5,237,0,4,6.143497046320709,3.410099998291116,48.29220000101486,0.0
1782448423,5,GET,/cart [view abuse],1.200000,0.000000,6,6,6,6,7,7,7,7,7,7,7,237,0,6,6.325435021051986,4.934100004902575,18.313799999305047,14659.0
1782448423,5,POST,/cart/checkout [abuse],1.200000,0.000000,10,11,12,12,52,53,53,53,53,53,53,237,0,10,11.442535020918674,8.520099996530917,55.045099994458724,5004.0
1782448423,5,GET,/product/[id] [checkout abuse],1.200000,0.000000,6,7,7,7,7,7,7,7,7,7,7,237,0,6,6.549108016770333,4.137899995839689,18.2792999985395,5865.0
1782448423,5,,Aggregated,4.800000,0.000000,6,7,9,10,10,12,53,53,53,53,53,953,0,6,18.381233158346546,3.410099998291116,2081.7525000020396,6403.600209863589
1782448424,5,GET,/ [checkout abuse session],0.000000,0.000000,0,0,0,0,0,0,0,0,0,0,0,5,0,2081.7525000020396,2059.6317800009274,2044.5219000030193,2081.7525000020396,10499.0
1782448424,5,POST,/cart [add item abuse],1.200000,0.000000,4,4,5,5,5,5,5,5,5,5,5,240,0,4,6.119934999909067,3.410099998291116,48.29220000101486,0.0
1782448424,5,GET,/cart [view abuse],1.200000,0.000000,6,6,7,7,7,7,7,7,7,7,7,240,0,6,6.332691249978477,4.934100004902575,18.313799999305047,14659.0
1782448424,5,POST,/cart/checkout [abuse],1.200000,0.000000,11,11,13,13,52,53,53,53,53,53,53,240,0,10,11.441927083160408,8.520099996530917,55.045099994458724,5004.0
1782448424,5,GET,/product/[id] [checkout abuse],1.200000,0.000000,6,7,7,7,7,7,7,7,7,7,7,240,0,6,6.547573749867297,4.137899995839689,18.2792999985395,5865.0
1782448424,5,,Aggregated,4.800000,0.000000,6,7,9,10,11,13,53,53,53,53,53,965,0,6,18.242766217517406,3.410099998291116,2081.7525000020396,6403.331606217616
1782448425,5,GET,/ [checkout abuse session],0.000000,0.000000,0,0,0,0,0,0,0,0,0,0,0,5,0,2081.7525000020396,2059.6317800009274,2044.5219000030193,2081.7525000020396,10499.0
1782448425,5,POST,/cart [add item abuse],1.200000,0.000000,4,4,5,5,5,5,5,5,5,5,5,240,0,4,6.119934999909067,3.410099998291116,48.29220000101486,0.0
1782448425,5,GET,/cart [view abuse],1.200000,0.000000,6,6,7,7,7,7,7,7,7,7,7,240,0,6,6.332691249978477,4.934100004902575,18.313799999305047,14659.0
1782448425,5,POST,/cart/checkout [abuse],1.200000,0.000000,11,12,13,13,52,53,53,53,53,53,53,240,0,10,11.441927083160408,8.520099996530917,55.045099994458724,5004.0
1782448425,5,GET,/product/[id] [checkout abuse],1.200000,0.000000,6,7,7,7,7,7,7,7,7,7,7,240,0,6,6.547573749867297,4.137899995839689,18.2792999985395,5865.0
1782448425,5,,Aggregated,4.800000,0.000000,6,7,9,10,11,13,53,53,53,53,53,965,0,6,18.242766217517406,3.410099998291116,2081.7525000020396,6403.331606217616
1782448426,5,GET,/ [checkout abuse session],0.000000,0.000000,0,0,0,0,0,0,0,0,0,0,0,5,0,2081.7525000020396,2059.6317800009274,2044.5219000030193,2081.7525000020396,10499.0
1782448426,5,POST,/cart [add item abuse],1.200000,0.000000,4,4,5,5,5,6,6,6,6,6,6,242,0,4,6.110037190011993,3.410099998291116,48.29220000101486,0.0
1782448426,5,GET,/cart [view abuse],1.200000,0.000000,6,6,7,7,7,8,8,8,8,8,8,242,0,6,6.344819008217584,4.934100004902575,18.313799999305047,14659.0
1782448426,5,POST,/cart/checkout [abuse],1.200000,0.000000,11,12,12,13,52,53,53,53,53,53,53,242,0,10,11.442153305610235,8.520099996530917,55.045099994458724,5004.0
1782448426,5,GET,/product/[id] [checkout abuse],1.200000,0.000000,7,7,7,7,7,7,7,7,7,7,7,242,0,6,6.545461570101546,4.137899995839689,18.2792999985395,5865.0
1782448426,5,,Aggregated,4.800000,0.000000,6,7,9,10,12,13,53,53,53,53,53,973,0,6,18.15543360729542,3.410099998291116,2081.7525000020396,6403.156217882836
1782448427,5,GET,/ [checkout abuse session],0.000000,0.000000,0,0,0,0,0,0,0,0,0,0,0,5,0,2081.7525000020396,2059.6317800009274,2044.5219000030193,2081.7525000020396,10499.0
1782448427,5,POST,/cart [add item abuse],1.200000,0.000000,4,4,5,5,5,6,6,6,6,6,6,242,0,4,6.110037190011993,3.410099998291116,48.29220000101486,0.0
1782448427,5,GET,/cart [view abuse],1.200000,0.000000,6,6,7,7,7,8,8,8,8,8,8,242,0,6,6.344819008217584,4.934100004902575,18.313799999305047,14659.0
1782448427,5,POST,/cart/checkout [abuse],1.200000,0.000000,11,12,13,13,52,53,53,53,53,53,53,242,0,10,11.442153305610235,8.520099996530917,55.045099994458724,5004.0
1782448427,5,GET,/product/[id] [checkout abuse],1.200000,0.000000,7,7,7,7,7,7,7,7,7,7,7,242,0,6,6.545461570101546,4.137899995839689,18.2792999985395,5865.0
1782448427,5,,Aggregated,4.800000,0.000000,6,7,9,10,12,13,53,53,53,53,53,973,0,6,18.15543360729542,3.410099998291116,2081.7525000020396,6403.156217882836
1782448428,5,GET,/ [checkout abuse session],0.000000,0.000000,0,0,0,0,0,0,0,0,0,0,0,5,0,2081.7525000020396,2059.6317800009274,2044.5219000030193,2081.7525000020396,10499.0
1782448428,5,POST,/cart [add item abuse],1.200000,0.000000,4,4,5,5,5,6,6,6,6,6,6,245,0,4,6.079100816194633,3.410099998291116,48.29220000101486,0.0
1782448428,5,GET,/cart [view abuse],1.200000,0.000000,6,6,7,7,7,8,8,8,8,8,8,245,0,6,6.3382612244340075,4.934100004902575,18.313799999305047,14659.0
1782448428,5,POST,/cart/checkout [abuse],1.300000,0.000000,11,11,12,13,52,53,53,53,53,53,53,245,0,10,11.417937959005048,8.520099996530917,55.045099994458724,5004.0
1782448428,5,GET,/product/[id] [checkout abuse],1.200000,0.000000,6,7,7,7,7,7,7,7,7,7,7,245,0,6,6.537825714146994,4.137899995839689,18.2792999985395,5865.0
1782448428,5,,Aggregated,4.900000,0.000000,6,7,9,10,11,13,52,53,53,53,53,985,0,6,18.009720507493306,3.410099998291116,2081.7525000020396,6402.8984771573605
1782448429,5,GET,/ [checkout abuse session],0.000000,0.000000,0,0,0,0,0,0,0,0,0,0,0,5,0,2081.7525000020396,2059.6317800009274,2044.5219000030193,2081.7525000020396,10499.0
1782448429,5,POST,/cart [add item abuse],1.200000,0.000000,4,4,5,5,5,6,6,6,6,6,6,245,0,4,6.079100816194633,3.410099998291116,48.29220000101486,0.0
1782448429,5,GET,/cart [view abuse],1.200000,0.000000,6,7,7,7,7,8,8,8,8,8,8,245,0,6,6.3382612244340075,4.934100004902575,18.313799999305047,14659.0
1782448429,5,POST,/cart/checkout [abuse],1.300000,0.000000,11,11,12,12,13,52,52,52,52,52,52,245,0,10,11.417937959005048,8.520099996530917,55.045099994458724,5004.0
1782448429,5,GET,/product/[id] [checkout abuse],1.200000,0.000000,7,7,7,7,7,7,7,7,7,7,7,245,0,6,6.537825714146994,4.137899995839689,18.2792999985395,5865.0
1782448429,5,,Aggregated,4.900000,0.000000,6,7,9,9,11,12,52,52,52,52,52,985,0,6,18.009720507493306,3.410099998291116,2081.7525000020396,6402.8984771573605
1782448430,5,GET,/ [checkout abuse session],0.000000,0.000000,0,0,0,0,0,0,0,0,0,0,0,5,0,2081.7525000020396,2059.6317800009274,2044.5219000030193,2081.7525000020396,10499.0
1782448430,5,POST,/cart [add item abuse],1.200000,0.000000,4,4,5,5,6,6,6,6,6,6,6,245,0,4,6.079100816194633,3.410099998291116,48.29220000101486,0.0
1782448430,5,GET,/cart [view abuse],1.200000,0.000000,7,7,7,7,8,8,8,8,8,8,8,245,0,6,6.3382612244340075,4.934100004902575,18.313799999305047,14659.0
1782448430,5,POST,/cart/checkout [abuse],1.300000,0.000000,11,11,12,12,13,52,52,52,52,52,52,245,0,10,11.417937959005048,8.520099996530917,55.045099994458724,5004.0
1782448430,5,GET,/product/[id] [checkout abuse],1.200000,0.000000,6,7,7,7,7,7,7,7,7,7,7,245,0,6,6.537825714146994,4.137899995839689,18.2792999985395,5865.0
1782448430,5,,Aggregated,4.900000,0.000000,6,7,9,9,11,12,13,13,13,13,13,985,0,6,18.009720507493306,3.410099998291116,2081.7525000020396,6402.8984771573605
1782448431,5,GET,/ [checkout abuse session],0.000000,0.000000,0,0,0,0,0,0,0,0,0,0,0,5,0,2081.7525000020396,2059.6317800009274,2044.5219000030193,2081.7525000020396,10499.0
1782448431,5,POST,/cart [add item abuse],1.400000,0.000000,4,4,5,5,6,6,6,6,6,6,6,247,0,4,6.068454250906121,3.410099998291116,48.29220000101486,0.0
1782448431,5,GET,/cart [view abuse],1.400000,0.000000,7,7,7,7,8,8,8,8,8,8,8,247,0,6,6.345812955392602,4.934100004902575,18.313799999305047,14659.0
1782448431,5,POST,/cart/checkout [abuse],1.400000,0.000000,11,11,12,12,12,13,13,13,13,13,13,247,0,10,11.413771659724965,8.520099996530917,55.045099994458724,5004.0
1782448431,5,GET,/product/[id] [checkout abuse],1.400000,0.000000,6,7,7,7,7,7,7,7,7,7,7,247,0,6,6.53924453426916,4.137899995839689,18.2792999985395,5865.0
1782448431,5,,Aggregated,5.600000,0.000000,7,7,9,10,11,12,13,13,13,13,13,993,0,6,17.924348338244684,3.410099998291116,2081.7525000020396,6402.730110775428
1782448432,5,GET,/ [checkout abuse session],0.000000,0.000000,0,0,0,0,0,0,0,0,0,0,0,5,0,2081.7525000020396,2059.6317800009274,2044.5219000030193,2081.7525000020396,10499.0
1782448432,5,POST,/cart [add item abuse],1.200000,0.000000,4,4,5,5,6,6,6,6,6,6,6,249,0,4,6.050140562182785,3.410099998291116,48.29220000101486,0.0
1782448432,5,GET,/cart [view abuse],1.200000,0.000000,7,7,7,7,8,8,8,8,8,8,8,249,0,6,6.348501606346445,4.934100004902575,18.313799999305047,14659.0
1782448432,5,POST,/cart/checkout [abuse],1.200000,0.000000,11,11,11,11,12,13,13,13,13,13,13,249,0,10,11.401037750822955,8.520099996530917,55.045099994458724,5004.0
1782448432,5,GET,/product/[id] [checkout abuse],1.200000,0.000000,6,7,7,7,7,7,7,7,7,7,7,249,0,6,6.531369076185228,4.137899995839689,18.2792999985395,5865.0
1782448432,5,,Aggregated,4.800000,0.000000,7,7,9,10,11,11,13,13,13,13,13,1001,0,6,17.832757342550902,3.410099998291116,2081.7525000020396,6402.564435564435
1782448433,5,GET,/ [checkout abuse session],0.000000,0.000000,0,0,0,0,0,0,0,0,0,0,0,5,0,2081.7525000020396,2059.6317800009274,2044.5219000030193,2081.7525000020396,10499.0
1782448433,5,POST,/cart [add item abuse],1.200000,0.000000,4,4,4,5,6,6,6,6,6,6,6,250,0,4,6.041208799957531,3.410099998291116,48.29220000101486,0.0
1782448433,5,GET,/cart [view abuse],1.200000,0.000000,7,7,7,7,8,8,8,8,8,8,8,250,0,6,6.3502847999334335,4.934100004902575,18.313799999305047,14659.0
1782448433,5,POST,/cart/checkout [abuse],1.200000,0.000000,10,11,11,11,12,13,13,13,13,13,13,250,0,10,11.396899599843891,8.520099996530917,55.045099994458724,5004.0
1782448433,5,GET,/product/[id] [checkout abuse],1.200000,0.000000,6,7,7,7,7,7,7,7,7,7,7,250,0,6,6.5297511998796836,4.137899995839689,18.2792999985395,5865.0
1782448433,5,,Aggregated,4.800000,0.000000,7,7,9,10,11,11,12,13,13,13,13,1005,0,6,17.788751243689823,3.410099998291116,2081.7525000020396,6402.482587064676
1782448434,5,GET,/ [checkout abuse session],0.000000,0.000000,0,0,0,0,0,0,0,0,0,0,0,5,0,2081.7525000020396,2059.6317800009274,2044.5219000030193,2081.7525000020396,10499.0
1782448434,5,POST,/cart [add item abuse],1.200000,0.000000,4,4,4,6,6,6,6,6,6,6,6,250,0,4,6.041208799957531,3.410099998291116,48.29220000101486,0.0
1782448434,5,GET,/cart [view abuse],1.200000,0.000000,7,7,7,8,8,8,8,8,8,8,8,250,0,6,6.3502847999334335,4.934100004902575,18.313799999305047,14659.0
1782448434,5,POST,/cart/checkout [abuse],1.200000,0.000000,10,11,11,11,12,12,12,12,12,12,12,250,0,10,11.396899599843891,8.520099996530917,55.045099994458724,5004.0
1782448434,5,GET,/product/[id] [checkout abuse],1.200000,0.000000,6,6,7,7,7,7,7,7,7,7,7,250,0,6,6.5297511998796836,4.137899995839689,18.2792999985395,5865.0
1782448434,5,,Aggregated,4.800000,0.000000,7,7,9,10,11,11,12,12,12,12,12,1005,0,6,17.788751243689823,3.410099998291116,2081.7525000020396,6402.482587064676
1782448435,5,GET,/ [checkout abuse session],0.000000,0.000000,0,0,0,0,0,0,0,0,0,0,0,5,0,2081.7525000020396,2059.6317800009274,2044.5219000030193,2081.7525000020396,10499.0
1782448435,5,POST,/cart [add item abuse],1.300000,0.000000,4,4,4,6,6,49,49,49,49,49,49,253,0,4,6.195449011824591,3.410099998291116,49.43729999649804,0.0
1782448435,5,GET,/cart [view abuse],1.300000,0.000000,7,7,7,7,8,8,8,8,8,8,8,253,0,6,6.347239920884424,4.934100004902575,18.313799999305047,14659.0
1782448435,5,POST,/cart/checkout [abuse],1.300000,0.000000,10,11,11,11,12,55,55,55,55,55,55,253,0,10,11.55268616586456,8.418899997195695,55.11790000309702,5004.0
1782448435,5,GET,/product/[id] [checkout abuse],1.300000,0.000000,6,6,6,7,7,7,7,7,7,7,7,253,0,6,6.521443873403452,4.137899995839689,18.2792999985395,5865.0
1782448435,5,,Aggregated,5.200000,0.000000,7,7,9,10,11,12,49,55,55,55,55,1017,0,6,17.74259006874614,3.410099998291116,2081.7525000020396,6402.240904621435
1782448436,5,GET,/ [checkout abuse session],0.000000,0.000000,0,0,0,0,0,0,0,0,0,0,0,5,0,2081.7525000020396,2059.6317800009274,2044.5219000030193,2081.7525000020396,10499.0
1782448436,5,POST,/cart [add item abuse],1.300000,0.000000,4,4,4,4,6,49,49,49,49,49,49,254,0,4,6.1865944881565085,3.410099998291116,49.43729999649804,0.0
1782448436,5,GET,/cart [view abuse],1.300000,0.000000,7,7,7,7,7,8,8,8,8,8,8,254,0,6,6.348753149536856,4.934100004902575,18.313799999305047,14659.0
1782448436,5,POST,/cart/checkout [abuse],1.300000,0.000000,10,10,11,11,55,58,58,58,58,58,58,254,0,10,11.736535432918766,8.418899997195695,58.250399997632485,5004.0
1782448436,5,GET,/product/[id] [checkout abuse],1.300000,0.000000,6,6,6,6,7,7,7,7,7,7,7,254,0,6,6.521174409313312,4.137899995839689,18.2792999985395,5865.0
1782448436,5,,Aggregated,5.200000,0.000000,6,7,9,10,11,49,58,58,58,58,58,1021,0,6,17.746910381886092,3.410099998291116,2081.7525000020396,6402.161606268364
1782448437,5,GET,/ [checkout abuse session],0.000000,0.000000,0,0,0,0,0,0,0,0,0,0,0,5,0,2081.7525000020396,2059.6317800009274,2044.5219000030193,2081.7525000020396,10499.0
1782448437,5,POST,/cart [add item abuse],1.000000,0.000000,4,4,6,6,7,49,49,49,49,49,49,255,0,4,6.190515686238559,3.410099998291116,49.43729999649804,0.0
1782448437,5,GET,/cart [view abuse],1.000000,0.000000,7,7,7,7,7,8,8,8,8,8,8,255,0,6,6.350455686190924,4.934100004902575,18.313799999305047,14659.0
1782448437,5,POST,/cart/checkout [abuse],1.000000,0.000000,10,11,11,11,55,58,58,58,58,58,58,255,0,10,11.73155372534358,8.418899997195695,58.250399997632485,5004.0
1782448437,5,GET,/product/[id] [checkout abuse],1.000000,0.000000,6,6,7,7,7,7,7,7,7,7,7,255,0,6,6.521442744968797,4.137899995839689,18.2792999985395,5865.0
1782448437,5,,Aggregated,4.000000,0.000000,7,7,9,10,11,49,58,58,58,58,58,1025,0,6,17.707922634052498,3.410099998291116,2081.7525000020396,6402.082926829268
1782448438,5,GET,/ [checkout abuse session],0.000000,0.000000,0,0,0,0,0,0,0,0,0,0,0,5,0,2081.7525000020396,2059.6317800009274,2044.5219000030193,2081.7525000020396,10499.0
1782448438,5,POST,/cart [add item abuse],1.200000,0.000000,4,4,6,6,7,49,49,49,49,49,49,256,0,4,6.182999999964522,3.410099998291116,49.43729999649804,0.0
1782448438,5,GET,/cart [view abuse],1.200000,0.000000,7,7,7,7,7,8,8,8,8,8,8,256,0,6,6.348489062418139,4.934100004902575,18.313799999305047,14659.0
1782448438,5,POST,/cart/checkout [abuse],1.200000,0.000000,10,10,11,11,55,58,58,58,58,58,58,256,0,10,11.725228124873865,8.418899997195695,58.250399997632485,5004.0
1782448438,5,GET,/product/[id] [checkout abuse],1.200000,0.000000,6,6,7,7,7,7,7,7,7,7,7,256,0,6,6.519583593643574,4.137899995839689,18.2792999985395,5865.0
1782448438,5,,Aggregated,4.800000,0.000000,7,7,9,10,11,49,58,58,58,58,58,1029,0,6,17.664617978537475,3.410099998291116,2081.7525000020396,6402.004859086492
1782448439,5,GET,/ [checkout abuse session],0.000000,0.000000,0,0,0,0,0,0,0,0,0,0,0,5,0,2081.7525000020396,2059.6317800009274,2044.5219000030193,2081.7525000020396,10499.0
1782448439,5,POST,/cart [add item abuse],1.200000,0.000000,4,4,6,6,7,49,49,49,49,49,49,256,0,4,6.182999999964522,3.410099998291116,49.43729999649804,0.0
1782448439,5,GET,/cart [view abuse],1.200000,0.000000,7,7,7,7,7,8,8,8,8,8,8,256,0,6,6.348489062418139,4.934100004902575,18.313799999305047,14659.0
1782448439,5,POST,/cart/checkout [abuse],1.200000,0.000000,10,11,11,11,55,58,58,58,58,58,58,256,0,10,11.725228124873865,8.418899997195695,58.250399997632485,5004.0
1782448439,5,GET,/product/[id] [checkout abuse],1.200000,0.000000,6,6,7,7,7,7,7,7,7,7,7,256,0,6,6.519583593643574,4.137899995839689,18.2792999985395,5865.0
1782448439,5,,Aggregated,4.800000,0.000000,7,7,10,10,11,49,58,58,58,58,58,1029,0,6,17.664617978537475,3.410099998291116,2081.7525000020396,6402.004859086492
1782448440,5,GET,/ [checkout abuse session],0.000000,0.000000,0,0,0,0,0,0,0,0,0,0,0,5,0,2081.7525000020396,2059.6317800009274,2044.5219000030193,2081.7525000020396,10499.0
1782448440,5,POST,/cart [add item abuse],1.300000,0.000000,4,5,5,5,7,49,49,49,49,49,49,258,0,4,6.175349612388437,3.410099998291116,49.43729999649804,0.0
1782448440,5,GET,/cart [view abuse],1.300000,0.000000,7,7,7,7,7,11,11,11,11,11,11,258,0,6,6.365156589067349,4.934100004902575,18.313799999305047,14659.0
1782448440,5,POST,/cart/checkout [abuse],1.300000,0.000000,10,10,12,12,55,58,58,58,58,58,58,258,0,10,11.717140309947142,8.418899997195695,58.250399997632485,5004.0
1782448440,5,GET,/product/[id] [checkout abuse],1.300000,0.000000,6,6,7,7,7,7,7,7,7,7,7,258,0,6,6.519299224730854,4.137899995839689,18.2792999985395,5865.0
1782448440,5,,Aggregated,5.200000,0.000000,7,7,10,10,11,49,58,58,58,58,58,1037,0,6,17.587860077075366,3.410099998291116,2081.7525000020396,6401.850530376085
1782448441,5,GET,/ [checkout abuse session],0.000000,0.000000,0,0,0,0,0,0,0,0,0,0,0,5,0,2081.7525000020396,2059.6317800009274,2044.5219000030193,2081.7525000020396,10499.0
1782448441,5,POST,/cart [add item abuse],1.200000,0.000000,5,6,7,7,7,49,49,49,49,49,49,260,0,4,6.1766730768935165,3.410099998291116,49.43729999649804,0.0
1782448441,5,GET,/cart [view abuse],1.200000,0.000000,7,7,8,8,9,11,11,11,11,11,11,260,0,6,6.383423846077326,4.934100004902575,18.313799999305047,14659.0
1782448441,5,POST,/cart/checkout [abuse],1.200000,0.000000,10,12,15,15,55,58,58,58,58,58,58,260,0,10,11.725558076796005,8.418899997195695,58.250399997632485,5004.0
1782448441,5,GET,/product/[id] [checkout abuse],1.200000,0.000000,6,6,7,7,7,7,7,7,7,7,7,260,0,6,6.519363846102631,4.137899995839689,18.2792999985395,5865.0
1782448441,5,,Aggregated,4.800000,0.000000,7,8,10,10,12,49,58,58,58,58,58,1045,0,6,17.519104114766222,3.410099998291116,2081.7525000020396,6401.698564593302
1782448442,5,GET,/ [checkout abuse session],0.000000,0.000000,0,0,0,0,0,0,0,0,0,0,0,5,0,2081.7525000020396,2059.6317800009274,2044.5219000030193,2081.7525000020396,10499.0
1782448442,5,POST,/cart [add item abuse],1.300000,0.000000,5,5,7,7,7,49,49,49,49,49,49,261,0,4,6.1689003831122635,3.410099998291116,49.43729999649804,0.0
1782448442,5,GET,/cart [view abuse],1.300000,0.000000,7,7,8,8,9,11,11,11,11,11,11,261,0,6,6.383245210641668,4.934100004902575,18.313799999305047,14659.0
1782448442,5,POST,/cart/checkout [abuse],1.300000,0.000000,10,11,15,15,55,58,58,58,58,58,58,261,0,10,11.718535248940174,8.418899997195695,58.250399997632485,5004.0
1782448442,5,GET,/product/[id] [checkout abuse],1.300000,0.000000,6,6,7,7,7,7,7,7,7,7,7,261,0,6,6.521064367770196,4.137899995839689,18.2792999985395,5865.0
1782448442,5,,Aggregated,5.200000,0.000000,7,7,10,10,12,49,58,58,58,58,58,1049,0,6,17.478364537593727,3.410099998291116,2081.7525000020396,6401.623450905625
1782448443,5,GET,/ [checkout abuse session],0.000000,0.000000,0,0,0,0,0,0,0,0,0,0,0,5,0,2081.7525000020396,2059.6317800009274,2044.5219000030193,2081.7525000020396,10499.0
1782448443,5,POST,/cart [add item abuse],1.300000,0.000000,4,5,6,7,7,49,49,49,49,49,49,263,0,4,6.15162699618452,3.410099998291116,49.43729999649804,0.0
1782448443,5,GET,/cart [view abuse],1.300000,0.000000,6,7,7,8,9,11,11,11,11,11,11,263,0,6,6.377013688136827,4.934100004902575,18.313799999305047,14659.0
1782448443,5,POST,/cart/checkout [abuse],1.300000,0.000000,10,11,12,15,55,58,58,58,58,58,58,263,0,10,11.705020912443757,8.418899997195695,58.250399997632485,5004.0
1782448443,5,GET,/product/[id] [checkout abuse],1.300000,0.000000,6,6,7,7,7,7,7,7,7,7,7,263,0,6,6.517542965726541,4.137899995839689,18.2792999985395,5865.0
1782448443,5,,Aggregated,5.200000,0.000000,7,7,10,10,11,49,55,58,58,58,58,1057,0,6,17.394253263897767,3.410099998291116,2081.7525000020396,6401.474929044465
1782448444,5,GET,/ [checkout abuse session],0.000000,0.000000,0,0,0,0,0,0,0,0,0,0,0,5,0,2081.7525000020396,2059.6317800009274,2044.5219000030193,2081.7525000020396,10499.0
1782448444,5,POST,/cart [add item abuse],1.300000,0.000000,4,5,6,6,7,7,7,7,7,7,7,263,0,4,6.15162699618452,3.410099998291116,49.43729999649804,0.0
1782448444,5,GET,/cart [view abuse],1.300000,0.000000,6,7,8,8,9,11,11,11,11,11,11,263,0,6,6.377013688136827,4.934100004902575,18.313799999305047,14659.0
1782448444,5,POST,/cart/checkout [abuse],1.300000,0.000000,10,11,12,12,15,58,58,58,58,58,58,263,0,10,11.705020912443757,8.418899997195695,58.250399997632485,5004.0
1782448444,5,GET,/product/[id] [checkout abuse],1.300000,0.000000,6,7,7,7,7,7,7,7,7,7,7,263,0,6,6.517542965726541,4.137899995839689,18.2792999985395,5865.0
1782448444,5,,Aggregated,5.200000,0.000000,7,7,10,10,11,12,58,58,58,58,58,1057,0,6,17.394253263897767,3.410099998291116,2081.7525000020396,6401.474929044465
1782448445,5,GET,/ [checkout abuse session],0.000000,0.000000,0,0,0,0,0,0,0,0,0,0,0,5,0,2081.7525000020396,2059.6317800009274,2044.5219000030193,2081.7525000020396,10499.0
1782448445,5,POST,/cart [add item abuse],1.100000,0.000000,5,5,6,6,7,7,7,7,7,7,7,265,0,4,6.1383181132149955,3.410099998291116,49.43729999649804,0.0
1782448445,5,GET,/cart [view abuse],1.100000,0.000000,6,7,8,8,9,11,11,11,11,11,11,265,0,6,6.375465282944101,4.934100004902575,18.313799999305047,14659.0
1782448445,5,POST,/cart/checkout [abuse],1.100000,0.000000,10,10,11,11,12,15,15,15,15,15,15,265,0,10,11.689433962175896,8.418899997195695,58.250399997632485,5004.0
1782448445,5,GET,/product/[id] [checkout abuse],1.100000,0.000000,6,7,7,7,7,7,7,7,7,7,7,265,0,6,6.514394339580387,4.137899995839689,18.2792999985395,5865.0
1782448445,5,,Aggregated,4.400000,0.000000,7,7,9,10,10,11,15,15,15,15,15,1065,0,6,17.31298215957954,3.410099998291116,2081.7525000020396,6401.328638497653
1782448446,5,GET,/ [checkout abuse session],0.000000,0.000000,0,0,0,0,0,0,0,0,0,0,0,5,0,2081.7525000020396,2059.6317800009274,2044.5219000030193,2081.7525000020396,10499.0
1782448446,5,POST,/cart [add item abuse],1.300000,0.000000,4,5,5,5,6,7,7,7,7,7,7,266,0,4,6.131592105285884,3.410099998291116,49.43729999649804,0.0
1782448446,5,GET,/cart [view abuse],1.300000,0.000000,6,7,8,8,9,11,11,11,11,11,11,266,0,6,6.374649999929545,4.934100004902575,18.313799999305047,14659.0
1782448446,5,POST,/cart/checkout [abuse],1.300000,0.000000,10,10,11,11,12,15,15,15,15,15,15,266,0,10,11.68474248109654,8.418899997195695,58.250399997632485,5004.0
1782448446,5,GET,/product/[id] [checkout abuse],1.300000,0.000000,6,6,7,7,7,7,7,7,7,7,7,266,0,6,6.513314285667664,4.137899995839689,18.2792999985395,5865.0
1782448446,5,,Aggregated,5.200000,0.000000,6,7,9,10,10,11,15,15,15,15,15,1069,0,6,17.27362245084305,3.410099998291116,2081.7525000020396,6401.256314312442
1782448447,5,GET,/ [checkout abuse session],0.000000,0.000000,0,0,0,0,0,0,0,0,0,0,0,5,0,2081.7525000020396,2059.6317800009274,2044.5219000030193,2081.7525000020396,10499.0
1782448447,5,POST,/cart [add item abuse],1.300000,0.000000,4,5,5,5,6,7,7,7,7,7,7,268,0,4,6.114147761220907,3.410099998291116,49.43729999649804,0.0
1782448447,5,GET,/cart [view abuse],1.300000,0.000000,6,6,7,8,9,11,11,11,11,11,11,268,0,6,6.371972014866474,4.934100004902575,18.313799999305047,14659.0
1782448447,5,POST,/cart/checkout [abuse],1.300000,0.000000,10,10,11,11,12,15,15,15,15,15,15,268,0,10,11.673482089436355,8.418899997195695,58.250399997632485,5004.0
1782448447,5,GET,/product/[id] [checkout abuse],1.300000,0.000000,6,6,7,7,7,7,7,7,7,7,7,268,0,6,6.512269402929945,4.137899995839689,18.2792999985395,5865.0
1782448447,5,,Aggregated,5.200000,0.000000,6,7,9,10,10,11,12,15,15,15,15,1077,0,6,17.194262209795937,3.410099998291116,2081.7525000020396,6401.113277623027
1782448448,5,GET,/ [checkout abuse session],0.000000,0.000000,0,0,0,0,0,0,0,0,0,0,0,5,0,2081.7525000020396,2059.6317800009274,2044.5219000030193,2081.7525000020396,10499.0
1782448448,5,POST,/cart [add item abuse],1.300000,0.000000,4,5,5,5,6,7,7,7,7,7,7,268,0,4,6.114147761220907,3.410099998291116,49.43729999649804,0.0
1782448448,5,GET,/cart [view abuse],1.300000,0.000000,6,6,8,8,9,11,11,11,11,11,11,268,0,6,6.371972014866474,4.934100004902575,18.313799999305047,14659.0
1782448448,5,POST,/cart/checkout [abuse],1.300000,0.000000,10,10,11,11,12,15,15,15,15,15,15,268,0,10,11.673482089436355,8.418899997195695,58.250399997632485,5004.0
1782448448,5,GET,/product/[id] [checkout abuse],1.300000,0.000000,6,6,7,7,7,7,7,7,7,7,7,268,0,6,6.512269402929945,4.137899995839689,18.2792999985395,5865.0
1782448448,5,,Aggregated,5.200000,0.000000,6,7,9,10,11,11,15,15,15,15,15,1077,0,6,17.194262209795937,3.410099998291116,2081.7525000020396,6401.113277623027
1782448449,5,GET,/ [checkout abuse session],0.000000,0.000000,0,0,0,0,0,0,0,0,0,0,0,5,0,2081.7525000020396,2059.6317800009274,2044.5219000030193,2081.7525000020396,10499.0
1782448449,5,POST,/cart [add item abuse],1.100000,0.000000,4,5,5,5,6,7,7,7,7,7,7,269,0,4,6.110863568802013,3.410099998291116,49.43729999649804,0.0
1782448449,5,GET,/cart [view abuse],1.100000,0.000000,6,6,7,7,8,9,9,9,9,9,9,269,0,6,6.37105910776016,4.934100004902575,18.313799999305047,14659.0
1782448449,5,POST,/cart/checkout [abuse],1.100000,0.000000,10,10,11,11,11,15,15,15,15,15,15,269,0,10,11.665363196911313,8.418899997195695,58.250399997632485,5004.0
1782448449,5,GET,/product/[id] [checkout abuse],1.100000,0.000000,6,6,7,7,7,7,7,7,7,7,7,269,0,6,6.511441635612319,4.137899995839689,18.2792999985395,5865.0
1782448449,5,,Aggregated,4.400000,0.000000,6,7,9,9,10,11,15,15,15,15,15,1081,0,6,17.15574153556773,3.410099998291116,2081.7525000020396,6401.04255319149
1782448450,5,GET,/ [checkout abuse session],0.000000,0.000000,0,0,0,0,0,0,0,0,0,0,0,5,0,2081.7525000020396,2059.6317800009274,2044.5219000030193,2081.7525000020396,10499.0
1782448450,5,POST,/cart [add item abuse],1.200000,0.000000,4,4,5,5,6,7,7,7,7,7,7,271,0,4,6.093542435451546,3.410099998291116,49.43729999649804,0.0
1782448450,5,GET,/cart [view abuse],1.200000,0.000000,6,6,6,7,8,9,9,9,9,9,9,271,0,6,6.367525461203302,4.934100004902575,18.313799999305047,14659.0
1782448450,5,POST,/cart/checkout [abuse],1.200000,0.000000,10,10,10,11,11,15,15,15,15,15,15,271,0,10,11.651044280309707,8.418899997195695,58.250399997632485,5004.0
1782448450,5,GET,/product/[id] [checkout abuse],1.200000,0.000000,6,6,7,7,7,7,7,7,7,7,7,271,0,6,6.508918450115381,4.137899995839689,18.2792999985395,5865.0
1782448450,5,,Aggregated,4.800000,0.000000,6,7,9,9,10,11,11,15,15,15,15,1089,0,6,17.076637465512672,3.410099998291116,2081.7525000020396,6400.902662993572
1782448451,5,GET,/ [checkout abuse session],0.000000,0.000000,0,0,0,0,0,0,0,0,0,0,0,5,0,2081.7525000020396,2059.6317800009274,2044.5219000030193,2081.7525000020396,10499.0
1782448451,5,POST,/cart [add item abuse],1.200000,0.000000,4,4,5,5,5,5,5,5,5,5,5,272,0,4,6.089832352967385,3.410099998291116,49.43729999649804,0.0
1782448451,5,GET,/cart [view abuse],1.200000,0.000000,6,6,6,6,7,8,8,8,8,8,8,272,0,6,6.372639705820321,4.934100004902575,18.313799999305047,14659.0
1782448451,5,POST,/cart/checkout [abuse],1.200000,0.000000,10,10,10,10,11,11,11,11,11,11,11,272,0,10,11.650006249858373,8.418899997195695,58.250399997632485,5004.0
1782448451,5,GET,/product/[id] [checkout abuse],1.200000,0.000000,6,6,7,7,7,7,7,7,7,7,7,272,0,6,6.510576470512152,4.137899995839689,18.2792999985395,5865.0
1782448451,5,,Aggregated,4.800000,0.000000,6,7,9,9,10,10,11,11,11,11,11,1093,0,6,17.04266221403081,3.410099998291116,2081.7525000020396,6400.833485818847
1782448452,5,GET,/ [checkout abuse session],0.000000,0.000000,0,0,0,0,0,0,0,0,0,0,0,5,0,2081.7525000020396,2059.6317800009274,2044.5219000030193,2081.7525000020396,10499.0
1782448452,5,POST,/cart [add item abuse],1.300000,0.000000,4,5,5,5,5,5,5,5,5,5,5,273,0,4,6.084340293068719,3.410099998291116,49.43729999649804,0.0
1782448452,5,GET,/cart [view abuse],1.300000,0.000000,6,6,6,6,7,8,8,8,8,8,8,273,0,6,6.371231501764872,4.934100004902575,18.313799999305047,14659.0
1782448452,5,POST,/cart/checkout [abuse],1.300000,0.000000,10,10,10,10,11,11,11,11,11,11,11,273,0,10,11.642491574953105,8.418899997195695,58.250399997632485,5004.0
1782448452,5,GET,/product/[id] [checkout abuse],1.300000,0.000000,6,6,7,7,7,7,7,7,7,7,7,273,0,6,6.508486446820672,4.137899995839689,18.2792999985395,5865.0
1782448452,5,,Aggregated,5.200000,0.000000,6,7,9,9,10,10,11,11,11,11,11,1097,0,6,17.004327256097035,3.410099998291116,2081.7525000020396,6400.764813126709
1782448453,5,GET,/ [checkout abuse session],0.000000,0.000000,0,0,0,0,0,0,0,0,0,0,0,5,0,2081.7525000020396,2059.6317800009274,2044.5219000030193,2081.7525000020396,10499.0
1782448453,5,POST,/cart [add item abuse],1.200000,0.000000,4,5,5,5,5,5,5,5,5,5,5,274,0,4,6.076052189804826,3.410099998291116,49.43729999649804,0.0
1782448453,5,GET,/cart [view abuse],1.200000,0.000000,6,6,6,6,7,8,8,8,8,8,8,274,0,6,6.367914233495648,4.934100004902575,18.313799999305047,14659.0
1782448453,5,POST,/cart/checkout [abuse],1.200000,0.000000,10,10,10,10,11,11,11,11,11,11,11,274,0,10,11.633618248031341,8.418899997195695,58.250399997632485,5004.0
1782448453,5,GET,/product/[id] [checkout abuse],1.200000,0.000000,6,7,7,7,7,7,7,7,7,7,7,274,0,6,6.510660948835562,4.137899995839689,18.2792999985395,5865.0
1782448453,5,,Aggregated,4.800000,0.000000,6,7,9,9,10,10,11,11,11,11,11,1101,0,6,16.965793097121253,3.410099998291116,2081.7525000020396,6400.69663941871
1782448454,5,GET,/ [checkout abuse session],0.000000,0.000000,0,0,0,0,0,0,0,0,0,0,0,5,0,2081.7525000020396,2059.6317800009274,2044.5219000030193,2081.7525000020396,10499.0
1782448454,5,POST,/cart [add item abuse],1.300000,0.000000,4,5,5,5,5,52,52,52,52,52,52,277,0,4,6.229321299641291,3.3754999967641197,51.98209999798564,0.0
1782448454,5,GET,/cart [view abuse],1.300000,0.000000,6,6,6,7,8,10,10,10,10,10,10,277,0,6,6.377164981850559,4.934100004902575,18.313799999305047,14659.0
1782448454,5,POST,/cart/checkout [abuse],1.200000,0.000000,10,10,10,11,11,11,11,11,11,11,11,276,0,10,11.621018115782636,8.418899997195695,58.250399997632485,5004.0
1782448454,5,GET,/product/[id] [checkout abuse],1.300000,0.000000,6,7,7,7,7,7,7,7,7,7,7,277,0,6,6.506117689454784,4.137899995839689,18.2792999985395,5865.0
1782448454,5,,Aggregated,5.100000,0.000000,6,7,9,9,10,11,11,52,52,52,52,1112,0,6,16.90625107905833,3.3754999967641197,2081.7525000020396,6401.750899280575
1782448455,5,GET,/ [checkout abuse session],0.000000,0.000000,0,0,0,0,0,0,0,0,0,0,0,5,0,2081.7525000020396,2059.6317800009274,2044.5219000030193,2081.7525000020396,10499.0
1782448455,5,POST,/cart [add item abuse],1.300000,0.000000,4,5,5,5,5,52,52,52,52,52,52,277,0,4,6.229321299641291,3.3754999967641197,51.98209999798564,0.0
1782448455,5,GET,/cart [view abuse],1.300000,0.000000,6,6,6,6,8,10,10,10,10,10,10,277,0,6,6.377164981850559,4.934100004902575,18.313799999305047,14659.0
1782448455,5,POST,/cart/checkout [abuse],1.200000,0.000000,10,10,11,11,11,11,11,11,11,11,11,277,0,10,11.611970757963876,8.418899997195695,58.250399997632485,5004.0
1782448455,5,GET,/product/[id] [checkout abuse],1.300000,0.000000,6,7,7,7,7,7,7,7,7,7,7,277,0,6,6.506117689454784,4.137899995839689,18.2792999985395,5865.0
1782448455,5,,Aggregated,5.100000,0.000000,6,7,9,9,10,11,52,52,52,52,52,1113,0,6,16.899250763623403,3.3754999967641197,2081.7525000020396,6400.495058400718
1782448456,5,GET,/ [checkout abuse session],0.000000,0.000000,0,0,0,0,0,0,0,0,0,0,0,5,0,2081.7525000020396,2059.6317800009274,2044.5219000030193,2081.7525000020396,10499.0
1782448456,5,POST,/cart [add item abuse],1.200000,0.000000,5,5,5,5,5,52,52,52,52,52,52,279,0,4,6.220784229383926,3.3754999967641197,51.98209999798564,0.0
1782448456,5,GET,/cart [view abuse],1.200000,0.000000,6,6,8,8,8,10,10,10,10,10,10,279,0,6,6.385783870877844,4.934100004902575,18.313799999305047,14659.0
1782448456,5,POST,/cart/checkout [abuse],1.200000,0.000000,10,10,11,11,11,11,11,11,11,11,11,279,0,10,11.610055913805285,8.418899997195695,58.250399997632485,5004.0
1782448456,5,GET,/product/[id] [checkout abuse],1.200000,0.000000,6,7,7,7,7,9,9,9,9,9,9,279,0,6,6.514835125372593,4.137899995839689,18.2792999985395,5865.0
1782448456,5,,Aggregated,4.800000,0.000000,6,8,9,9,11,11,52,52,52,52,52,1121,0,6,16.83517930411088,3.3754999967641197,2081.7525000020396,6400.363068688671
1782448457,5,GET,/ [checkout abuse session],0.000000,0.000000,0,0,0,0,0,0,0,0,0,0,0,5,0,2081.7525000020396,2059.6317800009274,2044.5219000030193,2081.7525000020396,10499.0
1782448457,5,POST,/cart [add item abuse],1.200000,0.000000,5,5,5,5,5,52,52,52,52,52,52,280,0,4,6.2126496428390965,3.3754999967641197,51.98209999798564,0.0
1782448457,5,GET,/cart [view abuse],1.200000,0.000000,6,6,8,8,8,10,10,10,10,10,10,280,0,6,6.383884642777308,4.934100004902575,18.313799999305047,14659.0
1782448457,5,POST,/cart/checkout [abuse],1.200000,0.000000,10,10,11,11,11,11,11,11,11,11,11,280,0,10,11.603392856964742,8.418899997195695,58.250399997632485,5004.0
1782448457,5,GET,/product/[id] [checkout abuse],1.200000,0.000000,6,7,7,7,7,9,9,9,9,9,9,280,0,6,6.5121439285056635,4.137899995839689,18.2792999985395,5865.0
1782448457,5,,Aggregated,4.800000,0.000000,6,8,9,10,11,11,52,52,52,52,52,1125,0,6,16.797812266585726,3.3754999967641197,2081.7525000020396,6400.297777777778
1782448458,5,GET,/ [checkout abuse session],0.000000,0.000000,0,0,0,0,0,0,0,0,0,0,0,5,0,2081.7525000020396,2059.6317800009274,2044.5219000030193,2081.7525000020396,10499.0
1782448458,5,POST,/cart [add item abuse],1.300000,0.000000,4,5,5,5,5,52,52,52,52,52,52,282,0,4,6.195142198553604,3.3754999967641197,51.98209999798564,0.0
1782448458,5,GET,/cart [view abuse],1.300000,0.000000,6,6,7,8,8,10,10,10,10,10,10,282,0,6,6.37747340419508,4.934100004902575,18.313799999305047,14659.0
1782448458,5,POST,/cart/checkout [abuse],1.300000,0.000000,10,10,11,11,11,11,11,11,11,11,11,282,0,10,11.585485106221597,8.418899997195695,58.250399997632485,5004.0
1782448458,5,GET,/product/[id] [checkout abuse],1.300000,0.000000,6,7,7,7,7,9,9,9,9,9,9,282,0,6,6.512315957382832,4.137899995839689,18.2792999985395,5865.0
1782448458,5,,Aggregated,5.200000,0.000000,6,8,9,9,10,11,11,52,52,52,52,1133,0,6,16.72305066188545,3.3754999967641197,2081.7525000020396,6400.168578993822
1782448459,5,GET,/ [checkout abuse session],0.000000,0.000000,0,0,0,0,0,0,0,0,0,0,0,5,0,2081.7525000020396,2059.6317800009274,2044.5219000030193,2081.7525000020396,10499.0
1782448459,5,POST,/cart [add item abuse],1.300000,0.000000,5,5,5,5,5,52,52,52,52,52,52,282,0,4,6.195142198553604,3.3754999967641197,51.98209999798564,0.0
1782448459,5,GET,/cart [view abuse],1.300000,0.000000,6,7,8,8,8,10,10,10,10,10,10,282,0,6,6.37747340419508,4.934100004902575,18.313799999305047,14659.0
1782448459,5,POST,/cart/checkout [abuse],1.300000,0.000000,10,11,11,11,11,11,11,11,11,11,11,282,0,10,11.585485106221597,8.418899997195695,58.250399997632485,5004.0
1782448459,5,GET,/product/[id] [checkout abuse],1.300000,0.000000,6,7,7,7,7,9,9,9,9,9,9,282,0,6,6.512315957382832,4.137899995839689,18.2792999985395,5865.0
1782448459,5,,Aggregated,5.200000,0.000000,6,8,9,9,11,11,52,52,52,52,52,1133,0,6,16.72305066188545,3.3754999967641197,2081.7525000020396,6400.168578993822
1782448460,5,GET,/ [checkout abuse session],0.000000,0.000000,0,0,0,0,0,0,0,0,0,0,0,5,0,2081.7525000020396,2059.6317800009274,2044.5219000030193,2081.7525000020396,10499.0
1782448460,5,POST,/cart [add item abuse],1.300000,0.000000,4,5,5,5,5,52,52,52,52,52,52,283,0,4,6.187601766760697,3.3754999967641197,51.98209999798564,0.0
1782448460,5,GET,/cart [view abuse],1.300000,0.000000,6,6,7,7,8,10,10,10,10,10,10,283,0,6,6.377663250808734,4.934100004902575,18.313799999305047,14659.0
1782448460,5,POST,/cart/checkout [abuse],1.300000,0.000000,10,10,11,11,11,11,11,11,11,11,11,283,0,10,11.581484805512844,8.418899997195695,58.250399997632485,5004.0
1782448460,5,GET,/product/[id] [checkout abuse],1.300000,0.000000,6,7,7,7,7,9,9,9,9,9,9,283,0,6,6.5072533568252595,4.137899995839689,18.2792999985395,5865.0
1782448460,5,,Aggregated,5.200000,0.000000,6,8,9,9,10,11,52,52,52,52,52,1137,0,6,16.687108003446323,3.3754999967641197,2081.7525000020396,6400.1046613896215
1782448461,5,GET,/ [checkout abuse session],0.000000,0.000000,0,0,0,0,0,0,0,0,0,0,0,5,0,2081.7525000020396,2059.6317800009274,2044.5219000030193,2081.7525000020396,10499.0
1782448461,5,POST,/cart [add item abuse],1.300000,0.000000,4,5,5,5,5,52,52,52,52,52,52,284,0,4,6.180004929543864,3.3754999967641197,51.98209999798564,0.0
1782448461,5,GET,/cart [view abuse],1.300000,0.000000,6,6,7,7,8,10,10,10,10,10,10,284,0,6,6.374945422476871,4.934100004902575,18.313799999305047,14659.0
1782448461,5,POST,/cart/checkout [abuse],1.300000,0.000000,10,10,11,11,11,11,11,11,11,11,11,284,0,10,11.57411021111483,8.418899997195695,58.250399997632485,5004.0
1782448461,5,GET,/product/[id] [checkout abuse],1.300000,0.000000,6,7,7,7,7,9,9,9,9,9,9,285,0,6,6.505183157819454,4.137899995839689,18.2792999985395,5865.0
1782448461,5,,Aggregated,5.200000,0.000000,6,8,9,9,10,11,52,52,52,52,52,1142,0,6,16.64167189134298,3.3754999967641197,2081.7525000020396,6399.5726795096325
1782448462,5,GET,/ [checkout abuse session],0.000000,0.000000,0,0,0,0,0,0,0,0,0,0,0,5,0,2081.7525000020396,2059.6317800009274,2044.5219000030193,2081.7525000020396,10499.0
1782448462,5,POST,/cart [add item abuse],1.300000,0.000000,4,5,5,5,45,52,52,52,52,52,52,287,0,4,6.2976289198381785,3.3754999967641197,51.98209999798564,0.0
1782448462,5,GET,/cart [view abuse],1.300000,0.000000,6,6,7,8,8,10,10,10,10,10,10,287,0,6,6.374903484264864,4.934100004902575,18.313799999305047,14659.0
1782448462,5,POST,/cart/checkout [abuse],1.300000,0.000000,10,10,11,11,11,11,11,11,11,11,11,287,0,10,11.558970731573758,8.418899997195695,58.250399997632485,5004.0
1782448462,5,GET,/product/[id] [checkout abuse],1.300000,0.000000,6,6,7,7,7,9,9,9,9,9,9,287,0,6,6.501458884945556,4.137899995839689,18.2792999985395,5865.0
1782448462,5,,Aggregated,5.200000,0.000000,6,8,9,10,11,11,45,52,52,52,52,1153,0,6,16.581542931416525,3.3754999967641197,2081.7525000020396,6399.85342584562
1782448463,5,GET,/ [checkout abuse session],0.000000,0.000000,0,0,0,0,0,0,0,0,0,0,0,5,0,2081.7525000020396,2059.6317800009274,2044.5219000030193,2081.7525000020396,10499.0
1782448463,5,POST,/cart [add item abuse],1.200000,0.000000,4,5,5,5,45,52,52,52,52,52,52,288,0,4,6.291746874972483,3.3754999967641197,51.98209999798564,0.0
1782448463,5,GET,/cart [view abuse],1.200000,0.000000,6,6,7,8,8,8,8,8,8,8,8,288,0,6,6.379346180488533,4.934100004902575,18.313799999305047,14659.0
1782448463,5,POST,/cart/checkout [abuse],1.200000,0.000000,10,10,11,11,11,12,12,12,12,12,12,288,0,10,11.559402430445212,8.418899997195695,58.250399997632485,5004.0
1782448463,5,GET,/product/[id] [checkout abuse],1.200000,0.000000,6,7,7,7,7,9,9,9,9,9,9,288,0,6,6.502601388825092,4.137899995839689,18.2792999985395,5865.0
1782448463,5,,Aggregated,4.800000,0.000000,6,8,9,9,11,12,45,52,52,52,52,1157,0,6,16.5508131373615,3.3754999967641197,2081.7525000020396,6399.791702679343
1782448464,5,GET,/ [checkout abuse session],0.000000,0.000000,0,0,0,0,0,0,0,0,0,0,0,5,0,2081.7525000020396,2059.6317800009274,2044.5219000030193,2081.7525000020396,10499.0
1782448464,5,POST,/cart [add item abuse],1.200000,0.000000,4,5,5,5,5,45,45,45,45,45,45,288,0,4,6.291746874972483,3.3754999967641197,51.98209999798564,0.0
1782448464,5,GET,/cart [view abuse],1.200000,0.000000,6,7,8,8,8,8,8,8,8,8,8,288,0,6,6.379346180488533,4.934100004902575,18.313799999305047,14659.0
1782448464,5,POST,/cart/checkout [abuse],1.200000,0.000000,10,11,11,11,11,12,12,12,12,12,12,288,0,10,11.559402430445212,8.418899997195695,58.250399997632485,5004.0
1782448464,5,GET,/product/[id] [checkout abuse],1.200000,0.000000,6,7,7,7,7,9,9,9,9,9,9,288,0,6,6.502601388825092,4.137899995839689,18.2792999985395,5865.0
1782448464,5,,Aggregated,4.800000,0.000000,6,8,9,10,11,11,45,45,45,45,45,1157,0,6,16.5508131373615,3.3754999967641197,2081.7525000020396,6399.791702679343
1782448465,5,GET,/ [checkout abuse session],0.000000,0.000000,0,0,0,0,0,0,0,0,0,0,0,5,0,2081.7525000020396,2059.6317800009274,2044.5219000030193,2081.7525000020396,10499.0
1782448465,5,POST,/cart [add item abuse],1.300000,0.000000,4,5,5,5,5,45,45,45,45,45,45,289,0,4,6.286430449813531,3.3754999967641197,51.98209999798564,0.0
1782448465,5,GET,/cart [view abuse],1.300000,0.000000,6,7,7,7,8,8,8,8,8,8,8,289,0,6,6.382019031063974,4.934100004902575,18.313799999305047,14659.0
1782448465,5,POST,/cart/checkout [abuse],1.400000,0.000000,10,11,11,11,12,12,12,12,12,12,12,289,0,10,11.561108650416088,8.418899997195695,58.250399997632485,5004.0
1782448465,5,GET,/product/[id] [checkout abuse],1.300000,0.000000,6,7,7,7,7,7,7,7,7,7,7,289,0,6,6.5036833909500125,4.137899995839689,18.2792999985395,5865.0
1782448465,5,,Aggregated,5.300000,0.000000,6,7,9,10,11,12,45,45,45,45,45,1161,0,6,16.520297760493573,3.3754999967641197,2081.7525000020396,6399.730404823428
1782448466,5,GET,/ [checkout abuse session],0.000000,0.000000,0,0,0,0,0,0,0,0,0,0,0,5,0,2081.7525000020396,2059.6317800009274,2044.5219000030193,2081.7525000020396,10499.0
1782448466,5,POST,/cart [add item abuse],1.300000,0.000000,4,5,5,5,5,45,45,45,45,45,45,292,0,4,6.276173287666122,3.3754999967641197,51.98209999798564,0.0
1782448466,5,GET,/cart [view abuse],1.300000,0.000000,6,7,7,8,8,8,8,8,8,8,8,292,0,6,6.395039725970965,4.934100004902575,18.313799999305047,14659.0
1782448466,5,POST,/cart/checkout [abuse],1.300000,0.000000,10,12,12,12,13,13,13,13,13,13,13,292,0,10,11.571893150549803,8.418899997195695,58.250399997632485,5004.0
1782448466,5,GET,/product/[id] [checkout abuse],1.300000,0.000000,6,7,7,7,7,7,7,7,7,7,7,292,0,6,6.504533219089204,4.137899995839689,18.2792999985395,5865.0
1782448466,5,,Aggregated,5.200000,0.000000,7,7,9,10,12,13,13,45,45,45,45,1173,0,6,16.433477919796466,3.3754999967641197,2081.7525000020396,6399.549019607844
1782448467,5,GET,/ [checkout abuse session],0.000000,0.000000,0,0,0,0,0,0,0,0,0,0,0,5,0,2081.7525000020396,2059.6317800009274,2044.5219000030193,2081.7525000020396,10499.0
1782448467,5,POST,/cart [add item abuse],1.100000,0.000000,5,5,5,5,5,45,45,45,45,45,45,293,0,4,6.267143685987327,3.3754999967641197,51.98209999798564,0.0
1782448467,5,GET,/cart [view abuse],1.100000,0.000000,7,7,8,8,8,8,8,8,8,8,8,293,0,6,6.392791467525483,4.934100004902575,18.313799999305047,14659.0
1782448467,5,POST,/cart/checkout [abuse],1.100000,0.000000,11,12,12,12,13,13,13,13,13,13,13,293,0,10,11.565677815552208,8.418899997195695,58.250399997632485,5004.0
1782448467,5,GET,/product/[id] [checkout abuse],1.100000,0.000000,6,7,7,7,7,7,7,7,7,7,7,293,0,6,6.50264095554149,4.137899995839689,18.2792999985395,5865.0
1782448467,5,,Aggregated,4.400000,0.000000,7,7,9,10,12,13,45,45,45,45,45,1177,0,6,16.39892718769273,3.3754999967641197,2081.7525000020396,6399.489379779099
1782448468,5,GET,/ [checkout abuse session],0.000000,0.000000,0,0,0,0,0,0,0,0,0,0,0,5,0,2081.7525000020396,2059.6317800009274,2044.5219000030193,2081.7525000020396,10499.0
1782448468,5,POST,/cart [add item abuse],1.100000,0.000000,5,5,5,5,5,45,45,45,45,45,45,293,0,4,6.267143685987327,3.3754999967641197,51.98209999798564,0.0
1782448468,5,GET,/cart [view abuse],1.100000,0.000000,7,7,8,8,8,8,8,8,8,8,8,293,0,6,6.392791467525483,4.934100004902575,18.313799999305047,14659.0
1782448468,5,POST,/cart/checkout [abuse],1.100000,0.000000,11,12,12,12,13,13,13,13,13,13,13,293,0,10,11.565677815552208,8.418899997195695,58.250399997632485,5004.0
1782448468,5,GET,/product/[id] [checkout abuse],1.100000,0.000000,6,7,7,7,7,7,7,7,7,7,7,293,0,6,6.50264095554149,4.137899995839689,18.2792999985395,5865.0
1782448468,5,,Aggregated,4.400000,0.000000,7,7,9,10,12,13,45,45,45,45,45,1177,0,6,16.39892718769273,3.3754999967641197,2081.7525000020396,6399.489379779099
1782448469,5,GET,/ [checkout abuse session],0.000000,0.000000,0,0,0,0,0,0,0,0,0,0,0,5,0,2081.7525000020396,2059.6317800009274,2044.5219000030193,2081.7525000020396,10499.0
1782448469,5,POST,/cart [add item abuse],1.300000,0.000000,5,5,5,5,5,45,45,45,45,45,45,294,0,4,6.258855442148056,3.3754999967641197,51.98209999798564,0.0
1782448469,5,GET,/cart [view abuse],1.300000,0.000000,7,7,8,8,8,8,8,8,8,8,8,294,0,6,6.389871428540091,4.934100004902575,18.313799999305047,14659.0
1782448469,5,POST,/cart/checkout [abuse],1.300000,0.000000,11,12,12,12,13,13,13,13,13,13,13,294,0,10,11.557497959037558,8.418899997195695,58.250399997632485,5004.0
1782448469,5,GET,/product/[id] [checkout abuse],1.300000,0.000000,6,7,7,7,7,7,7,7,7,7,7,294,0,6,6.502017686995844,4.137899995839689,18.2792999985395,5865.0
1782448469,5,,Aggregated,5.200000,0.000000,7,7,9,10,12,13,45,45,45,45,45,1181,0,6,16.364421845826225,3.3754999967641197,2081.7525000020396,6399.430143945809
1782448470,5,GET,/ [checkout abuse session],0.000000,0.000000,0,0,0,0,0,0,0,0,0,0,0,5,0,2081.7525000020396,2059.6317800009274,2044.5219000030193,2081.7525000020396,10499.0
1782448470,5,POST,/cart [add item abuse],1.200000,0.000000,5,5,5,5,5,45,45,45,45,45,45,296,0,4,6.242356756735496,3.3754999967641197,51.98209999798564,0.0
1782448470,5,GET,/cart [view abuse],1.200000,0.000000,7,7,8,8,8,8,8,8,8,8,8,296,0,6,6.3844679053864954,4.934100004902575,18.313799999305047,14659.0
1782448470,5,POST,/cart/checkout [abuse],1.200000,0.000000,11,12,12,12,13,13,13,13,13,13,13,296,0,10,11.54454898632311,8.418899997195695,58.250399997632485,5004.0
1782448470,5,GET,/product/[id] [checkout abuse],1.200000,0.000000,7,7,7,7,7,7,7,7,7,7,7,296,0,6,6.500654729648345,4.137899995839689,18.2792999985395,5865.0
1782448470,5,,Aggregated,4.800000,0.000000,7,7,9,10,12,13,45,45,45,45,45,1189,0,6,16.2969548359296,3.3754999967641197,2081.7525000020396,6399.312867956266
1782448471,5,GET,/ [checkout abuse session],0.000000,0.000000,0,0,0,0,0,0,0,0,0,0,0,5,0,2081.7525000020396,2059.6317800009274,2044.5219000030193,2081.7525000020396,10499.0
1782448471,5,POST,/cart [add item abuse],1.200000,0.000000,4,5,5,5,5,45,45,45,45,45,45,297,0,4,6.234599999975263,3.3754999967641197,51.98209999798564,0.0
1782448471,5,GET,/cart [view abuse],1.200000,0.000000,6,7,7,8,8,8,8,8,8,8,8,297,0,6,6.383168350139661,4.934100004902575,18.313799999305047,14659.0
1782448471,5,POST,/cart/checkout [abuse],1.200000,0.000000,11,12,12,12,13,13,13,13,13,13,13,297,0,10,11.544220875250959,8.418899997195695,58.250399997632485,5004.0
1782448471,5,GET,/product/[id] [checkout abuse],1.200000,0.000000,6,7,7,7,7,7,7,7,7,7,7,297,0,6,6.498535690141837,4.137899995839689,18.2792999985395,5865.0
1782448471,5,,Aggregated,4.800000,0.000000,7,7,9,10,12,13,13,45,45,45,45,1193,0,6,16.265159094644115,3.3754999967641197,2081.7525000020396,6399.254819782062
1782448472,5,GET,/ [checkout abuse session],0.000000,0.000000,0,0,0,0,0,0,0,0,0,0,0,5,0,2081.7525000020396,2059.6317800009274,2044.5219000030193,2081.7525000020396,10499.0
1782448472,5,POST,/cart [add item abuse],1.100000,0.000000,4,5,5,5,5,5,5,5,5,5,5,298,0,4,6.226612416073764,3.3754999967641197,51.98209999798564,0.0
1782448472,5,GET,/cart [view abuse],1.100000,0.000000,6,7,7,7,8,8,8,8,8,8,8,298,0,6,6.380191275132304,4.934100004902575,18.313799999305047,14659.0
1782448472,5,POST,/cart/checkout [abuse],1.100000,0.000000,11,12,12,12,13,13,13,13,13,13,13,298,0,10,11.53854127500039,8.418899997195695,58.250399997632485,5004.0
1782448472,5,GET,/product/[id] [checkout abuse],1.100000,0.000000,6,7,7,7,7,7,7,7,7,7,7,298,0,6,6.495489261647133,4.137899995839689,18.2792999985395,5865.0
1782448472,5,,Aggregated,4.400000,0.000000,6,7,9,10,12,12,13,13,13,13,13,1197,0,6,16.23151837920218,3.3754999967641197,2081.7525000020396,6399.1971595655805
1782448473,5,GET,/ [checkout abuse session],0.000000,0.000000,0,0,0,0,0,0,0,0,0,0,0,5,0,2081.7525000020396,2059.6317800009274,2044.5219000030193,2081.7525000020396,10499.0
1782448473,5,POST,/cart [add item abuse],1.300000,0.000000,4,5,5,5,5,5,5,5,5,5,5,299,0,4,6.2185622073321,3.3754999967641197,51.98209999798564,0.0
1782448473,5,GET,/cart [view abuse],1.300000,0.000000,6,7,7,7,8,8,8,8,8,8,8,299,0,6,6.376782608670914,4.934100004902575,18.313799999305047,14659.0
1782448473,5,POST,/cart/checkout [abuse],1.300000,0.000000,11,12,12,12,13,13,13,13,13,13,13,299,0,10,11.529934447999253,8.418899997195695,58.250399997632485,5004.0
1782448473,5,GET,/product/[id] [checkout abuse],1.300000,0.000000,7,7,7,7,7,7,7,7,7,7,7,299,0,6,6.496985284179406,4.137899995839689,18.2792999985395,5865.0
1782448473,5,,Aggregated,5.200000,0.000000,6,7,9,9,12,12,13,13,13,13,13,1201,0,6,16.198348043223113,3.3754999967641197,2081.7525000020396,6399.139883430475
1782448474,5,GET,/ [checkout abuse session],0.000000,0.000000,0,0,0,0,0,0,0,0,0,0,0,5,0,2081.7525000020396,2059.6317800009274,2044.5219000030193,2081.7525000020396,10499.0
1782448474,5,POST,/cart [add item abuse],1.100000,0.000000,4,5,5,5,5,5,5,5,5,5,5,301,0,4,6.205884717566122,3.3754999967641197,51.98209999798564,0.0
1782448474,5,GET,/cart [view abuse],1.100000,0.000000,6,7,7,7,8,8,8,8,8,8,8,301,0,6,6.3785186046220055,4.934100004902575,18.313799999305047,14659.0
1782448474,5,POST,/cart/checkout [abuse],1.100000,0.000000,11,11,12,12,13,13,13,13,13,13,13,301,0,10,11.527253488194548,8.418899997195695,58.250399997632485,5004.0
1782448474,5,GET,/product/[id] [checkout abuse],1.100000,0.000000,6,7,7,7,7,7,7,7,7,7,7,301,0,6,6.498196013186721,4.137899995839689,18.2792999985395,5865.0
1782448474,5,,Aggregated,4.400000,0.000000,6,7,9,9,11,12,13,13,13,13,13,1209,0,6,16.13873002473038,3.3754999967641197,2081.7525000020396,6399.0264681555
1782448475,5,GET,/ [checkout abuse session],0.000000,0.000000,0,0,0,0,0,0,0,0,0,0,0,5,0,2081.7525000020396,2059.6317800009274,2044.5219000030193,2081.7525000020396,10499.0
1782448475,5,POST,/cart [add item abuse],1.100000,0.000000,4,4,5,5,5,5,5,5,5,5,5,302,0,4,6.19859701983414,3.3754999967641197,51.98209999798564,0.0
1782448475,5,GET,/cart [view abuse],1.100000,0.000000,6,6,7,7,8,8,8,8,8,8,8,302,0,6,6.377833112569323,4.934100004902575,18.313799999305047,14659.0
1782448475,5,POST,/cart/checkout [abuse],1.100000,0.000000,10,11,11,12,13,13,13,13,13,13,13,302,0,10,11.520629138894886,8.418899997195695,58.250399997632485,5004.0
1782448475,5,GET,/product/[id] [checkout abuse],1.100000,0.000000,6,7,7,7,7,7,7,7,7,7,7,302,0,6,6.49759569525775,4.137899995839689,18.2792999985395,5865.0
1782448475,5,,Aggregated,4.400000,0.000000,6,7,9,9,11,12,13,13,13,13,13,1213,0,6,16.10696183009446,3.3754999967641197,2081.7525000020396,6398.9703215169
1782448476,5,GET,/ [checkout abuse session],0.000000,0.000000,0,0,0,0,0,0,0,0,0,0,0,5,0,2081.7525000020396,2059.6317800009274,2044.5219000030193,2081.7525000020396,10499.0
1782448476,5,POST,/cart [add item abuse],1.100000,0.000000,4,4,4,4,4,5,5,5,5,5,5,303,0,4,6.191694059374814,3.3754999967641197,51.98209999798564,0.0
1782448476,5,GET,/cart [view abuse],1.100000,0.000000,6,6,6,6,6,8,8,8,8,8,8,303,0,6,6.373948184821352,4.934100004902575,18.313799999305047,14659.0
1782448476,5,POST,/cart/checkout [abuse],1.100000,0.000000,10,10,11,11,11,11,11,11,11,11,11,303,0,10,11.512761715992252,8.418899997195695,58.250399997632485,5004.0
1782448476,5,GET,/product/[id] [checkout abuse],1.100000,0.000000,6,6,7,7,7,7,7,7,7,7,7,303,0,6,6.496397029616556,4.137899995839689,18.2792999985395,5865.0
1782448476,5,,Aggregated,4.400000,0.000000,6,7,9,9,10,11,11,11,11,11,11,1217,0,6,16.07421824150825,3.3754999967641197,2081.7525000020396,6398.914543960559
1782448477,5,GET,/ [checkout abuse session],0.000000,0.000000,0,0,0,0,0,0,0,0,0,0,0,5,0,2081.7525000020396,2059.6317800009274,2044.5219000030193,2081.7525000020396,10499.0
1782448477,5,POST,/cart [add item abuse],1.400000,0.000000,4,4,4,4,4,5,5,5,5,5,5,304,0,4,6.1843743420755155,3.3754999967641197,51.98209999798564,0.0
1782448477,5,GET,/cart [view abuse],1.400000,0.000000,6,6,6,6,6,8,8,8,8,8,8,304,0,6,6.373194407890543,4.934100004902575,18.313799999305047,14659.0
1782448477,5,POST,/cart/checkout [abuse],1.400000,0.000000,10,10,11,11,11,11,11,11,11,11,11,304,0,10,11.504738486660484,8.418899997195695,58.250399997632485,5004.0
1782448477,5,GET,/product/[id] [checkout abuse],1.400000,0.000000,6,6,7,7,7,7,7,7,7,7,7,304,0,6,6.498411842035,4.137899995839689,18.2792999985395,5865.0
1782448477,5,,Aggregated,5.600000,0.000000,6,7,9,9,10,11,11,11,11,11,11,1221,0,6,16.04309377552641,3.3754999967641197,2081.7525000020396,6398.859131859132
1782448478,5,GET,/ [checkout abuse session],0.000000,0.000000,0,0,0,0,0,0,0,0,0,0,0,5,0,2081.7525000020396,2059.6317800009274,2044.5219000030193,2081.7525000020396,10499.0
1782448478,5,POST,/cart [add item abuse],1.400000,0.000000,4,4,4,4,5,5,5,5,5,5,5,307,0,4,6.162739087901827,3.3754999967641197,51.98209999798564,0.0
1782448478,5,GET,/cart [view abuse],1.400000,0.000000,6,6,6,6,6,8,8,8,8,8,8,307,0,6,6.368091205221825,4.934100004902575,18.313799999305047,14659.0
1782448478,5,POST,/cart/checkout [abuse],1.400000,0.000000,10,10,11,11,11,12,12,12,12,12,12,307,0,10,11.492175569848639,8.418899997195695,58.250399997632485,5004.0
1782448478,5,GET,/product/[id] [checkout abuse],1.400000,0.000000,6,7,7,7,7,8,8,8,8,8,8,307,0,6,6.499281107412586,4.137899995839689,18.2792999985395,5865.0
1782448478,5,,Aggregated,5.600000,0.000000,6,7,9,9,10,11,11,12,12,12,12,1233,0,6,15.95174452547672,3.3754999967641197,2081.7525000020396,6398.69505271695
1782448479,5,GET,/ [checkout abuse session],0.000000,0.000000,0,0,0,0,0,0,0,0,0,0,0,5,0,2081.7525000020396,2059.6317800009274,2044.5219000030193,2081.7525000020396,10499.0
1782448479,5,POST,/cart [add item abuse],1.100000,0.000000,4,4,4,4,5,5,5,5,5,5,5,308,0,4,6.154871753191307,3.3754999967641197,51.98209999798564,0.0
1782448479,5,GET,/cart [view abuse],1.100000,0.000000,6,6,6,6,6,8,8,8,8,8,8,308,0,6,6.364442857162643,4.934100004902575,18.313799999305047,14659.0
1782448479,5,POST,/cart/checkout [abuse],1.100000,0.000000,10,11,11,11,11,12,12,12,12,12,12,308,0,10,11.49074188292793,8.418899997195695,58.250399997632485,5004.0
1782448479,5,GET,/product/[id] [checkout abuse],1.100000,0.000000,6,7,7,7,7,8,8,8,8,8,8,308,0,6,6.49873961031387,4.137899995839689,18.2792999985395,5865.0
1782448479,5,,Aggregated,4.400000,0.000000,6,7,9,9,10,11,11,12,12,12,12,1237,0,6,15.92147784956518,3.3754999967641197,2081.7525000020396,6398.6410670978175
1782448480,5,GET,/ [checkout abuse session],0.000000,0.000000,0,0,0,0,0,0,0,0,0,0,0,5,0,2081.7525000020396,2059.6317800009274,2044.5219000030193,2081.7525000020396,10499.0
1782448480,5,POST,/cart [add item abuse],1.100000,0.000000,4,4,4,4,5,5,5,5,5,5,5,308,0,4,6.154871753191307,3.3754999967641197,51.98209999798564,0.0
1782448480,5,GET,/cart [view abuse],1.100000,0.000000,6,6,6,6,6,8,8,8,8,8,8,308,0,6,6.364442857162643,4.934100004902575,18.313799999305047,14659.0
1782448480,5,POST,/cart/checkout [abuse],1.100000,0.000000,10,11,11,11,11,12,12,12,12,12,12,308,0,10,11.49074188292793,8.418899997195695,58.250399997632485,5004.0
1782448480,5,GET,/product/[id] [checkout abuse],1.100000,0.000000,6,7,7,7,7,8,8,8,8,8,8,308,0,6,6.49873961031387,4.137899995839689,18.2792999985395,5865.0
1782448480,5,,Aggregated,4.400000,0.000000,6,7,9,9,10,11,12,12,12,12,12,1237,0,6,15.92147784956518,3.3754999967641197,2081.7525000020396,6398.6410670978175
1782448481,5,GET,/ [checkout abuse session],0.000000,0.000000,0,0,0,0,0,0,0,0,0,0,0,5,0,2081.7525000020396,2059.6317800009274,2044.5219000030193,2081.7525000020396,10499.0
1782448481,5,POST,/cart [add item abuse],1.400000,0.000000,4,4,4,4,5,5,5,5,5,5,5,309,0,4,6.1464006471911805,3.3754999967641197,51.98209999798564,0.0
1782448481,5,GET,/cart [view abuse],1.400000,0.000000,6,6,6,6,6,8,8,8,8,8,8,309,0,6,6.362883171545489,4.934100004902575,18.313799999305047,14659.0
1782448481,5,POST,/cart/checkout [abuse],1.400000,0.000000,10,10,11,11,11,12,12,12,12,12,12,309,0,10,11.483550808872065,8.418899997195695,58.250399997632485,5004.0
1782448481,5,GET,/product/[id] [checkout abuse],1.400000,0.000000,6,7,7,7,7,8,8,8,8,8,8,309,0,6,6.5001443364792335,4.137899995839689,18.2792999985395,5865.0
1782448481,5,,Aggregated,5.600000,0.000000,6,7,9,9,10,11,12,12,12,12,12,1241,0,6,15.89080531821742,3.3754999967641197,2081.7525000020396,6398.587429492345
1782448482,5,GET,/ [checkout abuse session],0.000000,0.000000,0,0,0,0,0,0,0,0,0,0,0,5,0,2081.7525000020396,2059.6317800009274,2044.5219000030193,2081.7525000020396,10499.0
1782448482,5,POST,/cart [add item abuse],1.300000,0.000000,4,4,4,4,5,5,5,5,5,5,5,311,0,4,6.130575884193095,3.3754999967641197,51.98209999798564,0.0
1782448482,5,GET,/cart [view abuse],1.300000,0.000000,6,6,6,6,6,8,8,8,8,8,8,311,0,6,6.358093890701937,4.934100004902575,18.313799999305047,14659.0
1782448482,5,POST,/cart/checkout [abuse],1.300000,0.000000,10,10,11,11,11,12,12,12,12,12,12,311,0,10,11.472431832604999,8.418899997195695,58.250399997632485,5004.0
1782448482,5,GET,/product/[id] [checkout abuse],1.300000,0.000000,7,7,7,7,7,8,8,8,8,8,8,311,0,6,6.501643086726129,4.137899995839689,18.2792999985395,5865.0
1782448482,5,,Aggregated,5.200000,0.000000,6,7,9,9,10,11,11,12,12,12,12,1249,0,6,15.830322257733364,3.3754999967641197,2081.7525000020396,6398.481184947958
1782448483,5,GET,/ [checkout abuse session],0.000000,0.000000,0,0,0,0,0,0,0,0,0,0,0,5,0,2081.7525000020396,2059.6317800009274,2044.5219000030193,2081.7525000020396,10499.0
1782448483,5,POST,/cart [add item abuse],1.300000,0.000000,4,4,4,4,5,5,5,5,5,5,5,312,0,4,6.122406089698182,3.3754999967641197,51.98209999798564,0.0
1782448483,5,GET,/cart [view abuse],1.300000,0.000000,6,6,6,6,6,8,8,8,8,8,8,312,0,6,6.355714743618498,4.934100004902575,18.313799999305047,14659.0
1782448483,5,POST,/cart/checkout [abuse],1.300000,0.000000,10,10,11,11,11,12,12,12,12,12,12,312,0,10,11.466178525435494,8.418899997195695,58.250399997632485,5004.0
1782448483,5,GET,/product/[id] [checkout abuse],1.300000,0.000000,7,7,7,7,7,8,8,8,8,8,8,312,0,6,6.4990637819601735,4.137899995839689,18.2792999985395,5865.0
1782448483,5,,Aggregated,5.200000,0.000000,6,7,9,9,10,11,12,12,12,12,12,1253,0,6,15.799272306390176,3.3754999967641197,2081.7525000020396,6398.428571428572
1782448484,5,GET,/ [checkout abuse session],0.000000,0.000000,0,0,0,0,0,0,0,0,0,0,0,5,0,2081.7525000020396,2059.6317800009274,2044.5219000030193,2081.7525000020396,10499.0
1782448484,5,POST,/cart [add item abuse],1.100000,0.000000,4,4,4,4,4,5,5,5,5,5,5,313,0,4,6.114223003144764,3.3754999967641197,51.98209999798564,0.0
1782448484,5,GET,/cart [view abuse],1.100000,0.000000,6,6,6,6,6,6,6,6,6,6,6,313,0,6,6.354411182147391,4.934100004902575,18.313799999305047,14659.0
1782448484,5,POST,/cart/checkout [abuse],1.100000,0.000000,10,10,11,11,11,12,12,12,12,12,12,313,0,10,11.466233865605272,8.418899997195695,58.250399997632485,5004.0
1782448484,5,GET,/product/[id] [checkout abuse],1.100000,0.000000,6,7,7,7,7,8,8,8,8,8,8,313,0,6,6.498148242710344,4.137899995839689,18.2792999985395,5865.0
1782448484,5,,Aggregated,4.400000,0.000000,6,7,9,9,10,11,12,12,12,12,12,1257,0,6,15.770638822517,3.3754999967641197,2081.7525000020396,6398.376292760541
1782448485,5,GET,/ [checkout abuse session],0.000000,0.000000,0,0,0,0,0,0,0,0,0,0,0,5,0,2081.7525000020396,2059.6317800009274,2044.5219000030193,2081.7525000020396,10499.0
1782448485,5,POST,/cart [add item abuse],1.400000,0.000000,4,4,4,4,5,5,5,5,5,5,5,314,0,4,6.109192675125272,3.3754999967641197,51.98209999798564,0.0
1782448485,5,GET,/cart [view abuse],1.400000,0.000000,6,6,6,6,6,6,6,6,6,6,6,314,0,6,6.3529936305944625,4.934100004902575,18.313799999305047,14659.0
1782448485,5,POST,/cart/checkout [abuse],1.400000,0.000000,10,10,11,11,11,12,12,12,12,12,12,314,0,10,11.460023566669522,8.418899997195695,58.250399997632485,5004.0
1782448485,5,GET,/product/[id] [checkout abuse],1.400000,0.000000,7,7,7,7,7,8,8,8,8,8,8,314,0,6,6.498350636841904,4.137899995839689,18.2792999985395,5865.0
1782448485,5,,Aggregated,5.600000,0.000000,6,7,9,9,10,11,12,12,12,12,12,1261,0,6,15.741645440050137,3.3754999967641197,2081.7525000020396,6398.324345757335
1782448486,5,GET,/ [checkout abuse session],0.000000,0.000000,0,0,0,0,0,0,0,0,0,0,0,5,0,2081.7525000020396,2059.6317800009274,2044.5219000030193,2081.7525000020396,10499.0
1782448486,5,POST,/cart [add item abuse],1.200000,0.000000,4,4,4,4,5,5,5,5,5,5,5,316,0,4,6.093986075916003,3.3754999967641197,51.98209999798564,0.0
1782448486,5,GET,/cart [view abuse],1.200000,0.000000,6,6,6,6,6,6,6,6,6,6,6,316,0,6,6.348331012684613,4.934100004902575,18.313799999305047,14659.0
1782448486,5,POST,/cart/checkout [abuse],1.200000,0.000000,10,10,10,11,11,12,12,12,12,12,12,316,0,10,11.446344620017504,8.418899997195695,58.250399997632485,5004.0
1782448486,5,GET,/product/[id] [checkout abuse],1.200000,0.000000,7,7,7,7,7,8,8,8,8,8,8,316,0,6,6.498653480902467,4.137899995839689,18.2792999985395,5865.0
1782448486,5,,Aggregated,4.800000,0.000000,6,7,9,9,10,11,11,12,12,12,12,1269,0,6,15.682072891956771,3.3754999967641197,2081.7525000020396,6398.221434200158
1782448487,5,GET,/ [checkout abuse session],0.000000,0.000000,0,0,0,0,0,0,0,0,0,0,0,5,0,2081.7525000020396,2059.6317800009274,2044.5219000030193,2081.7525000020396,10499.0
1782448487,5,POST,/cart [add item abuse],1.100000,0.000000,4,4,4,4,5,5,5,5,5,5,5,317,0,4,6.086670031499489,3.3754999967641197,51.98209999798564,0.0
1782448487,5,GET,/cart [view abuse],1.100000,0.000000,6,6,6,6,6,6,6,6,6,6,6,317,0,6,6.346224921162215,4.934100004902575,18.313799999305047,14659.0
1782448487,5,POST,/cart/checkout [abuse],1.100000,0.000000,10,10,11,11,11,12,12,12,12,12,12,317,0,10,11.439690851512415,8.418899997195695,58.250399997632485,5004.0
1782448487,5,GET,/product/[id] [checkout abuse],1.100000,0.000000,7,7,7,7,7,8,8,8,8,8,8,317,0,6,6.497875709669284,4.137899995839689,18.2792999985395,5865.0
1782448487,5,,Aggregated,4.400000,0.000000,6,7,9,9,10,11,12,12,12,12,12,1273,0,6,15.652470699051843,3.3754999967641197,2081.7525000020396,6398.170463472113
1782448488,5,GET,/ [checkout abuse session],0.000000,0.000000,0,0,0,0,0,0,0,0,0,0,0,5,0,2081.7525000020396,2059.6317800009274,2044.5219000030193,2081.7525000020396,10499.0
1782448488,5,POST,/cart [add item abuse],1.200000,0.000000,4,4,4,4,5,5,5,5,5,5,5,318,0,4,6.083664779822048,3.3754999967641197,51.98209999798564,0.0
1782448488,5,GET,/cart [view abuse],1.200000,0.000000,6,6,6,6,6,7,7,7,7,7,7,318,0,6,6.348707861657461,4.934100004902575,18.313799999305047,14659.0
1782448488,5,POST,/cart/checkout [abuse],1.200000,0.000000,10,10,10,10,11,11,11,11,11,11,11,318,0,10,11.435563521799793,8.418899997195695,58.250399997632485,5004.0
1782448488,5,GET,/product/[id] [checkout abuse],1.200000,0.000000,7,7,7,7,7,8,8,8,8,8,8,318,0,6,6.501784276619184,4.137899995839689,18.2792999985395,5865.0
1782448488,5,,Aggregated,4.800000,0.000000,6,7,9,9,10,10,11,11,11,11,11,1277,0,6,15.627039937268876,3.3754999967641197,2081.7525000020396,6398.1198120595145
1782448489,5,GET,/ [checkout abuse session],0.000000,0.000000,0,0,0,0,0,0,0,0,0,0,0,5,0,2081.7525000020396,2059.6317800009274,2044.5219000030193,2081.7525000020396,10499.0
1782448489,5,POST,/cart [add item abuse],1.200000,0.000000,4,4,4,4,5,5,5,5,5,5,5,319,0,4,6.076711285222529,3.3754999967641197,51.98209999798564,0.0
1782448489,5,GET,/cart [view abuse],1.200000,0.000000,6,6,6,6,6,7,7,7,7,7,7,319,0,6,6.346213166172424,4.934100004902575,18.313799999305047,14659.0
1782448489,5,POST,/cart/checkout [abuse],1.200000,0.000000,10,10,10,10,11,11,11,11,11,11,11,319,0,10,11.427480564055838,8.418899997195695,58.250399997632485,5004.0
1782448489,5,GET,/product/[id] [checkout abuse],1.200000,0.000000,7,7,7,7,7,8,8,8,8,8,8,319,0,6,6.499092162889283,4.137899995839689,18.2792999985395,5865.0
1782448489,5,,Aggregated,4.800000,0.000000,6,7,9,9,10,10,11,11,11,11,11,1281,0,6,15.596915300464575,3.3754999967641197,2081.7525000020396,6398.069476971116
1782448490,5,GET,/ [checkout abuse session],0.000000,0.000000,0,0,0,0,0,0,0,0,0,0,0,5,0,2081.7525000020396,2059.6317800009274,2044.5219000030193,2081.7525000020396,10499.0
1782448490,5,POST,/cart [add item abuse],1.200000,0.000000,4,4,4,4,5,5,5,5,5,5,5,321,0,4,6.061818068508876,3.3754999967641197,51.98209999798564,0.0
1782448490,5,GET,/cart [view abuse],1.200000,0.000000,6,6,6,6,6,7,7,7,7,7,7,321,0,6,6.342766978227601,4.934100004902575,18.313799999305047,14659.0
1782448490,5,POST,/cart/checkout [abuse],1.200000,0.000000,10,10,10,10,10,11,11,11,11,11,11,321,0,10,11.412119625963676,8.418899997195695,58.250399997632485,5004.0
1782448490,5,GET,/product/[id] [checkout abuse],1.200000,0.000000,7,7,7,7,7,8,8,8,8,8,8,321,0,6,6.49936915873684,4.137899995839689,18.2792999985395,5865.0
1782448490,5,,Aggregated,4.800000,0.000000,6,7,9,9,10,10,10,11,11,11,11,1289,0,6,15.538881768732281,3.3754999967641197,2081.7525000020396,6397.969743987587
1782448491,5,GET,/ [checkout abuse session],0.000000,0.000000,0,0,0,0,0,0,0,0,0,0,0,5,0,2081.7525000020396,2059.6317800009274,2044.5219000030193,2081.7525000020396,10499.0
1782448491,5,POST,/cart [add item abuse],1.200000,0.000000,4,4,4,4,5,5,5,5,5,5,5,321,0,4,6.061818068508876,3.3754999967641197,51.98209999798564,0.0
1782448491,5,GET,/cart [view abuse],1.200000,0.000000,6,6,6,6,6,7,7,7,7,7,7,321,0,6,6.342766978227601,4.934100004902575,18.313799999305047,14659.0
1782448491,5,POST,/cart/checkout [abuse],1.200000,0.000000,10,10,10,10,10,11,11,11,11,11,11,321,0,10,11.412119625963676,8.418899997195695,58.250399997632485,5004.0
1782448491,5,GET,/product/[id] [checkout abuse],1.200000,0.000000,7,7,7,7,7,8,8,8,8,8,8,321,0,6,6.49936915873684,4.137899995839689,18.2792999985395,5865.0
1782448491,5,,Aggregated,4.800000,0.000000,6,7,9,9,10,10,11,11,11,11,11,1289,0,6,15.538881768732281,3.3754999967641197,2081.7525000020396,6397.969743987587
1782448492,5,GET,/ [checkout abuse session],0.000000,0.000000,0,0,0,0,0,0,0,0,0,0,0,5,0,2081.7525000020396,2059.6317800009274,2044.5219000030193,2081.7525000020396,10499.0
1782448492,5,POST,/cart [add item abuse],1.200000,0.000000,4,4,4,5,5,5,5,5,5,5,5,323,0,4,6.050882662517442,3.3754999967641197,51.98209999798564,0.0
1782448492,5,GET,/cart [view abuse],1.200000,0.000000,6,6,6,6,7,7,7,7,7,7,7,323,0,6,6.3442405573070415,4.934100004902575,18.313799999305047,14659.0
1782448492,5,POST,/cart/checkout [abuse],1.200000,0.000000,10,10,10,10,10,11,11,11,11,11,11,323,0,10,11.403991021457397,8.418899997195695,58.250399997632485,5004.0
1782448492,5,GET,/product/[id] [checkout abuse],1.200000,0.000000,7,7,7,7,7,8,8,8,8,8,8,323,0,6,6.5004804951973885,4.137899995839689,18.2792999985395,5865.0
1782448492,5,,Aggregated,4.800000,0.000000,6,7,9,9,10,10,10,11,11,11,11,1297,0,6,15.485680801763639,3.3754999967641197,2081.7525000020396,6397.871241326137
1782448493,5,GET,/ [checkout abuse session],0.000000,0.000000,0,0,0,0,0,0,0,0,0,0,0,5,0,2081.7525000020396,2059.6317800009274,2044.5219000030193,2081.7525000020396,10499.0
1782448493,5,POST,/cart [add item abuse],1.300000,0.000000,4,4,5,5,5,5,5,5,5,5,5,324,0,4,6.043795370355782,3.3754999967641197,51.98209999798564,0.0
1782448493,5,GET,/cart [view abuse],1.300000,0.000000,6,6,6,6,7,7,7,7,7,7,7,324,0,6,6.3425740741136165,4.934100004902575,18.313799999305047,14659.0
1782448493,5,POST,/cart/checkout [abuse],1.300000,0.000000,10,10,10,10,10,11,11,11,11,11,11,324,0,10,11.398820370142161,8.418899997195695,58.250399997632485,5004.0
1782448493,5,GET,/product/[id] [checkout abuse],1.300000,0.000000,7,7,7,7,8,8,8,8,8,8,8,324,0,6,6.505340123314657,4.137899995839689,18.2792999985395,5865.0
1782448493,5,,Aggregated,5.200000,0.000000,6,7,9,9,10,10,11,11,11,11,11,1301,0,6,15.45910115287681,3.3754999967641197,2081.7525000020396,6397.8224442736355
1782448494,5,GET,/ [checkout abuse session],0.000000,0.000000,0,0,0,0,0,0,0,0,0,0,0,5,0,2081.7525000020396,2059.6317800009274,2044.5219000030193,2081.7525000020396,10499.0
1782448494,5,POST,/cart [add item abuse],1.200000,0.000000,4,4,5,5,5,5,5,5,5,5,5,325,0,4,6.037314461517291,3.3754999967641197,51.98209999798564,0.0
1782448494,5,GET,/cart [view abuse],1.200000,0.000000,6,6,6,6,7,7,7,7,7,7,7,325,0,6,6.342423076969751,4.934100004902575,18.313799999305047,14659.0
1782448494,5,POST,/cart/checkout [abuse],1.200000,0.000000,10,10,10,10,10,12,12,12,12,12,12,325,0,10,11.400204615157026,8.418899997195695,58.250399997632485,5004.0
1782448494,5,GET,/product/[id] [checkout abuse],1.200000,0.000000,7,7,7,7,8,8,8,8,8,8,8,325,0,6,6.503055999861457,4.137899995839689,18.2792999985395,5865.0
1782448494,5,,Aggregated,4.800000,0.000000,6,7,9,9,10,10,12,12,12,12,12,1305,0,6,15.433052337083472,3.3754999967641197,2081.7525000020396,6397.773946360153
1782448495,5,GET,/ [checkout abuse session],0.000000,0.000000,0,0,0,0,0,0,0,0,0,0,0,5,0,2081.7525000020396,2059.6317800009274,2044.5219000030193,2081.7525000020396,10499.0
1782448495,5,POST,/cart [add item abuse],1.200000,0.000000,4,4,4,4,5,5,5,5,5,5,5,326,0,4,6.031225766848945,3.3754999967641197,51.98209999798564,0.0
1782448495,5,GET,/cart [view abuse],1.200000,0.000000,6,6,6,6,7,7,7,7,7,7,7,326,0,6,6.342260736245926,4.934100004902575,18.313799999305047,14659.0
1782448495,5,POST,/cart/checkout [abuse],1.200000,0.000000,10,10,10,10,10,12,12,12,12,12,12,326,0,10,11.39730184027058,8.418899997195695,58.250399997632485,5004.0
1782448495,5,GET,/product/[id] [checkout abuse],1.200000,0.000000,6,7,7,7,8,8,8,8,8,8,8,326,0,6,6.502045091902952,4.137899995839689,18.2792999985395,5865.0
1782448495,5,,Aggregated,4.800000,0.000000,6,7,9,9,10,10,12,12,12,12,12,1309,0,6,15.406495492667789,3.3754999967641197,2081.7525000020396,6397.725744843392
1782448496,5,GET,/ [checkout abuse session],0.000000,0.000000,0,0,0,0,0,0,0,0,0,0,0,5,0,2081.7525000020396,2059.6317800009274,2044.5219000030193,2081.7525000020396,10499.0
1782448496,5,POST,/cart [add item abuse],1.200000,0.000000,4,4,5,5,5,48,48,48,48,48,48,327,0,4,6.1584966360591,3.3754999967641197,51.98209999798564,0.0
1782448496,5,GET,/cart [view abuse],1.200000,0.000000,6,6,6,6,7,7,7,7,7,7,7,327,0,6,6.342232415966322,4.934100004902575,18.313799999305047,14659.0
1782448496,5,POST,/cart/checkout [abuse],1.200000,0.000000,10,10,10,10,10,12,12,12,12,12,12,327,0,10,11.392823852995084,8.418899997195695,58.250399997632485,5004.0
1782448496,5,GET,/product/[id] [checkout abuse],1.200000,0.000000,6,7,7,7,8,8,8,8,8,8,8,327,0,6,6.500921100794568,4.137899995839689,18.2792999985395,5865.0
1782448496,5,,Aggregated,4.800000,0.000000,6,7,9,9,10,10,48,48,48,48,48,1313,0,6,15.41291081485618,3.3754999967641197,2081.7525000020396,6397.67783701447
1782448497,5,GET,/ [checkout abuse session],0.000000,0.000000,0,0,0,0,0,0,0,0,0,0,0,5,0,2081.7525000020396,2059.6317800009274,2044.5219000030193,2081.7525000020396,10499.0
1782448497,5,POST,/cart [add item abuse],1.300000,0.000000,4,4,5,5,5,48,48,48,48,48,48,329,0,4,6.142855623068563,3.3754999967641197,51.98209999798564,0.0
1782448497,5,GET,/cart [view abuse],1.300000,0.000000,6,6,6,6,7,7,7,7,7,7,7,329,0,6,6.336315501592579,4.934100004902575,18.313799999305047,14659.0
1782448497,5,POST,/cart/checkout [abuse],1.300000,0.000000,10,10,10,10,10,12,12,12,12,12,12,329,0,10,11.381626443564643,8.418899997195695,58.250399997632485,5004.0
1782448497,5,GET,/product/[id] [checkout abuse],1.300000,0.000000,6,6,7,7,8,8,8,8,8,8,8,329,0,6,6.497259878301866,4.137899995839689,18.2792999985395,5865.0
1782448497,5,,Aggregated,5.200000,0.000000,6,7,9,9,10,10,48,48,48,48,48,1321,0,6,15.356517638086476,3.3754999967641197,2081.7525000020396,6397.582891748675
1782448498,5,GET,/ [checkout abuse session],0.000000,0.000000,0,0,0,0,0,0,0,0,0,0,0,5,0,2081.7525000020396,2059.6317800009274,2044.5219000030193,2081.7525000020396,10499.0
1782448498,5,POST,/cart [add item abuse],1.100000,0.000000,4,4,4,4,5,48,48,48,48,48,48,331,0,4,6.1302486404798024,3.3754999967641197,51.98209999798564,0.0
1782448498,5,GET,/cart [view abuse],1.100000,0.000000,6,6,6,6,6,7,7,7,7,7,7,331,0,6,6.333171299168435,4.934100004902575,18.313799999305047,14659.0
1782448498,5,POST,/cart/checkout [abuse],1.100000,0.000000,10,10,12,12,50,54,54,54,54,54,54,331,0,10,11.627703927285172,8.418899997195695,58.250399997632485,5004.0
1782448498,5,GET,/product/[id] [checkout abuse],1.100000,0.000000,6,7,7,7,8,8,8,8,8,8,8,331,0,6,6.500948942503808,4.137899995839689,18.2792999985395,5865.0
1782448498,5,,Aggregated,4.400000,0.000000,6,7,9,10,10,48,54,54,54,54,54,1329,0,6,15.368047404009298,3.3754999967641197,2081.7525000020396,6397.489089541008
1782448499,5,GET,/ [checkout abuse session],0.000000,0.000000,0,0,0,0,0,0,0,0,0,0,0,5,0,2081.7525000020396,2059.6317800009274,2044.5219000030193,2081.7525000020396,10499.0
1782448499,5,POST,/cart [add item abuse],1.100000,0.000000,4,4,4,4,5,48,48,48,48,48,48,331,0,4,6.1302486404798024,3.3754999967641197,51.98209999798564,0.0
1782448499,5,GET,/cart [view abuse],1.100000,0.000000,6,6,6,6,6,7,7,7,7,7,7,331,0,6,6.333171299168435,4.934100004902575,18.313799999305047,14659.0
1782448499,5,POST,/cart/checkout [abuse],1.100000,0.000000,10,10,12,12,50,54,54,54,54,54,54,331,0,10,11.627703927285172,8.418899997195695,58.250399997632485,5004.0
1782448499,5,GET,/product/[id] [checkout abuse],1.100000,0.000000,6,7,7,7,8,8,8,8,8,8,8,331,0,6,6.500948942503808,4.137899995839689,18.2792999985395,5865.0
1782448499,5,,Aggregated,4.400000,0.000000,6,7,9,10,10,48,54,54,54,54,54,1329,0,6,15.368047404009298,3.3754999967641197,2081.7525000020396,6397.489089541008
1782448500,5,GET,/ [checkout abuse session],0.000000,0.000000,0,0,0,0,0,0,0,0,0,0,0,5,0,2081.7525000020396,2059.6317800009274,2044.5219000030193,2081.7525000020396,10499.0
1782448500,5,POST,/cart [add item abuse],1.200000,0.000000,4,4,4,4,5,48,48,48,48,48,48,332,0,4,6.123351807229526,3.3754999967641197,51.98209999798564,0.0
1782448500,5,GET,/cart [view abuse],1.200000,0.000000,6,6,6,6,6,7,7,7,7,7,7,332,0,6,6.3319942772024485,4.934100004902575,18.313799999305047,14659.0
1782448500,5,POST,/cart/checkout [abuse],1.200000,0.000000,10,10,12,12,50,54,54,54,54,54,54,332,0,10,11.621726807021902,8.418899997195695,58.250399997632485,5004.0
1782448500,5,GET,/product/[id] [checkout abuse],1.200000,0.000000,6,7,7,7,8,8,8,8,8,8,8,332,0,6,6.5001704818325425,4.137899995839689,18.2792999985395,5865.0
1782448500,5,,Aggregated,4.800000,0.000000,6,7,9,10,10,48,54,54,54,54,54,1333,0,6,15.341188071969789,3.3754999967641197,2081.7525000020396,6397.4426106526635
1782448501,5,GET,/ [checkout abuse session],0.000000,0.000000,0,0,0,0,0,0,0,0,0,0,0,5,0,2081.7525000020396,2059.6317800009274,2044.5219000030193,2081.7525000020396,10499.0
1782448501,5,POST,/cart [add item abuse],1.200000,0.000000,4,4,4,4,5,48,48,48,48,48,48,334,0,4,6.107967664652524,3.3754999967641197,51.98209999798564,0.0
1782448501,5,GET,/cart [view abuse],1.200000,0.000000,6,6,6,6,6,7,7,7,7,7,7,334,0,6,6.329481437216578,4.934100004902575,18.313799999305047,14659.0
1782448501,5,POST,/cart/checkout [abuse],1.200000,0.000000,10,10,10,12,50,54,54,54,54,54,54,334,0,10,11.61273233512344,8.418899997195695,58.250399997632485,5004.0
1782448501,5,GET,/product/[id] [checkout abuse],1.200000,0.000000,6,6,7,7,8,8,8,8,8,8,8,334,0,6,6.492144610680686,4.137899995839689,18.2792999985395,5865.0
1782448501,5,,Aggregated,4.800000,0.000000,6,7,10,10,10,48,50,54,54,54,54,1341,0,6,15.286574049162935,3.3754999967641197,2081.7525000020396,6397.350484712901
1782448502,5,GET,/ [checkout abuse session],0.000000,0.000000,0,0,0,0,0,0,0,0,0,0,0,5,0,2081.7525000020396,2059.6317800009274,2044.5219000030193,2081.7525000020396,10499.0
1782448502,5,POST,/cart [add item abuse],1.100000,0.000000,4,4,4,4,4,48,48,48,48,48,48,336,0,4,6.093869345239087,3.3754999967641197,51.98209999798564,0.0
1782448502,5,GET,/cart [view abuse],1.100000,0.000000,6,6,6,6,6,6,6,6,6,6,6,336,0,6,6.32522410723184,4.934100004902575,18.313799999305047,14659.0
1782448502,5,POST,/cart/checkout [abuse],1.100000,0.000000,10,10,10,12,50,54,54,54,54,54,54,336,0,10,11.603773809318747,8.418899997195695,58.250399997632485,5004.0
1782448502,5,GET,/product/[id] [checkout abuse],1.100000,0.000000,6,6,7,7,8,8,8,8,8,8,8,336,0,6,6.490955059429585,4.137899995839689,18.2792999985395,5865.0
1782448502,5,,Aggregated,4.400000,0.000000,6,7,10,10,10,48,50,54,54,54,54,1349,0,6,15.234101704917945,3.3754999967641197,2081.7525000020396,6397.259451445515
1782448503,5,GET,/ [checkout abuse session],0.000000,0.000000,0,0,0,0,0,0,0,0,0,0,0,5,0,2081.7525000020396,2059.6317800009274,2044.5219000030193,2081.7525000020396,10499.0
1782448503,5,POST,/cart [add item abuse],1.100000,0.000000,4,4,4,4,4,48,48,48,48,48,48,336,0,4,6.093869345239087,3.3754999967641197,51.98209999798564,0.0
1782448503,5,GET,/cart [view abuse],1.100000,0.000000,6,6,6,6,6,6,6,6,6,6,6,336,0,6,6.32522410723184,4.934100004902575,18.313799999305047,14659.0
1782448503,5,POST,/cart/checkout [abuse],1.100000,0.000000,10,10,12,12,50,54,54,54,54,54,54,336,0,10,11.603773809318747,8.418899997195695,58.250399997632485,5004.0
1782448503,5,GET,/product/[id] [checkout abuse],1.100000,0.000000,6,6,7,7,7,8,8,8,8,8,8,336,0,6,6.490955059429585,4.137899995839689,18.2792999985395,5865.0
1782448503,5,,Aggregated,4.400000,0.000000,6,6,10,10,10,48,54,54,54,54,54,1349,0,6,15.234101704917945,3.3754999967641197,2081.7525000020396,6397.259451445515
1782448504,5,GET,/ [checkout abuse session],0.000000,0.000000,0,0,0,0,0,0,0,0,0,0,0,5,0,2081.7525000020396,2059.6317800009274,2044.5219000030193,2081.7525000020396,10499.0
1782448504,5,POST,/cart [add item abuse],1.300000,0.000000,4,4,4,4,47,48,48,48,48,48,48,338,0,4,6.208181360947621,3.3754999967641197,51.98209999798564,0.0
1782448504,5,GET,/cart [view abuse],1.300000,0.000000,6,6,6,6,6,6,6,6,6,6,6,338,0,6,6.323283136171838,4.934100004902575,18.313799999305047,14659.0
1782448504,5,POST,/cart/checkout [abuse],1.300000,0.000000,10,10,10,12,50,54,54,54,54,54,54,338,0,10,11.587638165471116,8.418899997195695,58.250399997632485,5004.0
1782448504,5,GET,/product/[id] [checkout abuse],1.300000,0.000000,6,6,6,7,7,8,8,8,8,8,8,338,0,6,6.4874147927981305,4.137899995839689,18.2792999985395,5865.0
1782448504,5,,Aggregated,5.200000,0.000000,6,6,9,10,10,48,50,54,54,54,54,1357,0,6,15.212352100166559,3.3754999967641197,2081.7525000020396,6397.169491525424
1782448505,5,GET,/ [checkout abuse session],0.000000,0.000000,0,0,0,0,0,0,0,0,0,0,0,5,0,2081.7525000020396,2059.6317800009274,2044.5219000030193,2081.7525000020396,10499.0
1782448505,5,POST,/cart [add item abuse],1.300000,0.000000,4,4,4,5,47,48,48,48,48,48,48,340,0,4,6.199333235289326,3.3754999967641197,51.98209999798564,0.0
1782448505,5,GET,/cart [view abuse],1.300000,0.000000,6,6,6,6,6,7,7,7,7,7,7,340,0,6,6.323903529482777,4.934100004902575,18.313799999305047,14659.0
1782448505,5,POST,/cart/checkout [abuse],1.300000,0.000000,10,10,10,11,50,54,54,54,54,54,54,340,0,10,11.581206764501129,8.418899997195695,58.250399997632485,5004.0
1782448505,5,GET,/product/[id] [checkout abuse],1.300000,0.000000,6,6,7,7,7,8,8,8,8,8,8,340,0,6,6.486372352853376,4.137899995839689,18.2792999985395,5865.0
1782448505,5,,Aggregated,5.200000,0.000000,6,7,9,10,10,48,50,54,54,54,54,1365,0,6,15.164129157456179,3.3754999967641197,2081.7525000020396,6397.080586080586
1782448506,5,GET,/ [checkout abuse session],0.000000,0.000000,0,0,0,0,0,0,0,0,0,0,0,5,0,2081.7525000020396,2059.6317800009274,2044.5219000030193,2081.7525000020396,10499.0
1782448506,5,POST,/cart [add item abuse],1.200000,0.000000,4,4,4,4,5,47,47,47,47,47,47,341,0,4,6.193041348977689,3.3754999967641197,51.98209999798564,0.0
1782448506,5,GET,/cart [view abuse],1.200000,0.000000,6,6,6,6,6,7,7,7,7,7,7,341,0,6,6.3225973607749335,4.934100004902575,18.313799999305047,14659.0
1782448506,5,POST,/cart/checkout [abuse],1.200000,0.000000,10,10,10,11,50,54,54,54,54,54,54,341,0,10,11.575757184552707,8.418899997195695,58.250399997632485,5004.0
1782448506,5,GET,/product/[id] [checkout abuse],1.200000,0.000000,6,7,7,7,7,8,8,8,8,8,8,341,0,6,6.486986216926323,4.137899995839689,18.2792999985395,5865.0
1782448506,5,,Aggregated,4.800000,0.000000,6,7,9,10,10,47,50,54,54,54,54,1369,0,6,15.13907027022252,3.3754999967641197,2081.7525000020396,6397.036523009496
1782448507,5,GET,/ [checkout abuse session],0.000000,0.000000,0,0,0,0,0,0,0,0,0,0,0,5,0,2081.7525000020396,2059.6317800009274,2044.5219000030193,2081.7525000020396,10499.0
1782448507,5,POST,/cart [add item abuse],1.200000,0.000000,4,4,4,4,5,47,47,47,47,47,47,341,0,4,6.193041348977689,3.3754999967641197,51.98209999798564,0.0
1782448507,5,GET,/cart [view abuse],1.200000,0.000000,6,6,6,6,6,7,7,7,7,7,7,341,0,6,6.3225973607749335,4.934100004902575,18.313799999305047,14659.0
1782448507,5,POST,/cart/checkout [abuse],1.200000,0.000000,10,10,11,11,50,54,54,54,54,54,54,341,0,10,11.575757184552707,8.418899997195695,58.250399997632485,5004.0
1782448507,5,GET,/product/[id] [checkout abuse],1.200000,0.000000,6,7,7,7,7,8,8,8,8,8,8,341,0,6,6.486986216926323,4.137899995839689,18.2792999985395,5865.0
1782448507,5,,Aggregated,4.800000,0.000000,6,7,9,10,10,47,54,54,54,54,54,1369,0,6,15.13907027022252,3.3754999967641197,2081.7525000020396,6397.036523009496
1782448508,5,GET,/ [checkout abuse session],0.000000,0.000000,0,0,0,0,0,0,0,0,0,0,0,5,0,2081.7525000020396,2059.6317800009274,2044.5219000030193,2081.7525000020396,10499.0
1782448508,5,POST,/cart [add item abuse],1.400000,0.000000,4,4,4,4,5,47,47,47,47,47,47,342,0,4,6.185963157894926,3.3754999967641197,51.98209999798564,0.0
1782448508,5,GET,/cart [view abuse],1.400000,0.000000,6,6,6,6,6,7,7,7,7,7,7,342,0,6,6.321942982517799,4.934100004902575,18.313799999305047,14659.0
1782448508,5,POST,/cart/checkout [abuse],1.400000,0.000000,10,10,11,11,50,54,54,54,54,54,54,342,0,10,11.572797660602186,8.418899997195695,58.250399997632485,5004.0
1782448508,5,GET,/product/[id] [checkout abuse],1.400000,0.000000,6,7,7,7,7,8,8,8,8,8,8,342,0,6,6.489165789389517,4.137899995839689,18.2792999985395,5865.0
1782448508,5,,Aggregated,5.600000,0.000000,6,7,9,10,10,47,50,54,54,54,54,1373,0,6,15.115116023250511,3.3754999967641197,2081.7525000020396,6396.992716678806
1782448509,5,GET,/ [checkout abuse session],0.000000,0.000000,0,0,0,0,0,0,0,0,0,0,0,5,0,2081.7525000020396,2059.6317800009274,2044.5219000030193,2081.7525000020396,10499.0
1782448509,5,POST,/cart [add item abuse],1.300000,0.000000,4,4,4,4,5,47,47,47,47,47,47,344,0,4,6.1720011627733395,3.3754999967641197,51.98209999798564,0.0
1782448509,5,GET,/cart [view abuse],1.300000,0.000000,6,6,6,6,7,7,7,7,7,7,7,344,0,6,6.321172674477058,4.934100004902575,18.313799999305047,14659.0
1782448509,5,POST,/cart/checkout [abuse],1.300000,0.000000,10,10,10,10,11,11,11,11,11,11,11,344,0,10,11.563203197447576,8.418899997195695,58.250399997632485,5004.0
1782448509,5,GET,/product/[id] [checkout abuse],1.300000,0.000000,6,6,7,7,7,7,7,7,7,7,7,344,0,6,6.487788081316001,4.137899995839689,18.2792999985395,5865.0
1782448509,5,,Aggregated,5.200000,0.000000,6,7,9,10,10,11,11,47,47,47,47,1381,0,6,15.065424837011907,3.3754999967641197,2081.7525000020396,6396.90586531499
1782448510,5,GET,/ [checkout abuse session],0.000000,0.000000,0,0,0,0,0,0,0,0,0,0,0,5,0,2081.7525000020396,2059.6317800009274,2044.5219000030193,2081.7525000020396,10499.0
1782448510,5,POST,/cart [add item abuse],1.200000,0.000000,4,4,4,4,5,47,47,47,47,47,47,346,0,4,6.157501734089311,3.3754999967641197,51.98209999798564,0.0
1782448510,5,GET,/cart [view abuse],1.200000,0.000000,6,6,6,6,7,7,7,7,7,7,7,346,0,6,6.3170690751954846,4.934100004902575,18.313799999305047,14659.0
1782448510,5,POST,/cart/checkout [abuse],1.200000,0.000000,10,10,10,11,11,54,54,54,54,54,54,346,0,10,11.679280346591392,8.418899997195695,58.250399997632485,5004.0
1782448510,5,GET,/product/[id] [checkout abuse],1.200000,0.000000,6,7,7,7,7,7,7,7,7,7,7,346,0,6,6.4902176299797585,4.137899995839689,18.2792999985395,5865.0
1782448510,5,,Aggregated,4.800000,0.000000,6,7,9,10,10,11,47,54,54,54,54,1389,0,6,15.047521022253992,3.3754999967641197,2081.7525000020396,6396.820014398848
1782448511,5,GET,/ [checkout abuse session],0.000000,0.000000,0,0,0,0,0,0,0,0,0,0,0,5,0,2081.7525000020396,2059.6317800009274,2044.5219000030193,2081.7525000020396,10499.0
1782448511,5,POST,/cart [add item abuse],1.100000,0.000000,4,4,4,4,5,47,47,47,47,47,47,347,0,4,6.150365417841815,3.3754999967641197,51.98209999798564,0.0
1782448511,5,GET,/cart [view abuse],1.100000,0.000000,6,6,6,6,7,7,7,7,7,7,7,347,0,6,6.314688760849147,4.934100004902575,18.313799999305047,14659.0
1782448511,5,POST,/cart/checkout [abuse],1.100000,0.000000,10,10,11,11,11,54,54,54,54,54,54,347,0,10,11.677016426296,8.418899997195695,58.250399997632485,5004.0
1782448511,5,GET,/product/[id] [checkout abuse],1.100000,0.000000,6,7,7,7,7,7,7,7,7,7,7,347,0,6,6.488222766487949,4.137899995839689,18.2792999985395,5865.0
1782448511,5,,Aggregated,4.400000,0.000000,6,7,9,10,10,11,47,54,54,54,54,1393,0,6,15.022879181555227,3.3754999967641197,2081.7525000020396,6396.777458722182
1782448512,5,GET,/ [checkout abuse session],0.000000,0.000000,0,0,0,0,0,0,0,0,0,0,0,5,0,2081.7525000020396,2059.6317800009274,2044.5219000030193,2081.7525000020396,10499.0
1782448512,5,POST,/cart [add item abuse],1.300000,0.000000,4,4,4,5,5,47,47,47,47,47,47,349,0,4,6.13913037245883,3.3754999967641197,51.98209999798564,0.0
1782448512,5,GET,/cart [view abuse],1.300000,0.000000,6,6,6,6,7,7,7,7,7,7,7,349,0,6,6.313297134727529,4.934100004902575,18.313799999305047,14659.0
1782448512,5,POST,/cart/checkout [abuse],1.300000,0.000000,10,10,11,11,11,54,54,54,54,54,54,349,0,10,11.664355014094598,8.418899997195695,58.250399997632485,5004.0
1782448512,5,GET,/product/[id] [checkout abuse],1.300000,0.000000,6,7,7,7,7,8,8,8,8,8,8,349,0,6,6.491380229132499,4.137899995839689,18.2792999985395,5865.0
1782448512,5,,Aggregated,5.200000,0.000000,6,7,9,10,10,11,47,54,54,54,54,1401,0,6,14.975308850748704,3.3754999967641197,2081.7525000020396,6396.693076374018
1782448513,5,GET,/ [checkout abuse session],0.000000,0.000000,0,0,0,0,0,0,0,0,0,0,0,5,0,2081.7525000020396,2059.6317800009274,2044.5219000030193,2081.7525000020396,10499.0
1782448513,5,POST,/cart [add item abuse],1.300000,0.000000,4,4,4,5,5,47,47,47,47,47,47,349,0,4,6.13913037245883,3.3754999967641197,51.98209999798564,0.0
1782448513,5,GET,/cart [view abuse],1.300000,0.000000,6,6,6,6,7,7,7,7,7,7,7,349,0,6,6.313297134727529,4.934100004902575,18.313799999305047,14659.0
1782448513,5,POST,/cart/checkout [abuse],1.300000,0.000000,10,10,11,11,11,54,54,54,54,54,54,349,0,10,11.664355014094598,8.418899997195695,58.250399997632485,5004.0
1782448513,5,GET,/product/[id] [checkout abuse],1.300000,0.000000,6,7,7,7,7,8,8,8,8,8,8,349,0,6,6.491380229132499,4.137899995839689,18.2792999985395,5865.0
1782448513,5,,Aggregated,5.200000,0.000000,6,7,9,10,10,11,47,54,54,54,54,1401,0,6,14.975308850748704,3.3754999967641197,2081.7525000020396,6396.693076374018
1782448514,5,GET,/ [checkout abuse session],0.000000,0.000000,0,0,0,0,0,0,0,0,0,0,0,5,0,2081.7525000020396,2059.6317800009274,2044.5219000030193,2081.7525000020396,10499.0
1782448514,5,POST,/cart [add item abuse],1.300000,0.000000,4,4,4,4,5,5,5,5,5,5,5,351,0,4,6.126260113944843,3.3754999967641197,51.98209999798564,0.0
1782448514,5,GET,/cart [view abuse],1.300000,0.000000,6,6,6,6,7,7,7,7,7,7,7,351,0,6,6.30943789178349,4.934100004902575,18.313799999305047,14659.0
1782448514,5,POST,/cart/checkout [abuse],1.300000,0.000000,10,10,11,11,11,54,54,54,54,54,54,351,0,10,11.650353561022333,8.418899997195695,58.250399997632485,5004.0
1782448514,5,GET,/product/[id] [checkout abuse],1.300000,0.000000,7,7,7,7,7,8,8,8,8,8,8,351,0,6,6.488339885946747,4.137899995839689,18.2792999985395,5865.0
1782448514,5,,Aggregated,5.200000,0.000000,6,7,9,10,10,11,11,54,54,54,54,1409,0,6,14.925316039674541,3.3754999967641197,2081.7525000020396,6396.609652235628
1782448515,5,GET,/ [checkout abuse session],0.000000,0.000000,0,0,0,0,0,0,0,0,0,0,0,5,0,2081.7525000020396,2059.6317800009274,2044.5219000030193,2081.7525000020396,10499.0
1782448515,5,POST,/cart [add item abuse],1.300000,0.000000,4,4,4,4,4,5,5,5,5,5,5,352,0,4,6.118571022708156,3.3754999967641197,51.98209999798564,0.0
1782448515,5,GET,/cart [view abuse],1.300000,0.000000,6,6,6,6,6,7,7,7,7,7,7,352,0,6,6.307651136405019,4.934100004902575,18.313799999305047,14659.0
1782448515,5,POST,/cart/checkout [abuse],1.300000,0.000000,10,10,11,11,11,54,54,54,54,54,54,352,0,10,11.645388636142426,8.418899997195695,58.250399997632485,5004.0
1782448515,5,GET,/product/[id] [checkout abuse],1.300000,0.000000,7,7,7,7,7,8,8,8,8,8,8,352,0,6,6.487957102163736,4.137899995839689,18.2792999985395,5865.0
1782448515,5,,Aggregated,5.200000,0.000000,6,7,9,10,10,11,54,54,54,54,54,1413,0,6,14.901009766380922,3.3754999967641197,2081.7525000020396,6396.568294409059
1782448516,5,GET,/ [checkout abuse session],0.000000,0.000000,0,0,0,0,0,0,0,0,0,0,0,5,0,2081.7525000020396,2059.6317800009274,2044.5219000030193,2081.7525000020396,10499.0
1782448516,5,POST,/cart [add item abuse],1.400000,0.000000,4,4,4,4,4,5,5,5,5,5,5,354,0,4,6.106996892649374,3.3754999967641197,51.98209999798564,0.0
1782448516,5,GET,/cart [view abuse],1.400000,0.000000,6,6,6,6,7,7,7,7,7,7,7,354,0,6,6.308872316418726,4.934100004902575,18.313799999305047,14659.0
1782448516,5,POST,/cart/checkout [abuse],1.400000,0.000000,10,10,10,11,11,54,54,54,54,54,54,354,0,10,11.635639830284434,8.418899997195695,58.250399997632485,5004.0
1782448516,5,GET,/product/[id] [checkout abuse],1.400000,0.000000,7,7,7,7,7,8,8,8,8,8,8,354,0,6,6.487982203260013,4.137899995839689,18.2792999985395,5865.0
1782448516,5,,Aggregated,5.600000,0.000000,6,7,9,10,10,11,11,54,54,54,54,1421,0,6,14.85512934545354,3.3754999967641197,2081.7525000020396,6396.486277269529
1782448517,5,GET,/ [checkout abuse session],0.000000,0.000000,0,0,0,0,0,0,0,0,0,0,0,5,0,2081.7525000020396,2059.6317800009274,2044.5219000030193,2081.7525000020396,10499.0
1782448517,5,POST,/cart [add item abuse],1.300000,0.000000,4,4,4,4,4,5,5,5,5,5,5,355,0,4,6.102419718296569,3.3754999967641197,51.98209999798564,0.0
1782448517,5,GET,/cart [view abuse],1.300000,0.000000,6,6,6,6,7,7,7,7,7,7,7,355,0,6,6.307067605666816,4.934100004902575,18.313799999305047,14659.0
1782448517,5,POST,/cart/checkout [abuse],1.300000,0.000000,10,10,10,11,11,54,54,54,54,54,54,355,0,10,11.62935549271962,8.418899997195695,58.250399997632485,5004.0
1782448517,5,GET,/product/[id] [checkout abuse],1.300000,0.000000,6,7,7,7,7,8,8,8,8,8,8,355,0,6,6.487996337900896,4.137899995839689,18.2792999985395,5865.0
1782448517,5,,Aggregated,5.200000,0.000000,6,7,9,9,10,11,11,54,54,54,54,1425,0,6,14.831710035004857,3.3754999967641197,2081.7525000020396,6396.445614035088
1782448518,5,GET,/ [checkout abuse session],0.000000,0.000000,0,0,0,0,0,0,0,0,0,0,0,5,0,2081.7525000020396,2059.6317800009274,2044.5219000030193,2081.7525000020396,10499.0
1782448518,5,POST,/cart [add item abuse],1.300000,0.000000,4,4,4,4,4,5,5,5,5,5,5,356,0,4,6.095652528059096,3.3754999967641197,51.98209999798564,0.0
1782448518,5,GET,/cart [view abuse],1.300000,0.000000,6,6,6,6,7,7,7,7,7,7,7,356,0,6,6.304126123620918,4.934100004902575,18.313799999305047,14659.0
1782448518,5,POST,/cart/checkout [abuse],1.300000,0.000000,10,10,10,10,11,54,54,54,54,54,54,356,0,10,11.621933145832966,8.418899997195695,58.250399997632485,5004.0
1782448518,5,GET,/product/[id] [checkout abuse],1.300000,0.000000,6,7,7,7,7,8,8,8,8,8,8,356,0,6,6.485659831341355,4.137899995839689,18.2792999985395,5865.0
1782448518,5,,Aggregated,5.200000,0.000000,6,7,9,9,10,10,11,54,54,54,54,1429,0,6,14.806706228045332,3.3754999967641197,2081.7525000020396,6396.405178446466
1782448519,5,GET,/ [checkout abuse session],0.000000,0.000000,0,0,0,0,0,0,0,0,0,0,0,5,0,2081.7525000020396,2059.6317800009274,2044.5219000030193,2081.7525000020396,10499.0
1782448519,5,POST,/cart [add item abuse],1.300000,0.000000,4,4,4,4,5,5,5,5,5,5,5,359,0,4,6.07976601666623,3.3754999967641197,51.98209999798564,0.0
1782448519,5,GET,/cart [view abuse],1.300000,0.000000,6,6,6,6,6,7,7,7,7,7,7,359,0,6,6.3000974930363345,4.934100004902575,18.313799999305047,14659.0
1782448519,5,POST,/cart/checkout [abuse],1.300000,0.000000,10,10,10,10,11,54,54,54,54,54,54,359,0,10,11.603116712872293,8.418899997195695,58.250399997632485,5004.0
1782448519,5,GET,/product/[id] [checkout abuse],1.300000,0.000000,6,7,7,7,7,8,8,8,8,8,8,359,0,6,6.482985236679242,4.137899995839689,18.2792999985395,5865.0
1782448519,5,,Aggregated,5.200000,0.000000,6,7,9,9,10,10,11,54,54,54,54,1441,0,6,14.736599930518292,3.3754999967641197,2081.7525000020396,6396.285218598196
1782448520,5,GET,/ [checkout abuse session],0.000000,0.000000,0,0,0,0,0,0,0,0,0,0,0,5,0,2081.7525000020396,2059.6317800009274,2044.5219000030193,2081.7525000020396,10499.0
1782448520,5,POST,/cart [add item abuse],1.300000,0.000000,4,4,4,4,5,5,5,5,5,5,5,359,0,4,6.07976601666623,3.3754999967641197,51.98209999798564,0.0
1782448520,5,GET,/cart [view abuse],1.300000,0.000000,6,6,6,6,6,7,7,7,7,7,7,359,0,6,6.3000974930363345,4.934100004902575,18.313799999305047,14659.0
1782448520,5,POST,/cart/checkout [abuse],1.300000,0.000000,10,10,10,10,10,11,11,11,11,11,11,359,0,10,11.603116712872293,8.418899997195695,58.250399997632485,5004.0
1782448520,5,GET,/product/[id] [checkout abuse],1.300000,0.000000,6,6,7,7,7,8,8,8,8,8,8,359,0,6,6.482985236679242,4.137899995839689,18.2792999985395,5865.0
1782448520,5,,Aggregated,5.200000,0.000000,6,7,9,9,10,10,10,11,11,11,11,1441,0,6,14.736599930518292,3.3754999967641197,2081.7525000020396,6396.285218598196
1782448521,5,GET,/ [checkout abuse session],0.000000,0.000000,0,0,0,0,0,0,0,0,0,0,0,5,0,2081.7525000020396,2059.6317800009274,2044.5219000030193,2081.7525000020396,10499.0
1782448521,5,POST,/cart [add item abuse],1.300000,0.000000,4,4,4,4,5,5,5,5,5,5,5,359,0,4,6.07976601666623,3.3754999967641197,51.98209999798564,0.0
1782448521,5,GET,/cart [view abuse],1.300000,0.000000,6,6,6,6,6,7,7,7,7,7,7,359,0,6,6.3000974930363345,4.934100004902575,18.313799999305047,14659.0
1782448521,5,POST,/cart/checkout [abuse],1.300000,0.000000,10,10,10,10,10,10,10,10,10,10,10,359,0,10,11.603116712872293,8.418899997195695,58.250399997632485,5004.0
1782448521,5,GET,/product/[id] [checkout abuse],1.300000,0.000000,6,6,7,7,7,8,8,8,8,8,8,359,0,6,6.482985236679242,4.137899995839689,18.2792999985395,5865.0
1782448521,5,,Aggregated,5.200000,0.000000,6,7,9,9,10,10,10,10,10,10,10,1441,0,6,14.736599930518292,3.3754999967641197,2081.7525000020396,6396.285218598196
1782448522,5,GET,/ [checkout abuse session],0.000000,0.000000,0,0,0,0,0,0,0,0,0,0,0,5,0,2081.7525000020396,2059.6317800009274,2044.5219000030193,2081.7525000020396,10499.0
1782448522,5,POST,/cart [add item abuse],1.500000,0.000000,4,4,4,4,5,5,5,5,5,5,5,361,0,4,6.069456509656629,3.3754999967641197,51.98209999798564,0.0
1782448522,5,GET,/cart [view abuse],1.500000,0.000000,6,6,6,6,6,7,7,7,7,7,7,361,0,6,6.298536842102327,4.934100004902575,18.313799999305047,14659.0
1782448522,5,POST,/cart/checkout [abuse],1.500000,0.000000,10,10,10,10,10,10,10,10,10,10,10,361,0,10,11.590250692307082,8.418899997195695,58.250399997632485,5004.0
1782448522,5,GET,/product/[id] [checkout abuse],1.500000,0.000000,6,7,7,7,7,7,7,7,7,7,7,361,0,6,6.483316897428975,4.137899995839689,18.2792999985395,5865.0
1782448522,5,,Aggregated,6.000000,0.000000,6,7,9,9,10,10,10,10,10,10,10,1449,0,6,14.691209385703475,3.3754999967641197,2081.7525000020396,6396.206349206349
1782448523,5,GET,/ [checkout abuse session],0.000000,0.000000,0,0,0,0,0,0,0,0,0,0,0,5,0,2081.7525000020396,2059.6317800009274,2044.5219000030193,2081.7525000020396,10499.0
1782448523,5,POST,/cart [add item abuse],1.300000,0.000000,4,4,4,4,5,5,5,5,5,5,5,363,0,4,6.0558077134536745,3.3754999967641197,51.98209999798564,0.0
1782448523,5,GET,/cart [view abuse],1.300000,0.000000,6,6,6,6,6,7,7,7,7,7,7,363,0,6,6.29357603304752,4.934100004902575,18.313799999305047,14659.0
1782448523,5,POST,/cart/checkout [abuse],1.300000,0.000000,9,10,10,10,10,10,10,10,10,10,10,363,0,10,11.57702754801104,8.418899997195695,58.250399997632485,5004.0
1782448523,5,GET,/product/[id] [checkout abuse],1.300000,0.000000,6,7,7,7,7,7,7,7,7,7,7,363,0,6,6.4833798897271455,4.137899995839689,18.2792999985395,5865.0
1782448523,5,,Aggregated,5.200000,0.000000,6,7,9,9,9,10,10,10,10,10,10,1457,0,6,14.644415305342163,3.3754999967641197,2081.7525000020396,6396.128345916266
1782448524,5,GET,/ [checkout abuse session],0.000000,0.000000,0,0,0,0,0,0,0,0,0,0,0,5,0,2081.7525000020396,2059.6317800009274,2044.5219000030193,2081.7525000020396,10499.0
1782448524,5,POST,/cart [add item abuse],1.200000,0.000000,4,4,4,4,5,5,5,5,5,5,5,364,0,4,6.051245879072147,3.3754999967641197,51.98209999798564,0.0
1782448524,5,GET,/cart [view abuse],1.200000,0.000000,6,6,6,6,7,7,7,7,7,7,7,364,0,6,6.2945804944959765,4.934100004902575,18.313799999305047,14659.0
1782448524,5,POST,/cart/checkout [abuse],1.200000,0.000000,9,10,10,10,10,10,10,10,10,10,10,364,0,10,11.572940384412304,8.418899997195695,58.250399997632485,5004.0
1782448524,5,GET,/product/[id] [checkout abuse],1.200000,0.000000,6,7,7,7,7,7,7,7,7,7,7,364,0,6,6.48331181310913,4.137899995839689,18.2792999985395,5865.0
1782448524,5,,Aggregated,4.800000,0.000000,6,7,9,9,10,10,10,10,10,10,10,1461,0,6,14.623213894511455,3.3754999967641197,2081.7525000020396,6396.089664613279
1782448525,5,GET,/ [checkout abuse session],0.000000,0.000000,0,0,0,0,0,0,0,0,0,0,0,5,0,2081.7525000020396,2059.6317800009274,2044.5219000030193,2081.7525000020396,10499.0
1782448525,5,POST,/cart [add item abuse],1.200000,0.000000,4,4,4,4,5,5,5,5,5,5,5,364,0,4,6.051245879072147,3.3754999967641197,51.98209999798564,0.0
1782448525,5,GET,/cart [view abuse],1.200000,0.000000,6,6,6,6,7,7,7,7,7,7,7,364,0,6,6.2945804944959765,4.934100004902575,18.313799999305047,14659.0
1782448525,5,POST,/cart/checkout [abuse],1.200000,0.000000,9,10,10,10,10,10,10,10,10,10,10,364,0,10,11.572940384412304,8.418899997195695,58.250399997632485,5004.0
1782448525,5,GET,/product/[id] [checkout abuse],1.200000,0.000000,6,7,7,7,7,7,7,7,7,7,7,364,0,6,6.48331181310913,4.137899995839689,18.2792999985395,5865.0
1782448525,5,,Aggregated,4.800000,0.000000,6,7,9,9,10,10,10,10,10,10,10,1461,0,6,14.623213894511455,3.3754999967641197,2081.7525000020396,6396.089664613279
1782448526,5,GET,/ [checkout abuse session],0.000000,0.000000,0,0,0,0,0,0,0,0,0,0,0,5,0,2081.7525000020396,2059.6317800009274,2044.5219000030193,2081.7525000020396,10499.0
1782448526,5,POST,/cart [add item abuse],1.300000,0.000000,4,4,4,4,5,5,5,5,5,5,5,366,0,4,6.0410775955768985,3.3754999967641197,51.98209999798564,0.0
1782448526,5,GET,/cart [view abuse],1.300000,0.000000,6,6,6,6,6,7,7,7,7,7,7,366,0,6,6.292707377048674,4.934100004902575,18.313799999305047,14659.0
1782448526,5,POST,/cart/checkout [abuse],1.300000,0.000000,9,10,10,10,10,11,11,11,11,11,11,366,0,10,11.565802732036135,8.418899997195695,58.250399997632485,5004.0
1782448526,5,GET,/product/[id] [checkout abuse],1.300000,0.000000,6,7,7,7,7,7,7,7,7,7,7,366,0,6,6.483095901566742,4.137899995839689,18.2792999985395,5865.0
1782448526,5,,Aggregated,5.200000,0.000000,6,7,9,9,10,10,11,11,11,11,11,1469,0,6,14.58013689576872,3.3754999967641197,2081.7525000020396,6396.012933968686
