Timestamp,User Count,Type,Name,Requests/s,Failures/s,50%,66%,75%,80%,90%,95%,98%,99%,99.9%,99.99%,100%,Total Request Count,Total Failure Count,Total Median Response Time,Total Average Response Time,Total Min Response Time,Total Max Response Time,Total Average Content Size
1782360566,0,,Aggregated,0.000000,0.000000,N/A,N/A,N/A,N/A,N/A,N/A,N/A,N/A,N/A,N/A,N/A,0,0,0,0.0,0,0,0
1782360567,1,,Aggregated,0.000000,0.000000,N/A,N/A,N/A,N/A,N/A,N/A,N/A,N/A,N/A,N/A,N/A,0,0,0,0.0,0,0,0
1782360568,2,,Aggregated,0.000000,0.000000,N/A,N/A,N/A,N/A,N/A,N/A,N/A,N/A,N/A,N/A,N/A,0,0,0,0.0,0,0,0
1782360569,2,,Aggregated,0.000000,0.000000,2100,2100,2100,2100,2100,2100,2100,2100,2100,2100,2100,1,0,2075.533199997153,2075.533199997153,2075.533199997153,2075.533199997153,10499.0
1782360570,2,,Aggregated,0.000000,0.000000,2100,2100,2100,2100,2100,2100,2100,2100,2100,2100,2100,2,0,2048.644399998011,2062.088799997582,2048.644399998011,2075.533199997153,8182.0
1782360571,2,,Aggregated,0.000000,0.000000,2000,2000,2100,2100,2100,2100,2100,2100,2100,2100,2100,3,0,2000,1379.8975666650222,15.515099999902304,2075.533199997153,8954.333333333334
1782360572,2,,Aggregated,0.000000,0.000000,2000,2000,2100,2100,2100,2100,2100,2100,2100,2100,2100,3,0,2000,1379.8975666650222,15.515099999902304,2075.533199997153,8954.333333333334
1782360573,2,,Aggregated,0.000000,0.000000,2000,2000,2100,2100,2100,2100,2100,2100,2100,2100,2100,3,0,2000,1379.8975666650222,15.515099999902304,2075.533199997153,8954.333333333334
1782360574,2,,Aggregated,0.600000,0.000000,22,2000,2000,2100,2100,2100,2100,2100,2100,2100,2100,5,0,22,833.8005199984764,7.3011999993468635,2075.533199997153,8489.8
1782360575,2,,Aggregated,0.600000,0.000000,22,2000,2000,2100,2100,2100,2100,2100,2100,2100,2100,5,0,22,833.8005199984764,7.3011999993468635,2075.533199997153,8489.8
1782360576,2,,Aggregated,0.600000,0.000000,22,2000,2000,2100,2100,2100,2100,2100,2100,2100,2100,5,0,22,833.8005199984764,7.3011999993468635,2075.533199997153,8489.8
1782360577,2,,Aggregated,0.600000,0.000000,22,2000,2000,2100,2100,2100,2100,2100,2100,2100,2100,5,0,22,833.8005199984764,7.3011999993468635,2075.533199997153,8489.8
1782360578,2,,Aggregated,0.555556,0.000000,22,22,2000,2000,2100,2100,2100,2100,2100,2100,2100,6,0,16,695.823999998538,5.941399998846464,2075.533199997153,8052.333333333333
1782360579,2,,Aggregated,0.500000,0.000000,22,23,2000,2000,2100,2100,2100,2100,2100,2100,2100,7,0,22,599.7126142849863,5.941399998846464,2075.533199997153,8401.857142857143
1782360580,2,,Aggregated,0.500000,0.000000,22,23,2000,2000,2100,2100,2100,2100,2100,2100,2100,8,0,16,526.4432999993005,5.941399998846464,2075.533199997153,8664.0
1782360581,2,,Aggregated,0.500000,0.000000,22,23,2000,2000,2100,2100,2100,2100,2100,2100,2100,8,0,16,526.4432999993005,5.941399998846464,2075.533199997153,8664.0
1782360582,2,,Aggregated,0.600000,0.000000,16,22,23,2000,2100,2100,2100,2100,2100,2100,2100,9,0,16,468.710666666286,5.941399998846464,2075.533199997153,8266.555555555555
1782360583,2,,Aggregated,0.600000,0.000000,16,22,23,2000,2100,2100,2100,2100,2100,2100,2100,9,0,16,468.710666666286,5.941399998846464,2075.533199997153,8266.555555555555
1782360584,2,,Aggregated,0.500000,0.000000,16,22,23,2000,2100,2100,2100,2100,2100,2100,2100,10,0,14,422.4432800001523,5.941399998846464,2075.533199997153,8026.4
1782360585,2,,Aggregated,0.600000,0.000000,16,22,23,23,2000,2100,2100,2100,2100,2100,2100,11,0,16,385.9209363634529,5.941399998846464,2075.533199997153,8251.181818181818
1782360586,2,,Aggregated,0.600000,0.000000,16,22,23,23,2000,2100,2100,2100,2100,2100,2100,11,0,16,385.9209363634529,5.941399998846464,2075.533199997153,8251.181818181818
1782360587,2,,Aggregated,0.500000,0.000000,16,21,23,23,2000,2100,2100,2100,2100,2100,2100,12,0,14,354.2920333335739,5.941399998846464,2075.533199997153,8052.333333333333
1782360588,2,,Aggregated,0.500000,0.000000,16,21,23,23,2000,2100,2100,2100,2100,2100,2100,12,0,14,354.2920333335739,5.941399998846464,2075.533199997153,8052.333333333333
1782360589,2,,Aggregated,0.500000,0.000000,16,21,23,23,2000,2100,2100,2100,2100,2100,2100,12,0,14,354.2920333335739,5.941399998846464,2075.533199997153,8052.333333333333
1782360590,2,,Aggregated,0.700000,0.000000,16,22,23,24,2000,2100,2100,2100,2100,2100,2100,14,0,14,305.82672142918454,5.941399998846464,2075.533199997153,8070.857142857143
1782360591,2,,Aggregated,0.700000,0.000000,16,22,23,24,2000,2100,2100,2100,2100,2100,2100,14,0,14,305.82672142918454,5.941399998846464,2075.533199997153,8070.857142857143
1782360592,2,,Aggregated,0.700000,0.000000,16,22,23,24,2000,2100,2100,2100,2100,2100,2100,14,0,14,305.82672142918454,5.941399998846464,2075.533199997153,8070.857142857143
1782360593,2,,Aggregated,0.600000,0.000000,14,21,23,23,2000,2100,2100,2100,2100,2100,2100,16,0,13,268.7532250001823,5.941399998846464,2075.533199997153,8084.75
1782360594,2,,Aggregated,0.600000,0.000000,14,21,23,23,2000,2100,2100,2100,2100,2100,2100,16,0,13,268.7532250001823,5.941399998846464,2075.533199997153,8084.75
1782360595,2,,Aggregated,0.600000,0.000000,14,21,23,23,2000,2100,2100,2100,2100,2100,2100,16,0,13,268.7532250001823,5.941399998846464,2075.533199997153,8084.75
1782360596,2,,Aggregated,0.600000,0.000000,14,21,23,23,2000,2100,2100,2100,2100,2100,2100,16,0,13,268.7532250001823,5.941399998846464,2075.533199997153,8084.75
1782360597,2,,Aggregated,0.600000,0.000000,14,22,23,23,2000,2100,2100,2100,2100,2100,2100,17,0,14,254.27558235284832,5.941399998846464,2075.533199997153,8226.764705882353
1782360598,2,,Aggregated,0.500000,0.000000,14,21,23,23,2000,2100,2100,2100,2100,2100,2100,18,0,13,240.60176666656238,5.941399998846464,2075.533199997153,8095.555555555556
1782360599,2,,Aggregated,0.500000,0.000000,14,21,23,23,2000,2100,2100,2100,2100,2100,2100,18,0,13,240.60176666656238,5.941399998846464,2075.533199997153,8095.555555555556
1782360600,2,,Aggregated,0.500000,0.000000,13,21,23,23,2000,2100,2100,2100,2100,2100,2100,19,0,13,228.29403157849907,5.941399998846464,2075.533199997153,7978.1578947368425
1782360601,2,,Aggregated,0.500000,0.000000,13,21,23,23,2000,2100,2100,2100,2100,2100,2100,19,0,13,228.29403157849907,5.941399998846464,2075.533199997153,7978.1578947368425
1782360602,2,,Aggregated,0.500000,0.000000,13,21,23,23,2000,2100,2100,2100,2100,2100,2100,20,0,8,217.1892749996914,5.941399998846464,2075.533199997153,7833.6
1782360603,2,,Aggregated,0.500000,0.000000,8,16,22,23,24,2000,2100,2100,2100,2100,2100,21,0,8,207.2093523806654,5.941399998846464,2075.533199997153,7739.857142857143
1782360604,2,,Aggregated,0.500000,0.000000,8,16,22,23,24,2000,2100,2100,2100,2100,2100,21,0,8,207.2093523806654,5.941399998846464,2075.533199997153,7739.857142857143
1782360605,2,,Aggregated,0.500000,0.000000,8,21,23,23,24,2000,2100,2100,2100,2100,2100,23,0,8,190.5416826086129,5.941399998846464,2075.533199997153,7778.304347826087
1782360606,2,,Aggregated,0.500000,0.000000,8,21,23,23,24,2000,2100,2100,2100,2100,2100,23,0,8,190.5416826086129,5.941399998846464,2075.533199997153,7778.304347826087
1782360607,2,,Aggregated,0.500000,0.000000,13,16,23,23,24,2000,2100,2100,2100,2100,2100,24,0,8,183.16152499998375,5.941399998846464,2075.533199997153,7891.666666666667
1782360608,2,,Aggregated,0.700000,0.000000,13,16,22,23,24,2000,2100,2100,2100,2100,2100,25,0,13,176.36338800017256,5.941399998846464,2075.533199997153,7995.96
1782360609,2,,Aggregated,0.700000,0.000000,13,16,22,23,24,2000,2100,2100,2100,2100,2100,26,0,8,169.83958076945362,5.941399998846464,2075.533199997153,7914.0
1782360610,2,,Aggregated,0.700000,0.000000,13,16,22,23,24,2000,2100,2100,2100,2100,2100,26,0,8,169.83958076945362,5.941399998846464,2075.533199997153,7914.0
1782360611,2,,Aggregated,0.700000,0.000000,13,16,22,23,24,2000,2100,2100,2100,2100,2100,26,0,8,169.83958076945362,5.941399998846464,2075.533199997153,7914.0
1782360612,2,,Aggregated,0.700000,0.000000,8,14,22,23,24,2000,2100,2100,2100,2100,2100,27,0,8,163.78778148188118,5.941399998846464,2075.533199997153,7838.111111111111
1782360613,2,,Aggregated,0.700000,0.000000,10,14,22,23,24,2000,2100,2100,2100,2100,2100,28,0,8,158.28900714326923,5.941399998846464,2075.533199997153,7739.857142857143
1782360614,2,,Aggregated,0.700000,0.000000,10,14,22,23,24,2000,2100,2100,2100,2100,2100,28,0,8,158.28900714326923,5.941399998846464,2075.533199997153,7739.857142857143
1782360615,2,,Aggregated,0.700000,0.000000,10,14,22,23,24,2000,2100,2100,2100,2100,2100,28,0,8,158.28900714326923,5.941399998846464,2075.533199997153,7739.857142857143
1782360616,2,,Aggregated,0.700000,0.000000,10,14,22,23,24,2000,2100,2100,2100,2100,2100,30,0,8,148.72841000033077,5.941399998846464,2075.533199997153,7769.333333333333
1782360617,2,,Aggregated,0.700000,0.000000,10,14,22,23,24,2000,2100,2100,2100,2100,2100,30,0,8,148.72841000033077,5.941399998846464,2075.533199997153,7769.333333333333
1782360618,2,,Aggregated,0.500000,0.000000,8,14,22,23,23,2000,2100,2100,2100,2100,2100,31,0,8,144.16914838722968,5.941399998846464,2075.533199997153,7682.806451612903
1782360619,2,,Aggregated,0.500000,0.000000,8,14,22,23,23,2000,2100,2100,2100,2100,2100,31,0,8,144.16914838722968,5.941399998846464,2075.533199997153,7682.806451612903
1782360620,2,,Aggregated,0.600000,0.000000,10,14,22,23,23,2000,2100,2100,2100,2100,2100,32,0,8,140.05025312508224,5.941399998846464,2075.533199997153,7770.8125
1782360621,2,,Aggregated,0.700000,0.000000,10,14,22,23,23,2000,2100,2100,2100,2100,2100,33,0,10,136.48465151521978,5.941399998846464,2075.533199997153,7853.484848484848
1782360622,2,,Aggregated,0.600000,0.000000,10,14,22,23,23,2000,2100,2100,2100,2100,2100,34,0,8,132.69330294133397,5.941399998846464,2075.533199997153,7795.0
1782360623,2,,Aggregated,0.600000,0.000000,10,14,22,23,23,2000,2100,2100,2100,2100,2100,34,0,8,132.69330294133397,5.941399998846464,2075.533199997153,7795.0
1782360624,2,,Aggregated,0.600000,0.000000,10,14,22,23,23,2000,2100,2100,2100,2100,2100,34,0,8,132.69330294133397,5.941399998846464,2075.533199997153,7795.0
1782360625,2,,Aggregated,0.600000,0.000000,10,14,22,23,24,2000,2100,2100,2100,2100,2100,36,0,8,126.17138055571155,5.941399998846464,2075.533199997153,7816.5
1782360626,2,,Aggregated,0.600000,0.000000,10,14,22,23,24,2000,2100,2100,2100,2100,2100,36,0,8,126.17138055571155,5.941399998846464,2075.533199997153,7816.5
1782360627,2,,Aggregated,0.600000,0.000000,10,14,22,23,24,2000,2100,2100,2100,2100,2100,36,0,8,126.17138055571155,5.941399998846464,2075.533199997153,7816.5
1782360628,2,,Aggregated,0.600000,0.000000,10,14,22,23,24,2000,2100,2100,2100,2100,2100,36,0,8,126.17138055571155,5.941399998846464,2075.533199997153,7816.5
1782360629,2,,Aggregated,0.600000,0.000000,10,14,22,23,24,2000,2100,2100,2100,2100,2100,36,0,8,126.17138055571155,5.941399998846464,2075.533199997153,7816.5
1782360630,2,,Aggregated,0.600000,0.000000,10,16,22,23,25,2000,2100,2100,2100,2100,2100,38,0,8,120.50134210527942,5.941399998846464,2075.533199997153,7835.736842105263
1782360631,2,,Aggregated,0.600000,0.000000,10,16,22,23,25,2000,2100,2100,2100,2100,2100,38,0,8,120.50134210527942,5.941399998846464,2075.533199997153,7835.736842105263
1782360632,2,,Aggregated,0.600000,0.000000,10,16,22,23,25,2000,2100,2100,2100,2100,2100,38,0,8,120.50134210527942,5.941399998846464,2075.533199997153,7835.736842105263
1782360633,2,,Aggregated,0.600000,0.000000,8,14,22,23,25,2000,2100,2100,2100,2100,2100,39,0,8,117.58440769223783,5.941399998846464,2075.533199997153,7785.205128205128
1782360634,2,,Aggregated,0.400000,0.000000,10,16,22,23,25,2000,2100,2100,2100,2100,2100,40,0,8,115.18593749988213,5.941399998846464,2075.533199997153,7853.05
1782360635,2,,Aggregated,0.400000,0.000000,10,16,22,23,25,2000,2100,2100,2100,2100,2100,40,0,8,115.18593749988213,5.941399998846464,2075.533199997153,7853.05
1782360636,2,,Aggregated,0.500000,0.000000,9,14,22,23,24,30,2100,2100,2100,2100,2100,42,0,8,110.06412619047167,5.941399998846464,2075.533199997153,7739.857142857143
1782360637,2,,Aggregated,0.500000,0.000000,9,14,22,23,24,30,2100,2100,2100,2100,2100,42,0,8,110.06412619047167,5.941399998846464,2075.533199997153,7739.857142857143
1782360638,2,,Aggregated,0.500000,0.000000,9,14,22,23,24,30,2100,2100,2100,2100,2100,42,0,8,110.06412619047167,5.941399998846464,2075.533199997153,7739.857142857143
1782360639,2,,Aggregated,0.600000,0.000000,9,16,22,23,24,30,2100,2100,2100,2100,2100,43,0,9,108.01319302320968,5.941399998846464,2075.533199997153,7804.023255813953
1782360640,2,,Aggregated,0.600000,0.000000,9,16,22,23,24,30,2100,2100,2100,2100,2100,43,0,9,108.01319302320968,5.941399998846464,2075.533199997153,7804.023255813953
1782360641,2,,Aggregated,0.600000,0.000000,10,16,22,23,24,30,2100,2100,2100,2100,2100,44,0,9,105.83188636354117,5.941399998846464,2075.533199997153,7865.272727272727
1782360642,2,,Aggregated,0.600000,0.000000,10,16,22,23,25,38,2100,2100,2100,2100,2100,45,0,10,104.315075555577,5.941399998846464,2075.533199997153,7923.8
1782360643,2,,Aggregated,0.600000,0.000000,10,16,22,23,25,38,2100,2100,2100,2100,2100,45,0,10,104.315075555577,5.941399998846464,2075.533199997153,7923.8
1782360644,2,,Aggregated,0.700000,0.000000,10,21,22,23,25,38,2100,2100,2100,2100,2100,47,0,10,100.45636595756885,5.941399998846464,2075.533199997153,7934.787234042553
1782360645,2,,Aggregated,0.700000,0.000000,10,21,22,23,25,38,2100,2100,2100,2100,2100,47,0,10,100.45636595756885,5.941399998846464,2075.533199997153,7934.787234042553
1782360646,2,,Aggregated,0.700000,0.000000,10,21,22,23,25,38,2100,2100,2100,2100,2100,47,0,10,100.45636595756885,5.941399998846464,2075.533199997153,7934.787234042553
1782360647,2,,Aggregated,0.700000,0.000000,10,16,22,23,25,38,2100,2100,2100,2100,2100,48,0,9,98.49579375001365,5.941399998846464,2075.533199997153,7891.666666666667
1782360648,2,,Aggregated,0.700000,0.000000,10,16,22,23,25,38,2100,2100,2100,2100,2100,48,0,9,98.49579375001365,5.941399998846464,2075.533199997153,7891.666666666667
1782360649,2,,Aggregated,0.500000,0.000000,10,16,22,23,25,38,2100,2100,2100,2100,2100,49,0,10,96.75107959183337,5.941399998846464,2075.533199997153,7944.877551020408
1782360650,2,,Aggregated,0.500000,0.000000,12,21,22,23,25,38,2100,2100,2100,2100,2100,50,0,10,95.25449799999478,5.941399998846464,2075.533199997153,7995.96
1782360651,2,,Aggregated,0.600000,0.000000,12,16,22,22,24,38,2000,2100,2100,2100,2100,51,0,12,93.62648627446855,5.941399998846464,2075.533199997153,8045.0392156862745
1782360652,2,,Aggregated,0.700000,0.000000,12,16,22,22,24,38,2000,2100,2100,2100,2100,52,0,10,92.01050769227619,5.941399998846464,2075.533199997153,7988.153846153846
1782360653,2,,Aggregated,0.700000,0.000000,12,16,22,22,24,38,2000,2100,2100,2100,2100,52,0,10,92.01050769227619,5.941399998846464,2075.533199997153,7988.153846153846
1782360654,2,,Aggregated,0.700000,0.000000,12,16,22,22,24,38,2000,2100,2100,2100,2100,52,0,10,92.01050769227619,5.941399998846464,2075.533199997153,7988.153846153846
1782360655,2,,Aggregated,0.700000,0.000000,12,16,22,23,24,38,2000,2100,2100,2100,2100,53,0,12,90.70368301887218,5.941399998846464,2075.533199997153,8035.528301886792
1782360656,2,,Aggregated,0.700000,0.000000,12,16,22,23,24,38,2000,2100,2100,2100,2100,54,0,10,89.13303703701348,5.888799998501781,2075.533199997153,7995.333333333333
1782360657,2,,Aggregated,0.700000,0.000000,12,16,22,23,24,38,2000,2100,2100,2100,2100,54,0,10,89.13303703701348,5.888799998501781,2075.533199997153,7995.333333333333
1782360658,2,,Aggregated,0.500000,0.000000,12,16,22,23,24,38,2000,2100,2100,2100,2100,55,0,12,87.74279636365299,5.888799998501781,2075.533199997153,8040.854545454546
1782360659,2,,Aggregated,0.500000,0.000000,12,16,22,23,24,38,2000,2100,2100,2100,2100,55,0,12,87.74279636365299,5.888799998501781,2075.533199997153,8040.854545454546
1782360660,2,,Aggregated,0.700000,0.000000,12,16,22,23,25,38,2000,2100,2100,2100,2100,56,0,12,86.69440892858152,5.888799998501781,2075.533199997153,8084.75
1782360661,2,,Aggregated,0.700000,0.000000,12,16,22,23,25,38,2000,2100,2100,2100,2100,57,0,12,85.27198596487308,5.616299997200258,2075.533199997153,8045.80701754386
1782360662,2,,Aggregated,0.700000,0.000000,12,16,22,23,25,38,2000,2100,2100,2100,2100,57,0,12,85.27198596487308,5.616299997200258,2075.533199997153,8045.80701754386
1782360663,2,,Aggregated,0.600000,0.000000,12,16,22,23,25,38,2000,2100,2100,2100,2100,58,0,10,83.94203965521041,5.616299997200258,2075.533199997153,8008.206896551724
1782360664,2,,Aggregated,0.600000,0.000000,10,14,22,23,25,38,2000,2100,2100,2100,2100,59,0,10,82.68149830516866,5.616299997200258,2075.533199997153,7958.6949152542375
1782360665,2,,Aggregated,0.600000,0.000000,10,14,22,23,25,38,2000,2100,2100,2100,2100,59,0,10,82.68149830516866,5.616299997200258,2075.533199997153,7958.6949152542375
1782360666,2,,Aggregated,0.600000,0.000000,12,16,22,23,25,38,2000,2100,2100,2100,2100,60,0,10,81.7134033334393,5.616299997200258,2075.533199997153,8001.033333333334
1782360667,2,,Aggregated,0.700000,0.000000,10,16,22,23,25,30,2000,2100,2100,2100,2100,61,0,10,80.50139836077655,5.616299997200258,2075.533199997153,7953.262295081967
1782360668,2,,Aggregated,0.700000,0.000000,10,16,22,23,25,30,2000,2100,2100,2100,2100,61,0,10,80.50139836077655,5.616299997200258,2075.533199997153,7953.262295081967
1782360669,2,,Aggregated,0.600000,0.000000,12,14,22,23,25,30,2000,2100,2100,2100,2100,62,0,10,79.40262580661745,5.616299997200258,2075.533199997153,7994.322580645161
1782360670,2,,Aggregated,0.600000,0.000000,10,14,22,23,25,30,2000,2100,2100,2100,2100,63,0,10,78.23157460335919,5.616299997200258,2075.533199997153,7948.174603174603
1782360671,2,,Aggregated,0.600000,0.000000,10,14,22,23,25,30,2000,2100,2100,2100,2100,63,0,10,78.23157460335919,5.616299997200258,2075.533199997153,7948.174603174603
1782360672,2,,Aggregated,0.700000,0.000000,12,16,22,23,25,30,2000,2100,2100,2100,2100,64,0,10,77.3434234376964,5.616299997200258,2075.533199997153,7988.03125
1782360673,2,,Aggregated,0.700000,0.000000,12,16,22,23,25,30,2000,2100,2100,2100,2100,64,0,10,77.3434234376964,5.616299997200258,2075.533199997153,7988.03125
1782360674,2,,Aggregated,0.600000,0.000000,10,14,22,23,25,30,2000,2100,2100,2100,2100,65,0,10,76.26018307715779,5.616299997200258,2075.533199997153,7943.4
1782360675,2,,Aggregated,0.700000,0.000000,12,14,22,22,25,30,2000,2100,2100,2100,2100,66,0,10,75.29146818198956,5.616299997200258,2075.533199997153,7982.121212121212
1782360676,2,,Aggregated,0.700000,0.000000,12,14,22,22,25,30,2000,2100,2100,2100,2100,66,0,10,75.29146818198956,5.616299997200258,2075.533199997153,7982.121212121212
1782360677,2,,Aggregated,0.600000,0.000000,10,14,22,22,25,30,2000,2100,2100,2100,2100,67,0,10,74.26159104498264,5.616299997200258,2075.533199997153,7950.522388059701
1782360678,2,,Aggregated,0.600000,0.000000,10,14,22,22,25,30,2000,2100,2100,2100,2100,67,0,10,74.26159104498264,5.616299997200258,2075.533199997153,7950.522388059701
1782360679,2,,Aggregated,0.600000,0.000000,12,14,22,23,25,30,2000,2100,2100,2100,2100,68,0,10,73.50973823550328,5.616299997200258,2075.533199997153,7988.0
1782360680,2,,Aggregated,0.600000,0.000000,12,14,22,23,25,30,2000,2100,2100,2100,2100,68,0,10,73.50973823550328,5.616299997200258,2075.533199997153,7988.0
1782360681,2,,Aggregated,0.600000,0.000000,12,14,22,23,25,30,2000,2100,2100,2100,2100,68,0,10,73.50973823550328,5.616299997200258,2075.533199997153,7988.0
1782360682,2,,Aggregated,0.600000,0.000000,11,14,22,23,25,30,2000,2100,2100,2100,2100,69,0,11,72.60555942048086,5.616299997200258,2075.533199997153,8024.391304347826
1782360683,2,,Aggregated,0.600000,0.000000,11,14,22,23,25,30,2000,2100,2100,2100,2100,70,0,10,71.66371285732437,5.616299997200258,2075.533199997153,7993.542857142857
1782360684,2,,Aggregated,0.600000,0.000000,11,14,22,23,25,30,2000,2100,2100,2100,2100,70,0,10,71.66371285732437,5.616299997200258,2075.533199997153,7993.542857142857
1782360685,2,,Aggregated,0.600000,0.000000,11,14,22,23,25,30,2000,2100,2100,2100,2100,70,0,10,71.66371285732437,5.616299997200258,2075.533199997153,7993.542857142857
1782360686,2,,Aggregated,0.600000,0.000000,11,14,22,23,24,30,2000,2100,2100,2100,2100,72,0,10,70.09134583343742,5.616299997200258,2075.533199997153,7987.972222222223
1782360687,2,,Aggregated,0.600000,0.000000,11,14,22,23,24,30,2000,2100,2100,2100,2100,72,0,10,70.09134583343742,5.616299997200258,2075.533199997153,7987.972222222223
1782360688,2,,Aggregated,0.600000,0.000000,11,14,22,23,24,30,2000,2100,2100,2100,2100,72,0,10,70.09134583343742,5.616299997200258,2075.533199997153,7987.972222222223
1782360689,2,,Aggregated,0.600000,0.000000,11,16,22,23,25,38,2000,2100,2100,2100,2100,73,0,11,69.65895753440746,5.616299997200258,2075.533199997153,8022.369863013699
1782360691,2,,Aggregated,0.500000,0.000000,12,14,22,23,25,38,2000,2100,2100,2100,2100,74,0,11,68.9044148650184,5.616299997200258,2075.533199997153,8055.8378378378375
1782360692,2,,Aggregated,0.500000,0.000000,12,14,22,23,25,38,2000,2100,2100,2100,2100,74,0,11,68.9044148650184,5.616299997200258,2075.533199997153,8055.8378378378375
1782360693,2,,Aggregated,0.500000,0.000000,12,14,22,23,25,38,2000,2100,2100,2100,2100,74,0,11,68.9044148650184,5.616299997200258,2075.533199997153,8055.8378378378375
1782360694,2,,Aggregated,0.600000,0.000000,12,16,22,23,25,38,2000,2100,2100,2100,2100,75,0,12,68.43642533349339,5.616299997200258,2075.533199997153,8088.413333333333
1782360695,2,,Aggregated,0.600000,0.000000,12,16,22,23,25,38,2000,2100,2100,2100,2100,76,0,11,67.628913158076,5.616299997200258,2075.533199997153,8059.1578947368425
1782360696,2,,Aggregated,0.600000,0.000000,12,16,22,23,25,38,2000,2100,2100,2100,2100,76,0,11,67.628913158076,5.616299997200258,2075.533199997153,8059.1578947368425
1782360697,2,,Aggregated,0.600000,0.000000,12,16,22,23,25,38,2000,2100,2100,2100,2100,76,0,11,67.628913158076,5.616299997200258,2075.533199997153,8059.1578947368425
1782360698,2,,Aggregated,0.600000,0.000000,11,14,22,23,25,38,2000,2100,2100,2100,2100,77,0,11,66.85643766255666,5.616299997200258,2075.533199997153,8030.662337662337
1782360699,2,,Aggregated,0.600000,0.000000,11,14,22,23,25,38,2000,2100,2100,2100,2100,78,0,10,66.07485897452884,5.616299997200258,2075.533199997153,7992.923076923077
1782360700,2,,Aggregated,0.600000,0.000000,11,14,22,23,25,38,2000,2100,2100,2100,2100,78,0,10,66.07485897452884,5.616299997200258,2075.533199997153,7992.923076923077
1782360701,2,,Aggregated,0.600000,0.000000,11,14,22,23,25,38,2000,2100,2100,2100,2100,78,0,10,66.07485897452884,5.616299997200258,2075.533199997153,7992.923076923077
1782360702,2,,Aggregated,0.600000,0.000000,11,14,22,23,25,38,2000,2100,2100,2100,2100,78,0,10,66.07485897452884,5.616299997200258,2075.533199997153,7992.923076923077
1782360703,2,,Aggregated,0.500000,0.000000,11,14,22,23,25,38,2000,2100,2100,2100,2100,80,0,10,64.80447750018357,5.616299997200258,2075.533199997153,7997.65
1782360704,2,,Aggregated,0.500000,0.000000,11,14,22,23,25,38,2000,2100,2100,2100,2100,80,0,10,64.80447750018357,5.616299997200258,2075.533199997153,7997.65
1782360705,2,,Aggregated,0.500000,0.000000,11,14,22,23,25,38,2000,2100,2100,2100,2100,80,0,10,64.80447750018357,5.616299997200258,2075.533199997153,7997.65
1782360706,2,,Aggregated,0.600000,0.000000,10,14,22,23,25,34,2000,2100,2100,2100,2100,81,0,10,64.09804691380195,5.616299997200258,2075.533199997153,7971.320987654321
1782360707,2,,Aggregated,0.600000,0.000000,10,14,22,23,25,34,2000,2100,2100,2100,2100,81,0,10,64.09804691380195,5.616299997200258,2075.533199997153,7971.320987654321
1782360708,2,,Aggregated,0.400000,0.000000,11,16,22,23,25,35,2000,2100,2100,2100,2100,82,0,10,63.74201951239672,5.616299997200258,2075.533199997153,8002.1463414634145
1782360709,2,,Aggregated,0.500000,0.000000,10,14,22,23,25,35,2000,2100,2100,2100,2100,83,0,10,63.081238554430854,5.616299997200258,2075.533199997153,7976.3975903614455
1782360710,2,,Aggregated,0.500000,0.000000,10,14,22,23,25,35,2000,2100,2100,2100,2100,83,0,10,63.081238554430854,5.616299997200258,2075.533199997153,7976.3975903614455
1782360711,2,,Aggregated,0.500000,0.000000,10,14,22,23,25,35,2000,2100,2100,2100,2100,83,0,10,63.081238554430854,5.616299997200258,2075.533199997153,7976.3975903614455
1782360712,2,,Aggregated,0.500000,0.000000,10,14,22,23,25,35,2000,2100,2100,2100,2100,84,0,10,62.41010833357342,5.616299997200258,2075.533199997153,7951.261904761905
1782360713,2,,Aggregated,0.500000,0.000000,10,14,22,23,25,35,2000,2100,2100,2100,2100,84,0,10,62.41010833357342,5.616299997200258,2075.533199997153,7951.261904761905
1782360714,2,,Aggregated,0.500000,0.000000,10,14,22,23,25,35,2000,2100,2100,2100,2100,85,0,10,61.7587258825284,5.616299997200258,2075.533199997153,7926.717647058824
1782360715,2,,Aggregated,0.600000,0.000000,10,14,22,23,25,35,2000,2100,2100,2100,2100,86,0,10,61.309501162996156,5.616299997200258,2075.533199997153,7956.627906976744
1782360716,2,,Aggregated,0.600000,0.000000,10,14,22,23,25,35,2000,2100,2100,2100,2100,86,0,10,61.309501162996156,5.616299997200258,2075.533199997153,7956.627906976744
1782360717,2,,Aggregated,0.500000,0.000000,10,14,22,23,25,35,2000,2100,2100,2100,2100,87,0,10,60.68382873582913,5.616299997200258,2075.533199997153,7932.586206896552
1782360718,2,,Aggregated,0.500000,0.000000,10,14,22,23,25,35,2000,2100,2100,2100,2100,87,0,10,60.68382873582913,5.616299997200258,2075.533199997153,7932.586206896552
1782360719,2,,Aggregated,0.500000,0.000000,10,14,22,23,25,35,2000,2100,2100,2100,2100,88,0,10,60.07002840926196,5.616299997200258,2075.533199997153,7909.090909090909
1782360720,2,,Aggregated,0.500000,0.000000,10,14,22,23,25,35,2000,2100,2100,2100,2100,88,0,10,60.07002840926196,5.616299997200258,2075.533199997153,7909.090909090909
1782360721,2,,Aggregated,0.500000,0.000000,10,14,22,23,25,35,2000,2100,2100,2100,2100,89,0,10,59.46722247208118,5.616299997200258,2075.533199997153,7886.123595505618
1782360722,2,,Aggregated,0.500000,0.000000,10,14,22,23,25,35,2000,2100,2100,2100,2100,90,0,10,59.072925555746124,5.616299997200258,2075.533199997153,7915.155555555555
1782360723,2,,Aggregated,0.500000,0.000000,10,14,22,23,25,35,2000,2100,2100,2100,2100,90,0,10,59.072925555746124,5.616299997200258,2075.533199997153,7915.155555555555
1782360724,2,,Aggregated,0.500000,0.000000,10,14,22,23,25,35,2000,2100,2100,2100,2100,90,0,10,59.072925555746124,5.616299997200258,2075.533199997153,7915.155555555555
1782360725,2,,Aggregated,0.600000,0.000000,10,14,22,23,25,35,2000,2100,2100,2100,2100,91,0,10,58.58211428594486,5.616299997200258,2075.533199997153,7943.549450549451
1782360726,2,,Aggregated,0.600000,0.000000,10,14,22,23,25,35,2000,2100,2100,2100,2100,92,0,10,58.02815217414362,5.616299997200258,2075.533199997153,7920.95652173913
1782360727,2,,Aggregated,0.600000,0.000000,10,14,22,23,25,35,2000,2100,2100,2100,2100,92,0,10,58.02815217414362,5.616299997200258,2075.533199997153,7920.95652173913
1782360728,2,,Aggregated,0.500000,0.000000,10,14,22,23,25,35,2000,2100,2100,2100,2100,93,0,10,57.64802150560983,5.616299997200258,2075.533199997153,7948.677419354839
1782360729,2,,Aggregated,0.500000,0.000000,10,14,22,23,25,35,2000,2100,2100,2100,2100,93,0,10,57.64802150560983,5.616299997200258,2075.533199997153,7948.677419354839
1782360730,2,,Aggregated,0.500000,0.000000,10,14,22,23,25,35,2000,2100,2100,2100,2100,94,0,10,57.101432978983055,5.616299997200258,2075.533199997153,7918.234042553191
1782360731,2,,Aggregated,0.600000,0.000000,10,14,22,23,25,35,2000,2100,2100,2100,2100,95,0,10,56.628757894979664,5.616299997200258,2075.533199997153,7945.4
1782360732,2,,Aggregated,0.600000,0.000000,10,14,22,23,25,35,2000,2100,2100,2100,2100,95,0,10,56.628757894979664,5.616299997200258,2075.533199997153,7945.4
1782360733,2,,Aggregated,0.600000,0.000000,10,14,22,23,25,35,2000,2100,2100,2100,2100,95,0,10,56.628757894979664,5.616299997200258,2075.533199997153,7945.4
1782360734,2,,Aggregated,0.600000,0.000000,10,14,22,23,25,35,2000,2100,2100,2100,2100,96,0,10,56.27497291690512,5.616299997200258,2075.533199997153,7972.0
1782360735,2,,Aggregated,0.500000,0.000000,10,14,22,23,25,35,2000,2100,2100,2100,2100,97,0,10,55.82377525795366,5.616299997200258,2075.533199997153,7998.051546391753
1782360736,2,,Aggregated,0.500000,0.000000,10,14,22,23,25,35,2000,2100,2100,2100,2100,97,0,10,55.82377525795366,5.616299997200258,2075.533199997153,7998.051546391753
1782360737,2,,Aggregated,0.600000,0.000000,11,14,22,23,25,35,2000,2100,2100,2100,2100,98,0,10,55.390724489983285,5.616299997200258,2075.533199997153,8023.571428571428
1782360738,2,,Aggregated,0.600000,0.000000,11,14,22,23,25,35,2000,2100,2100,2100,2100,98,0,10,55.390724489983285,5.616299997200258,2075.533199997153,8023.571428571428
1782360739,2,,Aggregated,0.500000,0.000000,11,14,22,23,25,35,2000,2100,2100,2100,2100,100,0,10,54.558708000186016,5.616299997200258,2075.533199997153,8018.96
1782360740,2,,Aggregated,0.500000,0.000000,11,14,22,23,25,35,2000,2100,2100,2100,2100,100,0,10,54.558708000186016,5.616299997200258,2075.533199997153,8018.96
1782360741,2,,Aggregated,0.500000,0.000000,11,14,22,23,25,35,2000,2100,2100,2100,2100,100,0,10,54.558708000186016,5.616299997200258,2075.533199997153,8018.96
1782360742,2,,Aggregated,0.600000,0.000000,12,14,22,23,25,34,39,2000,2100,2100,2100,102,0,11,53.86576666683586,5.616299997200258,2075.533199997153,8067.588235294118
1782360743,2,,Aggregated,0.600000,0.000000,12,14,22,23,25,34,39,2000,2100,2100,2100,102,0,11,53.86576666683586,5.616299997200258,2075.533199997153,8067.588235294118
1782360744,2,,Aggregated,0.600000,0.000000,12,14,22,23,25,34,39,2000,2100,2100,2100,102,0,11,53.86576666683586,5.616299997200258,2075.533199997153,8067.588235294118
1782360745,2,,Aggregated,0.600000,0.000000,12,14,22,23,25,34,39,2000,2100,2100,2100,102,0,11,53.86576666683586,5.616299997200258,2075.533199997153,8067.588235294118
1782360746,2,,Aggregated,0.600000,0.000000,12,14,22,23,25,34,39,2000,2100,2100,2100,104,0,11,53.09383750017542,5.616299997200258,2075.533199997153,8069.788461538462
1782360747,2,,Aggregated,0.600000,0.000000,12,14,22,23,25,34,39,2000,2100,2100,2100,104,0,11,53.09383750017542,5.616299997200258,2075.533199997153,8069.788461538462
1782360748,2,,Aggregated,0.600000,0.000000,12,14,22,23,25,34,39,2000,2100,2100,2100,104,0,11,53.09383750017542,5.616299997200258,2075.533199997153,8069.788461538462
1782360749,2,,Aggregated,0.600000,0.000000,12,14,22,23,25,34,39,2000,2100,2100,2100,104,0,11,53.09383750017542,5.616299997200258,2075.533199997153,8069.788461538462
1782360750,2,,Aggregated,0.600000,0.000000,12,14,22,23,25,34,39,2000,2100,2100,2100,104,0,11,53.09383750017542,5.616299997200258,2075.533199997153,8069.788461538462
1782360751,2,,Aggregated,0.600000,0.000000,12,14,22,23,25,34,39,2000,2100,2100,2100,106,0,11,52.36670377382565,5.616299997200258,2075.533199997153,8071.905660377359
1782360752,2,,Aggregated,0.600000,0.000000,12,14,22,23,25,34,39,2000,2100,2100,2100,106,0,11,52.36670377382565,5.616299997200258,2075.533199997153,8071.905660377359
1782360753,2,,Aggregated,0.500000,0.000000,11,14,22,23,25,34,39,2000,2100,2100,2100,107,0,11,51.98156822449147,5.616299997200258,2075.533199997153,8094.588785046729
1782360754,2,,Aggregated,0.500000,0.000000,11,14,22,23,25,34,39,2000,2100,2100,2100,108,0,11,51.56424537057723,5.616299997200258,2075.533199997153,8066.740740740741
1782360755,2,,Aggregated,0.500000,0.000000,11,14,22,23,25,34,39,2000,2100,2100,2100,108,0,11,51.56424537057723,5.616299997200258,2075.533199997153,8066.740740740741
1782360756,2,,Aggregated,0.500000,0.000000,11,14,22,23,25,34,39,2000,2100,2100,2100,108,0,11,51.56424537057723,5.616299997200258,2075.533199997153,8066.740740740741
1782360757,2,,Aggregated,0.500000,0.000000,11,14,22,23,25,34,39,2000,2100,2100,2100,109,0,11,51.158213761724305,5.616299997200258,2075.533199997153,8046.54128440367
1782360758,2,,Aggregated,0.500000,0.000000,11,14,22,23,25,34,39,2000,2100,2100,2100,109,0,11,51.158213761724305,5.616299997200258,2075.533199997153,8046.54128440367
1782360759,2,,Aggregated,0.600000,0.000000,11,14,22,23,25,34,39,2000,2100,2100,2100,110,0,10,50.76089727299404,5.616299997200258,2075.533199997153,8026.709090909091
1782360760,2,,Aggregated,0.600000,0.000000,11,14,22,23,25,34,39,2000,2100,2100,2100,110,0,10,50.76089727299404,5.616299997200258,2075.533199997153,8026.709090909091
1782360761,2,,Aggregated,0.600000,0.000000,11,14,22,23,24,34,39,2000,2100,2100,2100,112,0,10,50.12305446462051,5.616299997200258,2075.533199997153,8022.535714285715
1782360762,2,,Aggregated,0.600000,0.000000,11,14,22,23,24,34,39,2000,2100,2100,2100,112,0,10,50.12305446462051,5.616299997200258,2075.533199997153,8022.535714285715
1782360763,2,,Aggregated,0.600000,0.000000,10,14,22,23,24,34,39,2000,2100,2100,2100,113,0,10,49.73442566403872,5.616299997200258,2075.533199997153,8003.442477876106
1782360764,2,,Aggregated,0.600000,0.000000,10,14,22,23,24,34,39,2000,2100,2100,2100,114,0,10,49.361561403840604,5.616299997200258,2075.533199997153,7977.859649122807
1782360765,2,,Aggregated,0.600000,0.000000,10,14,22,23,24,34,39,2000,2100,2100,2100,114,0,10,49.361561403840604,5.616299997200258,2075.533199997153,7977.859649122807
1782360766,2,,Aggregated,0.600000,0.000000,10,14,22,23,24,34,39,2000,2100,2100,2100,114,0,10,49.361561403840604,5.616299997200258,2075.533199997153,7977.859649122807
1782360767,2,,Aggregated,0.700000,0.000000,10,14,22,23,24,34,39,2000,2100,2100,2100,116,0,10,48.76412069003483,5.616299997200258,2075.533199997153,7981.379310344828
1782360768,2,,Aggregated,0.700000,0.000000,10,14,22,23,24,34,39,2000,2100,2100,2100,116,0,10,48.76412069003483,5.616299997200258,2075.533199997153,7981.379310344828
1782360769,2,,Aggregated,0.700000,0.000000,10,14,22,23,24,34,39,2000,2100,2100,2100,116,0,10,48.76412069003483,5.616299997200258,2075.533199997153,7981.379310344828
1782360770,2,,Aggregated,0.700000,0.000000,10,14,22,23,24,34,39,2000,2100,2100,2100,116,0,10,48.76412069003483,5.616299997200258,2075.533199997153,7981.379310344828
1782360771,2,,Aggregated,0.600000,0.000000,11,14,22,23,24,34,39,2000,2100,2100,2100,118,0,10,48.247025424088704,5.616299997200258,2075.533199997153,8024.050847457627
1782360772,2,,Aggregated,0.600000,0.000000,11,14,22,23,24,34,39,2000,2100,2100,2100,118,0,10,48.247025424088704,5.616299997200258,2075.533199997153,8024.050847457627
1782360773,2,,Aggregated,0.600000,0.000000,11,14,22,23,24,34,39,2000,2100,2100,2100,118,0,10,48.247025424088704,5.616299997200258,2075.533199997153,8024.050847457627
1782360774,2,,Aggregated,0.600000,0.000000,11,14,22,23,24,34,39,2000,2100,2100,2100,119,0,11,47.94760420203097,5.616299997200258,2075.533199997153,8044.848739495798
1782360775,2,,Aggregated,0.600000,0.000000,11,14,22,23,24,34,39,2000,2100,2100,2100,119,0,11,47.94760420203097,5.616299997200258,2075.533199997153,8044.848739495798
1782360776,2,,Aggregated,0.400000,0.000000,11,14,22,23,24,34,39,2000,2100,2100,2100,120,0,11,47.63956916704046,5.616299997200258,2075.533199997153,8065.3
1782360777,2,,Aggregated,0.400000,0.000000,11,14,22,23,24,34,39,2000,2100,2100,2100,120,0,11,47.63956916704046,5.616299997200258,2075.533199997153,8065.3
1782360778,2,,Aggregated,0.500000,0.000000,11,14,22,23,24,30,39,2000,2100,2100,2100,121,0,11,47.29907438055562,5.616299997200258,2075.533199997153,8047.115702479339
1782360779,2,,Aggregated,0.500000,0.000000,11,14,22,23,24,30,39,2000,2100,2100,2100,122,0,11,47.0892524593734,5.616299997200258,2075.533199997153,8067.213114754099
1782360780,2,,Aggregated,0.500000,0.000000,11,14,22,23,24,30,39,2000,2100,2100,2100,122,0,11,47.0892524593734,5.616299997200258,2075.533199997153,8067.213114754099
1782360781,2,,Aggregated,0.600000,0.000000,11,14,22,23,24,30,39,2000,2100,2100,2100,123,0,11,46.759552032886944,5.616299997200258,2075.533199997153,8049.308943089431
1782360782,2,,Aggregated,0.600000,0.000000,11,14,22,23,24,30,39,2000,2100,2100,2100,123,0,11,46.759552032886944,5.616299997200258,2075.533199997153,8049.308943089431
1782360783,2,,Aggregated,0.600000,0.000000,11,14,22,23,24,30,39,2000,2100,2100,2100,125,0,11,46.23937120026676,5.616299997200258,2075.533199997153,8051.432
1782360784,2,,Aggregated,0.600000,0.000000,11,14,22,23,24,30,39,2000,2100,2100,2100,125,0,11,46.23937120026676,5.616299997200258,2075.533199997153,8051.432
1782360785,2,,Aggregated,0.500000,0.000000,11,14,22,23,24,30,39,2000,2100,2100,2100,126,0,10,45.92203968278472,5.616299997200258,2075.533199997153,8034.079365079365
1782360786,2,,Aggregated,0.500000,0.000000,11,14,22,23,24,30,39,2000,2100,2100,2100,126,0,10,45.92203968278472,5.616299997200258,2075.533199997153,8034.079365079365
1782360787,2,,Aggregated,0.700000,0.000000,11,14,22,23,24,30,39,2000,2100,2100,2100,127,0,11,45.66339448845568,5.616299997200258,2075.533199997153,8053.488188976378
1782360788,2,,Aggregated,0.700000,0.000000,11,14,22,23,24,30,39,2000,2100,2100,2100,128,0,10,45.36121875025856,5.616299997200258,2075.533199997153,8036.390625
1782360789,2,,Aggregated,0.700000,0.000000,11,14,22,23,24,30,39,2000,2100,2100,2100,128,0,10,45.36121875025856,5.616299997200258,2075.533199997153,8036.390625
1782360790,2,,Aggregated,0.700000,0.000000,10,14,22,23,24,30,39,2000,2100,2100,2100,129,0,10,45.05926046541679,5.616299997200258,2075.533199997153,8013.527131782946
1782360791,2,,Aggregated,0.600000,0.000000,11,14,22,23,24,30,39,2000,2100,2100,2100,130,0,10,44.8748661540986,5.616299997200258,2075.533199997153,8032.6461538461535
1782360792,2,,Aggregated,0.600000,0.000000,11,14,22,23,24,30,39,2000,2100,2100,2100,130,0,10,44.8748661540986,5.616299997200258,2075.533199997153,8032.6461538461535
1782360793,2,,Aggregated,0.700000,0.000000,10,14,22,22,23,30,39,2000,2100,2100,2100,131,0,10,44.583160305613,5.616299997200258,2075.533199997153,8016.099236641221
1782360794,2,,Aggregated,0.700000,0.000000,10,14,22,22,23,30,39,2000,2100,2100,2100,131,0,10,44.583160305613,5.616299997200258,2075.533199997153,8016.099236641221
1782360795,2,,Aggregated,0.600000,0.000000,10,14,22,22,23,30,39,2000,2100,2100,2100,132,0,10,44.29783030327323,5.616299997200258,2075.533199997153,7993.909090909091
1782360796,2,,Aggregated,0.600000,0.000000,10,14,22,22,23,30,39,2000,2100,2100,2100,132,0,10,44.29783030327323,5.616299997200258,2075.533199997153,7993.909090909091
1782360797,2,,Aggregated,0.600000,0.000000,10,14,22,22,23,30,39,2000,2100,2100,2100,132,0,10,44.29783030327323,5.616299997200258,2075.533199997153,7993.909090909091
1782360798,2,,Aggregated,0.600000,0.000000,10,14,22,22,23,30,39,2000,2100,2100,2100,133,0,10,44.13104586492956,5.616299997200258,2075.533199997153,8012.744360902256
1782360799,2,,Aggregated,0.600000,0.000000,10,14,22,22,23,30,39,2000,2100,2100,2100,133,0,10,44.13104586492956,5.616299997200258,2075.533199997153,8012.744360902256
1782360800,2,,Aggregated,0.500000,0.000000,10,14,22,22,23,30,39,2000,2100,2100,2100,134,0,10,43.8431179107066,5.548699999053497,2075.533199997153,7990.910447761194
1782360801,2,,Aggregated,0.500000,0.000000,10,14,22,22,23,30,39,2000,2100,2100,2100,135,0,10,43.56721111134566,5.548699999053497,2075.533199997153,7969.4
1782360802,2,,Aggregated,0.500000,0.000000,10,14,22,22,23,30,39,2000,2100,2100,2100,135,0,10,43.56721111134566,5.548699999053497,2075.533199997153,7969.4
1782360803,2,,Aggregated,0.500000,0.000000,10,13,22,22,23,30,39,2000,2100,2100,2100,136,0,10,43.29094485317054,5.548699999053497,2075.533199997153,7953.926470588235
1782360804,2,,Aggregated,0.500000,0.000000,10,13,22,22,23,30,39,2000,2100,2100,2100,137,0,10,43.03838175200572,5.548699999053497,2075.533199997153,7938.678832116789
1782360805,2,,Aggregated,0.500000,0.000000,10,13,22,22,23,30,39,2000,2100,2100,2100,137,0,10,43.03838175200572,5.548699999053497,2075.533199997153,7938.678832116789
1782360806,2,,Aggregated,0.500000,0.000000,10,13,22,22,23,30,39,2000,2100,2100,2100,137,0,10,43.03838175200572,5.548699999053497,2075.533199997153,7938.678832116789
1782360807,2,,Aggregated,0.500000,0.000000,10,13,22,22,23,30,39,2000,2100,2100,2100,137,0,10,43.03838175200572,5.548699999053497,2075.533199997153,7938.678832116789
1782360808,2,,Aggregated,0.500000,0.000000,10,13,22,22,24,34,39,2000,2100,2100,2100,139,0,10,42.761661870683135,5.548699999053497,2075.533199997153,7975.517985611511
1782360809,2,,Aggregated,0.500000,0.000000,10,13,22,22,24,34,39,2000,2100,2100,2100,139,0,10,42.761661870683135,5.548699999053497,2075.533199997153,7975.517985611511
1782360810,2,,Aggregated,0.500000,0.000000,10,13,22,22,23,30,39,2000,2100,2100,2100,141,0,10,42.25398085118479,5.548699999053497,2075.533199997153,7940.063829787234
1782360812,2,,Aggregated,0.500000,0.000000,10,13,22,22,23,30,39,2000,2100,2100,2100,141,0,10,42.25398085118479,5.548699999053497,2075.533199997153,7940.063829787234
1782360813,2,,Aggregated,0.700000,0.000000,10,13,22,22,23,30,39,2000,2100,2100,2100,142,0,9,42.00343521139511,5.548699999053497,2075.533199997153,7925.450704225352
1782360814,2,,Aggregated,0.700000,0.000000,10,13,22,22,23,30,39,2000,2100,2100,2100,142,0,9,42.00343521139511,5.548699999053497,2075.533199997153,7925.450704225352
1782360815,2,,Aggregated,0.600000,0.000000,9,13,22,22,23,30,39,2000,2100,2100,2100,143,0,9,41.75760979034329,5.548699999053497,2075.533199997153,7905.601398601399
1782360816,2,,Aggregated,0.600000,0.000000,9,13,22,22,23,30,39,2000,2100,2100,2100,143,0,9,41.75760979034329,5.548699999053497,2075.533199997153,7905.601398601399
1782360817,2,,Aggregated,0.600000,0.000000,9,13,22,22,23,30,39,2000,2100,2100,2100,143,0,9,41.75760979034329,5.548699999053497,2075.533199997153,7905.601398601399
1782360818,2,,Aggregated,0.600000,0.000000,9,13,22,22,23,30,39,2000,2100,2100,2100,144,0,9,41.52973055569318,5.548699999053497,2075.533199997153,7891.430555555556
1782360819,2,,Aggregated,0.600000,0.000000,9,13,22,22,24,30,39,2000,2100,2100,2100,145,0,9,41.409218620813995,5.548699999053497,2075.533199997153,7909.413793103448
1782360820,2,,Aggregated,0.600000,0.000000,9,13,22,22,24,30,39,2000,2100,2100,2100,145,0,9,41.409218620813995,5.548699999053497,2075.533199997153,7909.413793103448
1782360821,2,,Aggregated,0.700000,0.000000,10,13,22,22,24,30,39,2000,2100,2100,2100,146,0,9,41.20964726043645,5.548699999053497,2075.533199997153,7927.1506849315065
1782360822,2,,Aggregated,0.600000,0.000000,9,13,22,22,24,30,39,2000,2100,2100,2100,147,0,9,40.97355782329762,5.548699999053497,2075.533199997153,7907.829931972789
1782360823,2,,Aggregated,0.600000,0.000000,9,13,22,22,24,30,39,2000,2100,2100,2100,148,0,9,40.737576351504586,5.548699999053497,2075.533199997153,7894.027027027027
1782360824,2,,Aggregated,0.600000,0.000000,9,13,22,22,24,30,39,2000,2100,2100,2100,148,0,9,40.737576351504586,5.548699999053497,2075.533199997153,7894.027027027027
1782360825,2,,Aggregated,0.500000,0.000000,9,13,22,22,24,30,39,2000,2100,2100,2100,149,0,9,40.660067785382054,5.548699999053497,2075.533199997153,7911.5100671140935
1782360826,2,,Aggregated,0.700000,0.000000,9,13,22,22,24,30,39,2000,2100,2100,2100,150,0,9,40.43240066685636,5.548699999053497,2075.533199997153,7897.866666666667
1782360827,2,,Aggregated,0.700000,0.000000,9,13,22,22,24,30,39,2000,2100,2100,2100,150,0,9,40.43240066685636,5.548699999053497,2075.533199997153,7897.866666666667
1782360828,2,,Aggregated,0.700000,0.000000,9,13,22,22,24,30,39,2000,2100,2100,2100,150,0,9,40.43240066685636,5.548699999053497,2075.533199997153,7897.866666666667
1782360829,2,,Aggregated,0.700000,0.000000,9,13,22,22,24,30,38,2000,2100,2100,2100,151,0,9,40.24215761605081,5.548699999053497,2075.533199997153,7915.092715231788
1782360830,2,,Aggregated,0.700000,0.000000,9,13,22,22,24,30,38,2000,2100,2100,2100,152,0,9,40.027873026462515,5.548699999053497,2075.533199997153,7901.605263157895
1782360831,2,,Aggregated,0.600000,0.000000,9,13,22,22,24,30,38,2000,2100,2100,2100,153,0,9,39.82268300670613,5.548699999053497,2075.533199997153,7883.2091503267975
1782360832,2,,Aggregated,0.600000,0.000000,9,13,22,22,24,30,38,2000,2100,2100,2100,154,0,9,39.62547467551315,5.548699999053497,2075.533199997153,7865.051948051948
1782360833,2,,Aggregated,0.600000,0.000000,9,13,22,22,24,30,38,2000,2100,2100,2100,154,0,9,39.62547467551315,5.548699999053497,2075.533199997153,7865.051948051948
1782360834,2,,Aggregated,0.600000,0.000000,9,13,22,22,24,30,38,2000,2100,2100,2100,154,0,9,39.62547467551315,5.548699999053497,2075.533199997153,7865.051948051948
1782360835,2,,Aggregated,0.600000,0.000000,9,13,22,22,24,34,38,2000,2100,2100,2100,156,0,9,39.393417948863664,5.548699999053497,2075.533199997153,7869.115384615385
1782360836,2,,Aggregated,0.600000,0.000000,9,13,22,22,24,34,38,2000,2100,2100,2100,156,0,9,39.393417948863664,5.548699999053497,2075.533199997153,7869.115384615385
1782360837,2,,Aggregated,0.600000,0.000000,9,13,22,22,24,34,38,2000,2100,2100,2100,156,0,9,39.393417948863664,5.548699999053497,2075.533199997153,7869.115384615385
1782360838,2,,Aggregated,0.600000,0.000000,9,13,22,22,24,34,38,2000,2100,2100,2100,157,0,9,39.181454140301064,5.548699999053497,2075.533199997153,7851.394904458599
1782360839,2,,Aggregated,0.600000,0.000000,9,13,22,22,24,34,38,2000,2100,2100,2100,158,0,9,38.97957405077457,5.548699999053497,2075.533199997153,7833.898734177215
1782360840,2,,Aggregated,0.600000,0.000000,9,13,22,22,24,34,38,2000,2100,2100,2100,159,0,9,38.87394842782875,5.548699999053497,2075.533199997153,7850.66037735849
1782360841,2,,Aggregated,0.600000,0.000000,9,13,22,22,24,34,38,2000,2100,2100,2100,159,0,9,38.87394842782875,5.548699999053497,2075.533199997153,7850.66037735849
1782360842,2,,Aggregated,0.700000,0.000000,9,13,22,22,24,34,38,2000,2100,2100,2100,160,0,9,38.67129500013107,5.548699999053497,2075.533199997153,7833.3875
1782360843,2,,Aggregated,0.700000,0.000000,9,13,22,22,24,30,38,2000,2100,2100,2100,161,0,9,38.53343975164795,5.548699999053497,2075.533199997153,7849.944099378882
1782360844,2,,Aggregated,0.700000,0.000000,9,13,22,22,24,30,38,2000,2100,2100,2100,161,0,9,38.53343975164795,5.548699999053497,2075.533199997153,7849.944099378882
1782360845,2,,Aggregated,0.700000,0.000000,9,13,22,22,24,30,38,2000,2100,2100,2100,161,0,9,38.53343975164795,5.548699999053497,2075.533199997153,7849.944099378882
1782360846,2,,Aggregated,0.700000,0.000000,9,13,22,22,24,30,38,2000,2100,2100,2100,163,0,9,38.236369325210156,5.548699999053497,2075.533199997153,7849.245398773006
1782360847,2,,Aggregated,0.700000,0.000000,9,13,22,22,24,30,38,2000,2100,2100,2100,163,0,9,38.236369325210156,5.548699999053497,2075.533199997153,7849.245398773006
1782360848,2,,Aggregated,0.600000,0.000000,9,13,21,22,24,30,38,2000,2100,2100,2100,165,0,9,37.89053636366699,5.548699999053497,2075.533199997153,7848.563636363637
1782360849,2,,Aggregated,0.600000,0.000000,9,13,21,22,24,30,38,2000,2100,2100,2100,165,0,9,37.89053636366699,5.548699999053497,2075.533199997153,7848.563636363637
1782360850,2,,Aggregated,0.700000,0.000000,9,13,21,22,24,30,38,2000,2100,2100,2100,166,0,9,37.69973373495173,5.548699999053497,2075.533199997153,7836.614457831325
1782360851,2,,Aggregated,0.700000,0.000000,9,13,22,22,24,30,38,2000,2100,2100,2100,167,0,9,37.6140592814267,5.548699999053497,2075.533199997153,7852.556886227545
1782360852,2,,Aggregated,0.600000,0.000000,9,13,22,22,24,30,38,2000,2100,2100,2100,168,0,9,37.43708392855859,5.548699999053497,2075.533199997153,7840.726190476191
1782360853,2,,Aggregated,0.600000,0.000000,9,13,22,22,24,30,38,2000,2100,2100,2100,168,0,9,37.43708392855859,5.548699999053497,2075.533199997153,7840.726190476191
1782360854,2,,Aggregated,0.700000,0.000000,9,13,21,22,24,30,38,2000,2100,2100,2100,169,0,9,37.26674615381046,5.548699999053497,2075.533199997153,7829.03550295858
1782360855,2,,Aggregated,0.700000,0.000000,9,13,21,22,24,30,38,2000,2100,2100,2100,169,0,9,37.26674615381046,5.548699999053497,2075.533199997153,7829.03550295858
1782360856,2,,Aggregated,0.700000,0.000000,9,13,21,22,24,30,38,2000,2100,2100,2100,170,0,9,37.11436294115094,5.548699999053497,2075.533199997153,7844.7411764705885
1782360857,2,,Aggregated,0.700000,0.000000,9,13,21,22,24,30,38,2000,2100,2100,2100,170,0,9,37.11436294115094,5.548699999053497,2075.533199997153,7844.7411764705885
1782360858,2,,Aggregated,0.700000,0.000000,9,13,21,22,24,30,38,2000,2100,2100,2100,170,0,9,37.11436294115094,5.548699999053497,2075.533199997153,7844.7411764705885
1782360859,2,,Aggregated,0.800000,0.000000,9,13,22,22,23,30,38,2000,2100,2100,2100,172,0,9,36.85585058143303,5.548699999053497,2075.533199997153,7848.662790697675
1782360860,2,,Aggregated,0.800000,0.000000,9,13,22,22,23,30,38,2000,2100,2100,2100,172,0,9,36.85585058143303,5.548699999053497,2075.533199997153,7848.662790697675
1782360861,2,,Aggregated,0.800000,0.000000,9,13,22,22,23,30,38,2000,2100,2100,2100,172,0,9,36.85585058143303,5.548699999053497,2075.533199997153,7848.662790697675
1782360862,2,,Aggregated,0.800000,0.000000,9,13,22,22,23,30,38,2000,2100,2100,2100,172,0,9,36.85585058143303,5.548699999053497,2075.533199997153,7848.662790697675
1782360863,2,,Aggregated,0.600000,0.000000,9,13,21,22,23,30,38,2000,2100,2100,2100,174,0,9,36.560495402352835,5.548699999053497,2075.533199997153,7852.494252873563
1782360864,2,,Aggregated,0.600000,0.000000,9,13,21,22,23,30,38,2000,2100,2100,2100,174,0,9,36.560495402352835,5.548699999053497,2075.533199997153,7852.494252873563
1782360865,2,,Aggregated,0.600000,0.000000,9,13,21,22,23,30,38,2000,2100,2100,2100,174,0,9,36.560495402352835,5.548699999053497,2075.533199997153,7852.494252873563
1782360866,2,,Aggregated,0.600000,0.000000,9,13,21,22,23,30,38,2000,2100,2100,2100,176,0,9,36.29254829551924,5.548699999053497,2075.533199997153,7856.238636363636
1782360867,2,,Aggregated,0.600000,0.000000,9,13,21,22,23,30,38,2000,2100,2100,2100,176,0,9,36.29254829551924,5.548699999053497,2075.533199997153,7856.238636363636
1782360868,2,,Aggregated,0.600000,0.000000,9,13,21,22,23,30,38,2000,2100,2100,2100,176,0,9,36.29254829551924,5.548699999053497,2075.533199997153,7856.238636363636
1782360869,2,,Aggregated,0.600000,0.000000,9,13,21,22,23,30,38,2000,2100,2100,2100,176,0,9,36.29254829551924,5.548699999053497,2075.533199997153,7856.238636363636
1782360870,2,,Aggregated,0.600000,0.000000,9,13,21,22,23,30,38,2000,2100,2100,2100,177,0,9,36.1199197740857,5.548699999053497,2075.533199997153,7844.988700564972
1782360871,2,,Aggregated,0.600000,0.000000,9,13,21,22,23,30,38,2000,2100,2100,2100,178,0,9,36.04784213489489,5.548699999053497,2075.533199997153,7859.898876404494
1782360872,2,,Aggregated,0.600000,0.000000,9,13,21,22,23,30,38,2000,2100,2100,2100,178,0,9,36.04784213489489,5.548699999053497,2075.533199997153,7859.898876404494
1782360873,2,,Aggregated,0.600000,0.000000,9,13,21,22,23,30,38,2000,2100,2100,2100,178,0,9,36.04784213489489,5.548699999053497,2075.533199997153,7859.898876404494
1782360874,2,,Aggregated,0.600000,0.000000,9,13,21,22,23,30,38,2000,2100,2100,2100,179,0,9,35.91935418999179,5.548699999053497,2075.533199997153,7874.6424581005585
1782360875,2,,Aggregated,0.600000,0.000000,9,13,21,22,23,30,38,2000,2100,2100,2100,180,0,9,35.75464000002992,5.548699999053497,2075.533199997153,7863.477777777778
1782360876,2,,Aggregated,0.600000,0.000000,9,13,21,22,23,30,38,2000,2100,2100,2100,180,0,9,35.75464000002992,5.548699999053497,2075.533199997153,7863.477777777778
1782360877,2,,Aggregated,0.600000,0.000000,9,13,21,22,23,30,39,2000,2100,2100,2100,182,0,9,35.630931868161916,5.548699999053497,2075.533199997153,7866.978021978022
1782360878,2,,Aggregated,0.600000,0.000000,9,13,21,22,23,30,39,2000,2100,2100,2100,182,0,9,35.630931868161916,5.548699999053497,2075.533199997153,7866.978021978022
1782360879,2,,Aggregated,0.400000,0.000000,9,13,21,22,23,30,39,2000,2100,2100,2100,183,0,9,35.50676885247835,5.548699999053497,2075.533199997153,7881.360655737705
1782360880,2,,Aggregated,0.400000,0.000000,9,13,21,22,23,30,39,2000,2100,2100,2100,183,0,9,35.50676885247835,5.548699999053497,2075.533199997153,7881.360655737705
1782360881,2,,Aggregated,0.400000,0.000000,9,13,21,22,23,30,39,2000,2100,2100,2100,183,0,9,35.50676885247835,5.548699999053497,2075.533199997153,7881.360655737705
1782360882,2,,Aggregated,0.600000,0.000000,9,13,21,22,23,30,39,2000,2100,2100,2100,184,0,9,35.34835054348229,5.548699999053497,2075.533199997153,7870.402173913043
1782360883,2,,Aggregated,0.500000,0.000000,9,13,21,22,23,30,39,2000,2100,2100,2100,185,0,9,35.27949945946111,5.548699999053497,2075.533199997153,7884.610810810811
1782360884,2,,Aggregated,0.500000,0.000000,9,13,21,22,23,30,39,2000,2100,2100,2100,185,0,9,35.27949945946111,5.548699999053497,2075.533199997153,7884.610810810811
1782360885,2,,Aggregated,0.600000,0.000000,9,13,21,22,23,30,39,2000,2100,2100,2100,186,0,9,35.128895698900095,5.548699999053497,2075.533199997153,7873.752688172043
1782360886,2,,Aggregated,0.700000,0.000000,9,13,21,22,23,30,39,2000,2100,2100,2100,187,0,9,35.00234759355121,5.548699999053497,2075.533199997153,7887.791443850268
1782360887,2,,Aggregated,0.700000,0.000000,9,13,21,22,23,30,39,2000,2100,2100,2100,187,0,9,35.00234759355121,5.548699999053497,2075.533199997153,7887.791443850268
1782360888,2,,Aggregated,0.700000,0.000000,9,13,21,22,23,30,39,2000,2100,2100,2100,187,0,9,35.00234759355121,5.548699999053497,2075.533199997153,7887.791443850268
1782360889,2,,Aggregated,0.700000,0.000000,9,13,21,22,24,30,39,2000,2100,2100,2100,189,0,9,34.800904232797045,5.548699999053497,2075.533199997153,7890.9047619047615
1782360890,2,,Aggregated,0.700000,0.000000,9,13,21,22,24,30,39,2000,2100,2100,2100,189,0,9,34.800904232797045,5.548699999053497,2075.533199997153,7890.9047619047615
1782360891,2,,Aggregated,0.700000,0.000000,9,13,21,22,24,30,39,2000,2100,2100,2100,189,0,9,34.800904232797045,5.548699999053497,2075.533199997153,7890.9047619047615
1782360892,2,,Aggregated,0.700000,0.000000,9,13,21,22,24,30,39,2000,2100,2100,2100,189,0,9,34.800904232797045,5.548699999053497,2075.533199997153,7890.9047619047615
1782360893,2,,Aggregated,0.700000,0.000000,9,13,21,22,24,30,39,2000,2100,2100,2100,189,0,9,34.800904232797045,5.548699999053497,2075.533199997153,7890.9047619047615
1782360894,2,,Aggregated,0.500000,0.000000,9,13,21,22,23,30,39,2000,2100,2100,2100,191,0,9,34.50166649212244,5.548699999053497,2075.533199997153,7869.691099476439
1782360895,2,,Aggregated,0.500000,0.000000,9,13,21,22,23,30,39,2000,2100,2100,2100,191,0,9,34.50166649212244,5.548699999053497,2075.533199997153,7869.691099476439
1782360896,2,,Aggregated,0.400000,0.000000,9,13,21,22,23,30,39,2000,2100,2100,2100,192,0,9,34.429839583329645,5.548699999053497,2075.533199997153,7883.385416666667
1782360897,2,,Aggregated,0.600000,0.000000,9,13,21,22,23,30,39,2000,2100,2100,2100,193,0,9,34.31618186528945,5.548699999053497,2075.533199997153,7896.937823834197
1782360898,2,,Aggregated,0.600000,0.000000,9,13,21,22,23,30,39,2000,2100,2100,2100,193,0,9,34.31618186528945,5.548699999053497,2075.533199997153,7896.937823834197
1782360899,2,,Aggregated,0.600000,0.000000,9,13,21,22,23,30,39,2000,2100,2100,2100,193,0,9,34.31618186528945,5.548699999053497,2075.533199997153,7896.937823834197
1782360900,2,,Aggregated,0.600000,0.000000,9,13,21,22,23,30,39,2000,2100,2100,2100,195,0,9,34.02125999997131,5.267099993943702,2075.533199997153,7872.107692307693
1782360901,2,,Aggregated,0.600000,0.000000,9,13,21,22,23,30,39,2000,2100,2100,2100,195,0,9,34.02125999997131,5.267099993943702,2075.533199997153,7872.107692307693
1782360902,2,,Aggregated,0.400000,0.000000,9,13,21,22,24,30,39,2000,2100,2100,2100,196,0,9,33.96857806119999,5.267099993943702,2075.533199997153,7885.510204081633
1782360903,2,,Aggregated,0.600000,0.000000,9,13,21,22,24,30,39,2000,2100,2100,2100,197,0,9,33.89932588828659,5.267099993943702,2075.533199997153,7898.776649746193
1782360904,2,,Aggregated,0.600000,0.000000,9,13,21,22,24,30,39,2000,2100,2100,2100,197,0,9,33.89932588828659,5.267099993943702,2075.533199997153,7898.776649746193
1782360905,2,,Aggregated,0.600000,0.000000,9,13,21,22,24,30,39,2000,2100,2100,2100,197,0,9,33.89932588828659,5.267099993943702,2075.533199997153,7898.776649746193
1782360906,2,,Aggregated,0.800000,0.000000,9,13,21,22,24,31,39,2000,2100,2100,2100,198,0,9,33.885073232294864,5.267099993943702,2075.533199997153,7911.909090909091
1782360907,2,,Aggregated,0.800000,0.000000,9,13,21,22,24,31,39,2000,2100,2100,2100,198,0,9,33.885073232294864,5.267099993943702,2075.533199997153,7911.909090909091
1782360908,2,,Aggregated,0.600000,0.000000,9,13,21,22,24,31,39,2000,2100,2100,2100,199,0,9,33.74347839194137,5.267099993943702,2075.533199997153,7897.713567839196
1782360909,2,,Aggregated,0.600000,0.000000,9,13,22,22,24,31,39,2000,2100,2100,2100,200,0,9,33.6872995000158,5.267099993943702,2075.533199997153,7910.72
1782360910,2,,Aggregated,0.600000,0.000000,9,13,22,22,24,31,39,2000,2100,2100,2100,200,0,9,33.6872995000158,5.267099993943702,2075.533199997153,7910.72
1782360911,2,,Aggregated,0.600000,0.000000,9,13,21,22,24,30,38,43,2100,2100,2100,201,0,9,33.559923880611635,5.267099993943702,2075.533199997153,7900.542288557214
1782360912,2,,Aggregated,0.700000,0.000000,9,13,21,22,24,30,38,43,2100,2100,2100,202,0,9,33.43139059409686,5.267099993943702,2075.533199997153,7886.6138613861385
1782360913,2,,Aggregated,0.700000,0.000000,9,13,21,22,24,30,38,43,2100,2100,2100,202,0,9,33.43139059409686,5.267099993943702,2075.533199997153,7886.6138613861385
1782360914,2,,Aggregated,0.700000,0.000000,9,13,21,22,24,30,38,43,2100,2100,2100,202,0,9,33.43139059409686,5.267099993943702,2075.533199997153,7886.6138613861385
1782360915,2,,Aggregated,0.700000,0.000000,9,13,21,22,24,30,38,43,2100,2100,2100,202,0,9,33.43139059409686,5.267099993943702,2075.533199997153,7886.6138613861385
1782360916,2,,Aggregated,0.500000,0.000000,9,13,22,22,24,30,38,43,2100,2100,2100,204,0,9,33.25641960784161,5.267099993943702,2075.533199997153,7889.509803921569
1782360917,2,,Aggregated,0.500000,0.000000,9,13,22,22,24,30,38,43,2100,2100,2100,204,0,9,33.25641960784161,5.267099993943702,2075.533199997153,7889.509803921569
1782360918,2,,Aggregated,0.500000,0.000000,9,13,22,22,24,30,38,43,2100,2100,2100,204,0,9,33.25641960784161,5.267099993943702,2075.533199997153,7889.509803921569
1782360920,2,,Aggregated,0.600000,0.000000,9,13,21,22,24,30,38,43,2100,2100,2100,206,0,9,33.02484223300798,5.267099993943702,2075.533199997153,7892.349514563107
1782360921,2,,Aggregated,0.600000,0.000000,9,13,21,22,24,30,38,43,2100,2100,2100,206,0,9,33.02484223300798,5.267099993943702,2075.533199997153,7892.349514563107
1782360922,2,,Aggregated,0.600000,0.000000,9,13,21,22,24,30,38,43,2100,2100,2100,206,0,9,33.02484223300798,5.267099993943702,2075.533199997153,7892.349514563107
1782360923,2,,Aggregated,0.600000,0.000000,9,13,21,22,24,30,38,43,2100,2100,2100,206,0,9,33.02484223300798,5.267099993943702,2075.533199997153,7892.349514563107
1782360924,2,,Aggregated,0.600000,0.000000,9,13,22,22,24,30,38,43,2100,2100,2100,208,0,9,32.87277692306116,5.267099993943702,2075.533199997153,7891.3942307692305
1782360925,2,,Aggregated,0.600000,0.000000,9,13,22,22,24,30,38,43,2100,2100,2100,208,0,9,32.87277692306116,5.267099993943702,2075.533199997153,7891.3942307692305
1782360926,2,,Aggregated,0.600000,0.000000,9,13,22,22,24,30,38,43,2100,2100,2100,208,0,9,32.87277692306116,5.267099993943702,2075.533199997153,7891.3942307692305
1782360927,2,,Aggregated,0.600000,0.000000,9,13,21,22,24,30,38,43,2100,2100,2100,210,0,9,32.670567619026684,5.267099993943702,2075.533199997153,7916.228571428572
1782360928,2,,Aggregated,0.600000,0.000000,9,13,21,22,24,30,38,43,2100,2100,2100,210,0,9,32.670567619026684,5.267099993943702,2075.533199997153,7916.228571428572
1782360929,2,,Aggregated,0.600000,0.000000,9,13,21,22,24,30,38,43,2100,2100,2100,210,0,9,32.670567619026684,5.267099993943702,2075.533199997153,7916.228571428572
1782360930,2,,Aggregated,0.600000,0.000000,9,13,21,22,24,30,38,43,2100,2100,2100,210,0,9,32.670567619026684,5.267099993943702,2075.533199997153,7916.228571428572
1782360931,2,,Aggregated,0.600000,0.000000,9,13,22,22,24,31,38,43,2100,2100,2100,212,0,9,32.5826311320682,5.267099993943702,2075.533199997153,7940.594339622641
1782360932,2,,Aggregated,0.600000,0.000000,9,13,22,22,24,31,38,43,2100,2100,2100,212,0,9,32.5826311320682,5.267099993943702,2075.533199997153,7940.594339622641
1782360933,2,,Aggregated,0.600000,0.000000,9,13,22,22,24,31,38,43,2100,2100,2100,212,0,9,32.5826311320682,5.267099993943702,2075.533199997153,7940.594339622641
1782360934,2,,Aggregated,0.600000,0.000000,9,13,22,22,24,31,38,43,2100,2100,2100,212,0,9,32.5826311320682,5.267099993943702,2075.533199997153,7940.594339622641
1782360935,2,,Aggregated,0.600000,0.000000,10,13,21,22,24,31,38,43,2100,2100,2100,214,0,9,32.37299626167765,5.267099993943702,2075.533199997153,7942.85046728972
1782360936,2,,Aggregated,0.600000,0.000000,10,13,21,22,24,31,38,43,2100,2100,2100,214,0,9,32.37299626167765,5.267099993943702,2075.533199997153,7942.85046728972
1782360937,2,,Aggregated,0.600000,0.000000,10,13,21,22,24,31,38,43,2100,2100,2100,214,0,9,32.37299626167765,5.267099993943702,2075.533199997153,7942.85046728972
1782360938,2,,Aggregated,0.600000,0.000000,10,13,22,22,24,31,38,43,2100,2100,2100,216,0,9,32.20711620370922,5.267099993943702,2075.533199997153,7945.064814814815
1782360939,2,,Aggregated,0.600000,0.000000,10,13,22,22,24,31,38,43,2100,2100,2100,216,0,9,32.20711620370922,5.267099993943702,2075.533199997153,7945.064814814815
1782360940,2,,Aggregated,0.400000,0.000000,9,13,21,22,24,31,38,43,2100,2100,2100,217,0,9,32.09001889402312,5.267099993943702,2075.533199997153,7935.479262672811
1782360941,2,,Aggregated,0.500000,0.000000,10,13,21,22,24,31,38,43,2100,2100,2100,218,0,9,32.017710550487685,5.267099993943702,2075.533199997153,7947.238532110092
1782360942,2,,Aggregated,0.500000,0.000000,10,13,21,22,24,31,38,43,2100,2100,2100,218,0,9,32.017710550487685,5.267099993943702,2075.533199997153,7947.238532110092
1782360943,2,,Aggregated,0.700000,0.000000,9,13,21,22,24,31,38,43,2100,2100,2100,219,0,9,31.90322785391621,5.267099993943702,2075.533199997153,7937.730593607306
1782360944,2,,Aggregated,0.700000,0.000000,9,13,21,22,24,31,38,43,2100,2100,2100,219,0,9,31.90322785391621,5.267099993943702,2075.533199997153,7937.730593607306
1782360945,2,,Aggregated,0.600000,0.000000,9,13,21,22,24,31,38,43,2100,2100,2100,220,0,9,31.788627272776054,5.267099993943702,2075.533199997153,7924.772727272727
1782360946,2,,Aggregated,0.600000,0.000000,9,13,21,22,24,31,38,43,2100,2100,2100,220,0,9,31.788627272776054,5.267099993943702,2075.533199997153,7924.772727272727
1782360947,2,,Aggregated,0.700000,0.000000,9,13,21,22,24,30,38,43,2100,2100,2100,221,0,9,31.673976018142778,5.267099993943702,2075.533199997153,7915.4524886877825
1782360948,2,,Aggregated,0.600000,0.000000,9,13,21,22,24,30,38,43,2100,2100,2100,222,0,9,31.64931081086219,5.267099993943702,2075.533199997153,7927.09009009009
1782360949,2,,Aggregated,0.600000,0.000000,9,13,21,22,24,30,38,43,2100,2100,2100,222,0,9,31.64931081086219,5.267099993943702,2075.533199997153,7927.09009009009
1782360950,2,,Aggregated,0.700000,0.000000,9,13,21,22,24,30,38,43,2100,2100,2100,224,0,9,31.48310491077869,5.267099993943702,2075.533199997153,7925.892857142857
1782360951,2,,Aggregated,0.700000,0.000000,9,13,21,22,24,30,38,43,2100,2100,2100,224,0,9,31.48310491077869,5.267099993943702,2075.533199997153,7925.892857142857
1782360952,2,,Aggregated,0.600000,0.000000,9,13,21,22,24,30,38,43,2100,2100,2100,225,0,9,31.375400000057805,5.267099993943702,2075.533199997153,7913.275555555556
1782360953,2,,Aggregated,0.700000,0.000000,9,13,21,22,24,31,39,130,2100,2100,2100,226,0,9,31.794298672630088,5.267099993943702,2075.533199997153,7924.716814159292
1782360954,2,,Aggregated,0.700000,0.000000,9,13,21,22,24,31,39,130,2100,2100,2100,227,0,9,31.695558149831694,5.267099993943702,2075.533199997153,7915.643171806168
1782360955,2,,Aggregated,0.700000,0.000000,9,13,21,22,24,31,39,130,2100,2100,2100,227,0,9,31.695558149831694,5.267099993943702,2075.533199997153,7915.643171806168
1782360956,2,,Aggregated,0.700000,0.000000,9,13,21,22,24,31,39,130,2100,2100,2100,227,0,9,31.695558149831694,5.267099993943702,2075.533199997153,7915.643171806168
1782360957,2,,Aggregated,0.700000,0.000000,9,13,21,22,24,31,39,130,2100,2100,2100,228,0,9,31.616966228109064,5.267099993943702,2075.533199997153,7926.973684210527
1782360958,2,,Aggregated,0.700000,0.000000,9,13,21,22,24,31,39,130,2100,2100,2100,228,0,9,31.616966228109064,5.267099993943702,2075.533199997153,7926.973684210527
1782360959,2,,Aggregated,0.700000,0.000000,9,13,21,23,24,31,39,130,2100,2100,2100,229,0,9,31.57947816597257,5.267099993943702,2075.533199997153,7938.205240174672
1782360960,2,,Aggregated,0.700000,0.000000,10,13,22,23,24,34,39,130,2100,2100,2100,230,0,9,31.605873478300687,5.267099993943702,2075.533199997153,7949.339130434782
1782360961,2,,Aggregated,0.700000,0.000000,10,13,22,23,24,34,39,130,2100,2100,2100,230,0,9,31.605873478300687,5.267099993943702,2075.533199997153,7949.339130434782
1782360962,2,,Aggregated,0.700000,0.000000,10,13,22,23,24,34,39,130,2100,2100,2100,230,0,9,31.605873478300687,5.267099993943702,2075.533199997153,7949.339130434782
1782360963,2,,Aggregated,0.700000,0.000000,10,13,22,23,24,34,39,130,2100,2100,2100,230,0,9,31.605873478300687,5.267099993943702,2075.533199997153,7949.339130434782
1782360964,2,,Aggregated,0.600000,0.000000,9,13,22,23,24,34,39,130,2100,2100,2100,232,0,9,31.38599267248506,5.267099993943702,2075.533199997153,7931.370689655172
1782360965,2,,Aggregated,0.600000,0.000000,9,13,22,23,24,34,39,130,2100,2100,2100,232,0,9,31.38599267248506,5.267099993943702,2075.533199997153,7931.370689655172
1782360966,2,,Aggregated,0.600000,0.000000,9,13,22,23,24,34,39,130,2100,2100,2100,232,0,9,31.38599267248506,5.267099993943702,2075.533199997153,7931.370689655172
1782360967,2,,Aggregated,0.600000,0.000000,9,13,22,23,24,34,39,130,2100,2100,2100,232,0,9,31.38599267248506,5.267099993943702,2075.533199997153,7931.370689655172
1782360968,2,,Aggregated,0.500000,0.000000,9,13,21,23,24,34,39,130,2100,2100,2100,234,0,9,31.179853418864845,5.267099993943702,2075.533199997153,7910.384615384615
1782360969,2,,Aggregated,0.500000,0.000000,9,13,21,23,24,34,39,130,2100,2100,2100,234,0,9,31.179853418864845,5.267099993943702,2075.533199997153,7910.384615384615
1782360970,2,,Aggregated,0.500000,0.000000,9,13,21,23,24,34,39,130,2100,2100,2100,234,0,9,31.179853418864845,5.267099993943702,2075.533199997153,7910.384615384615
1782360971,2,,Aggregated,0.500000,0.000000,9,13,21,23,24,34,39,130,2100,2100,2100,234,0,9,31.179853418864845,5.267099993943702,2075.533199997153,7910.384615384615
1782360972,2,,Aggregated,0.400000,0.000000,9,13,22,23,24,35,43,130,2100,2100,2100,236,0,9,31.152257627196622,5.267099993943702,2075.533199997153,7932.322033898305
1782360973,2,,Aggregated,0.400000,0.000000,9,13,22,23,24,35,43,130,2100,2100,2100,236,0,9,31.152257627196622,5.267099993943702,2075.533199997153,7932.322033898305
1782360974,2,,Aggregated,0.400000,0.000000,9,13,22,23,24,35,43,130,2100,2100,2100,236,0,9,31.152257627196622,5.267099993943702,2075.533199997153,7932.322033898305
1782360975,2,,Aggregated,0.400000,0.000000,9,13,22,23,24,35,43,130,2100,2100,2100,236,0,9,31.152257627196622,5.267099993943702,2075.533199997153,7932.322033898305
1782360976,2,,Aggregated,0.600000,0.000000,9,13,21,23,24,35,43,130,2100,2100,2100,238,0,9,30.955357983267668,5.267099993943702,2075.533199997153,7914.949579831933
1782360977,2,,Aggregated,0.600000,0.000000,9,13,21,23,24,35,43,130,2100,2100,2100,238,0,9,30.955357983267668,5.267099993943702,2075.533199997153,7914.949579831933
1782360978,2,,Aggregated,0.600000,0.000000,9,13,21,23,24,35,43,130,2100,2100,2100,238,0,9,30.955357983267668,5.267099993943702,2075.533199997153,7914.949579831933
1782360979,2,,Aggregated,0.600000,0.000000,9,13,21,23,24,35,43,130,2100,2100,2100,238,0,9,30.955357983267668,5.267099993943702,2075.533199997153,7914.949579831933
1782360980,2,,Aggregated,0.500000,0.000000,9,13,22,23,24,35,43,130,2100,2100,2100,240,0,9,30.86274875007196,5.267099993943702,2075.533199997153,7936.483333333334
1782360981,2,,Aggregated,0.500000,0.000000,9,13,22,23,24,35,43,130,2100,2100,2100,240,0,9,30.86274875007196,5.267099993943702,2075.533199997153,7936.483333333334
1782360982,2,,Aggregated,0.500000,0.000000,9,13,21,23,24,34,43,130,2100,2100,2100,241,0,9,30.761365975164885,5.267099993943702,2075.533199997153,7927.887966804979
1782360983,2,,Aggregated,0.500000,0.000000,9,13,21,23,24,34,43,130,2100,2100,2100,241,0,9,30.761365975164885,5.267099993943702,2075.533199997153,7927.887966804979
1782360984,2,,Aggregated,0.500000,0.000000,9,13,21,23,24,34,43,130,2100,2100,2100,241,0,9,30.761365975164885,5.267099993943702,2075.533199997153,7927.887966804979
1782360985,2,,Aggregated,0.500000,0.000000,9,13,21,23,24,34,43,130,2100,2100,2100,243,0,9,30.575499177020266,5.267099993943702,2075.533199997153,7910.909465020576
1782360986,2,,Aggregated,0.500000,0.000000,9,13,21,23,24,34,43,130,2100,2100,2100,243,0,9,30.575499177020266,5.267099993943702,2075.533199997153,7910.909465020576
1782360987,2,,Aggregated,0.500000,0.000000,9,13,21,23,24,34,43,130,2100,2100,2100,243,0,9,30.575499177020266,5.267099993943702,2075.533199997153,7910.909465020576
1782360988,2,,Aggregated,0.500000,0.000000,9,13,21,23,24,34,43,130,2100,2100,2100,244,0,9,30.486397131232376,5.267099993943702,2075.533199997153,7902.524590163935
1782360989,2,,Aggregated,0.500000,0.000000,9,13,21,23,24,34,43,130,2100,2100,2100,245,0,9,30.400375510317662,5.267099993943702,2075.533199997153,7891.032653061225
1782360990,2,,Aggregated,0.500000,0.000000,9,13,21,23,24,34,43,130,2100,2100,2100,245,0,9,30.400375510317662,5.267099993943702,2075.533199997153,7891.032653061225
1782360991,2,,Aggregated,0.500000,0.000000,9,13,21,23,24,34,43,130,2100,2100,2100,245,0,9,30.400375510317662,5.267099993943702,2075.533199997153,7891.032653061225
1782360992,2,,Aggregated,0.700000,0.000000,9,13,21,23,24,34,43,130,2100,2100,2100,247,0,9,30.290765587167638,5.267099993943702,2075.533199997153,7890.238866396761
1782360993,2,,Aggregated,0.700000,0.000000,9,13,21,23,24,34,43,130,2100,2100,2100,247,0,9,30.290765587167638,5.267099993943702,2075.533199997153,7890.238866396761
1782360994,2,,Aggregated,0.700000,0.000000,9,13,21,23,24,34,43,130,2100,2100,2100,247,0,9,30.290765587167638,5.267099993943702,2075.533199997153,7890.238866396761
1782360995,2,,Aggregated,0.600000,0.000000,9,13,21,23,24,34,43,130,2100,2100,2100,248,0,9,30.227186290440226,5.267099993943702,2075.533199997153,7900.758064516129
1782360996,2,,Aggregated,0.600000,0.000000,9,13,21,23,24,34,43,130,2100,2100,2100,248,0,9,30.227186290440226,5.267099993943702,2075.533199997153,7900.758064516129
1782360997,2,,Aggregated,0.600000,0.000000,9,13,21,23,24,34,43,130,2100,2100,2100,249,0,9,30.19146465875342,5.267099993943702,2075.533199997153,7911.192771084337
1782360998,2,,Aggregated,0.600000,0.000000,9,13,21,23,24,34,43,130,2100,2100,2100,249,0,9,30.19146465875342,5.267099993943702,2075.533199997153,7911.192771084337
1782360999,2,,Aggregated,0.600000,0.000000,9,13,21,23,24,34,43,130,2100,2100,2100,249,0,9,30.19146465875342,5.267099993943702,2075.533199997153,7911.192771084337
1782361000,2,,Aggregated,0.600000,0.000000,9,13,21,23,24,34,43,130,2100,2100,2100,250,0,9,30.10626840009354,5.267099993943702,2075.533199997153,7903.008
1782361001,2,,Aggregated,0.400000,0.000000,9,13,21,22,24,34,39,130,2100,2100,2100,251,0,9,30.035427888532762,5.267099993943702,2075.533199997153,7913.350597609562
1782361002,2,,Aggregated,0.400000,0.000000,9,13,21,22,24,34,39,130,2100,2100,2100,251,0,9,30.035427888532762,5.267099993943702,2075.533199997153,7913.350597609562
1782361003,2,,Aggregated,0.500000,0.000000,10,13,21,23,24,34,39,130,2100,2100,2100,252,0,9,30.02271111120261,5.267099993943702,2075.533199997153,7923.611111111111
1782361004,2,,Aggregated,0.400000,0.000000,9,13,21,23,24,34,39,130,2100,2100,2100,253,0,9,29.926321343974333,5.267099993943702,2075.533199997153,7915.474308300395
1782361005,2,,Aggregated,0.400000,0.000000,9,13,21,23,24,34,39,130,2100,2100,2100,253,0,9,29.926321343974333,5.267099993943702,2075.533199997153,7915.474308300395
1782361006,2,,Aggregated,0.400000,0.000000,9,13,21,23,24,34,39,130,2100,2100,2100,253,0,9,29.926321343974333,5.267099993943702,2075.533199997153,7915.474308300395
1782361007,2,,Aggregated,0.600000,0.000000,10,13,21,23,24,34,39,130,2100,2100,2100,254,0,9,29.849541338689317,5.267099993943702,2075.533199997153,7925.645669291339
1782361008,2,,Aggregated,0.500000,0.000000,10,13,21,23,24,34,39,130,2100,2100,2100,255,0,10,29.862752156994105,5.267099993943702,2075.533199997153,7935.737254901961
1782361009,2,,Aggregated,0.500000,0.000000,10,13,21,23,24,34,39,130,2100,2100,2100,255,0,10,29.862752156994105,5.267099993943702,2075.533199997153,7935.737254901961
1782361010,2,,Aggregated,0.500000,0.000000,10,13,22,23,24,34,39,130,2100,2100,2100,256,0,10,29.83389218763932,5.267099993943702,2075.533199997153,7945.75
1782361011,2,,Aggregated,0.600000,0.000000,10,13,21,23,24,34,39,130,2100,2100,2100,257,0,10,29.74115680948041,5.267099993943702,2075.533199997153,7937.653696498054
1782361012,2,,Aggregated,0.600000,0.000000,10,13,21,23,24,34,39,130,2100,2100,2100,257,0,10,29.74115680948041,5.267099993943702,2075.533199997153,7937.653696498054
1782361013,2,,Aggregated,0.600000,0.000000,10,13,21,23,24,34,39,130,2100,2100,2100,257,0,10,29.74115680948041,5.267099993943702,2075.533199997153,7937.653696498054
1782361014,2,,Aggregated,0.600000,0.000000,10,13,22,23,25,35,39,130,2100,2100,2100,259,0,10,29.695630888173692,5.267099993943702,2075.533199997153,7939.540540540541
1782361015,2,,Aggregated,0.600000,0.000000,10,13,22,23,25,35,39,130,2100,2100,2100,259,0,10,29.695630888173692,5.267099993943702,2075.533199997153,7939.540540540541
1782361016,2,,Aggregated,0.600000,0.000000,10,13,22,23,25,35,39,130,2100,2100,2100,259,0,10,29.695630888173692,5.267099993943702,2075.533199997153,7939.540540540541
1782361017,2,,Aggregated,0.600000,0.000000,10,13,22,23,25,35,39,130,2100,2100,2100,260,0,9,29.611514230922555,5.267099993943702,2075.533199997153,7931.5615384615385
1782361018,2,,Aggregated,0.600000,0.000000,9,13,21,23,24,34,39,130,2100,2100,2100,261,0,9,29.521599233884658,5.267099993943702,2075.533199997153,7923.64367816092
1782361019,2,,Aggregated,0.600000,0.000000,9,13,21,23,24,34,39,130,2100,2100,2100,261,0,9,29.521599233884658,5.267099993943702,2075.533199997153,7923.64367816092
1782361020,2,,Aggregated,0.600000,0.000000,9,13,21,23,24,34,39,130,2100,2100,2100,262,0,9,29.43582862611364,5.267099993943702,2075.533199997153,7915.786259541985
1782361021,2,,Aggregated,0.600000,0.000000,9,13,21,23,24,34,39,130,2100,2100,2100,262,0,9,29.43582862611364,5.267099993943702,2075.533199997153,7915.786259541985
1782361022,2,,Aggregated,0.600000,0.000000,9,13,21,23,24,34,39,130,2100,2100,2100,263,0,9,29.357073003960245,5.267099993943702,2075.533199997153,7905.030418250951
1782361023,2,,Aggregated,0.600000,0.000000,9,13,21,23,24,34,39,130,2100,2100,2100,263,0,9,29.357073003960245,5.267099993943702,2075.533199997153,7905.030418250951
1782361024,2,,Aggregated,0.600000,0.000000,9,13,21,23,24,34,39,130,2100,2100,2100,263,0,9,29.357073003960245,5.267099993943702,2075.533199997153,7905.030418250951
1782361025,2,,Aggregated,0.600000,0.000000,9,13,22,23,25,35,41,130,2100,2100,2100,264,0,9,29.40083750014089,5.267099993943702,2075.533199997153,7914.856060606061
1782361027,2,,Aggregated,0.600000,0.000000,9,13,21,23,25,35,41,130,2100,2100,2100,265,0,9,29.343491698256123,5.267099993943702,2075.533199997153,7924.607547169811
1782361028,2,,Aggregated,0.600000,0.000000,9,13,21,23,25,35,41,130,2100,2100,2100,265,0,9,29.343491698256123,5.267099993943702,2075.533199997153,7924.607547169811
1782361029,2,,Aggregated,0.600000,0.000000,9,13,21,23,25,35,41,130,2100,2100,2100,265,0,9,29.343491698256123,5.267099993943702,2075.533199997153,7924.607547169811
1782361030,2,,Aggregated,0.600000,0.000000,9,13,21,23,25,35,41,130,2100,2100,2100,266,0,9,29.257146616665914,5.267099993943702,2075.533199997153,7916.8646616541355
1782361031,2,,Aggregated,0.600000,0.000000,9,13,21,23,25,35,41,130,2100,2100,2100,266,0,9,29.257146616665914,5.267099993943702,2075.533199997153,7916.8646616541355
1782361032,2,,Aggregated,0.400000,0.000000,9,13,21,23,25,35,41,130,2100,2100,2100,267,0,9,29.182419101243283,5.267099993943702,2075.533199997153,7909.179775280899
1782361033,2,,Aggregated,0.500000,0.000000,9,13,21,23,25,35,41,130,2100,2100,2100,268,0,9,29.094769403108426,5.267099993943702,2075.533199997153,7901.55223880597
1782361034,2,,Aggregated,0.500000,0.000000,9,13,21,23,25,35,41,130,2100,2100,2100,268,0,9,29.094769403108426,5.267099993943702,2075.533199997153,7901.55223880597
1782361035,2,,Aggregated,0.500000,0.000000,9,13,21,23,25,35,41,130,2100,2100,2100,268,0,9,29.094769403108426,5.267099993943702,2075.533199997153,7901.55223880597
1782361036,2,,Aggregated,0.500000,0.000000,9,13,21,23,25,35,41,130,2100,2100,2100,268,0,9,29.094769403108426,5.267099993943702,2075.533199997153,7901.55223880597
1782361037,2,,Aggregated,0.500000,0.000000,9,13,21,23,25,35,41,130,2100,2100,2100,270,0,9,29.02629814825896,5.267099993943702,2075.533199997153,7903.62962962963
1782361038,2,,Aggregated,0.500000,0.000000,9,13,21,23,25,35,41,130,2100,2100,2100,270,0,9,29.02629814825896,5.267099993943702,2075.533199997153,7903.62962962963
1782361039,2,,Aggregated,0.500000,0.000000,9,13,21,23,25,35,41,130,2100,2100,2100,270,0,9,29.02629814825896,5.267099993943702,2075.533199997153,7903.62962962963
1782361040,2,,Aggregated,0.500000,0.000000,9,13,21,23,25,35,41,130,2100,2100,2100,270,0,9,29.02629814825896,5.267099993943702,2075.533199997153,7903.62962962963
1782361041,2,,Aggregated,0.500000,0.000000,9,13,21,23,25,35,41,130,2100,2100,2100,272,0,9,28.856481250118925,5.267099993943702,2075.533199997153,7888.639705882353
1782361042,2,,Aggregated,0.500000,0.000000,9,13,21,23,25,35,41,130,2100,2100,2100,272,0,9,28.856481250118925,5.267099993943702,2075.533199997153,7888.639705882353
1782361043,2,,Aggregated,0.500000,0.000000,9,13,21,23,25,35,41,130,2100,2100,2100,272,0,9,28.856481250118925,5.267099993943702,2075.533199997153,7888.639705882353
1782361044,2,,Aggregated,0.600000,0.000000,9,13,21,23,25,35,41,130,2100,2100,2100,273,0,9,28.776494505605832,5.267099993943702,2075.533199997153,7881.227106227107
1782361045,2,,Aggregated,0.500000,0.000000,9,13,21,23,25,35,41,130,2100,2100,2100,274,0,9,28.710664598644925,5.267099993943702,2075.533199997153,7871.029197080292
1782361046,2,,Aggregated,0.500000,0.000000,9,13,21,23,25,35,41,130,2100,2100,2100,274,0,9,28.710664598644925,5.267099993943702,2075.533199997153,7871.029197080292
1782361047,2,,Aggregated,0.500000,0.000000,9,13,21,23,25,35,41,130,2100,2100,2100,274,0,9,28.710664598644925,5.267099993943702,2075.533199997153,7871.029197080292
1782361048,2,,Aggregated,0.500000,0.000000,9,13,21,23,25,35,41,130,2100,2100,2100,274,0,9,28.710664598644925,5.267099993943702,2075.533199997153,7871.029197080292
1782361049,2,,Aggregated,0.400000,0.000000,9,13,21,23,25,35,41,130,2100,2100,2100,276,0,9,28.638930434865777,5.267099993943702,2075.533199997153,7870.463768115942
1782361050,2,,Aggregated,0.400000,0.000000,9,13,21,23,25,35,41,130,2100,2100,2100,276,0,9,28.638930434865777,5.267099993943702,2075.533199997153,7870.463768115942
1782361051,2,,Aggregated,0.400000,0.000000,9,13,21,23,25,35,41,130,2100,2100,2100,276,0,9,28.638930434865777,5.267099993943702,2075.533199997153,7870.463768115942
1782361052,2,,Aggregated,0.400000,0.000000,9,13,21,23,25,35,41,130,2100,2100,2100,276,0,9,28.638930434865777,5.267099993943702,2075.533199997153,7870.463768115942
1782361053,2,,Aggregated,0.600000,0.000000,9,13,21,23,25,35,41,130,2100,2100,2100,277,0,9,28.583671119201103,5.267099993943702,2075.533199997153,7879.953068592058
1782361054,2,,Aggregated,0.400000,0.000000,9,13,21,23,25,35,41,130,2100,2100,2100,278,0,9,28.56300035979965,5.267099993943702,2075.533199997153,7889.374100719425
1782361055,2,,Aggregated,0.500000,0.000000,9,13,21,23,25,35,41,130,2100,2100,2100,279,0,9,28.508586738444073,5.267099993943702,2075.533199997153,7898.727598566308
1782361056,2,,Aggregated,0.500000,0.000000,9,13,21,23,25,35,41,130,2100,2100,2100,279,0,9,28.508586738444073,5.267099993943702,2075.533199997153,7898.727598566308
1782361057,2,,Aggregated,0.500000,0.000000,9,13,21,23,25,35,41,130,2100,2100,2100,279,0,9,28.508586738444073,5.267099993943702,2075.533199997153,7898.727598566308
1782361058,2,,Aggregated,0.400000,0.000000,9,13,21,23,25,35,41,130,2100,2100,2100,280,0,9,28.428028928673093,5.267099993943702,2075.533199997153,7891.464285714285
1782361059,2,,Aggregated,0.500000,0.000000,9,13,21,23,25,34,41,130,2100,2100,2100,281,0,9,28.41517758015891,5.267099993943702,2075.533199997153,7900.743772241993
1782361060,2,,Aggregated,0.600000,0.000000,9,13,21,23,25,34,41,130,2100,2100,2100,282,0,9,28.345912766039326,5.267099993943702,2075.533199997153,7893.524822695035
1782361061,2,,Aggregated,0.600000,0.000000,9,13,21,23,25,34,41,130,2100,2100,2100,282,0,9,28.345912766039326,5.267099993943702,2075.533199997153,7893.524822695035
1782361062,2,,Aggregated,0.600000,0.000000,9,13,21,23,25,34,41,130,2100,2100,2100,282,0,9,28.345912766039326,5.267099993943702,2075.533199997153,7893.524822695035
1782361063,2,,Aggregated,0.500000,0.000000,9,13,21,23,25,34,41,130,2100,2100,2100,284,0,9,28.213049647963768,5.267099993943702,2075.533199997153,7895.556338028169
1782361064,2,,Aggregated,0.500000,0.000000,9,13,21,23,25,34,41,130,2100,2100,2100,284,0,9,28.213049647963768,5.267099993943702,2075.533199997153,7895.556338028169
1782361065,2,,Aggregated,0.500000,0.000000,9,13,21,23,25,34,41,130,2100,2100,2100,284,0,9,28.213049647963768,5.267099993943702,2075.533199997153,7895.556338028169
1782361066,2,,Aggregated,0.600000,0.000000,9,13,21,23,25,35,43,130,2100,2100,2100,286,0,9,28.18830314692121,5.267099993943702,2075.533199997153,7897.55944055944
1782361067,2,,Aggregated,0.600000,0.000000,9,13,21,23,25,35,43,130,2100,2100,2100,286,0,9,28.18830314692121,5.267099993943702,2075.533199997153,7897.55944055944
1782361068,2,,Aggregated,0.600000,0.000000,9,13,21,23,25,35,43,130,2100,2100,2100,287,0,9,28.129317421677648,5.267099993943702,2075.533199997153,7906.623693379791
1782361069,2,,Aggregated,0.600000,0.000000,9,13,21,23,25,35,43,130,2100,2100,2100,287,0,9,28.129317421677648,5.267099993943702,2075.533199997153,7906.623693379791
1782361070,2,,Aggregated,0.700000,0.000000,9,13,21,23,25,35,43,130,2100,2100,2100,288,0,9,28.07539965285994,5.267099993943702,2075.533199997153,7915.625
1782361071,2,,Aggregated,0.700000,0.000000,9,13,21,23,25,35,43,130,2100,2100,2100,288,0,9,28.07539965285994,5.267099993943702,2075.533199997153,7915.625
1782361072,2,,Aggregated,0.700000,0.000000,9,13,21,23,25,35,43,130,2100,2100,2100,288,0,9,28.07539965285994,5.267099993943702,2075.533199997153,7915.625
1782361073,2,,Aggregated,0.700000,0.000000,9,13,21,23,25,35,43,130,2100,2100,2100,289,0,9,27.997210726718368,5.267099993943702,2075.533199997153,7905.837370242214
1782361074,2,,Aggregated,0.600000,0.000000,9,13,21,23,25,35,43,130,2100,2100,2100,290,0,9,27.993019310414294,5.267099993943702,2075.533199997153,7914.7793103448275
1782361075,2,,Aggregated,0.600000,0.000000,9,13,21,23,25,35,43,130,2100,2100,2100,290,0,9,27.993019310414294,5.267099993943702,2075.533199997153,7914.7793103448275
1782361076,2,,Aggregated,0.600000,0.000000,9,13,21,23,25,35,43,130,2100,2100,2100,290,0,9,27.993019310414294,5.267099993943702,2075.533199997153,7914.7793103448275
1782361077,2,,Aggregated,0.600000,0.000000,10,13,22,23,25,35,43,130,2100,2100,2100,292,0,9,27.9401513699132,5.267099993943702,2075.533199997153,7932.479452054795
1782361078,2,,Aggregated,0.600000,0.000000,10,13,22,23,25,35,43,130,2100,2100,2100,292,0,9,27.9401513699132,5.267099993943702,2075.533199997153,7932.479452054795
1782361079,2,,Aggregated,0.600000,0.000000,10,13,22,23,25,35,43,130,2100,2100,2100,292,0,9,27.9401513699132,5.267099993943702,2075.533199997153,7932.479452054795
1782361080,2,,Aggregated,0.600000,0.000000,10,13,22,23,25,35,43,130,2100,2100,2100,292,0,9,27.9401513699132,5.267099993943702,2075.533199997153,7932.479452054795
1782361081,2,,Aggregated,0.500000,0.000000,10,13,22,23,25,35,43,130,2100,2100,2100,294,0,9,27.85074251703324,5.267099993943702,2075.533199997153,7934.1768707483
1782361082,2,,Aggregated,0.500000,0.000000,10,13,22,23,25,35,43,130,2100,2100,2100,294,0,9,27.85074251703324,5.267099993943702,2075.533199997153,7934.1768707483
1782361083,2,,Aggregated,0.400000,0.000000,10,13,22,23,26,36,43,130,2100,2100,2100,295,0,10,27.8835467796899,5.267099993943702,2075.533199997153,7942.871186440678
1782361084,2,,Aggregated,0.400000,0.000000,10,13,22,23,26,36,43,130,2100,2100,2100,295,0,10,27.8835467796899,5.267099993943702,2075.533199997153,7942.871186440678
1782361085,2,,Aggregated,0.600000,0.000000,10,13,22,23,26,36,43,130,2100,2100,2100,296,0,9,27.814368243255288,5.267099993943702,2075.533199997153,7933.222972972973
1782361086,2,,Aggregated,0.600000,0.000000,9,13,22,23,26,36,43,130,2100,2100,2100,297,0,9,27.740716161629692,5.267099993943702,2075.533199997153,7926.259259259259
1782361087,2,,Aggregated,0.600000,0.000000,9,13,22,23,26,36,43,130,2100,2100,2100,297,0,9,27.740716161629692,5.267099993943702,2075.533199997153,7926.259259259259
1782361088,2,,Aggregated,0.700000,0.000000,10,13,22,23,27,36,43,130,2100,2100,2100,298,0,9,27.74204463090403,5.267099993943702,2075.533199997153,7934.892617449665
1782361089,2,,Aggregated,0.700000,0.000000,10,13,22,23,27,36,43,130,2100,2100,2100,298,0,9,27.74204463090403,5.267099993943702,2075.533199997153,7934.892617449665
1782361090,2,,Aggregated,0.700000,0.000000,10,13,22,23,27,36,43,130,2100,2100,2100,299,0,10,27.697174581982324,5.267099993943702,2075.533199997153,7943.468227424749
1782361091,2,,Aggregated,0.500000,0.000000,10,13,22,23,27,36,43,130,2100,2100,2100,300,0,9,27.62446566671618,5.267099993943702,2075.533199997153,7936.54
1782361092,2,,Aggregated,0.700000,0.000000,10,13,22,23,26,35,41,43,2100,2100,2100,301,0,10,27.578606976795072,5.267099993943702,2075.533199997153,7945.053156146179
1782361093,2,,Aggregated,0.700000,0.000000,10,13,22,23,26,35,41,43,2100,2100,2100,302,0,9,27.5143447020519,5.267099993943702,2075.533199997153,7938.165562913908
1782361094,2,,Aggregated,0.700000,0.000000,10,13,22,23,26,35,41,43,2100,2100,2100,302,0,9,27.5143447020519,5.267099993943702,2075.533199997153,7938.165562913908
1782361095,2,,Aggregated,0.700000,0.000000,10,13,22,23,26,35,41,43,2100,2100,2100,302,0,9,27.5143447020519,5.267099993943702,2075.533199997153,7938.165562913908
1782361096,2,,Aggregated,0.700000,0.000000,9,13,22,23,26,35,41,43,2100,2100,2100,303,0,9,27.45060561062586,5.267099993943702,2075.533199997153,7931.323432343234
1782361097,2,,Aggregated,0.700000,0.000000,9,13,22,23,26,35,41,43,2100,2100,2100,304,0,9,27.379150657955172,5.267099993943702,2075.533199997153,7924.526315789473
1782361098,2,,Aggregated,0.700000,0.000000,9,13,22,23,26,35,41,43,2100,2100,2100,304,0,9,27.379150657955172,5.267099993943702,2075.533199997153,7924.526315789473
1782361099,2,,Aggregated,0.700000,0.000000,9,13,21,23,26,35,41,43,2100,2100,2100,305,0,9,27.31153803284005,5.267099993943702,2075.533199997153,7917.773770491804
1782361100,2,,Aggregated,0.700000,0.000000,9,13,21,23,26,35,41,43,2100,2100,2100,305,0,9,27.31153803284005,5.267099993943702,2075.533199997153,7917.773770491804
1782361101,2,,Aggregated,0.600000,0.000000,9,13,21,23,26,35,41,43,2100,2100,2100,306,0,9,27.246251634043052,5.267099993943702,2075.533199997153,7911.065359477124
1782361102,2,,Aggregated,0.600000,0.000000,9,13,22,23,26,35,41,43,2100,2100,2100,307,0,9,27.230879153151154,5.267099993943702,2075.533199997153,7919.495114006515
1782361103,2,,Aggregated,0.600000,0.000000,9,13,22,23,26,35,41,43,2100,2100,2100,307,0,9,27.230879153151154,5.267099993943702,2075.533199997153,7919.495114006515
1782361104,2,,Aggregated,0.600000,0.000000,9,13,22,23,26,35,41,43,2100,2100,2100,307,0,9,27.230879153151154,5.267099993943702,2075.533199997153,7919.495114006515
1782361105,2,,Aggregated,0.600000,0.000000,9,13,22,23,26,35,41,43,2100,2100,2100,308,0,9,27.170092532511948,5.267099993943702,2075.533199997153,7912.824675324675
1782361106,2,,Aggregated,0.600000,0.000000,9,13,22,23,26,35,41,43,2100,2100,2100,308,0,9,27.170092532511948,5.267099993943702,2075.533199997153,7912.824675324675
1782361107,2,,Aggregated,0.600000,0.000000,9,13,21,23,26,35,41,43,2100,2100,2100,309,0,9,27.104182200676618,5.267099993943702,2075.533199997153,7906.197411003236
1782361108,2,,Aggregated,0.600000,0.000000,9,13,22,23,26,35,41,43,2100,2100,2100,310,0,9,27.087321290356716,5.267099993943702,2075.533199997153,7914.561290322581
1782361109,2,,Aggregated,0.600000,0.000000,9,13,22,23,26,35,41,43,2100,2100,2100,310,0,9,27.087321290356716,5.267099993943702,2075.533199997153,7914.561290322581
1782361110,2,,Aggregated,0.600000,0.000000,9,13,22,23,26,35,41,43,2100,2100,2100,310,0,9,27.087321290356716,5.267099993943702,2075.533199997153,7914.561290322581
1782361111,2,,Aggregated,0.600000,0.000000,9,13,22,23,25,35,41,43,2100,2100,2100,311,0,9,27.02465209005875,5.267099993943702,2075.533199997153,7907.971061093248
1782361112,2,,Aggregated,0.500000,0.000000,9,13,22,23,25,35,41,43,2100,2100,2100,312,0,9,26.97579166670039,5.267099993943702,2075.533199997153,7916.275641025641
1782361113,2,,Aggregated,0.500000,0.000000,9,13,22,23,25,35,41,43,2100,2100,2100,312,0,9,26.97579166670039,5.267099993943702,2075.533199997153,7916.275641025641
1782361114,2,,Aggregated,0.500000,0.000000,9,13,21,23,25,35,41,43,2100,2100,2100,313,0,9,26.908480511221754,5.267099993943702,2075.533199997153,7909.722044728434
1782361115,2,,Aggregated,0.500000,0.000000,9,13,21,23,25,35,41,43,2100,2100,2100,314,0,9,26.846017834425876,5.267099993943702,2075.533199997153,7903.210191082802
1782361116,2,,Aggregated,0.500000,0.000000,9,13,21,23,25,35,41,43,2100,2100,2100,314,0,9,26.846017834425876,5.267099993943702,2075.533199997153,7903.210191082802
1782361117,2,,Aggregated,0.500000,0.000000,9,13,21,23,25,35,41,43,2100,2100,2100,314,0,9,26.846017834425876,5.267099993943702,2075.533199997153,7903.210191082802
1782361118,2,,Aggregated,0.600000,0.000000,9,13,21,23,25,35,41,43,2100,2100,2100,316,0,9,26.722330696245507,5.267099993943702,2075.533199997153,7885.386075949367
1782361119,2,,Aggregated,0.600000,0.000000,9,13,21,23,25,35,41,43,2100,2100,2100,316,0,9,26.722330696245507,5.267099993943702,2075.533199997153,7885.386075949367
1782361120,2,,Aggregated,0.600000,0.000000,9,13,21,23,25,35,41,43,2100,2100,2100,317,0,9,26.70627287071663,5.267099993943702,2075.533199997153,7893.630914826498
1782361121,2,,Aggregated,0.600000,0.000000,9,13,21,23,25,35,41,43,2100,2100,2100,317,0,9,26.70627287071663,5.267099993943702,2075.533199997153,7893.630914826498
1782361122,2,,Aggregated,0.600000,0.000000,9,13,21,23,25,35,41,43,2100,2100,2100,318,0,9,26.644141195015578,5.267099993943702,2075.533199997153,7887.251572327044
1782361123,2,,Aggregated,0.600000,0.000000,9,13,21,23,25,35,41,43,2100,2100,2100,318,0,9,26.644141195015578,5.267099993943702,2075.533199997153,7887.251572327044
1782361124,2,,Aggregated,0.600000,0.000000,9,13,21,23,25,35,41,43,2100,2100,2100,319,0,9,26.579527586255498,5.267099993943702,2075.533199997153,7878.473354231975
1782361125,2,,Aggregated,0.600000,0.000000,9,13,21,23,25,35,41,43,2100,2100,2100,319,0,9,26.579527586255498,5.267099993943702,2075.533199997153,7878.473354231975
1782361126,2,,Aggregated,0.600000,0.000000,9,13,21,23,25,35,41,43,2100,2100,2100,319,0,9,26.579527586255498,5.267099993943702,2075.533199997153,7878.473354231975
1782361127,2,,Aggregated,0.600000,0.000000,9,13,21,23,25,35,41,43,2100,2100,2100,320,0,9,26.530166562542945,5.267099993943702,2075.533199997153,7872.18125
1782361128,2,,Aggregated,0.500000,0.000000,9,13,21,23,25,34,41,43,2100,2100,2100,321,0,9,26.52021682247479,5.267099993943702,2075.533199997153,7880.3644859813085
1782361129,2,,Aggregated,0.500000,0.000000,9,13,21,23,25,34,41,43,2100,2100,2100,321,0,9,26.52021682247479,5.267099993943702,2075.533199997153,7880.3644859813085
1782361130,2,,Aggregated,0.500000,0.000000,9,13,21,23,25,34,41,43,2100,2100,2100,321,0,9,26.52021682247479,5.267099993943702,2075.533199997153,7880.3644859813085
1782361131,2,,Aggregated,0.500000,0.000000,9,13,21,23,25,34,41,43,2100,2100,2100,323,0,9,26.43112941181407,5.267099993943702,2075.533199997153,7896.578947368421
1782361132,2,,Aggregated,0.500000,0.000000,9,13,21,23,25,34,41,43,2100,2100,2100,323,0,9,26.43112941181407,5.267099993943702,2075.533199997153,7896.578947368421
1782361134,2,,Aggregated,0.500000,0.000000,9,13,21,23,25,34,41,43,2100,2100,2100,323,0,9,26.43112941181407,5.267099993943702,2075.533199997153,7896.578947368421
1782361135,2,,Aggregated,0.500000,0.000000,9,13,21,23,25,34,41,43,2100,2100,2100,323,0,9,26.43112941181407,5.267099993943702,2075.533199997153,7896.578947368421
1782361136,2,,Aggregated,0.500000,0.000000,9,13,21,23,25,34,41,43,2100,2100,2100,324,0,9,26.371291975347386,5.267099993943702,2075.533199997153,7890.308641975309
1782361137,2,,Aggregated,0.500000,0.000000,9,13,21,23,25,34,41,43,2100,2100,2100,325,0,9,26.309196000041155,5.267099993943702,2075.533199997153,7884.076923076923
1782361138,2,,Aggregated,0.500000,0.000000,9,13,21,23,25,34,41,43,2100,2100,2100,325,0,9,26.309196000041155,5.267099993943702,2075.533199997153,7884.076923076923
1782361139,2,,Aggregated,0.500000,0.000000,9,13,21,23,25,34,41,43,2100,2100,2100,326,0,9,26.311457668750887,5.267099993943702,2075.533199997153,7892.098159509203
1782361140,2,,Aggregated,0.500000,0.000000,9,13,21,23,25,34,41,43,2100,2100,2100,326,0,9,26.311457668750887,5.267099993943702,2075.533199997153,7892.098159509203
1782361141,2,,Aggregated,0.500000,0.000000,9,13,21,23,25,34,41,43,2100,2100,2100,327,0,9,26.261097553549426,5.267099993943702,2075.533199997153,7885.899082568807
1782361142,2,,Aggregated,0.500000,0.000000,9,13,22,23,26,34,41,43,2100,2100,2100,328,0,9,26.27210548785004,5.267099993943702,2075.533199997153,7893.865853658536
1782361143,2,,Aggregated,0.500000,0.000000,9,13,22,23,26,34,41,43,2100,2100,2100,328,0,9,26.27210548785004,5.267099993943702,2075.533199997153,7893.865853658536
1782361144,2,,Aggregated,0.600000,0.000000,9,13,21,23,26,34,41,43,2100,2100,2100,329,0,9,26.21494012162596,5.267099993943702,2075.533199997153,7887.699088145897
1782361145,2,,Aggregated,0.500000,0.000000,9,13,21,23,26,34,41,43,2100,2100,2100,330,0,9,26.15284848489506,5.267099993943702,2075.533199997153,7879.212121212121
1782361146,2,,Aggregated,0.500000,0.000000,9,13,21,23,26,34,41,43,2100,2100,2100,330,0,9,26.15284848489506,5.267099993943702,2075.533199997153,7879.212121212121
1782361147,2,,Aggregated,0.500000,0.000000,9,13,21,23,26,34,41,43,2100,2100,2100,330,0,9,26.15284848489506,5.267099993943702,2075.533199997153,7879.212121212121
1782361148,2,,Aggregated,0.700000,0.000000,9,13,21,23,25,34,41,43,2100,2100,2100,331,0,9,26.096493655642856,5.267099993943702,2075.533199997153,7870.776435045317
1782361149,2,,Aggregated,0.500000,0.000000,9,13,22,23,25,34,41,43,2100,2100,2100,332,0,9,26.08782861451285,5.267099993943702,2075.533199997153,7878.692771084337
1782361150,2,,Aggregated,0.500000,0.000000,9,13,21,23,25,34,41,43,2100,2100,2100,333,0,9,26.067199699767528,5.267099993943702,2075.533199997153,7886.561561561562
1782361151,2,,Aggregated,0.500000,0.000000,9,13,21,23,25,34,41,43,2100,2100,2100,333,0,9,26.067199699767528,5.267099993943702,2075.533199997153,7886.561561561562
1782361152,2,,Aggregated,0.500000,0.000000,9,13,21,23,25,34,41,43,2100,2100,2100,333,0,9,26.067199699767528,5.267099993943702,2075.533199997153,7886.561561561562
1782361153,2,,Aggregated,0.700000,0.000000,9,13,21,23,25,34,41,43,2100,2100,2100,335,0,9,25.992709850790778,5.267099993943702,2075.533199997153,7886.002985074627
1782361154,2,,Aggregated,0.700000,0.000000,9,13,21,23,25,34,41,43,2100,2100,2100,335,0,9,25.992709850790778,5.267099993943702,2075.533199997153,7886.002985074627
1782361155,2,,Aggregated,0.700000,0.000000,9,13,21,23,25,34,41,43,2100,2100,2100,335,0,9,25.992709850790778,5.267099993943702,2075.533199997153,7886.002985074627
1782361156,2,,Aggregated,0.700000,0.000000,9,13,21,23,25,34,41,43,2100,2100,2100,335,0,9,25.992709850790778,5.267099993943702,2075.533199997153,7886.002985074627
1782361157,2,,Aggregated,0.600000,0.000000,9,13,21,23,25,34,41,43,2100,2100,2100,336,0,9,25.933031547668048,5.267099993943702,2075.533199997153,7879.988095238095
1782361158,2,,Aggregated,0.500000,0.000000,9,13,21,23,25,34,41,43,2100,2100,2100,337,0,9,25.920578041581994,5.267099993943702,2075.533199997153,7887.759643916914
1782361159,2,,Aggregated,0.500000,0.000000,9,13,21,23,25,34,41,43,2100,2100,2100,337,0,9,25.920578041581994,5.267099993943702,2075.533199997153,7887.759643916914
1782361160,2,,Aggregated,0.500000,0.000000,9,13,21,23,25,34,41,43,2100,2100,2100,337,0,9,25.920578041581994,5.267099993943702,2075.533199997153,7887.759643916914
1782361161,2,,Aggregated,0.500000,0.000000,9,13,21,23,25,34,41,43,2100,2100,2100,337,0,9,25.920578041581994,5.267099993943702,2075.533199997153,7887.759643916914
1782361162,2,,Aggregated,0.400000,0.000000,9,13,21,23,25,34,41,43,2100,2100,2100,339,0,9,25.839894690303094,5.267099993943702,2075.533199997153,7903.165191740413
1782361163,2,,Aggregated,0.400000,0.000000,9,13,21,23,25,34,41,43,2100,2100,2100,339,0,9,25.839894690303094,5.267099993943702,2075.533199997153,7903.165191740413
1782361164,2,,Aggregated,0.400000,0.000000,9,13,21,23,25,34,41,43,2100,2100,2100,339,0,9,25.839894690303094,5.267099993943702,2075.533199997153,7903.165191740413
1782361165,2,,Aggregated,0.500000,0.000000,9,13,21,23,25,34,41,43,2100,2100,2100,340,0,9,25.786609117687263,5.267099993943702,2075.533199997153,7897.170588235294
1782361166,2,,Aggregated,0.500000,0.000000,9,13,21,23,25,34,41,43,2100,2100,2100,340,0,9,25.786609117687263,5.267099993943702,2075.533199997153,7897.170588235294
1782361167,2,,Aggregated,0.400000,0.000000,9,13,21,22,25,33,41,43,2100,2100,2100,341,0,9,25.77230058655418,5.267099993943702,2075.533199997153,7904.800586510264
1782361168,2,,Aggregated,0.400000,0.000000,9,13,21,22,25,33,41,43,2100,2100,2100,341,0,9,25.77230058655418,5.267099993943702,2075.533199997153,7904.800586510264
1782361169,2,,Aggregated,0.400000,0.000000,9,13,21,22,25,33,41,43,2100,2100,2100,341,0,9,25.77230058655418,5.267099993943702,2075.533199997153,7904.800586510264
1782361170,2,,Aggregated,0.500000,0.000000,9,13,21,22,25,33,41,43,2100,2100,2100,342,0,9,25.721375731054703,5.267099993943702,2075.533199997153,7898.836257309941
1782361171,2,,Aggregated,0.400000,0.000000,9,13,21,22,25,33,41,43,2100,2100,2100,343,0,9,25.681088338244596,5.267099993943702,2075.533199997153,7906.416909620992
1782361172,2,,Aggregated,0.400000,0.000000,9,13,21,22,25,33,41,43,2100,2100,2100,343,0,9,25.681088338244596,5.267099993943702,2075.533199997153,7906.416909620992
1782361173,2,,Aggregated,0.400000,0.000000,9,13,21,22,25,33,41,43,2100,2100,2100,343,0,9,25.681088338244596,5.267099993943702,2075.533199997153,7906.416909620992
1782361174,2,,Aggregated,0.500000,0.000000,9,13,21,23,25,33,41,43,2100,2100,2100,344,0,9,25.676292441921547,5.267099993943702,2075.533199997153,7913.953488372093
1782361175,2,,Aggregated,0.400000,0.000000,9,13,21,23,25,33,41,43,2100,2100,2100,345,0,9,25.637360869618334,5.267099993943702,2075.533199997153,7921.446376811594
1782361176,2,,Aggregated,0.400000,0.000000,9,13,21,23,25,33,41,43,2100,2100,2100,345,0,9,25.637360869618334,5.267099993943702,2075.533199997153,7921.446376811594
1782361177,2,,Aggregated,0.400000,0.000000,9,13,21,23,25,33,41,43,2100,2100,2100,345,0,9,25.637360869618334,5.267099993943702,2075.533199997153,7921.446376811594
1782361178,2,,Aggregated,0.400000,0.000000,9,13,21,23,25,33,41,43,2100,2100,2100,345,0,9,25.637360869618334,5.267099993943702,2075.533199997153,7921.446376811594
1782361179,2,,Aggregated,0.500000,0.000000,9,13,21,22,25,33,41,43,2100,2100,2100,346,0,9,25.582390751510843,5.267099993943702,2075.533199997153,7915.50289017341
1782361180,2,,Aggregated,0.400000,0.000000,9,13,21,23,25,33,41,43,2100,2100,2100,347,0,9,25.578565706130888,5.267099993943702,2075.533199997153,7922.948126801152
1782361181,2,,Aggregated,0.500000,0.000000,10,13,22,23,25,33,41,43,2100,2100,2100,348,0,9,25.581003160985492,5.267099993943702,2075.533199997153,7930.350574712644
1782361182,2,,Aggregated,0.500000,0.000000,10,13,22,23,25,33,41,43,2100,2100,2100,348,0,9,25.581003160985492,5.267099993943702,2075.533199997153,7930.350574712644
1782361183,2,,Aggregated,0.500000,0.000000,10,13,22,23,25,33,41,43,2100,2100,2100,348,0,9,25.581003160985492,5.267099993943702,2075.533199997153,7930.350574712644
1782361184,2,,Aggregated,0.500000,0.000000,10,13,22,23,25,33,41,43,2100,2100,2100,348,0,9,25.581003160985492,5.267099993943702,2075.533199997153,7930.350574712644
1782361185,2,,Aggregated,0.500000,0.000000,9,13,21,23,25,33,41,43,2100,2100,2100,350,0,9,25.468274285771518,5.267099993943702,2075.533199997153,7916.325714285715
1782361186,2,,Aggregated,0.500000,0.000000,9,13,21,23,25,33,41,43,2100,2100,2100,350,0,9,25.468274285771518,5.267099993943702,2075.533199997153,7916.325714285715
1782361187,2,,Aggregated,0.500000,0.000000,9,13,21,23,25,33,39,43,2100,2100,2100,351,0,9,25.416265527118778,5.267099993943702,2075.533199997153,7908.264957264957
1782361188,2,,Aggregated,0.500000,0.000000,9,13,21,23,25,33,39,43,2100,2100,2100,352,0,9,25.361743465964537,5.267099993943702,2075.533199997153,7900.25
1782361189,2,,Aggregated,0.500000,0.000000,9,13,21,23,25,33,39,43,2100,2100,2100,352,0,9,25.361743465964537,5.267099993943702,2075.533199997153,7900.25
1782361190,2,,Aggregated,0.500000,0.000000,9,13,21,23,25,34,39,43,2100,2100,2100,353,0,9,25.39806515586044,5.267099993943702,2075.533199997153,7907.611898016997
1782361191,2,,Aggregated,0.500000,0.000000,9,13,21,23,25,34,39,43,2100,2100,2100,353,0,9,25.39806515586044,5.267099993943702,2075.533199997153,7907.611898016997
1782361192,2,,Aggregated,0.600000,0.000000,9,13,21,23,25,34,39,43,2100,2100,2100,355,0,9,25.28791239441694,5.267099993943702,2075.533199997153,7893.912676056338
1782361193,2,,Aggregated,0.600000,0.000000,9,13,21,23,25,34,39,43,2100,2100,2100,355,0,9,25.28791239441694,5.267099993943702,2075.533199997153,7893.912676056338
1782361194,2,,Aggregated,0.600000,0.000000,9,13,21,23,25,34,39,43,2100,2100,2100,355,0,9,25.28791239441694,5.267099993943702,2075.533199997153,7893.912676056338
1782361195,2,,Aggregated,0.700000,0.000000,9,13,21,23,26,35,39,43,2100,2100,2100,357,0,9,25.269650140107434,5.267099993943702,2075.533199997153,7895.526610644258
1782361196,2,,Aggregated,0.700000,0.000000,9,13,21,23,26,35,39,43,2100,2100,2100,357,0,9,25.269650140107434,5.267099993943702,2075.533199997153,7895.526610644258
1782361197,2,,Aggregated,0.700000,0.000000,9,13,21,23,26,35,39,43,2100,2100,2100,357,0,9,25.269650140107434,5.267099993943702,2075.533199997153,7895.526610644258
1782361198,2,,Aggregated,0.600000,0.000000,9,13,21,23,26,35,39,43,2100,2100,2100,358,0,9,25.23236508385601,5.267099993943702,2075.533199997153,7902.7988826815645
1782361199,2,,Aggregated,0.700000,0.000000,9,13,21,23,26,35,39,43,2100,2100,2100,359,0,9,25.19302813376869,5.267099993943702,2075.533199997153,7910.030640668524
1782361200,2,,Aggregated,0.700000,0.000000,9,13,21,23,26,35,39,43,2100,2100,2100,359,0,9,25.19302813376869,5.267099993943702,2075.533199997153,7910.030640668524
1782361201,2,,Aggregated,0.700000,0.000000,9,13,21,23,26,35,39,43,2100,2100,2100,359,0,9,25.19302813376869,5.267099993943702,2075.533199997153,7910.030640668524
1782361202,2,,Aggregated,0.600000,0.000000,9,13,21,23,26,35,39,43,2100,2100,2100,360,0,9,25.14130666673332,5.267099993943702,2075.533199997153,7904.35
1782361203,2,,Aggregated,0.600000,0.000000,9,13,21,23,26,35,39,43,2100,2100,2100,360,0,9,25.14130666673332,5.267099993943702,2075.533199997153,7904.35
1782361204,2,,Aggregated,0.600000,0.000000,9,13,21,23,25,34,39,43,2100,2100,2100,361,0,9,25.094166482054472,5.267099993943702,2075.533199997153,7898.700831024931
1782361205,2,,Aggregated,0.600000,0.000000,9,13,21,23,25,34,39,43,2100,2100,2100,362,0,9,25.040962707239412,5.267099993943702,2075.533199997153,7893.082872928177
1782361206,2,,Aggregated,0.600000,0.000000,9,13,21,23,25,34,39,43,2100,2100,2100,362,0,9,25.040962707239412,5.267099993943702,2075.533199997153,7893.082872928177
1782361207,2,,Aggregated,0.600000,0.000000,9,13,21,23,25,34,39,43,2100,2100,2100,362,0,9,25.040962707239412,5.267099993943702,2075.533199997153,7893.082872928177
1782361208,2,,Aggregated,0.700000,0.000000,9,13,21,23,25,34,39,43,2100,2100,2100,363,0,9,25.037188980762544,5.267099993943702,2075.533199997153,7900.261707988981
1782361209,2,,Aggregated,0.500000,0.000000,9,13,21,23,25,34,39,43,2100,2100,2100,364,0,9,24.986964835209488,5.267099993943702,2075.533199997153,7892.5329670329675
1782361210,2,,Aggregated,0.500000,0.000000,9,13,21,23,25,34,39,43,2100,2100,2100,364,0,9,24.986964835209488,5.267099993943702,2075.533199997153,7892.5329670329675
1782361211,2,,Aggregated,0.600000,0.000000,9,13,21,23,25,34,39,43,2100,2100,2100,365,0,9,24.941108219225075,5.267099993943702,2075.533199997153,7886.978082191781
1782361212,2,,Aggregated,0.600000,0.000000,9,13,21,23,25,34,39,43,2100,2100,2100,365,0,9,24.941108219225075,5.267099993943702,2075.533199997153,7886.978082191781
1782361213,2,,Aggregated,0.600000,0.000000,9,13,21,23,25,34,39,43,2100,2100,2100,365,0,9,24.941108219225075,5.267099993943702,2075.533199997153,7886.978082191781
1782361214,2,,Aggregated,0.600000,0.000000,9,13,21,23,26,35,39,43,2100,2100,2100,367,0,9,24.916947956445338,5.267099993943702,2075.533199997153,7888.58583106267
1782361215,2,,Aggregated,0.600000,0.000000,9,13,21,23,26,35,39,43,2100,2100,2100,367,0,9,24.916947956445338,5.267099993943702,2075.533199997153,7888.58583106267
1782361216,2,,Aggregated,0.500000,0.000000,9,13,21,23,26,35,39,43,2100,2100,2100,368,0,9,24.86773994567794,5.267099993943702,2075.533199997153,7880.972826086957
1782361217,2,,Aggregated,0.500000,0.000000,9,13,21,23,26,35,39,43,2100,2100,2100,369,0,9,24.822612466149568,5.267099993943702,2075.533199997153,7875.509485094851
1782361218,2,,Aggregated,0.500000,0.000000,9,13,21,23,26,35,39,43,2100,2100,2100,369,0,9,24.822612466149568,5.267099993943702,2075.533199997153,7875.509485094851
1782361219,2,,Aggregated,0.600000,0.000000,9,13,21,23,26,35,39,43,2100,2100,2100,370,0,9,24.773585135148636,5.267099993943702,2075.533199997153,7870.0756756756755
1782361220,2,,Aggregated,0.600000,0.000000,9,13,21,23,26,35,39,43,2100,2100,2100,370,0,9,24.773585135148636,5.267099993943702,2075.533199997153,7870.0756756756755
1782361221,2,,Aggregated,0.500000,0.000000,9,13,21,23,25,35,39,43,2100,2100,2100,371,0,9,24.764129919153884,5.267099993943702,2075.533199997153,7877.161725067385
1782361222,2,,Aggregated,0.500000,0.000000,9,13,21,23,25,35,39,43,2100,2100,2100,371,0,9,24.764129919153884,5.267099993943702,2075.533199997153,7877.161725067385
1782361223,2,,Aggregated,0.500000,0.000000,9,13,21,23,25,35,39,43,2100,2100,2100,371,0,9,24.764129919153884,5.267099993943702,2075.533199997153,7877.161725067385
1782361224,2,,Aggregated,0.600000,0.000000,9,13,21,23,26,35,39,43,2100,2100,2100,372,0,9,24.77170537635155,5.267099993943702,2075.533199997153,7884.209677419355
1782361225,2,,Aggregated,0.600000,0.000000,9,13,21,23,26,35,39,43,2100,2100,2100,373,0,9,24.72103136730812,5.267099993943702,2075.533199997153,7878.796246648793
1782361226,2,,Aggregated,0.600000,0.000000,9,13,21,23,26,35,39,43,2100,2100,2100,373,0,9,24.72103136730812,5.267099993943702,2075.533199997153,7878.796246648793
1782361227,2,,Aggregated,0.600000,0.000000,9,13,21,23,26,35,39,43,2100,2100,2100,373,0,9,24.72103136730812,5.267099993943702,2075.533199997153,7878.796246648793
1782361228,2,,Aggregated,0.600000,0.000000,9,13,21,23,26,35,39,43,2100,2100,2100,373,0,9,24.72103136730812,5.267099993943702,2075.533199997153,7878.796246648793
1782361229,2,,Aggregated,0.500000,0.000000,9,13,21,23,26,35,39,43,2100,2100,2100,374,0,9,24.75780427809506,5.267099993943702,2075.533199997153,7885.802139037433
1782361230,2,,Aggregated,0.400000,0.000000,9,13,21,23,26,35,39,43,2100,2100,2100,375,0,9,24.7115773333547,5.267099993943702,2075.533199997153,7878.3386666666665
1782361231,2,,Aggregated,0.400000,0.000000,9,13,21,23,26,35,39,43,2100,2100,2100,375,0,9,24.7115773333547,5.267099993943702,2075.533199997153,7878.3386666666665
1782361232,2,,Aggregated,0.400000,0.000000,9,13,21,23,26,35,39,43,2100,2100,2100,375,0,9,24.7115773333547,5.267099993943702,2075.533199997153,7878.3386666666665
1782361233,2,,Aggregated,0.500000,0.000000,9,13,21,23,26,35,39,43,2100,2100,2100,376,0,9,24.66243803194223,5.267099993943702,2075.533199997153,7872.984042553191
1782361234,2,,Aggregated,0.400000,0.000000,9,13,21,23,26,35,39,43,2100,2100,2100,377,0,9,24.61277453582941,5.267099993943702,2075.533199997153,7867.657824933687
1782361235,2,,Aggregated,0.400000,0.000000,9,13,21,23,26,35,39,43,2100,2100,2100,377,0,9,24.61277453582941,5.267099993943702,2075.533199997153,7867.657824933687
1782361236,2,,Aggregated,0.500000,0.000000,9,13,21,23,26,35,39,43,2100,2100,2100,378,0,9,24.60397777779945,5.267099993943702,2075.533199997153,7874.619047619048
1782361237,2,,Aggregated,0.500000,0.000000,9,13,21,23,26,35,39,43,2100,2100,2100,379,0,9,24.570831662288278,5.267099993943702,2075.533199997153,7881.543535620052
1782361238,2,,Aggregated,0.500000,0.000000,9,13,21,23,26,35,39,43,2100,2100,2100,379,0,9,24.570831662288278,5.267099993943702,2075.533199997153,7881.543535620052
1782361239,2,,Aggregated,0.500000,0.000000,9,13,21,23,26,35,39,43,2100,2100,2100,379,0,9,24.570831662288278,5.267099993943702,2075.533199997153,7881.543535620052
1782361240,2,,Aggregated,0.600000,0.000000,9,13,21,23,26,35,39,43,2100,2100,2100,381,0,9,24.534553805796374,5.267099993943702,2075.533199997153,7883.120734908137
1782361241,2,,Aggregated,0.600000,0.000000,9,13,21,23,26,35,39,43,2100,2100,2100,381,0,9,24.534553805796374,5.267099993943702,2075.533199997153,7883.120734908137
1782361243,2,,Aggregated,0.600000,0.000000,9,13,21,23,26,35,39,43,2100,2100,2100,381,0,9,24.534553805796374,5.267099993943702,2075.533199997153,7883.120734908137
1782361244,2,,Aggregated,0.600000,0.000000,9,13,21,23,26,35,39,43,2100,2100,2100,382,0,9,24.485911256568176,5.267099993943702,2075.533199997153,7877.837696335078
1782361245,2,,Aggregated,0.600000,0.000000,9,13,21,23,26,35,39,43,2100,2100,2100,383,0,9,24.483922193233866,5.267099993943702,2075.533199997153,7884.681462140992
1782361246,2,,Aggregated,0.600000,0.000000,9,13,21,23,26,35,39,43,2100,2100,2100,383,0,9,24.483922193233866,5.267099993943702,2075.533199997153,7884.681462140992
1782361247,2,,Aggregated,0.600000,0.000000,9,13,21,23,26,35,39,43,2100,2100,2100,384,0,9,24.440079427108685,5.267099993943702,2075.533199997153,7879.421875
1782361248,2,,Aggregated,0.600000,0.000000,9,13,21,23,26,35,39,43,2100,2100,2100,384,0,9,24.440079427108685,5.267099993943702,2075.533199997153,7879.421875
1782361249,2,,Aggregated,0.600000,0.000000,9,13,21,23,26,35,39,43,2100,2100,2100,385,0,9,24.4066296104121,5.267099993943702,2075.533199997153,7886.225974025974
1782361250,2,,Aggregated,0.600000,0.000000,9,13,21,23,26,35,39,43,2100,2100,2100,385,0,9,24.4066296104121,5.267099993943702,2075.533199997153,7886.225974025974
1782361251,2,,Aggregated,0.600000,0.000000,9,13,21,23,27,35,41,46,2100,2100,2100,386,0,9,24.462254922294903,5.267099993943702,2075.533199997153,7892.99481865285
1782361252,2,,Aggregated,0.600000,0.000000,9,13,21,23,27,35,41,46,2100,2100,2100,387,0,9,24.41441188631438,5.267099993943702,2075.533199997153,7885.7441860465115
1782361253,2,,Aggregated,0.600000,0.000000,9,13,21,23,27,35,41,46,2100,2100,2100,387,0,9,24.41441188631438,5.267099993943702,2075.533199997153,7885.7441860465115
1782361254,2,,Aggregated,0.400000,0.000000,9,13,21,23,27,35,41,46,2100,2100,2100,388,0,9,24.37016829898096,5.267099993943702,2075.533199997153,7880.5360824742265
1782361255,2,,Aggregated,0.400000,0.000000,9,13,21,23,27,35,41,46,2100,2100,2100,388,0,9,24.37016829898096,5.267099993943702,2075.533199997153,7880.5360824742265
1782361256,2,,Aggregated,0.600000,0.000000,9,13,21,23,27,35,41,46,2100,2100,2100,389,0,9,24.368267352200487,5.267099993943702,2075.533199997153,7887.26735218509
1782361257,2,,Aggregated,0.600000,0.000000,9,13,21,23,27,35,41,46,2100,2100,2100,390,0,9,24.321859487192853,5.267099993943702,2075.533199997153,7880.087179487179
1782361258,2,,Aggregated,0.600000,0.000000,9,13,21,23,27,35,41,46,2100,2100,2100,390,0,9,24.321859487192853,5.267099993943702,2075.533199997153,7880.087179487179
1782361259,2,,Aggregated,0.600000,0.000000,9,13,21,23,27,35,41,46,2100,2100,2100,390,0,9,24.321859487192853,5.267099993943702,2075.533199997153,7880.087179487179
1782361260,2,,Aggregated,0.600000,0.000000,9,13,21,23,27,35,41,46,2100,2100,2100,390,0,9,24.321859487192853,5.267099993943702,2075.533199997153,7880.087179487179
1782361261,2,,Aggregated,0.600000,0.000000,9,13,22,23,27,35,41,46,2100,2100,2100,392,0,9,24.294437500003017,5.267099993943702,2075.533199997153,7893.448979591837
1782361262,2,,Aggregated,0.600000,0.000000,9,13,22,23,27,35,41,46,2100,2100,2100,392,0,9,24.294437500003017,5.267099993943702,2075.533199997153,7893.448979591837
1782361263,2,,Aggregated,0.600000,0.000000,9,13,22,23,27,35,41,46,2100,2100,2100,392,0,9,24.294437500003017,5.267099993943702,2075.533199997153,7893.448979591837
1782361264,2,,Aggregated,0.600000,0.000000,9,13,22,23,27,35,41,46,2100,2100,2100,392,0,9,24.294437500003017,5.267099993943702,2075.533199997153,7893.448979591837
1782361265,2,,Aggregated,0.500000,0.000000,9,13,21,23,27,35,41,46,2100,2100,2100,394,0,9,24.20843807107451,5.267099993943702,2075.533199997153,7881.177664974619
1782361266,2,,Aggregated,0.500000,0.000000,9,13,21,23,27,35,41,46,2100,2100,2100,394,0,9,24.20843807107451,5.267099993943702,2075.533199997153,7881.177664974619
1782361267,2,,Aggregated,0.500000,0.000000,9,13,21,23,27,35,41,46,2100,2100,2100,394,0,9,24.20843807107451,5.267099993943702,2075.533199997153,7881.177664974619
1782361268,2,,Aggregated,0.600000,0.000000,9,13,21,23,27,35,41,46,2100,2100,2100,395,0,9,24.16422911392837,5.267099993943702,2075.533199997153,7876.073417721519
1782361269,2,,Aggregated,0.400000,0.000000,9,13,21,23,27,35,41,46,2100,2100,2100,396,0,9,24.118111363625786,5.267099993943702,2075.533199997153,7869.030303030303
1782361270,2,,Aggregated,0.400000,0.000000,9,13,21,23,27,35,41,46,2100,2100,2100,396,0,9,24.118111363625786,5.267099993943702,2075.533199997153,7869.030303030303
1782361271,2,,Aggregated,0.400000,0.000000,9,13,21,23,27,35,41,46,2100,2100,2100,396,0,9,24.118111363625786,5.267099993943702,2075.533199997153,7869.030303030303
1782361272,2,,Aggregated,0.500000,0.000000,9,13,21,23,27,35,41,46,2100,2100,2100,397,0,9,24.072696725426326,5.267099993943702,2075.533199997153,7863.982367758186
1782361273,2,,Aggregated,0.500000,0.000000,9,13,21,23,27,35,41,46,2100,2100,2100,397,0,9,24.072696725426326,5.267099993943702,2075.533199997153,7863.982367758186
1782361274,2,,Aggregated,0.400000,0.000000,9,13,21,23,27,36,41,46,2100,2100,2100,398,0,9,24.114166331636437,5.267099993943702,2075.533199997153,7870.603015075377
1782361275,2,,Aggregated,0.400000,0.000000,9,13,21,23,27,36,41,46,2100,2100,2100,398,0,9,24.114166331636437,5.267099993943702,2075.533199997153,7870.603015075377
1782361276,2,,Aggregated,0.600000,0.000000,9,13,21,23,27,36,41,46,2100,2100,2100,400,0,9,24.04744049998044,5.267099993943702,2075.533199997153,7870.215
1782361277,2,,Aggregated,0.600000,0.000000,9,13,21,23,27,36,41,46,2100,2100,2100,400,0,9,24.04744049998044,5.267099993943702,2075.533199997153,7870.215
1782361278,2,,Aggregated,0.400000,0.000000,9,13,21,23,27,35,41,43,2100,2100,2100,401,0,9,24.004049875294182,5.267099993943702,2075.533199997153,7865.214463840399
1782361279,2,,Aggregated,0.400000,0.000000,9,13,21,23,27,35,41,43,2100,2100,2100,401,0,9,24.004049875294182,5.267099993943702,2075.533199997153,7865.214463840399
1782361280,2,,Aggregated,0.600000,0.000000,9,13,21,23,27,35,41,43,2100,2100,2100,402,0,9,23.999255223859123,5.267099993943702,2075.533199997153,7871.766169154229
1782361281,2,,Aggregated,0.600000,0.000000,9,13,21,23,27,35,41,43,2100,2100,2100,403,0,9,23.971079900721694,5.267099993943702,2075.533199997153,7878.285359801489
1782361282,2,,Aggregated,0.600000,0.000000,9,13,21,23,27,35,41,43,2100,2100,2100,403,0,9,23.971079900721694,5.267099993943702,2075.533199997153,7878.285359801489
1782361283,2,,Aggregated,0.600000,0.000000,9,13,21,23,27,35,41,43,2100,2100,2100,405,0,9,23.89758493825664,5.267099993943702,2075.533199997153,7877.864197530864
1782361284,2,,Aggregated,0.600000,0.000000,9,13,21,23,27,35,41,43,2100,2100,2100,405,0,9,23.89758493825664,5.267099993943702,2075.533199997153,7877.864197530864
1782361285,2,,Aggregated,0.600000,0.000000,9,13,21,23,27,35,41,43,2100,2100,2100,405,0,9,23.89758493825664,5.267099993943702,2075.533199997153,7877.864197530864
1782361286,2,,Aggregated,0.600000,0.000000,9,13,21,23,27,35,41,43,2100,2100,2100,406,0,9,23.893784729045876,5.267099993943702,2075.533199997153,7884.320197044335
1782361287,2,,Aggregated,0.700000,0.000000,9,13,21,23,27,35,41,43,2100,2100,2100,407,0,9,23.849679361150717,5.267099993943702,2075.533199997153,7879.358722358722
1782361288,2,,Aggregated,0.700000,0.000000,9,13,21,23,27,35,41,43,2100,2100,2100,407,0,9,23.849679361150717,5.267099993943702,2075.533199997153,7879.358722358722
1782361289,2,,Aggregated,0.700000,0.000000,9,13,21,23,27,35,41,43,2100,2100,2100,407,0,9,23.849679361150717,5.267099993943702,2075.533199997153,7879.358722358722
1782361290,2,,Aggregated,0.600000,0.000000,9,13,21,23,27,35,41,43,2100,2100,2100,408,0,9,23.80935784312183,5.267099993943702,2075.533199997153,7872.514705882353
1782361291,2,,Aggregated,0.600000,0.000000,9,13,21,23,27,35,41,43,2100,2100,2100,409,0,9,23.767704400966856,5.267099993943702,2075.533199997153,7867.606356968216
1782361292,2,,Aggregated,0.600000,0.000000,9,13,21,23,27,35,41,43,2100,2100,2100,409,0,9,23.767704400966856,5.267099993943702,2075.533199997153,7867.606356968216
1782361293,2,,Aggregated,0.600000,0.000000,9,13,21,23,27,35,41,43,2100,2100,2100,409,0,9,23.767704400966856,5.267099993943702,2075.533199997153,7867.606356968216
1782361294,2,,Aggregated,0.600000,0.000000,9,13,21,23,27,35,41,43,2100,2100,2100,410,0,9,23.727396829248967,5.267099993943702,2075.533199997153,7862.721951219512
1782361295,2,,Aggregated,0.600000,0.000000,9,13,21,23,27,35,41,43,2100,2100,2100,410,0,9,23.727396829248967,5.267099993943702,2075.533199997153,7862.721951219512
1782361296,2,,Aggregated,0.600000,0.000000,9,13,21,23,27,36,41,43,2100,2100,2100,411,0,9,23.770130170296643,5.267099993943702,2075.533199997153,7869.136253041363
1782361297,2,,Aggregated,0.400000,0.000000,9,13,21,23,27,36,41,43,2100,2100,2100,412,0,9,23.759147087368493,5.267099993943702,2075.533199997153,7875.519417475728
1782361298,2,,Aggregated,0.400000,0.000000,9,13,21,23,27,36,41,43,2100,2100,2100,412,0,9,23.759147087368493,5.267099993943702,2075.533199997153,7875.519417475728
1782361299,2,,Aggregated,0.400000,0.000000,9,13,21,23,27,36,41,43,2100,2100,2100,412,0,9,23.759147087368493,5.267099993943702,2075.533199997153,7875.519417475728
1782361300,2,,Aggregated,0.500000,0.000000,9,13,21,23,27,36,41,43,2100,2100,2100,413,0,9,23.71919661014835,5.267099993943702,2075.533199997153,7868.767554479419
1782361301,2,,Aggregated,0.500000,0.000000,9,13,21,23,27,36,41,43,2100,2100,2100,414,0,9,23.751698067620005,5.267099993943702,2075.533199997153,7875.12077294686
1782361302,2,,Aggregated,0.500000,0.000000,9,13,21,23,27,36,41,43,2100,2100,2100,414,0,9,23.751698067620005,5.267099993943702,2075.533199997153,7875.12077294686
1782361303,2,,Aggregated,0.500000,0.000000,9,13,21,23,27,36,41,43,2100,2100,2100,414,0,9,23.751698067620005,5.267099993943702,2075.533199997153,7875.12077294686
1782361304,2,,Aggregated,0.400000,0.000000,9,13,21,23,27,36,41,43,2100,2100,2100,415,0,9,23.7103995180679,5.267099993943702,2075.533199997153,7868.402409638554
1782361305,2,,Aggregated,0.500000,0.000000,9,13,21,23,27,36,41,43,2100,2100,2100,416,0,9,23.668822355760383,5.267099993943702,2075.533199997153,7863.586538461538
1782361306,2,,Aggregated,0.500000,0.000000,9,13,21,23,27,36,41,43,2100,2100,2100,416,0,9,23.668822355760383,5.267099993943702,2075.533199997153,7863.586538461538
1782361307,2,,Aggregated,0.600000,0.000000,9,13,21,23,27,36,41,43,2100,2100,2100,417,0,9,23.688338369294264,5.267099993943702,2075.533199997153,7869.906474820144
1782361308,2,,Aggregated,0.600000,0.000000,9,13,21,23,27,36,41,43,2100,2100,2100,417,0,9,23.688338369294264,5.267099993943702,2075.533199997153,7869.906474820144
1782361309,2,,Aggregated,0.500000,0.000000,9,13,21,23,27,36,41,43,2100,2100,2100,418,0,9,23.646669856443363,5.267099993943702,2075.533199997153,7865.11004784689
1782361310,2,,Aggregated,0.500000,0.000000,9,13,21,23,27,36,41,43,2100,2100,2100,419,0,9,23.620711933149202,5.267099993943702,2075.533199997153,7871.396181384248
1782361311,2,,Aggregated,0.500000,0.000000,9,13,21,23,27,36,41,43,2100,2100,2100,419,0,9,23.620711933149202,5.267099993943702,2075.533199997153,7871.396181384248
1782361312,2,,Aggregated,0.500000,0.000000,9,13,21,23,27,36,41,43,2100,2100,2100,419,0,9,23.620711933149202,5.267099993943702,2075.533199997153,7871.396181384248
1782361313,2,,Aggregated,0.500000,0.000000,9,13,21,23,27,36,41,43,2100,2100,2100,420,0,9,23.581786190455507,5.267099993943702,2075.533199997153,7864.766666666666
1782361314,2,,Aggregated,0.500000,0.000000,9,13,21,23,27,36,41,43,2100,2100,2100,420,0,9,23.581786190455507,5.267099993943702,2075.533199997153,7864.766666666666
1782361315,2,,Aggregated,0.600000,0.000000,9,13,21,23,27,36,41,46,2100,2100,2100,422,0,9,23.62870616110809,5.267099993943702,2075.533199997153,7877.251184834123
1782361316,2,,Aggregated,0.600000,0.000000,9,13,21,23,27,36,41,46,2100,2100,2100,422,0,9,23.62870616110809,5.267099993943702,2075.533199997153,7877.251184834123
1782361317,2,,Aggregated,0.600000,0.000000,9,13,21,23,27,36,41,46,2100,2100,2100,422,0,9,23.62870616110809,5.267099993943702,2075.533199997153,7877.251184834123
1782361318,2,,Aggregated,0.600000,0.000000,9,13,21,23,27,36,41,46,2100,2100,2100,424,0,9,23.57025919807814,5.267099993943702,2075.533199997153,7876.853773584906
1782361319,2,,Aggregated,0.600000,0.000000,9,13,21,23,27,36,41,46,2100,2100,2100,424,0,9,23.57025919807814,5.267099993943702,2075.533199997153,7876.853773584906
1782361320,2,,Aggregated,0.600000,0.000000,9,13,21,23,27,36,41,46,2100,2100,2100,426,0,9,23.54297276990127,5.267099993943702,2075.533199997153,7889.164319248826
1782361321,2,,Aggregated,0.600000,0.000000,9,13,21,23,27,36,41,46,2100,2100,2100,426,0,9,23.54297276990127,5.267099993943702,2075.533199997153,7889.164319248826
1782361322,2,,Aggregated,0.600000,0.000000,9,13,21,23,27,36,41,46,2100,2100,2100,426,0,9,23.54297276990127,5.267099993943702,2075.533199997153,7889.164319248826
1782361323,2,,Aggregated,0.700000,0.000000,9,13,21,23,27,36,41,46,2100,2100,2100,428,0,9,23.47487196255604,5.267099993943702,2075.533199997153,7890.532710280374
1782361324,2,,Aggregated,0.700000,0.000000,9,13,21,23,27,36,41,46,2100,2100,2100,428,0,9,23.47487196255604,5.267099993943702,2075.533199997153,7890.532710280374
1782361325,2,,Aggregated,0.700000,0.000000,9,13,21,23,27,36,41,46,2100,2100,2100,428,0,9,23.47487196255604,5.267099993943702,2075.533199997153,7890.532710280374
1782361326,2,,Aggregated,0.700000,0.000000,9,13,21,23,27,36,41,46,2100,2100,2100,428,0,9,23.47487196255604,5.267099993943702,2075.533199997153,7890.532710280374
1782361327,2,,Aggregated,0.800000,0.000000,9,13,21,23,27,36,41,46,2100,2100,2100,429,0,9,23.474776223717754,5.267099993943702,2075.533199997153,7896.613053613054
1782361328,2,,Aggregated,0.700000,0.000000,9,13,21,23,27,36,41,46,2100,2100,2100,430,0,9,23.434591627859803,5.267099993943702,2075.533199997153,7890.079069767442
1782361329,2,,Aggregated,0.700000,0.000000,9,13,21,23,27,36,41,46,2100,2100,2100,430,0,9,23.434591627859803,5.267099993943702,2075.533199997153,7890.079069767442
1782361330,2,,Aggregated,0.700000,0.000000,9,13,21,23,27,36,41,46,2100,2100,2100,430,0,9,23.434591627859803,5.267099993943702,2075.533199997153,7890.079069767442
1782361331,2,,Aggregated,0.600000,0.000000,9,13,21,23,27,36,41,46,2100,2100,2100,432,0,9,23.37489675919305,5.267099993943702,2075.533199997153,7891.430555555556
1782361332,2,,Aggregated,0.600000,0.000000,9,13,21,23,27,36,41,46,2100,2100,2100,432,0,9,23.37489675919305,5.267099993943702,2075.533199997153,7891.430555555556
1782361333,2,,Aggregated,0.600000,0.000000,9,13,21,23,27,36,41,46,2100,2100,2100,432,0,9,23.37489675919305,5.267099993943702,2075.533199997153,7891.430555555556
1782361334,2,,Aggregated,0.600000,0.000000,9,13,21,23,27,36,41,46,2100,2100,2100,433,0,9,23.335320554217557,5.267099993943702,2075.533199997153,7884.953810623557
1782361335,2,,Aggregated,0.600000,0.000000,9,13,21,23,27,36,41,46,2100,2100,2100,433,0,9,23.335320554217557,5.267099993943702,2075.533199997153,7884.953810623557
1782361336,2,,Aggregated,0.400000,0.000000,9,13,21,23,27,37,42,46,2100,2100,2100,434,0,9,23.377579723445653,5.267099993943702,2075.533199997153,7890.976958525345
1782361337,2,,Aggregated,0.400000,0.000000,9,13,21,23,27,37,42,46,2100,2100,2100,434,0,9,23.377579723445653,5.267099993943702,2075.533199997153,7890.976958525345
1782361338,2,,Aggregated,0.500000,0.000000,9,13,21,23,27,37,42,46,2100,2100,2100,436,0,9,23.305066284342292,5.267099993943702,2075.533199997153,7878.114678899083
1782361339,2,,Aggregated,0.500000,0.000000,9,13,21,23,27,37,42,46,2100,2100,2100,436,0,9,23.305066284342292,5.267099993943702,2075.533199997153,7878.114678899083
1782361340,2,,Aggregated,0.500000,0.000000,9,13,21,23,27,37,42,46,2100,2100,2100,436,0,9,23.305066284342292,5.267099993943702,2075.533199997153,7878.114678899083
1782361341,2,,Aggregated,0.600000,0.000000,9,13,21,23,27,37,42,46,2100,2100,2100,437,0,9,23.26677414181776,5.267099993943702,2075.533199997153,7873.508009153318
1782361342,2,,Aggregated,0.600000,0.000000,9,13,21,23,27,37,42,46,2100,2100,2100,438,0,9,23.228012785328403,5.267099993943702,2075.533199997153,7867.146118721461
1782361343,2,,Aggregated,0.600000,0.000000,9,13,21,23,27,37,42,46,2100,2100,2100,438,0,9,23.228012785328403,5.267099993943702,2075.533199997153,7867.146118721461
1782361344,2,,Aggregated,0.600000,0.000000,9,13,21,23,27,37,42,46,2100,2100,2100,440,0,9,23.15450772720479,5.267099993943702,2075.533199997153,7854.509090909091
1782361345,2,,Aggregated,0.600000,0.000000,9,13,21,23,27,37,42,46,2100,2100,2100,440,0,9,23.15450772720479,5.267099993943702,2075.533199997153,7854.509090909091
1782361346,2,,Aggregated,0.700000,0.000000,9,13,21,23,27,36,42,46,2100,2100,2100,441,0,9,23.12288276636099,5.267099993943702,2075.533199997153,7848.233560090703
1782361347,2,,Aggregated,0.700000,0.000000,9,13,21,23,27,36,42,46,2100,2100,2100,441,0,9,23.12288276636099,5.267099993943702,2075.533199997153,7848.233560090703
1782361348,2,,Aggregated,0.700000,0.000000,9,13,21,23,27,36,42,46,2100,2100,2100,442,0,9,23.118795927528243,5.267099993943702,2075.533199997153,7854.2307692307695
1782361349,2,,Aggregated,0.700000,0.000000,9,13,21,23,27,36,42,46,2100,2100,2100,443,0,9,23.084065011226436,5.267099993943702,2075.533199997153,7847.984198645599
1782361350,2,,Aggregated,0.700000,0.000000,9,13,21,23,27,36,42,46,2100,2100,2100,443,0,9,23.084065011226436,5.267099993943702,2075.533199997153,7847.984198645599
1782361351,2,,Aggregated,0.700000,0.000000,9,13,21,23,27,36,42,46,2100,2100,2100,443,0,9,23.084065011226436,5.267099993943702,2075.533199997153,7847.984198645599
1782361352,2,,Aggregated,0.700000,0.000000,9,13,21,23,27,36,42,46,2100,2100,2100,445,0,9,23.032601572981292,5.267099993943702,2075.533199997153,7859.898876404494
1782361353,2,,Aggregated,0.700000,0.000000,9,13,21,23,27,36,42,46,2100,2100,2100,445,0,9,23.032601572981292,5.267099993943702,2075.533199997153,7859.898876404494
1782361354,2,,Aggregated,0.700000,0.000000,9,13,21,23,27,36,42,46,2100,2100,2100,445,0,9,23.032601572981292,5.267099993943702,2075.533199997153,7859.898876404494
1782361355,2,,Aggregated,0.700000,0.000000,9,13,21,22,27,36,42,46,2100,2100,2100,446,0,9,23.030948654652313,5.267099993943702,2075.533199997153,7865.816143497758
1782361356,2,,Aggregated,0.600000,0.000000,9,13,21,22,27,36,42,46,2100,2100,2100,447,0,9,22.995731319869623,5.267099993943702,2075.533199997153,7861.340044742729
1782361357,2,,Aggregated,0.600000,0.000000,9,13,21,22,27,36,42,46,2100,2100,2100,447,0,9,22.995731319869623,5.267099993943702,2075.533199997153,7861.340044742729
1782361358,2,,Aggregated,0.600000,0.000000,9,13,21,22,27,36,42,46,2100,2100,2100,448,0,9,22.96257901780661,5.267099993943702,2075.533199997153,7856.883928571428
1782361359,2,,Aggregated,0.600000,0.000000,9,13,21,22,27,36,42,46,2100,2100,2100,449,0,9,22.926285746053612,5.267099993943702,2075.533199997153,7852.447661469933
1782361360,2,,Aggregated,0.600000,0.000000,9,13,21,22,27,36,42,46,2100,2100,2100,450,0,9,22.92164288883214,5.267099993943702,2075.533199997153,7858.328888888889
1782361361,2,,Aggregated,0.600000,0.000000,9,13,21,22,27,36,41,46,2100,2100,2100,451,0,9,22.884009090845783,5.267099993943702,2075.533199997153,7853.909090909091
1782361362,2,,Aggregated,0.600000,0.000000,9,13,21,22,27,36,41,46,2100,2100,2100,451,0,9,22.884009090845783,5.267099993943702,2075.533199997153,7853.909090909091
1782361363,2,,Aggregated,0.600000,0.000000,9,13,21,22,27,36,41,46,2100,2100,2100,451,0,9,22.884009090845783,5.267099993943702,2075.533199997153,7853.909090909091
1782361364,2,,Aggregated,0.700000,0.000000,9,13,21,22,27,36,41,46,2100,2100,2100,452,0,9,22.846226106135486,5.267099993943702,2075.533199997153,7849.508849557522
1782361365,2,,Aggregated,0.700000,0.000000,9,13,21,22,27,36,41,46,2100,2100,2100,453,0,9,22.809733112519208,5.267099993943702,2075.533199997153,7845.128035320088
1782361366,2,,Aggregated,0.700000,0.000000,9,13,21,22,27,36,41,46,2100,2100,2100,453,0,9,22.809733112519208,5.267099993943702,2075.533199997153,7845.128035320088
1782361367,2,,Aggregated,0.800000,0.000000,9,13,21,22,27,36,41,46,2100,2100,2100,455,0,9,22.774628791136152,5.267099993943702,2075.533199997153,7846.608791208791
1782361368,2,,Aggregated,0.800000,0.000000,9,13,21,22,27,36,41,46,2100,2100,2100,455,0,9,22.774628791136152,5.267099993943702,2075.533199997153,7846.608791208791
1782361369,2,,Aggregated,0.700000,0.000000,9,13,21,22,27,36,41,46,2100,2100,2100,456,0,9,22.738400657816097,5.267099993943702,2075.533199997153,7842.263157894737
1782361370,2,,Aggregated,0.800000,0.000000,9,13,21,22,27,36,41,46,2100,2100,2100,457,0,9,22.702412034921895,5.267099993943702,2075.533199997153,7837.936542669584
1782361371,2,,Aggregated,0.700000,0.000000,9,13,21,22,27,36,41,46,2100,2100,2100,458,0,9,22.704510043584133,5.267099993943702,2075.533199997153,7843.74672489083
1782361372,2,,Aggregated,0.700000,0.000000,9,13,21,22,27,36,41,46,2100,2100,2100,458,0,9,22.704510043584133,5.267099993943702,2075.533199997153,7843.74672489083
1782361373,2,,Aggregated,0.700000,0.000000,9,13,21,22,27,36,41,46,2100,2100,2100,458,0,9,22.704510043584133,5.267099993943702,2075.533199997153,7843.74672489083
1782361374,2,,Aggregated,0.700000,0.000000,9,13,21,22,27,36,41,46,2100,2100,2100,460,0,9,22.636873260790193,5.267099993943702,2075.533199997153,7835.143478260869
1782361375,2,,Aggregated,0.700000,0.000000,9,13,21,22,27,36,41,46,2100,2100,2100,460,0,9,22.636873260790193,5.267099993943702,2075.533199997153,7835.143478260869
1782361376,2,,Aggregated,0.700000,0.000000,9,13,21,22,26,36,41,46,2100,2100,2100,461,0,9,22.600670064995324,5.267099993943702,2075.533199997153,7830.869848156182
1782361377,2,,Aggregated,0.700000,0.000000,9,13,21,22,26,36,41,46,2100,2100,2100,461,0,9,22.600670064995324,5.267099993943702,2075.533199997153,7830.869848156182
1782361378,2,,Aggregated,0.700000,0.000000,9,13,21,22,26,36,41,46,2100,2100,2100,462,0,9,22.564843939320568,5.267099993943702,2075.533199997153,7826.614718614718
1782361379,2,,Aggregated,0.700000,0.000000,9,13,21,22,26,36,41,46,2100,2100,2100,463,0,9,22.568311447009382,5.267099993943702,2075.533199997153,7832.3866090712745
1782361380,2,,Aggregated,0.700000,0.000000,9,13,21,22,26,36,41,46,2100,2100,2100,463,0,9,22.568311447009382,5.267099993943702,2075.533199997153,7832.3866090712745
1782361381,2,,Aggregated,0.700000,0.000000,9,13,21,22,26,36,41,46,2100,2100,2100,463,0,9,22.568311447009382,5.267099993943702,2075.533199997153,7832.3866090712745
1782361382,2,,Aggregated,0.700000,0.000000,9,13,21,22,26,36,41,46,2100,2100,2100,463,0,9,22.568311447009382,5.267099993943702,2075.533199997153,7832.3866090712745
1782361383,2,,Aggregated,0.600000,0.000000,9,13,21,22,26,36,41,46,2100,2100,2100,465,0,9,22.539533548303055,5.267099993943702,2075.533199997153,7833.890322580645
1782361384,2,,Aggregated,0.600000,0.000000,9,13,21,22,26,36,41,46,2100,2100,2100,465,0,9,22.539533548303055,5.267099993943702,2075.533199997153,7833.890322580645
1782361385,2,,Aggregated,0.600000,0.000000,9,13,21,22,26,36,41,46,2100,2100,2100,465,0,9,22.539533548303055,5.267099993943702,2075.533199997153,7833.890322580645
1782361386,2,,Aggregated,0.600000,0.000000,9,13,21,22,26,36,41,46,2100,2100,2100,465,0,9,22.539533548303055,5.267099993943702,2075.533199997153,7833.890322580645
1782361387,2,,Aggregated,0.500000,0.000000,9,13,21,22,26,36,41,46,2100,2100,2100,466,0,9,22.510082832528973,5.267099993943702,2075.533199997153,7829.665236051502
1782361388,2,,Aggregated,0.500000,0.000000,9,13,21,22,26,36,41,46,2100,2100,2100,467,0,9,22.489979657289926,5.267099993943702,2075.533199997153,7835.3811563169165
1782361389,2,,Aggregated,0.500000,0.000000,9,13,21,22,26,36,41,46,2100,2100,2100,467,0,9,22.489979657289926,5.267099993943702,2075.533199997153,7835.3811563169165
1782361390,2,,Aggregated,0.500000,0.000000,9,13,21,22,26,36,41,46,2100,2100,2100,468,0,9,22.45596837597893,5.267099993943702,2075.533199997153,7831.17094017094
1782361391,2,,Aggregated,0.500000,0.000000,9,13,21,22,26,36,41,46,2100,2100,2100,469,0,9,22.42482601271097,5.267099993943702,2075.533199997153,7826.978678038379
1782361392,2,,Aggregated,0.500000,0.000000,9,13,21,22,26,36,41,46,2100,2100,2100,469,0,9,22.42482601271097,5.267099993943702,2075.533199997153,7826.978678038379
1782361393,2,,Aggregated,0.500000,0.000000,9,13,21,22,26,36,41,46,2100,2100,2100,470,0,9,22.426947233969337,5.267099993943702,2075.533199997153,7832.663829787234
1782361394,2,,Aggregated,0.600000,0.000000,9,13,21,22,26,36,41,46,2100,2100,2100,471,0,9,22.39349065810398,5.267099993943702,2075.533199997153,7828.486199575372
1782361395,2,,Aggregated,0.600000,0.000000,9,13,21,22,26,36,41,46,2100,2100,2100,471,0,9,22.39349065810398,5.267099993943702,2075.533199997153,7828.486199575372
1782361396,2,,Aggregated,0.600000,0.000000,9,13,21,22,26,36,41,46,2100,2100,2100,471,0,9,22.39349065810398,5.267099993943702,2075.533199997153,7828.486199575372
1782361398,2,,Aggregated,0.600000,0.000000,9,13,21,22,26,36,41,46,2100,2100,2100,471,0,9,22.39349065810398,5.267099993943702,2075.533199997153,7828.486199575372
1782361399,2,,Aggregated,0.600000,0.000000,9,13,21,22,26,36,41,46,2100,2100,2100,472,0,9,22.359634533825293,5.267099993943702,2075.533199997153,7824.326271186441
1782361400,2,,Aggregated,0.600000,0.000000,9,13,21,22,26,36,41,46,2100,2100,2100,473,0,9,22.365523467158376,5.267099993943702,2075.533199997153,7829.980972515857
1782361401,2,,Aggregated,0.500000,0.000000,9,13,21,22,26,36,41,46,2100,2100,2100,474,0,9,22.337038396552643,5.267099993943702,2075.533199997153,7825.835443037975
1782361402,2,,Aggregated,0.500000,0.000000,9,13,21,22,26,36,41,46,2100,2100,2100,474,0,9,22.337038396552643,5.267099993943702,2075.533199997153,7825.835443037975
1782361403,2,,Aggregated,0.600000,0.000000,9,13,21,22,26,36,41,46,2100,2100,2100,475,0,9,22.317805473622254,5.267099993943702,2075.533199997153,7831.4631578947365
1782361404,2,,Aggregated,0.600000,0.000000,9,13,21,22,26,36,41,46,2100,2100,2100,475,0,9,22.317805473622254,5.267099993943702,2075.533199997153,7831.4631578947365
1782361405,2,,Aggregated,0.500000,0.000000,9,13,21,22,26,36,41,46,2100,2100,2100,477,0,9,22.25246457017866,5.267099993943702,2075.533199997153,7823.218029350105
1782361406,2,,Aggregated,0.500000,0.000000,9,13,21,22,26,36,41,46,2100,2100,2100,477,0,9,22.25246457017866,5.267099993943702,2075.533199997153,7823.218029350105
1782361407,2,,Aggregated,0.500000,0.000000,9,13,21,22,26,36,41,46,2100,2100,2100,478,0,9,22.218472594085366,5.267099993943702,2075.533199997153,7819.121338912134
1782361408,2,,Aggregated,0.500000,0.000000,9,13,21,22,26,36,41,46,2100,2100,2100,478,0,9,22.218472594085366,5.267099993943702,2075.533199997153,7819.121338912134
1782361409,2,,Aggregated,0.600000,0.000000,9,13,21,22,26,36,41,46,2100,2100,2100,479,0,9,22.221273277608056,5.267099993943702,2075.533199997153,7824.716075156576
1782361410,2,,Aggregated,0.600000,0.000000,9,13,21,22,26,36,41,46,2100,2100,2100,479,0,9,22.221273277608056,5.267099993943702,2075.533199997153,7824.716075156576
1782361411,2,,Aggregated,0.600000,0.000000,9,13,21,22,26,36,41,46,2100,2100,2100,479,0,9,22.221273277608056,5.267099993943702,2075.533199997153,7824.716075156576
1782361412,2,,Aggregated,0.700000,0.000000,9,13,21,22,26,36,41,46,2100,2100,2100,480,0,9,22.20071291661346,5.267099993943702,2075.533199997153,7830.2875
1782361413,2,,Aggregated,0.600000,0.000000,9,13,21,22,25,35,41,46,2100,2100,2100,481,0,9,22.179533679787603,5.267099993943702,2075.533199997153,7835.8357588357585
1782361414,2,,Aggregated,0.600000,0.000000,9,13,21,22,25,35,41,46,2100,2100,2100,481,0,9,22.179533679787603,5.267099993943702,2075.533199997153,7835.8357588357585
1782361415,2,,Aggregated,0.600000,0.000000,9,13,21,22,25,35,41,46,2100,2100,2100,483,0,9,22.143985921272733,5.267099993943702,2075.533199997153,7835.658385093167
1782361416,2,,Aggregated,0.600000,0.000000,9,13,21,22,25,35,41,46,2100,2100,2100,483,0,9,22.143985921272733,5.267099993943702,2075.533199997153,7835.658385093167
1782361417,2,,Aggregated,0.600000,0.000000,9,13,21,22,25,35,41,46,2100,2100,2100,483,0,9,22.143985921272733,5.267099993943702,2075.533199997153,7835.658385093167
1782361418,2,,Aggregated,0.600000,0.000000,9,13,21,22,25,35,41,46,2100,2100,2100,484,0,9,22.111338429695476,5.267099993943702,2075.533199997153,7831.586776859504
1782361419,2,,Aggregated,0.600000,0.000000,9,13,21,22,25,35,41,46,2100,2100,2100,485,0,9,22.091687010248915,5.267099993943702,2075.533199997153,7837.086597938144
1782361420,2,,Aggregated,0.500000,0.000000,9,13,21,22,25,35,41,46,2100,2100,2100,486,0,9,22.091381275660954,5.267099993943702,2075.533199997153,7842.563786008231
1782361421,2,,Aggregated,0.500000,0.000000,9,13,21,22,25,35,41,46,2100,2100,2100,486,0,9,22.091381275660954,5.267099993943702,2075.533199997153,7842.563786008231
1782361422,2,,Aggregated,0.500000,0.000000,9,13,21,22,25,35,41,46,2100,2100,2100,486,0,9,22.091381275660954,5.267099993943702,2075.533199997153,7842.563786008231
1782361423,2,,Aggregated,0.500000,0.000000,9,13,21,22,25,35,41,46,2100,2100,2100,486,0,9,22.091381275660954,5.267099993943702,2075.533199997153,7842.563786008231
1782361424,2,,Aggregated,0.600000,0.000000,9,13,21,22,25,35,41,46,2100,2100,2100,488,0,9,22.039856147486837,5.267099993943702,2075.533199997153,7843.954918032787
1782361425,2,,Aggregated,0.600000,0.000000,9,13,21,22,25,35,41,46,2100,2100,2100,488,0,9,22.039856147486837,5.267099993943702,2075.533199997153,7843.954918032787
1782361426,2,,Aggregated,0.600000,0.000000,9,13,21,22,25,35,41,46,2100,2100,2100,488,0,9,22.039856147486837,5.267099993943702,2075.533199997153,7843.954918032787
1782361427,2,,Aggregated,0.600000,0.000000,9,13,21,22,25,35,41,46,2100,2100,2100,489,0,9,22.00845337417743,5.267099993943702,2075.533199997153,7839.9079754601225
1782361428,2,,Aggregated,0.500000,0.000000,9,13,21,22,25,35,41,46,2100,2100,2100,490,0,9,21.97806816322406,5.267099993943702,2075.533199997153,7834.289795918367
1782361429,2,,Aggregated,0.500000,0.000000,9,13,21,22,25,35,41,46,2100,2100,2100,491,0,9,21.978799796301885,5.267099993943702,2075.533199997153,7839.716904276986
1782361430,2,,Aggregated,0.600000,0.000000,9,13,21,22,25,35,41,46,2100,2100,2100,492,0,9,21.959859146310063,5.267099993943702,2075.533199997153,7845.121951219512
1782361431,2,,Aggregated,0.600000,0.000000,9,13,21,22,25,35,41,46,2100,2100,2100,492,0,9,21.959859146310063,5.267099993943702,2075.533199997153,7845.121951219512
1782361432,2,,Aggregated,0.600000,0.000000,9,13,21,22,25,35,41,46,2100,2100,2100,493,0,9,21.928555172377852,5.267099993943702,2075.533199997153,7841.105476673428
1782361433,2,,Aggregated,0.600000,0.000000,9,13,21,22,25,35,41,46,2100,2100,2100,494,0,9,21.90969170036484,5.267099993943702,2075.533199997153,7846.485829959514
1782361434,2,,Aggregated,0.600000,0.000000,9,13,21,22,25,35,41,46,2100,2100,2100,494,0,9,21.90969170036484,5.267099993943702,2075.533199997153,7846.485829959514
1782361435,2,,Aggregated,0.600000,0.000000,9,13,21,22,25,35,41,46,2100,2100,2100,494,0,9,21.90969170036484,5.267099993943702,2075.533199997153,7846.485829959514
1782361436,2,,Aggregated,0.700000,0.000000,9,13,21,22,25,35,41,46,2100,2100,2100,495,0,9,21.880015151471138,5.267099993943702,2075.533199997153,7840.9111111111115
1782361437,2,,Aggregated,0.700000,0.000000,9,13,21,22,25,36,41,46,2100,2100,2100,496,0,9,21.910001008021233,5.267099993943702,2075.533199997153,7846.270161290323
1782361438,2,,Aggregated,0.700000,0.000000,9,13,21,22,25,36,41,46,2100,2100,2100,496,0,9,21.910001008021233,5.267099993943702,2075.533199997153,7846.270161290323
1782361439,2,,Aggregated,0.700000,0.000000,9,13,21,22,25,36,41,46,2100,2100,2100,497,0,9,21.878745472788886,5.267099993943702,2075.533199997153,7842.28370221328
1782361440,2,,Aggregated,0.700000,0.000000,9,13,21,22,25,36,41,46,2100,2100,2100,497,0,9,21.878745472788886,5.267099993943702,2075.533199997153,7842.28370221328
1782361441,2,,Aggregated,0.700000,0.000000,9,13,21,22,25,36,41,46,2100,2100,2100,497,0,9,21.878745472788886,5.267099993943702,2075.533199997153,7842.28370221328
1782361442,2,,Aggregated,0.500000,0.000000,9,13,21,22,25,36,41,46,2100,2100,2100,498,0,9,21.85325381521605,5.267099993943702,2075.533199997153,7838.313253012048
1782361443,2,,Aggregated,0.500000,0.000000,9,13,21,22,25,36,41,46,2100,2100,2100,498,0,9,21.85325381521605,5.267099993943702,2075.533199997153,7838.313253012048
1782361444,2,,Aggregated,0.600000,0.000000,9,13,21,22,25,36,41,46,2100,2100,2100,500,0,9,21.793044199963333,5.267099993943702,2075.533199997153,7830.42
1782361445,2,,Aggregated,0.600000,0.000000,9,13,21,22,25,36,41,46,2100,2100,2100,500,0,9,21.793044199963333,5.267099993943702,2075.533199997153,7830.42
1782361446,2,,Aggregated,0.600000,0.000000,9,13,21,22,25,36,41,46,2100,2100,2100,500,0,9,21.793044199963333,5.267099993943702,2075.533199997153,7830.42
1782361447,2,,Aggregated,0.600000,0.000000,9,13,21,22,25,35,41,43,2100,2100,2100,502,0,9,21.76445697208315,5.267099993943702,2075.533199997153,7830.270916334662
1782361448,2,,Aggregated,0.600000,0.000000,9,13,21,22,25,35,41,43,2100,2100,2100,502,0,9,21.76445697208315,5.267099993943702,2075.533199997153,7830.270916334662
1782361449,2,,Aggregated,0.600000,0.000000,9,13,21,22,25,35,41,43,2100,2100,2100,503,0,9,21.752767594401917,5.267099993943702,2075.533199997153,7835.576540755467
1782361450,2,,Aggregated,0.600000,0.000000,9,13,21,22,25,35,41,43,2100,2100,2100,503,0,9,21.752767594401917,5.267099993943702,2075.533199997153,7835.576540755467
1782361451,2,,Aggregated,0.700000,0.000000,9,13,21,22,25,35,41,43,2100,2100,2100,504,0,9,21.749065079333494,5.267099993943702,2075.533199997153,7840.861111111111
1782361452,2,,Aggregated,0.700000,0.000000,9,13,21,22,25,35,41,43,2100,2100,2100,505,0,9,21.750905346497085,5.267099993943702,2075.533199997153,7846.124752475247
1782361453,2,,Aggregated,0.700000,0.000000,9,13,21,22,25,35,41,43,2100,2100,2100,505,0,9,21.750905346497085,5.267099993943702,2075.533199997153,7846.124752475247
1782361454,2,,Aggregated,0.700000,0.000000,9,13,21,22,25,35,41,43,2100,2100,2100,506,0,9,21.765390711418593,5.267099993943702,2075.533199997153,7851.367588932806
1782361455,2,,Aggregated,0.700000,0.000000,9,13,21,22,25,35,41,43,2100,2100,2100,506,0,9,21.765390711418593,5.267099993943702,2075.533199997153,7851.367588932806
1782361456,2,,Aggregated,0.700000,0.000000,9,13,21,22,25,35,41,43,2100,2100,2100,507,0,9,21.736795068983124,5.267099993943702,2075.533199997153,7847.449704142012
1782361457,2,,Aggregated,0.600000,0.000000,9,13,21,22,25,35,41,43,2100,2100,2100,508,0,9,21.73775748026204,5.267099993943702,2075.533199997153,7852.669291338582
1782361458,2,,Aggregated,0.600000,0.000000,9,13,21,22,25,35,41,43,2100,2100,2100,508,0,9,21.73775748026204,5.267099993943702,2075.533199997153,7852.669291338582
1782361459,2,,Aggregated,0.700000,0.000000,9,13,21,22,25,35,41,43,2100,2100,2100,509,0,9,21.72031394887097,5.267099993943702,2075.533199997153,7857.86836935167
1782361460,2,,Aggregated,0.700000,0.000000,9,13,21,22,25,35,41,43,2100,2100,2100,509,0,9,21.72031394887097,5.267099993943702,2075.533199997153,7857.86836935167
1782361461,2,,Aggregated,0.600000,0.000000,9,13,21,22,25,35,41,43,2100,2100,2100,510,0,9,21.699341960743812,5.267099993943702,2075.533199997153,7863.047058823529
1782361462,2,,Aggregated,0.600000,0.000000,9,13,21,22,25,35,41,43,2100,2100,2100,511,0,9,21.701984344383018,5.267099993943702,2075.533199997153,7868.2054794520545
1782361463,2,,Aggregated,0.600000,0.000000,9,13,21,22,25,35,41,43,2100,2100,2100,511,0,9,21.701984344383018,5.267099993943702,2075.533199997153,7868.2054794520545
1782361464,2,,Aggregated,0.600000,0.000000,9,13,21,22,25,35,41,43,2100,2100,2100,511,0,9,21.701984344383018,5.267099993943702,2075.533199997153,7868.2054794520545
1782361465,2,,Aggregated,0.600000,0.000000,9,13,21,22,25,35,41,43,2100,2100,2100,513,0,9,21.688432358632515,5.267099993943702,2075.533199997153,7878.461988304093
1782361466,2,,Aggregated,0.600000,0.000000,9,13,21,22,25,35,41,43,2100,2100,2100,513,0,9,21.688432358632515,5.267099993943702,2075.533199997153,7878.461988304093
1782361467,2,,Aggregated,0.600000,0.000000,9,13,21,22,25,35,41,43,2100,2100,2100,513,0,9,21.688432358632515,5.267099993943702,2075.533199997153,7878.461988304093
1782361468,2,,Aggregated,0.600000,0.000000,9,13,21,22,26,35,41,43,2100,2100,2100,514,0,9,21.696336186716422,5.267099993943702,2075.533199997153,7883.560311284046
1782361469,2,,Aggregated,0.600000,0.000000,9,13,21,22,26,35,41,43,2100,2100,2100,514,0,9,21.696336186716422,5.267099993943702,2075.533199997153,7883.560311284046
1782361470,2,,Aggregated,0.600000,0.000000,9,13,21,22,26,35,41,43,2100,2100,2100,515,0,9,21.677051262081786,5.267099993943702,2075.533199997153,7888.638834951456
1782361471,2,,Aggregated,0.500000,0.000000,9,13,21,22,26,35,41,43,2100,2100,2100,516,0,9,21.651753682112762,5.267099993943702,2075.533199997153,7884.717054263566
1782361472,2,,Aggregated,0.500000,0.000000,9,13,21,22,26,35,41,43,2100,2100,2100,516,0,9,21.651753682112762,5.267099993943702,2075.533199997153,7884.717054263566
1782361473,2,,Aggregated,0.500000,0.000000,9,13,21,22,26,35,41,43,2100,2100,2100,516,0,9,21.651753682112762,5.267099993943702,2075.533199997153,7884.717054263566
1782361474,2,,Aggregated,0.600000,0.000000,9,13,21,22,26,35,41,43,2100,2100,2100,517,0,9,21.654705415806117,5.267099993943702,2075.533199997153,7889.773694390716
1782361475,2,,Aggregated,0.500000,0.000000,9,13,21,22,26,35,41,43,2100,2100,2100,518,0,9,21.62297413122915,5.217900004936382,2075.533199997153,7885.864864864865
1782361476,2,,Aggregated,0.500000,0.000000,9,13,21,22,26,35,41,43,2100,2100,2100,518,0,9,21.62297413122915,5.217900004936382,2075.533199997153,7885.864864864865
1782361477,2,,Aggregated,0.500000,0.000000,9,13,21,22,26,35,41,43,2100,2100,2100,519,0,9,21.594397302454308,5.217900004936382,2075.533199997153,7881.971098265896
1782361478,2,,Aggregated,0.500000,0.000000,9,13,21,23,26,35,41,43,2100,2100,2100,520,0,9,21.59774653840801,5.217900004936382,2075.533199997153,7887.003846153846
1782361479,2,,Aggregated,0.600000,0.000000,9,13,21,22,25,35,41,43,2100,2100,2100,521,0,9,21.573163723556217,5.217900004936382,2075.533199997153,7883.122840690979
1782361480,2,,Aggregated,0.600000,0.000000,9,13,21,22,25,35,41,43,2100,2100,2100,521,0,9,21.573163723556217,5.217900004936382,2075.533199997153,7883.122840690979
1782361481,2,,Aggregated,0.600000,0.000000,9,13,21,22,25,35,41,43,2100,2100,2100,522,0,9,21.553565708770826,5.217900004936382,2075.533199997153,7888.134099616858
1782361482,2,,Aggregated,0.600000,0.000000,9,13,21,22,25,35,41,43,2100,2100,2100,523,0,9,21.524558699779732,5.217900004936382,2075.533199997153,7882.778202676865
1782361483,2,,Aggregated,0.600000,0.000000,9,13,21,22,25,35,41,43,2100,2100,2100,523,0,9,21.524558699779732,5.217900004936382,2075.533199997153,7882.778202676865
1782361484,2,,Aggregated,0.600000,0.000000,9,13,21,22,25,35,41,43,2100,2100,2100,523,0,9,21.524558699779732,5.217900004936382,2075.533199997153,7882.778202676865
1782361485,2,,Aggregated,0.700000,0.000000,9,13,21,22,25,35,41,43,2100,2100,2100,524,0,9,21.50275935111203,5.217900004936382,2075.533199997153,7877.442748091603
1782361486,2,,Aggregated,0.700000,0.000000,9,13,21,22,25,35,41,43,2100,2100,2100,525,0,9,21.476090476152464,5.217900004936382,2075.533199997153,7872.127619047619
1782361487,2,,Aggregated,0.700000,0.000000,9,13,21,22,25,35,41,43,2100,2100,2100,525,0,9,21.476090476152464,5.217900004936382,2075.533199997153,7872.127619047619
1782361488,2,,Aggregated,0.600000,0.000000,9,13,21,22,25,35,41,43,2100,2100,2100,526,0,9,21.44653574141004,5.217900004936382,2075.533199997153,7868.3117870722435
1782361489,2,,Aggregated,0.600000,0.000000,9,13,21,22,25,35,41,43,2100,2100,2100,527,0,9,21.422855218183102,5.217900004936382,2075.533199997153,7864.510436432638
1782361490,2,,Aggregated,0.600000,0.000000,9,13,21,22,25,35,41,43,2100,2100,2100,527,0,9,21.422855218183102,5.217900004936382,2075.533199997153,7864.510436432638
1782361491,2,,Aggregated,0.600000,0.000000,9,13,21,22,25,35,41,43,2100,2100,2100,527,0,9,21.422855218183102,5.217900004936382,2075.533199997153,7864.510436432638
1782361492,2,,Aggregated,0.600000,0.000000,9,13,21,22,25,35,41,43,2100,2100,2100,528,0,9,21.395510606025987,5.217900004936382,2075.533199997153,7860.723484848485
1782361493,2,,Aggregated,0.600000,0.000000,9,13,21,22,25,35,41,43,2100,2100,2100,529,0,9,21.395830245711554,5.217900004936382,2075.533199997153,7865.710775047259
1782361494,2,,Aggregated,0.600000,0.000000,9,13,21,22,25,35,41,43,2100,2100,2100,529,0,9,21.395830245711554,5.217900004936382,2075.533199997153,7865.710775047259
1782361495,2,,Aggregated,0.600000,0.000000,9,13,21,22,25,35,41,43,2100,2100,2100,529,0,9,21.395830245711554,5.217900004936382,2075.533199997153,7865.710775047259
1782361496,2,,Aggregated,0.600000,0.000000,9,13,21,22,25,35,41,43,2100,2100,2100,531,0,9,21.385868173232367,5.217900004936382,2075.533199997153,7866.902071563089
1782361497,2,,Aggregated,0.600000,0.000000,9,13,21,22,25,35,41,43,2100,2100,2100,531,0,9,21.385868173232367,5.217900004936382,2075.533199997153,7866.902071563089
1782361498,2,,Aggregated,0.600000,0.000000,9,13,21,22,25,35,41,43,2100,2100,2100,531,0,9,21.385868173232367,5.217900004936382,2075.533199997153,7866.902071563089
1782361499,2,,Aggregated,0.600000,0.000000,9,13,21,22,25,35,41,43,2100,2100,2100,531,0,9,21.385868173232367,5.217900004936382,2075.533199997153,7866.902071563089
1782361500,2,,Aggregated,0.600000,0.000000,9,13,21,22,26,35,41,43,2100,2100,2100,532,0,9,21.402977819519933,5.217900004936382,2075.533199997153,7871.849624060151
1782361501,2,,Aggregated,0.600000,0.000000,9,13,21,22,26,35,41,43,2100,2100,2100,533,0,9,21.38886622885569,5.217900004936382,2075.533199997153,7876.77861163227
1782361502,2,,Aggregated,0.600000,0.000000,9,13,21,22,26,35,41,43,2100,2100,2100,533,0,9,21.38886622885569,5.217900004936382,2075.533199997153,7876.77861163227
1782361503,2,,Aggregated,0.600000,0.000000,9,13,21,22,26,35,41,43,2100,2100,2100,534,0,9,21.37038258422606,5.217900004936382,2075.533199997153,7881.689138576779
1782361504,2,,Aggregated,0.600000,0.000000,9,13,21,22,26,35,41,43,2100,2100,2100,534,0,9,21.37038258422606,5.217900004936382,2075.533199997153,7881.689138576779
1782361505,2,,Aggregated,0.500000,0.000000,9,13,21,23,26,35,41,43,2100,2100,2100,535,0,9,21.375014766314717,5.217900004936382,2075.533199997153,7886.581308411215
1782361506,2,,Aggregated,0.500000,0.000000,9,13,21,23,26,35,41,43,2100,2100,2100,536,0,9,21.389210261144967,5.217900004936382,2075.533199997153,7891.455223880597
1782361507,2,,Aggregated,0.500000,0.000000,9,13,21,23,26,35,41,43,2100,2100,2100,536,0,9,21.389210261144967,5.217900004936382,2075.533199997153,7891.455223880597
1782361508,2,,Aggregated,0.500000,0.000000,9,13,21,23,26,35,41,43,2100,2100,2100,536,0,9,21.389210261144967,5.217900004936382,2075.533199997153,7891.455223880597
1782361509,2,,Aggregated,0.500000,0.000000,9,13,21,23,26,35,41,43,2100,2100,2100,538,0,9,21.34422397764757,5.217900004936382,2075.533199997153,7891.089219330855
1782361510,2,,Aggregated,0.500000,0.000000,9,13,21,23,26,35,41,43,2100,2100,2100,538,0,9,21.34422397764757,5.217900004936382,2075.533199997153,7891.089219330855
1782361511,2,,Aggregated,0.600000,0.000000,9,13,21,23,26,35,41,43,2100,2100,2100,539,0,9,21.317956400685837,5.217900004936382,2075.533199997153,7887.330241187384
1782361512,2,,Aggregated,0.700000,0.000000,9,13,21,23,26,35,41,43,2100,2100,2100,540,0,9,21.32001851846494,5.217900004936382,2075.533199997153,7892.166666666667
1782361514,2,,Aggregated,0.700000,0.000000,9,13,21,23,26,35,41,43,2100,2100,2100,540,0,9,21.32001851846494,5.217900004936382,2075.533199997153,7892.166666666667
1782361515,2,,Aggregated,0.600000,0.000000,9,13,21,22,26,34,41,43,2100,2100,2100,541,0,9,21.30762513858159,5.217900004936382,2075.533199997153,7896.985212569316
1782361516,2,,Aggregated,0.700000,0.000000,9,13,21,22,26,34,41,43,2100,2100,2100,542,0,9,21.29126937263974,5.217900004936382,2075.533199997153,7901.7859778597785
1782361517,2,,Aggregated,0.600000,0.000000,9,13,21,23,26,35,41,43,2100,2100,2100,543,0,9,21.318651381163438,5.217900004936382,2075.533199997153,7906.5690607734805
1782361518,2,,Aggregated,0.600000,0.000000,9,13,21,23,26,35,41,43,2100,2100,2100,543,0,9,21.318651381163438,5.217900004936382,2075.533199997153,7906.5690607734805
1782361519,2,,Aggregated,0.600000,0.000000,9,13,21,23,26,35,41,43,2100,2100,2100,543,0,9,21.318651381163438,5.217900004936382,2075.533199997153,7906.5690607734805
1782361520,2,,Aggregated,0.700000,0.000000,9,13,21,23,26,35,41,43,2100,2100,2100,545,0,9,21.291591559585886,5.217900004936382,2075.533199997153,7907.579816513761
1782361521,2,,Aggregated,0.700000,0.000000,9,13,21,23,26,35,41,43,2100,2100,2100,545,0,9,21.291591559585886,5.217900004936382,2075.533199997153,7907.579816513761
1782361522,2,,Aggregated,0.700000,0.000000,9,13,21,23,26,35,41,43,2100,2100,2100,545,0,9,21.291591559585886,5.217900004936382,2075.533199997153,7907.579816513761
1782361523,2,,Aggregated,0.700000,0.000000,9,13,21,22,26,35,41,43,2100,2100,2100,547,0,9,21.260970383856982,5.217900004936382,2075.533199997153,7907.160877513711
1782361524,2,,Aggregated,0.700000,0.000000,9,13,21,22,26,35,41,43,2100,2100,2100,547,0,9,21.260970383856982,5.217900004936382,2075.533199997153,7907.160877513711
1782361525,2,,Aggregated,0.700000,0.000000,9,13,21,22,26,35,41,43,2100,2100,2100,547,0,9,21.260970383856982,5.217900004936382,2075.533199997153,7907.160877513711
1782361526,2,,Aggregated,0.700000,0.000000,9,13,21,22,26,35,41,43,2100,2100,2100,547,0,9,21.260970383856982,5.217900004936382,2075.533199997153,7907.160877513711
1782361527,2,,Aggregated,0.700000,0.000000,9,13,21,22,26,35,41,43,2100,2100,2100,549,0,9,21.206744626543053,5.217900004936382,2075.533199997153,7899.7213114754095
1782361528,2,,Aggregated,0.700000,0.000000,9,13,21,22,26,35,41,43,2100,2100,2100,549,0,9,21.206744626543053,5.217900004936382,2075.533199997153,7899.7213114754095
1782361529,2,,Aggregated,0.700000,0.000000,9,13,21,22,26,35,41,43,2100,2100,2100,549,0,9,21.206744626543053,5.217900004936382,2075.533199997153,7899.7213114754095
1782361530,2,,Aggregated,0.600000,0.000000,9,13,21,23,26,35,41,43,2100,2100,2100,550,0,9,21.22425763630996,5.217900004936382,2075.533199997153,7904.447272727272
1782361531,2,,Aggregated,0.600000,0.000000,9,13,21,22,26,35,41,43,2100,2100,2100,551,0,9,21.209477858388453,5.217900004936382,2075.533199997153,7909.15607985481
1782361532,2,,Aggregated,0.600000,0.000000,9,13,21,22,26,35,41,43,2100,2100,2100,551,0,9,21.209477858388453,5.217900004936382,2075.533199997153,7909.15607985481
1782361533,2,,Aggregated,0.500000,0.000000,9,13,21,22,26,35,41,43,2100,2100,2100,552,0,9,21.193316485458627,5.217900004936382,2075.533199997153,7913.847826086957
1782361534,2,,Aggregated,0.600000,0.000000,9,13,21,22,26,35,41,43,2100,2100,2100,553,0,9,21.176930741355086,5.217900004936382,2075.533199997153,7918.5226039783
1782361535,2,,Aggregated,0.600000,0.000000,9,13,21,22,26,35,41,43,2100,2100,2100,553,0,9,21.176930741355086,5.217900004936382,2075.533199997153,7918.5226039783
1782361536,2,,Aggregated,0.500000,0.000000,9,13,21,22,26,35,41,43,2100,2100,2100,555,0,9,21.12781549544338,5.217900004936382,2075.533199997153,7909.720720720721
1782361537,2,,Aggregated,0.500000,0.000000,9,13,21,22,26,35,41,43,2100,2100,2100,555,0,9,21.12781549544338,5.217900004936382,2075.533199997153,7909.720720720721
1782361538,2,,Aggregated,0.500000,0.000000,9,13,21,22,26,35,41,43,2100,2100,2100,555,0,9,21.12781549544338,5.217900004936382,2075.533199997153,7909.720720720721
1782361539,2,,Aggregated,0.700000,0.000000,9,13,21,22,26,35,41,43,2100,2100,2100,556,0,9,21.166247481965687,5.217900004936382,2075.533199997153,7914.377697841726
1782361540,2,,Aggregated,0.700000,0.000000,9,13,21,22,26,35,41,43,2100,2100,2100,556,0,9,21.166247481965687,5.217900004936382,2075.533199997153,7914.377697841726
1782361541,2,,Aggregated,0.600000,0.000000,9,13,21,22,26,35,41,43,2100,2100,2100,557,0,9,21.16304506279231,5.217900004936382,2075.533199997153,7919.017953321364
1782361542,2,,Aggregated,0.600000,0.000000,9,13,21,22,26,35,41,43,2100,2100,2100,558,0,9,21.136073297449624,5.217900004936382,2075.533199997153,7915.336917562724
1782361543,2,,Aggregated,0.600000,0.000000,9,13,21,22,26,35,41,43,2100,2100,2100,559,0,9,21.129282826434572,5.217900004936382,2075.533199997153,7919.95885509839
1782361544,2,,Aggregated,0.600000,0.000000,9,13,21,22,26,35,41,43,2100,2100,2100,560,0,9,21.105098749961012,5.217900004936382,2075.533199997153,7916.289285714286
1782361545,2,,Aggregated,0.600000,0.000000,9,13,21,22,26,35,41,43,2100,2100,2100,560,0,9,21.105098749961012,5.217900004936382,2075.533199997153,7916.289285714286
1782361546,2,,Aggregated,0.600000,0.000000,9,13,21,22,26,35,41,43,2100,2100,2100,560,0,9,21.105098749961012,5.217900004936382,2075.533199997153,7916.289285714286
1782361547,2,,Aggregated,0.700000,0.000000,9,13,21,22,26,35,41,43,2100,2100,2100,562,0,9,21.062309786449397,5.217900004936382,2075.533199997153,7907.604982206406
1782361548,2,,Aggregated,0.700000,0.000000,9,13,21,22,26,35,41,43,2100,2100,2100,562,0,9,21.062309786449397,5.217900004936382,2075.533199997153,7907.604982206406
1782361549,2,,Aggregated,0.700000,0.000000,9,13,21,22,26,35,41,43,2100,2100,2100,562,0,9,21.062309786449397,5.217900004936382,2075.533199997153,7907.604982206406
1782361550,2,,Aggregated,0.700000,0.000000,9,13,21,22,26,35,41,43,2100,2100,2100,562,0,9,21.062309786449397,5.217900004936382,2075.533199997153,7907.604982206406
1782361551,2,,Aggregated,0.700000,0.000000,9,13,21,22,26,35,41,43,2100,2100,2100,563,0,9,21.036617051485695,5.217900004936382,2075.533199997153,7903.976909413855
1782361552,2,,Aggregated,0.600000,0.000000,9,13,21,22,26,35,41,43,2100,2100,2100,564,0,9,21.00955460990537,5.217900004936382,2075.533199997153,7900.36170212766
1782361553,2,,Aggregated,0.600000,0.000000,9,13,21,22,26,35,41,43,2100,2100,2100,564,0,9,21.00955460990537,5.217900004936382,2075.533199997153,7900.36170212766
1782361554,2,,Aggregated,0.600000,0.000000,9,13,21,22,26,35,41,43,2100,2100,2100,564,0,9,21.00955460990537,5.217900004936382,2075.533199997153,7900.36170212766
1782361555,2,,Aggregated,0.600000,0.000000,9,13,21,22,26,35,41,43,2100,2100,2100,566,0,9,20.98663939926576,5.217900004936382,2075.533199997153,7899.982332155477
1782361556,2,,Aggregated,0.600000,0.000000,9,13,21,22,26,35,41,43,2100,2100,2100,566,0,9,20.98663939926576,5.217900004936382,2075.533199997153,7899.982332155477
1782361557,2,,Aggregated,0.500000,0.000000,9,13,21,22,26,35,41,43,2100,2100,2100,567,0,9,20.959095414434834,5.217900004936382,2075.533199997153,7896.393298059965
1782361558,2,,Aggregated,0.500000,0.000000,9,13,21,22,26,35,41,43,2100,2100,2100,567,0,9,20.959095414434834,5.217900004936382,2075.533199997153,7896.393298059965
1782361559,2,,Aggregated,0.500000,0.000000,9,13,21,22,26,35,41,43,2100,2100,2100,568,0,9,20.969235915466747,5.217900004936382,2075.533199997153,7900.975352112676
1782361560,2,,Aggregated,0.500000,0.000000,9,13,21,22,26,35,41,43,2100,2100,2100,568,0,9,20.969235915466747,5.217900004936382,2075.533199997153,7900.975352112676
1782361561,2,,Aggregated,0.500000,0.000000,9,13,21,22,26,35,41,43,2100,2100,2100,569,0,9,20.943967311046972,5.217900004936382,2075.533199997153,7897.397188049209
1782361562,2,,Aggregated,0.600000,0.000000,9,13,21,23,26,35,41,43,2100,2100,2100,570,0,9,20.947208245585596,5.217900004936382,2075.533199997153,7901.961403508772
1782361563,2,,Aggregated,0.600000,0.000000,9,13,21,23,26,35,41,43,2100,2100,2100,570,0,9,20.947208245585596,5.217900004936382,2075.533199997153,7901.961403508772
1782361564,2,,Aggregated,0.600000,0.000000,9,13,21,22,26,35,41,43,2100,2100,2100,571,0,9,20.935471803818434,5.217900004936382,2075.533199997153,7906.509632224168
1782361565,2,,Aggregated,0.600000,0.000000,9,13,21,22,26,35,41,43,2100,2100,2100,571,0,9,20.935471803818434,5.217900004936382,2075.533199997153,7906.509632224168
1782361566,2,,Aggregated,0.600000,0.000000,9,13,21,22,26,35,41,43,2100,2100,2100,572,0,9,20.91178391605786,5.217900004936382,2075.533199997153,7901.580419580419
1782361567,2,,Aggregated,0.600000,0.000000,9,13,21,22,26,35,41,43,2100,2100,2100,573,0,9,20.886074520041984,5.217900004936382,2075.533199997153,7898.026178010471
1782361568,2,,Aggregated,0.600000,0.000000,9,13,21,22,26,35,41,43,2100,2100,2100,573,0,9,20.886074520041984,5.217900004936382,2075.533199997153,7898.026178010471
1782361569,2,,Aggregated,0.600000,0.000000,9,13,21,22,26,35,41,43,2100,2100,2100,573,0,9,20.886074520041984,5.217900004936382,2075.533199997153,7898.026178010471
1782361570,2,,Aggregated,0.600000,0.000000,9,13,21,22,26,35,41,43,2100,2100,2100,573,0,9,20.886074520041984,5.217900004936382,2075.533199997153,7898.026178010471
1782361571,2,,Aggregated,0.600000,0.000000,9,13,21,22,26,35,41,43,2100,2100,2100,575,0,9,20.836880521712136,5.217900004936382,2075.533199997153,7889.601739130435
1782361572,2,,Aggregated,0.600000,0.000000,9,13,21,22,26,35,41,43,2100,2100,2100,575,0,9,20.836880521712136,5.217900004936382,2075.533199997153,7889.601739130435
1782361573,2,,Aggregated,0.600000,0.000000,9,13,21,22,26,35,41,43,2100,2100,2100,575,0,9,20.836880521712136,5.217900004936382,2075.533199997153,7889.601739130435
1782361574,2,,Aggregated,0.500000,0.000000,9,13,21,22,26,35,41,43,2100,2100,2100,576,0,9,20.86459826385736,5.217900004936382,2075.533199997153,7894.131944444444
1782361575,2,,Aggregated,0.500000,0.000000,9,13,21,22,26,35,41,43,2100,2100,2100,576,0,9,20.86459826385736,5.217900004936382,2075.533199997153,7894.131944444444
1782361576,2,,Aggregated,0.500000,0.000000,9,13,21,22,26,35,41,43,2100,2100,2100,578,0,9,20.823598788889242,5.217900004936382,2075.533199997153,7895.128027681661
1782361577,2,,Aggregated,0.500000,0.000000,9,13,21,22,26,35,41,43,2100,2100,2100,578,0,9,20.823598788889242,5.217900004936382,2075.533199997153,7895.128027681661
1782361578,2,,Aggregated,0.500000,0.000000,9,13,21,22,26,35,41,43,2100,2100,2100,578,0,9,20.823598788889242,5.217900004936382,2075.533199997153,7895.128027681661
1782361579,2,,Aggregated,0.500000,0.000000,9,13,21,22,26,35,41,43,2100,2100,2100,578,0,9,20.823598788889242,5.217900004936382,2075.533199997153,7895.128027681661
1782361580,2,,Aggregated,0.500000,0.000000,9,13,21,22,26,35,41,43,2100,2100,2100,579,0,9,20.79760379961759,5.217900004936382,2075.533199997153,7890.278065630398
1782361581,2,,Aggregated,0.500000,0.000000,9,13,21,23,26,35,41,43,2100,2100,2100,580,0,9,20.804335689611214,5.217900004936382,2075.533199997153,7894.775862068966
1782361582,2,,Aggregated,0.500000,0.000000,9,13,21,22,26,35,41,43,2100,2100,2100,581,0,9,20.779764199612494,5.217900004936382,2075.533199997153,7891.282271944922
1782361583,2,,Aggregated,0.500000,0.000000,9,13,21,22,26,35,41,43,2100,2100,2100,581,0,9,20.779764199612494,5.217900004936382,2075.533199997153,7891.282271944922
1782361584,2,,Aggregated,0.500000,0.000000,9,13,21,23,26,35,41,43,2100,2100,2100,582,0,9,20.80571099651115,5.217900004936382,2075.533199997153,7895.762886597938
1782361585,2,,Aggregated,0.500000,0.000000,9,13,21,23,26,35,41,43,2100,2100,2100,582,0,9,20.80571099651115,5.217900004936382,2075.533199997153,7895.762886597938
1782361586,2,,Aggregated,0.500000,0.000000,9,13,21,23,26,35,41,43,2100,2100,2100,582,0,9,20.80571099651115,5.217900004936382,2075.533199997153,7895.762886597938
1782361587,2,,Aggregated,0.500000,0.000000,9,13,21,23,26,35,41,43,2100,2100,2100,583,0,9,20.780861234942556,5.217900004936382,2075.533199997153,7892.279588336192
1782361588,2,,Aggregated,0.600000,0.000000,9,13,21,23,26,35,41,43,2100,2100,2100,584,0,9,20.755776369808963,5.217900004936382,2075.533199997153,7888.808219178082
1782361589,2,,Aggregated,0.600000,0.000000,9,13,21,23,26,35,41,43,2100,2100,2100,584,0,9,20.755776369808963,5.217900004936382,2075.533199997153,7888.808219178082
1782361590,2,,Aggregated,0.500000,0.000000,9,13,21,23,26,35,41,43,2100,2100,2100,585,0,9,20.732116410207762,5.217900004936382,2075.533199997153,7884.018803418803
1782361591,2,,Aggregated,0.500000,0.000000,9,13,21,23,26,35,41,43,2100,2100,2100,585,0,9,20.732116410207762,5.217900004936382,2075.533199997153,7884.018803418803
1782361592,2,,Aggregated,0.600000,0.000000,9,13,21,23,26,35,41,43,2100,2100,2100,586,0,9,20.740245733741983,5.217900004936382,2075.533199997153,7888.481228668942
1782361593,2,,Aggregated,0.600000,0.000000,9,13,21,23,26,35,41,43,2100,2100,2100,586,0,9,20.740245733741983,5.217900004936382,2075.533199997153,7888.481228668942
1782361594,2,,Aggregated,0.600000,0.000000,9,13,21,23,26,35,41,43,2100,2100,2100,587,0,9,20.71675741051697,5.217900004936382,2075.533199997153,7883.708688245315
1782361595,2,,Aggregated,0.600000,0.000000,9,13,21,23,26,35,41,43,2100,2100,2100,587,0,9,20.71675741051697,5.217900004936382,2075.533199997153,7883.708688245315
1782361596,2,,Aggregated,0.500000,0.000000,9,13,21,23,26,35,41,43,2100,2100,2100,588,0,9,20.693140986350663,5.217900004936382,2075.533199997153,7880.275510204082
1782361597,2,,Aggregated,0.600000,0.000000,9,13,21,23,26,35,41,43,2100,2100,2100,589,0,9,20.671166553446554,5.217900004936382,2075.533199997153,7876.853989813243
1782361598,2,,Aggregated,0.600000,0.000000,9,13,21,23,26,35,41,43,2100,2100,2100,590,0,9,20.645723220304255,5.217900004936382,2075.533199997153,7872.125423728814
1782361599,2,,Aggregated,0.600000,0.000000,9,13,21,23,26,35,41,43,2100,2100,2100,590,0,9,20.645723220304255,5.217900004936382,2075.533199997153,7872.125423728814
1782361600,2,,Aggregated,0.600000,0.000000,9,13,21,22,26,35,41,43,2100,2100,2100,591,0,9,20.622588663243583,5.217900004936382,2075.533199997153,7868.729272419628
1782361601,2,,Aggregated,0.600000,0.000000,9,13,21,22,26,35,41,43,2100,2100,2100,591,0,9,20.622588663243583,5.217900004936382,2075.533199997153,7868.729272419628
1782361602,2,,Aggregated,0.600000,0.000000,9,13,21,22,26,35,41,43,2100,2100,2100,591,0,9,20.622588663243583,5.217900004936382,2075.533199997153,7868.729272419628
1782361603,2,,Aggregated,0.600000,0.000000,9,13,21,22,26,35,41,43,2100,2100,2100,593,0,9,20.574703372630736,5.217900004936382,2075.533199997153,7861.971332209107
1782361604,2,,Aggregated,0.600000,0.000000,9,13,21,22,26,35,41,43,2100,2100,2100,593,0,9,20.574703372630736,5.217900004936382,2075.533199997153,7861.971332209107
1782361605,2,,Aggregated,0.600000,0.000000,9,13,21,22,26,35,41,43,2100,2100,2100,593,0,9,20.574703372630736,5.217900004936382,2075.533199997153,7861.971332209107
1782361606,2,,Aggregated,0.600000,0.000000,9,13,21,22,26,35,41,43,2100,2100,2100,594,0,9,20.550051683458396,5.217900004936382,2075.533199997153,7858.609427609427
1782361607,2,,Aggregated,0.600000,0.000000,9,13,21,23,26,35,41,43,2100,2100,2100,595,0,9,20.558132436931107,5.217900004936382,2075.533199997153,7863.047058823529
1782361608,2,,Aggregated,0.600000,0.000000,9,13,21,23,26,35,41,43,2100,2100,2100,595,0,9,20.558132436931107,5.217900004936382,2075.533199997153,7863.047058823529
1782361609,2,,Aggregated,0.600000,0.000000,9,13,21,23,26,35,41,43,2100,2100,2100,595,0,9,20.558132436931107,5.217900004936382,2075.533199997153,7863.047058823529
1782361610,2,,Aggregated,0.500000,0.000000,9,13,21,22,26,35,41,43,2100,2100,2100,597,0,9,20.521853433804836,5.217900004936382,2075.533199997153,7862.812395309883
1782361611,2,,Aggregated,0.500000,0.000000,9,13,21,22,26,35,41,43,2100,2100,2100,597,0,9,20.521853433804836,5.217900004936382,2075.533199997153,7862.812395309883
1782361612,2,,Aggregated,0.600000,0.000000,9,13,21,23,26,35,41,43,2100,2100,2100,598,0,9,20.526584113684653,5.217900004936382,2075.533199997153,7867.220735785953
1782361613,2,,Aggregated,0.600000,0.000000,9,13,21,23,26,35,41,43,2100,2100,2100,599,0,9,20.507901168585008,5.217900004936382,2075.533199997153,7862.579298831386
1782361614,2,,Aggregated,0.600000,0.000000,9,13,21,23,26,35,41,43,2100,2100,2100,599,0,9,20.507901168585008,5.217900004936382,2075.533199997153,7862.579298831386
1782361615,2,,Aggregated,0.600000,0.000000,9,13,21,23,26,35,41,43,2100,2100,2100,599,0,9,20.507901168585008,5.217900004936382,2075.533199997153,7862.579298831386
1782361616,2,,Aggregated,0.600000,0.000000,9,13,21,23,26,35,41,43,2100,2100,2100,599,0,9,20.507901168585008,5.217900004936382,2075.533199997153,7862.579298831386
1782361617,2,,Aggregated,0.600000,0.000000,9,13,21,22,26,35,41,43,2100,2100,2100,601,0,9,20.46650349414187,5.217900004936382,2075.533199997153,7855.931780366057
1782361618,2,,Aggregated,0.600000,0.000000,9,13,21,22,26,35,41,43,2100,2100,2100,601,0,9,20.46650349414187,5.217900004936382,2075.533199997153,7855.931780366057
1782361619,2,,Aggregated,0.600000,0.000000,9,13,21,22,26,35,41,43,2100,2100,2100,601,0,9,20.46650349414187,5.217900004936382,2075.533199997153,7855.931780366057
1782361620,2,,Aggregated,0.600000,0.000000,9,13,21,22,26,35,41,43,2100,2100,2100,601,0,9,20.46650349414187,5.217900004936382,2075.533199997153,7855.931780366057
1782361621,2,,Aggregated,0.600000,0.000000,9,13,21,23,26,35,41,43,2100,2100,2100,603,0,9,20.45463432832895,5.217900004936382,2075.533199997153,7857.013266998341
1782361622,2,,Aggregated,0.600000,0.000000,9,13,21,23,26,35,41,43,2100,2100,2100,603,0,9,20.45463432832895,5.217900004936382,2075.533199997153,7857.013266998341
1782361623,2,,Aggregated,0.400000,0.000000,9,13,21,23,26,35,41,43,2100,2100,2100,604,0,9,20.445132946996644,5.217900004936382,2075.533199997153,7861.387417218543
1782361624,2,,Aggregated,0.600000,0.000000,9,13,21,23,26,35,41,43,2100,2100,2100,605,0,9,20.42215917352539,5.217900004936382,2075.533199997153,7858.087603305785
1782361625,2,,Aggregated,0.600000,0.000000,9,13,21,23,26,35,41,43,2100,2100,2100,605,0,9,20.42215917352539,5.217900004936382,2075.533199997153,7858.087603305785
1782361626,2,,Aggregated,0.600000,0.000000,9,13,21,23,26,35,41,43,2100,2100,2100,605,0,9,20.42215917352539,5.217900004936382,2075.533199997153,7858.087603305785
1782361627,2,,Aggregated,0.600000,0.000000,9,13,21,22,26,35,41,43,2100,2100,2100,607,0,9,20.39919637558689,5.217900004936382,2075.533199997153,7859.154859967051
1782361629,2,,Aggregated,0.600000,0.000000,9,13,21,22,26,35,41,43,2100,2100,2100,607,0,9,20.39919637558689,5.217900004936382,2075.533199997153,7859.154859967051
1782361630,2,,Aggregated,0.600000,0.000000,9,13,21,22,26,35,41,43,2100,2100,2100,607,0,9,20.39919637558689,5.217900004936382,2075.533199997153,7859.154859967051
1782361631,2,,Aggregated,0.600000,0.000000,9,13,21,22,26,35,41,43,2100,2100,2100,608,0,9,20.38706562497713,5.217900004936382,2075.533199997153,7863.496710526316
1782361632,2,,Aggregated,0.600000,0.000000,9,13,21,23,26,35,41,43,2100,2100,2100,609,0,9,20.392153694563735,5.217900004936382,2075.533199997153,7867.824302134647
1782361633,2,,Aggregated,0.600000,0.000000,9,13,21,23,26,35,41,43,2100,2100,2100,609,0,9,20.392153694563735,5.217900004936382,2075.533199997153,7867.824302134647
1782361634,2,,Aggregated,0.700000,0.000000,9,13,21,22,25,35,41,43,2100,2100,2100,611,0,9,20.349041080172725,5.217900004936382,2075.533199997153,7861.268412438625
1782361635,2,,Aggregated,0.700000,0.000000,9,13,21,22,25,35,41,43,2100,2100,2100,611,0,9,20.349041080172725,5.217900004936382,2075.533199997153,7861.268412438625
1782361636,2,,Aggregated,0.700000,0.000000,9,13,21,22,25,35,41,43,2100,2100,2100,611,0,9,20.349041080172725,5.217900004936382,2075.533199997153,7861.268412438625
1782361637,2,,Aggregated,0.700000,0.000000,9,13,21,22,25,35,41,43,2100,2100,2100,613,0,9,20.30224143553561,5.217900004936382,2075.533199997153,7854.755301794454
1782361638,2,,Aggregated,0.700000,0.000000,9,13,21,22,25,35,41,43,2100,2100,2100,613,0,9,20.30224143553561,5.217900004936382,2075.533199997153,7854.755301794454
1782361639,2,,Aggregated,0.600000,0.000000,9,13,21,22,25,35,41,43,2100,2100,2100,614,0,9,20.28001172635437,5.217900004936382,2075.533199997153,7851.514657980456
1782361640,2,,Aggregated,0.600000,0.000000,9,13,21,22,25,35,41,43,2100,2100,2100,614,0,9,20.28001172635437,5.217900004936382,2075.533199997153,7851.514657980456
1782361641,2,,Aggregated,0.600000,0.000000,9,13,21,22,25,35,41,43,2100,2100,2100,614,0,9,20.28001172635437,5.217900004936382,2075.533199997153,7851.514657980456
1782361642,2,,Aggregated,0.700000,0.000000,9,13,21,23,25,35,41,43,2100,2100,2100,615,0,9,20.287491056885443,5.217900004936382,2075.533199997153,7855.819512195122
1782361643,2,,Aggregated,0.700000,0.000000,9,13,21,22,25,35,41,43,2100,2100,2100,616,0,9,20.265909415554365,5.217900004936382,2075.533199997153,7852.587662337663
1782361644,2,,Aggregated,0.700000,0.000000,9,13,21,22,25,35,41,43,2100,2100,2100,616,0,9,20.265909415554365,5.217900004936382,2075.533199997153,7852.587662337663
1782361645,2,,Aggregated,0.700000,0.000000,9,13,21,22,25,35,41,43,2100,2100,2100,617,0,9,20.24193727711566,5.217900004936382,2075.533199997153,7848.105348460292
1782361646,2,,Aggregated,0.700000,0.000000,9,13,21,22,25,35,41,43,2100,2100,2100,618,0,9,20.220068446570096,5.217900004936382,2075.533199997153,7844.89644012945
1782361647,2,,Aggregated,0.700000,0.000000,9,13,21,22,25,35,41,43,2100,2100,2100,618,0,9,20.220068446570096,5.217900004936382,2075.533199997153,7844.89644012945
1782361648,2,,Aggregated,0.700000,0.000000,9,13,21,22,25,35,41,43,2100,2100,2100,618,0,9,20.220068446570096,5.217900004936382,2075.533199997153,7844.89644012945
1782361649,2,,Aggregated,0.700000,0.000000,9,13,21,22,25,35,41,43,2100,2100,2100,619,0,9,20.19771066233245,5.217900004936382,2075.533199997153,7840.4410339256865
1782361650,2,,Aggregated,0.500000,0.000000,9,13,21,23,25,35,41,43,2100,2100,2100,620,0,9,20.204515645133554,5.217900004936382,2075.533199997153,7844.729032258065
1782361651,2,,Aggregated,0.500000,0.000000,9,13,21,22,25,34,41,43,2100,2100,2100,621,0,9,20.1809122382962,5.217900004936382,2075.533199997153,7840.288244766506
1782361652,2,,Aggregated,0.500000,0.000000,9,13,21,22,25,34,41,43,2100,2100,2100,621,0,9,20.1809122382962,5.217900004936382,2075.533199997153,7840.288244766506
1782361653,2,,Aggregated,0.500000,0.000000,9,13,21,22,25,34,41,43,2100,2100,2100,621,0,9,20.1809122382962,5.217900004936382,2075.533199997153,7840.288244766506
1782361654,2,,Aggregated,0.700000,0.000000,9,13,21,22,25,34,41,43,2100,2100,2100,622,0,9,20.161893086794183,5.217900004936382,2075.533199997153,7837.112540192926
1782361655,2,,Aggregated,0.600000,0.000000,9,13,21,23,25,34,41,43,2100,2100,2100,623,0,9,20.16794622791335,5.217900004936382,2075.533199997153,7841.385232744783
1782361656,2,,Aggregated,0.600000,0.000000,9,13,21,23,25,34,41,43,2100,2100,2100,624,0,9,20.14951650639537,5.217900004936382,2075.533199997153,7836.971153846154
1782361657,2,,Aggregated,0.600000,0.000000,9,13,21,23,25,34,41,43,2100,2100,2100,624,0,9,20.14951650639537,5.217900004936382,2075.533199997153,7836.971153846154
1782361658,2,,Aggregated,0.600000,0.000000,9,13,21,23,25,34,41,43,2100,2100,2100,624,0,9,20.14951650639537,5.217900004936382,2075.533199997153,7836.971153846154
1782361659,2,,Aggregated,0.500000,0.000000,9,13,21,23,25,34,41,43,2100,2100,2100,625,0,9,20.12675311998464,5.217900004936382,2075.533199997153,7833.816
1782361660,2,,Aggregated,0.500000,0.000000,9,13,21,23,25,34,41,43,2100,2100,2100,625,0,9,20.12675311998464,5.217900004936382,2075.533199997153,7833.816
1782361661,2,,Aggregated,0.600000,0.000000,9,13,21,22,25,34,41,43,2100,2100,2100,626,0,9,20.106888817882776,5.217900004936382,2075.533199997153,7829.428115015974
1782361662,2,,Aggregated,0.600000,0.000000,9,13,21,22,25,34,41,43,2100,2100,2100,626,0,9,20.106888817882776,5.217900004936382,2075.533199997153,7829.428115015974
1782361663,2,,Aggregated,0.500000,0.000000,9,13,21,23,25,35,41,43,2100,2100,2100,627,0,9,20.13396411482978,5.217900004936382,2075.533199997153,7833.685805422648
1782361664,2,,Aggregated,0.500000,0.000000,9,13,21,23,25,35,41,43,2100,2100,2100,627,0,9,20.13396411482978,5.217900004936382,2075.533199997153,7833.685805422648
1782361665,2,,Aggregated,0.600000,0.000000,9,13,21,23,25,35,41,43,2100,2100,2100,629,0,9,20.09840699522162,5.217900004936382,2075.533199997153,7833.556438791733
1782361666,2,,Aggregated,0.600000,0.000000,9,13,21,23,25,35,41,43,2100,2100,2100,629,0,9,20.09840699522162,5.217900004936382,2075.533199997153,7833.556438791733
1782361667,2,,Aggregated,0.600000,0.000000,9,13,21,23,25,35,41,43,2100,2100,2100,629,0,9,20.09840699522162,5.217900004936382,2075.533199997153,7833.556438791733
1782361668,2,,Aggregated,0.400000,0.000000,9,13,21,23,25,35,41,43,2100,2100,2100,630,0,9,20.10319888887886,5.217900004936382,2075.533199997153,7837.787301587302
1782361669,2,,Aggregated,0.400000,0.000000,9,13,21,23,25,35,41,43,2100,2100,2100,630,0,9,20.10319888887886,5.217900004936382,2075.533199997153,7837.787301587302
1782361670,2,,Aggregated,0.600000,0.000000,9,13,21,23,25,35,41,43,2100,2100,2100,632,0,9,20.07464034808367,5.217900004936382,2075.533199997153,7837.645569620253
1782361671,2,,Aggregated,0.600000,0.000000,9,13,21,23,25,35,41,43,2100,2100,2100,632,0,9,20.07464034808367,5.217900004936382,2075.533199997153,7837.645569620253
1782361672,2,,Aggregated,0.600000,0.000000,9,13,21,23,25,35,41,43,2100,2100,2100,632,0,9,20.07464034808367,5.217900004936382,2075.533199997153,7837.645569620253
1782361673,2,,Aggregated,0.700000,0.000000,9,13,21,23,25,35,41,43,2100,2100,2100,633,0,9,20.10621737756045,5.217900004936382,2075.533199997153,7841.8499210110585
1782361674,2,,Aggregated,0.700000,0.000000,9,13,21,23,25,35,41,43,2100,2100,2100,634,0,9,20.085997791791996,5.217900004936382,2075.533199997153,7838.731861198738
1782361675,2,,Aggregated,0.700000,0.000000,9,13,21,23,25,35,41,43,2100,2100,2100,634,0,9,20.085997791791996,5.217900004936382,2075.533199997153,7838.731861198738
1782361676,2,,Aggregated,0.700000,0.000000,9,13,21,23,25,35,41,43,2100,2100,2100,636,0,9,20.040813207548275,4.6172000002115965,2075.533199997153,7830.078616352202
1782361677,2,,Aggregated,0.700000,0.000000,9,13,21,23,25,35,41,43,2100,2100,2100,636,0,9,20.040813207548275,4.6172000002115965,2075.533199997153,7830.078616352202
1782361678,2,,Aggregated,0.700000,0.000000,9,13,21,23,25,35,41,43,2100,2100,2100,636,0,9,20.040813207548275,4.6172000002115965,2075.533199997153,7830.078616352202
1782361679,2,,Aggregated,0.700000,0.000000,9,13,21,23,26,36,41,43,2100,2100,2100,638,0,9,20.068414576810007,4.6172000002115965,2075.533199997153,7838.44514106583
1782361680,2,,Aggregated,0.700000,0.000000,9,13,21,23,26,36,41,43,2100,2100,2100,638,0,9,20.068414576810007,4.6172000002115965,2075.533199997153,7838.44514106583
1782361681,2,,Aggregated,0.700000,0.000000,9,13,21,23,26,36,41,43,2100,2100,2100,638,0,9,20.068414576810007,4.6172000002115965,2075.533199997153,7838.44514106583
1782361682,2,,Aggregated,0.800000,0.000000,9,13,21,23,26,36,41,43,2100,2100,2100,639,0,9,20.06262613459556,4.6172000002115965,2075.533199997153,7842.608763693271
1782361683,2,,Aggregated,0.800000,0.000000,9,13,21,23,26,36,41,43,2100,2100,2100,640,0,9,20.040732343761647,4.6172000002115965,2075.533199997153,7839.51875
1782361684,2,,Aggregated,0.800000,0.000000,9,13,21,23,26,36,41,43,2100,2100,2100,640,0,9,20.040732343761647,4.6172000002115965,2075.533199997153,7839.51875
1782361685,2,,Aggregated,0.600000,0.000000,9,13,21,23,25,35,41,43,2100,2100,2100,641,0,9,20.01937457099301,4.6172000002115965,2075.533199997153,7835.224648985959
1782361686,2,,Aggregated,0.600000,0.000000,9,13,21,23,25,35,41,43,2100,2100,2100,641,0,9,20.01937457099301,4.6172000002115965,2075.533199997153,7835.224648985959
1782361687,2,,Aggregated,0.600000,0.000000,9,13,21,23,26,35,41,43,2100,2100,2100,642,0,9,20.034957476651766,4.6172000002115965,2075.533199997153,7839.373831775701
1782361688,2,,Aggregated,0.600000,0.000000,9,13,21,23,26,35,41,43,2100,2100,2100,642,0,9,20.034957476651766,4.6172000002115965,2075.533199997153,7839.373831775701
1782361689,2,,Aggregated,0.600000,0.000000,9,13,21,23,26,35,41,43,2100,2100,2100,643,0,9,20.050225194418132,4.6172000002115965,2075.533199997153,7843.510108864697
1782361690,2,,Aggregated,0.600000,0.000000,9,13,21,23,26,35,41,43,2100,2100,2100,644,0,9,20.038358540394324,4.6172000002115965,2075.533199997153,7847.633540372671
1782361691,2,,Aggregated,0.600000,0.000000,9,13,21,23,26,35,41,43,2100,2100,2100,644,0,9,20.038358540394324,4.6172000002115965,2075.533199997153,7847.633540372671
1782361692,2,,Aggregated,0.600000,0.000000,9,13,21,23,26,35,41,43,2100,2100,2100,644,0,9,20.038358540394324,4.6172000002115965,2075.533199997153,7847.633540372671
1782361693,2,,Aggregated,0.600000,0.000000,9,13,21,23,26,35,41,43,2100,2100,2100,645,0,9,20.018631627926666,4.6172000002115965,2075.533199997153,7844.55968992248
1782361694,2,,Aggregated,0.600000,0.000000,9,13,21,23,26,35,41,43,2100,2100,2100,646,0,9,20.0214386997078,4.6172000002115965,2075.533199997153,7848.668730650154
1782361695,2,,Aggregated,0.400000,0.000000,9,13,21,23,26,35,41,43,2100,2100,2100,647,0,9,20.004009891824452,4.6172000002115965,2075.533199997153,7844.400309119011
1782361696,2,,Aggregated,0.400000,0.000000,9,13,21,23,26,35,41,43,2100,2100,2100,647,0,9,20.004009891824452,4.6172000002115965,2075.533199997153,7844.400309119011
1782361697,2,,Aggregated,0.400000,0.000000,9,13,21,23,26,35,41,43,2100,2100,2100,647,0,9,20.004009891824452,4.6172000002115965,2075.533199997153,7844.400309119011
1782361698,2,,Aggregated,0.400000,0.000000,9,13,21,23,26,35,41,43,2100,2100,2100,647,0,9,20.004009891824452,4.6172000002115965,2075.533199997153,7844.400309119011
1782361699,2,,Aggregated,0.600000,0.000000,9,13,21,23,26,35,41,43,2100,2100,2100,649,0,9,19.964167488456287,4.6172000002115965,2075.533199997153,7838.300462249615
1782361700,2,,Aggregated,0.600000,0.000000,9,13,21,23,26,35,41,43,2100,2100,2100,649,0,9,19.964167488456287,4.6172000002115965,2075.533199997153,7838.300462249615
1782361701,2,,Aggregated,0.600000,0.000000,9,13,21,23,26,35,41,43,2100,2100,2100,649,0,9,19.964167488456287,4.6172000002115965,2075.533199997153,7838.300462249615
1782361702,2,,Aggregated,0.600000,0.000000,9,13,21,23,26,35,41,43,2100,2100,2100,650,0,9,19.9447292307741,4.6172000002115965,2075.533199997153,7835.264615384615
1782361703,2,,Aggregated,0.600000,0.000000,9,13,21,23,26,35,41,43,2100,2100,2100,651,0,9,19.92509185868357,4.6172000002115965,2075.533199997153,7832.238095238095
1782361704,2,,Aggregated,0.500000,0.000000,9,13,21,23,26,35,41,43,2100,2100,2100,652,0,9,19.903668098174805,4.6172000002115965,2075.533199997153,7829.2208588957055
1782361705,2,,Aggregated,0.500000,0.000000,9,13,21,23,26,35,41,43,2100,2100,2100,652,0,9,19.903668098174805,4.6172000002115965,2075.533199997153,7829.2208588957055
1782361706,2,,Aggregated,0.500000,0.000000,9,13,21,23,26,35,41,43,2100,2100,2100,652,0,9,19.903668098174805,4.6172000002115965,2075.533199997153,7829.2208588957055
1782361707,2,,Aggregated,0.600000,0.000000,9,13,21,23,26,35,41,43,2100,2100,2100,653,0,9,19.882270903540505,4.6172000002115965,2075.533199997153,7826.212863705972
1782361708,2,,Aggregated,0.600000,0.000000,9,13,21,23,26,36,41,43,2100,2100,2100,654,0,9,19.919660703382498,4.6172000002115965,2075.533199997153,7830.299694189603
1782361709,2,,Aggregated,0.500000,0.000000,9,13,21,23,26,36,41,43,2100,2100,2100,655,0,9,19.898082900786584,4.6172000002115965,2075.533199997153,7827.299236641222
1782361710,2,,Aggregated,0.500000,0.000000,9,13,21,23,26,36,41,43,2100,2100,2100,655,0,9,19.898082900786584,4.6172000002115965,2075.533199997153,7827.299236641222
1782361711,2,,Aggregated,0.500000,0.000000,9,13,21,23,26,36,41,43,2100,2100,2100,655,0,9,19.898082900786584,4.6172000002115965,2075.533199997153,7827.299236641222
1782361712,2,,Aggregated,0.500000,0.000000,9,13,21,23,26,36,41,43,2100,2100,2100,656,0,9,19.89654695123646,4.6172000002115965,2075.533199997153,7831.371951219512
1782361713,2,,Aggregated,0.600000,0.000000,9,13,21,23,26,36,41,43,2100,2100,2100,657,0,9,19.8761121765768,4.6172000002115965,2075.533199997153,7827.194824961948
1782361714,2,,Aggregated,0.700000,0.000000,9,13,21,23,26,36,41,43,2100,2100,2100,658,0,9,19.880165501537405,4.6172000002115965,2075.533199997153,7831.255319148936
1782361715,2,,Aggregated,0.700000,0.000000,9,13,21,23,26,36,41,43,2100,2100,2100,658,0,9,19.880165501537405,4.6172000002115965,2075.533199997153,7831.255319148936
1782361716,2,,Aggregated,0.700000,0.000000,9,13,21,23,26,36,41,43,2100,2100,2100,658,0,9,19.880165501537405,4.6172000002115965,2075.533199997153,7831.255319148936
1782361717,2,,Aggregated,0.600000,0.000000,9,13,21,23,26,36,41,43,2100,2100,2100,660,0,9,19.8509636363848,4.6172000002115965,2075.533199997153,7832.318181818182
1782361718,2,,Aggregated,0.600000,0.000000,9,13,21,23,26,36,41,43,2100,2100,2100,660,0,9,19.8509636363848,4.6172000002115965,2075.533199997153,7832.318181818182
1782361719,2,,Aggregated,0.600000,0.000000,9,13,21,23,26,36,41,43,2100,2100,2100,660,0,9,19.8509636363848,4.6172000002115965,2075.533199997153,7832.318181818182
1782361720,2,,Aggregated,0.600000,0.000000,9,13,21,23,26,36,41,43,2100,2100,2100,660,0,9,19.8509636363848,4.6172000002115965,2075.533199997153,7832.318181818182
1782361721,2,,Aggregated,0.600000,0.000000,9,13,21,23,26,35,41,43,2100,2100,2100,661,0,9,19.85318078670042,4.6172000002115965,2075.533199997153,7836.352496217852
1782361722,2,,Aggregated,0.500000,0.000000,9,13,21,23,26,35,41,43,2100,2100,2100,662,0,9,19.833304682789876,4.6172000002115965,2075.533199997153,7832.199395770393
1782361723,2,,Aggregated,0.500000,0.000000,9,13,21,23,26,35,41,43,2100,2100,2100,662,0,9,19.833304682789876,4.6172000002115965,2075.533199997153,7832.199395770393
1782361724,2,,Aggregated,0.500000,0.000000,9,13,21,23,26,35,41,43,2100,2100,2100,662,0,9,19.833304682789876,4.6172000002115965,2075.533199997153,7832.199395770393
1782361725,2,,Aggregated,0.600000,0.000000,9,13,21,23,26,35,41,43,2100,2100,2100,663,0,9,19.814464555062347,4.6172000002115965,2075.533199997153,7829.232277526396
1782361726,2,,Aggregated,0.600000,0.000000,9,13,21,23,26,35,41,43,2100,2100,2100,663,0,9,19.814464555062347,4.6172000002115965,2075.533199997153,7829.232277526396
1782361727,2,,Aggregated,0.400000,0.000000,9,13,21,23,26,35,41,43,2100,2100,2100,664,0,9,19.794235542171208,4.6172000002115965,2075.533199997153,7825.1024096385545
1782361728,2,,Aggregated,0.500000,0.000000,9,13,21,23,26,35,41,43,2100,2100,2100,665,0,9,19.795599699257156,4.6172000002115965,2075.533199997153,7829.123308270677
1782361729,2,,Aggregated,0.500000,0.000000,9,13,21,23,26,35,41,43,2100,2100,2100,665,0,9,19.795599699257156,4.6172000002115965,2075.533199997153,7829.123308270677
1782361730,2,,Aggregated,0.500000,0.000000,9,13,21,23,26,35,41,43,2100,2100,2100,665,0,9,19.795599699257156,4.6172000002115965,2075.533199997153,7829.123308270677
1782361731,2,,Aggregated,0.500000,0.000000,9,13,21,23,26,35,41,43,2100,2100,2100,665,0,9,19.795599699257156,4.6172000002115965,2075.533199997153,7829.123308270677
1782361732,2,,Aggregated,0.500000,0.000000,9,13,21,22,26,35,41,43,2100,2100,2100,667,0,9,19.763727736136353,4.6172000002115965,2075.533199997153,7830.181409295353
1782361733,2,,Aggregated,0.500000,0.000000,9,13,21,22,26,35,41,43,2100,2100,2100,667,0,9,19.763727736136353,4.6172000002115965,2075.533199997153,7830.181409295353
1782361734,2,,Aggregated,0.500000,0.000000,9,13,21,22,26,35,41,43,2100,2100,2100,667,0,9,19.763727736136353,4.6172000002115965,2075.533199997153,7830.181409295353
1782361735,2,,Aggregated,0.500000,0.000000,9,13,21,22,26,35,41,43,2100,2100,2100,667,0,9,19.763727736136353,4.6172000002115965,2075.533199997153,7830.181409295353
1782361736,2,,Aggregated,0.500000,0.000000,9,13,21,22,26,35,41,43,2100,2100,2100,668,0,9,19.74253742516018,4.6172000002115965,2075.533199997153,7826.074850299401
1782361737,2,,Aggregated,0.500000,0.000000,9,13,21,23,26,36,41,43,2100,2100,2100,669,0,9,19.767154559056465,4.6172000002115965,2075.533199997153,7830.070254110613
1782361738,2,,Aggregated,0.500000,0.000000,9,13,21,23,26,36,41,43,2100,2100,2100,669,0,9,19.767154559056465,4.6172000002115965,2075.533199997153,7830.070254110613
1782361740,2,,Aggregated,0.500000,0.000000,9,13,21,23,26,36,41,43,2100,2100,2100,669,0,9,19.767154559056465,4.6172000002115965,2075.533199997153,7830.070254110613
1782361741,2,,Aggregated,0.500000,0.000000,9,13,21,22,26,36,41,43,2100,2100,2100,671,0,9,19.736399701951317,4.6172000002115965,2075.533199997153,7829.959761549925
1782361742,2,,Aggregated,0.500000,0.000000,9,13,21,22,26,36,41,43,2100,2100,2100,671,0,9,19.736399701951317,4.6172000002115965,2075.533199997153,7829.959761549925
1782361743,2,,Aggregated,0.400000,0.000000,9,13,21,23,26,36,41,43,2100,2100,2100,673,0,9,19.749801040134155,4.6172000002115965,2075.533199997153,7837.891530460624
1782361744,2,,Aggregated,0.400000,0.000000,9,13,21,23,26,36,41,43,2100,2100,2100,673,0,9,19.749801040134155,4.6172000002115965,2075.533199997153,7837.891530460624
1782361745,2,,Aggregated,0.400000,0.000000,9,13,21,23,26,36,41,43,2100,2100,2100,673,0,9,19.749801040134155,4.6172000002115965,2075.533199997153,7837.891530460624
1782361746,2,,Aggregated,0.400000,0.000000,9,13,21,23,26,36,41,43,2100,2100,2100,673,0,9,19.749801040134155,4.6172000002115965,2075.533199997153,7837.891530460624
1782361747,2,,Aggregated,0.600000,0.000000,9,13,21,23,26,36,41,43,2100,2100,2100,674,0,9,19.73110445105272,4.6172000002115965,2075.533199997153,7833.810089020772
1782361748,2,,Aggregated,0.600000,0.000000,9,13,21,23,26,36,41,43,2100,2100,2100,675,0,9,19.765175259273274,4.6172000002115965,2075.533199997153,7837.758518518519
1782361749,2,,Aggregated,0.600000,0.000000,9,13,21,23,26,36,41,43,2100,2100,2100,676,0,9,19.761025739661328,4.6172000002115965,2075.533199997153,7841.69526627219
1782361750,2,,Aggregated,0.600000,0.000000,9,13,21,23,26,36,41,43,2100,2100,2100,676,0,9,19.761025739661328,4.6172000002115965,2075.533199997153,7841.69526627219
1782361751,2,,Aggregated,0.600000,0.000000,9,13,21,23,26,36,41,43,2100,2100,2100,677,0,9,19.759567060577563,4.6172000002115965,2075.533199997153,7845.620384047267
1782361752,2,,Aggregated,0.700000,0.000000,9,13,21,23,26,36,41,43,2100,2100,2100,678,0,9,19.740061651933168,4.6172000002115965,2075.533199997153,7842.699115044248
1782361753,2,,Aggregated,0.700000,0.000000,9,13,21,23,26,36,41,43,2100,2100,2100,678,0,9,19.740061651933168,4.6172000002115965,2075.533199997153,7842.699115044248
1782361754,2,,Aggregated,0.700000,0.000000,9,13,21,23,26,36,41,43,2100,2100,2100,678,0,9,19.740061651933168,4.6172000002115965,2075.533199997153,7842.699115044248
1782361755,2,,Aggregated,0.700000,0.000000,9,13,21,23,26,36,41,43,2100,2100,2100,678,0,9,19.740061651933168,4.6172000002115965,2075.533199997153,7842.699115044248
1782361756,2,,Aggregated,0.500000,0.000000,9,13,21,23,26,36,41,43,2100,2100,2100,679,0,9,19.74449204714101,4.6172000002115965,2075.533199997153,7846.611192930781
1782361757,2,,Aggregated,0.500000,0.000000,9,13,21,23,26,36,41,43,2100,2100,2100,680,0,9,19.727508235305056,4.6172000002115965,2075.533199997153,7842.552941176471
1782361758,2,,Aggregated,0.500000,0.000000,9,13,21,23,26,36,41,43,2100,2100,2100,680,0,9,19.727508235305056,4.6172000002115965,2075.533199997153,7842.552941176471
1782361759,2,,Aggregated,0.500000,0.000000,9,13,21,23,26,36,41,43,2100,2100,2100,680,0,9,19.727508235305056,4.6172000002115965,2075.533199997153,7842.552941176471
1782361760,2,,Aggregated,0.500000,0.000000,9,13,21,23,26,36,41,43,2100,2100,2100,680,0,9,19.727508235305056,4.6172000002115965,2075.533199997153,7842.552941176471
1782361761,2,,Aggregated,0.500000,0.000000,9,13,21,23,26,36,41,43,2100,2100,2100,682,0,9,19.711069794733774,4.6172000002115965,2075.533199997153,7843.548387096775
1782361762,2,,Aggregated,0.500000,0.000000,9,13,21,23,26,36,41,43,2100,2100,2100,682,0,9,19.711069794733774,4.6172000002115965,2075.533199997153,7843.548387096775
1782361763,2,,Aggregated,0.500000,0.000000,9,13,21,23,26,36,41,43,2100,2100,2100,682,0,9,19.711069794733774,4.6172000002115965,2075.533199997153,7843.548387096775
1782361764,2,,Aggregated,0.400000,0.000000,9,13,21,23,26,36,41,43,2100,2100,2100,684,0,9,19.682943567262853,4.6172000002115965,2075.533199997153,7844.538011695907
1782361765,2,,Aggregated,0.400000,0.000000,9,13,21,23,26,36,41,43,2100,2100,2100,684,0,9,19.682943567262853,4.6172000002115965,2075.533199997153,7844.538011695907
1782361766,2,,Aggregated,0.400000,0.000000,9,13,21,23,26,36,41,43,2100,2100,2100,684,0,9,19.682943567262853,4.6172000002115965,2075.533199997153,7844.538011695907
1782361767,2,,Aggregated,0.400000,0.000000,9,13,21,23,26,36,41,43,2100,2100,2100,684,0,9,19.682943567262853,4.6172000002115965,2075.533199997153,7844.538011695907
1782361768,2,,Aggregated,0.400000,0.000000,9,13,21,23,26,36,41,43,2100,2100,2100,684,0,9,19.682943567262853,4.6172000002115965,2075.533199997153,7844.538011695907
1782361769,2,,Aggregated,0.400000,0.000000,9,13,21,22,26,36,41,43,2100,2100,2100,686,0,9,19.666217492728556,4.6172000002115965,2075.533199997153,7844.3877551020405
1782361770,2,,Aggregated,0.400000,0.000000,9,13,21,22,26,36,41,43,2100,2100,2100,686,0,9,19.666217492728556,4.6172000002115965,2075.533199997153,7844.3877551020405
1782361771,2,,Aggregated,0.400000,0.000000,9,13,21,22,26,36,41,43,2100,2100,2100,687,0,9,19.6478639010431,4.6172000002115965,2075.533199997153,7841.506550218341
1782361772,2,,Aggregated,0.400000,0.000000,9,13,21,22,26,36,41,43,2100,2100,2100,687,0,9,19.6478639010431,4.6172000002115965,2075.533199997153,7841.506550218341
1782361773,2,,Aggregated,0.400000,0.000000,9,13,21,22,26,36,41,43,2100,2100,2100,687,0,9,19.6478639010431,4.6172000002115965,2075.533199997153,7841.506550218341
1782361774,2,,Aggregated,0.500000,0.000000,9,13,21,23,26,36,41,43,2100,2100,2100,688,0,9,19.65664738374767,4.6172000002115965,2075.533199997153,7845.3691860465115
1782361775,2,,Aggregated,0.500000,0.000000,9,13,21,23,26,36,41,43,2100,2100,2100,689,0,9,19.63977503630372,4.6172000002115965,2075.533199997153,7842.494920174166
1782361776,2,,Aggregated,0.500000,0.000000,9,13,21,23,26,36,41,43,2100,2100,2100,689,0,9,19.63977503630372,4.6172000002115965,2075.533199997153,7842.494920174166
1782361777,2,,Aggregated,0.500000,0.000000,9,13,21,23,26,36,41,43,2100,2100,2100,690,0,9,19.619533768137984,4.6172000002115965,2075.533199997153,7838.501449275363
1782361778,2,,Aggregated,0.400000,0.000000,9,13,21,22,26,36,41,43,2100,2100,2100,691,0,9,19.601621128819286,4.6172000002115965,2075.533199997153,7835.645441389291
1782361779,2,,Aggregated,0.400000,0.000000,9,13,21,22,26,36,41,43,2100,2100,2100,691,0,9,19.601621128819286,4.6172000002115965,2075.533199997153,7835.645441389291
1782361780,2,,Aggregated,0.400000,0.000000,9,13,21,22,26,36,41,43,2100,2100,2100,691,0,9,19.601621128819286,4.6172000002115965,2075.533199997153,7835.645441389291
1782361781,2,,Aggregated,0.700000,0.000000,9,13,21,23,26,36,41,43,2100,2100,2100,693,0,9,19.599710245324687,4.6172000002115965,2075.533199997153,7843.3318903318905
1782361782,2,,Aggregated,0.700000,0.000000,9,13,21,23,26,36,41,43,2100,2100,2100,693,0,9,19.599710245324687,4.6172000002115965,2075.533199997153,7843.3318903318905
1782361783,2,,Aggregated,0.500000,0.000000,9,13,21,23,26,36,41,43,2100,2100,2100,694,0,9,19.581141642670406,4.6172000002115965,2075.533199997153,7840.481268011527
1782361784,2,,Aggregated,0.500000,0.000000,9,13,21,23,26,36,41,43,2100,2100,2100,694,0,9,19.581141642670406,4.6172000002115965,2075.533199997153,7840.481268011527
1782361785,2,,Aggregated,0.700000,0.000000,9,13,21,23,26,36,41,43,2100,2100,2100,695,0,9,19.572272517998105,4.6172000002115965,2075.533199997153,7844.306474820144
1782361786,2,,Aggregated,0.700000,0.000000,9,13,21,23,26,36,41,43,2100,2100,2100,695,0,9,19.572272517998105,4.6172000002115965,2075.533199997153,7844.306474820144
1782361787,2,,Aggregated,0.600000,0.000000,9,13,21,23,26,36,41,43,2100,2100,2100,696,0,9,19.577032758624927,4.6172000002115965,2075.533199997153,7848.120689655172
1782361788,2,,Aggregated,0.600000,0.000000,9,13,21,23,26,36,41,43,2100,2100,2100,696,0,9,19.577032758624927,4.6172000002115965,2075.533199997153,7848.120689655172
1782361789,2,,Aggregated,0.600000,0.000000,9,13,21,23,26,36,41,43,2100,2100,2100,697,0,9,19.558292252515255,4.6172000002115965,2075.533199997153,7844.1592539454805
1782361790,2,,Aggregated,0.600000,0.000000,9,13,21,23,26,36,41,43,2100,2100,2100,697,0,9,19.558292252515255,4.6172000002115965,2075.533199997153,7844.1592539454805
1782361791,2,,Aggregated,0.500000,0.000000,9,13,21,23,26,36,41,43,2100,2100,2100,698,0,9,19.542652578810284,4.6172000002115965,2075.533199997153,7840.209169054441
1782361792,2,,Aggregated,0.500000,0.000000,9,13,21,23,26,36,41,43,2100,2100,2100,699,0,9,19.548615450656555,4.6172000002115965,2075.533199997153,7844.01287553648
1782361793,2,,Aggregated,0.500000,0.000000,9,13,21,23,26,36,41,43,2100,2100,2100,699,0,9,19.548615450656555,4.6172000002115965,2075.533199997153,7844.01287553648
1782361794,2,,Aggregated,0.500000,0.000000,9,13,21,23,26,36,41,43,2100,2100,2100,699,0,9,19.548615450656555,4.6172000002115965,2075.533199997153,7844.01287553648
1782361795,2,,Aggregated,0.600000,0.000000,9,13,21,23,26,36,41,43,2100,2100,2100,700,0,9,19.529057285721397,4.6172000002115965,2075.533199997153,7840.074285714286
1782361796,2,,Aggregated,0.500000,0.000000,9,13,21,23,26,35,41,43,2100,2100,2100,701,0,9,19.51921697575287,4.6172000002115965,2075.533199997153,7843.867332382311
1782361797,2,,Aggregated,0.500000,0.000000,9,13,21,23,26,35,41,43,2100,2100,2100,701,0,9,19.51921697575287,4.6172000002115965,2075.533199997153,7843.867332382311
1782361798,2,,Aggregated,0.600000,0.000000,9,13,21,23,26,35,41,43,2100,2100,2100,702,0,9,19.528638603993837,4.6172000002115965,2075.533199997153,7847.649572649572
1782361799,2,,Aggregated,0.600000,0.000000,9,13,21,23,26,35,41,43,2100,2100,2100,702,0,9,19.528638603993837,4.6172000002115965,2075.533199997153,7847.649572649572
1782361800,2,,Aggregated,0.500000,0.000000,9,13,21,23,26,35,41,43,2100,2100,2100,703,0,9,19.51812574680322,4.6172000002115965,2075.533199997153,7851.421052631579
1782361801,2,,Aggregated,0.600000,0.000000,9,13,21,23,26,35,41,43,2100,2100,2100,704,0,9,19.500643039784585,4.6172000002115965,2075.533199997153,7848.599431818182
1782361802,2,,Aggregated,0.600000,0.000000,9,13,21,23,26,35,41,43,2100,2100,2100,704,0,9,19.500643039784585,4.6172000002115965,2075.533199997153,7848.599431818182
1782361803,2,,Aggregated,0.600000,0.000000,9,13,21,23,26,35,41,43,2100,2100,2100,704,0,9,19.500643039784585,4.6172000002115965,2075.533199997153,7848.599431818182
1782361804,2,,Aggregated,0.500000,0.000000,9,13,21,23,26,35,41,43,2100,2100,2100,705,0,9,19.48236283688915,4.6172000002115965,2075.533199997153,7845.785815602837
1782361805,2,,Aggregated,0.500000,0.000000,9,13,21,23,26,35,41,43,2100,2100,2100,706,0,9,19.46577450426486,4.6172000002115965,2075.533199997153,7842.980169971672
1782361806,2,,Aggregated,0.500000,0.000000,9,13,21,23,26,35,41,43,2100,2100,2100,706,0,9,19.46577450426486,4.6172000002115965,2075.533199997153,7842.980169971672
1782361807,2,,Aggregated,0.600000,0.000000,9,13,21,23,26,35,41,43,2100,2100,2100,708,0,9,19.432364406795365,4.6172000002115965,2075.533199997153,7836.293785310734
1782361808,2,,Aggregated,0.600000,0.000000,9,13,21,23,26,35,41,43,2100,2100,2100,708,0,9,19.432364406795365,4.6172000002115965,2075.533199997153,7836.293785310734
1782361809,2,,Aggregated,0.600000,0.000000,9,13,21,23,26,35,41,43,2100,2100,2100,708,0,9,19.432364406795365,4.6172000002115965,2075.533199997153,7836.293785310734
1782361810,2,,Aggregated,0.600000,0.000000,9,13,21,23,26,35,41,43,2100,2100,2100,708,0,9,19.432364406795365,4.6172000002115965,2075.533199997153,7836.293785310734
1782361811,2,,Aggregated,0.700000,0.000000,9,13,21,23,26,35,41,43,2100,2100,2100,710,0,9,19.39530126760922,4.6172000002115965,2075.533199997153,7830.740845070422
1782361812,2,,Aggregated,0.700000,0.000000,9,13,21,23,26,35,41,43,2100,2100,2100,710,0,9,19.39530126760922,4.6172000002115965,2075.533199997153,7830.740845070422
1782361813,2,,Aggregated,0.700000,0.000000,9,13,21,23,26,35,41,43,2100,2100,2100,710,0,9,19.39530126760922,4.6172000002115965,2075.533199997153,7830.740845070422
1782361814,2,,Aggregated,0.700000,0.000000,9,13,21,23,26,35,41,43,2100,2100,2100,710,0,9,19.39530126760922,4.6172000002115965,2075.533199997153,7830.740845070422
1782361815,2,,Aggregated,0.600000,0.000000,9,13,21,22,26,35,41,43,2100,2100,2100,711,0,9,19.375633333338772,4.6172000002115965,2075.533199997153,7827.9760900140645
1782361816,2,,Aggregated,0.600000,0.000000,9,13,21,22,26,35,41,43,2100,2100,2100,712,0,9,19.35782064607706,4.6172000002115965,2075.533199997153,7825.2191011235955
1782361817,2,,Aggregated,0.600000,0.000000,9,13,21,22,26,35,41,43,2100,2100,2100,712,0,9,19.35782064607706,4.6172000002115965,2075.533199997153,7825.2191011235955
1782361818,2,,Aggregated,0.600000,0.000000,9,13,21,22,26,35,41,43,2100,2100,2100,712,0,9,19.35782064607706,4.6172000002115965,2075.533199997153,7825.2191011235955
1782361819,2,,Aggregated,0.500000,0.000000,9,13,21,23,26,36,41,43,2100,2100,2100,714,0,9,19.371157563041212,4.6172000002115965,2075.533199997153,7826.218487394958
1782361820,2,,Aggregated,0.500000,0.000000,9,13,21,23,26,36,41,43,2100,2100,2100,714,0,9,19.371157563041212,4.6172000002115965,2075.533199997153,7826.218487394958
1782361821,2,,Aggregated,0.500000,0.000000,9,13,21,23,26,36,41,43,2100,2100,2100,715,0,9,19.353433706312458,4.6172000002115965,2075.533199997153,7823.475524475524
1782361822,2,,Aggregated,0.500000,0.000000,9,13,21,23,26,36,41,43,2100,2100,2100,715,0,9,19.353433706312458,4.6172000002115965,2075.533199997153,7823.475524475524
1782361823,2,,Aggregated,0.600000,0.000000,9,13,21,22,26,36,41,43,2100,2100,2100,716,0,9,19.342961731863447,4.6172000002115965,2075.533199997153,7827.212290502794
1782361824,2,,Aggregated,0.500000,0.000000,9,13,21,22,26,36,41,43,2100,2100,2100,717,0,9,19.326088563478606,4.6172000002115965,2075.533199997153,7823.390516039051
1782361825,2,,Aggregated,0.500000,0.000000,9,13,21,22,26,36,41,43,2100,2100,2100,717,0,9,19.326088563478606,4.6172000002115965,2075.533199997153,7823.390516039051
1782361826,2,,Aggregated,0.600000,0.000000,9,13,21,23,26,36,41,43,2100,2100,2100,718,0,9,19.333500139289445,4.6172000002115965,2075.533199997153,7827.116991643454
1782361827,2,,Aggregated,0.600000,0.000000,9,13,21,23,26,36,41,43,2100,2100,2100,718,0,9,19.333500139289445,4.6172000002115965,2075.533199997153,7827.116991643454
1782361828,2,,Aggregated,0.600000,0.000000,9,13,21,23,26,36,41,43,2100,2100,2100,719,0,9,19.31525591100229,4.6172000002115965,2075.533199997153,7823.305980528512
1782361829,2,,Aggregated,0.600000,0.000000,9,13,21,23,26,36,41,43,2100,2100,2100,719,0,9,19.31525591100229,4.6172000002115965,2075.533199997153,7823.305980528512
1782361830,2,,Aggregated,0.600000,0.000000,9,13,21,23,26,36,41,43,2100,2100,2100,720,0,9,19.296653750017057,4.6172000002115965,2075.533199997153,7820.586111111111
1782361831,2,,Aggregated,0.600000,0.000000,9,13,21,23,26,36,41,43,2100,2100,2100,720,0,9,19.296653750017057,4.6172000002115965,2075.533199997153,7820.586111111111
1782361832,2,,Aggregated,0.500000,0.000000,9,13,21,23,26,35,41,43,2100,2100,2100,721,0,9,19.302065187253653,4.6172000002115965,2075.533199997153,7824.300970873786
1782361833,2,,Aggregated,0.600000,0.000000,9,13,21,23,26,35,41,43,2100,2100,2100,722,0,9,19.285746398903502,4.6172000002115965,2075.533199997153,7821.587257617729
1782361834,2,,Aggregated,0.600000,0.000000,9,13,21,23,26,35,41,43,2100,2100,2100,722,0,9,19.285746398903502,4.6172000002115965,2075.533199997153,7821.587257617729
1782361835,2,,Aggregated,0.600000,0.000000,9,13,21,23,26,35,41,43,2100,2100,2100,722,0,9,19.285746398903502,4.6172000002115965,2075.533199997153,7821.587257617729
1782361836,2,,Aggregated,0.600000,0.000000,9,13,21,23,26,36,41,43,2100,2100,2100,724,0,9,19.29644005526599,4.6172000002115965,2075.533199997153,7822.582872928177
1782361837,2,,Aggregated,0.600000,0.000000,9,13,21,23,26,36,41,43,2100,2100,2100,724,0,9,19.29644005526599,4.6172000002115965,2075.533199997153,7822.582872928177
1782361838,2,,Aggregated,0.600000,0.000000,9,13,21,23,26,36,41,43,2100,2100,2100,724,0,9,19.29644005526599,4.6172000002115965,2075.533199997153,7822.582872928177
1782361839,2,,Aggregated,0.600000,0.000000,9,13,21,23,26,36,41,43,2100,2100,2100,726,0,9,19.263097382942007,4.6172000002115965,2075.533199997153,7817.190082644628
1782361840,2,,Aggregated,0.600000,0.000000,9,13,21,23,26,36,41,43,2100,2100,2100,726,0,9,19.263097382942007,4.6172000002115965,2075.533199997153,7817.190082644628
1782361841,2,,Aggregated,0.600000,0.000000,9,13,21,23,26,36,41,43,2100,2100,2100,727,0,9,19.30663713894439,4.6172000002115965,2075.533199997153,7820.878954607978
1782361842,2,,Aggregated,0.700000,0.000000,9,13,21,23,26,36,41,43,2100,2100,2100,728,0,9,19.297552747267908,4.6172000002115965,2075.533199997153,7824.557692307692
1782361844,2,,Aggregated,0.700000,0.000000,9,13,21,23,26,36,41,43,2100,2100,2100,728,0,9,19.297552747267908,4.6172000002115965,2075.533199997153,7824.557692307692
1782361845,2,,Aggregated,0.700000,0.000000,9,13,21,23,26,36,41,43,2100,2100,2100,729,0,9,19.288437037050993,4.6172000002115965,2075.533199997153,7828.22633744856
1782361846,2,,Aggregated,0.700000,0.000000,9,13,21,23,26,36,41,43,2100,2100,2100,730,0,9,19.27776890412158,4.6172000002115965,2075.533199997153,7831.884931506849
1782361847,2,,Aggregated,0.700000,0.000000,9,13,21,23,26,36,41,43,2100,2100,2100,730,0,9,19.27776890412158,4.6172000002115965,2075.533199997153,7831.884931506849
1782361848,2,,Aggregated,0.700000,0.000000,9,13,21,23,26,36,41,43,2100,2100,2100,731,0,9,19.302262243518232,4.6172000002115965,2075.533199997153,7835.533515731874
1782361849,2,,Aggregated,0.800000,0.000000,9,13,21,23,26,36,41,43,2100,2100,2100,732,0,9,19.28444836067072,4.6172000002115965,2075.533199997153,7832.841530054645
1782361850,2,,Aggregated,0.800000,0.000000,9,13,21,23,26,36,41,43,2100,2100,2100,732,0,9,19.28444836067072,4.6172000002115965,2075.533199997153,7832.841530054645
1782361851,2,,Aggregated,0.700000,0.000000,9,13,21,23,26,36,41,43,2100,2100,2100,733,0,9,19.26635293316264,4.6172000002115965,2075.533199997153,7830.156889495225
1782361852,2,,Aggregated,0.700000,0.000000,9,13,21,23,26,36,41,43,2100,2100,2100,734,0,9,19.248672479580282,4.6172000002115965,2075.533199997153,7827.479564032697
1782361853,2,,Aggregated,0.700000,0.000000,9,13,21,23,26,36,41,43,2100,2100,2100,734,0,9,19.248672479580282,4.6172000002115965,2075.533199997153,7827.479564032697
1782361854,2,,Aggregated,0.600000,0.000000,9,13,21,23,26,36,41,43,2100,2100,2100,736,0,9,19.218223505454855,4.6172000002115965,2075.533199997153,7822.146739130435
1782361855,2,,Aggregated,0.600000,0.000000,9,13,21,23,26,36,41,43,2100,2100,2100,736,0,9,19.218223505454855,4.6172000002115965,2075.533199997153,7822.146739130435
1782361856,2,,Aggregated,0.600000,0.000000,9,13,21,23,26,36,41,43,2100,2100,2100,736,0,9,19.218223505454855,4.6172000002115965,2075.533199997153,7822.146739130435
1782361857,2,,Aggregated,0.600000,0.000000,9,13,21,23,26,36,41,43,2100,2100,2100,736,0,9,19.218223505454855,4.6172000002115965,2075.533199997153,7822.146739130435
1782361858,2,,Aggregated,0.600000,0.000000,9,13,21,23,26,36,41,43,2100,2100,2100,738,0,9,19.226693902457313,4.6172000002115965,2075.533199997153,7829.40108401084
1782361859,2,,Aggregated,0.600000,0.000000,9,13,21,23,26,36,41,43,2100,2100,2100,738,0,9,19.226693902457313,4.6172000002115965,2075.533199997153,7829.40108401084
1782361860,2,,Aggregated,0.600000,0.000000,9,13,21,23,26,36,41,43,2100,2100,2100,738,0,9,19.226693902457313,4.6172000002115965,2075.533199997153,7829.40108401084
1782361861,2,,Aggregated,0.600000,0.000000,9,13,21,23,26,36,41,43,2100,2100,2100,738,0,9,19.226693902457313,4.6172000002115965,2075.533199997153,7829.40108401084
1782361862,2,,Aggregated,0.600000,0.000000,9,13,21,23,26,36,41,43,2100,2100,2100,739,0,9,19.21215913397632,4.6172000002115965,2075.533199997153,7826.742895805142
1782361863,2,,Aggregated,0.600000,0.000000,9,13,21,23,26,36,41,43,2100,2100,2100,740,0,9,19.194808108118565,4.6172000002115965,2075.533199997153,7823.040540540541
1782361864,2,,Aggregated,0.600000,0.000000,9,13,21,23,26,36,41,43,2100,2100,2100,740,0,9,19.194808108118565,4.6172000002115965,2075.533199997153,7823.040540540541
1782361865,2,,Aggregated,0.500000,0.000000,9,13,21,23,26,36,41,43,2100,2100,2100,741,0,9,19.18056531714889,4.6172000002115965,2075.533199997153,7820.398110661268
1782361866,2,,Aggregated,0.600000,0.000000,9,13,21,23,26,36,41,43,2100,2100,2100,742,0,9,19.185708490573905,4.6172000002115965,2075.533199997153,7824.00808625337
1782361867,2,,Aggregated,0.600000,0.000000,9,13,21,23,26,36,41,43,2100,2100,2100,742,0,9,19.185708490573905,4.6172000002115965,2075.533199997153,7824.00808625337
1782361868,2,,Aggregated,0.600000,0.000000,9,13,21,23,26,36,41,43,2100,2100,2100,743,0,9,19.167594078071257,4.6172000002115965,2075.533199997153,7821.371467025572
1782361869,2,,Aggregated,0.600000,0.000000,9,13,21,23,26,36,41,43,2100,2100,2100,743,0,9,19.167594078071257,4.6172000002115965,2075.533199997153,7821.371467025572
1782361870,2,,Aggregated,0.600000,0.000000,9,13,21,23,26,36,41,43,2100,2100,2100,744,0,9,19.151151612903206,4.6172000002115965,2075.533199997153,7817.69623655914
1782361871,2,,Aggregated,0.600000,0.000000,9,13,21,23,26,36,41,43,2100,2100,2100,744,0,9,19.151151612903206,4.6172000002115965,2075.533199997153,7817.69623655914
1782361872,2,,Aggregated,0.600000,0.000000,9,13,21,23,26,36,41,43,2100,2100,2100,744,0,9,19.151151612903206,4.6172000002115965,2075.533199997153,7817.69623655914
1782361873,2,,Aggregated,0.600000,0.000000,9,13,21,23,26,36,41,43,2100,2100,2100,745,0,9,19.156385369125392,4.6172000002115965,2075.533199997153,7821.295302013423
1782361874,2,,Aggregated,0.600000,0.000000,9,13,21,23,26,36,41,43,2100,2100,2100,746,0,9,19.142078954416927,4.6172000002115965,2075.533199997153,7818.672922252011
1782361875,2,,Aggregated,0.600000,0.000000,9,13,21,23,26,36,41,43,2100,2100,2100,746,0,9,19.142078954416927,4.6172000002115965,2075.533199997153,7818.672922252011
1782361876,2,,Aggregated,0.500000,0.000000,9,13,21,23,26,36,41,43,2100,2100,2100,747,0,9,19.125339223557464,4.6172000002115965,2075.533199997153,7815.016064257028
1782361877,2,,Aggregated,0.500000,0.000000,9,13,21,23,26,36,41,43,2100,2100,2100,747,0,9,19.125339223557464,4.6172000002115965,2075.533199997153,7815.016064257028
1782361878,2,,Aggregated,0.500000,0.000000,9,13,21,23,26,36,41,43,2100,2100,2100,748,0,9,19.13232740640952,4.6172000002115965,2075.533199997153,7818.604278074867
1782361879,2,,Aggregated,0.500000,0.000000,9,13,21,23,26,36,41,43,2100,2100,2100,749,0,9,19.12115447261888,4.6172000002115965,2075.533199997153,7814.957276368491
1782361880,2,,Aggregated,0.500000,0.000000,9,13,21,23,26,36,41,43,2100,2100,2100,749,0,9,19.12115447261888,4.6172000002115965,2075.533199997153,7814.957276368491
1782361881,2,,Aggregated,0.500000,0.000000,9,13,21,23,26,36,41,43,2100,2100,2100,751,0,9,19.093745139797345,4.6172000002115965,2075.533199997153,7814.898801597869
1782361882,2,,Aggregated,0.500000,0.000000,9,13,21,23,26,36,41,43,2100,2100,2100,751,0,9,19.093745139797345,4.6172000002115965,2075.533199997153,7814.898801597869
1782361883,2,,Aggregated,0.700000,0.000000,9,13,21,23,26,36,41,43,2100,2100,2100,752,0,9,19.075858244668005,4.6172000002115965,2075.533199997153,7812.30585106383
1782361884,2,,Aggregated,0.700000,0.000000,9,13,21,23,26,36,41,43,2100,2100,2100,752,0,9,19.075858244668005,4.6172000002115965,2075.533199997153,7812.30585106383
1782361885,2,,Aggregated,0.700000,0.000000,9,13,21,23,26,36,41,43,2100,2100,2100,753,0,9,19.060117795475627,4.6172000002115965,2075.533199997153,7809.7197875166
1782361886,2,,Aggregated,0.700000,0.000000,9,13,21,23,26,36,41,43,2100,2100,2100,753,0,9,19.060117795475627,4.6172000002115965,2075.533199997153,7809.7197875166
1782361887,2,,Aggregated,0.600000,0.000000,9,13,21,23,26,36,41,43,2100,2100,2100,754,0,9,19.047209549055587,4.6172000002115965,2075.533199997153,7807.1405835543765
1782361888,2,,Aggregated,0.600000,0.000000,9,13,21,23,26,36,41,43,2100,2100,2100,754,0,9,19.047209549055587,4.6172000002115965,2075.533199997153,7807.1405835543765
1782361889,2,,Aggregated,0.700000,0.000000,9,13,21,23,26,36,41,43,2100,2100,2100,755,0,9,19.031553642370582,4.6172000002115965,2075.533199997153,7803.537748344371
1782361890,2,,Aggregated,0.700000,0.000000,9,13,21,23,26,36,41,43,2100,2100,2100,756,0,9,19.01775753966826,4.6172000002115965,2075.533199997153,7800.973544973545
1782361891,2,,Aggregated,0.700000,0.000000,9,13,21,23,26,36,41,43,2100,2100,2100,756,0,9,19.01775753966826,4.6172000002115965,2075.533199997153,7800.973544973545
1782361892,2,,Aggregated,0.700000,0.000000,9,13,21,23,26,36,41,43,2100,2100,2100,757,0,9,19.034123381755798,4.6172000002115965,2075.533199997153,7804.537648612946
1782361893,2,,Aggregated,0.700000,0.000000,9,13,21,23,26,36,41,43,2100,2100,2100,757,0,9,19.034123381755798,4.6172000002115965,2075.533199997153,7804.537648612946
1782361894,2,,Aggregated,0.500000,0.000000,9,13,21,23,26,36,41,43,2100,2100,2100,758,0,9,19.017494327166702,4.6172000002115965,2075.533199997153,7800.952506596306
1782361895,2,,Aggregated,0.600000,0.000000,9,13,21,23,26,36,41,43,2100,2100,2100,759,0,9,19.008230039521184,4.6172000002115965,2075.533199997153,7804.507246376812
1782361896,2,,Aggregated,0.600000,0.000000,9,13,21,23,26,36,41,43,2100,2100,2100,759,0,9,19.008230039521184,4.6172000002115965,2075.533199997153,7804.507246376812
1782361897,2,,Aggregated,0.600000,0.000000,9,13,21,23,26,36,41,43,2100,2100,2100,759,0,9,19.008230039521184,4.6172000002115965,2075.533199997153,7804.507246376812
1782361898,2,,Aggregated,0.600000,0.000000,9,13,21,23,26,36,41,43,2100,2100,2100,760,0,9,19.017439473674656,4.6172000002115965,2075.533199997153,7808.0526315789475
1782361899,2,,Aggregated,0.500000,0.000000,9,13,21,23,26,36,41,43,2100,2100,2100,761,0,9,19.00270762153838,4.6172000002115965,2075.533199997153,7804.477003942181
1782361900,2,,Aggregated,0.500000,0.000000,9,13,21,23,26,36,41,43,2100,2100,2100,761,0,9,19.00270762153838,4.6172000002115965,2075.533199997153,7804.477003942181
1782361901,2,,Aggregated,0.600000,0.000000,9,13,21,23,26,36,41,43,2100,2100,2100,762,0,9,19.00637349080364,4.6172000002115965,2075.533199997153,7808.01312335958
1782361902,2,,Aggregated,0.600000,0.000000,9,13,21,23,26,36,41,43,2100,2100,2100,763,0,9,18.991468545207116,4.6172000002115965,2075.533199997153,7804.4469200524245
1782361903,2,,Aggregated,0.600000,0.000000,9,13,21,23,26,36,41,43,2100,2100,2100,763,0,9,18.991468545207116,4.6172000002115965,2075.533199997153,7804.4469200524245
1782361904,2,,Aggregated,0.600000,0.000000,9,13,21,23,26,36,41,43,2100,2100,2100,763,0,9,18.991468545207116,4.6172000002115965,2075.533199997153,7804.4469200524245
1782361905,2,,Aggregated,0.700000,0.000000,9,13,21,23,26,36,41,43,2100,2100,2100,764,0,9,18.974521465960517,4.6172000002115965,2075.533199997153,7801.908376963351
1782361906,2,,Aggregated,0.500000,0.000000,9,13,21,23,26,36,41,43,2100,2100,2100,765,0,9,18.960966143783356,4.6172000002115965,2075.533199997153,7799.376470588235
1782361907,2,,Aggregated,0.500000,0.000000,9,13,21,23,26,36,41,43,2100,2100,2100,765,0,9,18.960966143783356,4.6172000002115965,2075.533199997153,7799.376470588235
1782361908,2,,Aggregated,0.500000,0.000000,9,13,21,23,26,36,41,43,2100,2100,2100,765,0,9,18.960966143783356,4.6172000002115965,2075.533199997153,7799.376470588235
1782361909,2,,Aggregated,0.600000,0.000000,9,13,21,23,26,36,41,43,2100,2100,2100,766,0,9,18.946213315916733,4.6172000002115965,2075.533199997153,7795.835509138381
1782361910,2,,Aggregated,0.600000,0.000000,9,13,21,23,26,36,41,43,2100,2100,2100,766,0,9,18.946213315916733,4.6172000002115965,2075.533199997153,7795.835509138381
1782361911,2,,Aggregated,0.600000,0.000000,9,13,21,23,26,36,41,43,2100,2100,2100,767,0,9,18.951883311593264,4.6172000002115965,2075.533199997153,7799.3598435462845
1782361912,2,,Aggregated,0.600000,0.000000,9,13,21,23,26,36,41,43,2100,2100,2100,767,0,9,18.951883311593264,4.6172000002115965,2075.533199997153,7799.3598435462845
1782361913,2,,Aggregated,0.600000,0.000000,9,13,21,23,26,36,41,43,2100,2100,2100,767,0,9,18.951883311593264,4.6172000002115965,2075.533199997153,7799.3598435462845
1782361914,2,,Aggregated,0.400000,0.000000,9,13,21,23,26,36,41,43,2100,2100,2100,769,0,9,18.931747594272935,4.6172000002115965,2075.533199997153,7800.355006501951
1782361915,2,,Aggregated,0.400000,0.000000,9,13,21,23,26,36,41,43,2100,2100,2100,769,0,9,18.931747594272935,4.6172000002115965,2075.533199997153,7800.355006501951
1782361916,2,,Aggregated,0.400000,0.000000,9,13,21,23,26,36,41,43,2100,2100,2100,769,0,9,18.931747594272935,4.6172000002115965,2075.533199997153,7800.355006501951
1782361917,2,,Aggregated,0.500000,0.000000,9,13,21,23,26,36,41,43,2100,2100,2100,771,0,9,18.931036964973515,4.6172000002115965,2075.533199997153,7807.355382619974
1782361918,2,,Aggregated,0.500000,0.000000,9,13,21,23,26,36,41,43,2100,2100,2100,771,0,9,18.931036964973515,4.6172000002115965,2075.533199997153,7807.355382619974
1782361919,2,,Aggregated,0.500000,0.000000,9,13,21,23,26,36,41,43,2100,2100,2100,772,0,9,18.913886917091425,4.6172000002115965,2075.533199997153,7804.839378238342
1782361920,2,,Aggregated,0.600000,0.000000,9,13,21,23,26,36,41,43,2100,2100,2100,773,0,9,18.898778913318157,4.6172000002115965,2075.533199997153,7802.3298835705045
1782361921,2,,Aggregated,0.600000,0.000000,9,13,21,23,26,36,41,43,2100,2100,2100,774,0,9,18.883835788106968,4.6172000002115965,2075.533199997153,7799.826873385013
1782361922,2,,Aggregated,0.600000,0.000000,9,13,21,23,26,36,41,43,2100,2100,2100,774,0,9,18.883835788106968,4.6172000002115965,2075.533199997153,7799.826873385013
1782361923,2,,Aggregated,0.600000,0.000000,9,13,21,23,26,36,41,43,2100,2100,2100,774,0,9,18.883835788106968,4.6172000002115965,2075.533199997153,7799.826873385013
1782361924,2,,Aggregated,0.600000,0.000000,9,13,21,23,26,36,41,43,2100,2100,2100,774,0,9,18.883835788106968,4.6172000002115965,2075.533199997153,7799.826873385013
1782361925,2,,Aggregated,0.700000,0.000000,9,13,21,23,26,36,41,43,2100,2100,2100,776,0,9,18.867965592773505,4.6172000002115965,2075.533199997153,7800.811855670103
1782361926,2,,Aggregated,0.700000,0.000000,9,13,21,23,26,36,41,43,2100,2100,2100,776,0,9,18.867965592773505,4.6172000002115965,2075.533199997153,7800.811855670103
1782361927,2,,Aggregated,0.700000,0.000000,9,13,21,23,26,36,41,43,2100,2100,2100,776,0,9,18.867965592773505,4.6172000002115965,2075.533199997153,7800.811855670103
1782361928,2,,Aggregated,0.700000,0.000000,9,13,21,23,26,36,41,43,2100,2100,2100,776,0,9,18.867965592773505,4.6172000002115965,2075.533199997153,7800.811855670103
1782361929,2,,Aggregated,0.600000,0.000000,9,13,21,23,26,36,41,43,2100,2100,2100,778,0,9,18.84447544986208,4.6172000002115965,2075.533199997153,7800.79177377892
1782361930,2,,Aggregated,0.600000,0.000000,9,13,21,23,26,36,41,43,2100,2100,2100,778,0,9,18.84447544986208,4.6172000002115965,2075.533199997153,7800.79177377892
1782361931,2,,Aggregated,0.600000,0.000000,9,13,21,23,26,36,41,43,2100,2100,2100,778,0,9,18.84447544986208,4.6172000002115965,2075.533199997153,7800.79177377892
1782361932,2,,Aggregated,0.600000,0.000000,9,13,21,23,26,36,41,43,2100,2100,2100,779,0,9,18.82900102694659,4.6172000002115965,2075.533199997153,7797.308087291399
1782361933,2,,Aggregated,0.600000,0.000000,9,13,21,23,26,36,41,43,2100,2100,2100,779,0,9,18.82900102694659,4.6172000002115965,2075.533199997153,7797.308087291399
1782361934,2,,Aggregated,0.400000,0.000000,9,13,21,23,26,36,41,43,2100,2100,2100,780,0,9,18.816195897428162,4.6172000002115965,2075.533199997153,7794.830769230769
1782361935,2,,Aggregated,0.400000,0.000000,9,13,21,23,26,36,41,43,2100,2100,2100,780,0,9,18.816195897428162,4.6172000002115965,2075.533199997153,7794.830769230769
1782361936,2,,Aggregated,0.500000,0.000000,9,13,21,22,26,35,41,43,2100,2100,2100,781,0,9,18.800307426363304,4.6172000002115965,2075.533199997153,7792.359795134443
1782361937,2,,Aggregated,0.500000,0.000000,9,13,21,22,26,35,41,43,2100,2100,2100,782,0,9,18.804040537072854,4.6172000002115965,2075.533199997153,7795.820971867008
1782361938,2,,Aggregated,0.400000,0.000000,9,13,21,22,26,35,41,43,2100,2100,2100,783,0,9,18.787115708793472,4.6172000002115965,2075.533199997153,7793.355044699872
1782361939,2,,Aggregated,0.400000,0.000000,9,13,21,22,26,35,41,43,2100,2100,2100,783,0,9,18.787115708793472,4.6172000002115965,2075.533199997153,7793.355044699872
1782361940,2,,Aggregated,0.600000,0.000000,9,13,21,22,26,35,41,43,2100,2100,2100,784,0,9,18.77436237242475,4.6172000002115965,2075.533199997153,7790.8954081632655
1782361941,2,,Aggregated,0.600000,0.000000,9,13,21,23,26,35,41,43,2100,2100,2100,785,0,9,18.7833797451977,4.6172000002115965,2075.533199997153,7794.345222929936
1782361942,2,,Aggregated,0.500000,0.000000,9,13,21,22,26,35,41,43,2100,2100,2100,786,0,9,18.774652035590545,4.6172000002115965,2075.533199997153,7797.786259541985
1782361944,2,,Aggregated,0.500000,0.000000,9,13,21,22,26,35,41,43,2100,2100,2100,786,0,9,18.774652035590545,4.6172000002115965,2075.533199997153,7797.786259541985
1782361945,2,,Aggregated,0.500000,0.000000,9,13,21,22,26,35,41,43,2100,2100,2100,786,0,9,18.774652035590545,4.6172000002115965,2075.533199997153,7797.786259541985
1782361946,2,,Aggregated,0.700000,0.000000,9,13,21,22,26,35,41,43,2100,2100,2100,787,0,9,18.75894815752947,4.6172000002115965,2075.533199997153,7795.330368487929
1782361947,2,,Aggregated,0.700000,0.000000,9,13,21,22,26,35,41,43,2100,2100,2100,787,0,9,18.75894815752947,4.6172000002115965,2075.533199997153,7795.330368487929
1782361948,2,,Aggregated,0.600000,0.000000,9,13,21,23,26,35,41,43,2100,2100,2100,788,0,9,18.76660406088575,4.6172000002115965,2075.533199997153,7798.761421319797
1782361949,2,,Aggregated,0.700000,0.000000,9,13,21,23,26,35,41,43,2100,2100,2100,789,0,9,18.753654752818218,4.6172000002115965,2075.533199997153,7795.324461343473
1782361950,2,,Aggregated,0.700000,0.000000,9,13,21,23,26,35,41,43,2100,2100,2100,789,0,9,18.753654752818218,4.6172000002115965,2075.533199997153,7795.324461343473
1782361951,2,,Aggregated,0.700000,0.000000,9,13,21,23,26,35,41,43,2100,2100,2100,789,0,9,18.753654752818218,4.6172000002115965,2075.533199997153,7795.324461343473
1782361952,2,,Aggregated,0.600000,0.000000,9,13,21,23,26,35,41,43,2100,2100,2100,790,0,9,18.738984303767026,4.6172000002115965,2075.533199997153,7792.8810126582275
1782361953,2,,Aggregated,0.600000,0.000000,9,13,21,23,26,35,41,43,2100,2100,2100,790,0,9,18.738984303767026,4.6172000002115965,2075.533199997153,7792.8810126582275
1782361954,2,,Aggregated,0.500000,0.000000,9,13,21,22,26,35,41,43,2100,2100,2100,791,0,9,18.72307888744745,4.6172000002115965,2075.533199997153,7790.44374209861
1782361955,2,,Aggregated,0.500000,0.000000,9,13,21,22,26,35,41,43,2100,2100,2100,791,0,9,18.72307888744745,4.6172000002115965,2075.533199997153,7790.44374209861
1782361956,2,,Aggregated,0.500000,0.000000,9,13,21,22,26,35,41,43,2100,2100,2100,791,0,9,18.72307888744745,4.6172000002115965,2075.533199997153,7790.44374209861
1782361957,2,,Aggregated,0.500000,0.000000,9,13,21,23,26,36,41,43,2100,2100,2100,793,0,9,18.739404791895176,4.6172000002115965,2075.533199997153,7790.450189155107
1782361958,2,,Aggregated,0.500000,0.000000,9,13,21,23,26,36,41,43,2100,2100,2100,793,0,9,18.739404791895176,4.6172000002115965,2075.533199997153,7790.450189155107
1782361959,2,,Aggregated,0.500000,0.000000,9,13,21,23,26,36,41,43,2100,2100,2100,793,0,9,18.739404791895176,4.6172000002115965,2075.533199997153,7790.450189155107
1782361960,2,,Aggregated,0.600000,0.000000,9,13,21,23,26,36,41,43,2100,2100,2100,794,0,9,18.733745717858604,4.6172000002115965,2075.533199997153,7793.861460957179
1782361961,2,,Aggregated,0.500000,0.000000,9,13,21,23,26,36,41,43,2100,2100,2100,795,0,9,18.724564905626167,4.6172000002115965,2075.533199997153,7797.264150943396
1782361962,2,,Aggregated,0.500000,0.000000,9,13,21,23,26,36,41,43,2100,2100,2100,795,0,9,18.724564905626167,4.6172000002115965,2075.533199997153,7797.264150943396
1782361963,2,,Aggregated,0.500000,0.000000,9,13,21,23,26,36,41,43,2100,2100,2100,796,0,9,18.744533291424684,4.6172000002115965,2075.533199997153,7800.658291457286
1782361964,2,,Aggregated,0.600000,0.000000,9,13,21,23,26,36,41,43,2100,2100,2100,797,0,9,18.734306775374467,4.6172000002115965,2075.533199997153,7804.04391468005
1782361965,2,,Aggregated,0.600000,0.000000,9,13,21,23,26,36,41,43,2100,2100,2100,797,0,9,18.734306775374467,4.6172000002115965,2075.533199997153,7804.04391468005
1782361966,2,,Aggregated,0.600000,0.000000,9,13,21,23,26,36,41,43,2100,2100,2100,797,0,9,18.734306775374467,4.6172000002115965,2075.533199997153,7804.04391468005
1782361967,2,,Aggregated,0.600000,0.000000,9,13,21,23,26,36,41,43,2100,2100,2100,799,0,9,18.717639173933385,4.6172000002115965,2075.533199997153,7810.789737171464
1782361968,2,,Aggregated,0.600000,0.000000,9,13,21,23,26,36,41,43,2100,2100,2100,799,0,9,18.717639173933385,4.6172000002115965,2075.533199997153,7810.789737171464
1782361969,2,,Aggregated,0.600000,0.000000,9,13,21,23,26,36,41,43,2100,2100,2100,799,0,9,18.717639173933385,4.6172000002115965,2075.533199997153,7810.789737171464
1782361970,2,,Aggregated,0.500000,0.000000,9,13,21,23,26,36,41,43,2100,2100,2100,800,0,9,18.72285124996779,4.6172000002115965,2075.533199997153,7814.15
1782361971,2,,Aggregated,0.500000,0.000000,9,13,21,23,26,36,41,43,2100,2100,2100,800,0,9,18.72285124996779,4.6172000002115965,2075.533199997153,7814.15
1782361972,2,,Aggregated,0.600000,0.000000,9,13,21,23,26,35,41,43,2100,2100,2100,801,0,9,18.709566541789005,4.6172000002115965,2075.533199997153,7811.716604244694
1782361973,2,,Aggregated,0.600000,0.000000,9,13,21,23,26,35,41,43,2100,2100,2100,801,0,9,18.709566541789005,4.6172000002115965,2075.533199997153,7811.716604244694
1782361974,2,,Aggregated,0.600000,0.000000,9,13,21,23,26,35,41,43,2100,2100,2100,801,0,9,18.709566541789005,4.6172000002115965,2075.533199997153,7811.716604244694
1782361975,2,,Aggregated,0.600000,0.000000,9,13,21,23,26,35,41,43,2100,2100,2100,802,0,9,18.695207980013684,4.6172000002115965,2075.533199997153,7809.28927680798
1782361976,2,,Aggregated,0.500000,0.000000,9,13,21,23,26,35,41,43,2100,2100,2100,803,0,9,18.681065130723013,4.6172000002115965,2075.533199997153,7806.86799501868
1782361977,2,,Aggregated,0.500000,0.000000,9,13,21,23,26,35,41,43,2100,2100,2100,803,0,9,18.681065130723013,4.6172000002115965,2075.533199997153,7806.86799501868
1782361978,2,,Aggregated,0.500000,0.000000,9,13,21,23,26,35,41,43,2100,2100,2100,803,0,9,18.681065130723013,4.6172000002115965,2075.533199997153,7806.86799501868
1782361979,2,,Aggregated,0.600000,0.000000,9,13,21,23,26,35,41,43,2100,2100,2100,804,0,9,18.665968532300372,4.6172000002115965,2075.533199997153,7804.452736318408
1782361980,2,,Aggregated,0.600000,0.000000,9,13,21,23,26,35,41,43,2100,2100,2100,804,0,9,18.665968532300372,4.6172000002115965,2075.533199997153,7804.452736318408
1782361981,2,,Aggregated,0.400000,0.000000,9,13,21,23,26,35,41,43,2100,2100,2100,805,0,9,18.653441490645243,4.6172000002115965,2075.533199997153,7802.04347826087
1782361982,2,,Aggregated,0.400000,0.000000,9,13,21,22,26,35,41,43,2100,2100,2100,806,0,9,18.638281761749507,4.6172000002115965,2075.533199997153,7799.640198511166
1782361983,2,,Aggregated,0.400000,0.000000,9,13,21,22,26,35,41,43,2100,2100,2100,806,0,9,18.638281761749507,4.6172000002115965,2075.533199997153,7799.640198511166
1782361984,2,,Aggregated,0.400000,0.000000,9,13,21,22,26,35,41,43,2100,2100,2100,806,0,9,18.638281761749507,4.6172000002115965,2075.533199997153,7799.640198511166
1782361985,2,,Aggregated,0.500000,0.000000,9,13,21,22,26,35,41,43,2100,2100,2100,808,0,9,18.611673886106033,4.6172000002115965,2075.533199997153,7793.888613861386
1782361986,2,,Aggregated,0.500000,0.000000,9,13,21,22,26,35,41,43,2100,2100,2100,808,0,9,18.611673886106033,4.6172000002115965,2075.533199997153,7793.888613861386
1782361987,2,,Aggregated,0.500000,0.000000,9,13,21,22,26,35,41,43,2100,2100,2100,808,0,9,18.611673886106033,4.6172000002115965,2075.533199997153,7793.888613861386
1782361988,2,,Aggregated,0.500000,0.000000,9,13,21,22,26,35,41,43,2100,2100,2100,808,0,9,18.611673886106033,4.6172000002115965,2075.533199997153,7793.888613861386
1782361989,2,,Aggregated,0.500000,0.000000,9,13,21,22,26,35,41,43,2100,2100,2100,809,0,9,18.596832014799677,4.6172000002115965,2075.533199997153,7790.542645241038
1782361990,2,,Aggregated,0.500000,0.000000,9,13,21,23,26,35,41,43,2100,2100,2100,810,0,9,18.605599629598956,4.6172000002115965,2075.533199997153,7793.886419753087
1782361991,2,,Aggregated,0.500000,0.000000,9,13,21,23,26,35,41,43,2100,2100,2100,810,0,9,18.605599629598956,4.6172000002115965,2075.533199997153,7793.886419753087
1782361992,2,,Aggregated,0.500000,0.000000,9,13,21,23,26,35,41,43,2100,2100,2100,810,0,9,18.605599629598956,4.6172000002115965,2075.533199997153,7793.886419753087
1782361993,2,,Aggregated,0.600000,0.000000,9,13,21,22,26,35,41,43,2100,2100,2100,811,0,9,18.59786670773832,4.6172000002115965,2075.533199997153,7797.221948212084
1782361994,2,,Aggregated,0.600000,0.000000,9,13,21,22,26,35,41,43,2100,2100,2100,811,0,9,18.59786670773832,4.6172000002115965,2075.533199997153,7797.221948212084
1782361995,2,,Aggregated,0.500000,0.000000,9,13,21,22,26,35,41,43,2100,2100,2100,812,0,9,18.600414778299676,4.6172000002115965,2075.533199997153,7800.549261083744
1782361996,2,,Aggregated,0.500000,0.000000,9,13,21,22,26,35,41,43,2100,2100,2100,813,0,9,18.592772324692884,4.6172000002115965,2075.533199997153,7803.868388683887
1782361997,2,,Aggregated,0.500000,0.000000,9,13,21,22,26,35,41,43,2100,2100,2100,813,0,9,18.592772324692884,4.6172000002115965,2075.533199997153,7803.868388683887
1782361998,2,,Aggregated,0.500000,0.000000,9,13,21,22,26,35,41,43,2100,2100,2100,814,0,9,18.576989803410733,4.6172000002115965,2075.533199997153,7801.486486486487
1782361999,2,,Aggregated,0.500000,0.000000,9,13,21,22,26,35,41,43,2100,2100,2100,815,0,9,18.56445889568072,4.6172000002115965,2075.533199997153,7799.110429447853
1782362000,2,,Aggregated,0.600000,0.000000,9,13,21,22,26,35,41,43,2100,2100,2100,816,0,9,18.549032720561538,4.6172000002115965,2075.533199997153,7796.740196078431
1782362001,2,,Aggregated,0.600000,0.000000,9,13,21,22,26,35,41,43,2100,2100,2100,816,0,9,18.549032720561538,4.6172000002115965,2075.533199997153,7796.740196078431
1782362002,2,,Aggregated,0.600000,0.000000,9,13,21,22,26,35,41,43,2100,2100,2100,816,0,9,18.549032720561538,4.6172000002115965,2075.533199997153,7796.740196078431
1782362003,2,,Aggregated,0.500000,0.000000,9,13,21,22,26,35,41,43,2100,2100,2100,817,0,9,18.534191676846966,4.6172000002115965,2075.533199997153,7794.37576499388
1782362004,2,,Aggregated,0.600000,0.000000,9,13,21,22,26,35,41,43,2100,2100,2100,818,0,9,18.539018826385202,4.6172000002115965,2075.533199997153,7797.6821515892425
1782362005,2,,Aggregated,0.600000,0.000000,9,13,21,22,26,35,41,43,2100,2100,2100,818,0,9,18.539018826385202,4.6172000002115965,2075.533199997153,7797.6821515892425
1782362006,2,,Aggregated,0.600000,0.000000,9,13,21,22,26,35,41,43,2100,2100,2100,818,0,9,18.539018826385202,4.6172000002115965,2075.533199997153,7797.6821515892425
1782362007,2,,Aggregated,0.600000,0.000000,9,13,21,22,26,35,41,43,2100,2100,2100,819,0,9,18.537314285690353,4.6172000002115965,2075.533199997153,7800.980463980464
1782362008,2,,Aggregated,0.600000,0.000000,9,13,21,22,26,35,41,43,2100,2100,2100,820,0,9,18.53643109753626,4.6172000002115965,2075.533199997153,7804.270731707317
1782362009,2,,Aggregated,0.600000,0.000000,9,13,21,22,26,35,41,43,2100,2100,2100,820,0,9,18.53643109753626,4.6172000002115965,2075.533199997153,7804.270731707317
1782362010,2,,Aggregated,0.600000,0.000000,9,13,21,22,26,35,41,43,2100,2100,2100,820,0,9,18.53643109753626,4.6172000002115965,2075.533199997153,7804.270731707317
1782362011,2,,Aggregated,0.500000,0.000000,9,13,21,22,26,35,41,43,2100,2100,2100,821,0,9,18.52075651642135,4.6172000002115965,2075.533199997153,7801.908647990256
1782362012,2,,Aggregated,0.500000,0.000000,9,13,21,22,26,35,41,43,2100,2100,2100,822,0,9,18.506818004843677,4.6172000002115965,2075.533199997153,7799.552311435523
1782362013,2,,Aggregated,0.500000,0.000000,9,13,21,22,26,35,41,43,2100,2100,2100,822,0,9,18.506818004843677,4.6172000002115965,2075.533199997153,7799.552311435523
1782362014,2,,Aggregated,0.500000,0.000000,9,13,21,22,26,35,41,43,2100,2100,2100,823,0,9,18.49447339001909,4.6172000002115965,2075.533199997153,7796.256379100851
1782362015,2,,Aggregated,0.500000,0.000000,9,13,21,22,26,35,41,43,2100,2100,2100,823,0,9,18.49447339001909,4.6172000002115965,2075.533199997153,7796.256379100851
1782362016,2,,Aggregated,0.500000,0.000000,9,13,21,22,26,35,41,43,2100,2100,2100,824,0,9,18.50128349512479,4.6172000002115965,2075.533199997153,7799.53640776699
1782362017,2,,Aggregated,0.500000,0.000000,9,13,21,22,26,35,41,43,2100,2100,2100,825,0,9,18.48676860604125,4.6172000002115965,2075.533199997153,7797.191515151515
1782362018,2,,Aggregated,0.500000,0.000000,9,13,21,22,26,35,41,43,2100,2100,2100,825,0,9,18.48676860604125,4.6172000002115965,2075.533199997153,7797.191515151515
1782362019,2,,Aggregated,0.500000,0.000000,9,13,21,22,26,35,41,43,2100,2100,2100,825,0,9,18.48676860604125,4.6172000002115965,2075.533199997153,7797.191515151515
1782362020,2,,Aggregated,0.600000,0.000000,9,13,21,22,26,35,41,43,2100,2100,2100,826,0,9,18.473109564150654,4.6172000002115965,2075.533199997153,7794.852300242131
1782362021,2,,Aggregated,0.500000,0.000000,9,13,21,22,26,35,41,43,2100,2100,2100,827,0,9,18.458080652952273,4.6172000002115965,2075.533199997153,7792.518742442563
1782362022,2,,Aggregated,0.500000,0.000000,9,13,21,22,26,35,41,43,2100,2100,2100,827,0,9,18.458080652952273,4.6172000002115965,2075.533199997153,7792.518742442563
1782362023,2,,Aggregated,0.500000,0.000000,9,13,21,22,26,35,41,43,2100,2100,2100,828,0,9,18.46622620772123,4.6172000002115965,2075.533199997153,7795.787439613527
1782362024,2,,Aggregated,0.500000,0.000000,9,13,21,22,26,35,41,43,2100,2100,2100,828,0,9,18.46622620772123,4.6172000002115965,2075.533199997153,7795.787439613527
1782362025,2,,Aggregated,0.500000,0.000000,9,13,21,22,26,35,41,43,2100,2100,2100,830,0,9,18.45152493974254,4.6172000002115965,2075.533199997153,7802.301204819277
1782362026,2,,Aggregated,0.500000,0.000000,9,13,21,22,26,35,41,43,2100,2100,2100,830,0,9,18.45152493974254,4.6172000002115965,2075.533199997153,7802.301204819277
1782362027,2,,Aggregated,0.500000,0.000000,9,13,21,22,26,35,41,43,2100,2100,2100,830,0,9,18.45152493974254,4.6172000002115965,2075.533199997153,7802.301204819277
1782362028,2,,Aggregated,0.700000,0.000000,9,13,21,22,25,35,41,43,2100,2100,2100,831,0,9,18.45966630564196,4.6172000002115965,2075.533199997153,7805.546329723225
1782362029,2,,Aggregated,0.500000,0.000000,9,13,21,22,25,35,41,43,2100,2100,2100,832,0,9,18.451959134600095,4.6172000002115965,2075.533199997153,7808.783653846154
1782362030,2,,Aggregated,0.500000,0.000000,9,13,21,22,25,35,41,43,2100,2100,2100,832,0,9,18.451959134600095,4.6172000002115965,2075.533199997153,7808.783653846154
1782362031,2,,Aggregated,0.500000,0.000000,9,13,21,22,25,35,41,43,2100,2100,2100,832,0,9,18.451959134600095,4.6172000002115965,2075.533199997153,7808.783653846154
1782362032,2,,Aggregated,0.500000,0.000000,9,13,21,22,25,35,41,43,2100,2100,2100,832,0,9,18.451959134600095,4.6172000002115965,2075.533199997153,7808.783653846154
1782362033,2,,Aggregated,0.600000,0.000000,9,13,21,22,26,35,41,43,2100,2100,2100,833,0,9,18.462354261685267,4.6172000002115965,2075.533199997153,7812.013205282113
1782362034,2,,Aggregated,0.500000,0.000000,9,13,21,22,26,35,41,43,2100,2100,2100,834,0,9,18.44813033570911,4.6172000002115965,2075.533199997153,7808.745803357314
1782362035,2,,Aggregated,0.500000,0.000000,9,13,21,22,26,35,41,43,2100,2100,2100,834,0,9,18.44813033570911,4.6172000002115965,2075.533199997153,7808.745803357314
1782362036,2,,Aggregated,0.500000,0.000000,9,13,21,22,26,35,41,43,2100,2100,2100,835,0,9,18.435579880219493,4.6172000002115965,2075.533199997153,7806.417964071857
1782362037,2,,Aggregated,0.600000,0.000000,9,13,21,22,26,35,41,43,2100,2100,2100,836,0,9,18.421254665054004,4.6172000002115965,2075.533199997153,7804.095693779905
1782362038,2,,Aggregated,0.600000,0.000000,9,13,21,22,26,35,41,43,2100,2100,2100,836,0,9,18.421254665054004,4.6172000002115965,2075.533199997153,7804.095693779905
1782362039,2,,Aggregated,0.600000,0.000000,9,13,21,22,26,35,41,43,2100,2100,2100,836,0,9,18.421254665054004,4.6172000002115965,2075.533199997153,7804.095693779905
1782362041,2,,Aggregated,0.600000,0.000000,9,13,21,22,26,35,41,43,2100,2100,2100,836,0,9,18.421254665054004,4.6172000002115965,2075.533199997153,7804.095693779905
1782362042,2,,Aggregated,0.500000,0.000000,9,13,21,22,26,35,41,43,2100,2100,2100,837,0,9,18.408789486247585,4.6172000002115965,2075.533199997153,7801.778972520908
1782362043,2,,Aggregated,0.400000,0.000000,9,13,21,22,26,35,41,43,2100,2100,2100,838,0,9,18.41613257755395,4.6172000002115965,2075.533199997153,7804.997613365155
1782362044,2,,Aggregated,0.400000,0.000000,9,13,21,22,26,35,41,43,2100,2100,2100,838,0,9,18.41613257755395,4.6172000002115965,2075.533199997153,7804.997613365155
1782362045,2,,Aggregated,0.500000,0.000000,9,13,21,22,26,35,41,43,2100,2100,2100,839,0,9,18.402344457680556,4.6172000002115965,2075.533199997153,7802.685339690107
1782362046,2,,Aggregated,0.500000,0.000000,9,13,21,22,26,35,41,43,2100,2100,2100,839,0,9,18.402344457680556,4.6172000002115965,2075.533199997153,7802.685339690107
1782362047,2,,Aggregated,0.500000,0.000000,9,13,21,22,26,35,41,43,2100,2100,2100,839,0,9,18.402344457680556,4.6172000002115965,2075.533199997153,7802.685339690107
1782362048,2,,Aggregated,0.500000,0.000000,9,13,21,22,25,35,41,43,2100,2100,2100,841,0,9,18.38241082043556,4.6172000002115965,2075.533199997153,7802.662306777645
1782362049,2,,Aggregated,0.500000,0.000000,9,13,21,22,25,35,41,43,2100,2100,2100,841,0,9,18.38241082043556,4.6172000002115965,2075.533199997153,7802.662306777645
1782362050,2,,Aggregated,0.500000,0.000000,9,13,21,22,25,35,41,43,2100,2100,2100,841,0,9,18.38241082043556,4.6172000002115965,2075.533199997153,7802.662306777645
1782362051,2,,Aggregated,0.500000,0.000000,9,13,21,22,25,35,41,43,2100,2100,2100,843,0,9,18.377270462621286,4.6172000002115965,2075.533199997153,7803.562277580071
1782362052,2,,Aggregated,0.500000,0.000000,9,13,21,22,25,35,41,43,2100,2100,2100,843,0,9,18.377270462621286,4.6172000002115965,2075.533199997153,7803.562277580071
1782362053,2,,Aggregated,0.500000,0.000000,9,13,21,22,25,35,41,43,2100,2100,2100,843,0,9,18.377270462621286,4.6172000002115965,2075.533199997153,7803.562277580071
1782362054,2,,Aggregated,0.700000,0.000000,9,13,21,22,25,35,41,43,2100,2100,2100,844,0,9,18.364680213255777,4.6172000002115965,2075.533199997153,7801.265402843602
1782362055,2,,Aggregated,0.600000,0.000000,9,13,21,22,25,35,41,43,2100,2100,2100,845,0,9,18.356799289925828,4.6172000002115965,2075.533199997153,7804.45798816568
1782362056,2,,Aggregated,0.600000,0.000000,9,13,21,22,25,35,41,43,2100,2100,2100,845,0,9,18.356799289925828,4.6172000002115965,2075.533199997153,7804.45798816568
1782362057,2,,Aggregated,0.600000,0.000000,9,13,21,22,25,35,41,43,2100,2100,2100,845,0,9,18.356799289925828,4.6172000002115965,2075.533199997153,7804.45798816568
1782362058,2,,Aggregated,0.600000,0.000000,9,13,21,22,26,35,41,43,2100,2100,2100,846,0,9,18.366264538992823,4.6172000002115965,2075.533199997153,7807.643026004728
1782362059,2,,Aggregated,0.600000,0.000000,9,13,21,22,26,35,41,43,2100,2100,2100,847,0,9,18.35326080282081,4.6172000002115965,2075.533199997153,7805.349468713105
1782362060,2,,Aggregated,0.500000,0.000000,9,13,21,22,26,35,41,43,2100,2100,2100,848,0,9,18.340137264135162,4.6172000002115965,2075.533199997153,7803.061320754717
1782362061,2,,Aggregated,0.500000,0.000000,9,13,21,22,26,35,41,43,2100,2100,2100,848,0,9,18.340137264135162,4.6172000002115965,2075.533199997153,7803.061320754717
1782362062,2,,Aggregated,0.500000,0.000000,9,13,21,22,26,35,41,43,2100,2100,2100,849,0,9,18.333257126018708,4.6172000002115965,2075.533199997153,7806.236749116608
1782362063,2,,Aggregated,0.500000,0.000000,9,13,21,22,26,35,41,43,2100,2100,2100,849,0,9,18.333257126018708,4.6172000002115965,2075.533199997153,7806.236749116608
1782362064,2,,Aggregated,0.500000,0.000000,9,13,21,22,26,35,41,43,2100,2100,2100,849,0,9,18.333257126018708,4.6172000002115965,2075.533199997153,7806.236749116608
