Timestamp,User Count,Type,Name,Requests/s,Failures/s,50%,66%,75%,80%,90%,95%,98%,99%,99.9%,99.99%,100%,Total Request Count,Total Failure Count,Total Median Response Time,Total Average Response Time,Total Min Response Time,Total Max Response Time,Total Average Content Size
1782444704,0,,Aggregated,0.000000,0.000000,N/A,N/A,N/A,N/A,N/A,N/A,N/A,N/A,N/A,N/A,N/A,0,0,0,0.0,0,0,0
1782444705,1,,Aggregated,0.000000,0.000000,N/A,N/A,N/A,N/A,N/A,N/A,N/A,N/A,N/A,N/A,N/A,0,0,0,0.0,0,0,0
1782444706,3,,Aggregated,0.000000,0.000000,N/A,N/A,N/A,N/A,N/A,N/A,N/A,N/A,N/A,N/A,N/A,0,0,0,0.0,0,0,0
1782444707,4,GET,/ [checkout abuse session],0.000000,0.000000,0,0,0,0,0,0,0,0,0,0,0,1,0,2074.117500000284,2074.117500000284,2074.117500000284,2074.117500000284,10499.0
1782444707,4,POST,/cart [add item abuse],0.000000,0.000000,0,0,0,0,0,0,0,0,0,0,0,1,0,44.76930000237189,44.76930000237189,44.76930000237189,44.76930000237189,0.0
1782444707,4,GET,/cart [view abuse],0.000000,0.000000,0,0,0,0,0,0,0,0,0,0,0,1,0,7.044999998470303,7.044999998470303,7.044999998470303,7.044999998470303,14659.0
1782444707,4,POST,/cart/checkout [abuse],0.000000,0.000000,0,0,0,0,0,0,0,0,0,0,0,1,0,11.37899999594083,11.37899999594083,11.37899999594083,11.37899999594083,5004.0
1782444707,4,GET,/product/[id] [checkout abuse],0.000000,0.000000,0,0,0,0,0,0,0,0,0,0,0,1,0,5.330799998773728,5.330799998773728,5.330799998773728,5.330799998773728,5865.0
1782444707,4,,Aggregated,0.000000,0.000000,11,45,45,2100,2100,2100,2100,2100,2100,2100,2100,5,0,11,428.52831999916816,5.330799998773728,2074.117500000284,7205.4
1782444709,5,GET,/ [checkout abuse session],0.000000,0.000000,2000,2000,2000,2000,2000,2000,2000,2000,2000,2000,2000,2,0,2047.1870999972452,2060.6522999987646,2047.1870999972452,2074.117500000284,10499.0
1782444709,5,POST,/cart [add item abuse],0.000000,0.000000,4,4,4,4,4,4,4,4,4,4,4,2,0,4,24.14430000135326,3.519300000334624,44.76930000237189,0.0
1782444709,5,GET,/cart [view abuse],0.000000,0.000000,6,6,6,6,6,6,6,6,6,6,6,2,0,6,6.512399999337504,5.979800000204705,7.044999998470303,14659.0
1782444709,5,POST,/cart/checkout [abuse],0.000000,0.000000,10,10,10,10,10,10,10,10,10,10,10,2,0,10,10.495599995920202,9.612199995899573,11.37899999594083,5004.0
1782444709,5,GET,/product/[id] [checkout abuse],0.000000,0.000000,5,5,5,5,5,5,5,5,5,5,5,2,0,5,5.043749999458669,4.75670000014361,5.330799998773728,5865.0
1782444709,5,,Aggregated,0.000000,0.000000,10,11,45,2000,2100,2100,2100,2100,2100,2100,2100,10,0,7,421.36966999896686,3.519300000334624,2074.117500000284,7205.4
1782444710,5,GET,/ [checkout abuse session],0.000000,0.000000,2100,2100,2100,2100,2100,2100,2100,2100,2100,2100,2100,3,0,2074.117500000284,2063.713066665514,2047.1870999972452,2074.117500000284,10499.0
1782444710,5,POST,/cart [add item abuse],0.000000,0.000000,4,4,4,4,4,4,4,4,4,4,4,3,0,4,17.38676666961207,3.519300000334624,44.76930000237189,0.0
1782444710,5,GET,/cart [view abuse],0.000000,0.000000,6,6,6,6,6,6,6,6,6,6,6,3,0,6,6.260766667158653,5.757500002800953,7.044999998470303,14659.0
1782444710,5,POST,/cart/checkout [abuse],0.000000,0.000000,53,53,53,53,53,53,53,53,53,53,53,3,0,11,24.69326666566,9.612199995899573,53.0886000051396,5004.0
1782444710,5,GET,/product/[id] [checkout abuse],0.000000,0.000000,5,5,5,5,5,5,5,5,5,5,5,3,0,5,5.0020333340701955,4.75670000014361,5.330799998773728,5865.0
1782444710,5,,Aggregated,0.000000,0.000000,7,11,53,2000,2100,2100,2100,2100,2100,2100,2100,15,0,7,423.41118000040296,3.519300000334624,2074.117500000284,7205.4
1782444711,5,GET,/ [checkout abuse session],0.250000,0.000000,2100,2100,2100,2100,2100,2100,2100,2100,2100,2100,2100,4,0,2074.117500000284,2062.4702499990235,2047.1870999972452,2074.117500000284,10499.0
1782444711,5,POST,/cart [add item abuse],0.250000,0.000000,4,4,4,4,4,4,4,4,4,4,4,4,0,4,14.141925001240452,3.519300000334624,44.76930000237189,0.0
1782444711,5,GET,/cart [view abuse],0.250000,0.000000,6,6,7,7,7,7,7,7,7,7,7,4,0,6,6.424049999623094,5.757500002800953,7.044999998470303,14659.0
1782444711,5,POST,/cart/checkout [abuse],0.250000,0.000000,10,10,53,53,53,53,53,53,53,53,53,4,0,10,21.140900000318652,9.612199995899573,53.0886000051396,5004.0
1782444711,5,GET,/product/[id] [checkout abuse],0.250000,0.000000,5,5,6,6,6,6,6,6,6,6,6,4,0,5,5.153149999387097,4.75670000014361,5.606499995337799,5865.0
1782444711,5,,Aggregated,1.250000,0.000000,7,11,53,2000,2100,2100,2100,2100,2100,2100,2100,20,0,7,421.86605499991856,3.519300000334624,2074.117500000284,7205.4
1782444712,5,GET,/ [checkout abuse session],0.400000,0.000000,2100,2100,2100,2100,2100,2100,2100,2100,2100,2100,2100,5,0,2074.117500000284,2060.96225999936,2047.1870999972452,2074.117500000284,10499.0
1782444712,5,POST,/cart [add item abuse],0.400000,0.000000,4,4,7,7,49,49,49,49,49,49,49,7,0,4,16.48300000150422,3.519300000334624,48.56619999918621,0.0
1782444712,5,GET,/cart [view abuse],0.400000,0.000000,6,6,7,7,11,11,11,11,11,11,11,7,0,6,6.804142856188784,5.58199999795761,10.69419999839738,14659.0
1782444712,5,POST,/cart/checkout [abuse],0.400000,0.000000,10,10,26,26,53,53,53,53,53,53,53,7,0,10,18.460285713704902,9.408799996890593,53.0886000051396,5004.0
1782444712,5,GET,/product/[id] [checkout abuse],0.400000,0.000000,6,6,6,6,6,6,6,6,6,6,6,7,0,5,5.3493428578284306,4.664200001570862,6.317300001683179,5865.0
1782444712,5,,Aggregated,2.000000,0.000000,7,10,26,49,2100,2100,2100,2100,2100,2100,2100,33,0,7,322.25723333337527,3.519300000334624,2074.117500000284,7005.787878787879
1782444713,5,GET,/ [checkout abuse session],0.400000,0.000000,2100,2100,2100,2100,2100,2100,2100,2100,2100,2100,2100,5,0,2074.117500000284,2060.96225999936,2047.1870999972452,2074.117500000284,10499.0
1782444713,5,POST,/cart [add item abuse],0.400000,0.000000,4,4,7,7,49,49,49,49,49,49,49,7,0,4,16.48300000150422,3.519300000334624,48.56619999918621,0.0
1782444713,5,GET,/cart [view abuse],0.400000,0.000000,6,6,7,7,11,11,11,11,11,11,11,7,0,6,6.804142856188784,5.58199999795761,10.69419999839738,14659.0
1782444713,5,POST,/cart/checkout [abuse],0.400000,0.000000,10,10,26,26,53,53,53,53,53,53,53,7,0,10,18.460285713704902,9.408799996890593,53.0886000051396,5004.0
1782444713,5,GET,/product/[id] [checkout abuse],0.400000,0.000000,6,6,6,6,6,6,6,6,6,6,6,7,0,5,5.3493428578284306,4.664200001570862,6.317300001683179,5865.0
1782444713,5,,Aggregated,2.000000,0.000000,7,10,26,49,2100,2100,2100,2100,2100,2100,2100,33,0,7,322.25723333337527,3.519300000334624,2074.117500000284,7005.787878787879
1782444714,5,GET,/ [checkout abuse session],0.400000,0.000000,2100,2100,2100,2100,2100,2100,2100,2100,2100,2100,2100,5,0,2074.117500000284,2060.96225999936,2047.1870999972452,2074.117500000284,10499.0
1782444714,5,POST,/cart [add item abuse],0.400000,0.000000,4,4,7,7,49,49,49,49,49,49,49,7,0,4,16.48300000150422,3.519300000334624,48.56619999918621,0.0
1782444714,5,GET,/cart [view abuse],0.400000,0.000000,6,6,7,7,11,11,11,11,11,11,11,7,0,6,6.804142856188784,5.58199999795761,10.69419999839738,14659.0
1782444714,5,POST,/cart/checkout [abuse],0.400000,0.000000,10,10,26,26,53,53,53,53,53,53,53,7,0,10,18.460285713704902,9.408799996890593,53.0886000051396,5004.0
1782444714,5,GET,/product/[id] [checkout abuse],0.400000,0.000000,6,6,6,6,6,6,6,6,6,6,6,7,0,5,5.3493428578284306,4.664200001570862,6.317300001683179,5865.0
1782444714,5,,Aggregated,2.000000,0.000000,7,10,26,49,2100,2100,2100,2100,2100,2100,2100,33,0,7,322.25723333337527,3.519300000334624,2074.117500000284,7005.787878787879
1782444715,5,GET,/ [checkout abuse session],0.625000,0.000000,2100,2100,2100,2100,2100,2100,2100,2100,2100,2100,2100,5,0,2074.117500000284,2060.96225999936,2047.1870999972452,2074.117500000284,10499.0
1782444715,5,POST,/cart [add item abuse],0.875000,0.000000,5,5,5,7,49,49,49,49,49,49,49,10,0,5,13.066740000795107,3.519300000334624,48.56619999918621,0.0
1782444715,5,GET,/cart [view abuse],0.875000,0.000000,7,7,8,8,11,11,11,11,11,11,11,10,0,7,7.027419999212725,5.58199999795761,10.69419999839738,14659.0
1782444715,5,POST,/cart/checkout [abuse],0.875000,0.000000,10,12,13,26,53,53,53,53,53,53,53,10,0,10,16.399029998865444,9.408799996890593,53.0886000051396,5004.0
1782444715,5,GET,/product/[id] [checkout abuse],0.875000,0.000000,6,6,7,7,7,7,7,7,7,7,7,10,0,6,5.801550001342548,4.664200001570862,7.122100003471132,5865.0
1782444715,5,,Aggregated,4.125000,0.000000,7,10,11,26,2000,2100,2100,2100,2100,2100,2100,45,0,7,238.3946377777546,3.519300000334624,2074.117500000284,6839.444444444444
1782444716,5,GET,/ [checkout abuse session],0.555556,0.000000,2100,2100,2100,2100,2100,2100,2100,2100,2100,2100,2100,5,0,2074.117500000284,2060.96225999936,2047.1870999972452,2074.117500000284,10499.0
1782444716,5,POST,/cart [add item abuse],0.777778,0.000000,4,5,5,5,7,49,49,49,49,49,49,12,0,4,11.493825000798097,3.519300000334624,48.56619999918621,0.0
1782444716,5,GET,/cart [view abuse],0.777778,0.000000,6,7,8,8,8,11,11,11,11,11,11,12,0,6,6.873633332967681,5.58199999795761,10.69419999839738,14659.0
1782444716,5,POST,/cart/checkout [abuse],0.777778,0.000000,10,12,13,13,26,53,53,53,53,53,53,12,0,10,15.468699998867427,9.408799996890593,53.0886000051396,5004.0
1782444716,5,GET,/product/[id] [checkout abuse],0.777778,0.000000,6,7,7,7,7,7,7,7,7,7,7,12,0,6,5.914025001402479,4.664200001570862,7.122100003471132,5865.0
1782444716,5,,Aggregated,3.666667,0.000000,7,9,10,11,53,2100,2100,2100,2100,2100,2100,53,0,7,203.43044339632505,3.519300000334624,2074.117500000284,6770.396226415094
1782444717,5,GET,/ [checkout abuse session],0.555556,0.000000,2100,2100,2100,2100,2100,2100,2100,2100,2100,2100,2100,5,0,2074.117500000284,2060.96225999936,2047.1870999972452,2074.117500000284,10499.0
1782444717,5,POST,/cart [add item abuse],0.777778,0.000000,4,5,5,5,7,49,49,49,49,49,49,12,0,4,11.493825000798097,3.519300000334624,48.56619999918621,0.0
1782444717,5,GET,/cart [view abuse],0.777778,0.000000,6,7,8,8,8,11,11,11,11,11,11,12,0,6,6.873633332967681,5.58199999795761,10.69419999839738,14659.0
1782444717,5,POST,/cart/checkout [abuse],0.777778,0.000000,10,12,13,13,26,53,53,53,53,53,53,12,0,10,15.468699998867427,9.408799996890593,53.0886000051396,5004.0
1782444717,5,GET,/product/[id] [checkout abuse],0.777778,0.000000,6,7,7,7,7,7,7,7,7,7,7,12,0,6,5.914025001402479,4.664200001570862,7.122100003471132,5865.0
1782444717,5,,Aggregated,3.666667,0.000000,7,9,10,11,53,2100,2100,2100,2100,2100,2100,53,0,7,203.43044339632505,3.519300000334624,2074.117500000284,6770.396226415094
1782444718,5,GET,/ [checkout abuse session],0.555556,0.000000,2100,2100,2100,2100,2100,2100,2100,2100,2100,2100,2100,5,0,2074.117500000284,2060.96225999936,2047.1870999972452,2074.117500000284,10499.0
1782444718,5,POST,/cart [add item abuse],0.777778,0.000000,5,5,5,7,49,49,49,49,49,49,49,12,0,4,11.493825000798097,3.519300000334624,48.56619999918621,0.0
1782444718,5,GET,/cart [view abuse],0.777778,0.000000,7,7,8,8,11,11,11,11,11,11,11,12,0,6,6.873633332967681,5.58199999795761,10.69419999839738,14659.0
1782444718,5,POST,/cart/checkout [abuse],0.777778,0.000000,11,12,13,26,53,53,53,53,53,53,53,12,0,10,15.468699998867427,9.408799996890593,53.0886000051396,5004.0
1782444718,5,GET,/product/[id] [checkout abuse],0.777778,0.000000,6,7,7,7,7,7,7,7,7,7,7,12,0,6,5.914025001402479,4.664200001570862,7.122100003471132,5865.0
1782444718,5,,Aggregated,3.666667,0.000000,7,9,10,11,49,2100,2100,2100,2100,2100,2100,53,0,7,203.43044339632505,3.519300000334624,2074.117500000284,6770.396226415094
1782444719,5,GET,/ [checkout abuse session],0.500000,0.000000,2100,2100,2100,2100,2100,2100,2100,2100,2100,2100,2100,5,0,2074.117500000284,2060.96225999936,2047.1870999972452,2074.117500000284,10499.0
1782444719,5,POST,/cart [add item abuse],1.200000,0.000000,4,5,5,5,7,49,49,49,49,49,49,15,0,4,9.926940000635417,3.5028999991482124,48.56619999918621,0.0
1782444719,5,GET,/cart [view abuse],1.200000,0.000000,7,7,8,8,8,11,11,11,11,11,11,15,0,6,6.802766666805837,5.58199999795761,10.69419999839738,14659.0
1782444719,5,POST,/cart/checkout [abuse],1.200000,0.000000,11,11,13,13,14,26,26,26,26,26,26,15,0,11,14.690526665557021,9.408799996890593,53.0886000051396,5004.0
1782444719,5,GET,/product/[id] [checkout abuse],1.200000,0.000000,6,6,7,7,7,7,7,7,7,7,7,15,0,6,5.885006667328223,4.664200001570862,7.122100003471132,5865.0
1782444719,5,,Aggregated,5.300000,0.000000,7,8,10,11,14,49,2100,2100,2100,2100,2100,65,0,7,167.1444600000261,3.5028999991482124,2074.117500000284,6698.692307692308
1782444720,5,GET,/ [checkout abuse session],0.500000,0.000000,2100,2100,2100,2100,2100,2100,2100,2100,2100,2100,2100,5,0,2074.117500000284,2060.96225999936,2047.1870999972452,2074.117500000284,10499.0
1782444720,5,POST,/cart [add item abuse],1.200000,0.000000,4,5,5,5,7,49,49,49,49,49,49,17,0,4,9.262717647395808,3.5028999991482124,48.56619999918621,0.0
1782444720,5,GET,/cart [view abuse],1.200000,0.000000,6,7,8,8,8,11,11,11,11,11,11,17,0,6,6.6971235295675475,5.427399999462068,10.69419999839738,14659.0
1782444720,5,POST,/cart/checkout [abuse],1.200000,0.000000,11,12,12,13,14,26,26,26,26,26,26,17,0,11,14.260305881394101,9.408799996890593,53.0886000051396,5004.0
1782444720,5,GET,/product/[id] [checkout abuse],1.200000,0.000000,6,7,7,7,7,7,7,7,7,7,7,17,0,6,5.879864706537988,4.664200001570862,7.122100003471132,5865.0
1782444720,5,,Aggregated,5.300000,0.000000,6,8,10,10,12,26,49,2100,2100,2100,2100,73,0,7,149.5686506849318,3.5028999991482124,2074.117500000284,6663.986301369863
1782444721,5,GET,/ [checkout abuse session],0.500000,0.000000,2100,2100,2100,2100,2100,2100,2100,2100,2100,2100,2100,5,0,2074.117500000284,2060.96225999936,2047.1870999972452,2074.117500000284,10499.0
1782444721,5,POST,/cart [add item abuse],1.200000,0.000000,4,5,5,5,7,49,49,49,49,49,49,17,0,4,9.262717647395808,3.5028999991482124,48.56619999918621,0.0
1782444721,5,GET,/cart [view abuse],1.200000,0.000000,6,7,8,8,8,11,11,11,11,11,11,17,0,6,6.6971235295675475,5.427399999462068,10.69419999839738,14659.0
1782444721,5,POST,/cart/checkout [abuse],1.200000,0.000000,11,12,12,13,14,26,26,26,26,26,26,17,0,11,14.260305881394101,9.408799996890593,53.0886000051396,5004.0
1782444721,5,GET,/product/[id] [checkout abuse],1.200000,0.000000,6,7,7,7,7,7,7,7,7,7,7,17,0,6,5.879864706537988,4.664200001570862,7.122100003471132,5865.0
1782444721,5,,Aggregated,5.300000,0.000000,6,8,10,10,12,26,49,2100,2100,2100,2100,73,0,7,149.5686506849318,3.5028999991482124,2074.117500000284,6663.986301369863
1782444722,5,GET,/ [checkout abuse session],0.300000,0.000000,2100,2100,2100,2100,2100,2100,2100,2100,2100,2100,2100,5,0,2074.117500000284,2060.96225999936,2047.1870999972452,2074.117500000284,10499.0
1782444722,5,POST,/cart [add item abuse],1.300000,0.000000,4,5,5,5,5,5,5,5,5,5,5,19,0,4,8.766757894926215,3.5028999991482124,48.56619999918621,0.0
1782444722,5,GET,/cart [view abuse],1.300000,0.000000,6,7,8,8,8,8,8,8,8,8,8,19,0,6,6.649142105169104,5.427399999462068,10.69419999839738,14659.0
1782444722,5,POST,/cart/checkout [abuse],1.300000,0.000000,11,12,12,12,13,14,14,14,14,14,14,19,0,11,13.946094735920747,9.408799996890593,53.0886000051396,5004.0
1782444722,5,GET,/product/[id] [checkout abuse],1.300000,0.000000,7,7,7,7,7,8,8,8,8,8,8,19,0,6,5.977736842683761,4.664200001570862,7.806399997207336,5865.0
1782444722,5,,Aggregated,5.500000,0.000000,6,7,10,10,12,12,14,14,14,14,14,81,0,7,135.50945925916167,3.5028999991482124,2074.117500000284,6636.135802469136
1782444723,5,GET,/ [checkout abuse session],0.300000,0.000000,2100,2100,2100,2100,2100,2100,2100,2100,2100,2100,2100,5,0,2074.117500000284,2060.96225999936,2047.1870999972452,2074.117500000284,10499.0
1782444723,5,POST,/cart [add item abuse],1.300000,0.000000,4,5,5,5,5,5,5,5,5,5,5,19,0,4,8.766757894926215,3.5028999991482124,48.56619999918621,0.0
1782444723,5,GET,/cart [view abuse],1.300000,0.000000,6,7,8,8,8,8,8,8,8,8,8,19,0,6,6.649142105169104,5.427399999462068,10.69419999839738,14659.0
1782444723,5,POST,/cart/checkout [abuse],1.300000,0.000000,11,12,12,12,13,14,14,14,14,14,14,19,0,11,13.946094735920747,9.408799996890593,53.0886000051396,5004.0
1782444723,5,GET,/product/[id] [checkout abuse],1.300000,0.000000,7,7,7,7,7,8,8,8,8,8,8,19,0,6,5.977736842683761,4.664200001570862,7.806399997207336,5865.0
1782444723,5,,Aggregated,5.500000,0.000000,6,7,10,10,12,12,14,14,14,14,14,81,0,7,135.50945925916167,3.5028999991482124,2074.117500000284,6636.135802469136
1782444724,5,GET,/ [checkout abuse session],0.100000,0.000000,2100,2100,2100,2100,2100,2100,2100,2100,2100,2100,2100,5,0,2074.117500000284,2060.96225999936,2047.1870999972452,2074.117500000284,10499.0
1782444724,5,POST,/cart [add item abuse],1.300000,0.000000,4,4,5,5,5,5,5,5,5,5,5,20,0,4,8.562610000080895,3.5028999991482124,48.56619999918621,0.0
1782444724,5,GET,/cart [view abuse],1.300000,0.000000,6,6,7,7,8,8,8,8,8,8,8,20,0,6,6.6799349999200786,5.427399999462068,10.69419999839738,14659.0
1782444724,5,POST,/cart/checkout [abuse],1.300000,0.000000,11,11,12,12,14,14,14,14,14,14,14,20,0,11,13.75610999930359,9.408799996890593,53.0886000051396,5004.0
1782444724,5,GET,/product/[id] [checkout abuse],1.300000,0.000000,6,7,7,7,8,8,8,8,8,8,8,20,0,6,6.026780000684084,4.664200001570862,7.806399997207336,5865.0
1782444724,5,,Aggregated,5.300000,0.000000,6,7,10,10,11,12,14,14,14,14,14,85,0,7,129.47435294113615,3.5028999991482124,2074.117500000284,6624.176470588235
1782444725,5,GET,/ [checkout abuse session],0.000000,0.000000,2100,2100,2100,2100,2100,2100,2100,2100,2100,2100,2100,5,0,2074.117500000284,2060.96225999936,2047.1870999972452,2074.117500000284,10499.0
1782444725,5,POST,/cart [add item abuse],1.200000,0.000000,4,5,5,5,5,5,5,5,5,5,5,22,0,4,8.219263636419782,3.5028999991482124,48.56619999918621,0.0
1782444725,5,GET,/cart [view abuse],1.200000,0.000000,6,6,7,7,7,8,8,8,8,8,8,22,0,6,6.673863636189543,5.427399999462068,10.69419999839738,14659.0
1782444725,5,POST,/cart/checkout [abuse],1.200000,0.000000,11,11,12,12,12,14,14,14,14,14,14,22,0,11,13.477072726924565,9.408799996890593,53.0886000051396,5004.0
1782444725,5,GET,/product/[id] [checkout abuse],1.200000,0.000000,6,6,7,7,7,8,8,8,8,8,8,22,0,6,6.0384000005962495,4.664200001570862,7.806399997207336,5865.0
1782444725,5,,Aggregated,4.800000,0.000000,6,7,10,10,11,12,14,14,14,14,14,93,0,7,118.94409139784584,3.5028999991482124,2074.117500000284,6603.344086021505
1782444726,5,GET,/ [checkout abuse session],0.000000,0.000000,2100,2100,2100,2100,2100,2100,2100,2100,2100,2100,2100,5,0,2074.117500000284,2060.96225999936,2047.1870999972452,2074.117500000284,10499.0
1782444726,5,POST,/cart [add item abuse],1.200000,0.000000,4,5,5,5,5,5,5,5,5,5,5,23,0,4,8.021765217405198,3.5028999991482124,48.56619999918621,0.0
1782444726,5,GET,/cart [view abuse],1.200000,0.000000,6,7,7,7,7,8,8,8,8,8,8,23,0,6,6.613095651909648,5.276199997751974,10.69419999839738,14659.0
1782444726,5,POST,/cart/checkout [abuse],1.200000,0.000000,11,11,12,12,12,14,14,14,14,14,14,23,0,11,13.308343477863515,9.408799996890593,53.0886000051396,5004.0
1782444726,5,GET,/product/[id] [checkout abuse],1.200000,0.000000,6,6,7,7,7,8,8,8,8,8,8,23,0,6,6.0457608699874505,4.664200001570862,7.806399997207336,5865.0
1782444726,5,,Aggregated,4.800000,0.000000,6,7,10,10,11,12,14,14,14,14,14,97,0,6,114.29440721640839,3.5028999991482124,2074.117500000284,6594.216494845361
1782444727,5,GET,/ [checkout abuse session],0.000000,0.000000,2100,2100,2100,2100,2100,2100,2100,2100,2100,2100,2100,5,0,2074.117500000284,2060.96225999936,2047.1870999972452,2074.117500000284,10499.0
1782444727,5,POST,/cart [add item abuse],1.300000,0.000000,4,5,5,5,5,5,5,5,5,5,5,24,0,4,7.829600000150094,3.409800003282726,48.56619999918621,0.0
1782444727,5,GET,/cart [view abuse],1.300000,0.000000,6,6,7,7,7,8,8,8,8,8,8,24,0,6,6.556170833088497,5.246900000202004,10.69419999839738,14659.0
1782444727,5,POST,/cart/checkout [abuse],1.300000,0.000000,11,11,12,12,12,14,14,14,14,14,14,24,0,11,13.194141666341844,9.408799996890593,53.0886000051396,5004.0
1782444727,5,GET,/product/[id] [checkout abuse],1.300000,0.000000,6,6,7,7,7,8,8,8,8,8,8,24,0,6,6.025375000414594,4.664200001570862,7.806399997207336,5865.0
1782444727,5,,Aggregated,5.200000,0.000000,6,7,10,10,11,12,14,14,14,14,14,101,0,6,110.01324950491762,3.409800003282726,2074.117500000284,6585.811881188119
1782444728,5,GET,/ [checkout abuse session],0.000000,0.000000,2100,2100,2100,2100,2100,2100,2100,2100,2100,2100,2100,5,0,2074.117500000284,2060.96225999936,2047.1870999972452,2074.117500000284,10499.0
1782444728,5,POST,/cart [add item abuse],1.200000,0.000000,5,5,5,5,5,5,5,5,5,5,5,25,0,4,7.6530240001739,3.409800003282726,48.56619999918621,0.0
1782444728,5,GET,/cart [view abuse],1.200000,0.000000,6,6,7,7,7,7,7,7,7,7,7,25,0,6,6.526927999802865,5.246900000202004,10.69419999839738,14659.0
1782444728,5,POST,/cart/checkout [abuse],1.200000,0.000000,11,11,11,12,12,12,12,12,12,12,12,25,0,11,13.050499999662861,9.408799996890593,53.0886000051396,5004.0
1782444728,5,GET,/product/[id] [checkout abuse],1.200000,0.000000,6,6,7,7,8,8,8,8,8,8,8,25,0,6,6.028732000268064,4.664200001570862,7.806399997207336,5865.0
1782444728,5,,Aggregated,4.800000,0.000000,6,7,10,10,11,12,12,12,12,12,12,105,0,6,106.05991333328087,3.409800003282726,2074.117500000284,6578.047619047619
1782444729,5,GET,/ [checkout abuse session],0.000000,0.000000,0,0,0,0,0,0,0,0,0,0,0,5,0,2074.117500000284,2060.96225999936,2047.1870999972452,2074.117500000284,10499.0
1782444729,5,POST,/cart [add item abuse],1.100000,0.000000,5,5,5,5,5,5,5,5,5,5,5,27,0,4,7.408585185422218,3.409800003282726,48.56619999918621,0.0
1782444729,5,GET,/cart [view abuse],1.100000,0.000000,6,6,7,7,7,8,8,8,8,8,8,27,0,6,6.550192592301216,5.246900000202004,10.69419999839738,14659.0
1782444729,5,POST,/cart/checkout [abuse],1.100000,0.000000,11,11,12,12,12,12,12,12,12,12,12,27,0,11,12.889933332863384,9.408799996890593,53.0886000051396,5004.0
1782444729,5,GET,/product/[id] [checkout abuse],1.100000,0.000000,6,7,8,8,8,8,8,8,8,8,8,27,0,6,6.160707407549058,4.664200001570862,8.068199997069314,5865.0
1782444729,5,,Aggregated,4.400000,0.000000,6,7,10,10,11,12,12,12,12,12,12,113,0,6,99.08022654855282,3.409800003282726,2074.117500000284,6564.168141592921
1782444730,5,GET,/ [checkout abuse session],0.000000,0.000000,0,0,0,0,0,0,0,0,0,0,0,5,0,2074.117500000284,2060.96225999936,2047.1870999972452,2074.117500000284,10499.0
1782444730,5,POST,/cart [add item abuse],1.100000,0.000000,5,5,5,5,5,5,5,5,5,5,5,27,0,4,7.408585185422218,3.409800003282726,48.56619999918621,0.0
1782444730,5,GET,/cart [view abuse],1.100000,0.000000,6,7,7,7,8,8,8,8,8,8,8,27,0,6,6.550192592301216,5.246900000202004,10.69419999839738,14659.0
1782444730,5,POST,/cart/checkout [abuse],1.100000,0.000000,11,11,11,12,12,12,12,12,12,12,12,27,0,11,12.889933332863384,9.408799996890593,53.0886000051396,5004.0
1782444730,5,GET,/product/[id] [checkout abuse],1.100000,0.000000,6,7,8,8,8,8,8,8,8,8,8,27,0,6,6.160707407549058,4.664200001570862,8.068199997069314,5865.0
1782444730,5,,Aggregated,4.400000,0.000000,6,8,10,10,11,12,12,12,12,12,12,113,0,6,99.08022654855282,3.409800003282726,2074.117500000284,6564.168141592921
1782444731,5,GET,/ [checkout abuse session],0.000000,0.000000,0,0,0,0,0,0,0,0,0,0,0,5,0,2074.117500000284,2060.96225999936,2047.1870999972452,2074.117500000284,10499.0
1782444731,5,POST,/cart [add item abuse],1.300000,0.000000,5,5,5,5,5,5,5,5,5,5,5,29,0,4,7.183996552063538,3.409800003282726,48.56619999918621,0.0
1782444731,5,GET,/cart [view abuse],1.300000,0.000000,6,7,7,7,7,8,8,8,8,8,8,29,0,6,6.532913792711795,5.246900000202004,10.69419999839738,14659.0
1782444731,5,POST,/cart/checkout [abuse],1.300000,0.000000,10,11,11,11,12,12,12,12,12,12,12,29,0,10,12.700431034067277,9.408799996890593,53.0886000051396,5004.0
1782444731,5,GET,/product/[id] [checkout abuse],1.300000,0.000000,6,6,8,8,8,8,8,8,8,8,8,29,0,6,6.1648241379739845,4.664200001570862,8.068199997069314,5865.0
1782444731,5,,Aggregated,5.200000,0.000000,6,7,10,10,11,11,12,12,12,12,12,121,0,6,92.97267851226844,3.409800003282726,2074.117500000284,6552.123966942148
1782444732,5,GET,/ [checkout abuse session],0.000000,0.000000,0,0,0,0,0,0,0,0,0,0,0,5,0,2074.117500000284,2060.96225999936,2047.1870999972452,2074.117500000284,10499.0
1782444732,5,POST,/cart [add item abuse],1.200000,0.000000,5,5,5,5,5,48,48,48,48,48,48,30,0,4,8.554256666927055,3.409800003282726,48.56619999918621,0.0
1782444732,5,GET,/cart [view abuse],1.200000,0.000000,6,7,7,7,7,8,8,8,8,8,8,30,0,6,6.561766666466913,5.246900000202004,10.69419999839738,14659.0
1782444732,5,POST,/cart/checkout [abuse],1.200000,0.000000,10,11,11,11,12,13,13,13,13,13,13,30,0,10,12.71063999956823,9.408799996890593,53.0886000051396,5004.0
1782444732,5,GET,/product/[id] [checkout abuse],1.200000,0.000000,6,7,7,7,8,8,8,8,8,8,8,30,0,6,6.1795266667710775,4.664200001570862,8.068199997069314,5865.0
1782444732,5,,Aggregated,4.800000,0.000000,6,8,10,10,11,12,48,48,48,48,48,125,0,6,90.59997599991038,3.409800003282726,2074.117500000284,6546.68
1782444733,5,GET,/ [checkout abuse session],0.000000,0.000000,0,0,0,0,0,0,0,0,0,0,0,5,0,2074.117500000284,2060.96225999936,2047.1870999972452,2074.117500000284,10499.0
1782444733,5,POST,/cart [add item abuse],1.000000,0.000000,5,5,5,5,5,48,48,48,48,48,48,32,0,4,8.293146875303137,3.409800003282726,48.56619999918621,0.0
1782444733,5,GET,/cart [view abuse],1.000000,0.000000,6,7,7,7,8,8,8,8,8,8,8,32,0,6,6.582503124718642,5.246900000202004,10.69419999839738,14659.0
1782444733,5,POST,/cart/checkout [abuse],1.000000,0.000000,11,11,12,12,13,56,56,56,56,56,56,32,0,11,14.021928124748229,9.408799996890593,56.25980000331765,5004.0
1782444733,5,GET,/product/[id] [checkout abuse],1.000000,0.000000,6,6,7,7,8,8,8,8,8,8,8,32,0,6,6.214975000148115,4.664200001570862,8.068199997069314,5865.0
1782444733,5,,Aggregated,4.000000,0.000000,6,8,10,10,11,13,56,56,56,56,56,133,0,6,85.92791729318932,3.409800003282726,2074.117500000284,6536.774436090225
1782444734,5,GET,/ [checkout abuse session],0.000000,0.000000,0,0,0,0,0,0,0,0,0,0,0,5,0,2074.117500000284,2060.96225999936,2047.1870999972452,2074.117500000284,10499.0
1782444734,5,POST,/cart [add item abuse],1.200000,0.000000,4,5,5,5,5,48,48,48,48,48,48,34,0,4,8.07707647083375,3.409800003282726,48.56619999918621,0.0
1782444734,5,GET,/cart [view abuse],1.200000,0.000000,6,7,7,7,8,8,8,8,8,8,8,34,0,6,6.592608823292026,5.246900000202004,10.69419999839738,14659.0
1782444734,5,POST,/cart/checkout [abuse],1.200000,0.000000,11,11,12,12,13,56,56,56,56,56,56,34,0,11,13.800673529391027,9.408799996890593,56.25980000331765,5004.0
1782444734,5,GET,/product/[id] [checkout abuse],1.200000,0.000000,6,7,7,7,8,8,8,8,8,8,8,34,0,6,6.21927647080156,4.664200001570862,8.068199997069314,5865.0
1782444734,5,,Aggregated,4.800000,0.000000,6,8,10,10,11,13,56,56,56,56,56,141,0,6,81.44864468087677,3.409800003282726,2074.117500000284,6527.992907801418
1782444735,5,GET,/ [checkout abuse session],0.000000,0.000000,0,0,0,0,0,0,0,0,0,0,0,5,0,2074.117500000284,2060.96225999936,2047.1870999972452,2074.117500000284,10499.0
1782444735,5,POST,/cart [add item abuse],1.200000,0.000000,4,5,5,5,5,48,48,48,48,48,48,34,0,4,8.07707647083375,3.409800003282726,48.56619999918621,0.0
1782444735,5,GET,/cart [view abuse],1.200000,0.000000,6,7,7,7,8,8,8,8,8,8,8,34,0,6,6.592608823292026,5.246900000202004,10.69419999839738,14659.0
1782444735,5,POST,/cart/checkout [abuse],1.200000,0.000000,11,11,12,12,13,56,56,56,56,56,56,34,0,11,13.800673529391027,9.408799996890593,56.25980000331765,5004.0
1782444735,5,GET,/product/[id] [checkout abuse],1.200000,0.000000,6,7,7,7,8,8,8,8,8,8,8,34,0,6,6.21927647080156,4.664200001570862,8.068199997069314,5865.0
1782444735,5,,Aggregated,4.800000,0.000000,7,8,10,10,11,13,56,56,56,56,56,141,0,6,81.44864468087677,3.409800003282726,2074.117500000284,6527.992907801418
1782444736,5,GET,/ [checkout abuse session],0.000000,0.000000,0,0,0,0,0,0,0,0,0,0,0,5,0,2074.117500000284,2060.96225999936,2047.1870999972452,2074.117500000284,10499.0
1782444736,5,POST,/cart [add item abuse],1.300000,0.000000,4,5,5,5,5,48,48,48,48,48,48,35,0,4,7.956462857379977,3.409800003282726,48.56619999918621,0.0
1782444736,5,GET,/cart [view abuse],1.300000,0.000000,7,7,7,7,8,8,8,8,8,8,8,35,0,6,6.594054285544969,5.246900000202004,10.69419999839738,14659.0
1782444736,5,POST,/cart/checkout [abuse],1.300000,0.000000,10,11,12,12,13,56,56,56,56,56,56,35,0,11,13.703325714284022,9.408799996890593,56.25980000331765,5004.0
1782444736,5,GET,/product/[id] [checkout abuse],1.300000,0.000000,6,7,7,7,8,8,8,8,8,8,8,35,0,6,6.220331428630743,4.664200001570862,8.068199997069314,5865.0
1782444736,5,,Aggregated,5.200000,0.000000,7,8,10,10,11,13,56,56,56,56,56,145,0,6,79.38901655173234,3.409800003282726,2074.117500000284,6523.9655172413795
1782444737,5,GET,/ [checkout abuse session],0.000000,0.000000,0,0,0,0,0,0,0,0,0,0,0,5,0,2074.117500000284,2060.96225999936,2047.1870999972452,2074.117500000284,10499.0
1782444737,5,POST,/cart [add item abuse],1.200000,0.000000,5,5,5,5,5,48,48,48,48,48,48,37,0,4,7.742478378703881,3.409800003282726,48.56619999918621,0.0
1782444737,5,GET,/cart [view abuse],1.200000,0.000000,7,7,7,7,8,8,8,8,8,8,8,37,0,6,6.60759729735956,5.246900000202004,10.69419999839738,14659.0
1782444737,5,POST,/cart/checkout [abuse],1.200000,0.000000,11,12,13,13,54,56,56,56,56,56,56,37,0,11,14.730862162282023,9.408799996890593,56.25980000331765,5004.0
1782444737,5,GET,/product/[id] [checkout abuse],1.200000,0.000000,7,7,7,7,8,8,8,8,8,8,8,37,0,6,6.231202702848178,4.664200001570862,8.068199997069314,5865.0
1782444737,5,,Aggregated,4.800000,0.000000,7,8,10,10,12,48,56,56,56,56,56,153,0,7,75.89124509817624,3.409800003282726,2074.117500000284,6516.5424836601305
1782444738,5,GET,/ [checkout abuse session],0.000000,0.000000,0,0,0,0,0,0,0,0,0,0,0,5,0,2074.117500000284,2060.96225999936,2047.1870999972452,2074.117500000284,10499.0
1782444738,5,POST,/cart [add item abuse],1.200000,0.000000,4,5,5,5,5,48,48,48,48,48,48,38,0,4,7.636231579166825,3.409800003282726,48.56619999918621,0.0
1782444738,5,GET,/cart [view abuse],1.200000,0.000000,7,7,7,8,8,10,10,10,10,10,10,38,0,6,6.68985263167231,5.246900000202004,10.69419999839738,14659.0
1782444738,5,POST,/cart/checkout [abuse],1.200000,0.000000,11,12,12,13,54,56,56,56,56,56,56,38,0,11,14.595607894941503,9.408799996890593,56.25980000331765,5004.0
1782444738,5,GET,/product/[id] [checkout abuse],1.200000,0.000000,6,7,7,7,8,8,8,8,8,8,8,38,0,6,6.220894737022095,4.664200001570862,8.068199997069314,5865.0
1782444738,5,,Aggregated,4.800000,0.000000,7,8,10,10,12,48,54,56,56,56,56,157,0,7,74.14158980906562,3.409800003282726,2074.117500000284,6513.114649681529
1782444739,5,GET,/ [checkout abuse session],0.000000,0.000000,0,0,0,0,0,0,0,0,0,0,0,5,0,2074.117500000284,2060.96225999936,2047.1870999972452,2074.117500000284,10499.0
1782444739,5,POST,/cart [add item abuse],1.200000,0.000000,4,5,5,5,5,48,48,48,48,48,48,39,0,4,7.535984615596811,3.409800003282726,48.56619999918621,0.0
1782444739,5,GET,/cart [view abuse],1.200000,0.000000,7,7,7,7,8,10,10,10,10,10,10,39,0,6,6.649625641166961,5.121000001963694,10.69419999839738,14659.0
1782444739,5,POST,/cart/checkout [abuse],1.200000,0.000000,11,11,13,13,54,56,56,56,56,56,56,39,0,11,14.464900000185038,9.408799996890593,56.25980000331765,5004.0
1782444739,5,GET,/product/[id] [checkout abuse],1.200000,0.000000,6,6,7,7,7,7,7,7,7,7,7,39,0,6,6.214166666792992,4.664200001570862,8.068199997069314,5865.0
1782444739,5,,Aggregated,4.800000,0.000000,7,7,10,10,12,48,56,56,56,56,56,161,0,6,72.45051987591758,3.409800003282726,2074.117500000284,6509.857142857143
1782444740,5,GET,/ [checkout abuse session],0.000000,0.000000,0,0,0,0,0,0,0,0,0,0,0,5,0,2074.117500000284,2060.96225999936,2047.1870999972452,2074.117500000284,10499.0
1782444740,5,POST,/cart [add item abuse],1.200000,0.000000,4,5,5,5,5,48,48,48,48,48,48,40,0,4,7.455320000190113,3.409800003282726,48.56619999918621,0.0
1782444740,5,GET,/cart [view abuse],1.200000,0.000000,7,7,7,7,8,10,10,10,10,10,10,40,0,6,6.63899000010133,5.121000001963694,10.69419999839738,14659.0
1782444740,5,POST,/cart/checkout [abuse],1.200000,0.000000,11,12,13,13,54,56,56,56,56,56,56,40,0,11,14.403292500173848,9.408799996890593,56.25980000331765,5004.0
1782444740,5,GET,/product/[id] [checkout abuse],1.200000,0.000000,6,7,7,7,7,7,7,7,7,7,7,40,0,6,6.23585000012099,4.664200001570862,8.068199997069314,5865.0
1782444740,5,,Aggregated,4.800000,0.000000,7,7,10,10,12,48,56,56,56,56,56,165,0,6,70.87363272739546,3.409800003282726,2074.117500000284,6506.757575757576
1782444741,5,GET,/ [checkout abuse session],0.000000,0.000000,0,0,0,0,0,0,0,0,0,0,0,5,0,2074.117500000284,2060.96225999936,2047.1870999972452,2074.117500000284,10499.0
1782444741,5,POST,/cart [add item abuse],1.300000,0.000000,4,4,5,5,5,5,5,5,5,5,5,41,0,4,7.381329268377513,3.409800003282726,48.56619999918621,0.0
1782444741,5,GET,/cart [view abuse],1.300000,0.000000,7,7,7,7,8,10,10,10,10,10,10,41,0,6,6.65873902453757,5.121000001963694,10.69419999839738,14659.0
1782444741,5,POST,/cart/checkout [abuse],1.300000,0.000000,11,12,12,12,54,56,56,56,56,56,56,41,0,11,14.34290731714743,9.408799996890593,56.25980000331765,5004.0
1782444741,5,GET,/product/[id] [checkout abuse],1.300000,0.000000,6,7,7,7,7,7,7,7,7,7,7,41,0,6,6.239868292873214,4.664200001570862,8.068199997069314,5865.0
1782444741,5,,Aggregated,5.200000,0.000000,7,7,10,10,12,12,56,56,56,56,56,169,0,6,69.37483964507199,3.409800003282726,2074.117500000284,6503.80473372781
1782444742,5,GET,/ [checkout abuse session],0.000000,0.000000,0,0,0,0,0,0,0,0,0,0,0,5,0,2074.117500000284,2060.96225999936,2047.1870999972452,2074.117500000284,10499.0
1782444742,5,POST,/cart [add item abuse],1.200000,0.000000,4,4,5,5,6,6,6,6,6,6,6,42,0,4,7.3455166666895995,3.409800003282726,48.56619999918621,0.0
1782444742,5,GET,/cart [view abuse],1.200000,0.000000,7,7,7,8,10,10,10,10,10,10,10,42,0,6,6.68565714295255,5.121000001963694,10.69419999839738,14659.0
1782444742,5,POST,/cart/checkout [abuse],1.200000,0.000000,12,12,12,14,54,54,54,54,54,54,54,42,0,11,14.335490476306793,9.408799996890593,56.25980000331765,5004.0
1782444742,5,GET,/product/[id] [checkout abuse],1.200000,0.000000,6,6,7,7,7,7,7,7,7,7,7,42,0,6,6.231288095261247,4.664200001570862,8.068199997069314,5865.0
1782444742,5,,Aggregated,4.800000,0.000000,7,7,10,10,12,14,54,54,54,54,54,173,0,6,67.96488612721173,3.409800003282726,2074.117500000284,6500.9884393063585
1782444743,5,GET,/ [checkout abuse session],0.000000,0.000000,0,0,0,0,0,0,0,0,0,0,0,5,0,2074.117500000284,2060.96225999936,2047.1870999972452,2074.117500000284,10499.0
1782444743,5,POST,/cart [add item abuse],1.300000,0.000000,4,4,5,5,5,6,6,6,6,6,6,44,0,4,7.186734090778786,3.409800003282726,48.56619999918621,0.0
1782444743,5,GET,/cart [view abuse],1.300000,0.000000,7,7,7,7,8,10,10,10,10,10,10,44,0,6,6.646943181873542,5.121000001963694,10.69419999839738,14659.0
1782444743,5,POST,/cart/checkout [abuse],1.300000,0.000000,11,12,12,12,14,54,54,54,54,54,54,44,0,11,14.12493409092845,9.408799996890593,56.25980000331765,5004.0
1782444743,5,GET,/product/[id] [checkout abuse],1.300000,0.000000,6,6,7,7,7,7,7,7,7,7,7,44,0,6,6.22095681815567,4.664200001570862,8.068199997069314,5865.0
1782444743,5,,Aggregated,5.200000,0.000000,6,7,10,10,12,12,54,54,54,54,54,181,0,6,65.24150441985195,3.409800003282726,2074.117500000284,6495.729281767955
1782444744,5,GET,/ [checkout abuse session],0.000000,0.000000,0,0,0,0,0,0,0,0,0,0,0,5,0,2074.117500000284,2060.96225999936,2047.1870999972452,2074.117500000284,10499.0
1782444744,5,POST,/cart [add item abuse],1.200000,0.000000,4,4,5,5,6,6,6,6,6,6,6,45,0,4,7.152746666462109,3.409800003282726,48.56619999918621,0.0
1782444744,5,GET,/cart [view abuse],1.200000,0.000000,7,7,7,7,8,10,10,10,10,10,10,45,0,6,6.655200000063309,5.121000001963694,10.69419999839738,14659.0
1782444744,5,POST,/cart/checkout [abuse],1.200000,0.000000,12,12,12,12,14,54,54,54,54,54,54,45,0,11,14.067124444409274,9.408799996890593,56.25980000331765,5004.0
1782444744,5,GET,/product/[id] [checkout abuse],1.200000,0.000000,6,6,7,7,7,7,7,7,7,7,7,45,0,6,6.220426666550338,4.664200001570862,8.068199997069314,5865.0
1782444744,5,,Aggregated,4.800000,0.000000,6,7,10,10,12,12,54,54,54,54,54,185,0,6,63.995182162073654,3.409800003282726,2074.117500000284,6493.27027027027
1782444745,5,GET,/ [checkout abuse session],0.000000,0.000000,0,0,0,0,0,0,0,0,0,0,0,5,0,2074.117500000284,2060.96225999936,2047.1870999972452,2074.117500000284,10499.0
1782444745,5,POST,/cart [add item abuse],1.200000,0.000000,4,4,5,5,6,6,6,6,6,6,6,46,0,4,7.073349999858613,3.409800003282726,48.56619999918621,0.0
1782444745,5,GET,/cart [view abuse],1.200000,0.000000,7,7,7,7,8,10,10,10,10,10,10,46,0,6,6.640189130532393,5.121000001963694,10.69419999839738,14659.0
1782444745,5,POST,/cart/checkout [abuse],1.200000,0.000000,12,12,12,12,14,54,54,54,54,54,54,46,0,11,13.970867391237888,9.408799996890593,56.25980000331765,5004.0
1782444745,5,GET,/product/[id] [checkout abuse],1.200000,0.000000,6,6,7,7,7,7,7,7,7,7,7,46,0,6,6.211284782456579,4.664200001570862,8.068199997069314,5865.0
1782444745,5,,Aggregated,4.800000,0.000000,6,7,10,10,12,12,54,54,54,54,54,189,0,6,62.7725560845753,3.409800003282726,2074.117500000284,6490.915343915344
1782444746,5,GET,/ [checkout abuse session],0.000000,0.000000,0,0,0,0,0,0,0,0,0,0,0,5,0,2074.117500000284,2060.96225999936,2047.1870999972452,2074.117500000284,10499.0
1782444746,5,POST,/cart [add item abuse],1.200000,0.000000,4,4,4,4,6,6,6,6,6,6,6,49,0,4,6.884642857084127,3.409800003282726,48.56619999918621,0.0
1782444746,5,GET,/cart [view abuse],1.200000,0.000000,6,7,7,7,8,10,10,10,10,10,10,49,0,6,6.605308163318337,5.121000001963694,10.69419999839738,14659.0
1782444746,5,POST,/cart/checkout [abuse],1.200000,0.000000,10,12,12,12,14,54,54,54,54,54,54,49,0,10,13.727638775296272,9.408799996890593,56.25980000331765,5004.0
1782444746,5,GET,/product/[id] [checkout abuse],1.200000,0.000000,6,6,6,7,7,7,7,7,7,7,7,49,0,6,6.219999999822384,4.664200001570862,8.068199997069314,5865.0
1782444746,5,,Aggregated,4.800000,0.000000,6,7,10,10,10,12,14,54,54,54,54,201,0,6,59.41917014914097,3.409800003282726,2074.117500000284,6484.412935323383
1782444747,5,GET,/ [checkout abuse session],0.000000,0.000000,0,0,0,0,0,0,0,0,0,0,0,5,0,2074.117500000284,2060.96225999936,2047.1870999972452,2074.117500000284,10499.0
1782444747,5,POST,/cart [add item abuse],1.200000,0.000000,4,4,4,4,6,6,6,6,6,6,6,49,0,4,6.884642857084127,3.409800003282726,48.56619999918621,0.0
1782444747,5,GET,/cart [view abuse],1.200000,0.000000,6,7,7,7,7,8,8,8,8,8,8,49,0,6,6.605308163318337,5.121000001963694,10.69419999839738,14659.0
1782444747,5,POST,/cart/checkout [abuse],1.200000,0.000000,10,12,12,12,12,14,14,14,14,14,14,49,0,10,13.727638775296272,9.408799996890593,56.25980000331765,5004.0
1782444747,5,GET,/product/[id] [checkout abuse],1.200000,0.000000,6,6,7,7,7,7,7,7,7,7,7,49,0,6,6.219999999822384,4.664200001570862,8.068199997069314,5865.0
1782444747,5,,Aggregated,4.800000,0.000000,6,7,9,10,10,12,14,14,14,14,14,201,0,6,59.41917014914097,3.409800003282726,2074.117500000284,6484.412935323383
1782444748,5,GET,/ [checkout abuse session],0.000000,0.000000,0,0,0,0,0,0,0,0,0,0,0,5,0,2074.117500000284,2060.96225999936,2047.1870999972452,2074.117500000284,10499.0
1782444748,5,POST,/cart [add item abuse],1.400000,0.000000,4,4,4,4,6,6,6,6,6,6,6,51,0,4,6.751888235157821,3.3794999981182627,48.56619999918621,0.0
1782444748,5,GET,/cart [view abuse],1.400000,0.000000,6,6,7,7,7,8,8,8,8,8,8,51,0,6,6.57045882361868,5.121000001963694,10.69419999839738,14659.0
1782444748,5,POST,/cart/checkout [abuse],1.400000,0.000000,10,12,12,12,14,53,53,53,53,53,53,51,0,10,14.4199509801076,9.408799996890593,56.25980000331765,5004.0
1782444748,5,GET,/product/[id] [checkout abuse],1.400000,0.000000,6,6,7,7,7,7,7,7,7,7,7,51,0,6,6.223296078222155,4.664200001570862,8.068199997069314,5865.0
1782444748,5,,Aggregated,5.600000,0.000000,6,7,10,10,12,12,53,53,53,53,53,209,0,6,57.59357224865655,3.3794999981182627,2074.117500000284,6480.492822966507
1782444749,5,GET,/ [checkout abuse session],0.000000,0.000000,0,0,0,0,0,0,0,0,0,0,0,5,0,2074.117500000284,2060.96225999936,2047.1870999972452,2074.117500000284,10499.0
1782444749,5,POST,/cart [add item abuse],1.400000,0.000000,4,4,4,4,6,6,6,6,6,6,6,54,0,4,6.595340740642752,3.3794999981182627,48.56619999918621,0.0
1782444749,5,GET,/cart [view abuse],1.400000,0.000000,6,7,7,7,7,8,8,8,8,8,8,54,0,6,6.56929444448906,5.121000001963694,10.69419999839738,14659.0
1782444749,5,POST,/cart/checkout [abuse],1.400000,0.000000,10,12,12,12,14,53,53,53,53,53,53,54,0,10,14.233983333084595,9.408799996890593,56.25980000331765,5004.0
1782444749,5,GET,/product/[id] [checkout abuse],1.400000,0.000000,6,6,6,6,7,7,7,7,7,7,7,54,0,6,6.224612962897583,4.664200001570862,8.068199997069314,5865.0
1782444749,5,,Aggregated,5.600000,0.000000,6,7,10,10,11,12,14,53,53,53,53,221,0,6,54.84373665147943,3.3794999981182627,2074.117500000284,6475.14479638009
1782444750,5,GET,/ [checkout abuse session],0.000000,0.000000,0,0,0,0,0,0,0,0,0,0,0,5,0,2074.117500000284,2060.96225999936,2047.1870999972452,2074.117500000284,10499.0
1782444750,5,POST,/cart [add item abuse],1.400000,0.000000,4,4,4,4,6,6,6,6,6,6,6,54,0,4,6.595340740642752,3.3794999981182627,48.56619999918621,0.0
1782444750,5,GET,/cart [view abuse],1.400000,0.000000,6,6,7,7,7,8,8,8,8,8,8,54,0,6,6.56929444448906,5.121000001963694,10.69419999839738,14659.0
1782444750,5,POST,/cart/checkout [abuse],1.400000,0.000000,10,11,12,12,14,53,53,53,53,53,53,54,0,10,14.233983333084595,9.408799996890593,56.25980000331765,5004.0
1782444750,5,GET,/product/[id] [checkout abuse],1.400000,0.000000,6,6,6,6,7,7,7,7,7,7,7,54,0,6,6.224612962897583,4.664200001570862,8.068199997069314,5865.0
1782444750,5,,Aggregated,5.600000,0.000000,6,7,10,10,10,12,14,53,53,53,53,221,0,6,54.84373665147943,3.3794999981182627,2074.117500000284,6475.14479638009
1782444751,5,GET,/ [checkout abuse session],0.000000,0.000000,0,0,0,0,0,0,0,0,0,0,0,5,0,2074.117500000284,2060.96225999936,2047.1870999972452,2074.117500000284,10499.0
1782444751,5,POST,/cart [add item abuse],1.500000,0.000000,4,4,4,4,4,6,6,6,6,6,6,56,0,4,6.488351785654751,3.3794999981182627,48.56619999918621,0.0
1782444751,5,GET,/cart [view abuse],1.500000,0.000000,6,6,6,7,7,7,7,7,7,7,7,56,0,6,6.533353571675044,5.121000001963694,10.69419999839738,14659.0
1782444751,5,POST,/cart/checkout [abuse],1.500000,0.000000,10,10,11,12,12,53,53,53,53,53,53,56,0,10,14.076114285541864,9.408799996890593,56.25980000331765,5004.0
1782444751,5,GET,/product/[id] [checkout abuse],1.500000,0.000000,6,6,6,6,7,7,7,7,7,7,7,56,0,6,6.2100589285754335,4.664200001570862,8.068199997069314,5865.0
1782444751,5,,Aggregated,6.000000,0.000000,6,6,10,10,10,12,12,53,53,53,53,229,0,6,53.144334061125925,3.3794999981182627,2074.117500000284,6471.890829694323
1782444752,5,GET,/ [checkout abuse session],0.000000,0.000000,0,0,0,0,0,0,0,0,0,0,0,5,0,2074.117500000284,2060.96225999936,2047.1870999972452,2074.117500000284,10499.0
1782444752,5,POST,/cart [add item abuse],1.400000,0.000000,4,4,4,4,4,6,6,6,6,6,6,58,0,4,6.4009810344502736,3.3794999981182627,48.56619999918621,0.0
1782444752,5,GET,/cart [view abuse],1.400000,0.000000,6,6,6,7,7,7,7,7,7,7,7,57,0,6,6.51832807042203,5.121000001963694,10.69419999839738,14659.0
1782444752,5,POST,/cart/checkout [abuse],1.400000,0.000000,10,10,11,12,12,53,53,53,53,53,53,57,0,10,14.001019298009117,9.408799996890593,56.25980000331765,5004.0
1782444752,5,GET,/product/[id] [checkout abuse],1.400000,0.000000,6,6,6,7,7,8,8,8,8,8,8,58,0,6,6.252432758754304,4.664200001570862,8.296400003018789,5865.0
1782444752,5,,Aggregated,5.600000,0.000000,6,7,8,10,10,12,12,53,53,53,53,235,0,6,51.95026425533294,3.3794999981182627,2074.117500000284,6440.238297872341
1782444753,5,GET,/ [checkout abuse session],0.000000,0.000000,0,0,0,0,0,0,0,0,0,0,0,5,0,2074.117500000284,2060.96225999936,2047.1870999972452,2074.117500000284,10499.0
1782444753,5,POST,/cart [add item abuse],1.400000,0.000000,4,4,4,4,4,6,6,6,6,6,6,59,0,4,6.3511610168754515,3.3794999981182627,48.56619999918621,0.0
1782444753,5,GET,/cart [view abuse],1.400000,0.000000,6,6,7,7,7,7,7,7,7,7,7,59,0,6,6.509374576434296,5.121000001963694,10.69419999839738,14659.0
1782444753,5,POST,/cart/checkout [abuse],1.400000,0.000000,10,10,11,12,12,53,53,53,53,53,53,59,0,10,13.85002881320592,9.331199995358475,56.25980000331765,5004.0
1782444753,5,GET,/product/[id] [checkout abuse],1.400000,0.000000,6,6,6,7,7,8,8,8,8,8,8,59,0,6,6.225457627220687,4.6608999982709065,8.296400003018789,5865.0
1782444753,5,,Aggregated,5.600000,0.000000,6,7,9,10,10,12,12,53,53,53,53,241,0,6,50.821728630652466,3.3794999981182627,2074.117500000284,6467.414937759336
1782444754,5,GET,/ [checkout abuse session],0.000000,0.000000,0,0,0,0,0,0,0,0,0,0,0,5,0,2074.117500000284,2060.96225999936,2047.1870999972452,2074.117500000284,10499.0
1782444754,5,POST,/cart [add item abuse],1.400000,0.000000,4,4,4,4,4,4,4,4,4,4,4,59,0,4,6.3511610168754515,3.3794999981182627,48.56619999918621,0.0
1782444754,5,GET,/cart [view abuse],1.400000,0.000000,6,6,6,7,7,7,7,7,7,7,7,59,0,6,6.509374576434296,5.121000001963694,10.69419999839738,14659.0
1782444754,5,POST,/cart/checkout [abuse],1.400000,0.000000,10,10,10,11,12,53,53,53,53,53,53,59,0,10,13.85002881320592,9.331199995358475,56.25980000331765,5004.0
1782444754,5,GET,/product/[id] [checkout abuse],1.400000,0.000000,6,6,6,7,7,8,8,8,8,8,8,59,0,6,6.225457627220687,4.6608999982709065,8.296400003018789,5865.0
1782444754,5,,Aggregated,5.600000,0.000000,6,7,9,10,10,11,12,53,53,53,53,241,0,6,50.821728630652466,3.3794999981182627,2074.117500000284,6467.414937759336
1782444755,5,GET,/ [checkout abuse session],0.000000,0.000000,0,0,0,0,0,0,0,0,0,0,0,5,0,2074.117500000284,2060.96225999936,2047.1870999972452,2074.117500000284,10499.0
1782444755,5,POST,/cart [add item abuse],1.400000,0.000000,4,4,4,4,4,4,4,4,4,4,4,59,0,4,6.3511610168754515,3.3794999981182627,48.56619999918621,0.0
1782444755,5,GET,/cart [view abuse],1.400000,0.000000,6,6,6,7,7,7,7,7,7,7,7,59,0,6,6.509374576434296,5.121000001963694,10.69419999839738,14659.0
1782444755,5,POST,/cart/checkout [abuse],1.400000,0.000000,10,10,10,11,12,53,53,53,53,53,53,59,0,10,13.85002881320592,9.331199995358475,56.25980000331765,5004.0
1782444755,5,GET,/product/[id] [checkout abuse],1.400000,0.000000,6,6,6,7,7,8,8,8,8,8,8,59,0,6,6.225457627220687,4.6608999982709065,8.296400003018789,5865.0
1782444755,5,,Aggregated,5.600000,0.000000,6,7,9,10,10,11,12,53,53,53,53,241,0,6,50.821728630652466,3.3794999981182627,2074.117500000284,6467.414937759336
1782444756,5,GET,/ [checkout abuse session],0.000000,0.000000,0,0,0,0,0,0,0,0,0,0,0,5,0,2074.117500000284,2060.96225999936,2047.1870999972452,2074.117500000284,10499.0
1782444756,5,POST,/cart [add item abuse],1.400000,0.000000,4,4,4,4,4,4,4,4,4,4,4,63,0,4,6.192020634891436,3.3794999981182627,48.56619999918621,0.0
1782444756,5,GET,/cart [view abuse],1.400000,0.000000,6,6,6,7,7,7,7,7,7,7,7,62,0,6,6.493138709746774,5.121000001963694,10.69419999839738,14659.0
1782444756,5,POST,/cart/checkout [abuse],1.400000,0.000000,10,10,10,11,12,53,53,53,53,53,53,62,0,10,13.659632257669376,9.331199995358475,56.25980000331765,5004.0
1782444756,5,GET,/product/[id] [checkout abuse],1.400000,0.000000,6,6,6,7,7,8,8,8,8,8,8,63,0,6,6.228496825474034,4.6608999982709065,8.296400003018789,5865.0
1782444756,5,,Aggregated,5.600000,0.000000,6,7,8,10,10,11,12,53,53,53,53,255,0,6,48.37951254893971,3.3794999981182627,2074.117500000284,6435.670588235294
1782444757,5,GET,/ [checkout abuse session],0.000000,0.000000,0,0,0,0,0,0,0,0,0,0,0,5,0,2074.117500000284,2060.96225999936,2047.1870999972452,2074.117500000284,10499.0
1782444757,5,POST,/cart [add item abuse],1.400000,0.000000,4,4,4,4,4,5,5,5,5,5,5,64,0,4,6.167943750028826,3.3794999981182627,48.56619999918621,0.0
1782444757,5,GET,/cart [view abuse],1.400000,0.000000,6,6,7,7,7,7,7,7,7,7,7,64,0,6,6.493659375109928,5.121000001963694,10.69419999839738,14659.0
1782444757,5,POST,/cart/checkout [abuse],1.400000,0.000000,10,10,10,10,11,12,12,12,12,12,12,64,0,10,13.53960937467491,9.331199995358475,56.25980000331765,5004.0
1782444757,5,GET,/product/[id] [checkout abuse],1.400000,0.000000,6,6,7,7,7,8,8,8,8,8,8,64,0,6,6.233437500100081,4.6608999982709065,8.296400003018789,5865.0
1782444757,5,,Aggregated,5.600000,0.000000,6,7,9,10,10,10,11,12,12,12,12,261,0,6,47.43535977008153,3.3794999981182627,2074.117500000284,6460.869731800766
1782444758,5,GET,/ [checkout abuse session],0.000000,0.000000,0,0,0,0,0,0,0,0,0,0,0,5,0,2074.117500000284,2060.96225999936,2047.1870999972452,2074.117500000284,10499.0
1782444758,5,POST,/cart [add item abuse],1.400000,0.000000,4,4,4,4,4,5,5,5,5,5,5,64,0,4,6.167943750028826,3.3794999981182627,48.56619999918621,0.0
1782444758,5,GET,/cart [view abuse],1.400000,0.000000,6,6,7,7,7,7,7,7,7,7,7,64,0,6,6.493659375109928,5.121000001963694,10.69419999839738,14659.0
1782444758,5,POST,/cart/checkout [abuse],1.400000,0.000000,10,10,10,10,11,12,12,12,12,12,12,64,0,10,13.53960937467491,9.331199995358475,56.25980000331765,5004.0
1782444758,5,GET,/product/[id] [checkout abuse],1.400000,0.000000,6,6,7,7,7,8,8,8,8,8,8,64,0,6,6.233437500100081,4.6608999982709065,8.296400003018789,5865.0
1782444758,5,,Aggregated,5.600000,0.000000,6,7,9,10,10,10,11,12,12,12,12,261,0,6,47.43535977008153,3.3794999981182627,2074.117500000284,6460.869731800766
1782444759,5,GET,/ [checkout abuse session],0.000000,0.000000,0,0,0,0,0,0,0,0,0,0,0,5,0,2074.117500000284,2060.96225999936,2047.1870999972452,2074.117500000284,10499.0
1782444759,5,POST,/cart [add item abuse],1.500000,0.000000,4,4,4,4,4,5,5,5,5,5,5,65,0,4,6.13822307697354,3.3794999981182627,48.56619999918621,0.0
1782444759,5,GET,/cart [view abuse],1.500000,0.000000,6,7,7,7,7,7,7,7,7,7,7,65,0,6,6.498756923247129,5.121000001963694,10.69419999839738,14659.0
1782444759,5,POST,/cart/checkout [abuse],1.500000,0.000000,10,10,10,10,10,10,10,10,10,10,10,65,0,10,13.48408461512568,9.331199995358475,56.25980000331765,5004.0
1782444759,5,GET,/product/[id] [checkout abuse],1.500000,0.000000,6,7,7,7,7,8,8,8,8,8,8,65,0,6,6.22888000014847,4.6608999982709065,8.296400003018789,5865.0
1782444759,5,,Aggregated,6.000000,0.000000,6,7,9,10,10,10,10,10,10,10,10,265,0,6,46.82097245284514,3.3794999981182627,2074.117500000284,6459.679245283019
1782444760,5,GET,/ [checkout abuse session],0.000000,0.000000,0,0,0,0,0,0,0,0,0,0,0,5,0,2074.117500000284,2060.96225999936,2047.1870999972452,2074.117500000284,10499.0
1782444760,5,POST,/cart [add item abuse],1.400000,0.000000,4,4,4,4,4,5,5,5,5,5,5,66,0,4,6.104718181824975,3.3794999981182627,48.56619999918621,0.0
1782444760,5,GET,/cart [view abuse],1.400000,0.000000,6,6,7,7,7,7,7,7,7,7,7,66,0,6,6.487639394132809,5.121000001963694,10.69419999839738,14659.0
1782444760,5,POST,/cart/checkout [abuse],1.400000,0.000000,10,10,10,10,10,10,10,10,10,10,10,66,0,10,13.424046969400175,9.331199995358475,56.25980000331765,5004.0
1782444760,5,GET,/product/[id] [checkout abuse],1.400000,0.000000,6,7,7,7,7,8,8,8,8,8,8,66,0,6,6.24299090927569,4.6608999982709065,8.296400003018789,5865.0
1782444760,5,,Aggregated,5.600000,0.000000,6,7,9,10,10,10,10,10,10,10,10,269,0,6,46.22279330855993,3.3794999981182627,2074.117500000284,6458.5241635687735
1782444761,5,GET,/ [checkout abuse session],0.000000,0.000000,0,0,0,0,0,0,0,0,0,0,0,5,0,2074.117500000284,2060.96225999936,2047.1870999972452,2074.117500000284,10499.0
1782444761,5,POST,/cart [add item abuse],1.000000,0.000000,4,4,4,4,4,5,5,5,5,5,5,69,0,4,5.991672463795218,3.331899999466259,48.56619999918621,0.0
1782444761,5,GET,/cart [view abuse],1.000000,0.000000,6,6,7,7,7,7,7,7,7,7,7,69,0,6,6.463653623317098,5.121000001963694,10.69419999839738,14659.0
1782444761,5,POST,/cart/checkout [abuse],1.000000,0.000000,10,10,10,10,10,11,11,11,11,11,11,69,0,10,13.282150724410092,9.331199995358475,56.25980000331765,5004.0
1782444761,5,GET,/product/[id] [checkout abuse],1.000000,0.000000,6,7,7,7,7,8,8,8,8,8,8,69,0,6,6.254802898763666,4.6608999982709065,8.296400003018789,5865.0
1782444761,5,,Aggregated,4.000000,0.000000,6,7,9,9,10,10,10,11,11,11,11,281,0,6,44.52768185055708,3.331899999466259,2074.117500000284,6455.256227758007
1782444762,5,GET,/ [checkout abuse session],0.000000,0.000000,0,0,0,0,0,0,0,0,0,0,0,5,0,2074.117500000284,2060.96225999936,2047.1870999972452,2074.117500000284,10499.0
1782444762,5,POST,/cart [add item abuse],1.000000,0.000000,4,4,4,4,4,5,5,5,5,5,5,69,0,4,5.991672463795218,3.331899999466259,48.56619999918621,0.0
1782444762,5,GET,/cart [view abuse],1.000000,0.000000,6,6,7,7,7,7,7,7,7,7,7,69,0,6,6.463653623317098,5.121000001963694,10.69419999839738,14659.0
1782444762,5,POST,/cart/checkout [abuse],1.000000,0.000000,10,10,10,10,10,11,11,11,11,11,11,69,0,10,13.282150724410092,9.331199995358475,56.25980000331765,5004.0
1782444762,5,GET,/product/[id] [checkout abuse],1.000000,0.000000,6,7,7,7,7,8,8,8,8,8,8,69,0,6,6.254802898763666,4.6608999982709065,8.296400003018789,5865.0
1782444762,5,,Aggregated,4.000000,0.000000,6,7,9,9,10,10,10,11,11,11,11,281,0,6,44.52768185055708,3.331899999466259,2074.117500000284,6455.256227758007
1782444763,5,GET,/ [checkout abuse session],0.000000,0.000000,0,0,0,0,0,0,0,0,0,0,0,5,0,2074.117500000284,2060.96225999936,2047.1870999972452,2074.117500000284,10499.0
1782444763,5,POST,/cart [add item abuse],1.400000,0.000000,4,4,4,4,5,5,5,5,5,5,5,71,0,4,5.943177464769819,3.331899999466259,48.56619999918621,0.0
1782444763,5,GET,/cart [view abuse],1.400000,0.000000,6,6,7,7,7,7,7,7,7,7,7,71,0,6,6.4491704227255235,5.121000001963694,10.69419999839738,14659.0
1782444763,5,POST,/cart/checkout [abuse],1.400000,0.000000,10,10,10,10,11,11,11,11,11,11,11,71,0,10,13.196547887071599,9.331199995358475,56.25980000331765,5004.0
1782444763,5,GET,/product/[id] [checkout abuse],1.400000,0.000000,6,7,7,7,7,7,7,7,7,7,7,71,0,6,6.258070422787363,4.6608999982709065,8.296400003018789,5865.0
1782444763,5,,Aggregated,5.600000,0.000000,6,7,9,10,10,10,11,11,11,11,11,289,0,6,43.48078166093064,3.331899999466259,2074.117500000284,6453.228373702422
1782444764,5,GET,/ [checkout abuse session],0.000000,0.000000,0,0,0,0,0,0,0,0,0,0,0,5,0,2074.117500000284,2060.96225999936,2047.1870999972452,2074.117500000284,10499.0
1782444764,5,POST,/cart [add item abuse],1.300000,0.000000,4,4,4,5,5,5,5,5,5,5,5,73,0,4,5.910765753432228,3.331899999466259,48.56619999918621,0.0
1782444764,5,GET,/cart [view abuse],1.300000,0.000000,6,7,7,7,7,8,8,8,8,8,8,73,0,6,6.4673205481384475,5.121000001963694,10.69419999839738,14659.0
1782444764,5,POST,/cart/checkout [abuse],1.300000,0.000000,10,10,10,11,11,11,11,11,11,11,11,72,0,10,13.170280555338346,9.331199995358475,56.25980000331765,5004.0
1782444764,5,GET,/product/[id] [checkout abuse],1.300000,0.000000,7,7,7,7,7,7,7,7,7,7,7,73,0,6,6.2791136988878815,4.6608999982709065,8.296400003018789,5865.0
1782444764,5,,Aggregated,5.200000,0.000000,6,7,8,10,10,11,11,11,11,11,11,296,0,6,42.61840236491431,3.331899999466259,2074.117500000284,6456.199324324324
1782444765,5,GET,/ [checkout abuse session],0.000000,0.000000,0,0,0,0,0,0,0,0,0,0,0,5,0,2074.117500000284,2060.96225999936,2047.1870999972452,2074.117500000284,10499.0
1782444765,5,POST,/cart [add item abuse],1.300000,0.000000,4,4,5,5,5,5,5,5,5,5,5,73,0,4,5.910765753432228,3.331899999466259,48.56619999918621,0.0
1782444765,5,GET,/cart [view abuse],1.300000,0.000000,6,6,7,7,7,8,8,8,8,8,8,73,0,6,6.4673205481384475,5.121000001963694,10.69419999839738,14659.0
1782444765,5,POST,/cart/checkout [abuse],1.300000,0.000000,10,10,11,11,11,12,12,12,12,12,12,73,0,10,13.148809588802914,9.331199995358475,56.25980000331765,5004.0
1782444765,5,GET,/product/[id] [checkout abuse],1.300000,0.000000,7,7,7,7,7,7,7,7,7,7,7,73,0,6,6.2791136988878815,4.6608999982709065,8.296400003018789,5865.0
1782444765,5,,Aggregated,5.200000,0.000000,6,7,9,10,10,11,12,12,12,12,12,297,0,6,42.513973064016454,3.331899999466259,2074.117500000284,6451.309764309764
1782444766,5,GET,/ [checkout abuse session],0.000000,0.000000,0,0,0,0,0,0,0,0,0,0,0,5,0,2074.117500000284,2060.96225999936,2047.1870999972452,2074.117500000284,10499.0
1782444766,5,POST,/cart [add item abuse],1.000000,0.000000,4,4,4,5,5,5,5,5,5,5,5,74,0,4,5.885577027043296,3.331899999466259,48.56619999918621,0.0
1782444766,5,GET,/cart [view abuse],1.000000,0.000000,6,6,7,7,7,8,8,8,8,8,8,74,0,6,6.463658108357875,5.121000001963694,10.69419999839738,14659.0
1782444766,5,POST,/cart/checkout [abuse],1.000000,0.000000,10,11,11,11,11,12,12,12,12,12,12,74,0,10,13.11688783755164,9.331199995358475,56.25980000331765,5004.0
1782444766,5,GET,/product/[id] [checkout abuse],1.000000,0.000000,7,7,7,7,7,7,7,7,7,7,7,74,0,6,6.280025675919574,4.6608999982709065,8.296400003018789,5865.0
1782444766,5,,Aggregated,4.000000,0.000000,6,7,9,10,10,11,11,12,12,12,12,301,0,6,42.039954485094206,3.331899999466259,2074.117500000284,6450.388704318937
1782444767,5,GET,/ [checkout abuse session],0.000000,0.000000,0,0,0,0,0,0,0,0,0,0,0,5,0,2074.117500000284,2060.96225999936,2047.1870999972452,2074.117500000284,10499.0
1782444767,5,POST,/cart [add item abuse],1.400000,0.000000,4,4,5,5,5,5,5,5,5,5,5,75,0,4,5.87224400000802,3.331899999466259,48.56619999918621,0.0
1782444767,5,GET,/cart [view abuse],1.400000,0.000000,6,6,7,7,7,8,8,8,8,8,8,75,0,6,6.460788000258617,5.121000001963694,10.69419999839738,14659.0
1782444767,5,POST,/cart/checkout [abuse],1.400000,0.000000,10,11,11,11,11,12,12,12,12,12,12,75,0,10,13.075274666383242,9.331199995358475,56.25980000331765,5004.0
1782444767,5,GET,/product/[id] [checkout abuse],1.400000,0.000000,6,7,7,7,7,7,7,7,7,7,7,75,0,6,6.275148000277113,4.6608999982709065,8.296400003018789,5865.0
1782444767,5,,Aggregated,5.600000,0.000000,6,7,9,10,11,11,12,12,12,12,12,305,0,6,41.57728000005352,3.331899999466259,2074.117500000284,6449.491803278688
1782444768,5,GET,/ [checkout abuse session],0.000000,0.000000,0,0,0,0,0,0,0,0,0,0,0,5,0,2074.117500000284,2060.96225999936,2047.1870999972452,2074.117500000284,10499.0
1782444768,5,POST,/cart [add item abuse],1.300000,0.000000,4,4,4,5,5,5,5,5,5,5,5,77,0,4,5.825084415563025,3.331899999466259,48.56619999918621,0.0
1782444768,5,GET,/cart [view abuse],1.300000,0.000000,6,6,7,7,7,8,8,8,8,8,8,77,0,6,6.461325974291336,5.121000001963694,10.69419999839738,14659.0
1782444768,5,POST,/cart/checkout [abuse],1.300000,0.000000,10,11,11,11,11,12,12,12,12,12,12,77,0,10,13.01776753221079,9.331199995358475,56.25980000331765,5004.0
1782444768,5,GET,/product/[id] [checkout abuse],1.300000,0.000000,6,7,7,7,7,7,7,7,7,7,7,77,0,6,6.288527273032481,4.6608999982709065,8.296400003018789,5865.0
1782444768,5,,Aggregated,5.200000,0.000000,6,7,9,10,11,11,11,12,12,12,12,313,0,6,40.694727156611236,3.331899999466259,2074.117500000284,6447.766773162939
1782444769,5,GET,/ [checkout abuse session],0.000000,0.000000,0,0,0,0,0,0,0,0,0,0,0,5,0,2074.117500000284,2060.96225999936,2047.1870999972452,2074.117500000284,10499.0
1782444769,5,POST,/cart [add item abuse],1.000000,0.000000,4,4,4,5,5,5,5,5,5,5,5,78,0,4,5.795067948686968,3.331899999466259,48.56619999918621,0.0
1782444769,5,GET,/cart [view abuse],1.000000,0.000000,6,6,6,7,7,8,8,8,8,8,8,78,0,6,6.4440551284814065,5.114200001116842,10.69419999839738,14659.0
1782444769,5,POST,/cart/checkout [abuse],1.000000,0.000000,10,11,11,11,11,12,12,12,12,12,12,78,0,10,12.981182051030023,9.331199995358475,56.25980000331765,5004.0
1782444769,5,GET,/product/[id] [checkout abuse],1.000000,0.000000,6,7,7,7,7,7,7,7,7,7,7,78,0,6,6.2899397439300975,4.6608999982709065,8.296400003018789,5865.0
1782444769,5,,Aggregated,4.000000,0.000000,6,7,9,10,11,11,11,12,12,12,12,317,0,6,40.26060063098682,3.331899999466259,2074.117500000284,6446.93690851735
1782444770,5,GET,/ [checkout abuse session],0.000000,0.000000,0,0,0,0,0,0,0,0,0,0,0,5,0,2074.117500000284,2060.96225999936,2047.1870999972452,2074.117500000284,10499.0
1782444770,5,POST,/cart [add item abuse],1.000000,0.000000,4,4,5,5,5,5,5,5,5,5,5,78,0,4,5.795067948686968,3.331899999466259,48.56619999918621,0.0
1782444770,5,GET,/cart [view abuse],1.000000,0.000000,6,6,7,7,8,8,8,8,8,8,8,78,0,6,6.4440551284814065,5.114200001116842,10.69419999839738,14659.0
1782444770,5,POST,/cart/checkout [abuse],1.000000,0.000000,11,11,11,11,12,12,12,12,12,12,12,78,0,10,12.981182051030023,9.331199995358475,56.25980000331765,5004.0
1782444770,5,GET,/product/[id] [checkout abuse],1.000000,0.000000,6,7,7,7,7,7,7,7,7,7,7,78,0,6,6.2899397439300975,4.6608999982709065,8.296400003018789,5865.0
1782444770,5,,Aggregated,4.000000,0.000000,6,7,9,10,11,11,12,12,12,12,12,317,0,6,40.26060063098682,3.331899999466259,2074.117500000284,6446.93690851735
1782444771,5,GET,/ [checkout abuse session],0.000000,0.000000,0,0,0,0,0,0,0,0,0,0,0,5,0,2074.117500000284,2060.96225999936,2047.1870999972452,2074.117500000284,10499.0
1782444771,5,POST,/cart [add item abuse],1.200000,0.000000,4,4,5,5,5,5,5,5,5,5,5,80,0,4,5.74467625010584,3.331899999466259,48.56619999918621,0.0
1782444771,5,GET,/cart [view abuse],1.200000,0.000000,6,6,7,7,7,8,8,8,8,8,8,80,0,6,6.423861250368645,5.114200001116842,10.69419999839738,14659.0
1782444771,5,POST,/cart/checkout [abuse],1.200000,0.000000,10,11,11,11,11,12,12,12,12,12,12,80,0,10,12.895119999757299,9.292599999753293,56.25980000331765,5004.0
1782444771,5,GET,/product/[id] [checkout abuse],1.200000,0.000000,6,7,7,7,7,7,7,7,7,7,7,80,0,6,6.288677500288031,4.6608999982709065,8.296400003018789,5865.0
1782444771,5,,Aggregated,4.800000,0.000000,6,7,9,10,11,11,12,12,12,12,12,325,0,6,39.424609538579645,3.331899999466259,2074.117500000284,6445.338461538461
1782444772,5,GET,/ [checkout abuse session],0.000000,0.000000,0,0,0,0,0,0,0,0,0,0,0,5,0,2074.117500000284,2060.96225999936,2047.1870999972452,2074.117500000284,10499.0
1782444772,5,POST,/cart [add item abuse],1.300000,0.000000,4,4,5,5,5,5,5,5,5,5,5,81,0,4,5.741633333439686,3.331899999466259,48.56619999918621,0.0
1782444772,5,GET,/cart [view abuse],1.300000,0.000000,6,6,7,7,7,8,8,8,8,8,8,81,0,6,6.428297531300937,5.114200001116842,10.69419999839738,14659.0
1782444772,5,POST,/cart/checkout [abuse],1.300000,0.000000,11,11,11,11,11,12,12,12,12,12,12,81,0,10,12.872207407152603,9.292599999753293,56.25980000331765,5004.0
1782444772,5,GET,/product/[id] [checkout abuse],1.300000,0.000000,6,7,7,7,7,7,7,7,7,7,7,81,0,6,6.284056790460499,4.6608999982709065,8.296400003018789,5865.0
1782444772,5,,Aggregated,5.200000,0.000000,6,7,9,10,11,11,12,12,12,12,12,329,0,6,39.034143161238454,3.331899999466259,2074.117500000284,6444.568389057751
1782444773,5,GET,/ [checkout abuse session],0.000000,0.000000,0,0,0,0,0,0,0,0,0,0,0,5,0,2074.117500000284,2060.96225999936,2047.1870999972452,2074.117500000284,10499.0
1782444773,5,POST,/cart [add item abuse],1.300000,0.000000,4,4,4,5,5,5,5,5,5,5,5,82,0,4,5.721556097652377,3.331899999466259,48.56619999918621,0.0
1782444773,5,GET,/cart [view abuse],1.300000,0.000000,6,6,7,7,7,7,7,7,7,7,7,82,0,6,6.424052439464637,5.114200001116842,10.69419999839738,14659.0
1782444773,5,POST,/cart/checkout [abuse],1.300000,0.000000,10,11,11,11,12,12,12,12,12,12,12,82,0,10,12.83513902414664,9.292599999753293,56.25980000331765,5004.0
1782444773,5,GET,/product/[id] [checkout abuse],1.300000,0.000000,6,6,7,7,7,7,7,7,7,7,7,82,0,6,6.282454878379301,4.6608999982709065,8.296400003018789,5865.0
1782444773,5,,Aggregated,5.200000,0.000000,6,7,9,10,11,11,12,12,12,12,12,333,0,6,38.643825525668234,3.331899999466259,2074.117500000284,6443.816816816817
1782444774,5,GET,/ [checkout abuse session],0.000000,0.000000,0,0,0,0,0,0,0,0,0,0,0,5,0,2074.117500000284,2060.96225999936,2047.1870999972452,2074.117500000284,10499.0
1782444774,5,POST,/cart [add item abuse],1.200000,0.000000,4,4,4,5,5,5,5,5,5,5,5,83,0,4,5.699449397728032,3.331899999466259,48.56619999918621,0.0
1782444774,5,GET,/cart [view abuse],1.200000,0.000000,6,6,7,7,7,7,7,7,7,7,7,83,0,6,6.43538313297869,5.114200001116842,10.69419999839738,14659.0
1782444774,5,POST,/cart/checkout [abuse],1.200000,0.000000,10,11,11,11,13,13,13,13,13,13,13,83,0,10,12.837763855122283,9.292599999753293,56.25980000331765,5004.0
1782444774,5,GET,/product/[id] [checkout abuse],1.200000,0.000000,6,6,6,7,7,7,7,7,7,7,7,83,0,6,6.282037349680091,4.6608999982709065,8.296400003018789,5865.0
1782444774,5,,Aggregated,4.800000,0.000000,6,7,9,10,11,11,13,13,13,13,13,337,0,6,38.27580385769749,3.331899999466259,2074.117500000284,6443.083086053412
1782444775,5,GET,/ [checkout abuse session],0.000000,0.000000,0,0,0,0,0,0,0,0,0,0,0,5,0,2074.117500000284,2060.96225999936,2047.1870999972452,2074.117500000284,10499.0
1782444775,5,POST,/cart [add item abuse],1.300000,0.000000,4,4,4,4,5,5,5,5,5,5,5,85,0,4,5.656588235476246,3.331899999466259,48.56619999918621,0.0
1782444775,5,GET,/cart [view abuse],1.300000,0.000000,6,6,7,7,7,7,7,7,7,7,7,85,0,6,6.421937647460521,5.114200001116842,10.69419999839738,14659.0
1782444775,5,POST,/cart/checkout [abuse],1.300000,0.000000,10,11,11,11,11,13,13,13,13,13,13,85,0,10,12.786315293873058,9.292599999753293,56.25980000331765,5004.0
1782444775,5,GET,/product/[id] [checkout abuse],1.300000,0.000000,6,6,7,7,7,7,7,7,7,7,7,85,0,6,6.285516470876139,4.6608999982709065,8.296400003018789,5865.0
1782444775,5,,Aggregated,5.200000,0.000000,6,7,9,10,11,11,13,13,13,13,13,345,0,6,37.54374405811625,3.331899999466259,2074.117500000284,6441.666666666667
1782444776,5,GET,/ [checkout abuse session],0.000000,0.000000,0,0,0,0,0,0,0,0,0,0,0,5,0,2074.117500000284,2060.96225999936,2047.1870999972452,2074.117500000284,10499.0
1782444776,5,POST,/cart [add item abuse],1.300000,0.000000,4,4,4,4,5,5,5,5,5,5,5,86,0,4,5.630715116472687,3.331899999466259,48.56619999918621,0.0
1782444776,5,GET,/cart [view abuse],1.300000,0.000000,6,6,7,7,7,7,7,7,7,7,7,86,0,6,6.424077907404564,5.114200001116842,10.69419999839738,14659.0
1782444776,5,POST,/cart/checkout [abuse],1.300000,0.000000,10,10,11,11,11,13,13,13,13,13,13,86,0,10,12.753960464896261,9.292599999753293,56.25980000331765,5004.0
1782444776,5,GET,/product/[id] [checkout abuse],1.300000,0.000000,6,6,7,7,7,7,7,7,7,7,7,86,0,6,6.286072093305763,4.6608999982709065,8.296400003018789,5865.0
1782444776,5,,Aggregated,5.200000,0.000000,6,7,9,10,10,11,13,13,13,13,13,349,0,6,37.18901518640578,3.331899999466259,2074.117500000284,6440.982808022923
1782444777,5,GET,/ [checkout abuse session],0.000000,0.000000,0,0,0,0,0,0,0,0,0,0,0,5,0,2074.117500000284,2060.96225999936,2047.1870999972452,2074.117500000284,10499.0
1782444777,5,POST,/cart [add item abuse],1.000000,0.000000,4,4,4,4,5,5,5,5,5,5,5,87,0,4,5.622770115077474,3.331899999466259,48.56619999918621,0.0
1782444777,5,GET,/cart [view abuse],1.000000,0.000000,6,7,7,7,7,8,8,8,8,8,8,87,0,6,6.438643678513639,5.114200001116842,10.69419999839738,14659.0
1782444777,5,POST,/cart/checkout [abuse],1.000000,0.000000,10,11,11,11,12,13,13,13,13,13,13,87,0,10,12.746398850349474,9.292599999753293,56.25980000331765,5004.0
1782444777,5,GET,/product/[id] [checkout abuse],1.000000,0.000000,6,7,7,7,7,7,7,7,7,7,7,87,0,6,6.291435632453937,4.6608999982709065,8.296400003018789,5865.0
1782444777,5,,Aggregated,4.000000,0.000000,6,7,9,10,10,11,13,13,13,13,13,353,0,6,36.85678725224681,3.331899999466259,2074.117500000284,6440.314447592068
1782444778,5,GET,/ [checkout abuse session],0.000000,0.000000,0,0,0,0,0,0,0,0,0,0,0,5,0,2074.117500000284,2060.96225999936,2047.1870999972452,2074.117500000284,10499.0
1782444778,5,POST,/cart [add item abuse],1.000000,0.000000,4,4,4,5,5,5,5,5,5,5,5,87,0,4,5.622770115077474,3.331899999466259,48.56619999918621,0.0
1782444778,5,GET,/cart [view abuse],1.000000,0.000000,6,7,7,7,8,8,8,8,8,8,8,87,0,6,6.438643678513639,5.114200001116842,10.69419999839738,14659.0
1782444778,5,POST,/cart/checkout [abuse],1.000000,0.000000,10,11,11,12,13,13,13,13,13,13,13,87,0,10,12.746398850349474,9.292599999753293,56.25980000331765,5004.0
1782444778,5,GET,/product/[id] [checkout abuse],1.000000,0.000000,6,6,7,7,7,7,7,7,7,7,7,87,0,6,6.291435632453937,4.6608999982709065,8.296400003018789,5865.0
1782444778,5,,Aggregated,4.000000,0.000000,6,7,9,10,11,12,13,13,13,13,13,353,0,6,36.85678725224681,3.331899999466259,2074.117500000284,6440.314447592068
1782444779,5,GET,/ [checkout abuse session],0.000000,0.000000,0,0,0,0,0,0,0,0,0,0,0,5,0,2074.117500000284,2060.96225999936,2047.1870999972452,2074.117500000284,10499.0
1782444779,5,POST,/cart [add item abuse],1.300000,0.000000,4,4,4,4,5,5,5,5,5,5,5,89,0,4,5.581774157383662,3.331899999466259,48.56619999918621,0.0
1782444779,5,GET,/cart [view abuse],1.300000,0.000000,6,7,7,7,7,8,8,8,8,8,8,89,0,6,6.425004494651168,5.114200001116842,10.69419999839738,14659.0
1782444779,5,POST,/cart/checkout [abuse],1.300000,0.000000,10,11,11,11,12,13,13,13,13,13,13,89,0,10,12.683865168194673,9.292599999753293,56.25980000331765,5004.0
1782444779,5,GET,/product/[id] [checkout abuse],1.300000,0.000000,6,7,7,7,7,7,7,7,7,7,7,89,0,6,6.303457303719564,4.6608999982709065,8.296400003018789,5865.0
1782444779,5,,Aggregated,5.200000,0.000000,6,7,9,10,11,11,13,13,13,13,13,361,0,6,36.18638864273758,3.331899999466259,2074.117500000284,6439.02216066482
1782444780,5,GET,/ [checkout abuse session],0.000000,0.000000,0,0,0,0,0,0,0,0,0,0,0,5,0,2074.117500000284,2060.96225999936,2047.1870999972452,2074.117500000284,10499.0
1782444780,5,POST,/cart [add item abuse],1.300000,0.000000,4,4,5,5,5,5,5,5,5,5,5,91,0,4,5.557270329778215,3.331899999466259,48.56619999918621,0.0
1782444780,5,GET,/cart [view abuse],1.300000,0.000000,6,7,7,7,8,8,8,8,8,8,8,91,0,6,6.43006483541295,5.114200001116842,10.69419999839738,14659.0
1782444780,5,POST,/cart/checkout [abuse],1.300000,0.000000,11,11,12,12,13,14,14,14,14,14,14,91,0,10,12.670161538123496,9.292599999753293,56.25980000331765,5004.0
1782444780,5,GET,/product/[id] [checkout abuse],1.300000,0.000000,6,7,7,7,7,7,7,7,7,7,7,91,0,6,6.311485714632199,4.6608999982709065,8.296400003018789,5865.0
1782444780,5,,Aggregated,5.200000,0.000000,6,7,9,10,11,12,14,14,14,14,14,369,0,6,35.56365501363134,3.331899999466259,2074.117500000284,6437.785907859078
1782444781,5,GET,/ [checkout abuse session],0.000000,0.000000,0,0,0,0,0,0,0,0,0,0,0,5,0,2074.117500000284,2060.96225999936,2047.1870999972452,2074.117500000284,10499.0
1782444781,5,POST,/cart [add item abuse],1.300000,0.000000,4,4,4,5,5,5,5,5,5,5,5,91,0,4,5.557270329778215,3.331899999466259,48.56619999918621,0.0
1782444781,5,GET,/cart [view abuse],1.300000,0.000000,6,7,7,8,8,8,8,8,8,8,8,91,0,6,6.43006483541295,5.114200001116842,10.69419999839738,14659.0
1782444781,5,POST,/cart/checkout [abuse],1.300000,0.000000,11,11,12,13,14,14,14,14,14,14,14,91,0,10,12.670161538123496,9.292599999753293,56.25980000331765,5004.0
1782444781,5,GET,/product/[id] [checkout abuse],1.300000,0.000000,7,7,7,7,7,7,7,7,7,7,7,91,0,6,6.311485714632199,4.6608999982709065,8.296400003018789,5865.0
1782444781,5,,Aggregated,5.200000,0.000000,6,7,9,10,11,13,14,14,14,14,14,369,0,6,35.56365501363134,3.331899999466259,2074.117500000284,6437.785907859078
1782444782,5,GET,/ [checkout abuse session],0.000000,0.000000,0,0,0,0,0,0,0,0,0,0,0,5,0,2074.117500000284,2060.96225999936,2047.1870999972452,2074.117500000284,10499.0
1782444782,5,POST,/cart [add item abuse],1.100000,0.000000,4,4,4,4,5,5,5,5,5,5,5,92,0,4,5.541561956662285,3.331899999466259,48.56619999918621,0.0
1782444782,5,GET,/cart [view abuse],1.100000,0.000000,6,7,8,8,8,9,9,9,9,9,9,92,0,6,6.458961956804674,5.114200001116842,10.69419999839738,14659.0
1782444782,5,POST,/cart/checkout [abuse],1.100000,0.000000,11,12,13,13,13,14,14,14,14,14,14,92,0,10,12.670643477853762,9.292599999753293,56.25980000331765,5004.0
1782444782,5,GET,/product/[id] [checkout abuse],1.100000,0.000000,6,7,7,7,7,7,7,7,7,7,7,92,0,6,6.3055326090366375,4.6608999982709065,8.296400003018789,5865.0
1782444782,5,,Aggregated,4.400000,0.000000,6,7,9,10,11,13,14,14,14,14,14,373,0,6,35.267205630106375,3.331899999466259,2074.117500000284,6437.187667560322
1782444783,5,GET,/ [checkout abuse session],0.000000,0.000000,0,0,0,0,0,0,0,0,0,0,0,5,0,2074.117500000284,2060.96225999936,2047.1870999972452,2074.117500000284,10499.0
1782444783,5,POST,/cart [add item abuse],1.100000,0.000000,4,4,4,4,5,5,5,5,5,5,5,94,0,4,5.496137234195943,3.331899999466259,48.56619999918621,0.0
1782444783,5,GET,/cart [view abuse],1.100000,0.000000,6,7,8,8,8,9,9,9,9,9,9,94,0,6,6.4370202130800305,5.051000000094064,10.69419999839738,14659.0
1782444783,5,POST,/cart/checkout [abuse],1.100000,0.000000,11,11,13,13,13,14,14,14,14,14,14,94,0,10,12.603252127248313,9.292599999753293,56.25980000331765,5004.0
1782444783,5,GET,/product/[id] [checkout abuse],1.100000,0.000000,7,7,7,7,7,7,7,7,7,7,7,94,0,6,6.304003191852392,4.6608999982709065,8.296400003018789,5865.0
1782444783,5,,Aggregated,4.400000,0.000000,6,7,9,10,11,13,14,14,14,14,14,381,0,6,34.65566955390081,3.331899999466259,2074.117500000284,6436.028871391076
1782444784,5,GET,/ [checkout abuse session],0.000000,0.000000,0,0,0,0,0,0,0,0,0,0,0,5,0,2074.117500000284,2060.96225999936,2047.1870999972452,2074.117500000284,10499.0
1782444784,5,POST,/cart [add item abuse],1.100000,0.000000,4,4,4,4,5,5,5,5,5,5,5,95,0,4,5.4776000001431004,3.331899999466259,48.56619999918621,0.0
1782444784,5,GET,/cart [view abuse],1.100000,0.000000,6,6,8,8,8,9,9,9,9,9,9,95,0,6,6.425591579279985,5.051000000094064,10.69419999839738,14659.0
1782444784,5,POST,/cart/checkout [abuse],1.100000,0.000000,10,11,12,12,13,14,14,14,14,14,14,95,0,10,12.56755789432454,9.212299999489915,56.25980000331765,5004.0
1782444784,5,GET,/product/[id] [checkout abuse],1.100000,0.000000,7,7,7,7,7,7,7,7,7,7,7,95,0,6,6.30178526350248,4.6608999982709065,8.296400003018789,5865.0
1782444784,5,,Aggregated,4.400000,0.000000,6,7,9,9,11,12,14,14,14,14,14,385,0,6,34.35896649359886,3.331899999466259,2074.117500000284,6435.467532467533
1782444785,5,GET,/ [checkout abuse session],0.000000,0.000000,0,0,0,0,0,0,0,0,0,0,0,5,0,2074.117500000284,2060.96225999936,2047.1870999972452,2074.117500000284,10499.0
1782444785,5,POST,/cart [add item abuse],1.000000,0.000000,4,4,4,4,5,5,5,5,5,5,5,97,0,4,5.453868041363468,3.331899999466259,48.56619999918621,0.0
1782444785,5,GET,/cart [view abuse],1.000000,0.000000,6,7,8,8,8,9,9,9,9,9,9,97,0,6,6.424020618856188,5.051000000094064,10.69419999839738,14659.0
1782444785,5,POST,/cart/checkout [abuse],1.000000,0.000000,10,11,12,12,13,14,14,14,14,14,14,97,0,10,12.518508246975001,9.212299999489915,56.25980000331765,5004.0
1782444785,5,GET,/product/[id] [checkout abuse],1.000000,0.000000,7,7,7,7,7,7,7,7,7,7,7,97,0,6,6.313238144637992,4.6608999982709065,8.296400003018789,5865.0
1782444785,5,,Aggregated,4.000000,0.000000,6,7,9,9,10,12,14,14,14,14,14,393,0,6,33.80062569980806,3.331899999466259,2074.117500000284,6434.379134860051
1782444786,5,GET,/ [checkout abuse session],0.000000,0.000000,0,0,0,0,0,0,0,0,0,0,0,5,0,2074.117500000284,2060.96225999936,2047.1870999972452,2074.117500000284,10499.0
1782444786,5,POST,/cart [add item abuse],1.000000,0.000000,4,4,4,4,5,5,5,5,5,5,5,97,0,4,5.453868041363468,3.331899999466259,48.56619999918621,0.0
1782444786,5,GET,/cart [view abuse],1.000000,0.000000,6,7,8,8,8,9,9,9,9,9,9,97,0,6,6.424020618856188,5.051000000094064,10.69419999839738,14659.0
1782444786,5,POST,/cart/checkout [abuse],1.000000,0.000000,10,11,12,12,13,14,14,14,14,14,14,97,0,10,12.518508246975001,9.212299999489915,56.25980000331765,5004.0
1782444786,5,GET,/product/[id] [checkout abuse],1.000000,0.000000,7,7,7,7,7,7,7,7,7,7,7,97,0,6,6.313238144637992,4.6608999982709065,8.296400003018789,5865.0
1782444786,5,,Aggregated,4.000000,0.000000,6,7,9,9,10,12,14,14,14,14,14,393,0,6,33.80062569980806,3.331899999466259,2074.117500000284,6434.379134860051
1782444787,5,GET,/ [checkout abuse session],0.000000,0.000000,0,0,0,0,0,0,0,0,0,0,0,5,0,2074.117500000284,2060.96225999936,2047.1870999972452,2074.117500000284,10499.0
1782444787,5,POST,/cart [add item abuse],1.300000,0.000000,4,4,4,4,4,5,5,5,5,5,5,99,0,4,5.420685858736779,3.331899999466259,48.56619999918621,0.0
1782444787,5,GET,/cart [view abuse],1.300000,0.000000,6,6,7,7,8,9,9,9,9,9,9,99,0,6,6.40557575785682,5.051000000094064,10.69419999839738,14659.0
1782444787,5,POST,/cart/checkout [abuse],1.300000,0.000000,10,10,11,11,13,14,14,14,14,14,14,99,0,10,12.454369696441596,9.207099996274337,56.25980000331765,5004.0
1782444787,5,GET,/product/[id] [checkout abuse],1.300000,0.000000,6,7,7,7,7,7,7,7,7,7,7,99,0,6,6.30716161641899,4.6608999982709065,8.296400003018789,5865.0
1782444787,5,,Aggregated,5.200000,0.000000,6,7,9,9,10,11,14,14,14,14,14,401,0,6,33.249383541178965,3.331899999466259,2074.117500000284,6433.334164588528
1782444788,5,GET,/ [checkout abuse session],0.000000,0.000000,0,0,0,0,0,0,0,0,0,0,0,5,0,2074.117500000284,2060.96225999936,2047.1870999972452,2074.117500000284,10499.0
1782444788,5,POST,/cart [add item abuse],1.300000,0.000000,4,4,4,4,4,5,5,5,5,5,5,99,0,4,5.420685858736779,3.331899999466259,48.56619999918621,0.0
1782444788,5,GET,/cart [view abuse],1.300000,0.000000,6,6,7,7,8,9,9,9,9,9,9,99,0,6,6.40557575785682,5.051000000094064,10.69419999839738,14659.0
1782444788,5,POST,/cart/checkout [abuse],1.300000,0.000000,10,10,10,10,13,14,14,14,14,14,14,99,0,10,12.454369696441596,9.207099996274337,56.25980000331765,5004.0
1782444788,5,GET,/product/[id] [checkout abuse],1.300000,0.000000,6,7,7,7,7,7,7,7,7,7,7,99,0,6,6.30716161641899,4.6608999982709065,8.296400003018789,5865.0
1782444788,5,,Aggregated,5.200000,0.000000,6,7,9,9,10,10,14,14,14,14,14,401,0,6,33.249383541178965,3.331899999466259,2074.117500000284,6433.334164588528
1782444789,5,GET,/ [checkout abuse session],0.000000,0.000000,0,0,0,0,0,0,0,0,0,0,0,5,0,2074.117500000284,2060.96225999936,2047.1870999972452,2074.117500000284,10499.0
1782444789,5,POST,/cart [add item abuse],1.100000,0.000000,4,4,4,4,5,5,5,5,5,5,5,102,0,4,5.379130392290843,3.331899999466259,48.56619999918621,0.0
1782444789,5,GET,/cart [view abuse],1.100000,0.000000,6,6,7,7,8,9,9,9,9,9,9,102,0,6,6.398745098361841,5.051000000094064,10.69419999839738,14659.0
1782444789,5,POST,/cart/checkout [abuse],1.100000,0.000000,10,10,10,10,13,14,14,14,14,14,14,102,0,10,12.368599999557345,9.1480999981286,56.25980000331765,5004.0
1782444789,5,GET,/product/[id] [checkout abuse],1.100000,0.000000,6,6,7,7,7,7,7,7,7,7,7,102,0,6,6.306880392466886,4.6608999982709065,8.296400003018789,5865.0
1782444789,5,,Aggregated,4.400000,0.000000,6,7,9,9,10,10,13,14,14,14,14,413,0,6,32.472284745834976,3.331899999466259,2074.117500000284,6431.842615012107
1782444790,5,GET,/ [checkout abuse session],0.000000,0.000000,0,0,0,0,0,0,0,0,0,0,0,5,0,2074.117500000284,2060.96225999936,2047.1870999972452,2074.117500000284,10499.0
1782444790,5,POST,/cart [add item abuse],1.100000,0.000000,4,4,4,4,4,5,5,5,5,5,5,103,0,4,5.365852427327535,3.331899999466259,48.56619999918621,0.0
1782444790,5,GET,/cart [view abuse],1.100000,0.000000,6,6,7,7,7,9,9,9,9,9,9,103,0,6,6.390649514870144,5.051000000094064,10.69419999839738,14659.0
1782444790,5,POST,/cart/checkout [abuse],1.100000,0.000000,10,10,10,10,10,13,13,13,13,13,13,103,0,10,12.339810679160347,9.1480999981286,56.25980000331765,5004.0
1782444790,5,GET,/product/[id] [checkout abuse],1.100000,0.000000,6,6,7,7,7,7,7,7,7,7,7,103,0,6,6.316201942062991,4.6608999982709065,8.296400003018789,5865.0
1782444790,5,,Aggregated,4.400000,0.000000,6,7,9,9,10,10,13,13,13,13,13,417,0,6,32.223741726688644,3.331899999466259,2074.117500000284,6431.364508393285
1782444791,5,GET,/ [checkout abuse session],0.000000,0.000000,0,0,0,0,0,0,0,0,0,0,0,5,0,2074.117500000284,2060.96225999936,2047.1870999972452,2074.117500000284,10499.0
1782444791,5,POST,/cart [add item abuse],1.100000,0.000000,4,4,4,4,4,5,5,5,5,5,5,104,0,4,5.350265384759741,3.331899999466259,48.56619999918621,0.0
1782444791,5,GET,/cart [view abuse],1.100000,0.000000,6,6,6,7,7,9,9,9,9,9,9,104,0,6,6.386137500297851,5.051000000094064,10.69419999839738,14659.0
1782444791,5,POST,/cart/checkout [abuse],1.100000,0.000000,10,10,10,10,10,13,13,13,13,13,13,104,0,10,12.314492307268665,9.1480999981286,56.25980000331765,5004.0
1782444791,5,GET,/product/[id] [checkout abuse],1.100000,0.000000,6,6,6,7,7,7,7,7,7,7,7,104,0,6,6.316075961806816,4.6608999982709065,8.296400003018789,5865.0
1782444791,5,,Aggregated,4.400000,0.000000,6,7,9,9,10,10,10,13,13,13,13,421,0,6,31.978566033317435,3.331899999466259,2074.117500000284,6430.895486935867
1782444792,5,GET,/ [checkout abuse session],0.000000,0.000000,0,0,0,0,0,0,0,0,0,0,0,5,0,2074.117500000284,2060.96225999936,2047.1870999972452,2074.117500000284,10499.0
1782444792,5,POST,/cart [add item abuse],1.100000,0.000000,4,4,4,4,4,5,5,5,5,5,5,104,0,4,5.350265384759741,3.331899999466259,48.56619999918621,0.0
1782444792,5,GET,/cart [view abuse],1.100000,0.000000,6,6,6,6,7,7,7,7,7,7,7,104,0,6,6.386137500297851,5.051000000094064,10.69419999839738,14659.0
1782444792,5,POST,/cart/checkout [abuse],1.100000,0.000000,10,10,10,10,10,10,10,10,10,10,10,104,0,10,12.314492307268665,9.1480999981286,56.25980000331765,5004.0
1782444792,5,GET,/product/[id] [checkout abuse],1.100000,0.000000,6,6,7,7,7,7,7,7,7,7,7,104,0,6,6.316075961806816,4.6608999982709065,8.296400003018789,5865.0
1782444792,5,,Aggregated,4.400000,0.000000,6,7,9,9,10,10,10,10,10,10,10,421,0,6,31.978566033317435,3.331899999466259,2074.117500000284,6430.895486935867
1782444793,5,GET,/ [checkout abuse session],0.000000,0.000000,0,0,0,0,0,0,0,0,0,0,0,5,0,2074.117500000284,2060.96225999936,2047.1870999972452,2074.117500000284,10499.0
1782444793,5,POST,/cart [add item abuse],1.200000,0.000000,4,4,4,4,4,5,5,5,5,5,5,106,0,4,5.317792452979978,3.331899999466259,48.56619999918621,0.0
1782444793,5,GET,/cart [view abuse],1.200000,0.000000,6,6,6,6,7,7,7,7,7,7,7,106,0,6,6.382134905988834,5.051000000094064,10.69419999839738,14659.0
1782444793,5,POST,/cart/checkout [abuse],1.200000,0.000000,10,10,10,10,10,10,10,10,10,10,10,106,0,10,12.266070754330425,9.1480999981286,56.25980000331765,5004.0
1782444793,5,GET,/product/[id] [checkout abuse],1.200000,0.000000,6,6,7,7,7,7,7,7,7,7,7,106,0,6,6.31515000027578,4.6608999982709065,8.296400003018789,5865.0
1782444793,5,,Aggregated,4.800000,0.000000,6,7,9,9,10,10,10,10,10,10,10,429,0,6,31.502594405677744,3.331899999466259,2074.117500000284,6429.983682983683
1782444794,5,GET,/ [checkout abuse session],0.000000,0.000000,0,0,0,0,0,0,0,0,0,0,0,5,0,2074.117500000284,2060.96225999936,2047.1870999972452,2074.117500000284,10499.0
1782444794,5,POST,/cart [add item abuse],1.200000,0.000000,4,4,4,4,4,5,5,5,5,5,5,108,0,4,5.2914064817068045,3.331899999466259,48.56619999918621,0.0
1782444794,5,GET,/cart [view abuse],1.200000,0.000000,6,6,6,6,6,7,7,7,7,7,7,108,0,6,6.367566666961432,5.051000000094064,10.69419999839738,14659.0
1782444794,5,POST,/cart/checkout [abuse],1.200000,0.000000,10,10,10,10,10,10,10,10,10,10,10,108,0,10,12.229671295884785,9.1480999981286,56.25980000331765,5004.0
1782444794,5,GET,/product/[id] [checkout abuse],1.200000,0.000000,6,7,7,7,7,7,7,7,7,7,7,108,0,6,6.325383333576071,4.6608999982709065,8.296400003018789,5865.0
1782444794,5,,Aggregated,4.800000,0.000000,6,7,9,9,10,10,10,10,10,10,10,437,0,6,31.047886270102385,3.331899999466259,2074.117500000284,6429.105263157895
1782444795,5,GET,/ [checkout abuse session],0.000000,0.000000,0,0,0,0,0,0,0,0,0,0,0,5,0,2074.117500000284,2060.96225999936,2047.1870999972452,2074.117500000284,10499.0
1782444795,5,POST,/cart [add item abuse],1.300000,0.000000,4,4,4,4,4,5,5,5,5,5,5,109,0,4,5.278574312137816,3.331899999466259,48.56619999918621,0.0
1782444795,5,GET,/cart [view abuse],1.300000,0.000000,6,6,6,6,6,7,7,7,7,7,7,109,0,6,6.36561284432617,5.051000000094064,10.69419999839738,14659.0
1782444795,5,POST,/cart/checkout [abuse],1.300000,0.000000,10,10,10,10,10,10,10,10,10,10,10,109,0,10,12.202981650979373,9.1480999981286,56.25980000331765,5004.0
1782444795,5,GET,/product/[id] [checkout abuse],1.300000,0.000000,6,7,7,7,7,7,7,7,7,7,7,109,0,6,6.331865137860547,4.6608999982709065,8.296400003018789,5865.0
1782444795,5,,Aggregated,5.200000,0.000000,6,7,9,9,10,10,10,10,10,10,10,441,0,6,30.826136054500964,3.331899999466259,2074.117500000284,6428.678004535147
1782444796,5,GET,/ [checkout abuse session],0.000000,0.000000,0,0,0,0,0,0,0,0,0,0,0,5,0,2074.117500000284,2060.96225999936,2047.1870999972452,2074.117500000284,10499.0
1782444796,5,POST,/cart [add item abuse],1.200000,0.000000,4,4,4,4,4,5,5,5,5,5,5,110,0,4,5.262761818382635,3.331899999466259,48.56619999918621,0.0
1782444796,5,GET,/cart [view abuse],1.200000,0.000000,6,6,6,6,6,7,7,7,7,7,7,110,0,6,6.354810909397202,5.051000000094064,10.69419999839738,14659.0
1782444796,5,POST,/cart/checkout [abuse],1.200000,0.000000,10,10,10,10,10,10,10,10,10,10,10,110,0,10,12.174427272310078,9.061999997356907,56.25980000331765,5004.0
1782444796,5,GET,/product/[id] [checkout abuse],1.200000,0.000000,6,7,7,7,7,7,7,7,7,7,7,110,0,6,6.3304654547457835,4.6608999982709065,8.296400003018789,5865.0
1782444796,5,,Aggregated,4.800000,0.000000,6,7,9,9,10,10,10,10,10,10,10,445,0,6,30.602882022536463,3.331899999466259,2074.117500000284,6428.258426966292
1782444797,5,GET,/ [checkout abuse session],0.000000,0.000000,0,0,0,0,0,0,0,0,0,0,0,5,0,2074.117500000284,2060.96225999936,2047.1870999972452,2074.117500000284,10499.0
1782444797,5,POST,/cart [add item abuse],1.200000,0.000000,4,4,4,4,5,5,5,5,5,5,5,111,0,4,5.259529729940098,3.331899999466259,48.56619999918621,0.0
1782444797,5,GET,/cart [view abuse],1.200000,0.000000,6,6,6,6,6,7,7,7,7,7,7,111,0,6,6.354284685011743,5.051000000094064,10.69419999839738,14659.0
1782444797,5,POST,/cart/checkout [abuse],1.200000,0.000000,10,10,10,10,10,10,10,10,10,10,10,111,0,10,12.155613513125383,9.061999997356907,56.25980000331765,5004.0
1782444797,5,GET,/product/[id] [checkout abuse],1.200000,0.000000,6,7,7,7,7,7,7,7,7,7,7,111,0,6,6.331338738967027,4.6608999982709065,8.296400003018789,5865.0
1782444797,5,,Aggregated,4.800000,0.000000,6,7,9,9,10,10,10,10,10,10,10,449,0,6,30.391974164896908,3.331899999466259,2074.117500000284,6427.846325167038
1782444798,5,GET,/ [checkout abuse session],0.000000,0.000000,0,0,0,0,0,0,0,0,0,0,0,5,0,2074.117500000284,2060.96225999936,2047.1870999972452,2074.117500000284,10499.0
1782444798,5,POST,/cart [add item abuse],1.200000,0.000000,4,4,4,4,5,5,5,5,5,5,5,112,0,4,5.245744643096779,3.331899999466259,48.56619999918621,0.0
1782444798,5,GET,/cart [view abuse],1.200000,0.000000,6,6,6,6,6,7,7,7,7,7,7,112,0,6,6.34714642891205,5.051000000094064,10.69419999839738,14659.0
1782444798,5,POST,/cart/checkout [abuse],1.200000,0.000000,10,10,10,10,10,10,10,10,10,10,10,112,0,10,12.13577857099933,9.061999997356907,56.25980000331765,5004.0
1782444798,5,GET,/product/[id] [checkout abuse],1.200000,0.000000,6,7,7,7,7,7,7,7,7,7,7,112,0,6,6.3259008930539755,4.6608999982709065,8.296400003018789,5865.0
1782444798,5,,Aggregated,4.800000,0.000000,6,7,9,9,10,10,10,10,10,10,10,453,0,6,30.178638410674964,3.331899999466259,2074.117500000284,6427.441501103753
1782444799,5,GET,/ [checkout abuse session],0.000000,0.000000,0,0,0,0,0,0,0,0,0,0,0,5,0,2074.117500000284,2060.96225999936,2047.1870999972452,2074.117500000284,10499.0
1782444799,5,POST,/cart [add item abuse],1.200000,0.000000,4,4,4,4,5,5,5,5,5,5,5,114,0,4,5.22791228094751,3.331899999466259,48.56619999918621,0.0
1782444799,5,GET,/cart [view abuse],1.200000,0.000000,6,6,6,6,6,7,7,7,7,7,7,114,0,6,6.337239474082149,5.051000000094064,10.69419999839738,14659.0
1782444799,5,POST,/cart/checkout [abuse],1.200000,0.000000,10,10,10,10,10,10,10,10,10,10,10,114,0,10,12.092224560961895,8.855400003085379,56.25980000331765,5004.0
1782444799,5,GET,/product/[id] [checkout abuse],1.200000,0.000000,6,7,7,7,7,10,10,10,10,10,10,114,0,6,6.349884210705344,4.6608999982709065,9.509399998933077,5865.0
1782444799,5,,Aggregated,4.800000,0.000000,6,7,9,9,10,10,10,10,10,10,10,461,0,6,29.773620390542835,3.331899999466259,2074.117500000284,6426.652928416486
1782444800,5,GET,/ [checkout abuse session],0.000000,0.000000,0,0,0,0,0,0,0,0,0,0,0,5,0,2074.117500000284,2060.96225999936,2047.1870999972452,2074.117500000284,10499.0
1782444800,5,POST,/cart [add item abuse],1.200000,0.000000,4,4,4,4,4,5,5,5,5,5,5,114,0,4,5.22791228094751,3.331899999466259,48.56619999918621,0.0
1782444800,5,GET,/cart [view abuse],1.200000,0.000000,6,6,6,6,6,6,6,6,6,6,6,114,0,6,6.337239474082149,5.051000000094064,10.69419999839738,14659.0
1782444800,5,POST,/cart/checkout [abuse],1.200000,0.000000,10,10,10,10,10,10,10,10,10,10,10,114,0,10,12.092224560961895,8.855400003085379,56.25980000331765,5004.0
1782444800,5,GET,/product/[id] [checkout abuse],1.200000,0.000000,6,7,7,7,7,10,10,10,10,10,10,114,0,6,6.349884210705344,4.6608999982709065,9.509399998933077,5865.0
1782444800,5,,Aggregated,4.800000,0.000000,6,7,9,10,10,10,10,10,10,10,10,461,0,6,29.773620390542835,3.331899999466259,2074.117500000284,6426.652928416486
1782444801,5,GET,/ [checkout abuse session],0.000000,0.000000,0,0,0,0,0,0,0,0,0,0,0,5,0,2074.117500000284,2060.96225999936,2047.1870999972452,2074.117500000284,10499.0
1782444801,5,POST,/cart [add item abuse],1.400000,0.000000,4,4,4,4,4,5,5,5,5,5,5,116,0,4,5.205562069210734,3.331899999466259,48.56619999918621,0.0
1782444801,5,GET,/cart [view abuse],1.400000,0.000000,6,6,6,6,6,6,6,6,6,6,6,116,0,6,6.321400862487217,5.051000000094064,10.69419999839738,14659.0
1782444801,5,POST,/cart/checkout [abuse],1.400000,0.000000,10,10,10,10,10,10,10,10,10,10,10,116,0,10,12.049494827116522,8.855400003085379,56.25980000331765,5004.0
1782444801,5,GET,/product/[id] [checkout abuse],1.400000,0.000000,7,7,7,7,7,10,10,10,10,10,10,116,0,6,6.358161207039114,4.6608999982709065,9.509399998933077,5865.0
1782444801,5,,Aggregated,5.600000,0.000000,6,7,9,10,10,10,10,10,10,10,10,469,0,6,29.375750746345023,3.331899999466259,2074.117500000284,6425.891257995736
1782444802,5,GET,/ [checkout abuse session],0.000000,0.000000,0,0,0,0,0,0,0,0,0,0,0,5,0,2074.117500000284,2060.96225999936,2047.1870999972452,2074.117500000284,10499.0
1782444802,5,POST,/cart [add item abuse],1.100000,0.000000,4,4,4,4,4,5,5,5,5,5,5,117,0,4,5.196395726701838,3.331899999466259,48.56619999918621,0.0
1782444802,5,GET,/cart [view abuse],1.100000,0.000000,6,6,6,6,6,6,6,6,6,6,6,117,0,6,6.318963248281179,5.051000000094064,10.69419999839738,14659.0
1782444802,5,POST,/cart/checkout [abuse],1.100000,0.000000,10,10,10,10,10,10,10,10,10,10,10,117,0,10,12.02766239268976,8.855400003085379,56.25980000331765,5004.0
1782444802,5,GET,/product/[id] [checkout abuse],1.100000,0.000000,7,7,7,7,7,10,10,10,10,10,10,117,0,6,6.355633333441801,4.6608999982709065,9.509399998933077,5865.0
1782444802,5,,Aggregated,4.400000,0.000000,6,7,9,9,10,10,10,10,10,10,10,473,0,6,29.181720718873585,3.331899999466259,2074.117500000284,6425.520084566596
1782444803,5,GET,/ [checkout abuse session],0.000000,0.000000,0,0,0,0,0,0,0,0,0,0,0,5,0,2074.117500000284,2060.96225999936,2047.1870999972452,2074.117500000284,10499.0
1782444803,5,POST,/cart [add item abuse],1.200000,0.000000,4,4,4,4,5,8,8,8,8,8,8,119,0,4,5.207429411994712,3.331899999466259,48.56619999918621,0.0
1782444803,5,GET,/cart [view abuse],1.200000,0.000000,6,6,6,6,6,8,8,8,8,8,8,119,0,6,6.330552941543821,5.051000000094064,10.69419999839738,14659.0
1782444803,5,POST,/cart/checkout [abuse],1.200000,0.000000,10,10,10,10,11,13,13,13,13,13,13,119,0,10,12.027763865094245,8.855400003085379,56.25980000331765,5004.0
1782444803,5,GET,/product/[id] [checkout abuse],1.200000,0.000000,7,7,7,7,8,10,10,10,10,10,10,119,0,6,6.367403361481661,4.6608999982709065,9.509399998933077,5865.0
1782444803,5,,Aggregated,4.800000,0.000000,6,7,9,9,10,10,11,13,13,13,13,481,0,6,28.8292226611859,3.331899999466259,2074.117500000284,6424.796257796258
1782444804,5,GET,/ [checkout abuse session],0.000000,0.000000,0,0,0,0,0,0,0,0,0,0,0,5,0,2074.117500000284,2060.96225999936,2047.1870999972452,2074.117500000284,10499.0
1782444804,5,POST,/cart [add item abuse],1.200000,0.000000,4,4,4,4,5,8,8,8,8,8,8,119,0,4,5.207429411994712,3.331899999466259,48.56619999918621,0.0
1782444804,5,GET,/cart [view abuse],1.200000,0.000000,6,6,6,6,6,8,8,8,8,8,8,119,0,6,6.330552941543821,5.051000000094064,10.69419999839738,14659.0
1782444804,5,POST,/cart/checkout [abuse],1.200000,0.000000,10,10,10,10,11,13,13,13,13,13,13,119,0,10,12.027763865094245,8.855400003085379,56.25980000331765,5004.0
1782444804,5,GET,/product/[id] [checkout abuse],1.200000,0.000000,6,7,7,7,8,10,10,10,10,10,10,119,0,6,6.367403361481661,4.6608999982709065,9.509399998933077,5865.0
1782444804,5,,Aggregated,4.800000,0.000000,6,8,9,9,10,10,13,13,13,13,13,481,0,6,28.8292226611859,3.331899999466259,2074.117500000284,6424.796257796258
1782444805,5,GET,/ [checkout abuse session],0.000000,0.000000,0,0,0,0,0,0,0,0,0,0,0,5,0,2074.117500000284,2060.96225999936,2047.1870999972452,2074.117500000284,10499.0
1782444805,5,POST,/cart [add item abuse],1.300000,0.000000,4,4,4,4,5,8,8,8,8,8,8,121,0,4,5.187218182050135,3.331899999466259,48.56619999918621,0.0
1782444805,5,GET,/cart [view abuse],1.300000,0.000000,6,6,6,6,6,8,8,8,8,8,8,121,0,6,6.329259504458275,5.051000000094064,10.69419999839738,14659.0
1782444805,5,POST,/cart/checkout [abuse],1.300000,0.000000,10,10,10,10,11,13,13,13,13,13,13,121,0,10,11.996614875612023,8.855400003085379,56.25980000331765,5004.0
1782444805,5,GET,/product/[id] [checkout abuse],1.300000,0.000000,6,6,7,7,8,10,10,10,10,10,10,121,0,6,6.363716529028525,4.6608999982709065,9.509399998933077,5865.0
1782444805,5,,Aggregated,5.200000,0.000000,6,7,9,10,10,10,13,13,13,13,13,489,0,6,28.46606380373379,3.331899999466259,2074.117500000284,6424.096114519428
1782444806,5,GET,/ [checkout abuse session],0.000000,0.000000,0,0,0,0,0,0,0,0,0,0,0,5,0,2074.117500000284,2060.96225999936,2047.1870999972452,2074.117500000284,10499.0
1782444806,5,POST,/cart [add item abuse],1.300000,0.000000,4,4,5,5,5,8,8,8,8,8,8,122,0,4,5.182888524806734,3.331899999466259,48.56619999918621,0.0
1782444806,5,GET,/cart [view abuse],1.300000,0.000000,6,6,6,6,7,8,8,8,8,8,8,122,0,6,6.3331983609580185,5.051000000094064,10.69419999839738,14659.0
1782444806,5,POST,/cart/checkout [abuse],1.300000,0.000000,10,10,11,11,12,13,13,13,13,13,13,122,0,10,11.997072130740337,8.855400003085379,56.25980000331765,5004.0
1782444806,5,GET,/product/[id] [checkout abuse],1.300000,0.000000,6,6,7,7,8,10,10,10,10,10,10,122,0,6,6.361314754209817,4.6608999982709065,9.509399998933077,5865.0
1782444806,5,,Aggregated,5.200000,0.000000,6,7,9,10,10,11,13,13,13,13,13,493,0,6,28.29512596353756,3.331899999466259,2074.117500000284,6423.754563894523
1782444807,5,GET,/ [checkout abuse session],0.000000,0.000000,0,0,0,0,0,0,0,0,0,0,0,5,0,2074.117500000284,2060.96225999936,2047.1870999972452,2074.117500000284,10499.0
1782444807,5,POST,/cart [add item abuse],1.200000,0.000000,4,4,4,4,5,8,8,8,8,8,8,124,0,4,5.165445967988138,3.331899999466259,48.56619999918621,0.0
1782444807,5,GET,/cart [view abuse],1.200000,0.000000,6,6,6,6,7,8,8,8,8,8,8,124,0,6,6.330689516494937,5.051000000094064,10.69419999839738,14659.0
1782444807,5,POST,/cart/checkout [abuse],1.200000,0.000000,10,10,10,11,12,13,13,13,13,13,13,124,0,10,11.967566935005204,8.855400003085379,56.25980000331765,5004.0
1782444807,5,GET,/product/[id] [checkout abuse],1.200000,0.000000,6,7,7,7,8,10,10,10,10,10,10,124,0,6,6.360963709789024,4.6608999982709065,9.509399998933077,5865.0
1782444807,5,,Aggregated,4.800000,0.000000,6,7,9,10,10,11,12,13,13,13,13,501,0,6,27.950239321411548,3.331899999466259,2074.117500000284,6423.087824351297
1782444808,5,GET,/ [checkout abuse session],0.000000,0.000000,0,0,0,0,0,0,0,0,0,0,0,5,0,2074.117500000284,2060.96225999936,2047.1870999972452,2074.117500000284,10499.0
1782444808,5,POST,/cart [add item abuse],1.200000,0.000000,4,4,5,5,5,8,8,8,8,8,8,125,0,4,5.167218400223646,3.331899999466259,48.56619999918621,0.0
1782444808,5,GET,/cart [view abuse],1.200000,0.000000,6,6,7,7,8,11,11,11,11,11,11,125,0,6,6.365191200340632,5.051000000094064,10.69419999839738,14659.0
1782444808,5,POST,/cart/checkout [abuse],1.200000,0.000000,10,10,12,12,13,13,13,13,13,13,13,125,0,10,11.975617599498946,8.855400003085379,56.25980000331765,5004.0
1782444808,5,GET,/product/[id] [checkout abuse],1.200000,0.000000,6,7,7,7,7,8,8,8,8,8,8,125,0,6,6.366640800144523,4.6608999982709065,9.509399998933077,5865.0
1782444808,5,,Aggregated,4.800000,0.000000,6,7,9,10,11,12,13,13,13,13,13,505,0,6,27.80028673271835,3.331899999466259,2074.117500000284,6422.762376237623
1782444809,5,GET,/ [checkout abuse session],0.000000,0.000000,0,0,0,0,0,0,0,0,0,0,0,5,0,2074.117500000284,2060.96225999936,2047.1870999972452,2074.117500000284,10499.0
1782444809,5,POST,/cart [add item abuse],1.200000,0.000000,4,4,5,5,5,8,8,8,8,8,8,126,0,4,5.154614285972443,3.331899999466259,48.56619999918621,0.0
1782444809,5,GET,/cart [view abuse],1.200000,0.000000,6,6,7,7,8,11,11,11,11,11,11,126,0,6,6.358838889210592,5.051000000094064,10.69419999839738,14659.0
1782444809,5,POST,/cart/checkout [abuse],1.200000,0.000000,10,10,12,12,13,13,13,13,13,13,13,126,0,10,11.952428570934682,8.855400003085379,56.25980000331765,5004.0
1782444809,5,GET,/product/[id] [checkout abuse],1.200000,0.000000,7,7,7,7,7,8,8,8,8,8,8,126,0,6,6.369961111236729,4.6608999982709065,9.509399998933077,5865.0
1782444809,5,,Aggregated,4.800000,0.000000,6,7,9,10,11,12,13,13,13,13,13,509,0,6,27.630898821264164,3.331899999466259,2074.117500000284,6422.442043222004
1782444810,5,GET,/ [checkout abuse session],0.000000,0.000000,0,0,0,0,0,0,0,0,0,0,0,5,0,2074.117500000284,2060.96225999936,2047.1870999972452,2074.117500000284,10499.0
1782444810,5,POST,/cart [add item abuse],1.300000,0.000000,4,4,5,5,5,8,8,8,8,8,8,127,0,4,5.1410204726802995,3.331899999466259,48.56619999918621,0.0
1782444810,5,GET,/cart [view abuse],1.300000,0.000000,6,6,7,7,8,11,11,11,11,11,11,127,0,6,6.349290551479785,5.051000000094064,10.69419999839738,14659.0
1782444810,5,POST,/cart/checkout [abuse],1.300000,0.000000,10,10,12,12,13,13,13,13,13,13,13,127,0,10,11.929966928655057,8.855400003085379,56.25980000331765,5004.0
1782444810,5,GET,/product/[id] [checkout abuse],1.300000,0.000000,7,7,7,7,7,8,8,8,8,8,8,127,0,6,6.373222834762006,4.6608999982709065,9.509399998933077,5865.0
1782444810,5,,Aggregated,5.200000,0.000000,6,7,9,10,11,12,13,13,13,13,13,513,0,6,27.46313040939395,3.331899999466259,2074.117500000284,6422.126705653021
1782444811,5,GET,/ [checkout abuse session],0.000000,0.000000,0,0,0,0,0,0,0,0,0,0,0,5,0,2074.117500000284,2060.96225999936,2047.1870999972452,2074.117500000284,10499.0
1782444811,5,POST,/cart [add item abuse],1.300000,0.000000,4,4,5,5,5,8,8,8,8,8,8,127,0,4,5.1410204726802995,3.331899999466259,48.56619999918621,0.0
1782444811,5,GET,/cart [view abuse],1.300000,0.000000,6,6,7,7,8,11,11,11,11,11,11,127,0,6,6.349290551479785,5.051000000094064,10.69419999839738,14659.0
1782444811,5,POST,/cart/checkout [abuse],1.300000,0.000000,10,11,12,12,13,13,13,13,13,13,13,127,0,10,11.929966928655057,8.855400003085379,56.25980000331765,5004.0
1782444811,5,GET,/product/[id] [checkout abuse],1.300000,0.000000,6,7,7,7,7,8,8,8,8,8,8,127,0,6,6.373222834762006,4.6608999982709065,9.509399998933077,5865.0
1782444811,5,,Aggregated,5.200000,0.000000,6,8,9,10,11,12,13,13,13,13,13,513,0,6,27.46313040939395,3.331899999466259,2074.117500000284,6422.126705653021
1782444812,5,GET,/ [checkout abuse session],0.000000,0.000000,0,0,0,0,0,0,0,0,0,0,0,5,0,2074.117500000284,2060.96225999936,2047.1870999972452,2074.117500000284,10499.0
1782444812,5,POST,/cart [add item abuse],1.200000,0.000000,4,5,5,5,5,8,8,8,8,8,8,131,0,4,5.1263969468009725,3.331899999466259,48.56619999918621,0.0
1782444812,5,GET,/cart [view abuse],1.200000,0.000000,6,7,7,8,8,11,11,11,11,11,11,131,0,6,6.373303053660215,5.051000000094064,10.69419999839738,14659.0
1782444812,5,POST,/cart/checkout [abuse],1.200000,0.000000,10,11,11,12,13,13,13,13,13,13,13,131,0,10,11.882019846856537,8.855400003085379,56.25980000331765,5004.0
1782444812,5,GET,/product/[id] [checkout abuse],1.200000,0.000000,7,7,7,7,7,8,8,8,8,8,8,131,0,6,6.374471755851618,4.6608999982709065,9.509399998933077,5865.0
1782444812,5,,Aggregated,4.800000,0.000000,7,8,9,10,11,12,13,13,13,13,13,529,0,6,26.848530056733427,3.331899999466259,2074.117500000284,6420.913043478261
1782444813,5,GET,/ [checkout abuse session],0.000000,0.000000,0,0,0,0,0,0,0,0,0,0,0,5,0,2074.117500000284,2060.96225999936,2047.1870999972452,2074.117500000284,10499.0
1782444813,5,POST,/cart [add item abuse],1.200000,0.000000,4,5,5,5,5,5,5,5,5,5,5,132,0,4,5.121653030569591,3.331899999466259,48.56619999918621,0.0
1782444813,5,GET,/cart [view abuse],1.200000,0.000000,6,7,7,7,8,11,11,11,11,11,11,132,0,6,6.3732560607935405,5.051000000094064,10.69419999839738,14659.0
1782444813,5,POST,/cart/checkout [abuse],1.200000,0.000000,10,11,11,11,12,13,13,13,13,13,13,132,0,10,11.873390908614525,8.855400003085379,56.25980000331765,5004.0
1782444813,5,GET,/product/[id] [checkout abuse],1.200000,0.000000,6,7,7,7,7,7,7,7,7,7,7,132,0,6,6.372187121307819,4.6608999982709065,9.509399998933077,5865.0
1782444813,5,,Aggregated,4.800000,0.000000,6,7,9,10,11,11,12,13,13,13,13,533,0,6,26.69897861164443,3.331899999466259,2074.117500000284,6420.621013133208
1782444814,5,GET,/ [checkout abuse session],0.000000,0.000000,0,0,0,0,0,0,0,0,0,0,0,5,0,2074.117500000284,2060.96225999936,2047.1870999972452,2074.117500000284,10499.0
1782444814,5,POST,/cart [add item abuse],1.200000,0.000000,4,5,5,5,5,5,5,5,5,5,5,132,0,4,5.121653030569591,3.331899999466259,48.56619999918621,0.0
1782444814,5,GET,/cart [view abuse],1.200000,0.000000,6,7,7,7,8,11,11,11,11,11,11,132,0,6,6.3732560607935405,5.051000000094064,10.69419999839738,14659.0
1782444814,5,POST,/cart/checkout [abuse],1.200000,0.000000,10,11,11,11,12,13,13,13,13,13,13,132,0,10,11.873390908614525,8.855400003085379,56.25980000331765,5004.0
1782444814,5,GET,/product/[id] [checkout abuse],1.200000,0.000000,7,7,7,7,7,7,7,7,7,7,7,132,0,6,6.372187121307819,4.6608999982709065,9.509399998933077,5865.0
1782444814,5,,Aggregated,4.800000,0.000000,6,7,9,10,11,11,13,13,13,13,13,533,0,6,26.69897861164443,3.331899999466259,2074.117500000284,6420.621013133208
1782444815,5,GET,/ [checkout abuse session],0.000000,0.000000,0,0,0,0,0,0,0,0,0,0,0,5,0,2074.117500000284,2060.96225999936,2047.1870999972452,2074.117500000284,10499.0
1782444815,5,POST,/cart [add item abuse],1.300000,0.000000,5,5,5,5,5,5,5,5,5,5,5,133,0,4,5.121372180708152,3.331899999466259,48.56619999918621,0.0
1782444815,5,GET,/cart [view abuse],1.300000,0.000000,7,7,7,7,8,11,11,11,11,11,11,133,0,6,6.377740601689075,5.051000000094064,10.69419999839738,14659.0
1782444815,5,POST,/cart/checkout [abuse],1.300000,0.000000,11,11,12,12,12,13,13,13,13,13,13,133,0,10,11.871647367956768,8.855400003085379,56.25980000331765,5004.0
1782444815,5,GET,/product/[id] [checkout abuse],1.300000,0.000000,7,7,7,7,7,7,7,7,7,7,7,133,0,6,6.370386466262705,4.6608999982709065,9.509399998933077,5865.0
1782444815,5,,Aggregated,5.200000,0.000000,7,7,9,10,11,12,13,13,13,13,13,537,0,6,26.555649534463353,3.331899999466259,2074.117500000284,6420.333333333333
1782444816,5,GET,/ [checkout abuse session],0.000000,0.000000,0,0,0,0,0,0,0,0,0,0,0,5,0,2074.117500000284,2060.96225999936,2047.1870999972452,2074.117500000284,10499.0
1782444816,5,POST,/cart [add item abuse],1.300000,0.000000,5,5,5,5,5,47,47,47,47,47,47,136,0,4,5.423532353233895,3.331899999466259,48.56619999918621,0.0
1782444816,5,GET,/cart [view abuse],1.300000,0.000000,7,7,7,7,8,11,11,11,11,11,11,136,0,6,6.385800000209522,5.051000000094064,10.69419999839738,14659.0
1782444816,5,POST,/cart/checkout [abuse],1.300000,0.000000,11,11,11,12,12,13,13,13,13,13,13,136,0,10,11.846300734813507,8.855400003085379,56.25980000331765,5004.0
1782444816,5,GET,/product/[id] [checkout abuse],1.300000,0.000000,7,7,7,7,7,7,7,7,7,7,7,136,0,6,6.3695713235895655,4.6608999982709065,9.509399998933077,5865.0
1782444816,5,,Aggregated,5.200000,0.000000,7,7,10,10,11,12,13,47,47,47,47,549,0,6,26.20808579236416,3.331899999466259,2074.117500000284,6419.495446265938
1782444817,5,GET,/ [checkout abuse session],0.000000,0.000000,0,0,0,0,0,0,0,0,0,0,0,5,0,2074.117500000284,2060.96225999936,2047.1870999972452,2074.117500000284,10499.0
1782444817,5,POST,/cart [add item abuse],1.300000,0.000000,5,5,5,5,5,47,47,47,47,47,47,137,0,4,5.410259124422684,3.331899999466259,48.56619999918621,0.0
1782444817,5,GET,/cart [view abuse],1.300000,0.000000,7,7,7,7,8,11,11,11,11,11,11,137,0,6,6.3780700732349676,5.051000000094064,10.69419999839738,14659.0
1782444817,5,POST,/cart/checkout [abuse],1.300000,0.000000,11,11,11,12,12,13,13,13,13,13,13,137,0,10,11.83064379517956,8.855400003085379,56.25980000331765,5004.0
1782444817,5,GET,/product/[id] [checkout abuse],1.300000,0.000000,6,7,7,7,7,7,7,7,7,7,7,137,0,6,6.3663408759599855,4.6608999982709065,9.509399998933077,5865.0
1782444817,5,,Aggregated,5.200000,0.000000,7,7,10,10,11,12,13,47,47,47,47,553,0,6,26.06292820980473,3.331899999466259,2074.117500000284,6419.224231464737
1782444818,5,GET,/ [checkout abuse session],0.000000,0.000000,0,0,0,0,0,0,0,0,0,0,0,5,0,2074.117500000284,2060.96225999936,2047.1870999972452,2074.117500000284,10499.0
1782444818,5,POST,/cart [add item abuse],1.300000,0.000000,5,5,5,5,5,47,47,47,47,47,47,137,0,4,5.410259124422684,3.331899999466259,48.56619999918621,0.0
1782444818,5,GET,/cart [view abuse],1.300000,0.000000,7,7,7,7,8,11,11,11,11,11,11,137,0,6,6.3780700732349676,5.051000000094064,10.69419999839738,14659.0
1782444818,5,POST,/cart/checkout [abuse],1.300000,0.000000,11,11,11,12,12,13,13,13,13,13,13,137,0,10,11.83064379517956,8.855400003085379,56.25980000331765,5004.0
1782444818,5,GET,/product/[id] [checkout abuse],1.300000,0.000000,6,7,7,7,7,7,7,7,7,7,7,137,0,6,6.3663408759599855,4.6608999982709065,9.509399998933077,5865.0
1782444818,5,,Aggregated,5.200000,0.000000,7,7,10,10,11,12,13,47,47,47,47,553,0,6,26.06292820980473,3.331899999466259,2074.117500000284,6419.224231464737
1782444819,5,GET,/ [checkout abuse session],0.000000,0.000000,0,0,0,0,0,0,0,0,0,0,0,5,0,2074.117500000284,2060.96225999936,2047.1870999972452,2074.117500000284,10499.0
1782444819,5,POST,/cart [add item abuse],1.500000,0.000000,5,5,5,5,5,47,47,47,47,47,47,138,0,4,5.404187681446985,3.331899999466259,48.56619999918621,0.0
1782444819,5,GET,/cart [view abuse],1.500000,0.000000,7,7,7,7,7,8,8,8,8,8,8,138,0,6,6.3831275364319096,5.051000000094064,10.69419999839738,14659.0
1782444819,5,POST,/cart/checkout [abuse],1.500000,0.000000,11,11,11,11,12,12,12,12,12,12,12,138,0,10,11.818006521302184,8.855400003085379,56.25980000331765,5004.0
1782444819,5,GET,/product/[id] [checkout abuse],1.500000,0.000000,6,7,7,7,7,7,7,7,7,7,7,138,0,6,6.368911594240606,4.6608999982709065,9.509399998933077,5865.0
1782444819,5,,Aggregated,6.000000,0.000000,7,7,10,10,11,12,47,47,47,47,47,557,0,6,25.92685008978275,3.331899999466259,2074.117500000284,6418.956912028725
1782444820,5,GET,/ [checkout abuse session],0.000000,0.000000,0,0,0,0,0,0,0,0,0,0,0,5,0,2074.117500000284,2060.96225999936,2047.1870999972452,2074.117500000284,10499.0
1782444820,5,POST,/cart [add item abuse],1.300000,0.000000,5,5,5,5,5,47,47,47,47,47,47,140,0,4,5.384055714551193,3.331899999466259,48.56619999918621,0.0
1782444820,5,GET,/cart [view abuse],1.300000,0.000000,7,7,7,7,7,8,8,8,8,8,8,140,0,6,6.3728278573502655,5.051000000094064,10.69419999839738,14659.0
1782444820,5,POST,/cart/checkout [abuse],1.300000,0.000000,10,11,11,11,12,12,12,12,12,12,12,140,0,10,11.786690713883477,8.855400003085379,56.25980000331765,5004.0
1782444820,5,GET,/product/[id] [checkout abuse],1.300000,0.000000,6,6,7,7,7,7,7,7,7,7,7,140,0,6,6.361082857152463,4.6608999982709065,9.509399998933077,5865.0
1782444820,5,,Aggregated,5.200000,0.000000,6,7,10,10,11,12,12,47,47,47,47,565,0,6,25.648607610633693,3.331899999466259,2074.117500000284,6418.433628318584
1782444821,5,GET,/ [checkout abuse session],0.000000,0.000000,0,0,0,0,0,0,0,0,0,0,0,5,0,2074.117500000284,2060.96225999936,2047.1870999972452,2074.117500000284,10499.0
1782444821,5,POST,/cart [add item abuse],1.100000,0.000000,4,5,5,5,5,47,47,47,47,47,47,142,0,4,5.361147183348166,3.331899999466259,48.56619999918621,0.0
1782444821,5,GET,/cart [view abuse],1.100000,0.000000,6,7,7,7,7,7,7,7,7,7,7,142,0,6,6.3636774649867345,5.051000000094064,10.69419999839738,14659.0
1782444821,5,POST,/cart/checkout [abuse],1.100000,0.000000,10,11,11,11,12,12,12,12,12,12,12,142,0,10,11.754552816519592,8.855400003085379,56.25980000331765,5004.0
1782444821,5,GET,/product/[id] [checkout abuse],1.100000,0.000000,6,6,6,7,7,7,7,7,7,7,7,142,0,6,6.357699999978035,4.6608999982709065,9.509399998933077,5865.0
1782444821,5,,Aggregated,4.400000,0.000000,6,7,9,10,11,12,12,47,47,47,47,573,0,6,25.37814363002272,3.331899999466259,2074.117500000284,6417.924956369982
1782444822,5,GET,/ [checkout abuse session],0.000000,0.000000,0,0,0,0,0,0,0,0,0,0,0,5,0,2074.117500000284,2060.96225999936,2047.1870999972452,2074.117500000284,10499.0
1782444822,5,POST,/cart [add item abuse],1.100000,0.000000,4,5,5,5,5,47,47,47,47,47,47,142,0,4,5.361147183348166,3.331899999466259,48.56619999918621,0.0
1782444822,5,GET,/cart [view abuse],1.100000,0.000000,6,7,7,7,7,7,7,7,7,7,7,142,0,6,6.3636774649867345,5.051000000094064,10.69419999839738,14659.0
1782444822,5,POST,/cart/checkout [abuse],1.100000,0.000000,10,11,11,11,12,12,12,12,12,12,12,142,0,10,11.754552816519592,8.855400003085379,56.25980000331765,5004.0
1782444822,5,GET,/product/[id] [checkout abuse],1.100000,0.000000,6,6,6,6,7,7,7,7,7,7,7,142,0,6,6.357699999978035,4.6608999982709065,9.509399998933077,5865.0
1782444822,5,,Aggregated,4.400000,0.000000,6,7,9,10,11,12,47,47,47,47,47,573,0,6,25.37814363002272,3.331899999466259,2074.117500000284,6417.924956369982
1782444823,5,GET,/ [checkout abuse session],0.000000,0.000000,0,0,0,0,0,0,0,0,0,0,0,5,0,2074.117500000284,2060.96225999936,2047.1870999972452,2074.117500000284,10499.0
1782444823,5,POST,/cart [add item abuse],1.100000,0.000000,4,5,5,5,5,47,47,47,47,47,47,142,0,4,5.361147183348166,3.331899999466259,48.56619999918621,0.0
1782444823,5,GET,/cart [view abuse],1.100000,0.000000,6,7,7,7,7,7,7,7,7,7,7,142,0,6,6.3636774649867345,5.051000000094064,10.69419999839738,14659.0
1782444823,5,POST,/cart/checkout [abuse],1.100000,0.000000,10,11,11,11,12,12,12,12,12,12,12,142,0,10,11.754552816519592,8.855400003085379,56.25980000331765,5004.0
1782444823,5,GET,/product/[id] [checkout abuse],1.100000,0.000000,6,6,6,6,7,7,7,7,7,7,7,142,0,6,6.357699999978035,4.6608999982709065,9.509399998933077,5865.0
1782444823,5,,Aggregated,4.400000,0.000000,6,7,9,10,11,12,47,47,47,47,47,573,0,6,25.37814363002272,3.331899999466259,2074.117500000284,6417.924956369982
1782444824,5,GET,/ [checkout abuse session],0.000000,0.000000,0,0,0,0,0,0,0,0,0,0,0,5,0,2074.117500000284,2060.96225999936,2047.1870999972452,2074.117500000284,10499.0
1782444824,5,POST,/cart [add item abuse],1.400000,0.000000,4,5,5,5,47,47,47,47,47,47,47,145,0,4,5.629884827870009,3.331899999466259,48.56619999918621,0.0
1782444824,5,GET,/cart [view abuse],1.400000,0.000000,6,7,7,7,7,7,7,7,7,7,7,145,0,6,6.358987586382086,5.051000000094064,10.69419999839738,14659.0
1782444824,5,POST,/cart/checkout [abuse],1.400000,0.000000,10,10,11,11,12,12,12,12,12,12,12,145,0,10,11.718128275493529,8.855400003085379,56.25980000331765,5004.0
1782444824,5,GET,/product/[id] [checkout abuse],1.400000,0.000000,6,6,7,7,7,7,7,7,7,7,7,145,0,6,6.363839310330965,4.6608999982709065,9.509399998933077,5865.0
1782444824,5,,Aggregated,5.600000,0.000000,6,7,9,10,11,12,47,47,47,47,47,585,0,6,25.068518119671634,3.331899999466259,2074.117500000284,6417.188034188034
1782444825,5,GET,/ [checkout abuse session],0.000000,0.000000,0,0,0,0,0,0,0,0,0,0,0,5,0,2074.117500000284,2060.96225999936,2047.1870999972452,2074.117500000284,10499.0
1782444825,5,POST,/cart [add item abuse],1.400000,0.000000,4,4,5,5,47,47,47,47,47,47,47,146,0,4,5.616571233138978,3.331899999466259,48.56619999918621,0.0
1782444825,5,GET,/cart [view abuse],1.400000,0.000000,6,6,7,7,7,7,7,7,7,7,7,146,0,6,6.353753424837247,5.051000000094064,10.69419999839738,14659.0
1782444825,5,POST,/cart/checkout [abuse],1.400000,0.000000,10,10,10,11,11,12,12,12,12,12,12,146,0,10,11.705313698282586,8.855400003085379,56.25980000331765,5004.0
1782444825,5,GET,/product/[id] [checkout abuse],1.400000,0.000000,6,7,7,7,7,7,7,7,7,7,7,146,0,6,6.3667410958421975,4.6608999982709065,9.509399998933077,5865.0
1782444825,5,,Aggregated,5.600000,0.000000,6,7,9,10,10,12,47,47,47,47,47,589,0,6,24.942272835320114,3.331899999466259,2074.117500000284,6416.9490662139215
1782444826,5,GET,/ [checkout abuse session],0.000000,0.000000,0,0,0,0,0,0,0,0,0,0,0,5,0,2074.117500000284,2060.96225999936,2047.1870999972452,2074.117500000284,10499.0
1782444826,5,POST,/cart [add item abuse],1.100000,0.000000,4,4,5,5,47,47,47,47,47,47,47,147,0,4,5.6082632655569284,3.331899999466259,48.56619999918621,0.0
1782444826,5,GET,/cart [view abuse],1.100000,0.000000,6,6,7,7,7,7,7,7,7,7,7,147,0,6,6.3513353742979035,5.051000000094064,10.69419999839738,14659.0
1782444826,5,POST,/cart/checkout [abuse],1.100000,0.000000,10,10,11,11,11,12,12,12,12,12,12,147,0,10,11.697293196937075,8.855400003085379,56.25980000331765,5004.0
1782444826,5,GET,/product/[id] [checkout abuse],1.100000,0.000000,6,7,7,7,7,7,7,7,7,7,7,147,0,6,6.371153061162145,4.6608999982709065,9.509399998933077,5865.0
1782444826,5,,Aggregated,4.400000,0.000000,6,7,9,10,11,12,47,47,47,47,47,593,0,6,24.821136424951174,3.331899999466259,2074.117500000284,6416.713322091063
1782444827,5,GET,/ [checkout abuse session],0.000000,0.000000,0,0,0,0,0,0,0,0,0,0,0,5,0,2074.117500000284,2060.96225999936,2047.1870999972452,2074.117500000284,10499.0
1782444827,5,POST,/cart [add item abuse],1.400000,0.000000,4,4,4,4,5,47,47,47,47,47,47,148,0,4,5.5952418921594,3.331899999466259,48.56619999918621,0.0
1782444827,5,GET,/cart [view abuse],1.400000,0.000000,6,6,6,6,7,7,7,7,7,7,7,148,0,6,6.346849324472714,5.051000000094064,10.69419999839738,14659.0
1782444827,5,POST,/cart/checkout [abuse],1.400000,0.000000,10,10,11,11,11,11,11,11,11,11,11,148,0,10,11.689818242941968,8.855400003085379,56.25980000331765,5004.0
1782444827,5,GET,/product/[id] [checkout abuse],1.400000,0.000000,6,7,7,7,7,7,7,7,7,7,7,148,0,6,6.36437229725227,4.6608999982709065,9.509399998933077,5865.0
1782444827,5,,Aggregated,5.600000,0.000000,6,7,9,10,10,11,47,47,47,47,47,597,0,6,24.69725460637705,3.331899999466259,2074.117500000284,6416.480737018425
1782444828,5,GET,/ [checkout abuse session],0.000000,0.000000,0,0,0,0,0,0,0,0,0,0,0,5,0,2074.117500000284,2060.96225999936,2047.1870999972452,2074.117500000284,10499.0
1782444828,5,POST,/cart [add item abuse],1.300000,0.000000,4,4,4,4,5,47,47,47,47,47,47,149,0,4,5.585522819060407,3.331899999466259,48.56619999918621,0.0
1782444828,5,GET,/cart [view abuse],1.300000,0.000000,6,6,6,6,7,7,7,7,7,7,7,149,0,6,6.341830872611811,5.051000000094064,10.69419999839738,14659.0
1782444828,5,POST,/cart/checkout [abuse],1.300000,0.000000,10,10,11,11,11,11,11,11,11,11,11,149,0,10,11.674176509800326,8.855400003085379,56.25980000331765,5004.0
1782444828,5,GET,/product/[id] [checkout abuse],1.300000,0.000000,7,7,7,7,7,7,7,7,7,7,7,149,0,6,6.366772483165091,4.6608999982709065,9.509399998933077,5865.0
1782444828,5,,Aggregated,5.200000,0.000000,6,7,9,9,10,11,47,47,47,47,47,601,0,6,24.575854242941443,3.331899999466259,2074.117500000284,6416.251247920133
1782444829,5,GET,/ [checkout abuse session],0.000000,0.000000,0,0,0,0,0,0,0,0,0,0,0,5,0,2074.117500000284,2060.96225999936,2047.1870999972452,2074.117500000284,10499.0
1782444829,5,POST,/cart [add item abuse],1.000000,0.000000,4,4,4,4,4,47,47,47,47,47,47,151,0,4,5.561339735376898,3.331899999466259,48.56619999918621,0.0
1782444829,5,GET,/cart [view abuse],1.000000,0.000000,6,6,6,6,6,7,7,7,7,7,7,151,0,6,6.328464238466895,5.051000000094064,10.69419999839738,14659.0
1782444829,5,POST,/cart/checkout [abuse],1.000000,0.000000,10,10,10,11,11,11,11,11,11,11,11,151,0,10,11.653922516295596,8.855400003085379,56.25980000331765,5004.0
1782444829,5,GET,/product/[id] [checkout abuse],1.000000,0.000000,6,7,7,7,7,7,7,7,7,7,7,151,0,6,6.3623278144965205,4.6608999982709065,9.509399998933077,5865.0
1782444829,5,,Aggregated,4.000000,0.000000,6,7,9,9,10,11,11,47,47,47,47,609,0,6,24.33600246304897,3.331899999466259,2074.117500000284,6415.8013136289
1782444830,5,GET,/ [checkout abuse session],0.000000,0.000000,0,0,0,0,0,0,0,0,0,0,0,5,0,2074.117500000284,2060.96225999936,2047.1870999972452,2074.117500000284,10499.0
1782444830,5,POST,/cart [add item abuse],1.100000,0.000000,4,4,4,4,4,47,47,47,47,47,47,152,0,4,5.553386184481879,3.331899999466259,48.56619999918621,0.0
1782444830,5,GET,/cart [view abuse],1.100000,0.000000,6,6,6,6,6,7,7,7,7,7,7,152,0,6,6.326792105315498,5.051000000094064,10.69419999839738,14659.0
1782444830,5,POST,/cart/checkout [abuse],1.100000,0.000000,10,10,11,11,11,11,11,11,11,11,11,152,0,10,11.642508552349204,8.855400003085379,56.25980000331765,5004.0
1782444830,5,GET,/product/[id] [checkout abuse],1.100000,0.000000,6,7,7,7,7,7,7,7,7,7,7,152,0,6,6.362415131470219,4.6608999982709065,9.509399998933077,5865.0
1782444830,5,,Aggregated,4.400000,0.000000,6,7,9,10,10,11,47,47,47,47,47,613,0,6,24.220794127221133,3.331899999466259,2074.117500000284,6415.58075040783
1782444831,5,GET,/ [checkout abuse session],0.000000,0.000000,0,0,0,0,0,0,0,0,0,0,0,5,0,2074.117500000284,2060.96225999936,2047.1870999972452,2074.117500000284,10499.0
1782444831,5,POST,/cart [add item abuse],1.200000,0.000000,4,4,4,4,5,47,47,47,47,47,47,153,0,4,5.547222876082421,3.331899999466259,48.56619999918621,0.0
1782444831,5,GET,/cart [view abuse],1.200000,0.000000,6,6,6,6,6,7,7,7,7,7,7,153,0,6,6.3240189542590635,5.051000000094064,10.69419999839738,14659.0
1782444831,5,POST,/cart/checkout [abuse],1.200000,0.000000,10,10,11,11,11,13,13,13,13,13,13,153,0,10,11.648624182746858,8.855400003085379,56.25980000331765,5004.0
1782444831,5,GET,/product/[id] [checkout abuse],1.200000,0.000000,6,7,7,7,7,7,7,7,7,7,7,153,0,6,6.3588875816207455,4.6608999982709065,9.509399998933077,5865.0
1782444831,5,,Aggregated,4.800000,0.000000,6,7,9,10,10,11,13,47,47,47,47,617,0,6,24.110633063188477,3.331899999466259,2074.117500000284,6415.3630470016205
1782444832,5,GET,/ [checkout abuse session],0.000000,0.000000,0,0,0,0,0,0,0,0,0,0,0,5,0,2074.117500000284,2060.96225999936,2047.1870999972452,2074.117500000284,10499.0
1782444832,5,POST,/cart [add item abuse],1.300000,0.000000,4,4,4,4,5,47,47,47,47,47,47,154,0,4,5.54021688334284,3.331899999466259,48.56619999918621,0.0
1782444832,5,GET,/cart [view abuse],1.300000,0.000000,6,6,6,6,6,7,7,7,7,7,7,154,0,6,6.322409090910685,5.051000000094064,10.69419999839738,14659.0
1782444832,5,POST,/cart/checkout [abuse],1.300000,0.000000,10,11,11,11,11,13,13,13,13,13,13,154,0,10,11.647142856878867,8.855400003085379,56.25980000331765,5004.0
1782444832,5,GET,/product/[id] [checkout abuse],1.300000,0.000000,6,7,7,7,7,7,7,7,7,7,7,154,0,6,6.3579233765621765,4.6608999982709065,9.509399998933077,5865.0
1782444832,5,,Aggregated,5.200000,0.000000,6,7,9,10,11,11,47,47,47,47,47,621,0,6,24.000701932337783,3.331899999466259,2074.117500000284,6415.148148148148
1782444833,5,GET,/ [checkout abuse session],0.000000,0.000000,0,0,0,0,0,0,0,0,0,0,0,5,0,2074.117500000284,2060.96225999936,2047.1870999972452,2074.117500000284,10499.0
1782444833,5,POST,/cart [add item abuse],1.200000,0.000000,4,4,4,5,5,47,47,47,47,47,47,156,0,4,5.521678846399971,3.331899999466259,48.56619999918621,0.0
1782444833,5,GET,/cart [view abuse],1.200000,0.000000,6,6,6,6,6,7,7,7,7,7,7,156,0,6,6.3227756409805105,5.051000000094064,10.69419999839738,14659.0
1782444833,5,POST,/cart/checkout [abuse],1.200000,0.000000,10,11,11,11,12,13,13,13,13,13,13,156,0,10,11.63944935867151,8.855400003085379,56.25980000331765,5004.0
1782444833,5,GET,/product/[id] [checkout abuse],1.200000,0.000000,6,7,7,7,7,7,7,7,7,7,7,156,0,6,6.360323076874827,4.6608999982709065,9.509399998933077,5865.0
1782444833,5,,Aggregated,4.800000,0.000000,6,7,9,10,11,12,13,47,47,47,47,629,0,6,23.78459570742986,3.331899999466259,2074.117500000284,6414.726550079491
1782444834,5,GET,/ [checkout abuse session],0.000000,0.000000,0,0,0,0,0,0,0,0,0,0,0,5,0,2074.117500000284,2060.96225999936,2047.1870999972452,2074.117500000284,10499.0
1782444834,5,POST,/cart [add item abuse],1.200000,0.000000,4,4,4,5,5,47,47,47,47,47,47,156,0,4,5.521678846399971,3.331899999466259,48.56619999918621,0.0
1782444834,5,GET,/cart [view abuse],1.200000,0.000000,6,6,6,6,6,7,7,7,7,7,7,156,0,6,6.3227756409805105,5.051000000094064,10.69419999839738,14659.0
1782444834,5,POST,/cart/checkout [abuse],1.200000,0.000000,10,11,11,11,12,13,13,13,13,13,13,156,0,10,11.63944935867151,8.855400003085379,56.25980000331765,5004.0
1782444834,5,GET,/product/[id] [checkout abuse],1.200000,0.000000,6,7,7,7,7,7,7,7,7,7,7,156,0,6,6.360323076874827,4.6608999982709065,9.509399998933077,5865.0
1782444834,5,,Aggregated,4.800000,0.000000,6,7,9,10,11,12,13,47,47,47,47,629,0,6,23.78459570742986,3.331899999466259,2074.117500000284,6414.726550079491
1782444835,5,GET,/ [checkout abuse session],0.000000,0.000000,0,0,0,0,0,0,0,0,0,0,0,5,0,2074.117500000284,2060.96225999936,2047.1870999972452,2074.117500000284,10499.0
1782444835,5,POST,/cart [add item abuse],1.200000,0.000000,4,4,4,5,5,48,48,48,48,48,48,159,0,4,5.772228302068367,3.331899999466259,48.56619999918621,0.0
1782444835,5,GET,/cart [view abuse],1.200000,0.000000,6,6,6,6,6,7,7,7,7,7,7,159,0,6,6.315620125752051,5.051000000094064,10.69419999839738,14659.0
1782444835,5,POST,/cart/checkout [abuse],1.200000,0.000000,10,11,11,12,13,51,51,51,51,51,51,159,0,10,11.860227672617118,8.855400003085379,56.25980000331765,5004.0
1782444835,5,GET,/product/[id] [checkout abuse],1.200000,0.000000,6,7,7,7,7,7,7,7,7,7,7,159,0,6,6.362083647784531,4.6608999982709065,9.509399998933077,5865.0
1782444835,5,,Aggregated,4.800000,0.000000,6,7,10,10,11,13,48,51,51,51,51,641,0,6,23.594581435201416,3.331899999466259,2074.117500000284,6414.113884555382
1782444836,5,GET,/ [checkout abuse session],0.000000,0.000000,0,0,0,0,0,0,0,0,0,0,0,5,0,2074.117500000284,2060.96225999936,2047.1870999972452,2074.117500000284,10499.0
1782444836,5,POST,/cart [add item abuse],1.200000,0.000000,4,4,5,5,5,48,48,48,48,48,48,159,0,4,5.772228302068367,3.331899999466259,48.56619999918621,0.0
1782444836,5,GET,/cart [view abuse],1.200000,0.000000,6,6,6,6,6,7,7,7,7,7,7,159,0,6,6.315620125752051,5.051000000094064,10.69419999839738,14659.0
1782444836,5,POST,/cart/checkout [abuse],1.200000,0.000000,10,11,12,12,13,51,51,51,51,51,51,159,0,10,11.860227672617118,8.855400003085379,56.25980000331765,5004.0
1782444836,5,GET,/product/[id] [checkout abuse],1.200000,0.000000,6,6,7,7,7,7,7,7,7,7,7,159,0,6,6.362083647784531,4.6608999982709065,9.509399998933077,5865.0
1782444836,5,,Aggregated,4.800000,0.000000,6,7,10,10,11,13,51,51,51,51,51,641,0,6,23.594581435201416,3.331899999466259,2074.117500000284,6414.113884555382
1782444837,5,GET,/ [checkout abuse session],0.000000,0.000000,0,0,0,0,0,0,0,0,0,0,0,5,0,2074.117500000284,2060.96225999936,2047.1870999972452,2074.117500000284,10499.0
1782444837,5,POST,/cart [add item abuse],1.000000,0.000000,4,4,5,5,48,49,49,49,49,49,49,160,0,4,6.041140000206724,3.331899999466259,48.79810000420548,0.0
1782444837,5,GET,/cart [view abuse],1.000000,0.000000,6,6,6,6,6,7,7,7,7,7,7,160,0,6,6.312754374948781,5.051000000094064,10.69419999839738,14659.0
1782444837,5,POST,/cart/checkout [abuse],1.000000,0.000000,10,11,12,12,13,51,51,51,51,51,51,160,0,10,11.85285124965958,8.855400003085379,56.25980000331765,5004.0
1782444837,5,GET,/product/[id] [checkout abuse],1.000000,0.000000,6,6,7,7,7,7,7,7,7,7,7,160,0,6,6.357062499955646,4.6608999982709065,9.509399998933077,5865.0
1782444837,5,,Aggregated,4.000000,0.000000,6,7,10,10,12,48,51,51,51,51,51,645,0,6,23.558171472806382,3.331899999466259,2074.117500000284,6413.914728682171
1782444838,5,GET,/ [checkout abuse session],0.000000,0.000000,0,0,0,0,0,0,0,0,0,0,0,5,0,2074.117500000284,2060.96225999936,2047.1870999972452,2074.117500000284,10499.0
1782444838,5,POST,/cart [add item abuse],1.300000,0.000000,4,4,5,5,48,49,49,49,49,49,49,161,0,4,6.029667702079779,3.331899999466259,48.79810000420548,0.0
1782444838,5,GET,/cart [view abuse],1.300000,0.000000,6,6,6,6,6,7,7,7,7,7,7,161,0,6,6.311685714253546,5.051000000094064,10.69419999839738,14659.0
1782444838,5,POST,/cart/checkout [abuse],1.300000,0.000000,10,11,12,12,13,51,51,51,51,51,51,161,0,10,11.842829813318101,8.855400003085379,56.25980000331765,5004.0
1782444838,5,GET,/product/[id] [checkout abuse],1.300000,0.000000,6,6,7,7,7,7,7,7,7,7,7,161,0,6,6.36003229810288,4.6608999982709065,9.509399998933077,5865.0
1782444838,5,,Aggregated,5.200000,0.000000,6,7,10,10,12,48,51,51,51,51,51,649,0,6,23.4552080122731,3.331899999466259,2074.117500000284,6413.718027734977
1782444839,5,GET,/ [checkout abuse session],0.000000,0.000000,0,0,0,0,0,0,0,0,0,0,0,5,0,2074.117500000284,2060.96225999936,2047.1870999972452,2074.117500000284,10499.0
1782444839,5,POST,/cart [add item abuse],1.200000,0.000000,4,4,5,5,48,49,49,49,49,49,49,164,0,4,5.988763414856427,3.331899999466259,48.79810000420548,0.0
1782444839,5,GET,/cart [view abuse],1.200000,0.000000,6,6,6,6,7,7,7,7,7,7,7,164,0,6,6.304507317043139,5.051000000094064,10.69419999839738,14659.0
1782444839,5,POST,/cart/checkout [abuse],1.200000,0.000000,10,11,11,12,13,51,51,51,51,51,51,164,0,10,11.800255487442639,8.855400003085379,56.25980000331765,5004.0
1782444839,5,GET,/product/[id] [checkout abuse],1.200000,0.000000,6,7,7,7,7,7,7,7,7,7,7,164,0,6,6.366359146296618,4.6608999982709065,9.509399998933077,5865.0
1782444839,5,,Aggregated,4.800000,0.000000,6,7,10,10,11,48,49,51,51,51,51,661,0,6,23.147099092226274,3.331899999466259,2074.117500000284,6413.142208774584
1782444840,5,GET,/ [checkout abuse session],0.000000,0.000000,0,0,0,0,0,0,0,0,0,0,0,5,0,2074.117500000284,2060.96225999936,2047.1870999972452,2074.117500000284,10499.0
1782444840,5,POST,/cart [add item abuse],1.200000,0.000000,4,4,5,5,48,49,49,49,49,49,49,164,0,4,5.988763414856427,3.331899999466259,48.79810000420548,0.0
1782444840,5,GET,/cart [view abuse],1.200000,0.000000,6,6,6,6,7,7,7,7,7,7,7,164,0,6,6.304507317043139,5.051000000094064,10.69419999839738,14659.0
1782444840,5,POST,/cart/checkout [abuse],1.200000,0.000000,10,11,12,12,13,51,51,51,51,51,51,164,0,10,11.800255487442639,8.855400003085379,56.25980000331765,5004.0
1782444840,5,GET,/product/[id] [checkout abuse],1.200000,0.000000,7,7,7,7,7,7,7,7,7,7,7,164,0,6,6.366359146296618,4.6608999982709065,9.509399998933077,5865.0
1782444840,5,,Aggregated,4.800000,0.000000,6,7,10,10,12,48,51,51,51,51,51,661,0,6,23.147099092226274,3.331899999466259,2074.117500000284,6413.142208774584
1782444841,5,GET,/ [checkout abuse session],0.000000,0.000000,0,0,0,0,0,0,0,0,0,0,0,5,0,2074.117500000284,2060.96225999936,2047.1870999972452,2074.117500000284,10499.0
1782444841,5,POST,/cart [add item abuse],1.200000,0.000000,4,4,5,5,48,49,49,49,49,49,49,165,0,4,5.974943636586734,3.331899999466259,48.79810000420548,0.0
1782444841,5,GET,/cart [view abuse],1.200000,0.000000,6,6,6,6,7,7,7,7,7,7,7,165,0,6,6.304833939374833,5.051000000094064,10.69419999839738,14659.0
1782444841,5,POST,/cart/checkout [abuse],1.200000,0.000000,10,10,11,11,12,51,51,51,51,51,51,165,0,10,11.789450908712972,8.855400003085379,56.25980000331765,5004.0
1782444841,5,GET,/product/[id] [checkout abuse],1.200000,0.000000,7,7,7,7,7,7,7,7,7,7,7,165,0,6,6.3615739393615955,4.6608999982709065,9.509399998933077,5865.0
1782444841,5,,Aggregated,4.800000,0.000000,6,7,10,10,11,48,51,51,51,51,51,665,0,6,23.046456691673328,3.331899999466259,2074.117500000284,6412.954887218045
1782444842,5,GET,/ [checkout abuse session],0.000000,0.000000,0,0,0,0,0,0,0,0,0,0,0,5,0,2074.117500000284,2060.96225999936,2047.1870999972452,2074.117500000284,10499.0
1782444842,5,POST,/cart [add item abuse],1.300000,0.000000,4,4,5,5,48,49,49,49,49,49,49,166,0,4,5.962389156845446,3.331899999466259,48.79810000420548,0.0
1782444842,5,GET,/cart [view abuse],1.300000,0.000000,6,6,7,7,7,7,7,7,7,7,7,166,0,6,6.306225301181345,5.051000000094064,10.69419999839738,14659.0
1782444842,5,POST,/cart/checkout [abuse],1.300000,0.000000,10,10,11,11,12,51,51,51,51,51,51,166,0,10,11.781534336960359,8.855400003085379,56.25980000331765,5004.0
1782444842,5,GET,/product/[id] [checkout abuse],1.300000,0.000000,7,7,7,7,7,7,7,7,7,7,7,166,0,6,6.363966867449716,4.6608999982709065,9.509399998933077,5865.0
1782444842,5,,Aggregated,5.200000,0.000000,7,7,10,10,11,48,51,51,51,51,51,669,0,6,22.95000672639958,3.331899999466259,2074.117500000284,6412.769805680119
1782444843,5,GET,/ [checkout abuse session],0.000000,0.000000,0,0,0,0,0,0,0,0,0,0,0,5,0,2074.117500000284,2060.96225999936,2047.1870999972452,2074.117500000284,10499.0
1782444843,5,POST,/cart [add item abuse],1.200000,0.000000,4,4,4,5,48,49,49,49,49,49,49,167,0,4,5.952476646897905,3.331899999466259,48.79810000420548,0.0
1782444843,5,GET,/cart [view abuse],1.200000,0.000000,6,6,7,7,7,7,7,7,7,7,7,167,0,6,6.307897604763171,5.051000000094064,10.69419999839738,14659.0
1782444843,5,POST,/cart/checkout [abuse],1.200000,0.000000,10,10,11,11,12,51,51,51,51,51,51,167,0,10,11.774498203206072,8.855400003085379,56.25980000331765,5004.0
1782444843,5,GET,/product/[id] [checkout abuse],1.200000,0.000000,7,7,7,7,7,7,7,7,7,7,7,167,0,6,6.3593514969615645,4.6608999982709065,9.509399998933077,5865.0
1782444843,5,,Aggregated,4.800000,0.000000,7,7,10,10,11,48,49,51,51,51,51,673,0,6,22.853858395174136,3.331899999466259,2074.117500000284,6412.5869242199105
1782444845,5,GET,/ [checkout abuse session],0.000000,0.000000,0,0,0,0,0,0,0,0,0,0,0,5,0,2074.117500000284,2060.96225999936,2047.1870999972452,2074.117500000284,10499.0
1782444845,5,POST,/cart [add item abuse],1.200000,0.000000,4,4,4,5,48,49,49,49,49,49,49,169,0,4,5.935826035691411,3.331899999466259,48.79810000420548,0.0
1782444845,5,GET,/cart [view abuse],1.200000,0.000000,6,6,7,7,7,7,7,7,7,7,7,169,0,6,6.309087573948107,5.051000000094064,10.69419999839738,14659.0
1782444845,5,POST,/cart/checkout [abuse],1.200000,0.000000,10,10,10,11,11,51,51,51,51,51,51,169,0,10,11.752307100204982,8.855400003085379,56.25980000331765,5004.0
1782444845,5,GET,/product/[id] [checkout abuse],1.200000,0.000000,6,7,7,7,7,7,7,7,7,7,7,169,0,6,6.355204141966395,4.6608999982709065,9.509399998933077,5865.0
1782444845,5,,Aggregated,4.800000,0.000000,6,7,10,10,10,48,49,51,51,51,51,681,0,6,22.664274742955715,3.331899999466259,2074.117500000284,6412.227606461087
1782444846,5,GET,/ [checkout abuse session],0.000000,0.000000,0,0,0,0,0,0,0,0,0,0,0,5,0,2074.117500000284,2060.96225999936,2047.1870999972452,2074.117500000284,10499.0
1782444846,5,POST,/cart [add item abuse],1.200000,0.000000,4,4,4,5,49,49,49,49,49,49,49,169,0,4,5.935826035691411,3.331899999466259,48.79810000420548,0.0
1782444846,5,GET,/cart [view abuse],1.200000,0.000000,6,7,7,7,7,7,7,7,7,7,7,169,0,6,6.309087573948107,5.051000000094064,10.69419999839738,14659.0
1782444846,5,POST,/cart/checkout [abuse],1.200000,0.000000,10,10,10,11,11,11,11,11,11,11,11,169,0,10,11.752307100204982,8.855400003085379,56.25980000331765,5004.0
1782444846,5,GET,/product/[id] [checkout abuse],1.200000,0.000000,6,7,7,7,7,7,7,7,7,7,7,169,0,6,6.355204141966395,4.6608999982709065,9.509399998933077,5865.0
1782444846,5,,Aggregated,4.800000,0.000000,6,7,10,10,10,11,49,49,49,49,49,681,0,6,22.664274742955715,3.331899999466259,2074.117500000284,6412.227606461087
1782444847,5,GET,/ [checkout abuse session],0.000000,0.000000,0,0,0,0,0,0,0,0,0,0,0,5,0,2074.117500000284,2060.96225999936,2047.1870999972452,2074.117500000284,10499.0
1782444847,5,POST,/cart [add item abuse],1.100000,0.000000,4,4,4,4,5,5,5,5,5,5,5,170,0,4,5.925954117821461,3.331899999466259,48.79810000420548,0.0
1782444847,5,GET,/cart [view abuse],1.100000,0.000000,6,7,7,7,7,7,7,7,7,7,7,170,0,6,6.305383529423339,5.051000000094064,10.69419999839738,14659.0
1782444847,5,POST,/cart/checkout [abuse],1.100000,0.000000,10,10,10,10,11,11,11,11,11,11,11,170,0,10,11.740972940777496,8.855400003085379,56.25980000331765,5004.0
1782444847,5,GET,/product/[id] [checkout abuse],1.100000,0.000000,7,7,7,7,7,7,7,7,7,7,7,170,0,6,6.357557647039785,4.6608999982709065,9.509399998933077,5865.0
1782444847,5,,Aggregated,4.400000,0.000000,6,7,9,10,10,10,11,11,11,11,11,685,0,6,22.57064072986475,3.331899999466259,2074.117500000284,6412.051094890511
1782444848,5,GET,/ [checkout abuse session],0.000000,0.000000,0,0,0,0,0,0,0,0,0,0,0,5,0,2074.117500000284,2060.96225999936,2047.1870999972452,2074.117500000284,10499.0
1782444848,5,POST,/cart [add item abuse],1.000000,0.000000,4,4,4,4,4,5,5,5,5,5,5,173,0,4,5.889129479938238,3.331899999466259,48.79810000420548,0.0
1782444848,5,GET,/cart [view abuse],1.000000,0.000000,6,6,7,7,7,7,7,7,7,7,7,173,0,6,6.302152601223119,5.051000000094064,10.69419999839738,14659.0
1782444848,5,POST,/cart/checkout [abuse],1.000000,0.000000,10,10,10,10,11,52,52,52,52,52,52,173,0,10,11.954334681637308,8.855400003085379,56.25980000331765,5004.0
1782444848,5,GET,/product/[id] [checkout abuse],1.000000,0.000000,6,6,7,7,7,7,7,7,7,7,7,174,0,6,6.351054597735652,4.6608999982709065,9.509399998933077,5865.0
1782444848,5,,Aggregated,4.000000,0.000000,6,7,7,10,10,10,52,52,52,52,52,698,0,6,22.33106948419337,3.331899999466259,2074.117500000284,6410.750716332378
1782444849,5,GET,/ [checkout abuse session],0.000000,0.000000,0,0,0,0,0,0,0,0,0,0,0,5,0,2074.117500000284,2060.96225999936,2047.1870999972452,2074.117500000284,10499.0
1782444849,5,POST,/cart [add item abuse],1.000000,0.000000,4,4,4,4,5,5,5,5,5,5,5,174,0,4,5.882021839243371,3.331899999466259,48.79810000420548,0.0
1782444849,5,GET,/cart [view abuse],1.000000,0.000000,6,6,7,7,7,7,7,7,7,7,7,174,0,6,6.298451149465192,5.051000000094064,10.69419999839738,14659.0
1782444849,5,POST,/cart/checkout [abuse],1.000000,0.000000,10,10,10,10,11,52,52,52,52,52,52,174,0,10,11.939349424837614,8.855400003085379,56.25980000331765,5004.0
1782444849,5,GET,/product/[id] [checkout abuse],1.000000,0.000000,6,6,7,7,7,7,7,7,7,7,7,174,0,6,6.351054597735652,4.6608999982709065,9.509399998933077,5865.0
1782444849,5,,Aggregated,4.000000,0.000000,6,7,9,10,10,10,11,52,52,52,52,701,0,6,22.263543366561823,3.331899999466259,2074.117500000284,6411.365192582026
1782444850,5,GET,/ [checkout abuse session],0.000000,0.000000,0,0,0,0,0,0,0,0,0,0,0,5,0,2074.117500000284,2060.96225999936,2047.1870999972452,2074.117500000284,10499.0
1782444850,5,POST,/cart [add item abuse],1.000000,0.000000,4,4,4,5,5,5,5,5,5,5,5,174,0,4,5.882021839243371,3.331899999466259,48.79810000420548,0.0
1782444850,5,GET,/cart [view abuse],1.000000,0.000000,6,6,7,7,7,7,7,7,7,7,7,174,0,6,6.298451149465192,5.051000000094064,10.69419999839738,14659.0
1782444850,5,POST,/cart/checkout [abuse],1.000000,0.000000,10,10,10,11,52,52,52,52,52,52,52,174,0,10,11.939349424837614,8.855400003085379,56.25980000331765,5004.0
1782444850,5,GET,/product/[id] [checkout abuse],1.000000,0.000000,6,6,6,7,7,7,7,7,7,7,7,174,0,6,6.351054597735652,4.6608999982709065,9.509399998933077,5865.0
1782444850,5,,Aggregated,4.000000,0.000000,6,7,9,10,10,11,52,52,52,52,52,701,0,6,22.263543366561823,3.331899999466259,2074.117500000284,6411.365192582026
1782444851,5,GET,/ [checkout abuse session],0.000000,0.000000,0,0,0,0,0,0,0,0,0,0,0,5,0,2074.117500000284,2060.96225999936,2047.1870999972452,2074.117500000284,10499.0
1782444851,5,POST,/cart [add item abuse],1.300000,0.000000,4,4,4,5,5,5,5,5,5,5,5,175,0,4,5.8701971430231685,3.331899999466259,48.79810000420548,0.0
1782444851,5,GET,/cart [view abuse],1.300000,0.000000,6,6,7,7,7,7,7,7,7,7,7,175,0,6,6.2913354286242145,5.051000000094064,10.69419999839738,14659.0
1782444851,5,POST,/cart/checkout [abuse],1.300000,0.000000,10,10,10,11,52,52,52,52,52,52,52,175,0,10,11.926680571008806,8.855400003085379,56.25980000331765,5004.0
1782444851,5,GET,/product/[id] [checkout abuse],1.300000,0.000000,6,6,6,7,7,7,7,7,7,7,7,175,0,6,6.349521142921211,4.6608999982709065,9.509399998933077,5865.0
1782444851,5,,Aggregated,5.200000,0.000000,6,7,9,10,10,11,52,52,52,52,52,705,0,6,22.172219574429565,3.331899999466259,2074.117500000284,6411.198581560284
1782444852,5,GET,/ [checkout abuse session],0.000000,0.000000,0,0,0,0,0,0,0,0,0,0,0,5,0,2074.117500000284,2060.96225999936,2047.1870999972452,2074.117500000284,10499.0
1782444852,5,POST,/cart [add item abuse],1.000000,0.000000,4,4,4,4,5,5,5,5,5,5,5,178,0,4,5.832271348481299,3.331899999466259,48.79810000420548,0.0
1782444852,5,GET,/cart [view abuse],1.000000,0.000000,6,6,7,7,7,7,7,7,7,7,7,178,0,6,6.284187078726768,5.051000000094064,10.69419999839738,14659.0
1782444852,5,POST,/cart/checkout [abuse],1.000000,0.000000,10,10,10,10,11,52,52,52,52,52,52,178,0,10,11.891753370353685,8.855400003085379,56.25980000331765,5004.0
1782444852,5,GET,/product/[id] [checkout abuse],1.000000,0.000000,6,6,6,6,7,7,7,7,7,7,7,178,0,6,6.3455292135555545,4.6608999982709065,9.509399998933077,5865.0
1782444852,5,,Aggregated,4.000000,0.000000,6,7,9,10,10,10,52,52,52,52,52,717,0,6,21.907639051569987,3.331899999466259,2074.117500000284,6410.709902370991
1782444853,5,GET,/ [checkout abuse session],0.000000,0.000000,0,0,0,0,0,0,0,0,0,0,0,5,0,2074.117500000284,2060.96225999936,2047.1870999972452,2074.117500000284,10499.0
1782444853,5,POST,/cart [add item abuse],1.000000,0.000000,4,4,4,4,5,5,5,5,5,5,5,179,0,4,5.8194206705705165,3.331899999466259,48.79810000420548,0.0
1782444853,5,GET,/cart [view abuse],1.000000,0.000000,6,6,6,6,7,7,7,7,7,7,7,179,0,6,6.280325139744608,5.051000000094064,10.69419999839738,14659.0
1782444853,5,POST,/cart/checkout [abuse],1.000000,0.000000,10,10,10,10,10,52,52,52,52,52,52,179,0,10,11.877121787284782,8.855400003085379,56.25980000331765,5004.0
1782444853,5,GET,/product/[id] [checkout abuse],1.000000,0.000000,6,6,7,7,7,7,7,7,7,7,7,179,0,6,6.3469234637574,4.6608999982709065,9.509399998933077,5865.0
1782444853,5,,Aggregated,4.000000,0.000000,6,7,9,9,10,10,52,52,52,52,52,721,0,6,21.820762690679274,3.331899999466259,2074.117500000284,6410.550624133149
1782444854,5,GET,/ [checkout abuse session],0.000000,0.000000,0,0,0,0,0,0,0,0,0,0,0,5,0,2074.117500000284,2060.96225999936,2047.1870999972452,2074.117500000284,10499.0
1782444854,5,POST,/cart [add item abuse],1.100000,0.000000,4,4,4,4,5,5,5,5,5,5,5,180,0,4,5.807465555739731,3.331899999466259,48.79810000420548,0.0
1782444854,5,GET,/cart [view abuse],1.100000,0.000000,6,6,6,6,7,7,7,7,7,7,7,180,0,6,6.27731722229833,5.051000000094064,10.69419999839738,14659.0
1782444854,5,POST,/cart/checkout [abuse],1.100000,0.000000,10,10,10,10,10,52,52,52,52,52,52,180,0,10,11.866763888449189,8.855400003085379,56.25980000331765,5004.0
1782444854,5,GET,/product/[id] [checkout abuse],1.100000,0.000000,6,6,6,7,7,7,7,7,7,7,7,180,0,6,6.347498333383959,4.6608999982709065,9.509399998933077,5865.0
1782444854,5,,Aggregated,4.400000,0.000000,6,7,9,9,10,10,10,52,52,52,52,725,0,6,21.736054344791196,3.331899999466259,2074.117500000284,6410.393103448276
1782444855,5,GET,/ [checkout abuse session],0.000000,0.000000,0,0,0,0,0,0,0,0,0,0,0,5,0,2074.117500000284,2060.96225999936,2047.1870999972452,2074.117500000284,10499.0
1782444855,5,POST,/cart [add item abuse],1.100000,0.000000,4,4,4,4,4,5,5,5,5,5,5,180,0,4,5.807465555739731,3.331899999466259,48.79810000420548,0.0
1782444855,5,GET,/cart [view abuse],1.100000,0.000000,6,6,6,6,6,7,7,7,7,7,7,180,0,6,6.27731722229833,5.051000000094064,10.69419999839738,14659.0
1782444855,5,POST,/cart/checkout [abuse],1.100000,0.000000,10,10,10,10,10,52,52,52,52,52,52,180,0,10,11.866763888449189,8.855400003085379,56.25980000331765,5004.0
1782444855,5,GET,/product/[id] [checkout abuse],1.100000,0.000000,6,6,7,7,7,7,7,7,7,7,7,180,0,6,6.347498333383959,4.6608999982709065,9.509399998933077,5865.0
1782444855,5,,Aggregated,4.400000,0.000000,6,7,9,9,10,10,52,52,52,52,52,725,0,6,21.736054344791196,3.331899999466259,2074.117500000284,6410.393103448276
1782444856,5,GET,/ [checkout abuse session],0.000000,0.000000,0,0,0,0,0,0,0,0,0,0,0,5,0,2074.117500000284,2060.96225999936,2047.1870999972452,2074.117500000284,10499.0
1782444856,5,POST,/cart [add item abuse],1.300000,0.000000,4,4,4,5,5,46,46,46,46,46,46,183,0,4,6.011487431843292,3.331899999466259,48.79810000420548,0.0
1782444856,5,GET,/cart [view abuse],1.300000,0.000000,6,6,6,6,6,7,7,7,7,7,7,183,0,6,6.2736060110600205,5.051000000094064,10.69419999839738,14659.0
1782444856,5,POST,/cart/checkout [abuse],1.300000,0.000000,10,10,10,10,10,52,52,52,52,52,52,183,0,10,11.831475955833644,8.855400003085379,56.25980000331765,5004.0
1782444856,5,GET,/product/[id] [checkout abuse],1.300000,0.000000,6,6,6,7,7,7,7,7,7,7,7,183,0,6,6.345529508264226,4.6608999982709065,9.509399998933077,5865.0
1782444856,5,,Aggregated,5.200000,0.000000,6,7,9,9,10,10,46,52,52,52,52,737,0,6,21.545963907704227,3.331899999466259,2074.117500000284,6409.930800542741
1782444857,5,GET,/ [checkout abuse session],0.000000,0.000000,0,0,0,0,0,0,0,0,0,0,0,5,0,2074.117500000284,2060.96225999936,2047.1870999972452,2074.117500000284,10499.0
1782444857,5,POST,/cart [add item abuse],1.300000,0.000000,4,4,5,5,5,46,46,46,46,46,46,184,0,4,6.001669021909196,3.331899999466259,48.79810000420548,0.0
1782444857,5,GET,/cart [view abuse],1.300000,0.000000,6,6,6,6,6,7,7,7,7,7,7,184,0,6,6.271812500136034,5.051000000094064,10.69419999839738,14659.0
1782444857,5,POST,/cart/checkout [abuse],1.300000,0.000000,10,10,10,10,10,10,10,10,10,10,10,184,0,10,11.8172201082416,8.855400003085379,56.25980000331765,5004.0
1782444857,5,GET,/product/[id] [checkout abuse],1.300000,0.000000,6,6,7,7,7,7,7,7,7,7,7,184,0,6,6.346039673980672,4.6608999982709065,9.509399998933077,5865.0
1782444857,5,,Aggregated,5.200000,0.000000,6,7,9,9,10,10,46,46,46,46,46,741,0,6,21.464469230744967,3.331899999466259,2074.117500000284,6409.780026990553
1782444858,5,GET,/ [checkout abuse session],0.000000,0.000000,0,0,0,0,0,0,0,0,0,0,0,5,0,2074.117500000284,2060.96225999936,2047.1870999972452,2074.117500000284,10499.0
1782444858,5,POST,/cart [add item abuse],1.100000,0.000000,4,4,5,5,5,46,46,46,46,46,46,185,0,4,5.993788648826208,3.331899999466259,48.79810000420548,0.0
1782444858,5,GET,/cart [view abuse],1.100000,0.000000,6,6,6,6,6,7,7,7,7,7,7,185,0,6,6.270002702847312,5.051000000094064,10.69419999839738,14659.0
1782444858,5,POST,/cart/checkout [abuse],1.100000,0.000000,10,10,10,10,10,10,10,10,10,10,10,185,0,10,11.80719783741232,8.855400003085379,56.25980000331765,5004.0
1782444858,5,GET,/product/[id] [checkout abuse],1.100000,0.000000,6,6,7,7,7,7,7,7,7,7,7,185,0,6,6.349979459529906,4.6608999982709065,9.509399998933077,5865.0
1782444858,5,,Aggregated,4.400000,0.000000,6,7,9,9,10,10,46,46,46,46,46,745,0,6,21.386161744953977,3.331899999466259,2074.117500000284,6409.6308724832215
1782444859,5,GET,/ [checkout abuse session],0.000000,0.000000,0,0,0,0,0,0,0,0,0,0,0,5,0,2074.117500000284,2060.96225999936,2047.1870999972452,2074.117500000284,10499.0
1782444859,5,POST,/cart [add item abuse],1.100000,0.000000,4,4,5,5,5,46,46,46,46,46,46,185,0,4,5.993788648826208,3.331899999466259,48.79810000420548,0.0
1782444859,5,GET,/cart [view abuse],1.100000,0.000000,6,6,6,6,6,7,7,7,7,7,7,185,0,6,6.270002702847312,5.051000000094064,10.69419999839738,14659.0
1782444859,5,POST,/cart/checkout [abuse],1.100000,0.000000,10,10,10,10,10,10,10,10,10,10,10,185,0,10,11.80719783741232,8.855400003085379,56.25980000331765,5004.0
1782444859,5,GET,/product/[id] [checkout abuse],1.100000,0.000000,6,7,7,7,7,7,7,7,7,7,7,185,0,6,6.349979459529906,4.6608999982709065,9.509399998933077,5865.0
1782444859,5,,Aggregated,4.400000,0.000000,6,7,9,9,10,10,46,46,46,46,46,745,0,6,21.386161744953977,3.331899999466259,2074.117500000284,6409.6308724832215
1782444860,5,GET,/ [checkout abuse session],0.000000,0.000000,0,0,0,0,0,0,0,0,0,0,0,5,0,2074.117500000284,2060.96225999936,2047.1870999972452,2074.117500000284,10499.0
1782444860,5,POST,/cart [add item abuse],1.400000,0.000000,4,5,5,5,5,46,46,46,46,46,46,186,0,4,5.988248387243353,3.331899999466259,48.79810000420548,0.0
1782444860,5,GET,/cart [view abuse],1.400000,0.000000,6,6,6,6,6,7,7,7,7,7,7,186,0,6,6.270541398016478,5.051000000094064,10.69419999839738,14659.0
1782444860,5,POST,/cart/checkout [abuse],1.400000,0.000000,10,10,10,10,10,13,13,13,13,13,13,186,0,10,11.812202150140756,8.855400003085379,56.25980000331765,5004.0
1782444860,5,GET,/product/[id] [checkout abuse],1.400000,0.000000,6,7,7,7,7,7,7,7,7,7,7,186,0,6,6.351432258104254,4.6608999982709065,9.509399998933077,5865.0
1782444860,5,,Aggregated,5.600000,0.000000,6,7,9,9,10,10,46,46,46,46,46,749,0,6,21.312926835765957,3.331899999466259,2074.117500000284,6409.483311081442
1782444861,5,GET,/ [checkout abuse session],0.000000,0.000000,0,0,0,0,0,0,0,0,0,0,0,5,0,2074.117500000284,2060.96225999936,2047.1870999972452,2074.117500000284,10499.0
1782444861,5,POST,/cart [add item abuse],1.200000,0.000000,4,5,5,5,5,46,46,46,46,46,46,189,0,4,5.958822222377873,3.331899999466259,48.79810000420548,0.0
1782444861,5,GET,/cart [view abuse],1.200000,0.000000,6,6,6,6,6,7,7,7,7,7,7,189,0,6,6.263781481677489,5.051000000094064,10.69419999839738,14659.0
1782444861,5,POST,/cart/checkout [abuse],1.200000,0.000000,10,10,10,10,10,13,13,13,13,13,13,189,0,10,11.78021481440516,8.855400003085379,56.25980000331765,5004.0
1782444861,5,GET,/product/[id] [checkout abuse],1.200000,0.000000,6,7,7,7,7,7,7,7,7,7,7,189,0,6,6.348860846609419,4.6608999982709065,9.509399998933077,5865.0
1782444861,5,,Aggregated,4.800000,0.000000,6,7,9,9,10,10,46,46,46,46,46,761,0,6,21.079209855446805,3.331899999466259,2074.117500000284,6409.049934296978
1782444862,5,GET,/ [checkout abuse session],0.000000,0.000000,0,0,0,0,0,0,0,0,0,0,0,5,0,2074.117500000284,2060.96225999936,2047.1870999972452,2074.117500000284,10499.0
1782444862,5,POST,/cart [add item abuse],1.200000,0.000000,5,5,5,5,46,46,46,46,46,46,46,189,0,4,5.958822222377873,3.331899999466259,48.79810000420548,0.0
1782444862,5,GET,/cart [view abuse],1.200000,0.000000,6,6,6,6,7,7,7,7,7,7,7,189,0,6,6.263781481677489,5.051000000094064,10.69419999839738,14659.0
1782444862,5,POST,/cart/checkout [abuse],1.200000,0.000000,10,10,10,10,13,13,13,13,13,13,13,189,0,10,11.78021481440516,8.855400003085379,56.25980000331765,5004.0
1782444862,5,GET,/product/[id] [checkout abuse],1.200000,0.000000,6,7,7,7,7,7,7,7,7,7,7,189,0,6,6.348860846609419,4.6608999982709065,9.509399998933077,5865.0
1782444862,5,,Aggregated,4.800000,0.000000,6,7,9,10,10,13,46,46,46,46,46,761,0,6,21.079209855446805,3.331899999466259,2074.117500000284,6409.049934296978
1782444863,5,GET,/ [checkout abuse session],0.000000,0.000000,0,0,0,0,0,0,0,0,0,0,0,5,0,2074.117500000284,2060.96225999936,2047.1870999972452,2074.117500000284,10499.0
1782444863,5,POST,/cart [add item abuse],1.200000,0.000000,4,5,5,5,5,46,46,46,46,46,46,190,0,4,5.946777894898428,3.331899999466259,48.79810000420548,0.0
1782444863,5,GET,/cart [view abuse],1.200000,0.000000,6,6,6,6,6,7,7,7,7,7,7,190,0,6,6.260836842327415,5.051000000094064,10.69419999839738,14659.0
1782444863,5,POST,/cart/checkout [abuse],1.200000,0.000000,10,10,10,10,10,13,13,13,13,13,13,190,0,10,11.773293157488009,8.855400003085379,56.25980000331765,5004.0
1782444863,5,GET,/product/[id] [checkout abuse],1.200000,0.000000,6,7,7,7,7,7,7,7,7,7,7,190,0,6,6.349855789525655,4.6608999982709065,9.509399998933077,5865.0
1782444863,5,,Aggregated,4.800000,0.000000,6,7,9,10,10,10,46,46,46,46,46,765,0,6,21.00347241830367,3.331899999466259,2074.117500000284,6408.908496732026
1782444864,5,GET,/ [checkout abuse session],0.000000,0.000000,0,0,0,0,0,0,0,0,0,0,0,5,0,2074.117500000284,2060.96225999936,2047.1870999972452,2074.117500000284,10499.0
1782444864,5,POST,/cart [add item abuse],1.400000,0.000000,4,5,5,5,5,46,46,46,46,46,46,191,0,4,5.937780628434299,3.331899999466259,48.79810000420548,0.0
1782444864,5,GET,/cart [view abuse],1.400000,0.000000,6,6,6,6,7,7,7,7,7,7,7,191,0,6,6.2621403143833225,5.051000000094064,10.69419999839738,14659.0
1782444864,5,POST,/cart/checkout [abuse],1.400000,0.000000,10,10,10,10,10,13,13,13,13,13,13,191,0,10,11.766443455089567,8.855400003085379,56.25980000331765,5004.0
1782444864,5,GET,/product/[id] [checkout abuse],1.400000,0.000000,6,7,7,7,7,7,7,7,7,7,7,191,0,6,6.349816753997416,4.6608999982709065,9.509399998933077,5865.0
1782444864,5,,Aggregated,5.600000,0.000000,6,7,9,10,10,10,46,46,46,46,46,769,0,6,20.930041482458492,3.331899999466259,2074.117500000284,6408.768530559168
1782444865,5,GET,/ [checkout abuse session],0.000000,0.000000,0,0,0,0,0,0,0,0,0,0,0,5,0,2074.117500000284,2060.96225999936,2047.1870999972452,2074.117500000284,10499.0
1782444865,5,POST,/cart [add item abuse],1.100000,0.000000,4,5,5,5,5,46,46,46,46,46,46,194,0,4,5.9087469073965995,3.331899999466259,48.79810000420548,0.0
1782444865,5,GET,/cart [view abuse],1.200000,0.000000,6,6,7,7,7,7,7,7,7,7,7,194,0,6,6.257162886840044,5.051000000094064,10.69419999839738,14659.0
1782444865,5,POST,/cart/checkout [abuse],1.200000,0.000000,10,10,10,10,13,13,13,13,13,13,13,194,0,10,11.752266494460349,8.855400003085379,56.25980000331765,5004.0
1782444865,5,GET,/product/[id] [checkout abuse],1.100000,0.000000,6,7,7,7,7,7,7,7,7,7,7,194,0,6,6.345811340297493,4.6608999982709065,9.509399998933077,5865.0
1782444865,5,,Aggregated,4.600000,0.000000,6,7,9,10,10,13,46,46,46,46,46,781,0,6,20.711939692729487,3.331899999466259,2074.117500000284,6408.357234314981
1782444866,5,GET,/ [checkout abuse session],0.000000,0.000000,0,0,0,0,0,0,0,0,0,0,0,5,0,2074.117500000284,2060.96225999936,2047.1870999972452,2074.117500000284,10499.0
1782444866,5,POST,/cart [add item abuse],1.100000,0.000000,4,5,5,5,5,5,5,5,5,5,5,194,0,4,5.9087469073965995,3.331899999466259,48.79810000420548,0.0
1782444866,5,GET,/cart [view abuse],1.200000,0.000000,6,6,7,7,7,7,7,7,7,7,7,194,0,6,6.257162886840044,5.051000000094064,10.69419999839738,14659.0
1782444866,5,POST,/cart/checkout [abuse],1.200000,0.000000,10,10,10,13,13,13,13,13,13,13,13,194,0,10,11.752266494460349,8.855400003085379,56.25980000331765,5004.0
1782444866,5,GET,/product/[id] [checkout abuse],1.100000,0.000000,7,7,7,7,7,7,7,7,7,7,7,194,0,6,6.345811340297493,4.6608999982709065,9.509399998933077,5865.0
1782444866,5,,Aggregated,4.600000,0.000000,6,7,9,10,10,13,13,13,13,13,13,781,0,6,20.711939692729487,3.331899999466259,2074.117500000284,6408.357234314981
1782444867,5,GET,/ [checkout abuse session],0.000000,0.000000,0,0,0,0,0,0,0,0,0,0,0,5,0,2074.117500000284,2060.96225999936,2047.1870999972452,2074.117500000284,10499.0
1782444867,5,POST,/cart [add item abuse],1.400000,0.000000,4,5,5,5,5,5,5,5,5,5,5,195,0,4,5.896312307875353,3.331899999466259,48.79810000420548,0.0
1782444867,5,GET,/cart [view abuse],1.400000,0.000000,6,6,7,7,7,7,7,7,7,7,7,195,0,6,6.254020000237804,5.051000000094064,10.69419999839738,14659.0
1782444867,5,POST,/cart/checkout [abuse],1.400000,0.000000,10,10,10,10,13,13,13,13,13,13,13,195,0,10,11.738511794492997,8.855400003085379,56.25980000331765,5004.0
1782444867,5,GET,/product/[id] [checkout abuse],1.400000,0.000000,7,7,7,7,7,7,7,7,7,7,7,195,0,6,6.34820153854656,4.6608999982709065,9.509399998933077,5865.0
1782444867,5,,Aggregated,5.600000,0.000000,6,7,9,9,10,10,13,13,13,13,13,785,0,6,20.638261401301374,3.331899999466259,2074.117500000284,6408.222929936306
1782444868,5,GET,/ [checkout abuse session],0.000000,0.000000,0,0,0,0,0,0,0,0,0,0,0,5,0,2074.117500000284,2060.96225999936,2047.1870999972452,2074.117500000284,10499.0
1782444868,5,POST,/cart [add item abuse],1.400000,0.000000,4,4,5,5,5,5,5,5,5,5,5,196,0,4,5.887133163441274,3.331899999466259,48.79810000420548,0.0
1782444868,5,GET,/cart [view abuse],1.400000,0.000000,6,6,7,7,7,7,7,7,7,7,7,196,0,6,6.25124540843268,5.051000000094064,10.69419999839738,14659.0
1782444868,5,POST,/cart/checkout [abuse],1.400000,0.000000,10,10,10,10,13,13,13,13,13,13,13,196,0,10,11.727597448600358,8.855400003085379,56.25980000331765,5004.0
1782444868,5,GET,/product/[id] [checkout abuse],1.400000,0.000000,7,7,7,7,7,7,7,7,7,7,7,196,0,6,6.349608163353488,4.6608999982709065,9.509399998933077,5865.0
1782444868,5,,Aggregated,5.600000,0.000000,6,7,9,9,10,10,13,13,13,13,13,789,0,6,20.566623320693346,3.331899999466259,2074.117500000284,6408.0899873257285
1782444869,5,GET,/ [checkout abuse session],0.000000,0.000000,0,0,0,0,0,0,0,0,0,0,0,5,0,2074.117500000284,2060.96225999936,2047.1870999972452,2074.117500000284,10499.0
1782444869,5,POST,/cart [add item abuse],1.000000,0.000000,4,4,4,4,5,5,5,5,5,5,5,199,0,4,5.856715578041227,3.331899999466259,48.79810000420548,0.0
1782444869,5,GET,/cart [view abuse],1.000000,0.000000,6,6,6,7,7,7,7,7,7,7,7,199,0,6,6.240903517872215,5.04229999933159,10.69419999839738,14659.0
1782444869,5,POST,/cart/checkout [abuse],1.000000,0.000000,10,10,10,10,11,13,13,13,13,13,13,199,0,10,11.702538693096166,8.855400003085379,56.25980000331765,5004.0
1782444869,5,GET,/product/[id] [checkout abuse],1.000000,0.000000,6,7,7,7,7,7,7,7,7,7,7,199,0,6,6.350213065417308,4.6608999982709065,9.509399998933077,5865.0
1782444869,5,,Aggregated,4.000000,0.000000,6,7,9,9,10,10,11,13,13,13,13,801,0,6,20.355474531869856,3.331899999466259,2074.117500000284,6407.699126092384
1782444870,5,GET,/ [checkout abuse session],0.000000,0.000000,0,0,0,0,0,0,0,0,0,0,0,5,0,2074.117500000284,2060.96225999936,2047.1870999972452,2074.117500000284,10499.0
1782444870,5,POST,/cart [add item abuse],1.000000,0.000000,4,4,4,4,5,5,5,5,5,5,5,199,0,4,5.856715578041227,3.331899999466259,48.79810000420548,0.0
1782444870,5,GET,/cart [view abuse],1.000000,0.000000,6,6,6,7,7,7,7,7,7,7,7,199,0,6,6.240903517872215,5.04229999933159,10.69419999839738,14659.0
1782444870,5,POST,/cart/checkout [abuse],1.000000,0.000000,10,10,10,10,11,13,13,13,13,13,13,199,0,10,11.702538693096166,8.855400003085379,56.25980000331765,5004.0
1782444870,5,GET,/product/[id] [checkout abuse],1.000000,0.000000,6,7,7,7,7,7,7,7,7,7,7,199,0,6,6.350213065417308,4.6608999982709065,9.509399998933077,5865.0
1782444870,5,,Aggregated,4.000000,0.000000,6,7,9,9,10,10,11,13,13,13,13,801,0,6,20.355474531869856,3.331899999466259,2074.117500000284,6407.699126092384
1782444871,5,GET,/ [checkout abuse session],0.000000,0.000000,0,0,0,0,0,0,0,0,0,0,0,5,0,2074.117500000284,2060.96225999936,2047.1870999972452,2074.117500000284,10499.0
1782444871,5,POST,/cart [add item abuse],1.000000,0.000000,4,4,4,4,5,5,5,5,5,5,5,199,0,4,5.856715578041227,3.331899999466259,48.79810000420548,0.0
1782444871,5,GET,/cart [view abuse],1.000000,0.000000,6,6,6,7,7,7,7,7,7,7,7,199,0,6,6.240903517872215,5.04229999933159,10.69419999839738,14659.0
1782444871,5,POST,/cart/checkout [abuse],1.000000,0.000000,10,10,10,11,13,13,13,13,13,13,13,199,0,10,11.702538693096166,8.855400003085379,56.25980000331765,5004.0
1782444871,5,GET,/product/[id] [checkout abuse],1.000000,0.000000,7,7,7,7,7,7,7,7,7,7,7,199,0,6,6.350213065417308,4.6608999982709065,9.509399998933077,5865.0
1782444871,5,,Aggregated,4.000000,0.000000,6,7,9,9,10,11,13,13,13,13,13,801,0,6,20.355474531869856,3.331899999466259,2074.117500000284,6407.699126092384
1782444872,5,GET,/ [checkout abuse session],0.000000,0.000000,0,0,0,0,0,0,0,0,0,0,0,5,0,2074.117500000284,2060.96225999936,2047.1870999972452,2074.117500000284,10499.0
1782444872,5,POST,/cart [add item abuse],1.400000,0.000000,4,4,5,5,5,5,5,5,5,5,5,203,0,4,5.832515763721871,3.331899999466259,48.79810000420548,0.0
1782444872,5,GET,/cart [view abuse],1.300000,0.000000,6,6,6,6,7,7,7,7,7,7,7,203,0,6,6.244289655504482,5.04229999933159,10.69419999839738,14659.0
1782444872,5,POST,/cart/checkout [abuse],1.300000,0.000000,10,11,12,13,13,14,14,14,14,14,14,203,0,10,11.717224137530962,8.855400003085379,56.25980000331765,5004.0
1782444872,5,GET,/product/[id] [checkout abuse],1.400000,0.000000,7,7,7,7,7,8,8,8,8,8,8,203,0,6,6.359192610939385,4.6608999982709065,9.509399998933077,5865.0
1782444872,5,,Aggregated,5.400000,0.000000,6,7,9,9,11,13,13,14,14,14,14,817,0,6,20.10515960837115,3.331899999466259,2074.117500000284,6407.195838433293
1782444873,5,GET,/ [checkout abuse session],0.000000,0.000000,0,0,0,0,0,0,0,0,0,0,0,5,0,2074.117500000284,2060.96225999936,2047.1870999972452,2074.117500000284,10499.0
1782444873,5,POST,/cart [add item abuse],1.300000,0.000000,4,4,5,5,5,5,5,5,5,5,5,204,0,4,5.823412745253425,3.331899999466259,48.79810000420548,0.0
1782444873,5,GET,/cart [view abuse],1.300000,0.000000,6,6,6,6,6,7,7,7,7,7,7,204,0,6,6.243062745424515,5.04229999933159,10.69419999839738,14659.0
1782444873,5,POST,/cart/checkout [abuse],1.300000,0.000000,10,11,12,13,13,14,14,14,14,14,14,204,0,10,11.708164705494568,8.855400003085379,56.25980000331765,5004.0
1782444873,5,GET,/product/[id] [checkout abuse],1.300000,0.000000,7,7,7,7,7,8,8,8,8,8,8,204,0,6,6.358427451071774,4.6608999982709065,9.509399998933077,5865.0
1782444873,5,,Aggregated,5.200000,0.000000,6,7,9,9,11,13,13,14,14,14,14,821,0,6,20.038924604183475,3.331899999466259,2074.117500000284,6407.073081607796
1782444874,5,GET,/ [checkout abuse session],0.000000,0.000000,0,0,0,0,0,0,0,0,0,0,0,5,0,2074.117500000284,2060.96225999936,2047.1870999972452,2074.117500000284,10499.0
1782444874,5,POST,/cart [add item abuse],1.300000,0.000000,4,4,5,5,5,5,5,5,5,5,5,204,0,4,5.823412745253425,3.331899999466259,48.79810000420548,0.0
1782444874,5,GET,/cart [view abuse],1.300000,0.000000,6,6,6,6,6,7,7,7,7,7,7,204,0,6,6.243062745424515,5.04229999933159,10.69419999839738,14659.0
1782444874,5,POST,/cart/checkout [abuse],1.300000,0.000000,10,11,12,13,13,14,14,14,14,14,14,204,0,10,11.708164705494568,8.855400003085379,56.25980000331765,5004.0
1782444874,5,GET,/product/[id] [checkout abuse],1.300000,0.000000,7,7,7,7,7,8,8,8,8,8,8,204,0,6,6.358427451071774,4.6608999982709065,9.509399998933077,5865.0
1782444874,5,,Aggregated,5.200000,0.000000,6,7,9,9,11,13,13,14,14,14,14,821,0,6,20.038924604183475,3.331899999466259,2074.117500000284,6407.073081607796
1782444875,5,GET,/ [checkout abuse session],0.000000,0.000000,0,0,0,0,0,0,0,0,0,0,0,5,0,2074.117500000284,2060.96225999936,2047.1870999972452,2074.117500000284,10499.0
1782444875,5,POST,/cart [add item abuse],1.300000,0.000000,4,4,5,5,5,5,5,5,5,5,5,204,0,4,5.823412745253425,3.331899999466259,48.79810000420548,0.0
1782444875,5,GET,/cart [view abuse],1.300000,0.000000,6,6,6,6,6,6,6,6,6,6,6,204,0,6,6.243062745424515,5.04229999933159,10.69419999839738,14659.0
1782444875,5,POST,/cart/checkout [abuse],1.300000,0.000000,11,11,12,13,14,14,14,14,14,14,14,204,0,10,11.708164705494568,8.855400003085379,56.25980000331765,5004.0
1782444875,5,GET,/product/[id] [checkout abuse],1.300000,0.000000,7,7,7,7,8,8,8,8,8,8,8,204,0,6,6.358427451071774,4.6608999982709065,9.509399998933077,5865.0
1782444875,5,,Aggregated,5.200000,0.000000,6,7,9,10,11,13,14,14,14,14,14,821,0,6,20.038924604183475,3.331899999466259,2074.117500000284,6407.073081607796
1782444876,5,GET,/ [checkout abuse session],0.000000,0.000000,0,0,0,0,0,0,0,0,0,0,0,5,0,2074.117500000284,2060.96225999936,2047.1870999972452,2074.117500000284,10499.0
1782444876,5,POST,/cart [add item abuse],1.300000,0.000000,4,4,5,5,5,5,5,5,5,5,5,208,0,4,5.7902533655158965,3.331899999466259,48.79810000420548,0.0
1782444876,5,GET,/cart [view abuse],1.300000,0.000000,6,6,6,6,6,7,7,7,7,7,7,208,0,6,6.234600000320475,5.04229999933159,10.69419999839738,14659.0
1782444876,5,POST,/cart/checkout [abuse],1.300000,0.000000,10,11,11,12,13,14,14,14,14,14,14,208,0,10,11.669837499574406,8.855400003085379,56.25980000331765,5004.0
1782444876,5,GET,/product/[id] [checkout abuse],1.300000,0.000000,7,7,7,7,7,8,8,8,8,8,8,208,0,6,6.360049038483759,4.6608999982709065,9.509399998933077,5865.0
1782444876,5,,Aggregated,5.200000,0.000000,6,7,9,9,11,12,13,14,14,14,14,837,0,6,19.780402867391714,3.331899999466259,2074.117500000284,6406.5937873357225
1782444877,5,GET,/ [checkout abuse session],0.000000,0.000000,0,0,0,0,0,0,0,0,0,0,0,5,0,2074.117500000284,2060.96225999936,2047.1870999972452,2074.117500000284,10499.0
1782444877,5,POST,/cart [add item abuse],1.000000,0.000000,4,4,5,5,5,5,5,5,5,5,5,209,0,4,5.781500478606263,3.331899999466259,48.79810000420548,0.0
1782444877,5,GET,/cart [view abuse],1.000000,0.000000,6,6,6,6,6,7,7,7,7,7,7,209,0,6,6.232685646250828,5.04229999933159,10.69419999839738,14659.0
1782444877,5,POST,/cart/checkout [abuse],1.000000,0.000000,10,11,11,12,13,14,14,14,14,14,14,209,0,10,11.65762822921878,8.855400003085379,56.25980000331765,5004.0
1782444877,5,GET,/product/[id] [checkout abuse],1.000000,0.000000,6,7,7,7,7,8,8,8,8,8,8,209,0,6,6.362099043096685,4.6608999982709065,9.509399998933077,5865.0
1782444877,5,,Aggregated,4.000000,0.000000,6,7,9,9,11,12,13,14,14,14,14,841,0,6,19.716883709876175,3.331899999466259,2074.117500000284,6406.476813317479
1782444878,5,GET,/ [checkout abuse session],0.000000,0.000000,0,0,0,0,0,0,0,0,0,0,0,5,0,2074.117500000284,2060.96225999936,2047.1870999972452,2074.117500000284,10499.0
1782444878,5,POST,/cart [add item abuse],1.000000,0.000000,4,4,5,5,5,5,5,5,5,5,5,209,0,4,5.781500478606263,3.331899999466259,48.79810000420548,0.0
1782444878,5,GET,/cart [view abuse],1.000000,0.000000,6,6,6,6,6,7,7,7,7,7,7,209,0,6,6.232685646250828,5.04229999933159,10.69419999839738,14659.0
1782444878,5,POST,/cart/checkout [abuse],1.000000,0.000000,11,11,12,12,13,14,14,14,14,14,14,209,0,10,11.65762822921878,8.855400003085379,56.25980000331765,5004.0
1782444878,5,GET,/product/[id] [checkout abuse],1.000000,0.000000,6,7,7,7,7,8,8,8,8,8,8,209,0,6,6.362099043096685,4.6608999982709065,9.509399998933077,5865.0
1782444878,5,,Aggregated,4.000000,0.000000,6,7,9,9,11,12,14,14,14,14,14,841,0,6,19.716883709876175,3.331899999466259,2074.117500000284,6406.476813317479
1782444879,5,GET,/ [checkout abuse session],0.000000,0.000000,0,0,0,0,0,0,0,0,0,0,0,5,0,2074.117500000284,2060.96225999936,2047.1870999972452,2074.117500000284,10499.0
1782444879,5,POST,/cart [add item abuse],1.400000,0.000000,4,4,5,5,5,5,5,5,5,5,5,212,0,4,5.753724528403836,3.286799998022616,48.79810000420548,0.0
1782444879,5,GET,/cart [view abuse],1.400000,0.000000,6,6,6,6,6,7,7,7,7,7,7,212,0,6,6.226340094625177,5.04229999933159,10.69419999839738,14659.0
1782444879,5,POST,/cart/checkout [abuse],1.400000,0.000000,10,11,11,12,13,14,14,14,14,14,14,212,0,10,11.628689622190201,8.855400003085379,56.25980000331765,5004.0
1782444879,5,GET,/product/[id] [checkout abuse],1.400000,0.000000,7,7,7,7,7,8,8,8,8,8,8,212,0,6,6.3674443396316835,4.6608999982709065,9.509399998933077,5865.0
1782444879,5,,Aggregated,5.600000,0.000000,6,7,9,9,11,12,13,14,14,14,14,853,0,6,19.53079179365204,3.286799998022616,2074.117500000284,6406.132473622509
1782444880,5,GET,/ [checkout abuse session],0.000000,0.000000,0,0,0,0,0,0,0,0,0,0,0,5,0,2074.117500000284,2060.96225999936,2047.1870999972452,2074.117500000284,10499.0
1782444880,5,POST,/cart [add item abuse],1.400000,0.000000,4,4,5,5,5,5,5,5,5,5,5,212,0,4,5.753724528403836,3.286799998022616,48.79810000420548,0.0
1782444880,5,GET,/cart [view abuse],1.400000,0.000000,6,6,6,6,6,7,7,7,7,7,7,212,0,6,6.226340094625177,5.04229999933159,10.69419999839738,14659.0
1782444880,5,POST,/cart/checkout [abuse],1.400000,0.000000,10,11,11,12,13,14,14,14,14,14,14,212,0,10,11.628689622190201,8.855400003085379,56.25980000331765,5004.0
1782444880,5,GET,/product/[id] [checkout abuse],1.400000,0.000000,7,7,7,7,7,8,8,8,8,8,8,212,0,6,6.3674443396316835,4.6608999982709065,9.509399998933077,5865.0
1782444880,5,,Aggregated,5.600000,0.000000,6,7,9,9,10,12,13,14,14,14,14,853,0,6,19.53079179365204,3.286799998022616,2074.117500000284,6406.132473622509
1782444881,5,GET,/ [checkout abuse session],0.000000,0.000000,0,0,0,0,0,0,0,0,0,0,0,5,0,2074.117500000284,2060.96225999936,2047.1870999972452,2074.117500000284,10499.0
1782444881,5,POST,/cart [add item abuse],1.300000,0.000000,4,4,4,4,5,5,5,5,5,5,5,213,0,4,5.743784507167605,3.286799998022616,48.79810000420548,0.0
1782444881,5,GET,/cart [view abuse],1.300000,0.000000,6,6,6,6,7,7,7,7,7,7,7,213,0,6,6.221683568361066,5.04229999933159,10.69419999839738,14659.0
1782444881,5,POST,/cart/checkout [abuse],1.300000,0.000000,9,10,10,10,11,11,11,11,11,11,11,213,0,10,11.6181751169202,8.855400003085379,56.25980000331765,5004.0
1782444881,5,GET,/product/[id] [checkout abuse],1.300000,0.000000,6,7,7,7,7,7,7,7,7,7,7,213,0,6,6.364113615007039,4.6608999982709065,9.509399998933077,5865.0
1782444881,5,,Aggregated,5.200000,0.000000,6,7,9,9,10,10,11,11,11,11,11,857,0,6,19.467542006983557,3.286799998022616,2074.117500000284,6406.01983663944
1782444882,5,GET,/ [checkout abuse session],0.000000,0.000000,0,0,0,0,0,0,0,0,0,0,0,5,0,2074.117500000284,2060.96225999936,2047.1870999972452,2074.117500000284,10499.0
1782444882,5,POST,/cart [add item abuse],1.200000,0.000000,4,4,4,4,4,5,5,5,5,5,5,214,0,4,5.734355140320476,3.286799998022616,48.79810000420548,0.0
1782444882,5,GET,/cart [view abuse],1.300000,0.000000,6,6,6,6,6,7,7,7,7,7,7,214,0,6,6.2228299068231525,5.04229999933159,10.69419999839738,14659.0
1782444882,5,POST,/cart/checkout [abuse],1.300000,0.000000,9,10,10,10,10,11,11,11,11,11,11,214,0,10,11.608183644414133,8.855400003085379,56.25980000331765,5004.0
1782444882,5,GET,/product/[id] [checkout abuse],1.200000,0.000000,6,7,7,7,7,7,7,7,7,7,7,214,0,6,6.361457943924753,4.6608999982709065,9.509399998933077,5865.0
1782444882,5,,Aggregated,5.000000,0.000000,6,7,9,9,9,10,11,11,11,11,11,861,0,6,19.406680836225387,3.286799998022616,2074.117500000284,6405.908246225319
1782444883,5,GET,/ [checkout abuse session],0.000000,0.000000,0,0,0,0,0,0,0,0,0,0,0,5,0,2074.117500000284,2060.96225999936,2047.1870999972452,2074.117500000284,10499.0
1782444883,5,POST,/cart [add item abuse],1.400000,0.000000,4,4,4,4,5,5,5,5,5,5,5,217,0,4,5.712982027738866,3.286799998022616,48.79810000420548,0.0
1782444883,5,GET,/cart [view abuse],1.400000,0.000000,6,6,6,6,6,7,7,7,7,7,7,217,0,6,6.221053456520921,5.04229999933159,10.69419999839738,14659.0
1782444883,5,POST,/cart/checkout [abuse],1.400000,0.000000,9,10,10,11,11,11,11,11,11,11,11,217,0,10,11.596336865903325,8.855400003085379,56.25980000331765,5004.0
1782444883,5,GET,/product/[id] [checkout abuse],1.400000,0.000000,6,7,7,7,7,8,8,8,8,8,8,217,0,6,6.369088018435903,4.6608999982709065,9.509399998933077,5865.0
1782444883,5,,Aggregated,5.600000,0.000000,6,7,9,9,10,11,11,11,11,11,11,873,0,6,19.235961282912697,3.286799998022616,2074.117500000284,6405.579610538373
1782444884,5,GET,/ [checkout abuse session],0.000000,0.000000,0,0,0,0,0,0,0,0,0,0,0,5,0,2074.117500000284,2060.96225999936,2047.1870999972452,2074.117500000284,10499.0
1782444884,5,POST,/cart [add item abuse],1.400000,0.000000,4,4,4,4,5,5,5,5,5,5,5,217,0,4,5.712982027738866,3.286799998022616,48.79810000420548,0.0
1782444884,5,GET,/cart [view abuse],1.400000,0.000000,6,6,6,6,6,7,7,7,7,7,7,217,0,6,6.221053456520921,5.04229999933159,10.69419999839738,14659.0
1782444884,5,POST,/cart/checkout [abuse],1.400000,0.000000,9,10,10,11,11,11,11,11,11,11,11,217,0,10,11.596336865903325,8.855400003085379,56.25980000331765,5004.0
1782444884,5,GET,/product/[id] [checkout abuse],1.400000,0.000000,6,7,7,7,7,8,8,8,8,8,8,217,0,6,6.369088018435903,4.6608999982709065,9.509399998933077,5865.0
1782444884,5,,Aggregated,5.600000,0.000000,6,7,9,9,10,11,11,11,11,11,11,873,0,6,19.235961282912697,3.286799998022616,2074.117500000284,6405.579610538373
1782444885,5,GET,/ [checkout abuse session],0.000000,0.000000,0,0,0,0,0,0,0,0,0,0,0,5,0,2074.117500000284,2060.96225999936,2047.1870999972452,2074.117500000284,10499.0
1782444885,5,POST,/cart [add item abuse],1.100000,0.000000,4,4,4,4,4,5,5,5,5,5,5,218,0,4,5.702975229440265,3.286799998022616,48.79810000420548,0.0
1782444885,5,GET,/cart [view abuse],1.100000,0.000000,6,6,6,6,6,6,6,6,6,6,6,218,0,6,6.220431192943596,5.04229999933159,10.69419999839738,14659.0
1782444885,5,POST,/cart/checkout [abuse],1.100000,0.000000,10,10,10,10,11,11,11,11,11,11,11,218,0,10,11.58753577936195,8.855400003085379,56.25980000331765,5004.0
1782444885,5,GET,/product/[id] [checkout abuse],1.100000,0.000000,6,7,7,7,7,8,8,8,8,8,8,218,0,6,6.366573853208363,4.6608999982709065,9.509399998933077,5865.0
1782444885,5,,Aggregated,4.400000,0.000000,6,7,9,9,10,10,11,11,11,11,11,877,0,6,19.17686408207162,3.286799998022616,2074.117500000284,6405.4720638540475
1782444886,5,GET,/ [checkout abuse session],0.000000,0.000000,0,0,0,0,0,0,0,0,0,0,0,5,0,2074.117500000284,2060.96225999936,2047.1870999972452,2074.117500000284,10499.0
1782444886,5,POST,/cart [add item abuse],1.200000,0.000000,4,4,4,4,4,5,5,5,5,5,5,219,0,4,5.696888584567852,3.286799998022616,48.79810000420548,0.0
1782444886,5,GET,/cart [view abuse],1.200000,0.000000,6,6,6,6,6,7,7,7,7,7,7,219,0,6,6.2234712331452124,5.04229999933159,10.69419999839738,14659.0
1782444886,5,POST,/cart/checkout [abuse],1.200000,0.000000,10,10,11,11,11,11,11,11,11,11,11,219,0,10,11.586197259818357,8.855400003085379,56.25980000331765,5004.0
1782444886,5,GET,/product/[id] [checkout abuse],1.200000,0.000000,7,7,7,7,7,8,8,8,8,8,8,219,0,6,6.3691168949624615,4.6608999982709065,9.509399998933077,5865.0
1782444886,5,,Aggregated,4.800000,0.000000,6,7,9,9,10,11,11,11,11,11,11,881,0,6,19.123250737767265,3.286799998022616,2074.117500000284,6405.365493757095
1782444887,5,GET,/ [checkout abuse session],0.000000,0.000000,0,0,0,0,0,0,0,0,0,0,0,5,0,2074.117500000284,2060.96225999936,2047.1870999972452,2074.117500000284,10499.0
1782444887,5,POST,/cart [add item abuse],1.400000,0.000000,4,4,4,4,4,5,5,5,5,5,5,221,0,4,5.679760633527177,3.286799998022616,48.79810000420548,0.0
1782444887,5,GET,/cart [view abuse],1.400000,0.000000,6,6,6,6,6,7,7,7,7,7,7,221,0,6,6.219377375839434,5.04229999933159,10.69419999839738,14659.0
1782444887,5,POST,/cart/checkout [abuse],1.400000,0.000000,10,10,11,11,11,11,11,11,11,11,11,221,0,10,11.56643665117413,8.855400003085379,56.25980000331765,5004.0
1782444887,5,GET,/product/[id] [checkout abuse],1.400000,0.000000,7,7,7,7,7,8,8,8,8,8,8,221,0,6,6.370907692296369,4.6608999982709065,9.509399998933077,5865.0
1782444887,5,,Aggregated,5.600000,0.000000,6,7,9,9,10,11,11,11,11,11,11,889,0,6,19.008632058463217,3.286799998022616,2074.117500000284,6405.155230596176
1782444888,5,GET,/ [checkout abuse session],0.000000,0.000000,0,0,0,0,0,0,0,0,0,0,0,5,0,2074.117500000284,2060.96225999936,2047.1870999972452,2074.117500000284,10499.0
1782444888,5,POST,/cart [add item abuse],1.200000,0.000000,4,4,4,4,4,5,5,5,5,5,5,223,0,4,5.664104484357075,3.286799998022616,48.79810000420548,0.0
1782444888,5,GET,/cart [view abuse],1.200000,0.000000,6,6,6,6,6,7,7,7,7,7,7,223,0,6,6.215449327651532,5.04229999933159,10.69419999839738,14659.0
1782444888,5,POST,/cart/checkout [abuse],1.200000,0.000000,10,10,11,11,11,54,54,54,54,54,54,223,0,10,11.745041255205411,8.855400003085379,56.25980000331765,5004.0
1782444888,5,GET,/product/[id] [checkout abuse],1.200000,0.000000,6,7,7,7,7,8,8,8,8,8,8,223,0,6,6.36708789237257,4.6608999982709065,9.509399998933077,5865.0
1782444888,5,,Aggregated,4.800000,0.000000,6,7,9,9,10,11,54,54,54,54,54,897,0,6,18.9442102563931,3.286799998022616,2074.117500000284,6404.948717948718
1782444889,5,GET,/ [checkout abuse session],0.000000,0.000000,0,0,0,0,0,0,0,0,0,0,0,5,0,2074.117500000284,2060.96225999936,2047.1870999972452,2074.117500000284,10499.0
1782444889,5,POST,/cart [add item abuse],1.200000,0.000000,4,4,4,4,4,5,5,5,5,5,5,223,0,4,5.664104484357075,3.286799998022616,48.79810000420548,0.0
1782444889,5,GET,/cart [view abuse],1.200000,0.000000,6,6,6,6,6,7,7,7,7,7,7,223,0,6,6.215449327651532,5.04229999933159,10.69419999839738,14659.0
1782444889,5,POST,/cart/checkout [abuse],1.200000,0.000000,10,11,11,11,11,54,54,54,54,54,54,223,0,10,11.745041255205411,8.855400003085379,56.25980000331765,5004.0
1782444889,5,GET,/product/[id] [checkout abuse],1.200000,0.000000,6,7,7,7,7,8,8,8,8,8,8,223,0,6,6.36708789237257,4.6608999982709065,9.509399998933077,5865.0
1782444889,5,,Aggregated,4.800000,0.000000,6,7,9,9,10,11,54,54,54,54,54,897,0,6,18.9442102563931,3.286799998022616,2074.117500000284,6404.948717948718
1782444890,5,GET,/ [checkout abuse session],0.000000,0.000000,0,0,0,0,0,0,0,0,0,0,0,5,0,2074.117500000284,2060.96225999936,2047.1870999972452,2074.117500000284,10499.0
1782444890,5,POST,/cart [add item abuse],1.200000,0.000000,4,4,4,4,5,5,5,5,5,5,5,223,0,4,5.664104484357075,3.286799998022616,48.79810000420548,0.0
1782444890,5,GET,/cart [view abuse],1.200000,0.000000,6,6,6,6,7,7,7,7,7,7,7,223,0,6,6.215449327651532,5.04229999933159,10.69419999839738,14659.0
1782444890,5,POST,/cart/checkout [abuse],1.200000,0.000000,10,11,11,11,54,54,54,54,54,54,54,223,0,10,11.745041255205411,8.855400003085379,56.25980000331765,5004.0
1782444890,5,GET,/product/[id] [checkout abuse],1.200000,0.000000,6,7,7,7,8,8,8,8,8,8,8,223,0,6,6.36708789237257,4.6608999982709065,9.509399998933077,5865.0
1782444890,5,,Aggregated,4.800000,0.000000,6,7,9,9,11,11,54,54,54,54,54,897,0,6,18.9442102563931,3.286799998022616,2074.117500000284,6404.948717948718
1782444891,5,GET,/ [checkout abuse session],0.000000,0.000000,0,0,0,0,0,0,0,0,0,0,0,5,0,2074.117500000284,2060.96225999936,2047.1870999972452,2074.117500000284,10499.0
1782444891,5,POST,/cart [add item abuse],1.300000,0.000000,4,4,4,4,4,5,5,5,5,5,5,227,0,4,5.628719383324773,3.286799998022616,48.79810000420548,0.0
1782444891,5,GET,/cart [view abuse],1.300000,0.000000,6,6,6,6,6,7,7,7,7,7,7,227,0,6,6.206080616965412,5.04229999933159,10.69419999839738,14659.0
1782444891,5,POST,/cart/checkout [abuse],1.300000,0.000000,10,11,11,11,11,54,54,54,54,54,54,227,0,10,11.707562554658685,8.855400003085379,56.25980000331765,5004.0
1782444891,5,GET,/product/[id] [checkout abuse],1.300000,0.000000,6,7,7,7,7,8,8,8,8,8,8,227,0,6,6.366616740065323,4.6608999982709065,9.509399998933077,5865.0
1782444891,5,,Aggregated,5.200000,0.000000,6,7,9,9,10,11,11,54,54,54,54,913,0,6,18.723055421648436,3.286799998022616,2074.117500000284,6404.546549835706
1782444892,5,GET,/ [checkout abuse session],0.000000,0.000000,0,0,0,0,0,0,0,0,0,0,0,5,0,2074.117500000284,2060.96225999936,2047.1870999972452,2074.117500000284,10499.0
1782444892,5,POST,/cart [add item abuse],1.200000,0.000000,4,4,4,4,5,6,6,6,6,6,6,228,0,4,5.628571929902822,3.286799998022616,48.79810000420548,0.0
1782444892,5,GET,/cart [view abuse],1.200000,0.000000,6,6,6,6,7,8,8,8,8,8,8,228,0,6,6.2144114037532985,5.04229999933159,10.69419999839738,14659.0
1782444892,5,POST,/cart/checkout [abuse],1.200000,0.000000,10,11,11,11,15,54,54,54,54,54,54,228,0,10,11.720017982058874,8.855400003085379,56.25980000331765,5004.0
1782444892,5,GET,/product/[id] [checkout abuse],1.200000,0.000000,6,7,7,7,7,7,7,7,7,7,7,228,0,6,6.370831578909961,4.6608999982709065,9.509399998933077,5865.0
1782444892,5,,Aggregated,4.800000,0.000000,6,7,9,9,11,11,54,54,54,54,54,917,0,6,18.680180152640446,3.286799998022616,2074.117500000284,6404.448200654308
1782444893,5,GET,/ [checkout abuse session],0.000000,0.000000,0,0,0,0,0,0,0,0,0,0,0,5,0,2074.117500000284,2060.96225999936,2047.1870999972452,2074.117500000284,10499.0
1782444893,5,POST,/cart [add item abuse],1.200000,0.000000,4,4,4,4,4,6,6,6,6,6,6,228,0,4,5.628571929902822,3.286799998022616,48.79810000420548,0.0
1782444893,5,GET,/cart [view abuse],1.200000,0.000000,6,6,6,6,7,8,8,8,8,8,8,228,0,6,6.2144114037532985,5.04229999933159,10.69419999839738,14659.0
1782444893,5,POST,/cart/checkout [abuse],1.200000,0.000000,10,11,11,11,15,54,54,54,54,54,54,228,0,10,11.720017982058874,8.855400003085379,56.25980000331765,5004.0
1782444893,5,GET,/product/[id] [checkout abuse],1.200000,0.000000,6,7,7,7,7,7,7,7,7,7,7,228,0,6,6.370831578909961,4.6608999982709065,9.509399998933077,5865.0
1782444893,5,,Aggregated,4.800000,0.000000,6,7,9,9,10,11,54,54,54,54,54,917,0,6,18.680180152640446,3.286799998022616,2074.117500000284,6404.448200654308
1782444894,5,GET,/ [checkout abuse session],0.000000,0.000000,0,0,0,0,0,0,0,0,0,0,0,5,0,2074.117500000284,2060.96225999936,2047.1870999972452,2074.117500000284,10499.0
1782444894,5,POST,/cart [add item abuse],1.200000,0.000000,4,4,4,4,6,6,6,6,6,6,6,228,0,4,5.628571929902822,3.286799998022616,48.79810000420548,0.0
1782444894,5,GET,/cart [view abuse],1.200000,0.000000,6,6,6,7,8,8,8,8,8,8,8,228,0,6,6.2144114037532985,5.04229999933159,10.69419999839738,14659.0
1782444894,5,POST,/cart/checkout [abuse],1.200000,0.000000,10,11,11,15,54,54,54,54,54,54,54,228,0,10,11.720017982058874,8.855400003085379,56.25980000331765,5004.0
1782444894,5,GET,/product/[id] [checkout abuse],1.200000,0.000000,6,7,7,7,7,7,7,7,7,7,7,228,0,6,6.370831578909961,4.6608999982709065,9.509399998933077,5865.0
1782444894,5,,Aggregated,4.800000,0.000000,6,7,9,9,11,15,54,54,54,54,54,917,0,6,18.680180152640446,3.286799998022616,2074.117500000284,6404.448200654308
1782444895,5,GET,/ [checkout abuse session],0.000000,0.000000,0,0,0,0,0,0,0,0,0,0,0,5,0,2074.117500000284,2060.96225999936,2047.1870999972452,2074.117500000284,10499.0
1782444895,5,POST,/cart [add item abuse],1.200000,0.000000,4,4,4,4,4,6,6,6,6,6,6,232,0,4,5.593626724193796,3.286799998022616,48.79810000420548,0.0
1782444895,5,GET,/cart [view abuse],1.200000,0.000000,6,6,6,6,6,8,8,8,8,8,8,232,0,6,6.199952155400061,5.04229999933159,10.69419999839738,14659.0
1782444895,5,POST,/cart/checkout [abuse],1.200000,0.000000,9,10,10,11,15,54,54,54,54,54,54,232,0,10,11.679190516839173,8.855400003085379,56.25980000331765,5004.0
1782444895,5,GET,/product/[id] [checkout abuse],1.200000,0.000000,6,7,7,7,7,7,7,7,7,7,7,232,0,6,6.371094827515882,4.6608999982709065,9.509399998933077,5865.0
1782444895,5,,Aggregated,4.800000,0.000000,6,7,9,9,10,11,15,54,54,54,54,933,0,6,18.46579614142867,3.286799998022616,2074.117500000284,6404.063236870311
1782444896,5,GET,/ [checkout abuse session],0.000000,0.000000,0,0,0,0,0,0,0,0,0,0,0,5,0,2074.117500000284,2060.96225999936,2047.1870999972452,2074.117500000284,10499.0
1782444896,5,POST,/cart [add item abuse],1.200000,0.000000,4,4,4,4,4,6,6,6,6,6,6,233,0,4,5.585525751114141,3.286799998022616,48.79810000420548,0.0
1782444896,5,GET,/cart [view abuse],1.200000,0.000000,6,6,6,6,6,8,8,8,8,8,8,233,0,6,6.19845622339183,5.04229999933159,10.69419999839738,14659.0
1782444896,5,POST,/cart/checkout [abuse],1.200000,0.000000,10,10,10,11,15,54,54,54,54,54,54,233,0,10,11.670067381573933,8.855400003085379,56.25980000331765,5004.0
1782444896,5,GET,/product/[id] [checkout abuse],1.200000,0.000000,6,7,7,7,7,7,7,7,7,7,7,233,0,6,6.373249785337586,4.6608999982709065,9.509399998933077,5865.0
1782444896,5,,Aggregated,4.800000,0.000000,6,7,9,9,10,11,15,54,54,54,54,937,0,6,18.414697972195384,3.286799998022616,2074.117500000284,6403.969050160085
1782444897,5,GET,/ [checkout abuse session],0.000000,0.000000,0,0,0,0,0,0,0,0,0,0,0,5,0,2074.117500000284,2060.96225999936,2047.1870999972452,2074.117500000284,10499.0
1782444897,5,POST,/cart [add item abuse],1.200000,0.000000,4,4,4,4,4,6,6,6,6,6,6,233,0,4,5.585525751114141,3.286799998022616,48.79810000420548,0.0
1782444897,5,GET,/cart [view abuse],1.200000,0.000000,6,6,6,6,6,8,8,8,8,8,8,233,0,6,6.19845622339183,5.04229999933159,10.69419999839738,14659.0
1782444897,5,POST,/cart/checkout [abuse],1.200000,0.000000,10,10,11,11,15,54,54,54,54,54,54,233,0,10,11.670067381573933,8.855400003085379,56.25980000331765,5004.0
1782444897,5,GET,/product/[id] [checkout abuse],1.200000,0.000000,6,7,7,7,7,7,7,7,7,7,7,233,0,6,6.373249785337586,4.6608999982709065,9.509399998933077,5865.0
1782444897,5,,Aggregated,4.800000,0.000000,6,7,9,9,10,11,54,54,54,54,54,937,0,6,18.414697972195384,3.286799998022616,2074.117500000284,6403.969050160085
1782444898,5,GET,/ [checkout abuse session],0.000000,0.000000,0,0,0,0,0,0,0,0,0,0,0,5,0,2074.117500000284,2060.96225999936,2047.1870999972452,2074.117500000284,10499.0
1782444898,5,POST,/cart [add item abuse],1.200000,0.000000,4,4,4,4,4,6,6,6,6,6,6,234,0,4,5.576753418849837,3.286799998022616,48.79810000420548,0.0
1782444898,5,GET,/cart [view abuse],1.200000,0.000000,6,6,6,6,6,8,8,8,8,8,8,234,0,6,6.1950277780012515,5.04229999933159,10.69419999839738,14659.0
1782444898,5,POST,/cart/checkout [abuse],1.200000,0.000000,10,10,11,11,15,54,54,54,54,54,54,234,0,10,11.668359828657922,8.855400003085379,56.25980000331765,5004.0
1782444898,5,GET,/product/[id] [checkout abuse],1.200000,0.000000,6,7,7,7,7,7,7,7,7,7,7,234,0,6,6.370993589682148,4.6608999982709065,9.509399998933077,5865.0
1782444898,5,,Aggregated,4.800000,0.000000,6,7,9,9,10,11,54,54,54,54,54,941,0,6,18.36409861843946,3.286799998022616,2074.117500000284,6403.875664187035
1782444899,5,GET,/ [checkout abuse session],0.000000,0.000000,0,0,0,0,0,0,0,0,0,0,0,5,0,2074.117500000284,2060.96225999936,2047.1870999972452,2074.117500000284,10499.0
1782444899,5,POST,/cart [add item abuse],1.300000,0.000000,4,4,4,4,4,6,6,6,6,6,6,237,0,4,5.553719409347761,3.286799998022616,48.79810000420548,0.0
1782444899,5,GET,/cart [view abuse],1.300000,0.000000,6,6,6,6,6,8,8,8,8,8,8,237,0,6,6.187599156348316,5.04229999933159,10.69419999839738,14659.0
1782444899,5,POST,/cart/checkout [abuse],1.300000,0.000000,10,10,11,11,11,15,15,15,15,15,15,237,0,10,11.645167510104779,8.808999999018852,56.25980000331765,5004.0
1782444899,5,GET,/product/[id] [checkout abuse],1.300000,0.000000,6,7,7,7,7,7,7,7,7,7,7,237,0,6,6.370156118069099,4.6608999982709065,9.509399998933077,5865.0
1782444899,5,,Aggregated,5.200000,0.000000,6,7,9,9,10,11,11,15,15,15,15,953,0,6,18.213153725019914,3.286799998022616,2074.117500000284,6403.600209863589
1782444900,5,GET,/ [checkout abuse session],0.000000,0.000000,0,0,0,0,0,0,0,0,0,0,0,5,0,2074.117500000284,2060.96225999936,2047.1870999972452,2074.117500000284,10499.0
1782444900,5,POST,/cart [add item abuse],1.300000,0.000000,4,4,4,4,4,6,6,6,6,6,6,238,0,4,5.545523949640025,3.286799998022616,48.79810000420548,0.0
1782444900,5,GET,/cart [view abuse],1.300000,0.000000,5,6,6,6,6,8,8,8,8,8,8,238,0,6,6.188106722915751,5.04229999933159,10.69419999839738,14659.0
1782444900,5,POST,/cart/checkout [abuse],1.300000,0.000000,10,10,11,11,11,15,15,15,15,15,15,238,0,10,11.637710083608404,8.808999999018852,56.25980000331765,5004.0
1782444900,5,GET,/product/[id] [checkout abuse],1.300000,0.000000,6,7,7,7,7,7,7,7,7,7,7,238,0,6,6.370471008328629,4.6608999982709065,9.509399998933077,5865.0
1782444900,5,,Aggregated,5.200000,0.000000,6,7,9,9,10,11,15,15,15,15,15,957,0,6,18.164433124290582,3.286799998022616,2074.117500000284,6403.509926854755
1782444901,5,GET,/ [checkout abuse session],0.000000,0.000000,0,0,0,0,0,0,0,0,0,0,0,5,0,2074.117500000284,2060.96225999936,2047.1870999972452,2074.117500000284,10499.0
1782444901,5,POST,/cart [add item abuse],1.200000,0.000000,4,4,4,4,4,6,6,6,6,6,6,239,0,4,5.540611297155197,3.286799998022616,48.79810000420548,0.0
1782444901,5,GET,/cart [view abuse],1.200000,0.000000,6,6,6,6,6,8,8,8,8,8,8,239,0,6,6.187474477209811,5.04229999933159,10.69419999839738,14659.0
1782444901,5,POST,/cart/checkout [abuse],1.200000,0.000000,10,10,11,11,11,15,15,15,15,15,15,239,0,10,11.627132217133092,8.808999999018852,56.25980000331765,5004.0
1782444901,5,GET,/product/[id] [checkout abuse],1.200000,0.000000,6,6,7,7,7,7,7,7,7,7,7,239,0,6,6.369533472740487,4.6608999982709065,9.509399998933077,5865.0
1782444901,5,,Aggregated,4.800000,0.000000,6,7,9,9,10,11,15,15,15,15,15,961,0,6,18.115532674245394,3.286799998022616,2074.117500000284,6403.420395421436
1782444902,5,GET,/ [checkout abuse session],0.000000,0.000000,0,0,0,0,0,0,0,0,0,0,0,5,0,2074.117500000284,2060.96225999936,2047.1870999972452,2074.117500000284,10499.0
1782444902,5,POST,/cart [add item abuse],1.200000,0.000000,4,4,4,4,4,4,4,4,4,4,4,239,0,4,5.540611297155197,3.286799998022616,48.79810000420548,0.0
1782444902,5,GET,/cart [view abuse],1.200000,0.000000,5,6,6,6,6,6,6,6,6,6,6,239,0,6,6.187474477209811,5.04229999933159,10.69419999839738,14659.0
1782444902,5,POST,/cart/checkout [abuse],1.200000,0.000000,10,10,10,10,11,11,11,11,11,11,11,239,0,10,11.627132217133092,8.808999999018852,56.25980000331765,5004.0
1782444902,5,GET,/product/[id] [checkout abuse],1.200000,0.000000,6,6,7,7,7,7,7,7,7,7,7,239,0,6,6.369533472740487,4.6608999982709065,9.509399998933077,5865.0
1782444902,5,,Aggregated,4.800000,0.000000,6,6,9,9,10,10,11,11,11,11,11,961,0,6,18.115532674245394,3.286799998022616,2074.117500000284,6403.420395421436
1782444903,5,GET,/ [checkout abuse session],0.000000,0.000000,0,0,0,0,0,0,0,0,0,0,0,5,0,2074.117500000284,2060.96225999936,2047.1870999972452,2074.117500000284,10499.0
1782444903,5,POST,/cart [add item abuse],1.500000,0.000000,4,4,4,4,4,5,5,5,5,5,5,240,0,4,5.536322916759673,3.286799998022616,48.79810000420548,0.0
1782444903,5,GET,/cart [view abuse],1.500000,0.000000,6,6,6,6,6,8,8,8,8,8,8,240,0,6,6.194380833555139,5.04229999933159,10.69419999839738,14659.0
1782444903,5,POST,/cart/checkout [abuse],1.500000,0.000000,10,10,10,10,11,11,11,11,11,11,11,240,0,10,11.620636666248174,8.808999999018852,56.25980000331765,5004.0
1782444903,5,GET,/product/[id] [checkout abuse],1.500000,0.000000,6,6,7,7,7,8,8,8,8,8,8,240,0,6,6.374823333256548,4.6608999982709065,9.509399998933077,5865.0
1782444903,5,,Aggregated,6.000000,0.000000,6,7,9,9,10,10,11,11,11,11,11,965,0,6,18.07159647663574,3.286799998022616,2074.117500000284,6403.331606217616
1782444904,5,GET,/ [checkout abuse session],0.000000,0.000000,0,0,0,0,0,0,0,0,0,0,0,5,0,2074.117500000284,2060.96225999936,2047.1870999972452,2074.117500000284,10499.0
1782444904,5,POST,/cart [add item abuse],1.100000,0.000000,4,4,4,5,5,7,7,7,7,7,7,244,0,4,5.53272622963676,3.286799998022616,48.79810000420548,0.0
1782444904,5,GET,/cart [view abuse],1.100000,0.000000,6,6,7,7,7,8,8,8,8,8,8,244,0,6,6.201838934609188,5.04229999933159,10.69419999839738,14659.0
1782444904,5,POST,/cart/checkout [abuse],1.100000,0.000000,10,11,11,11,11,13,13,13,13,13,13,244,0,10,11.613207376613587,8.808999999018852,56.25980000331765,5004.0
1782444904,5,GET,/product/[id] [checkout abuse],1.100000,0.000000,6,6,7,7,7,8,8,8,8,8,8,244,0,6,6.36839836055306,4.6608999982709065,9.509399998933077,5865.0
1782444904,5,,Aggregated,4.400000,0.000000,6,7,9,9,10,11,11,13,13,13,13,981,0,6,17.895572884751758,3.286799998022616,2074.117500000284,6402.983690112131
1782444905,5,GET,/ [checkout abuse session],0.000000,0.000000,0,0,0,0,0,0,0,0,0,0,0,5,0,2074.117500000284,2060.96225999936,2047.1870999972452,2074.117500000284,10499.0
1782444905,5,POST,/cart [add item abuse],1.100000,0.000000,4,4,4,5,5,7,7,7,7,7,7,244,0,4,5.53272622963676,3.286799998022616,48.79810000420548,0.0
1782444905,5,GET,/cart [view abuse],1.100000,0.000000,6,6,7,7,7,8,8,8,8,8,8,244,0,6,6.201838934609188,5.04229999933159,10.69419999839738,14659.0
1782444905,5,POST,/cart/checkout [abuse],1.100000,0.000000,10,11,11,11,11,13,13,13,13,13,13,244,0,10,11.613207376613587,8.808999999018852,56.25980000331765,5004.0
1782444905,5,GET,/product/[id] [checkout abuse],1.100000,0.000000,6,6,7,7,7,8,8,8,8,8,8,244,0,6,6.36839836055306,4.6608999982709065,9.509399998933077,5865.0
1782444905,5,,Aggregated,4.400000,0.000000,6,7,9,9,10,11,11,13,13,13,13,981,0,6,17.895572884751758,3.286799998022616,2074.117500000284,6402.983690112131
1782444906,5,GET,/ [checkout abuse session],0.000000,0.000000,0,0,0,0,0,0,0,0,0,0,0,5,0,2074.117500000284,2060.96225999936,2047.1870999972452,2074.117500000284,10499.0
1782444906,5,POST,/cart [add item abuse],1.100000,0.000000,4,4,5,5,5,7,7,7,7,7,7,244,0,4,5.53272622963676,3.286799998022616,48.79810000420548,0.0
1782444906,5,GET,/cart [view abuse],1.100000,0.000000,6,7,7,7,7,8,8,8,8,8,8,244,0,6,6.201838934609188,5.04229999933159,10.69419999839738,14659.0
1782444906,5,POST,/cart/checkout [abuse],1.100000,0.000000,10,11,11,11,11,13,13,13,13,13,13,244,0,10,11.613207376613587,8.808999999018852,56.25980000331765,5004.0
1782444906,5,GET,/product/[id] [checkout abuse],1.100000,0.000000,6,6,6,6,7,8,8,8,8,8,8,244,0,6,6.36839836055306,4.6608999982709065,9.509399998933077,5865.0
1782444906,5,,Aggregated,4.400000,0.000000,6,7,9,10,11,11,13,13,13,13,13,981,0,6,17.895572884751758,3.286799998022616,2074.117500000284,6402.983690112131
1782444907,5,GET,/ [checkout abuse session],0.000000,0.000000,0,0,0,0,0,0,0,0,0,0,0,5,0,2074.117500000284,2060.96225999936,2047.1870999972452,2074.117500000284,10499.0
1782444907,5,POST,/cart [add item abuse],1.400000,0.000000,4,4,5,5,5,7,7,7,7,7,7,245,0,4,5.524891836845496,3.286799998022616,48.79810000420548,0.0
1782444907,5,GET,/cart [view abuse],1.400000,0.000000,6,7,7,7,7,8,8,8,8,8,8,245,0,6,6.198185306293082,5.04229999933159,10.69419999839738,14659.0
1782444907,5,POST,/cart/checkout [abuse],1.400000,0.000000,10,11,11,11,11,13,13,13,13,13,13,245,0,10,11.605735101596908,8.808999999018852,56.25980000331765,5004.0
1782444907,5,GET,/product/[id] [checkout abuse],1.400000,0.000000,6,6,7,7,7,8,8,8,8,8,8,245,0,6,6.370700816225916,4.6608999982709065,9.509399998933077,5865.0
1782444907,5,,Aggregated,5.600000,0.000000,6,7,9,10,10,11,13,13,13,13,13,985,0,6,17.848925888256186,3.286799998022616,2074.117500000284,6402.8984771573605
1782444908,5,GET,/ [checkout abuse session],0.000000,0.000000,0,0,0,0,0,0,0,0,0,0,0,5,0,2074.117500000284,2060.96225999936,2047.1870999972452,2074.117500000284,10499.0
1782444908,5,POST,/cart [add item abuse],1.400000,0.000000,4,4,5,5,5,7,7,7,7,7,7,248,0,4,5.50707782270277,3.286799998022616,48.79810000420548,0.0
1782444908,5,GET,/cart [view abuse],1.400000,0.000000,6,6,7,7,7,8,8,8,8,8,8,248,0,6,6.188757661455442,5.04229999933159,10.69419999839738,14659.0
1782444908,5,POST,/cart/checkout [abuse],1.400000,0.000000,10,10,11,11,11,13,13,13,13,13,13,248,0,10,11.577116128606693,8.617400002549402,56.25980000331765,5004.0
1782444908,5,GET,/product/[id] [checkout abuse],1.400000,0.000000,6,6,6,7,7,8,8,8,8,8,8,248,0,6,6.36334233859675,4.621899999619927,9.509399998933077,5865.0
1782444908,5,,Aggregated,5.600000,0.000000,6,7,9,9,10,11,11,13,13,13,13,997,0,6,17.70773540615295,3.286799998022616,2074.117500000284,6402.6469408224675
1782444909,5,GET,/ [checkout abuse session],0.000000,0.000000,0,0,0,0,0,0,0,0,0,0,0,5,0,2074.117500000284,2060.96225999936,2047.1870999972452,2074.117500000284,10499.0
1782444909,5,POST,/cart [add item abuse],1.100000,0.000000,4,4,5,5,5,7,7,7,7,7,7,249,0,4,5.501471486047329,3.286799998022616,48.79810000420548,0.0
1782444909,5,GET,/cart [view abuse],1.100000,0.000000,6,6,7,7,7,8,8,8,8,8,8,249,0,6,6.1855036146150075,5.04229999933159,10.69419999839738,14659.0
1782444909,5,POST,/cart/checkout [abuse],1.100000,0.000000,10,10,11,11,11,13,13,13,13,13,13,249,0,10,11.56710120439637,8.617400002549402,56.25980000331765,5004.0
1782444909,5,GET,/product/[id] [checkout abuse],1.100000,0.000000,6,6,7,7,7,8,8,8,8,8,8,249,0,6,6.367169477820002,4.621899999619927,9.509399998933077,5865.0
1782444909,5,,Aggregated,4.400000,0.000000,6,7,9,9,10,11,11,13,13,13,13,1001,0,6,17.662838661272325,3.286799998022616,2074.117500000284,6402.564435564435
1782444910,5,GET,/ [checkout abuse session],0.000000,0.000000,0,0,0,0,0,0,0,0,0,0,0,5,0,2074.117500000284,2060.96225999936,2047.1870999972452,2074.117500000284,10499.0
1782444910,5,POST,/cart [add item abuse],1.100000,0.000000,4,5,5,5,5,7,7,7,7,7,7,249,0,4,5.501471486047329,3.286799998022616,48.79810000420548,0.0
1782444910,5,GET,/cart [view abuse],1.100000,0.000000,6,7,7,7,7,8,8,8,8,8,8,249,0,6,6.1855036146150075,5.04229999933159,10.69419999839738,14659.0
1782444910,5,POST,/cart/checkout [abuse],1.100000,0.000000,10,10,11,11,11,13,13,13,13,13,13,249,0,10,11.56710120439637,8.617400002549402,56.25980000331765,5004.0
1782444910,5,GET,/product/[id] [checkout abuse],1.100000,0.000000,6,7,7,7,7,8,8,8,8,8,8,249,0,6,6.367169477820002,4.621899999619927,9.509399998933077,5865.0
1782444910,5,,Aggregated,4.400000,0.000000,6,7,9,9,10,11,13,13,13,13,13,1001,0,6,17.662838661272325,3.286799998022616,2074.117500000284,6402.564435564435
1782444911,5,GET,/ [checkout abuse session],0.000000,0.000000,0,0,0,0,0,0,0,0,0,0,0,5,0,2074.117500000284,2060.96225999936,2047.1870999972452,2074.117500000284,10499.0
1782444911,5,POST,/cart [add item abuse],1.400000,0.000000,4,4,5,5,5,7,7,7,7,7,7,251,0,4,5.486290039944757,3.286799998022616,48.79810000420548,0.0
1782444911,5,GET,/cart [view abuse],1.400000,0.000000,6,6,7,7,7,8,8,8,8,8,8,251,0,6,6.179327490203597,5.04229999933159,10.69419999839738,14659.0
1782444911,5,POST,/cart/checkout [abuse],1.400000,0.000000,10,10,11,11,11,13,13,13,13,13,13,251,0,10,11.545086852167,8.617400002549402,56.25980000331765,5004.0
1782444911,5,GET,/product/[id] [checkout abuse],1.400000,0.000000,6,6,7,7,7,8,8,8,8,8,8,251,0,6,6.367463346552642,4.621899999619927,9.509399998933077,5865.0
1782444911,5,,Aggregated,5.600000,0.000000,6,7,9,9,10,11,13,13,13,13,13,1009,0,6,17.57079425167757,3.286799998022616,2074.117500000284,6402.401387512388
1782444912,5,GET,/ [checkout abuse session],0.000000,0.000000,0,0,0,0,0,0,0,0,0,0,0,5,0,2074.117500000284,2060.96225999936,2047.1870999972452,2074.117500000284,10499.0
1782444912,5,POST,/cart [add item abuse],1.100000,0.000000,4,4,4,5,5,7,7,7,7,7,7,253,0,4,5.472467193756622,3.286799998022616,48.79810000420548,0.0
1782444912,5,GET,/cart [view abuse],1.100000,0.000000,6,6,6,7,7,7,7,7,7,7,7,253,0,6,6.1732600792196095,5.04229999933159,10.69419999839738,14659.0
1782444912,5,POST,/cart/checkout [abuse],1.100000,0.000000,9,10,10,11,11,13,13,13,13,13,13,253,0,10,11.527935177424377,8.617400002549402,56.25980000331765,5004.0
1782444912,5,GET,/product/[id] [checkout abuse],1.100000,0.000000,6,7,7,7,8,8,8,8,8,8,8,253,0,6,6.381454940652015,4.621899999619927,9.509399998933077,5865.0
1782444912,5,,Aggregated,4.400000,0.000000,6,7,9,9,10,11,11,13,13,13,13,1017,0,6,17.485010816060093,3.286799998022616,2074.117500000284,6402.240904621435
1782444913,5,GET,/ [checkout abuse session],0.000000,0.000000,0,0,0,0,0,0,0,0,0,0,0,5,0,2074.117500000284,2060.96225999936,2047.1870999972452,2074.117500000284,10499.0
1782444913,5,POST,/cart [add item abuse],1.100000,0.000000,4,4,4,4,5,7,7,7,7,7,7,253,0,4,5.472467193756622,3.286799998022616,48.79810000420548,0.0
1782444913,5,GET,/cart [view abuse],1.100000,0.000000,5,6,6,6,6,7,7,7,7,7,7,253,0,6,6.1732600792196095,5.04229999933159,10.69419999839738,14659.0
1782444913,5,POST,/cart/checkout [abuse],1.100000,0.000000,9,10,10,10,11,11,11,11,11,11,11,253,0,10,11.527935177424377,8.617400002549402,56.25980000331765,5004.0
1782444913,5,GET,/product/[id] [checkout abuse],1.100000,0.000000,6,7,7,7,8,8,8,8,8,8,8,253,0,6,6.381454940652015,4.621899999619927,9.509399998933077,5865.0
1782444913,5,,Aggregated,4.400000,0.000000,6,7,9,9,9,10,11,11,11,11,11,1017,0,6,17.485010816060093,3.286799998022616,2074.117500000284,6402.240904621435
1782444914,5,GET,/ [checkout abuse session],0.000000,0.000000,0,0,0,0,0,0,0,0,0,0,0,5,0,2074.117500000284,2060.96225999936,2047.1870999972452,2074.117500000284,10499.0
1782444914,5,POST,/cart [add item abuse],1.300000,0.000000,4,4,5,5,7,47,47,47,47,47,47,255,0,4,5.631232941289222,3.286799998022616,48.79810000420548,0.0
1782444914,5,GET,/cart [view abuse],1.300000,0.000000,6,6,6,6,7,7,7,7,7,7,7,255,0,6,6.17636705899392,5.04229999933159,10.69419999839738,14659.0
1782444914,5,POST,/cart/checkout [abuse],1.300000,0.000000,9,10,10,11,11,11,11,11,11,11,11,255,0,10,11.515401960344866,8.617400002549402,56.25980000331765,5004.0
1782444914,5,GET,/product/[id] [checkout abuse],1.300000,0.000000,6,7,7,7,8,8,8,8,8,8,8,255,0,6,6.376199215603764,4.621899999619927,9.509399998933077,5865.0
1782444914,5,,Aggregated,5.200000,0.000000,6,7,9,9,10,11,11,47,47,47,47,1025,0,6,17.442056195059415,3.286799998022616,2074.117500000284,6402.082926829268
1782444915,5,GET,/ [checkout abuse session],0.000000,0.000000,0,0,0,0,0,0,0,0,0,0,0,5,0,2074.117500000284,2060.96225999936,2047.1870999972452,2074.117500000284,10499.0
1782444915,5,POST,/cart [add item abuse],1.300000,0.000000,4,4,5,5,5,47,47,47,47,47,47,256,0,4,5.622595312615886,3.286799998022616,48.79810000420548,0.0
1782444915,5,GET,/cart [view abuse],1.300000,0.000000,5,6,6,6,6,7,7,7,7,7,7,256,0,6,6.1734042970442715,5.04229999933159,10.69419999839738,14659.0
1782444915,5,POST,/cart/checkout [abuse],1.300000,0.000000,9,9,10,10,10,11,11,11,11,11,11,256,0,10,11.504026171451187,8.60320000356296,56.25980000331765,5004.0
1782444915,5,GET,/product/[id] [checkout abuse],1.300000,0.000000,6,7,7,7,8,8,8,8,8,8,8,256,0,6,6.376948437406327,4.621899999619927,9.509399998933077,5865.0
1782444915,5,,Aggregated,5.200000,0.000000,6,7,9,9,9,10,47,47,47,47,47,1029,0,6,17.397586686042104,3.286799998022616,2074.117500000284,6402.004859086492
1782444916,5,GET,/ [checkout abuse session],0.000000,0.000000,0,0,0,0,0,0,0,0,0,0,0,5,0,2074.117500000284,2060.96225999936,2047.1870999972452,2074.117500000284,10499.0
1782444916,5,POST,/cart [add item abuse],1.200000,0.000000,4,4,4,5,5,47,47,47,47,47,47,258,0,4,5.607250775317724,3.286799998022616,48.79810000420548,0.0
1782444916,5,GET,/cart [view abuse],1.200000,0.000000,5,6,6,6,6,7,7,7,7,7,7,258,0,6,6.168458914896834,5.04229999933159,10.69419999839738,14659.0
1782444916,5,POST,/cart/checkout [abuse],1.200000,0.000000,9,9,9,10,10,11,11,11,11,11,11,258,0,10,11.48134069723689,8.486399994581006,56.25980000331765,5004.0
1782444916,5,GET,/product/[id] [checkout abuse],1.200000,0.000000,6,7,7,7,8,8,8,8,8,8,8,258,0,6,6.378573643293163,4.621899999619927,9.509399998933077,5865.0
1782444916,5,,Aggregated,4.800000,0.000000,6,7,9,9,9,10,11,47,47,47,47,1037,0,6,17.310320443518716,3.286799998022616,2074.117500000284,6401.850530376085
1782444917,5,GET,/ [checkout abuse session],0.000000,0.000000,0,0,0,0,0,0,0,0,0,0,0,5,0,2074.117500000284,2060.96225999936,2047.1870999972452,2074.117500000284,10499.0
1782444917,5,POST,/cart [add item abuse],1.100000,0.000000,4,4,4,4,5,47,47,47,47,47,47,259,0,4,5.602936293551353,3.286799998022616,48.79810000420548,0.0
1782444917,5,GET,/cart [view abuse],1.100000,0.000000,6,6,6,6,7,7,7,7,7,7,7,259,0,6,6.16978803104775,5.04229999933159,10.69419999839738,14659.0
1782444917,5,POST,/cart/checkout [abuse],1.100000,0.000000,9,9,9,9,10,11,11,11,11,11,11,259,0,10,11.476325096091001,8.486399994581006,56.25980000331765,5004.0
1782444917,5,GET,/product/[id] [checkout abuse],1.100000,0.000000,6,7,7,7,8,8,8,8,8,8,8,259,0,6,6.37816138983332,4.621899999619927,9.509399998933077,5865.0
1782444917,5,,Aggregated,4.400000,0.000000,6,7,9,9,9,10,47,47,47,47,47,1041,0,6,17.27018146005991,3.286799998022616,2074.117500000284,6401.774255523535
1782444918,5,GET,/ [checkout abuse session],0.000000,0.000000,0,0,0,0,0,0,0,0,0,0,0,5,0,2074.117500000284,2060.96225999936,2047.1870999972452,2074.117500000284,10499.0
1782444918,5,POST,/cart [add item abuse],1.100000,0.000000,4,4,4,4,5,47,47,47,47,47,47,259,0,4,5.602936293551353,3.286799998022616,48.79810000420548,0.0
1782444918,5,GET,/cart [view abuse],1.100000,0.000000,6,6,6,6,7,7,7,7,7,7,7,259,0,6,6.16978803104775,5.04229999933159,10.69419999839738,14659.0
1782444918,5,POST,/cart/checkout [abuse],1.100000,0.000000,9,9,9,9,10,11,11,11,11,11,11,259,0,10,11.476325096091001,8.486399994581006,56.25980000331765,5004.0
1782444918,5,GET,/product/[id] [checkout abuse],1.100000,0.000000,6,7,7,7,8,8,8,8,8,8,8,259,0,6,6.37816138983332,4.621899999619927,9.509399998933077,5865.0
1782444918,5,,Aggregated,4.400000,0.000000,6,7,9,9,9,10,47,47,47,47,47,1041,0,6,17.27018146005991,3.286799998022616,2074.117500000284,6401.774255523535
1782444919,5,GET,/ [checkout abuse session],0.000000,0.000000,0,0,0,0,0,0,0,0,0,0,0,5,0,2074.117500000284,2060.96225999936,2047.1870999972452,2074.117500000284,10499.0
1782444919,5,POST,/cart [add item abuse],1.400000,0.000000,4,4,4,4,5,47,47,47,47,47,47,260,0,4,5.595306923183111,3.286799998022616,48.79810000420548,0.0
1782444919,5,GET,/cart [view abuse],1.400000,0.000000,6,6,6,6,7,7,7,7,7,7,7,260,0,6,6.1665050001465715,5.04229999933159,10.69419999839738,14659.0
1782444919,5,POST,/cart/checkout [abuse],1.400000,0.000000,9,9,10,10,10,11,11,11,11,11,11,260,0,10,11.470619230329667,8.486399994581006,56.25980000331765,5004.0
1782444919,5,GET,/product/[id] [checkout abuse],1.400000,0.000000,6,7,7,7,8,8,8,8,8,8,8,260,0,6,6.380296153712641,4.621899999619927,9.509399998933077,5865.0
1782444919,5,,Aggregated,5.600000,0.000000,6,7,9,9,9,10,47,47,47,47,47,1045,0,6,17.228823349199537,3.286799998022616,2074.117500000284,6401.698564593302
1782444920,5,GET,/ [checkout abuse session],0.000000,0.000000,0,0,0,0,0,0,0,0,0,0,0,5,0,2074.117500000284,2060.96225999936,2047.1870999972452,2074.117500000284,10499.0
1782444920,5,POST,/cart [add item abuse],1.100000,0.000000,4,4,4,4,5,47,47,47,47,47,47,263,0,4,5.57770494304924,3.286799998022616,48.79810000420548,0.0
1782444920,5,GET,/cart [view abuse],1.100000,0.000000,6,6,6,6,7,7,7,7,7,7,7,263,0,6,6.159754372747418,5.04229999933159,10.69419999839738,14659.0
1782444920,5,POST,/cart/checkout [abuse],1.100000,0.000000,9,10,10,10,11,53,53,53,53,53,53,263,0,10,11.612070722044216,8.486399994581006,56.25980000331765,5004.0
1782444920,5,GET,/product/[id] [checkout abuse],1.100000,0.000000,7,7,7,7,8,8,8,8,8,8,8,263,0,6,6.380874524573564,4.621899999619927,9.509399998933077,5865.0
1782444920,5,,Aggregated,4.400000,0.000000,6,7,9,9,10,11,47,53,53,53,53,1057,0,6,17.146554115337555,3.286799998022616,2074.117500000284,6401.474929044465
1782444921,5,GET,/ [checkout abuse session],0.000000,0.000000,0,0,0,0,0,0,0,0,0,0,0,5,0,2074.117500000284,2060.96225999936,2047.1870999972452,2074.117500000284,10499.0
1782444921,5,POST,/cart [add item abuse],1.100000,0.000000,4,4,4,4,5,47,47,47,47,47,47,263,0,4,5.57770494304924,3.286799998022616,48.79810000420548,0.0
1782444921,5,GET,/cart [view abuse],1.100000,0.000000,6,6,6,6,7,7,7,7,7,7,7,263,0,6,6.159754372747418,5.04229999933159,10.69419999839738,14659.0
1782444921,5,POST,/cart/checkout [abuse],1.100000,0.000000,9,10,10,10,11,53,53,53,53,53,53,263,0,10,11.612070722044216,8.486399994581006,56.25980000331765,5004.0
1782444921,5,GET,/product/[id] [checkout abuse],1.100000,0.000000,7,7,7,7,7,8,8,8,8,8,8,263,0,6,6.380874524573564,4.621899999619927,9.509399998933077,5865.0
1782444921,5,,Aggregated,4.400000,0.000000,6,7,9,9,10,11,53,53,53,53,53,1057,0,6,17.146554115337555,3.286799998022616,2074.117500000284,6401.474929044465
1782444922,5,GET,/ [checkout abuse session],0.000000,0.000000,0,0,0,0,0,0,0,0,0,0,0,5,0,2074.117500000284,2060.96225999936,2047.1870999972452,2074.117500000284,10499.0
1782444922,5,POST,/cart [add item abuse],1.300000,0.000000,4,4,4,4,5,47,47,47,47,47,47,264,0,4,5.5708257576759825,3.286799998022616,48.79810000420548,0.0
1782444922,5,GET,/cart [view abuse],1.300000,0.000000,6,6,6,6,7,7,7,7,7,7,7,264,0,6,6.157003409222825,5.04229999933159,10.69419999839738,14659.0
1782444922,5,POST,/cart/checkout [abuse],1.300000,0.000000,10,10,10,10,11,53,53,53,53,53,53,264,0,10,11.604356439006965,8.486399994581006,56.25980000331765,5004.0
1782444922,5,GET,/product/[id] [checkout abuse],1.300000,0.000000,6,7,7,7,7,7,7,7,7,7,7,264,0,6,6.380928030177364,4.621899999619927,9.509399998933077,5865.0
1782444922,5,,Aggregated,5.200000,0.000000,6,7,9,9,10,11,53,53,53,53,53,1061,0,6,17.10562987740127,3.286799998022616,2074.117500000284,6401.40150801131
1782444923,5,GET,/ [checkout abuse session],0.000000,0.000000,0,0,0,0,0,0,0,0,0,0,0,5,0,2074.117500000284,2060.96225999936,2047.1870999972452,2074.117500000284,10499.0
1782444923,5,POST,/cart [add item abuse],1.400000,0.000000,4,4,4,4,5,47,47,47,47,47,47,265,0,4,5.567152830272395,3.286799998022616,48.79810000420548,0.0
1782444923,5,GET,/cart [view abuse],1.400000,0.000000,6,6,6,6,7,7,7,7,7,7,7,265,0,6,6.161251698262586,5.04229999933159,10.69419999839738,14659.0
1782444923,5,POST,/cart/checkout [abuse],1.400000,0.000000,10,10,10,10,11,53,53,53,53,53,53,265,0,10,11.602766792051591,8.486399994581006,56.25980000331765,5004.0
1782444923,5,GET,/product/[id] [checkout abuse],1.400000,0.000000,7,7,7,7,7,7,7,7,7,7,7,266,0,6,6.38373233068295,4.621899999619927,9.509399998933077,5865.0
1782444923,5,,Aggregated,5.600000,0.000000,6,7,8,9,10,11,53,53,53,53,53,1066,0,6,17.059704033690345,3.286799998022616,2074.117500000284,6400.8255159474675
1782444924,5,GET,/ [checkout abuse session],0.000000,0.000000,0,0,0,0,0,0,0,0,0,0,0,5,0,2074.117500000284,2060.96225999936,2047.1870999972452,2074.117500000284,10499.0
1782444924,5,POST,/cart [add item abuse],1.100000,0.000000,4,4,4,5,5,48,48,48,48,48,48,268,0,4,5.715134701600999,3.286799998022616,48.79810000420548,0.0
1782444924,5,GET,/cart [view abuse],1.100000,0.000000,6,6,6,7,7,7,7,7,7,7,7,268,0,6,6.161269030015509,5.04229999933159,10.69419999839738,14659.0
1782444924,5,POST,/cart/checkout [abuse],1.100000,0.000000,10,10,10,10,11,53,53,53,53,53,53,268,0,10,11.58111604436543,8.486399994581006,56.25980000331765,5004.0
1782444924,5,GET,/product/[id] [checkout abuse],1.100000,0.000000,7,7,7,7,7,8,8,8,8,8,8,268,0,6,6.3867813431314255,4.621899999619927,9.509399998933077,5865.0
1782444924,5,,Aggregated,4.400000,0.000000,6,7,9,9,10,11,48,53,53,53,53,1077,0,6,16.99450696371326,3.286799998022616,2074.117500000284,6401.113277623027
1782444925,5,GET,/ [checkout abuse session],0.000000,0.000000,0,0,0,0,0,0,0,0,0,0,0,5,0,2074.117500000284,2060.96225999936,2047.1870999972452,2074.117500000284,10499.0
1782444925,5,POST,/cart [add item abuse],1.100000,0.000000,4,4,5,5,5,48,48,48,48,48,48,268,0,4,5.715134701600999,3.286799998022616,48.79810000420548,0.0
1782444925,5,GET,/cart [view abuse],1.100000,0.000000,6,6,7,7,7,7,7,7,7,7,7,268,0,6,6.161269030015509,5.04229999933159,10.69419999839738,14659.0
1782444925,5,POST,/cart/checkout [abuse],1.100000,0.000000,10,10,10,10,11,53,53,53,53,53,53,268,0,10,11.58111604436543,8.486399994581006,56.25980000331765,5004.0
1782444925,5,GET,/product/[id] [checkout abuse],1.100000,0.000000,7,7,7,7,7,8,8,8,8,8,8,268,0,6,6.3867813431314255,4.621899999619927,9.509399998933077,5865.0
1782444925,5,,Aggregated,4.400000,0.000000,6,7,9,9,10,11,53,53,53,53,53,1077,0,6,16.99450696371326,3.286799998022616,2074.117500000284,6401.113277623027
1782444926,5,GET,/ [checkout abuse session],0.000000,0.000000,0,0,0,0,0,0,0,0,0,0,0,5,0,2074.117500000284,2060.96225999936,2047.1870999972452,2074.117500000284,10499.0
1782444926,5,POST,/cart [add item abuse],1.100000,0.000000,4,4,5,5,5,48,48,48,48,48,48,269,0,4,5.706366171100052,3.286799998022616,48.79810000420548,0.0
1782444926,5,GET,/cart [view abuse],1.100000,0.000000,6,6,7,7,7,7,7,7,7,7,7,269,0,6,6.160125278973378,5.04229999933159,10.69419999839738,14659.0
1782444926,5,POST,/cart/checkout [abuse],1.100000,0.000000,10,10,10,10,11,53,53,53,53,53,53,269,0,10,11.575608178013528,8.486399994581006,56.25980000331765,5004.0
1782444926,5,GET,/product/[id] [checkout abuse],1.100000,0.000000,7,7,7,7,7,8,8,8,8,8,8,269,0,6,6.385124906901656,4.621899999619927,9.509399998933077,5865.0
1782444926,5,,Aggregated,4.400000,0.000000,6,7,9,10,10,11,53,53,53,53,53,1081,0,6,16.954981221007156,3.286799998022616,2074.117500000284,6401.04255319149
1782444927,5,GET,/ [checkout abuse session],0.000000,0.000000,0,0,0,0,0,0,0,0,0,0,0,5,0,2074.117500000284,2060.96225999936,2047.1870999972452,2074.117500000284,10499.0
1782444927,5,POST,/cart [add item abuse],1.300000,0.000000,4,4,4,5,5,48,48,48,48,48,48,271,0,4,5.692481918915989,3.286799998022616,48.79810000420548,0.0
1782444927,5,GET,/cart [view abuse],1.300000,0.000000,6,6,6,7,7,7,7,7,7,7,7,271,0,6,6.1548601477430545,5.04229999933159,10.69419999839738,14659.0
1782444927,5,POST,/cart/checkout [abuse],1.300000,0.000000,10,10,10,11,11,53,53,53,53,53,53,271,0,10,11.56262177077781,8.486399994581006,56.25980000331765,5004.0
1782444927,5,GET,/product/[id] [checkout abuse],1.300000,0.000000,6,7,7,7,7,8,8,8,8,8,8,271,0,6,6.382128413112807,4.621899999619927,9.509399998933077,5865.0
1782444927,5,,Aggregated,5.200000,0.000000,6,7,9,9,10,11,48,53,53,53,53,1089,0,6,16.876463085303726,3.286799998022616,2074.117500000284,6400.902662993572
1782444928,5,GET,/ [checkout abuse session],0.000000,0.000000,0,0,0,0,0,0,0,0,0,0,0,5,0,2074.117500000284,2060.96225999936,2047.1870999972452,2074.117500000284,10499.0
1782444928,5,POST,/cart [add item abuse],1.300000,0.000000,4,4,4,5,5,48,48,48,48,48,48,272,0,4,5.687186029503851,3.286799998022616,48.79810000420548,0.0
1782444928,5,GET,/cart [view abuse],1.300000,0.000000,6,6,6,6,7,7,7,7,7,7,7,272,0,6,6.153719117799697,5.04229999933159,10.69419999839738,14659.0
1782444928,5,POST,/cart/checkout [abuse],1.300000,0.000000,10,10,10,11,11,53,53,53,53,53,53,272,0,10,11.558231984856642,8.486399994581006,56.25980000331765,5004.0
1782444928,5,GET,/product/[id] [checkout abuse],1.300000,0.000000,6,7,7,7,7,8,8,8,8,8,8,272,0,6,6.3803474263027855,4.621899999619927,9.509399998933077,5865.0
1782444928,5,,Aggregated,5.200000,0.000000,6,7,9,9,10,11,48,53,53,53,53,1093,0,6,16.838820768434335,3.286799998022616,2074.117500000284,6400.833485818847
1782444929,5,GET,/ [checkout abuse session],0.000000,0.000000,0,0,0,0,0,0,0,0,0,0,0,5,0,2074.117500000284,2060.96225999936,2047.1870999972452,2074.117500000284,10499.0
1782444929,5,POST,/cart [add item abuse],1.300000,0.000000,4,4,5,5,5,48,48,48,48,48,48,273,0,4,5.6801472528338275,3.286799998022616,48.79810000420548,0.0
1782444929,5,GET,/cart [view abuse],1.300000,0.000000,6,6,7,7,7,7,7,7,7,7,7,273,0,6,6.157335164991289,5.04229999933159,10.69419999839738,14659.0
1782444929,5,POST,/cart/checkout [abuse],1.300000,0.000000,10,10,10,10,11,11,11,11,11,11,11,273,0,10,11.553802929957007,8.486399994581006,56.25980000331765,5004.0
1782444929,5,GET,/product/[id] [checkout abuse],1.300000,0.000000,6,7,7,7,7,8,8,8,8,8,8,273,0,6,6.377425640843844,4.621899999619927,9.509399998933077,5865.0
1782444929,5,,Aggregated,5.200000,0.000000,6,7,9,9,10,11,48,48,48,48,48,1097,0,6,16.801886417403544,3.286799998022616,2074.117500000284,6400.764813126709
1782444930,5,GET,/ [checkout abuse session],0.000000,0.000000,0,0,0,0,0,0,0,0,0,0,0,5,0,2074.117500000284,2060.96225999936,2047.1870999972452,2074.117500000284,10499.0
1782444930,5,POST,/cart [add item abuse],1.200000,0.000000,4,4,5,5,5,48,48,48,48,48,48,274,0,4,5.6751551095737875,3.286799998022616,48.79810000420548,0.0
1782444930,5,GET,/cart [view abuse],1.200000,0.000000,6,6,7,7,7,7,7,7,7,7,7,274,0,6,6.156479197219277,5.04229999933159,10.69419999839738,14659.0
1782444930,5,POST,/cart/checkout [abuse],1.200000,0.000000,10,10,10,10,11,11,11,11,11,11,11,274,0,10,11.54842153240958,8.486399994581006,56.25980000331765,5004.0
1782444930,5,GET,/product/[id] [checkout abuse],1.200000,0.000000,6,6,7,7,7,8,8,8,8,8,8,274,0,6,6.377577372072698,4.621899999619927,9.509399998933077,5865.0
1782444930,5,,Aggregated,4.800000,0.000000,6,7,9,9,10,11,48,48,48,48,48,1101,0,6,16.76512515884309,3.286799998022616,2074.117500000284,6400.69663941871
1782444931,5,GET,/ [checkout abuse session],0.000000,0.000000,0,0,0,0,0,0,0,0,0,0,0,5,0,2074.117500000284,2060.96225999936,2047.1870999972452,2074.117500000284,10499.0
1782444931,5,POST,/cart [add item abuse],1.400000,0.000000,4,4,5,5,5,48,48,48,48,48,48,275,0,4,5.668377454620151,3.286799998022616,48.79810000420548,0.0
1782444931,5,GET,/cart [view abuse],1.400000,0.000000,6,6,7,7,7,7,7,7,7,7,7,275,0,6,6.152644363782284,5.04229999933159,10.69419999839738,14659.0
1782444931,5,POST,/cart/checkout [abuse],1.400000,0.000000,10,10,10,10,11,11,11,11,11,11,11,275,0,10,11.538786908680446,8.486399994581006,56.25980000331765,5004.0
1782444931,5,GET,/product/[id] [checkout abuse],1.400000,0.000000,6,6,7,7,7,8,8,8,8,8,8,275,0,6,6.37429927253503,4.621899999619927,9.509399998933077,5865.0
1782444931,5,,Aggregated,5.600000,0.000000,6,7,9,9,10,11,48,48,48,48,48,1105,0,6,16.725512217096583,3.286799998022616,2074.117500000284,6400.628959276018
1782444932,5,GET,/ [checkout abuse session],0.000000,0.000000,0,0,0,0,0,0,0,0,0,0,0,5,0,2074.117500000284,2060.96225999936,2047.1870999972452,2074.117500000284,10499.0
1782444932,5,POST,/cart [add item abuse],1.100000,0.000000,4,4,5,5,6,48,48,48,48,48,48,277,0,4,5.659393140862718,3.286799998022616,48.79810000420548,0.0
1782444932,5,GET,/cart [view abuse],1.100000,0.000000,6,6,6,7,7,7,7,7,7,7,7,277,0,6,6.148024548870799,5.04229999933159,10.69419999839738,14659.0
1782444932,5,POST,/cart/checkout [abuse],1.100000,0.000000,10,10,10,10,11,11,11,11,11,11,11,277,0,10,11.519560649434595,8.486399994581006,56.25980000331765,5004.0
1782444932,5,GET,/product/[id] [checkout abuse],1.100000,0.000000,6,6,6,7,7,8,8,8,8,8,8,277,0,6,6.370822743490415,4.621899999619927,9.509399998933077,5865.0
1782444932,5,,Aggregated,4.400000,0.000000,6,7,9,9,10,11,11,48,48,48,48,1113,0,6,16.64968751113496,3.286799998022616,2074.117500000284,6400.495058400718
1782444933,5,GET,/ [checkout abuse session],0.000000,0.000000,0,0,0,0,0,0,0,0,0,0,0,5,0,2074.117500000284,2060.96225999936,2047.1870999972452,2074.117500000284,10499.0
1782444933,5,POST,/cart [add item abuse],1.100000,0.000000,4,4,4,4,4,6,6,6,6,6,6,278,0,4,5.651969784240928,3.286799998022616,48.79810000420548,0.0
1782444933,5,GET,/cart [view abuse],1.100000,0.000000,6,6,6,6,6,7,7,7,7,7,7,278,0,6,6.145268345462944,5.04229999933159,10.69419999839738,14659.0
1782444933,5,POST,/cart/checkout [abuse],1.100000,0.000000,9,10,10,10,10,11,11,11,11,11,11,278,0,10,11.510358273004359,8.486399994581006,56.25980000331765,5004.0
1782444933,5,GET,/product/[id] [checkout abuse],1.100000,0.000000,6,6,6,6,6,6,6,6,6,6,6,278,0,6,6.369580935059524,4.621899999619927,9.509399998933077,5865.0
1782444933,5,,Aggregated,4.400000,0.000000,6,6,9,9,10,10,11,11,11,11,11,1117,0,6,16.611518889790723,3.286799998022616,2074.117500000284,6400.428827215756
1782444934,5,GET,/ [checkout abuse session],0.000000,0.000000,0,0,0,0,0,0,0,0,0,0,0,5,0,2074.117500000284,2060.96225999936,2047.1870999972452,2074.117500000284,10499.0
1782444934,5,POST,/cart [add item abuse],1.100000,0.000000,4,4,4,4,6,6,6,6,6,6,6,278,0,4,5.651969784240928,3.286799998022616,48.79810000420548,0.0
1782444934,5,GET,/cart [view abuse],1.100000,0.000000,6,6,6,6,7,7,7,7,7,7,7,278,0,6,6.145268345462944,5.04229999933159,10.69419999839738,14659.0
1782444934,5,POST,/cart/checkout [abuse],1.100000,0.000000,10,10,10,10,11,11,11,11,11,11,11,278,0,10,11.510358273004359,8.486399994581006,56.25980000331765,5004.0
1782444934,5,GET,/product/[id] [checkout abuse],1.100000,0.000000,6,6,6,6,6,6,6,6,6,6,6,278,0,6,6.369580935059524,4.621899999619927,9.509399998933077,5865.0
1782444934,5,,Aggregated,4.400000,0.000000,6,6,9,9,10,10,11,11,11,11,11,1117,0,6,16.611518889790723,3.286799998022616,2074.117500000284,6400.428827215756
1782444935,5,GET,/ [checkout abuse session],0.000000,0.000000,0,0,0,0,0,0,0,0,0,0,0,5,0,2074.117500000284,2060.96225999936,2047.1870999972452,2074.117500000284,10499.0
1782444935,5,POST,/cart [add item abuse],1.400000,0.000000,4,4,4,4,4,6,6,6,6,6,6,281,0,4,5.634674021435216,3.286799998022616,48.79810000420548,0.0
1782444935,5,GET,/cart [view abuse],1.400000,0.000000,6,6,7,7,7,7,7,7,7,7,7,281,0,6,6.150526690553274,5.04229999933159,10.69419999839738,14659.0
1782444935,5,POST,/cart/checkout [abuse],1.400000,0.000000,10,10,11,11,11,12,12,12,12,12,12,281,0,10,11.50485409215632,8.486399994581006,56.25980000331765,5004.0
1782444935,5,GET,/product/[id] [checkout abuse],1.400000,0.000000,6,6,6,6,6,7,7,7,7,7,7,281,0,6,6.371866547851823,4.621899999619927,9.509399998933077,5865.0
1782444935,5,,Aggregated,5.600000,0.000000,6,6,9,9,10,11,12,12,12,12,12,1129,0,6,16.510018777597743,3.286799998022616,2074.117500000284,6400.232949512843
1782444936,5,GET,/ [checkout abuse session],0.000000,0.000000,0,0,0,0,0,0,0,0,0,0,0,5,0,2074.117500000284,2060.96225999936,2047.1870999972452,2074.117500000284,10499.0
1782444936,5,POST,/cart [add item abuse],1.100000,0.000000,4,4,4,5,6,48,48,48,48,48,48,283,0,4,5.779222968264191,3.286799998022616,48.79810000420548,0.0
1782444936,5,GET,/cart [view abuse],1.100000,0.000000,6,6,7,7,7,7,7,7,7,7,7,283,0,6,6.152035335855075,5.04229999933159,10.69419999839738,14659.0
1782444936,5,POST,/cart/checkout [abuse],1.100000,0.000000,10,10,10,10,11,12,12,12,12,12,12,283,0,10,11.492067490781077,8.486399994581006,56.25980000331765,5004.0
1782444936,5,GET,/product/[id] [checkout abuse],1.100000,0.000000,6,6,6,7,7,8,8,8,8,8,8,283,0,6,6.380970671163319,4.621899999619927,9.509399998933077,5865.0
1782444936,5,,Aggregated,4.400000,0.000000,6,7,9,9,10,11,12,48,48,48,48,1137,0,6,16.481466314769406,3.286799998022616,2074.117500000284,6400.1046613896215
1782444937,5,GET,/ [checkout abuse session],0.000000,0.000000,0,0,0,0,0,0,0,0,0,0,0,5,0,2074.117500000284,2060.96225999936,2047.1870999972452,2074.117500000284,10499.0
1782444937,5,POST,/cart [add item abuse],1.100000,0.000000,4,4,5,5,6,48,48,48,48,48,48,283,0,4,5.779222968264191,3.286799998022616,48.79810000420548,0.0
1782444937,5,GET,/cart [view abuse],1.100000,0.000000,6,6,7,7,7,7,7,7,7,7,7,283,0,6,6.152035335855075,5.04229999933159,10.69419999839738,14659.0
1782444937,5,POST,/cart/checkout [abuse],1.100000,0.000000,10,10,10,10,11,12,12,12,12,12,12,283,0,10,11.492067490781077,8.486399994581006,56.25980000331765,5004.0
1782444937,5,GET,/product/[id] [checkout abuse],1.100000,0.000000,6,6,7,7,7,8,8,8,8,8,8,283,0,6,6.380970671163319,4.621899999619927,9.509399998933077,5865.0
1782444937,5,,Aggregated,4.400000,0.000000,6,7,9,9,10,11,48,48,48,48,48,1137,0,6,16.481466314769406,3.286799998022616,2074.117500000284,6400.1046613896215
1782444938,5,GET,/ [checkout abuse session],0.000000,0.000000,0,0,0,0,0,0,0,0,0,0,0,5,0,2074.117500000284,2060.96225999936,2047.1870999972452,2074.117500000284,10499.0
1782444938,5,POST,/cart [add item abuse],1.100000,0.000000,4,4,5,5,6,48,48,48,48,48,48,283,0,4,5.779222968264191,3.286799998022616,48.79810000420548,0.0
1782444938,5,GET,/cart [view abuse],1.100000,0.000000,6,6,7,7,7,7,7,7,7,7,7,283,0,6,6.152035335855075,5.04229999933159,10.69419999839738,14659.0
1782444938,5,POST,/cart/checkout [abuse],1.100000,0.000000,10,10,10,10,11,12,12,12,12,12,12,283,0,10,11.492067490781077,8.486399994581006,56.25980000331765,5004.0
1782444938,5,GET,/product/[id] [checkout abuse],1.100000,0.000000,6,6,7,7,7,8,8,8,8,8,8,283,0,6,6.380970671163319,4.621899999619927,9.509399998933077,5865.0
1782444938,5,,Aggregated,4.400000,0.000000,6,7,9,9,10,11,48,48,48,48,48,1137,0,6,16.481466314769406,3.286799998022616,2074.117500000284,6400.1046613896215
1782444939,5,GET,/ [checkout abuse session],0.000000,0.000000,0,0,0,0,0,0,0,0,0,0,0,5,0,2074.117500000284,2060.96225999936,2047.1870999972452,2074.117500000284,10499.0
1782444939,5,POST,/cart [add item abuse],1.300000,0.000000,4,4,5,5,6,48,48,48,48,48,48,285,0,4,5.764538245689198,3.286799998022616,48.79810000420548,0.0
1782444939,5,GET,/cart [view abuse],1.300000,0.000000,6,6,7,7,7,7,7,7,7,7,7,285,0,6,6.150466666823425,5.04229999933159,10.69419999839738,14659.0
1782444939,5,POST,/cart/checkout [abuse],1.300000,0.000000,10,10,10,10,11,12,12,12,12,12,12,285,0,10,11.480184561004167,8.486399994581006,56.25980000331765,5004.0
1782444939,5,GET,/product/[id] [checkout abuse],1.300000,0.000000,6,6,7,7,7,8,8,8,8,8,8,285,0,6,6.380032631364373,4.621899999619927,9.509399998933077,5865.0
1782444939,5,,Aggregated,5.200000,0.000000,6,7,9,9,10,11,48,48,48,48,48,1145,0,6,16.411135021736186,3.286799998022616,2074.117500000284,6399.978165938865
1782444940,5,GET,/ [checkout abuse session],0.000000,0.000000,0,0,0,0,0,0,0,0,0,0,0,5,0,2074.117500000284,2060.96225999936,2047.1870999972452,2074.117500000284,10499.0
1782444940,5,POST,/cart [add item abuse],1.200000,0.000000,4,4,4,5,6,48,48,48,48,48,48,288,0,4,5.745168402856709,3.286799998022616,48.79810000420548,0.0
1782444940,5,GET,/cart [view abuse],1.200000,0.000000,6,6,6,7,7,7,7,7,7,7,7,288,0,6,6.1472940973696195,5.04229999933159,10.69419999839738,14659.0
1782444940,5,POST,/cart/checkout [abuse],1.200000,0.000000,10,10,10,11,12,52,52,52,52,52,52,288,0,10,11.608509027408015,8.486399994581006,56.25980000331765,5004.0
1782444940,5,GET,/product/[id] [checkout abuse],1.200000,0.000000,6,7,7,7,7,8,8,8,8,8,8,288,0,6,6.384394444214397,4.621899999619927,9.509399998933077,5865.0
1782444940,5,,Aggregated,4.800000,0.000000,6,7,9,9,10,12,48,52,52,52,52,1157,0,6,16.345545980889575,3.286799998022616,2074.117500000284,6399.791702679343
1782444941,5,GET,/ [checkout abuse session],0.000000,0.000000,0,0,0,0,0,0,0,0,0,0,0,5,0,2074.117500000284,2060.96225999936,2047.1870999972452,2074.117500000284,10499.0
1782444941,5,POST,/cart [add item abuse],1.200000,0.000000,4,4,4,5,6,48,48,48,48,48,48,288,0,4,5.745168402856709,3.286799998022616,48.79810000420548,0.0
1782444941,5,GET,/cart [view abuse],1.200000,0.000000,6,6,6,7,7,7,7,7,7,7,7,288,0,6,6.1472940973696195,5.04229999933159,10.69419999839738,14659.0
1782444941,5,POST,/cart/checkout [abuse],1.200000,0.000000,10,10,10,11,12,52,52,52,52,52,52,288,0,10,11.608509027408015,8.486399994581006,56.25980000331765,5004.0
1782444941,5,GET,/product/[id] [checkout abuse],1.200000,0.000000,6,7,7,7,7,8,8,8,8,8,8,288,0,6,6.384394444214397,4.621899999619927,9.509399998933077,5865.0
1782444941,5,,Aggregated,4.800000,0.000000,6,7,9,9,10,12,48,52,52,52,52,1157,0,6,16.345545980889575,3.286799998022616,2074.117500000284,6399.791702679343
1782444942,5,GET,/ [checkout abuse session],0.000000,0.000000,0,0,0,0,0,0,0,0,0,0,0,5,0,2074.117500000284,2060.96225999936,2047.1870999972452,2074.117500000284,10499.0
1782444942,5,POST,/cart [add item abuse],1.200000,0.000000,4,4,4,5,6,48,48,48,48,48,48,288,0,4,5.745168402856709,3.286799998022616,48.79810000420548,0.0
1782444942,5,GET,/cart [view abuse],1.200000,0.000000,6,6,6,7,7,7,7,7,7,7,7,288,0,6,6.1472940973696195,5.04229999933159,10.69419999839738,14659.0
1782444942,5,POST,/cart/checkout [abuse],1.200000,0.000000,10,10,10,11,12,52,52,52,52,52,52,288,0,10,11.608509027408015,8.486399994581006,56.25980000331765,5004.0
1782444942,5,GET,/product/[id] [checkout abuse],1.200000,0.000000,6,7,7,7,7,8,8,8,8,8,8,288,0,6,6.384394444214397,4.621899999619927,9.509399998933077,5865.0
1782444942,5,,Aggregated,4.800000,0.000000,6,7,9,9,10,12,48,52,52,52,52,1157,0,6,16.345545980889575,3.286799998022616,2074.117500000284,6399.791702679343
1782444943,5,GET,/ [checkout abuse session],0.000000,0.000000,0,0,0,0,0,0,0,0,0,0,0,5,0,2074.117500000284,2060.96225999936,2047.1870999972452,2074.117500000284,10499.0
1782444943,5,POST,/cart [add item abuse],1.400000,0.000000,4,4,4,5,5,48,48,48,48,48,48,291,0,4,5.731052577387961,3.286799998022616,48.79810000420548,0.0
1782444943,5,GET,/cart [view abuse],1.400000,0.000000,6,6,7,7,7,8,8,8,8,8,8,291,0,6,6.153812371330381,5.04229999933159,10.69419999839738,14659.0
1782444943,5,POST,/cart/checkout [abuse],1.400000,0.000000,10,10,11,12,14,52,52,52,52,52,52,291,0,10,11.604604467007897,8.486399994581006,56.25980000331765,5004.0
1782444943,5,GET,/product/[id] [checkout abuse],1.400000,0.000000,7,7,7,7,7,8,8,8,8,8,8,291,0,6,6.3832577317103,4.621899999619927,9.509399998933077,5865.0
1782444943,5,,Aggregated,5.600000,0.000000,6,7,9,10,10,14,48,52,52,52,52,1169,0,6,16.251304448161534,3.286799998022616,2074.117500000284,6399.609067579127
1782444944,5,GET,/ [checkout abuse session],0.000000,0.000000,0,0,0,0,0,0,0,0,0,0,0,5,0,2074.117500000284,2060.96225999936,2047.1870999972452,2074.117500000284,10499.0
1782444944,5,POST,/cart [add item abuse],1.300000,0.000000,4,4,5,5,5,48,48,48,48,48,48,293,0,4,5.722371672436876,3.286799998022616,48.79810000420548,0.0
1782444944,5,GET,/cart [view abuse],1.300000,0.000000,6,6,6,7,7,8,8,8,8,8,8,293,0,6,6.152079181077949,5.04229999933159,10.69419999839738,14659.0
1782444944,5,POST,/cart/checkout [abuse],1.300000,0.000000,10,10,10,12,14,52,52,52,52,52,52,293,0,10,11.593651194182032,8.486399994581006,56.25980000331765,5004.0
1782444944,5,GET,/product/[id] [checkout abuse],1.300000,0.000000,7,7,7,7,7,8,8,8,8,8,8,293,0,6,6.3819211601548265,4.621899999619927,9.509399998933077,5865.0
1782444944,5,,Aggregated,5.200000,0.000000,6,7,9,10,10,14,48,52,52,52,52,1177,0,6,16.185954205520257,3.286799998022616,2074.117500000284,6399.489379779099
1782444945,5,GET,/ [checkout abuse session],0.000000,0.000000,0,0,0,0,0,0,0,0,0,0,0,5,0,2074.117500000284,2060.96225999936,2047.1870999972452,2074.117500000284,10499.0
1782444945,5,POST,/cart [add item abuse],1.300000,0.000000,4,4,5,5,5,48,48,48,48,48,48,293,0,4,5.722371672436876,3.286799998022616,48.79810000420548,0.0
1782444945,5,GET,/cart [view abuse],1.300000,0.000000,6,6,6,6,7,8,8,8,8,8,8,293,0,6,6.152079181077949,5.04229999933159,10.69419999839738,14659.0
1782444945,5,POST,/cart/checkout [abuse],1.300000,0.000000,10,10,10,10,14,52,52,52,52,52,52,293,0,10,11.593651194182032,8.486399994581006,56.25980000331765,5004.0
1782444945,5,GET,/product/[id] [checkout abuse],1.300000,0.000000,7,7,7,7,7,8,8,8,8,8,8,293,0,6,6.3819211601548265,4.621899999619927,9.509399998933077,5865.0
1782444945,5,,Aggregated,5.200000,0.000000,6,7,9,10,10,14,52,52,52,52,52,1177,0,6,16.185954205520257,3.286799998022616,2074.117500000284,6399.489379779099
1782444946,5,GET,/ [checkout abuse session],0.000000,0.000000,0,0,0,0,0,0,0,0,0,0,0,5,0,2074.117500000284,2060.96225999936,2047.1870999972452,2074.117500000284,10499.0
1782444946,5,POST,/cart [add item abuse],1.300000,0.000000,4,4,5,5,5,48,48,48,48,48,48,293,0,4,5.722371672436876,3.286799998022616,48.79810000420548,0.0
1782444946,5,GET,/cart [view abuse],1.300000,0.000000,6,6,6,6,7,8,8,8,8,8,8,293,0,6,6.152079181077949,5.04229999933159,10.69419999839738,14659.0
1782444946,5,POST,/cart/checkout [abuse],1.300000,0.000000,10,10,10,10,14,52,52,52,52,52,52,293,0,10,11.593651194182032,8.486399994581006,56.25980000331765,5004.0
1782444946,5,GET,/product/[id] [checkout abuse],1.300000,0.000000,7,7,7,7,7,8,8,8,8,8,8,293,0,6,6.3819211601548265,4.621899999619927,9.509399998933077,5865.0
1782444946,5,,Aggregated,5.200000,0.000000,6,7,9,10,10,14,52,52,52,52,52,1177,0,6,16.185954205520257,3.286799998022616,2074.117500000284,6399.489379779099
1782444947,5,GET,/ [checkout abuse session],0.000000,0.000000,0,0,0,0,0,0,0,0,0,0,0,5,0,2074.117500000284,2060.96225999936,2047.1870999972452,2074.117500000284,10499.0
1782444947,5,POST,/cart [add item abuse],1.400000,0.000000,4,4,4,4,5,5,5,5,5,5,5,296,0,4,5.703216554114054,3.286799998022616,48.79810000420548,0.0
1782444947,5,GET,/cart [view abuse],1.400000,0.000000,6,6,6,6,6,8,8,8,8,8,8,296,0,6,6.148531756947262,5.04229999933159,10.69419999839738,14659.0
1782444947,5,POST,/cart/checkout [abuse],1.400000,0.000000,10,10,10,11,14,52,52,52,52,52,52,296,0,10,11.582372634768182,8.486399994581006,56.25980000331765,5004.0
1782444947,5,GET,/product/[id] [checkout abuse],1.400000,0.000000,6,7,7,7,7,7,7,7,7,7,7,296,0,6,6.3811908781349915,4.621899999619927,9.509399998933077,5865.0
1782444947,5,,Aggregated,5.600000,0.000000,6,7,9,10,10,11,14,52,52,52,52,1189,0,6,16.08927132034507,3.286799998022616,2074.117500000284,6399.312867956266
1782444948,5,GET,/ [checkout abuse session],0.000000,0.000000,0,0,0,0,0,0,0,0,0,0,0,5,0,2074.117500000284,2060.96225999936,2047.1870999972452,2074.117500000284,10499.0
1782444948,5,POST,/cart [add item abuse],1.200000,0.000000,4,4,4,4,5,5,5,5,5,5,5,298,0,4,5.690977181270468,3.286799998022616,48.79810000420548,0.0
1782444948,5,GET,/cart [view abuse],1.200000,0.000000,6,6,6,6,6,8,8,8,8,8,8,298,0,6,6.14823590625283,5.04229999933159,10.69419999839738,14659.0
1782444948,5,POST,/cart/checkout [abuse],1.200000,0.000000,10,10,10,11,14,52,52,52,52,52,52,298,0,10,11.567131543244686,8.486399994581006,56.25980000331765,5004.0
1782444948,5,GET,/product/[id] [checkout abuse],1.200000,0.000000,6,7,7,7,7,7,7,7,7,7,7,298,0,6,6.382458389056191,4.621899999619927,9.509399998933077,5865.0
1782444948,5,,Aggregated,4.800000,0.000000,6,7,9,9,10,11,14,52,52,52,52,1197,0,6,16.02495789465698,3.286799998022616,2074.117500000284,6399.1971595655805
1782444949,5,GET,/ [checkout abuse session],0.000000,0.000000,0,0,0,0,0,0,0,0,0,0,0,5,0,2074.117500000284,2060.96225999936,2047.1870999972452,2074.117500000284,10499.0
1782444949,5,POST,/cart [add item abuse],1.200000,0.000000,4,4,4,4,5,5,5,5,5,5,5,298,0,4,5.690977181270468,3.286799998022616,48.79810000420548,0.0
1782444949,5,GET,/cart [view abuse],1.200000,0.000000,6,6,6,6,6,8,8,8,8,8,8,298,0,6,6.14823590625283,5.04229999933159,10.69419999839738,14659.0
1782444949,5,POST,/cart/checkout [abuse],1.200000,0.000000,10,10,10,10,11,14,14,14,14,14,14,298,0,10,11.567131543244686,8.486399994581006,56.25980000331765,5004.0
1782444949,5,GET,/product/[id] [checkout abuse],1.200000,0.000000,6,7,7,7,7,7,7,7,7,7,7,298,0,6,6.382458389056191,4.621899999619927,9.509399998933077,5865.0
1782444949,5,,Aggregated,4.800000,0.000000,6,7,9,9,10,10,14,14,14,14,14,1197,0,6,16.02495789465698,3.286799998022616,2074.117500000284,6399.1971595655805
1782444950,5,GET,/ [checkout abuse session],0.000000,0.000000,0,0,0,0,0,0,0,0,0,0,0,5,0,2074.117500000284,2060.96225999936,2047.1870999972452,2074.117500000284,10499.0
1782444950,5,POST,/cart [add item abuse],1.300000,0.000000,4,4,4,5,5,48,48,48,48,48,48,299,0,4,5.831094983322538,3.286799998022616,48.79810000420548,0.0
1782444950,5,GET,/cart [view abuse],1.300000,0.000000,6,6,6,6,7,8,8,8,8,8,8,299,0,6,6.149550167449289,5.04229999933159,10.69419999839738,14659.0
1782444950,5,POST,/cart/checkout [abuse],1.300000,0.000000,10,10,10,10,11,14,14,14,14,14,14,299,0,10,11.559117056490125,8.486399994581006,56.25980000331765,5004.0
1782444950,5,GET,/product/[id] [checkout abuse],1.300000,0.000000,6,7,7,7,7,7,7,7,7,7,7,299,0,6,6.3811672238851465,4.621899999619927,9.509399998933077,5865.0
1782444950,5,,Aggregated,5.200000,0.000000,6,7,9,9,10,11,14,48,48,48,48,1201,0,6,16.02928326387159,3.286799998022616,2074.117500000284,6399.139883430475
1782444951,5,GET,/ [checkout abuse session],0.000000,0.000000,0,0,0,0,0,0,0,0,0,0,0,5,0,2074.117500000284,2060.96225999936,2047.1870999972452,2074.117500000284,10499.0
1782444951,5,POST,/cart [add item abuse],1.300000,0.000000,4,4,5,5,5,48,48,48,48,48,48,300,0,4,5.824477000060142,3.286799998022616,48.79810000420548,0.0
1782444951,5,GET,/cart [view abuse],1.300000,0.000000,6,6,6,6,7,8,8,8,8,8,8,300,0,6,6.146807666882523,5.04229999933159,10.69419999839738,14659.0
1782444951,5,POST,/cart/checkout [abuse],1.300000,0.000000,10,10,10,10,11,14,14,14,14,14,14,300,0,10,11.549284666301295,8.486399994581006,56.25980000331765,5004.0
1782444951,5,GET,/product/[id] [checkout abuse],1.300000,0.000000,6,6,7,7,7,7,7,7,7,7,7,300,0,6,6.382396999809619,4.621899999619927,9.509399998933077,5865.0
1782444951,5,,Aggregated,5.200000,0.000000,6,7,9,9,10,11,48,48,48,48,48,1205,0,6,15.996432531048027,3.286799998022616,2074.117500000284,6399.0829875518675
1782444952,5,GET,/ [checkout abuse session],0.000000,0.000000,0,0,0,0,0,0,0,0,0,0,0,5,0,2074.117500000284,2060.96225999936,2047.1870999972452,2074.117500000284,10499.0
1782444952,5,POST,/cart [add item abuse],1.200000,0.000000,4,4,4,5,5,48,48,48,48,48,48,302,0,4,5.809922847744164,3.286799998022616,48.79810000420548,0.0
1782444952,5,GET,/cart [view abuse],1.200000,0.000000,6,6,6,6,7,8,8,8,8,8,8,302,0,6,6.141785761790152,5.04229999933159,10.69419999839738,14659.0
1782444952,5,POST,/cart/checkout [abuse],1.200000,0.000000,10,10,10,11,11,14,14,14,14,14,14,302,0,10,11.543081456585055,8.486399994581006,56.25980000331765,5004.0
1782444952,5,GET,/product/[id] [checkout abuse],1.200000,0.000000,6,6,7,7,7,7,7,7,7,7,7,302,0,6,6.381252979922736,4.621899999619927,9.509399998933077,5865.0
1782444952,5,,Aggregated,4.800000,0.000000,6,7,9,9,10,11,14,48,48,48,48,1213,0,6,15.933533635532989,3.286799998022616,2074.117500000284,6398.9703215169
1782444953,5,GET,/ [checkout abuse session],0.000000,0.000000,0,0,0,0,0,0,0,0,0,0,0,5,0,2074.117500000284,2060.96225999936,2047.1870999972452,2074.117500000284,10499.0
1782444953,5,POST,/cart [add item abuse],1.200000,0.000000,4,4,4,4,5,48,48,48,48,48,48,303,0,4,5.803495049566913,3.286799998022616,48.79810000420548,0.0
1782444953,5,GET,/cart [view abuse],1.200000,0.000000,6,6,6,6,6,7,7,7,7,7,7,303,0,6,6.142774587661364,5.04229999933159,10.69419999839738,14659.0
1782444953,5,POST,/cart/checkout [abuse],1.200000,0.000000,10,10,10,10,11,11,11,11,11,11,11,303,0,10,11.536869306570471,8.486399994581006,56.25980000331765,5004.0
1782444953,5,GET,/product/[id] [checkout abuse],1.200000,0.000000,6,6,7,7,7,7,7,7,7,7,7,303,0,6,6.380581187889043,4.621899999619927,9.509399998933077,5865.0
1782444953,5,,Aggregated,4.800000,0.000000,6,7,9,9,10,11,48,48,48,48,48,1217,0,6,15.902644617829253,3.286799998022616,2074.117500000284,6398.914543960559
1782444954,5,GET,/ [checkout abuse session],0.000000,0.000000,0,0,0,0,0,0,0,0,0,0,0,5,0,2074.117500000284,2060.96225999936,2047.1870999972452,2074.117500000284,10499.0
1782444954,5,POST,/cart [add item abuse],1.200000,0.000000,4,4,4,4,5,48,48,48,48,48,48,305,0,4,5.791262950897064,3.286799998022616,48.79810000420548,0.0
1782444954,5,GET,/cart [view abuse],1.200000,0.000000,6,6,6,6,6,7,7,7,7,7,7,305,0,6,6.141264590345987,5.04229999933159,10.69419999839738,14659.0
1782444954,5,POST,/cart/checkout [abuse],1.200000,0.000000,10,10,10,10,11,11,11,11,11,11,11,305,0,10,11.52152032751235,8.486399994581006,56.25980000331765,5004.0
1782444954,5,GET,/product/[id] [checkout abuse],1.200000,0.000000,6,6,6,7,7,7,7,7,7,7,7,305,0,6,6.379163278468129,4.621899999619927,9.509399998933077,5865.0
1782444954,5,,Aggregated,4.800000,0.000000,6,7,9,9,10,11,11,48,48,48,48,1225,0,6,15.839951591755083,3.286799998022616,2074.117500000284,6398.804081632653
1782444955,5,GET,/ [checkout abuse session],0.000000,0.000000,0,0,0,0,0,0,0,0,0,0,0,5,0,2074.117500000284,2060.96225999936,2047.1870999972452,2074.117500000284,10499.0
1782444955,5,POST,/cart [add item abuse],1.200000,0.000000,4,4,4,4,4,48,48,48,48,48,48,305,0,4,5.791262950897064,3.286799998022616,48.79810000420548,0.0
1782444955,5,GET,/cart [view abuse],1.200000,0.000000,6,6,6,6,6,7,7,7,7,7,7,305,0,6,6.141264590345987,5.04229999933159,10.69419999839738,14659.0
1782444955,5,POST,/cart/checkout [abuse],1.200000,0.000000,10,10,10,10,11,11,11,11,11,11,11,305,0,10,11.52152032751235,8.486399994581006,56.25980000331765,5004.0
1782444955,5,GET,/product/[id] [checkout abuse],1.200000,0.000000,6,6,7,7,7,7,7,7,7,7,7,305,0,6,6.379163278468129,4.621899999619927,9.509399998933077,5865.0
1782444955,5,,Aggregated,4.800000,0.000000,6,7,9,9,10,11,48,48,48,48,48,1225,0,6,15.839951591755083,3.286799998022616,2074.117500000284,6398.804081632653
1782444956,5,GET,/ [checkout abuse session],0.000000,0.000000,0,0,0,0,0,0,0,0,0,0,0,5,0,2074.117500000284,2060.96225999936,2047.1870999972452,2074.117500000284,10499.0
1782444956,5,POST,/cart [add item abuse],1.100000,0.000000,4,4,4,4,4,48,48,48,48,48,48,308,0,4,5.768668831230818,3.1975999954738654,48.79810000420548,0.0
1782444956,5,GET,/cart [view abuse],1.100000,0.000000,6,6,6,6,6,7,7,7,7,7,7,308,0,6,6.139078246916768,5.04229999933159,10.69419999839738,14659.0
1782444956,5,POST,/cart/checkout [abuse],1.100000,0.000000,10,10,10,10,11,11,11,11,11,11,11,308,0,10,11.500140908750623,8.486399994581006,56.25980000331765,5004.0
1782444956,5,GET,/product/[id] [checkout abuse],1.100000,0.000000,6,6,6,6,7,7,7,7,7,7,7,308,0,6,6.372918181621973,4.621899999619927,9.509399998933077,5865.0
1782444956,5,,Aggregated,4.400000,0.000000,6,6,9,9,10,11,11,48,48,48,48,1237,0,6,15.745593856023458,3.1975999954738654,2074.117500000284,6398.6410670978175
1782444957,5,GET,/ [checkout abuse session],0.000000,0.000000,0,0,0,0,0,0,0,0,0,0,0,5,0,2074.117500000284,2060.96225999936,2047.1870999972452,2074.117500000284,10499.0
1782444957,5,POST,/cart [add item abuse],1.100000,0.000000,4,4,4,4,4,48,48,48,48,48,48,308,0,4,5.768668831230818,3.1975999954738654,48.79810000420548,0.0
1782444957,5,GET,/cart [view abuse],1.100000,0.000000,6,6,6,6,6,7,7,7,7,7,7,308,0,6,6.139078246916768,5.04229999933159,10.69419999839738,14659.0
1782444957,5,POST,/cart/checkout [abuse],1.100000,0.000000,9,10,10,10,10,11,11,11,11,11,11,308,0,10,11.500140908750623,8.486399994581006,56.25980000331765,5004.0
1782444957,5,GET,/product/[id] [checkout abuse],1.100000,0.000000,6,6,6,6,7,7,7,7,7,7,7,308,0,6,6.372918181621973,4.621899999619927,9.509399998933077,5865.0
1782444957,5,,Aggregated,4.400000,0.000000,6,6,9,9,10,10,48,48,48,48,48,1237,0,6,15.745593856023458,3.1975999954738654,2074.117500000284,6398.6410670978175
1782444958,5,GET,/ [checkout abuse session],0.000000,0.000000,0,0,0,0,0,0,0,0,0,0,0,5,0,2074.117500000284,2060.96225999936,2047.1870999972452,2074.117500000284,10499.0
1782444958,5,POST,/cart [add item abuse],1.100000,0.000000,4,4,4,4,4,48,48,48,48,48,48,308,0,4,5.768668831230818,3.1975999954738654,48.79810000420548,0.0
1782444958,5,GET,/cart [view abuse],1.100000,0.000000,6,6,6,6,6,7,7,7,7,7,7,308,0,6,6.139078246916768,5.04229999933159,10.69419999839738,14659.0
1782444958,5,POST,/cart/checkout [abuse],1.100000,0.000000,9,10,10,10,10,11,11,11,11,11,11,308,0,10,11.500140908750623,8.486399994581006,56.25980000331765,5004.0
1782444958,5,GET,/product/[id] [checkout abuse],1.100000,0.000000,6,6,6,6,7,7,7,7,7,7,7,308,0,6,6.372918181621973,4.621899999619927,9.509399998933077,5865.0
1782444958,5,,Aggregated,4.400000,0.000000,6,6,9,9,10,10,48,48,48,48,48,1237,0,6,15.745593856023458,3.1975999954738654,2074.117500000284,6398.6410670978175
1782444959,5,GET,/ [checkout abuse session],0.000000,0.000000,0,0,0,0,0,0,0,0,0,0,0,5,0,2074.117500000284,2060.96225999936,2047.1870999972452,2074.117500000284,10499.0
1782444959,5,POST,/cart [add item abuse],1.400000,0.000000,4,4,4,4,4,48,48,48,48,48,48,311,0,4,5.747742122252564,3.1975999954738654,48.79810000420548,0.0
1782444959,5,GET,/cart [view abuse],1.400000,0.000000,6,6,6,6,6,7,7,7,7,7,7,311,0,6,6.137277170578901,5.04229999933159,10.69419999839738,14659.0
1782444959,5,POST,/cart/checkout [abuse],1.400000,0.000000,9,10,10,10,10,11,11,11,11,11,11,311,0,10,11.479976848534262,8.486399994581006,56.25980000331765,5004.0
1782444959,5,GET,/product/[id] [checkout abuse],1.400000,0.000000,6,6,6,6,6,7,7,7,7,7,7,311,0,6,6.366591639682004,4.621899999619927,9.509399998933077,5865.0
1782444959,5,,Aggregated,5.600000,0.000000,6,6,9,9,10,10,11,48,48,48,48,1249,0,6,15.653590952684263,3.1975999954738654,2074.117500000284,6398.481184947958
1782444960,5,GET,/ [checkout abuse session],0.000000,0.000000,0,0,0,0,0,0,0,0,0,0,0,5,0,2074.117500000284,2060.96225999936,2047.1870999972452,2074.117500000284,10499.0
1782444960,5,POST,/cart [add item abuse],1.200000,0.000000,4,4,4,4,4,48,48,48,48,48,48,313,0,4,5.735396805188482,3.1975999954738654,48.79810000420548,0.0
1782444960,5,GET,/cart [view abuse],1.200000,0.000000,6,6,6,6,6,7,7,7,7,7,7,313,0,6,6.133706709450912,5.04229999933159,10.69419999839738,14659.0
1782444960,5,POST,/cart/checkout [abuse],1.200000,0.000000,10,10,10,10,10,11,11,11,11,11,11,313,0,10,11.469154632256066,8.486399994581006,56.25980000331765,5004.0
1782444960,5,GET,/product/[id] [checkout abuse],1.200000,0.000000,6,6,6,6,6,7,7,7,7,7,7,313,0,6,6.362413737833457,4.621899999619927,9.509399998933077,5865.0
1782444960,5,,Aggregated,4.800000,0.000000,6,6,9,9,10,10,11,48,48,48,48,1257,0,6,15.593573269623668,3.1975999954738654,2074.117500000284,6398.376292760541
1782444961,5,GET,/ [checkout abuse session],0.000000,0.000000,0,0,0,0,0,0,0,0,0,0,0,5,0,2074.117500000284,2060.96225999936,2047.1870999972452,2074.117500000284,10499.0
1782444961,5,POST,/cart [add item abuse],1.200000,0.000000,4,4,4,4,4,4,4,4,4,4,4,313,0,4,5.735396805188482,3.1975999954738654,48.79810000420548,0.0
1782444961,5,GET,/cart [view abuse],1.200000,0.000000,6,6,6,6,6,6,6,6,6,6,6,313,0,6,6.133706709450912,5.04229999933159,10.69419999839738,14659.0
1782444961,5,POST,/cart/checkout [abuse],1.200000,0.000000,10,10,10,10,10,11,11,11,11,11,11,313,0,10,11.469154632256066,8.486399994581006,56.25980000331765,5004.0
1782444961,5,GET,/product/[id] [checkout abuse],1.200000,0.000000,6,6,6,6,6,6,6,6,6,6,6,313,0,6,6.362413737833457,4.621899999619927,9.509399998933077,5865.0
1782444961,5,,Aggregated,4.800000,0.000000,6,6,9,9,10,10,10,11,11,11,11,1257,0,6,15.593573269623668,3.1975999954738654,2074.117500000284,6398.376292760541
1782444962,5,GET,/ [checkout abuse session],0.000000,0.000000,0,0,0,0,0,0,0,0,0,0,0,5,0,2074.117500000284,2060.96225999936,2047.1870999972452,2074.117500000284,10499.0
1782444962,5,POST,/cart [add item abuse],1.200000,0.000000,4,4,4,4,4,4,4,4,4,4,4,313,0,4,5.735396805188482,3.1975999954738654,48.79810000420548,0.0
1782444962,5,GET,/cart [view abuse],1.200000,0.000000,6,6,6,6,6,6,6,6,6,6,6,313,0,6,6.133706709450912,5.04229999933159,10.69419999839738,14659.0
1782444962,5,POST,/cart/checkout [abuse],1.200000,0.000000,10,10,10,10,10,10,10,10,10,10,10,313,0,10,11.469154632256066,8.486399994581006,56.25980000331765,5004.0
1782444962,5,GET,/product/[id] [checkout abuse],1.200000,0.000000,6,6,6,6,6,6,6,6,6,6,6,313,0,6,6.362413737833457,4.621899999619927,9.509399998933077,5865.0
1782444962,5,,Aggregated,4.800000,0.000000,6,6,9,9,10,10,10,10,10,10,10,1257,0,6,15.593573269623668,3.1975999954738654,2074.117500000284,6398.376292760541
1782444963,5,GET,/ [checkout abuse session],0.000000,0.000000,0,0,0,0,0,0,0,0,0,0,0,5,0,2074.117500000284,2060.96225999936,2047.1870999972452,2074.117500000284,10499.0
1782444963,5,POST,/cart [add item abuse],1.300000,0.000000,4,4,4,4,4,4,4,4,4,4,4,316,0,4,5.719000000105633,3.1975999954738654,48.79810000420548,0.0
1782444963,5,GET,/cart [view abuse],1.300000,0.000000,6,6,6,6,6,6,6,6,6,6,6,316,0,6,6.129950949556748,5.04229999933159,10.69419999839738,14659.0
1782444963,5,POST,/cart/checkout [abuse],1.300000,0.000000,10,10,10,10,10,10,10,10,10,10,10,316,0,10,11.45478259461959,8.486399994581006,56.25980000331765,5004.0
1782444963,5,GET,/product/[id] [checkout abuse],1.300000,0.000000,6,6,6,6,6,7,7,7,7,7,7,316,0,6,6.362322468173917,4.621899999619927,9.509399998933077,5865.0
1782444963,5,,Aggregated,5.200000,0.000000,6,6,9,9,10,10,10,10,10,10,10,1269,0,6,15.507710795849379,3.1975999954738654,2074.117500000284,6398.221434200158
1782444964,5,GET,/ [checkout abuse session],0.000000,0.000000,0,0,0,0,0,0,0,0,0,0,0,5,0,2074.117500000284,2060.96225999936,2047.1870999972452,2074.117500000284,10499.0
1782444964,5,POST,/cart [add item abuse],1.300000,0.000000,4,4,4,4,5,5,5,5,5,5,5,318,0,4,5.712498113298467,3.1975999954738654,48.79810000420548,0.0
1782444964,5,GET,/cart [view abuse],1.300000,0.000000,6,6,6,6,7,7,7,7,7,7,7,318,0,6,6.135620125974843,5.04229999933159,10.69419999839738,14659.0
1782444964,5,POST,/cart/checkout [abuse],1.300000,0.000000,10,10,10,10,10,11,11,11,11,11,11,318,0,10,11.450384905321652,8.486399994581006,56.25980000331765,5004.0
1782444964,5,GET,/product/[id] [checkout abuse],1.300000,0.000000,6,6,6,7,9,9,9,9,9,9,9,318,0,6,6.376807861487343,4.621899999619927,9.509399998933077,5865.0
1782444964,5,,Aggregated,5.200000,0.000000,6,6,9,9,10,10,10,11,11,11,11,1277,0,6,15.459326703156595,3.1975999954738654,2074.117500000284,6398.1198120595145
1782444965,5,GET,/ [checkout abuse session],0.000000,0.000000,0,0,0,0,0,0,0,0,0,0,0,5,0,2074.117500000284,2060.96225999936,2047.1870999972452,2074.117500000284,10499.0
1782444965,5,POST,/cart [add item abuse],1.300000,0.000000,4,4,4,4,5,5,5,5,5,5,5,318,0,4,5.712498113298467,3.1975999954738654,48.79810000420548,0.0
1782444965,5,GET,/cart [view abuse],1.300000,0.000000,6,6,6,6,7,7,7,7,7,7,7,318,0,6,6.135620125974843,5.04229999933159,10.69419999839738,14659.0
1782444965,5,POST,/cart/checkout [abuse],1.300000,0.000000,10,10,10,10,10,11,11,11,11,11,11,318,0,10,11.450384905321652,8.486399994581006,56.25980000331765,5004.0
1782444965,5,GET,/product/[id] [checkout abuse],1.300000,0.000000,6,6,6,7,9,9,9,9,9,9,9,318,0,6,6.376807861487343,4.621899999619927,9.509399998933077,5865.0
1782444965,5,,Aggregated,5.200000,0.000000,6,7,9,9,10,10,10,11,11,11,11,1277,0,6,15.459326703156595,3.1975999954738654,2074.117500000284,6398.1198120595145
1782444966,5,GET,/ [checkout abuse session],0.000000,0.000000,0,0,0,0,0,0,0,0,0,0,0,5,0,2074.117500000284,2060.96225999936,2047.1870999972452,2074.117500000284,10499.0
1782444966,5,POST,/cart [add item abuse],1.300000,0.000000,4,4,4,4,5,5,5,5,5,5,5,318,0,4,5.712498113298467,3.1975999954738654,48.79810000420548,0.0
1782444966,5,GET,/cart [view abuse],1.300000,0.000000,6,6,6,6,7,7,7,7,7,7,7,318,0,6,6.135620125974843,5.04229999933159,10.69419999839738,14659.0
1782444966,5,POST,/cart/checkout [abuse],1.300000,0.000000,10,10,10,10,10,11,11,11,11,11,11,318,0,10,11.450384905321652,8.486399994581006,56.25980000331765,5004.0
1782444966,5,GET,/product/[id] [checkout abuse],1.300000,0.000000,6,6,6,7,9,9,9,9,9,9,9,318,0,6,6.376807861487343,4.621899999619927,9.509399998933077,5865.0
1782444966,5,,Aggregated,5.200000,0.000000,6,7,9,9,10,10,10,11,11,11,11,1277,0,6,15.459326703156595,3.1975999954738654,2074.117500000284,6398.1198120595145
1782444968,5,GET,/ [checkout abuse session],0.000000,0.000000,0,0,0,0,0,0,0,0,0,0,0,5,0,2074.117500000284,2060.96225999936,2047.1870999972452,2074.117500000284,10499.0
1782444968,5,POST,/cart [add item abuse],1.300000,0.000000,4,4,4,4,5,5,5,5,5,5,5,320,0,4,5.7000456250762,3.1975999954738654,48.79810000420548,0.0
1782444968,5,GET,/cart [view abuse],1.300000,0.000000,6,6,6,6,7,7,7,7,7,7,7,320,0,6,6.134208125172336,5.04229999933159,10.69419999839738,14659.0
1782444968,5,POST,/cart/checkout [abuse],1.300000,0.000000,10,10,10,10,10,11,11,11,11,11,11,320,0,10,11.438954687150726,8.486399994581006,56.25980000331765,5004.0
1782444968,5,GET,/product/[id] [checkout abuse],1.300000,0.000000,6,6,7,7,9,9,9,9,9,9,9,320,0,6,6.369995312343235,4.443999998329673,9.509399998933077,5865.0
1782444968,5,,Aggregated,5.200000,0.000000,6,7,9,9,10,10,11,11,11,11,11,1285,0,6,15.401273540789415,3.1975999954738654,2074.117500000284,6398.019455252918
1782444969,5,GET,/ [checkout abuse session],0.000000,0.000000,0,0,0,0,0,0,0,0,0,0,0,5,0,2074.117500000284,2060.96225999936,2047.1870999972452,2074.117500000284,10499.0
1782444969,5,POST,/cart [add item abuse],1.300000,0.000000,4,4,4,4,5,5,5,5,5,5,5,322,0,4,5.688363975231205,3.1975999954738654,48.79810000420548,0.0
1782444969,5,GET,/cart [view abuse],1.300000,0.000000,6,6,6,6,7,7,7,7,7,7,7,322,0,6,6.130872981545807,5.04229999933159,10.69419999839738,14659.0
1782444969,5,POST,/cart/checkout [abuse],1.300000,0.000000,10,10,10,10,10,11,11,11,11,11,11,322,0,10,11.426746583491656,8.486399994581006,56.25980000331765,5004.0
1782444969,5,GET,/product/[id] [checkout abuse],1.300000,0.000000,6,7,8,8,9,9,9,9,9,9,9,322,0,6,6.373812422205684,4.443999998329673,9.509399998933077,5865.0
1782444969,5,,Aggregated,5.200000,0.000000,6,7,9,9,10,10,11,11,11,11,11,1293,0,6,15.34600587773669,3.1975999954738654,2074.117500000284,6397.92034029389
1782444970,5,GET,/ [checkout abuse session],0.000000,0.000000,0,0,0,0,0,0,0,0,0,0,0,5,0,2074.117500000284,2060.96225999936,2047.1870999972452,2074.117500000284,10499.0
1782444970,5,POST,/cart [add item abuse],1.000000,0.000000,4,4,4,4,5,5,5,5,5,5,5,323,0,4,5.6837869969770765,3.1975999954738654,48.79810000420548,0.0
1782444970,5,GET,/cart [view abuse],1.000000,0.000000,6,6,6,6,7,7,7,7,7,7,7,323,0,6,6.129439938252997,5.04229999933159,10.69419999839738,14659.0
1782444970,5,POST,/cart/checkout [abuse],1.000000,0.000000,10,10,10,10,10,11,11,11,11,11,11,323,0,10,11.419960061569725,8.486399994581006,56.25980000331765,5004.0
1782444970,5,GET,/product/[id] [checkout abuse],1.000000,0.000000,6,6,8,8,9,9,9,9,9,9,9,323,0,6,6.371899999844108,4.443999998329673,9.509399998933077,5865.0
1782444970,5,,Aggregated,4.000000,0.000000,6,7,9,9,10,10,11,11,11,11,11,1297,0,6,15.317852274412322,3.1975999954738654,2074.117500000284,6397.871241326137
1782444971,5,GET,/ [checkout abuse session],0.000000,0.000000,0,0,0,0,0,0,0,0,0,0,0,5,0,2074.117500000284,2060.96225999936,2047.1870999972452,2074.117500000284,10499.0
1782444971,5,POST,/cart [add item abuse],1.000000,0.000000,4,4,4,5,5,5,5,5,5,5,5,323,0,4,5.6837869969770765,3.1975999954738654,48.79810000420548,0.0
1782444971,5,GET,/cart [view abuse],1.000000,0.000000,6,6,6,7,7,7,7,7,7,7,7,323,0,6,6.129439938252997,5.04229999933159,10.69419999839738,14659.0
1782444971,5,POST,/cart/checkout [abuse],1.000000,0.000000,10,10,10,10,11,11,11,11,11,11,11,323,0,10,11.419960061569725,8.486399994581006,56.25980000331765,5004.0
1782444971,5,GET,/product/[id] [checkout abuse],1.000000,0.000000,6,7,8,9,9,9,9,9,9,9,9,323,0,6,6.371899999844108,4.443999998329673,9.509399998933077,5865.0
1782444971,5,,Aggregated,4.000000,0.000000,6,7,9,9,10,10,11,11,11,11,11,1297,0,6,15.317852274412322,3.1975999954738654,2074.117500000284,6397.871241326137
1782444972,5,GET,/ [checkout abuse session],0.000000,0.000000,0,0,0,0,0,0,0,0,0,0,0,5,0,2074.117500000284,2060.96225999936,2047.1870999972452,2074.117500000284,10499.0
1782444972,5,POST,/cart [add item abuse],1.400000,0.000000,4,4,4,4,5,5,5,5,5,5,5,325,0,4,5.671108000074478,3.1975999954738654,48.79810000420548,0.0
1782444972,5,GET,/cart [view abuse],1.400000,0.000000,6,6,6,6,7,7,7,7,7,7,7,325,0,6,6.1247978463339114,5.04229999933159,10.69419999839738,14659.0
1782444972,5,POST,/cart/checkout [abuse],1.400000,0.000000,10,10,10,10,10,11,11,11,11,11,11,325,0,10,11.410207384257005,8.486399994581006,56.25980000331765,5004.0
1782444972,5,GET,/product/[id] [checkout abuse],1.400000,0.000000,6,7,8,8,9,9,9,9,9,9,9,325,0,6,6.370149845987236,4.443999998329673,9.509399998933077,5865.0
1782444972,5,,Aggregated,5.600000,0.000000,6,7,9,9,10,10,11,11,11,11,11,1305,0,6,15.262143141692647,3.1975999954738654,2074.117500000284,6397.773946360153
1782444973,5,GET,/ [checkout abuse session],0.000000,0.000000,0,0,0,0,0,0,0,0,0,0,0,5,0,2074.117500000284,2060.96225999936,2047.1870999972452,2074.117500000284,10499.0
1782444973,5,POST,/cart [add item abuse],1.200000,0.000000,4,4,4,4,5,5,5,5,5,5,5,328,0,4,5.656900304973355,3.1975999954738654,48.79810000420548,0.0
1782444973,5,GET,/cart [view abuse],1.200000,0.000000,6,6,6,6,7,7,7,7,7,7,7,328,0,6,6.123565853801954,5.04229999933159,10.69419999839738,14659.0
1782444973,5,POST,/cart/checkout [abuse],1.200000,0.000000,10,10,10,10,11,52,52,52,52,52,52,328,0,10,11.523302743537387,8.486399994581006,56.25980000331765,5004.0
1782444973,5,GET,/product/[id] [checkout abuse],1.200000,0.000000,7,7,8,8,9,9,9,9,9,9,9,328,0,6,6.376964329098062,4.443999998329673,9.509399998933077,5865.0
1782444973,5,,Aggregated,4.800000,0.000000,6,7,9,9,10,10,52,52,52,52,52,1317,0,6,15.21647061495788,3.1975999954738654,2074.117500000284,6397.630220197419
1782444974,5,GET,/ [checkout abuse session],0.000000,0.000000,0,0,0,0,0,0,0,0,0,0,0,5,0,2074.117500000284,2060.96225999936,2047.1870999972452,2074.117500000284,10499.0
1782444974,5,POST,/cart [add item abuse],1.200000,0.000000,4,4,4,4,5,5,5,5,5,5,5,328,0,4,5.656900304973355,3.1975999954738654,48.79810000420548,0.0
1782444974,5,GET,/cart [view abuse],1.200000,0.000000,6,6,6,6,7,7,7,7,7,7,7,328,0,6,6.123565853801954,5.04229999933159,10.69419999839738,14659.0
1782444974,5,POST,/cart/checkout [abuse],1.200000,0.000000,10,10,10,10,11,52,52,52,52,52,52,328,0,10,11.523302743537387,8.486399994581006,56.25980000331765,5004.0
1782444974,5,GET,/product/[id] [checkout abuse],1.200000,0.000000,7,7,8,8,9,9,9,9,9,9,9,328,0,6,6.376964329098062,4.443999998329673,9.509399998933077,5865.0
1782444974,5,,Aggregated,4.800000,0.000000,6,7,9,9,10,10,52,52,52,52,52,1317,0,6,15.21647061495788,3.1975999954738654,2074.117500000284,6397.630220197419
1782444975,5,GET,/ [checkout abuse session],0.000000,0.000000,0,0,0,0,0,0,0,0,0,0,0,5,0,2074.117500000284,2060.96225999936,2047.1870999972452,2074.117500000284,10499.0
1782444975,5,POST,/cart [add item abuse],1.200000,0.000000,4,4,4,4,4,4,4,4,4,4,4,328,0,4,5.656900304973355,3.1975999954738654,48.79810000420548,0.0
1782444975,5,GET,/cart [view abuse],1.200000,0.000000,6,6,6,6,6,6,6,6,6,6,6,328,0,6,6.123565853801954,5.04229999933159,10.69419999839738,14659.0
1782444975,5,POST,/cart/checkout [abuse],1.200000,0.000000,10,10,10,10,52,52,52,52,52,52,52,328,0,10,11.523302743537387,8.486399994581006,56.25980000331765,5004.0
1782444975,5,GET,/product/[id] [checkout abuse],1.200000,0.000000,7,7,7,8,8,8,8,8,8,8,8,328,0,6,6.376964329098062,4.443999998329673,9.509399998933077,5865.0
1782444975,5,,Aggregated,4.800000,0.000000,6,7,9,9,10,10,52,52,52,52,52,1317,0,6,15.21647061495788,3.1975999954738654,2074.117500000284,6397.630220197419
1782444976,5,GET,/ [checkout abuse session],0.000000,0.000000,0,0,0,0,0,0,0,0,0,0,0,5,0,2074.117500000284,2060.96225999936,2047.1870999972452,2074.117500000284,10499.0
1782444976,5,POST,/cart [add item abuse],1.500000,0.000000,4,4,4,4,4,48,48,48,48,48,48,330,0,4,5.778899697069199,3.1975999954738654,48.79810000420548,0.0
1782444976,5,GET,/cart [view abuse],1.500000,0.000000,6,6,6,6,6,6,6,6,6,6,6,330,0,6,6.120696666810986,5.04229999933159,10.69419999839738,14659.0
1782444976,5,POST,/cart/checkout [abuse],1.500000,0.000000,9,10,10,10,10,52,52,52,52,52,52,330,0,10,11.507807575385828,8.486399994581006,56.25980000331765,5004.0
1782444976,5,GET,/product/[id] [checkout abuse],1.500000,0.000000,6,7,7,7,8,8,8,8,8,8,8,330,0,6,6.374271211957834,4.443999998329673,9.509399998933077,5865.0
1782444976,5,,Aggregated,6.000000,0.000000,6,7,9,9,10,10,52,52,52,52,52,1325,0,6,15.194538943321259,3.1975999954738654,2074.117500000284,6397.535849056604
1782444977,5,GET,/ [checkout abuse session],0.000000,0.000000,0,0,0,0,0,0,0,0,0,0,0,5,0,2074.117500000284,2060.96225999936,2047.1870999972452,2074.117500000284,10499.0
1782444977,5,POST,/cart [add item abuse],1.200000,0.000000,4,4,4,4,4,48,48,48,48,48,48,331,0,4,5.773490030307771,3.1975999954738654,48.79810000420548,0.0
1782444977,5,GET,/cart [view abuse],1.200000,0.000000,6,6,6,6,6,6,6,6,6,6,6,331,0,6,6.120609667803178,5.04229999933159,10.69419999839738,14659.0
1782444977,5,POST,/cart/checkout [abuse],1.200000,0.000000,9,10,10,10,10,52,52,52,52,52,52,331,0,10,11.502553171837306,8.486399994581006,56.25980000331765,5004.0
1782444977,5,GET,/product/[id] [checkout abuse],1.200000,0.000000,6,7,7,7,8,8,8,8,8,8,8,331,0,6,6.374504833669139,4.443999998329673,9.509399998933077,5865.0
1782444977,5,,Aggregated,4.800000,0.000000,6,7,9,9,10,10,52,52,52,52,52,1329,0,6,15.168596312937666,3.1975999954738654,2074.117500000284,6397.489089541008
1782444978,5,GET,/ [checkout abuse session],0.000000,0.000000,0,0,0,0,0,0,0,0,0,0,0,5,0,2074.117500000284,2060.96225999936,2047.1870999972452,2074.117500000284,10499.0
1782444978,5,POST,/cart [add item abuse],1.000000,0.000000,4,4,4,4,4,48,48,48,48,48,48,333,0,4,5.76083003013243,3.1975999954738654,48.79810000420548,0.0
1782444978,5,GET,/cart [view abuse],1.000000,0.000000,6,6,6,6,6,7,7,7,7,7,7,333,0,6,6.121828828949842,5.04229999933159,10.69419999839738,14659.0
1782444978,5,POST,/cart/checkout [abuse],1.000000,0.000000,10,10,10,10,12,52,52,52,52,52,52,333,0,10,11.498163062709422,8.486399994581006,56.25980000331765,5004.0
1782444978,5,GET,/product/[id] [checkout abuse],1.000000,0.000000,6,7,7,7,7,8,8,8,8,8,8,333,0,6,6.3713378376824235,4.443999998329673,9.509399998933077,5865.0
1782444978,5,,Aggregated,4.000000,0.000000,6,7,9,9,10,12,52,52,52,52,52,1337,0,6,15.11763687352407,3.1975999954738654,2074.117500000284,6397.396409872849
1782444979,5,GET,/ [checkout abuse session],0.000000,0.000000,0,0,0,0,0,0,0,0,0,0,0,5,0,2074.117500000284,2060.96225999936,2047.1870999972452,2074.117500000284,10499.0
1782444979,5,POST,/cart [add item abuse],1.300000,0.000000,4,4,4,4,4,48,48,48,48,48,48,334,0,4,5.7560077845397775,3.1975999954738654,48.79810000420548,0.0
1782444979,5,GET,/cart [view abuse],1.300000,0.000000,6,6,6,6,6,7,7,7,7,7,7,334,0,6,6.119438323475843,5.04229999933159,10.69419999839738,14659.0
1782444979,5,POST,/cart/checkout [abuse],1.300000,0.000000,10,10,10,10,12,52,52,52,52,52,52,334,0,10,11.493836227208577,8.486399994581006,56.25980000331765,5004.0
1782444979,5,GET,/product/[id] [checkout abuse],1.300000,0.000000,6,7,7,7,7,8,8,8,8,8,8,334,0,6,6.372855389071594,4.443999998329673,9.509399998933077,5865.0
1782444979,5,,Aggregated,5.200000,0.000000,6,7,9,9,10,12,52,52,52,52,52,1341,0,6,15.09223363155227,3.1975999954738654,2074.117500000284,6397.350484712901
1782444980,5,GET,/ [checkout abuse session],0.000000,0.000000,0,0,0,0,0,0,0,0,0,0,0,5,0,2074.117500000284,2060.96225999936,2047.1870999972452,2074.117500000284,10499.0
1782444980,5,POST,/cart [add item abuse],1.300000,0.000000,4,4,4,4,4,48,48,48,48,48,48,335,0,4,5.75108388071765,3.1975999954738654,48.79810000420548,0.0
1782444980,5,GET,/cart [view abuse],1.300000,0.000000,6,6,6,6,6,7,7,7,7,7,7,335,0,6,6.118061194159855,5.04229999933159,10.69419999839738,14659.0
1782444980,5,POST,/cart/checkout [abuse],1.300000,0.000000,10,10,10,10,12,52,52,52,52,52,52,335,0,10,11.487530745933382,8.486399994581006,56.25980000331765,5004.0
1782444980,5,GET,/product/[id] [checkout abuse],1.300000,0.000000,6,7,7,7,7,8,8,8,8,8,8,335,0,6,6.370680895373364,4.443999998329673,9.509399998933077,5865.0
1782444980,5,,Aggregated,5.200000,0.000000,6,7,9,9,10,12,52,52,52,52,52,1345,0,6,15.065781263879943,3.1975999954738654,2074.117500000284,6397.304832713755
1782444981,5,GET,/ [checkout abuse session],0.000000,0.000000,0,0,0,0,0,0,0,0,0,0,0,5,0,2074.117500000284,2060.96225999936,2047.1870999972452,2074.117500000284,10499.0
1782444981,5,POST,/cart [add item abuse],1.300000,0.000000,4,4,4,4,4,48,48,48,48,48,48,337,0,4,5.740127003110374,3.1975999954738654,48.79810000420548,0.0
1782444981,5,GET,/cart [view abuse],1.300000,0.000000,6,6,6,6,6,7,7,7,7,7,7,337,0,6,6.115714836923008,5.04229999933159,10.69419999839738,14659.0
1782444981,5,POST,/cart/checkout [abuse],1.300000,0.000000,10,10,10,10,12,52,52,52,52,52,52,337,0,10,11.474822848314663,8.486399994581006,56.25980000331765,5004.0
1782444981,5,GET,/product/[id] [checkout abuse],1.300000,0.000000,7,7,7,7,7,8,8,8,8,8,8,337,0,6,6.372734717942687,4.443999998329673,9.509399998933077,5865.0
1782444981,5,,Aggregated,5.200000,0.000000,6,7,9,9,10,12,52,52,52,52,52,1353,0,6,15.014676200973227,3.1975999954738654,2074.117500000284,6397.214338507021
1782444982,5,GET,/ [checkout abuse session],0.000000,0.000000,0,0,0,0,0,0,0,0,0,0,0,5,0,2074.117500000284,2060.96225999936,2047.1870999972452,2074.117500000284,10499.0
1782444982,5,POST,/cart [add item abuse],1.100000,0.000000,4,4,4,4,6,48,48,48,48,48,48,338,0,4,5.740293491268895,3.1975999954738654,48.79810000420548,0.0
1782444982,5,GET,/cart [view abuse],1.100000,0.000000,6,6,6,6,7,8,8,8,8,8,8,338,0,6,6.120199704284094,5.04229999933159,10.69419999839738,14659.0
1782444982,5,POST,/cart/checkout [abuse],1.100000,0.000000,10,10,10,11,12,52,52,52,52,52,52,338,0,10,11.473612721558913,8.486399994581006,56.25980000331765,5004.0
1782444982,5,GET,/product/[id] [checkout abuse],1.200000,0.000000,7,7,7,7,8,8,8,8,8,8,8,338,0,6,6.376182840077603,4.443999998329673,9.509399998933077,5865.0
1782444982,5,,Aggregated,4.500000,0.000000,6,7,9,9,10,12,48,52,52,52,52,1357,0,6,14.994022770764078,3.1975999954738654,2074.117500000284,6397.169491525424
1782444983,5,GET,/ [checkout abuse session],0.000000,0.000000,0,0,0,0,0,0,0,0,0,0,0,5,0,2074.117500000284,2060.96225999936,2047.1870999972452,2074.117500000284,10499.0
1782444983,5,POST,/cart [add item abuse],1.200000,0.000000,4,4,4,4,6,48,48,48,48,48,48,339,0,4,5.733963421965396,3.1975999954738654,48.79810000420548,0.0
1782444983,5,GET,/cart [view abuse],1.200000,0.000000,6,6,6,6,7,8,8,8,8,8,8,339,0,6,6.11732949866006,5.04229999933159,10.69419999839738,14659.0
1782444983,5,POST,/cart/checkout [abuse],1.200000,0.000000,10,10,10,10,11,12,12,12,12,12,12,339,0,10,11.466976400847845,8.486399994581006,56.25980000331765,5004.0
1782444983,5,GET,/product/[id] [checkout abuse],1.200000,0.000000,6,7,7,7,7,8,8,8,8,8,8,339,0,6,6.37492153377277,4.443999998329673,9.509399998933077,5865.0
1782444983,5,,Aggregated,4.800000,0.000000,6,7,9,9,10,11,48,48,48,48,48,1361,0,6,14.967526083706993,3.1975999954738654,2074.117500000284,6397.124908155768
1782444984,5,GET,/ [checkout abuse session],0.000000,0.000000,0,0,0,0,0,0,0,0,0,0,0,5,0,2074.117500000284,2060.96225999936,2047.1870999972452,2074.117500000284,10499.0
1782444984,5,POST,/cart [add item abuse],1.400000,0.000000,4,4,4,4,6,48,48,48,48,48,48,341,0,4,5.724033724474468,3.1975999954738654,48.79810000420548,0.0
1782444984,5,GET,/cart [view abuse],1.400000,0.000000,6,6,6,6,7,8,8,8,8,8,8,341,0,6,6.11487565994163,5.04229999933159,10.69419999839738,14659.0
1782444984,5,POST,/cart/checkout [abuse],1.400000,0.000000,10,10,10,10,11,12,12,12,12,12,12,341,0,10,11.455958357442354,8.486399994581006,56.25980000331765,5004.0
1782444984,5,GET,/product/[id] [checkout abuse],1.400000,0.000000,6,7,7,7,8,8,8,8,8,8,8,341,0,6,6.377566568786449,4.443999998329673,9.509399998933077,5865.0
1782444984,5,,Aggregated,5.600000,0.000000,6,7,9,9,10,11,12,48,48,48,48,1369,0,6,14.918269831940622,3.1975999954738654,2074.117500000284,6397.036523009496
1782444985,5,GET,/ [checkout abuse session],0.000000,0.000000,0,0,0,0,0,0,0,0,0,0,0,5,0,2074.117500000284,2060.96225999936,2047.1870999972452,2074.117500000284,10499.0
1782444985,5,POST,/cart [add item abuse],1.300000,0.000000,4,4,4,4,6,6,6,6,6,6,6,342,0,4,5.7257324562818885,3.1975999954738654,48.79810000420548,0.0
1782444985,5,GET,/cart [view abuse],1.300000,0.000000,6,6,7,7,8,9,9,9,9,9,9,342,0,6,6.124659941644219,5.04229999933159,10.69419999839738,14659.0
1782444985,5,POST,/cart/checkout [abuse],1.300000,0.000000,10,10,11,11,12,15,15,15,15,15,15,342,0,10,11.466824561078374,8.486399994581006,56.25980000331765,5004.0
1782444985,5,GET,/product/[id] [checkout abuse],1.300000,0.000000,7,7,7,7,8,8,8,8,8,8,8,342,0,6,6.380722806888547,4.443999998329673,9.509399998933077,5865.0
1782444985,5,,Aggregated,5.200000,0.000000,6,7,9,9,10,11,15,15,15,15,15,1373,0,6,14.902772541829727,3.1975999954738654,2074.117500000284,6396.992716678806
1782444986,5,GET,/ [checkout abuse session],0.000000,0.000000,0,0,0,0,0,0,0,0,0,0,0,5,0,2074.117500000284,2060.96225999936,2047.1870999972452,2074.117500000284,10499.0
1782444986,5,POST,/cart [add item abuse],1.100000,0.000000,4,4,5,5,6,6,6,6,6,6,6,343,0,4,5.722834402470443,3.1975999954738654,48.79810000420548,0.0
1782444986,5,GET,/cart [view abuse],1.100000,0.000000,6,6,7,7,8,9,9,9,9,9,9,343,0,6,6.122947521987996,5.04229999933159,10.69419999839738,14659.0
1782444986,5,POST,/cart/checkout [abuse],1.100000,0.000000,10,10,11,11,12,15,15,15,15,15,15,343,0,10,11.46027521832212,8.486399994581006,56.25980000331765,5004.0
1782444986,5,GET,/product/[id] [checkout abuse],1.100000,0.000000,7,7,7,7,8,8,8,8,8,8,8,343,0,6,6.383560932823966,4.443999998329673,9.509399998933077,5865.0
1782444986,5,,Aggregated,4.400000,0.000000,6,7,9,9,10,11,15,15,15,15,15,1377,0,6,14.87897625267186,3.1975999954738654,2074.117500000284,6396.949164851126
1782444987,5,GET,/ [checkout abuse session],0.000000,0.000000,0,0,0,0,0,0,0,0,0,0,0,5,0,2074.117500000284,2060.96225999936,2047.1870999972452,2074.117500000284,10499.0
1782444987,5,POST,/cart [add item abuse],1.400000,0.000000,4,4,4,5,6,6,6,6,6,6,6,344,0,4,5.716734593163913,3.1975999954738654,48.79810000420548,0.0
1782444987,5,GET,/cart [view abuse],1.400000,0.000000,6,6,6,7,8,9,9,9,9,9,9,344,0,6,6.119328779192962,4.878100000496488,10.69419999839738,14659.0
1782444987,5,POST,/cart/checkout [abuse],1.400000,0.000000,10,10,10,11,12,15,15,15,15,15,15,344,0,10,11.45421075548362,8.486399994581006,56.25980000331765,5004.0
1782444987,5,GET,/product/[id] [checkout abuse],1.400000,0.000000,7,7,7,7,8,8,8,8,8,8,8,344,0,6,6.383117441738398,4.443999998329673,9.509399998933077,5865.0
1782444987,5,,Aggregated,5.600000,0.000000,6,8,9,9,10,10,15,15,15,15,15,1381,0,6,14.853336712477871,3.1975999954738654,2074.117500000284,6396.90586531499
1782444988,5,GET,/ [checkout abuse session],0.000000,0.000000,0,0,0,0,0,0,0,0,0,0,0,5,0,2074.117500000284,2060.96225999936,2047.1870999972452,2074.117500000284,10499.0
1782444988,5,POST,/cart [add item abuse],1.400000,0.000000,4,4,4,5,6,6,6,6,6,6,6,346,0,4,5.70558786141633,3.1975999954738654,48.79810000420548,0.0
1782444988,5,GET,/cart [view abuse],1.400000,0.000000,6,6,6,7,8,9,9,9,9,9,9,346,0,6,6.1203442197711935,4.878100000496488,10.69419999839738,14659.0
1782444988,5,POST,/cart/checkout [abuse],1.400000,0.000000,9,10,10,10,11,15,15,15,15,15,15,346,0,10,11.44149421931768,8.486399994581006,56.25980000331765,5004.0
1782444988,5,GET,/product/[id] [checkout abuse],1.400000,0.000000,7,7,7,7,8,8,8,8,8,8,8,346,0,6,6.381979190652438,4.443999998329673,9.509399998933077,5865.0
1782444988,5,,Aggregated,5.600000,0.000000,6,7,9,9,10,10,11,15,15,15,15,1389,0,6,14.804539668781384,3.1975999954738654,2074.117500000284,6396.820014398848
1782444989,5,GET,/ [checkout abuse session],0.000000,0.000000,0,0,0,0,0,0,0,0,0,0,0,5,0,2074.117500000284,2060.96225999936,2047.1870999972452,2074.117500000284,10499.0
1782444989,5,POST,/cart [add item abuse],1.300000,0.000000,4,4,5,5,6,6,6,6,6,6,6,347,0,4,5.700161383439141,3.1975999954738654,48.79810000420548,0.0
1782444989,5,GET,/cart [view abuse],1.300000,0.000000,6,6,7,7,8,9,9,9,9,9,9,347,0,6,6.120349856028776,4.878100000496488,10.69419999839738,14659.0
1782444989,5,POST,/cart/checkout [abuse],1.300000,0.000000,9,10,10,10,11,15,15,15,15,15,15,347,0,10,11.4355824204148,8.486399994581006,56.25980000331765,5004.0
1782444989,5,GET,/product/[id] [checkout abuse],1.300000,0.000000,7,7,7,7,8,8,8,8,8,8,8,347,0,6,6.381727665598519,4.443999998329673,9.509399998933077,5865.0
1782444989,5,,Aggregated,5.200000,0.000000,6,7,9,9,10,10,15,15,15,15,15,1393,0,6,14.780427350996977,3.1975999954738654,2074.117500000284,6396.777458722182
1782444990,5,GET,/ [checkout abuse session],0.000000,0.000000,0,0,0,0,0,0,0,0,0,0,0,5,0,2074.117500000284,2060.96225999936,2047.1870999972452,2074.117500000284,10499.0
1782444990,5,POST,/cart [add item abuse],1.300000,0.000000,4,4,5,5,6,6,6,6,6,6,6,348,0,4,5.695937931192731,3.1975999954738654,48.79810000420548,0.0
1782444990,5,GET,/cart [view abuse],1.300000,0.000000,6,6,7,7,8,9,9,9,9,9,9,348,0,6,6.1195706897831705,4.878100000496488,10.69419999839738,14659.0
1782444990,5,POST,/cart/checkout [abuse],1.300000,0.000000,9,10,10,10,11,15,15,15,15,15,15,348,0,10,11.428488505415949,8.486399994581006,56.25980000331765,5004.0
1782444990,5,GET,/product/[id] [checkout abuse],1.300000,0.000000,6,7,7,7,8,8,8,8,8,8,8,348,0,6,6.382183907934914,4.443999998329673,9.509399998933077,5865.0
1782444990,5,,Aggregated,5.200000,0.000000,6,8,9,9,9,10,15,15,15,15,15,1397,0,6,14.756422548276674,3.1975999954738654,2074.117500000284,6396.735146743021
1782444991,5,GET,/ [checkout abuse session],0.000000,0.000000,0,0,0,0,0,0,0,0,0,0,0,5,0,2074.117500000284,2060.96225999936,2047.1870999972452,2074.117500000284,10499.0
1782444991,5,POST,/cart [add item abuse],1.300000,0.000000,4,4,4,5,6,6,6,6,6,6,6,348,0,4,5.695937931192731,3.1975999954738654,48.79810000420548,0.0
1782444991,5,GET,/cart [view abuse],1.300000,0.000000,6,6,6,7,9,9,9,9,9,9,9,348,0,6,6.1195706897831705,4.878100000496488,10.69419999839738,14659.0
1782444991,5,POST,/cart/checkout [abuse],1.300000,0.000000,9,9,10,10,15,15,15,15,15,15,15,348,0,10,11.428488505415949,8.486399994581006,56.25980000331765,5004.0
1782444991,5,GET,/product/[id] [checkout abuse],1.300000,0.000000,6,7,7,7,8,8,8,8,8,8,8,348,0,6,6.382183907934914,4.443999998329673,9.509399998933077,5865.0
1782444991,5,,Aggregated,5.200000,0.000000,6,7,9,9,9,10,15,15,15,15,15,1397,0,6,14.756422548276674,3.1975999954738654,2074.117500000284,6396.735146743021
1782444992,5,GET,/ [checkout abuse session],0.000000,0.000000,0,0,0,0,0,0,0,0,0,0,0,5,0,2074.117500000284,2060.96225999936,2047.1870999972452,2074.117500000284,10499.0
1782444992,5,POST,/cart [add item abuse],1.400000,0.000000,4,4,4,4,5,6,6,6,6,6,6,351,0,4,5.682134758002799,3.1975999954738654,48.79810000420548,0.0
1782444992,5,GET,/cart [view abuse],1.400000,0.000000,6,6,7,7,7,9,9,9,9,9,9,351,0,6,6.124210541401565,4.878100000496488,10.69419999839738,14659.0
1782444992,5,POST,/cart/checkout [abuse],1.400000,0.000000,9,10,10,10,12,15,15,15,15,15,15,351,0,10,11.419818803091419,8.486399994581006,56.25980000331765,5004.0
1782444992,5,GET,/product/[id] [checkout abuse],1.300000,0.000000,6,6,7,7,7,8,8,8,8,8,8,351,0,6,6.377374358858119,4.443999998329673,9.509399998933077,5865.0
1782444992,5,,Aggregated,5.500000,0.000000,6,7,9,9,10,10,15,15,15,15,15,1409,0,6,14.688185450625989,3.1975999954738654,2074.117500000284,6396.609652235628
1782444993,5,GET,/ [checkout abuse session],0.000000,0.000000,0,0,0,0,0,0,0,0,0,0,0,5,0,2074.117500000284,2060.96225999936,2047.1870999972452,2074.117500000284,10499.0
1782444993,5,POST,/cart [add item abuse],1.200000,0.000000,4,4,4,4,5,6,6,6,6,6,6,352,0,4,5.676822443361247,3.1975999954738654,48.79810000420548,0.0
1782444993,5,GET,/cart [view abuse],1.200000,0.000000,6,7,7,7,7,9,9,9,9,9,9,352,0,6,6.122509943266281,4.878100000496488,10.69419999839738,14659.0
1782444993,5,POST,/cart/checkout [abuse],1.200000,0.000000,9,10,10,10,12,15,15,15,15,15,15,352,0,10,11.413031533761982,8.486399994581006,56.25980000331765,5004.0
1782444993,5,GET,/product/[id] [checkout abuse],1.200000,0.000000,6,7,7,7,7,7,7,7,7,7,7,352,0,6,6.380095454419048,4.443999998329673,9.509399998933077,5865.0
1782444993,5,,Aggregated,4.800000,0.000000,6,7,9,9,9,10,15,15,15,15,15,1413,0,6,14.664796178293994,3.1975999954738654,2074.117500000284,6396.568294409059
1782444994,5,GET,/ [checkout abuse session],0.000000,0.000000,0,0,0,0,0,0,0,0,0,0,0,5,0,2074.117500000284,2060.96225999936,2047.1870999972452,2074.117500000284,10499.0
1782444994,5,POST,/cart [add item abuse],1.100000,0.000000,4,4,4,4,4,5,5,5,5,5,5,353,0,4,5.670904532751324,3.1975999954738654,48.79810000420548,0.0
1782444994,5,GET,/cart [view abuse],1.100000,0.000000,6,7,7,7,7,7,7,7,7,7,7,353,0,6,6.125609065245582,4.878100000496488,10.69419999839738,14659.0
1782444994,5,POST,/cart/checkout [abuse],1.100000,0.000000,9,10,10,10,11,12,12,12,12,12,12,353,0,10,11.410592634234314,8.486399994581006,56.25980000331765,5004.0
1782444994,5,GET,/product/[id] [checkout abuse],1.100000,0.000000,6,6,7,7,7,7,7,7,7,7,7,353,0,6,6.3792994332992174,4.443999998329673,9.509399998933077,5865.0
1782444994,5,,Aggregated,4.400000,0.000000,6,7,9,9,9,10,12,12,12,12,12,1417,0,6,14.642775229307723,3.1975999954738654,2074.117500000284,6396.527170077628
1782444995,5,GET,/ [checkout abuse session],0.000000,0.000000,0,0,0,0,0,0,0,0,0,0,0,5,0,2074.117500000284,2060.96225999936,2047.1870999972452,2074.117500000284,10499.0
1782444995,5,POST,/cart [add item abuse],1.300000,0.000000,4,4,4,4,5,5,5,5,5,5,5,354,0,4,5.6676158193899395,3.1975999954738654,48.79810000420548,0.0
1782444995,5,GET,/cart [view abuse],1.300000,0.000000,6,6,7,7,7,7,7,7,7,7,7,354,0,6,6.124648022679822,4.878100000496488,10.69419999839738,14659.0
1782444995,5,POST,/cart/checkout [abuse],1.300000,0.000000,9,10,10,10,11,12,12,12,12,12,12,353,0,10,11.410592634234314,8.486399994581006,56.25980000331765,5004.0
1782444995,5,GET,/product/[id] [checkout abuse],1.300000,0.000000,6,6,7,7,7,8,8,8,8,8,8,354,0,6,6.382836158050942,4.443999998329673,9.509399998933077,5865.0
1782444995,5,,Aggregated,5.200000,0.000000,6,7,8,9,9,10,12,12,12,12,12,1420,0,6,14.624461901355101,3.1975999954738654,2074.117500000284,6397.466901408451
1782444996,5,GET,/ [checkout abuse session],0.000000,0.000000,0,0,0,0,0,0,0,0,0,0,0,5,0,2074.117500000284,2060.96225999936,2047.1870999972452,2074.117500000284,10499.0
1782444996,5,POST,/cart [add item abuse],1.300000,0.000000,4,4,4,4,4,5,5,5,5,5,5,356,0,4,5.657128932756003,3.1975999954738654,48.79810000420548,0.0
1782444996,5,GET,/cart [view abuse],1.300000,0.000000,6,6,7,7,7,7,7,7,7,7,7,356,0,6,6.1218514045812595,4.878100000496488,10.69419999839738,14659.0
1782444996,5,POST,/cart/checkout [abuse],1.300000,0.000000,9,10,10,11,11,12,12,12,12,12,12,356,0,10,11.399775842363944,8.486399994581006,56.25980000331765,5004.0
1782444996,5,GET,/product/[id] [checkout abuse],1.300000,0.000000,6,6,6,7,7,8,8,8,8,8,8,356,0,6,6.37894016840159,4.443999998329673,9.509399998933077,5865.0
1782444996,5,,Aggregated,5.200000,0.000000,6,7,9,9,10,11,11,12,12,12,12,1429,0,6,14.5747734079226,3.1975999954738654,2074.117500000284,6396.405178446466
1782444997,5,GET,/ [checkout abuse session],0.000000,0.000000,0,0,0,0,0,0,0,0,0,0,0,5,0,2074.117500000284,2060.96225999936,2047.1870999972452,2074.117500000284,10499.0
1782444997,5,POST,/cart [add item abuse],1.200000,0.000000,4,4,4,4,5,5,5,5,5,5,5,357,0,4,5.6540602242576705,3.1975999954738654,48.79810000420548,0.0
1782444997,5,GET,/cart [view abuse],1.200000,0.000000,6,6,7,7,7,7,7,7,7,7,7,357,0,6,6.122201120541875,4.878100000496488,10.69419999839738,14659.0
1782444997,5,POST,/cart/checkout [abuse],1.200000,0.000000,10,10,11,11,11,12,12,12,12,12,12,357,0,10,11.394502520676982,8.486399994581006,56.25980000331765,5004.0
1782444997,5,GET,/product/[id] [checkout abuse],1.200000,0.000000,6,6,7,7,7,8,8,8,8,8,8,357,0,6,6.3772540614830655,4.443999998329673,9.509399998933077,5865.0
1782444997,5,,Aggregated,4.800000,0.000000,6,7,9,9,10,11,12,12,12,12,12,1433,0,6,14.552305443071441,3.1975999954738654,2074.117500000284,6396.364968597348
1782444998,5,GET,/ [checkout abuse session],0.000000,0.000000,0,0,0,0,0,0,0,0,0,0,0,5,0,2074.117500000284,2060.96225999936,2047.1870999972452,2074.117500000284,10499.0
1782444998,5,POST,/cart [add item abuse],1.100000,0.000000,4,4,4,4,5,5,5,5,5,5,5,358,0,4,5.6480709498924755,3.1975999954738654,48.79810000420548,0.0
1782444998,5,GET,/cart [view abuse],1.100000,0.000000,6,6,7,7,7,7,7,7,7,7,7,358,0,6,6.11997402243283,4.878100000496488,10.69419999839738,14659.0
1782444998,5,POST,/cart/checkout [abuse],1.100000,0.000000,10,10,11,11,11,12,12,12,12,12,12,358,0,10,11.388591061119905,8.486399994581006,56.25980000331765,5004.0
1782444998,5,GET,/product/[id] [checkout abuse],1.100000,0.000000,6,6,7,7,7,8,8,8,8,8,8,358,0,6,6.376657262436367,4.443999998329673,9.509399998933077,5865.0
1782444998,5,,Aggregated,4.400000,0.000000,6,7,9,9,10,11,12,12,12,12,12,1437,0,6,14.528691927573004,3.1975999954738654,2074.117500000284,6396.324982602644
1782444999,5,GET,/ [checkout abuse session],0.000000,0.000000,0,0,0,0,0,0,0,0,0,0,0,5,0,2074.117500000284,2060.96225999936,2047.1870999972452,2074.117500000284,10499.0
1782444999,5,POST,/cart [add item abuse],1.100000,0.000000,4,4,4,4,5,5,5,5,5,5,5,358,0,4,5.6480709498924755,3.1975999954738654,48.79810000420548,0.0
1782444999,5,GET,/cart [view abuse],1.100000,0.000000,6,6,7,7,7,7,7,7,7,7,7,358,0,6,6.11997402243283,4.878100000496488,10.69419999839738,14659.0
1782444999,5,POST,/cart/checkout [abuse],1.100000,0.000000,10,10,11,11,11,12,12,12,12,12,12,358,0,10,11.388591061119905,8.486399994581006,56.25980000331765,5004.0
1782444999,5,GET,/product/[id] [checkout abuse],1.100000,0.000000,6,6,7,7,7,8,8,8,8,8,8,358,0,6,6.376657262436367,4.443999998329673,9.509399998933077,5865.0
1782444999,5,,Aggregated,4.400000,0.000000,6,7,9,9,10,11,12,12,12,12,12,1437,0,6,14.528691927573004,3.1975999954738654,2074.117500000284,6396.324982602644
1782445000,5,GET,/ [checkout abuse session],0.000000,0.000000,0,0,0,0,0,0,0,0,0,0,0,5,0,2074.117500000284,2060.96225999936,2047.1870999972452,2074.117500000284,10499.0
1782445000,5,POST,/cart [add item abuse],1.200000,0.000000,4,4,4,4,5,5,5,5,5,5,5,362,0,4,5.629290607917857,3.1975999954738654,48.79810000420548,0.0
1782445000,5,GET,/cart [view abuse],1.200000,0.000000,6,6,6,7,7,7,7,7,7,7,7,362,0,6,6.115892541515049,4.878100000496488,10.69419999839738,14659.0
1782445000,5,POST,/cart/checkout [abuse],1.200000,0.000000,10,10,10,11,11,12,12,12,12,12,12,361,0,10,11.372280886086862,8.486399994581006,56.25980000331765,5004.0
1782445000,5,GET,/product/[id] [checkout abuse],1.200000,0.000000,6,7,7,7,8,8,8,8,8,8,8,362,0,6,6.384940331347367,4.443999998329673,9.509399998933077,5865.0
1782445000,5,,Aggregated,4.800000,0.000000,6,7,8,9,10,11,11,12,12,12,12,1452,0,6,14.44442796137508,3.1975999954738654,2074.117500000284,6397.126033057852
1782445001,5,GET,/ [checkout abuse session],0.000000,0.000000,0,0,0,0,0,0,0,0,0,0,0,5,0,2074.117500000284,2060.96225999936,2047.1870999972452,2074.117500000284,10499.0
1782445001,5,POST,/cart [add item abuse],1.200000,0.000000,4,4,4,4,5,5,5,5,5,5,5,362,0,4,5.629290607917857,3.1975999954738654,48.79810000420548,0.0
1782445001,5,GET,/cart [view abuse],1.200000,0.000000,6,6,6,6,6,7,7,7,7,7,7,362,0,6,6.115892541515049,4.878100000496488,10.69419999839738,14659.0
1782445001,5,POST,/cart/checkout [abuse],1.200000,0.000000,10,10,10,10,11,11,11,11,11,11,11,362,0,10,11.367515469275773,8.486399994581006,56.25980000331765,5004.0
1782445001,5,GET,/product/[id] [checkout abuse],1.200000,0.000000,7,7,7,7,8,8,8,8,8,8,8,362,0,6,6.384940331347367,4.443999998329673,9.509399998933077,5865.0
1782445001,5,,Aggregated,4.800000,0.000000,6,7,9,9,10,10,11,11,11,11,11,1453,0,6,14.441126359199648,3.1975999954738654,2074.117500000284,6396.167240192704
1782445002,5,GET,/ [checkout abuse session],0.000000,0.000000,0,0,0,0,0,0,0,0,0,0,0,5,0,2074.117500000284,2060.96225999936,2047.1870999972452,2074.117500000284,10499.0
1782445002,5,POST,/cart [add item abuse],1.100000,0.000000,4,4,4,4,5,5,5,5,5,5,5,363,0,4,5.625972451986751,3.1975999954738654,48.79810000420548,0.0
1782445002,5,GET,/cart [view abuse],1.100000,0.000000,6,6,6,6,6,7,7,7,7,7,7,363,0,6,6.113610192924095,4.878100000496488,10.69419999839738,14659.0
1782445002,5,POST,/cart/checkout [abuse],1.100000,0.000000,10,10,10,10,11,11,11,11,11,11,11,363,0,10,11.3649121208643,8.486399994581006,56.25980000331765,5004.0
1782445002,5,GET,/product/[id] [checkout abuse],1.100000,0.000000,6,7,7,7,8,8,8,8,8,8,8,363,0,6,6.384241322159527,4.443999998329673,9.509399998933077,5865.0
1782445002,5,,Aggregated,4.400000,0.000000,6,7,9,9,10,10,11,11,11,11,11,1457,0,6,14.419507549702873,3.1975999954738654,2074.117500000284,6396.128345916266
