Timestamp,User Count,Type,Name,Requests/s,Failures/s,50%,66%,75%,80%,90%,95%,98%,99%,99.9%,99.99%,100%,Total Request Count,Total Failure Count,Total Median Response Time,Total Average Response Time,Total Min Response Time,Total Max Response Time,Total Average Content Size
1782451176,0,,Aggregated,0.000000,0.000000,N/A,N/A,N/A,N/A,N/A,N/A,N/A,N/A,N/A,N/A,N/A,0,0,0,0.0,0,0,0
1782451177,1,,Aggregated,0.000000,0.000000,N/A,N/A,N/A,N/A,N/A,N/A,N/A,N/A,N/A,N/A,N/A,0,0,0,0.0,0,0,0
1782451178,3,,Aggregated,0.000000,0.000000,N/A,N/A,N/A,N/A,N/A,N/A,N/A,N/A,N/A,N/A,N/A,0,0,0,0.0,0,0,0
1782451179,4,GET,/ [checkout abuse session],0.000000,0.000000,0,0,0,0,0,0,0,0,0,0,0,1,0,2054.6185999992304,2054.6185999992304,2054.6185999992304,2054.6185999992304,10499.0
1782451179,4,POST,/cart [add item abuse],0.000000,0.000000,0,0,0,0,0,0,0,0,0,0,0,1,0,4.21479999931762,4.21479999931762,4.21479999931762,4.21479999931762,0.0
1782451179,4,GET,/cart [view abuse],0.000000,0.000000,0,0,0,0,0,0,0,0,0,0,0,1,0,5.986599993775599,5.986599993775599,5.986599993775599,5.986599993775599,14659.0
1782451179,4,POST,/cart/checkout [abuse],0.000000,0.000000,0,0,0,0,0,0,0,0,0,0,0,1,0,9.96109999687178,9.96109999687178,9.96109999687178,9.96109999687178,5004.0
1782451179,4,GET,/product/[id] [checkout abuse],0.000000,0.000000,0,0,0,0,0,0,0,0,0,0,0,1,0,5.336399997759145,5.336399997759145,5.336399997759145,5.336399997759145,5865.0
1782451179,4,,Aggregated,0.000000,0.000000,6,10,10,2100,2100,2100,2100,2100,2100,2100,2100,5,0,6,416.0234999973909,4.21479999931762,2054.6185999992304,7205.4
1782451180,5,GET,/ [checkout abuse session],0.000000,0.000000,2000,2000,2000,2000,2000,2000,2000,2000,2000,2000,2000,2,0,2038.6421000002883,2046.6303499997593,2038.6421000002883,2054.6185999992304,10499.0
1782451180,5,POST,/cart [add item abuse],0.000000,0.000000,49,49,49,49,49,49,49,49,49,49,49,2,0,4.21479999931762,26.81510000184062,4.21479999931762,49.41540000436362,0.0
1782451180,5,GET,/cart [view abuse],0.000000,0.000000,6,6,6,6,6,6,6,6,6,6,6,2,0,5.986599993775599,5.91109999731998,5.8356000008643605,5.986599993775599,14659.0
1782451180,5,POST,/cart/checkout [abuse],0.000000,0.000000,10,10,10,10,10,10,10,10,10,10,10,2,0,10,9.983749998355052,9.96109999687178,10.006399999838322,5004.0
1782451180,5,GET,/product/[id] [checkout abuse],0.000000,0.000000,5,5,5,5,5,5,5,5,5,5,5,2,0,5,5.054149998613866,4.771899999468587,5.336399997759145,5865.0
1782451180,5,,Aggregated,0.000000,0.000000,10,10,49,2000,2100,2100,2100,2100,2100,2100,2100,10,0,6,418.8788899991778,4.21479999931762,2054.6185999992304,7205.4
1782451181,5,GET,/ [checkout abuse session],0.000000,0.000000,2000,2000,2000,2000,2000,2000,2000,2000,2000,2000,2000,3,0,2038.6421000002883,2045.3504333345336,2038.6421000002883,2054.6185999992304,10499.0
1782451181,5,POST,/cart [add item abuse],0.000000,0.000000,49,49,49,49,49,49,49,49,49,49,49,3,0,4,19.13016666852248,3.7603000018862076,49.41540000436362,0.0
1782451181,5,GET,/cart [view abuse],0.000000,0.000000,6,6,6,6,6,6,6,6,6,6,6,3,0,5.986599993775599,5.893066666127804,5.8356000008643605,5.986599993775599,14659.0
1782451181,5,POST,/cart/checkout [abuse],0.000000,0.000000,10,10,10,10,10,10,10,10,10,10,10,3,0,10,9.84513333241921,9.567900000547525,10.006399999838322,5004.0
1782451181,5,GET,/product/[id] [checkout abuse],0.000000,0.000000,5,5,5,5,5,5,5,5,5,5,5,3,0,5,4.962866665058148,4.771899999468587,5.336399997759145,5865.0
1782451181,5,,Aggregated,0.000000,0.000000,6,10,49,2000,2000,2100,2100,2100,2100,2100,2100,15,0,6,417.03633333333227,3.7603000018862076,2054.6185999992304,7205.4
1782451182,5,GET,/ [checkout abuse session],0.500000,0.000000,2000,2000,2000,2000,2000,2000,2000,2000,2000,2000,2000,4,0,2038.6421000002883,2044.7966750016349,2038.6421000002883,2054.6185999992304,10499.0
1782451182,5,POST,/cart [add item abuse],0.500000,0.000000,48,48,49,49,49,49,49,49,49,49,49,5,0,4,21.894659999816213,3.7291999979061075,49.41540000436362,0.0
1782451182,5,GET,/cart [view abuse],0.500000,0.000000,6,6,7,7,7,7,7,7,7,7,7,5,0,6,5.947579997882713,5.4313999935402535,6.627299997489899,14659.0
1782451182,5,POST,/cart/checkout [abuse],0.500000,0.000000,10,10,10,10,10,10,10,10,10,10,10,5,0,10,9.661000000778586,9.064400001079775,10.006399999838322,5004.0
1782451182,5,GET,/product/[id] [checkout abuse],0.500000,0.000000,5,5,7,7,7,7,7,7,7,7,7,5,0,5,5.471979998401366,4.771899999468587,7.466800001566298,5865.0
1782451182,5,,Aggregated,2.500000,0.000000,7,10,48,49,2000,2000,2100,2100,2100,2100,2100,24,0,7,349.75261666628893,3.7291999979061075,2054.6185999992304,7068.166666666667
1782451183,5,GET,/ [checkout abuse session],0.500000,0.000000,2000,2000,2100,2100,2100,2100,2100,2100,2100,2100,2100,5,0,2038.6421000002883,2047.6698200014653,2038.6421000002883,2059.162400000787,10499.0
1782451183,5,POST,/cart [add item abuse],0.500000,0.000000,4,48,48,49,49,49,49,49,49,49,49,6,0,4,18.80629999989954,3.364500000316184,49.41540000436362,0.0
1782451183,5,GET,/cart [view abuse],0.500000,0.000000,6,6,6,7,7,7,7,7,7,7,7,6,0,6,5.785949998729241,4.977800002961885,6.627299997489899,14659.0
1782451183,5,POST,/cart/checkout [abuse],0.500000,0.000000,10,10,10,10,10,10,10,10,10,10,10,6,0,10,9.554866667410048,9.024200000567362,10.006399999838322,5004.0
1782451183,5,GET,/product/[id] [checkout abuse],0.500000,0.000000,5,5,5,7,7,7,7,7,7,7,7,6,0,5,5.376383332380404,4.771899999468587,7.466800001566298,5865.0
1782451183,5,,Aggregated,2.500000,0.000000,7,10,10,49,2000,2100,2100,2100,2100,2100,2100,29,0,7,361.22379655164974,3.364500000316184,2059.162400000787,7091.827586206897
1782451184,5,GET,/ [checkout abuse session],0.666667,0.000000,2000,2000,2100,2100,2100,2100,2100,2100,2100,2100,2100,5,0,2038.6421000002883,2047.6698200014653,2038.6421000002883,2059.162400000787,10499.0
1782451184,5,POST,/cart [add item abuse],0.666667,0.000000,4,4,48,48,49,49,49,49,49,49,49,7,0,4,16.620771428279113,3.364500000316184,49.41540000436362,0.0
1782451184,5,GET,/cart [view abuse],0.666667,0.000000,6,6,6,6,7,7,7,7,7,7,7,7,0,6,5.68754285632167,4.977800002961885,6.627299997489899,14659.0
1782451184,5,POST,/cart/checkout [abuse],0.666667,0.000000,10,10,10,10,10,10,10,10,10,10,10,7,0,10,9.566557143573716,9.024200000567362,10.006399999838322,5004.0
1782451184,5,GET,/product/[id] [checkout abuse],0.666667,0.000000,5,5,6,6,7,7,7,7,7,7,7,7,0,5,5.476828570993218,4.771899999468587,7.466800001566298,5865.0
1782451184,5,,Aggregated,3.333333,0.000000,6,10,10,48,2000,2100,2100,2100,2100,2100,2100,33,0,6,318.17609090913635,3.364500000316184,2059.162400000787,7005.787878787879
1782451185,5,GET,/ [checkout abuse session],0.714286,0.000000,2000,2000,2100,2100,2100,2100,2100,2100,2100,2100,2100,5,0,2038.6421000002883,2047.6698200014653,2038.6421000002883,2059.162400000787,10499.0
1782451185,5,POST,/cart [add item abuse],0.857143,0.000000,4,4,48,48,49,49,49,49,49,49,49,9,0,4,13.770966666925233,3.364500000316184,49.41540000436362,0.0
1782451185,5,GET,/cart [view abuse],0.857143,0.000000,6,6,6,6,7,7,7,7,7,7,7,9,0,6,5.6751222218736075,4.977800002961885,6.627299997489899,14659.0
1782451185,5,POST,/cart/checkout [abuse],0.857143,0.000000,10,10,10,10,10,10,10,10,10,10,10,9,0,10,9.51178888903491,8.66669999959413,10.006399999838322,5004.0
1782451185,5,GET,/product/[id] [checkout abuse],0.857143,0.000000,6,6,7,7,7,7,7,7,7,7,7,9,0,5,5.714166666115893,4.771899999468587,7.466800001566298,5865.0
1782451185,5,,Aggregated,4.142857,0.000000,6,9,10,10,2000,2000,2100,2100,2100,2100,2100,41,0,6,257.326768292753,3.364500000316184,2059.162400000787,6884.073170731707
1782451186,5,GET,/ [checkout abuse session],0.714286,0.000000,2000,2000,2100,2100,2100,2100,2100,2100,2100,2100,2100,5,0,2038.6421000002883,2047.6698200014653,2038.6421000002883,2059.162400000787,10499.0
1782451186,5,POST,/cart [add item abuse],0.857143,0.000000,4,4,4,48,49,49,49,49,49,49,49,10,0,4,12.738160000299104,3.364500000316184,49.41540000436362,0.0
1782451186,5,GET,/cart [view abuse],0.857143,0.000000,6,6,6,6,7,7,7,7,7,7,7,10,0,6,5.708389999927022,4.977800002961885,6.627299997489899,14659.0
1782451186,5,POST,/cart/checkout [abuse],0.857143,0.000000,10,10,10,10,10,10,10,10,10,10,10,10,0,10,9.49454000001424,8.66669999959413,10.006399999838322,5004.0
1782451186,5,GET,/product/[id] [checkout abuse],0.857143,0.000000,6,6,6,7,7,7,7,7,7,7,7,10,0,5,5.72864999921876,4.771899999468587,7.466800001566298,5865.0
1782451186,5,,Aggregated,4.142857,0.000000,6,9,10,10,2000,2000,2100,2100,2100,2100,2100,45,0,6,235.00103333337594,3.364500000316184,2059.162400000787,6839.444444444444
1782451187,5,GET,/ [checkout abuse session],0.555556,0.000000,2000,2000,2100,2100,2100,2100,2100,2100,2100,2100,2100,5,0,2038.6421000002883,2047.6698200014653,2038.6421000002883,2059.162400000787,10499.0
1782451187,5,POST,/cart [add item abuse],0.888889,0.000000,4,4,4,48,49,49,49,49,49,49,49,11,0,4,11.947127272750633,3.364500000316184,49.41540000436362,0.0
1782451187,5,GET,/cart [view abuse],0.888889,0.000000,6,6,6,6,7,7,7,7,7,7,7,11,0,6,5.684627272289204,4.977800002961885,6.627299997489899,14659.0
1782451187,5,POST,/cart/checkout [abuse],0.888889,0.000000,10,10,10,10,11,11,11,11,11,11,11,11,0,10,9.591127272869926,8.66669999959413,10.557000001426786,5004.0
1782451187,5,GET,/product/[id] [checkout abuse],0.888889,0.000000,6,6,6,7,7,7,7,7,7,7,7,11,0,6,5.738763636062768,4.771899999468587,7.466800001566298,5865.0
1782451187,5,,Aggregated,4.111111,0.000000,6,9,10,10,2000,2000,2100,2100,2100,2100,2100,49,0,6,216.3454530612454,3.364500000316184,2059.162400000787,6802.102040816327
1782451188,5,GET,/ [checkout abuse session],0.555556,0.000000,2000,2000,2100,2100,2100,2100,2100,2100,2100,2100,2100,5,0,2038.6421000002883,2047.6698200014653,2038.6421000002883,2059.162400000787,10499.0
1782451188,5,POST,/cart [add item abuse],0.888889,0.000000,4,4,4,4,48,49,49,49,49,49,49,12,0,4,11.277650000314074,3.364500000316184,49.41540000436362,0.0
1782451188,5,GET,/cart [view abuse],0.888889,0.000000,6,6,6,6,6,7,7,7,7,7,7,12,0,6,5.738158333163786,4.977800002961885,6.627299997489899,14659.0
1782451188,5,POST,/cart/checkout [abuse],0.888889,0.000000,10,10,10,10,10,11,11,11,11,11,11,12,0,10,9.603583333955612,8.66669999959413,10.557000001426786,5004.0
1782451188,5,GET,/product/[id] [checkout abuse],0.888889,0.000000,6,6,7,7,7,7,7,7,7,7,7,12,0,6,5.810199999662776,4.771899999468587,7.466800001566298,5865.0
1782451188,5,,Aggregated,4.111111,0.000000,6,9,10,10,49,2000,2100,2100,2100,2100,2100,53,0,6,200.51894717004683,3.364500000316184,2059.162400000787,6770.396226415094
1782451189,5,GET,/ [checkout abuse session],0.500000,0.000000,2000,2000,2100,2100,2100,2100,2100,2100,2100,2100,2100,5,0,2038.6421000002883,2047.6698200014653,2038.6421000002883,2059.162400000787,10499.0
1782451189,5,POST,/cart [add item abuse],1.000000,0.000000,4,4,4,4,48,50,50,50,50,50,50,13,0,4,14.232123076978427,3.364500000316184,49.685799996950664,0.0
1782451189,5,GET,/cart [view abuse],1.000000,0.000000,6,6,6,6,6,7,7,7,7,7,7,13,0,6,5.781638461205428,4.977800002961885,6.627299997489899,14659.0
1782451189,5,POST,/cart/checkout [abuse],1.000000,0.000000,10,10,10,10,10,11,11,11,11,11,11,13,0,10,9.614838461857289,8.66669999959413,10.557000001426786,5004.0
1782451189,5,GET,/product/[id] [checkout abuse],1.000000,0.000000,6,6,7,7,7,7,7,7,7,7,7,13,0,6,5.843615384387354,4.771899999468587,7.466800001566298,5865.0
1782451189,5,,Aggregated,4.500000,0.000000,6,9,10,10,48,2000,2100,2100,2100,2100,2100,57,0,6,187.71031403517364,3.364500000316184,2059.162400000787,6743.140350877193
1782451190,5,GET,/ [checkout abuse session],0.500000,0.000000,2100,2100,2100,2100,2100,2100,2100,2100,2100,2100,2100,5,0,2038.6421000002883,2047.6698200014653,2038.6421000002883,2059.162400000787,10499.0
1782451190,5,POST,/cart [add item abuse],1.200000,0.000000,4,4,4,4,48,50,50,50,50,50,50,15,0,4,12.867573333399681,3.364500000316184,49.685799996950664,0.0
1782451190,5,GET,/cart [view abuse],1.200000,0.000000,6,6,6,6,6,7,7,7,7,7,7,15,0,6,5.800466666308542,4.977800002961885,6.627299997489899,14659.0
1782451190,5,POST,/cart/checkout [abuse],1.200000,0.000000,10,10,10,10,10,11,11,11,11,11,11,15,0,10,9.568893333683567,8.66669999959413,10.557000001426786,5004.0
1782451190,5,GET,/product/[id] [checkout abuse],1.200000,0.000000,6,6,7,7,7,8,8,8,8,8,8,15,0,6,5.99266666637656,4.771899999468587,7.519999999203719,5865.0
1782451190,5,,Aggregated,5.300000,0.000000,6,8,9,10,11,50,2100,2100,2100,2100,2100,65,0,6,165.4122015385208,3.364500000316184,2059.162400000787,6698.692307692308
1782451191,5,GET,/ [checkout abuse session],0.500000,0.000000,2100,2100,2100,2100,2100,2100,2100,2100,2100,2100,2100,5,0,2038.6421000002883,2047.6698200014653,2038.6421000002883,2059.162400000787,10499.0
1782451191,5,POST,/cart [add item abuse],1.200000,0.000000,4,4,4,4,4,50,50,50,50,50,50,16,0,4,12.280937500236178,3.364500000316184,49.685799996950664,0.0
1782451191,5,GET,/cart [view abuse],1.200000,0.000000,6,6,6,6,6,6,6,6,6,6,6,16,0,6,5.762168749697594,4.977800002961885,6.627299997489899,14659.0
1782451191,5,POST,/cart/checkout [abuse],1.200000,0.000000,10,10,10,10,10,11,11,11,11,11,11,16,0,10,9.498237500338291,8.438400000159163,10.557000001426786,5004.0
1782451191,5,GET,/product/[id] [checkout abuse],1.200000,0.000000,6,6,7,7,7,8,8,8,8,8,8,16,0,6,5.9728749997702835,4.771899999468587,7.519999999203719,5865.0
1782451191,5,,Aggregated,5.300000,0.000000,6,7,9,9,10,11,2100,2100,2100,2100,2100,69,0,6,156.15328405808702,3.364500000316184,2059.162400000787,6680.333333333333
1782451192,5,GET,/ [checkout abuse session],0.300000,0.000000,2100,2100,2100,2100,2100,2100,2100,2100,2100,2100,2100,5,0,2038.6421000002883,2047.6698200014653,2038.6421000002883,2059.162400000787,10499.0
1782451192,5,POST,/cart [add item abuse],1.100000,0.000000,4,4,4,4,5,50,50,50,50,50,50,18,0,4,11.404111111106532,3.364500000316184,49.685799996950664,0.0
1782451192,5,GET,/cart [view abuse],1.100000,0.000000,6,6,6,6,6,7,7,7,7,7,7,18,0,6,5.819533333124127,4.977800002961885,7.126899996364955,14659.0
1782451192,5,POST,/cart/checkout [abuse],1.100000,0.000000,10,10,10,10,11,12,12,12,12,12,12,18,0,10,9.656794444809849,8.438400000159163,12.340200002654456,5004.0
1782451192,5,GET,/product/[id] [checkout abuse],1.100000,0.000000,6,6,7,7,7,8,8,8,8,8,8,18,0,6,6.000599999727759,4.771899999468587,7.519999999203719,5865.0
1782451192,5,,Aggregated,4.700000,0.000000,6,7,9,9,10,12,50,2100,2100,2100,2100,77,0,6,140.6520493507163,3.364500000316184,2059.162400000787,6649.337662337663
1782451193,5,GET,/ [checkout abuse session],0.200000,0.000000,2100,2100,2100,2100,2100,2100,2100,2100,2100,2100,2100,5,0,2038.6421000002883,2047.6698200014653,2038.6421000002883,2059.162400000787,10499.0
1782451193,5,POST,/cart [add item abuse],1.300000,0.000000,4,4,4,4,5,50,50,50,50,50,50,19,0,4,10.980436842242183,3.3543000026838854,49.685799996950664,0.0
1782451193,5,GET,/cart [view abuse],1.300000,0.000000,6,6,6,6,6,7,7,7,7,7,7,19,0,6,5.831889473483898,4.977800002961885,7.126899996364955,14659.0
1782451193,5,POST,/cart/checkout [abuse],1.300000,0.000000,10,10,10,10,11,12,12,12,12,12,12,19,0,10,9.639121052858076,8.438400000159163,12.340200002654456,5004.0
1782451193,5,GET,/product/[id] [checkout abuse],1.300000,0.000000,6,6,6,7,7,8,8,8,8,8,8,19,0,6,5.991794736856766,4.771899999468587,7.519999999203719,5865.0
1782451193,5,,Aggregated,5.400000,0.000000,6,7,9,9,10,11,12,50,50,50,50,81,0,6,134.00951481494695,3.3543000026838854,2059.162400000787,6636.135802469136
1782451194,5,GET,/ [checkout abuse session],0.200000,0.000000,2100,2100,2100,2100,2100,2100,2100,2100,2100,2100,2100,5,0,2038.6421000002883,2047.6698200014653,2038.6421000002883,2059.162400000787,10499.0
1782451194,5,POST,/cart [add item abuse],1.300000,0.000000,4,4,4,4,5,50,50,50,50,50,50,19,0,4,10.980436842242183,3.3543000026838854,49.685799996950664,0.0
1782451194,5,GET,/cart [view abuse],1.300000,0.000000,6,6,6,6,6,7,7,7,7,7,7,19,0,6,5.831889473483898,4.977800002961885,7.126899996364955,14659.0
1782451194,5,POST,/cart/checkout [abuse],1.300000,0.000000,9,10,10,10,11,12,12,12,12,12,12,19,0,10,9.639121052858076,8.438400000159163,12.340200002654456,5004.0
1782451194,5,GET,/product/[id] [checkout abuse],1.300000,0.000000,6,6,7,7,7,8,8,8,8,8,8,19,0,6,5.991794736856766,4.771899999468587,7.519999999203719,5865.0
1782451194,5,,Aggregated,5.400000,0.000000,6,7,9,9,10,11,50,50,50,50,50,81,0,6,134.00951481494695,3.3543000026838854,2059.162400000787,6636.135802469136
1782451195,5,GET,/ [checkout abuse session],0.000000,0.000000,2100,2100,2100,2100,2100,2100,2100,2100,2100,2100,2100,5,0,2038.6421000002883,2047.6698200014653,2038.6421000002883,2059.162400000787,10499.0
1782451195,5,POST,/cart [add item abuse],1.200000,0.000000,4,4,4,5,11,50,50,50,50,50,50,22,0,4,10.292045454579322,3.2953999980236404,49.685799996950664,0.0
1782451195,5,GET,/cart [view abuse],1.200000,0.000000,6,6,6,6,7,10,10,10,10,10,10,22,0,6,6.033577272319235,4.977800002961885,9.930499996698927,14659.0
1782451195,5,POST,/cart/checkout [abuse],1.200000,0.000000,10,10,10,11,11,12,12,12,12,12,12,22,0,10,9.682190909105968,8.438400000159163,12.340200002654456,5004.0
1782451195,5,GET,/product/[id] [checkout abuse],1.200000,0.000000,6,7,7,7,8,8,8,8,8,8,8,22,0,6,6.108113636649002,4.771899999468587,8.012600002984982,5865.0
1782451195,5,,Aggregated,4.800000,0.000000,6,7,9,9,10,11,12,50,50,50,50,93,0,6,117.68709139791079,3.2953999980236404,2059.162400000787,6603.344086021505
1782451196,5,GET,/ [checkout abuse session],0.000000,0.000000,2100,2100,2100,2100,2100,2100,2100,2100,2100,2100,2100,5,0,2038.6421000002883,2047.6698200014653,2038.6421000002883,2059.162400000787,10499.0
1782451196,5,POST,/cart [add item abuse],1.200000,0.000000,4,4,5,5,11,50,50,50,50,50,50,22,0,4,10.292045454579322,3.2953999980236404,49.685799996950664,0.0
1782451196,5,GET,/cart [view abuse],1.200000,0.000000,6,6,6,6,7,10,10,10,10,10,10,22,0,6,6.033577272319235,4.977800002961885,9.930499996698927,14659.0
1782451196,5,POST,/cart/checkout [abuse],1.200000,0.000000,10,10,11,11,11,12,12,12,12,12,12,22,0,10,9.682190909105968,8.438400000159163,12.340200002654456,5004.0
1782451196,5,GET,/product/[id] [checkout abuse],1.200000,0.000000,6,6,7,7,8,8,8,8,8,8,8,22,0,6,6.108113636649002,4.771899999468587,8.012600002984982,5865.0
1782451196,5,,Aggregated,4.800000,0.000000,6,8,9,10,11,11,50,50,50,50,50,93,0,6,117.68709139791079,3.2953999980236404,2059.162400000787,6603.344086021505
1782451197,5,GET,/ [checkout abuse session],0.000000,0.000000,2100,2100,2100,2100,2100,2100,2100,2100,2100,2100,2100,5,0,2038.6421000002883,2047.6698200014653,2038.6421000002883,2059.162400000787,10499.0
1782451197,5,POST,/cart [add item abuse],1.200000,0.000000,4,5,5,5,11,50,50,50,50,50,50,23,0,4,10.055178260739448,3.2953999980236404,49.685799996950664,0.0
1782451197,5,GET,/cart [view abuse],1.200000,0.000000,6,6,7,7,7,10,10,10,10,10,10,23,0,6,6.096299999626353,4.977800002961885,9.930499996698927,14659.0
1782451197,5,POST,/cart/checkout [abuse],1.200000,0.000000,10,10,11,11,11,12,12,12,12,12,12,23,0,10,9.750865217305861,8.438400000159163,12.340200002654456,5004.0
1782451197,5,GET,/product/[id] [checkout abuse],1.200000,0.000000,6,7,8,8,8,8,8,8,8,8,8,23,0,6,6.185108695796731,4.771899999468587,8.012600002984982,5865.0
1782451197,5,,Aggregated,4.800000,0.000000,6,8,9,10,11,11,50,50,50,50,50,97,0,6,113.15835567007319,3.2953999980236404,2059.162400000787,6594.216494845361
1782451198,5,GET,/ [checkout abuse session],0.000000,0.000000,2100,2100,2100,2100,2100,2100,2100,2100,2100,2100,2100,5,0,2038.6421000002883,2047.6698200014653,2038.6421000002883,2059.162400000787,10499.0
1782451198,5,POST,/cart [add item abuse],1.200000,0.000000,4,4,5,5,11,50,50,50,50,50,50,25,0,4,9.557311999960802,3.2953999980236404,49.685799996950664,0.0
1782451198,5,GET,/cart [view abuse],1.200000,0.000000,6,6,6,7,7,10,10,10,10,10,10,25,0,6,6.075359999667853,4.977800002961885,9.930499996698927,14659.0
1782451198,5,POST,/cart/checkout [abuse],1.200000,0.000000,10,10,10,11,11,12,12,12,12,12,12,25,0,10,9.759179999819025,8.438400000159163,12.340200002654456,5004.0
1782451198,5,GET,/product/[id] [checkout abuse],1.200000,0.000000,6,7,7,8,8,8,8,8,8,8,8,25,0,6,6.24065599986352,4.771899999468587,8.012600002984982,5865.0
1782451198,5,,Aggregated,4.800000,0.000000,6,8,9,9,10,11,12,50,50,50,50,105,0,6,105.03963619038197,3.2953999980236404,2059.162400000787,6578.047619047619
1782451199,5,GET,/ [checkout abuse session],0.000000,0.000000,2100,2100,2100,2100,2100,2100,2100,2100,2100,2100,2100,5,0,2038.6421000002883,2047.6698200014653,2038.6421000002883,2059.162400000787,10499.0
1782451199,5,POST,/cart [add item abuse],1.200000,0.000000,4,4,4,5,5,11,11,11,11,11,11,26,0,4,9.34463461537514,3.2953999980236404,49.685799996950664,0.0
1782451199,5,GET,/cart [view abuse],1.200000,0.000000,6,6,7,7,8,10,10,10,10,10,10,26,0,6,6.1566730767551165,4.977800002961885,9.930499996698927,14659.0
1782451199,5,POST,/cart/checkout [abuse],1.200000,0.000000,10,10,11,11,11,12,12,12,12,12,12,25,0,10,9.759179999819025,8.438400000159163,12.340200002654456,5004.0
1782451199,5,GET,/product/[id] [checkout abuse],1.200000,0.000000,7,7,8,8,8,8,8,8,8,8,8,26,0,6,6.289446153599643,4.771899999468587,8.012600002984982,5865.0
1782451199,5,,Aggregated,4.800000,0.000000,6,8,9,9,10,11,11,12,12,12,12,108,0,6,102.30452037029426,3.2953999980236404,2059.162400000787,6585.361111111111
1782451200,5,GET,/ [checkout abuse session],0.000000,0.000000,0,0,0,0,0,0,0,0,0,0,0,5,0,2038.6421000002883,2047.6698200014653,2038.6421000002883,2059.162400000787,10499.0
1782451200,5,POST,/cart [add item abuse],1.200000,0.000000,4,4,5,5,11,47,47,47,47,47,47,28,0,4,10.498250000247415,3.2953999980236404,49.685799996950664,0.0
1782451200,5,GET,/cart [view abuse],1.200000,0.000000,6,6,7,7,8,10,10,10,10,10,10,28,0,6,6.158564285474962,4.977800002961885,9.930499996698927,14659.0
1782451200,5,POST,/cart/checkout [abuse],1.200000,0.000000,10,10,11,11,11,12,12,12,12,12,12,28,0,10,9.755049999512266,8.438400000159163,12.340200002654456,5004.0
1782451200,5,GET,/product/[id] [checkout abuse],1.200000,0.000000,7,7,8,8,8,8,8,8,8,8,8,28,0,6,6.290535714080241,4.771899999468587,8.012600002984982,5865.0
1782451200,5,,Aggregated,4.800000,0.000000,7,8,10,10,11,11,47,47,47,47,47,117,0,6,95.3334726494713,3.2953999980236404,2059.162400000787,6557.940170940171
1782451201,5,GET,/ [checkout abuse session],0.000000,0.000000,0,0,0,0,0,0,0,0,0,0,0,5,0,2038.6421000002883,2047.6698200014653,2038.6421000002883,2059.162400000787,10499.0
1782451201,5,POST,/cart [add item abuse],1.200000,0.000000,4,4,5,5,11,47,47,47,47,47,47,28,0,4,10.498250000247415,3.2953999980236404,49.685799996950664,0.0
1782451201,5,GET,/cart [view abuse],1.200000,0.000000,6,6,7,7,8,10,10,10,10,10,10,28,0,6,6.158564285474962,4.977800002961885,9.930499996698927,14659.0
1782451201,5,POST,/cart/checkout [abuse],1.200000,0.000000,10,10,10,10,11,11,11,11,11,11,11,28,0,10,9.755049999512266,8.438400000159163,12.340200002654456,5004.0
1782451201,5,GET,/product/[id] [checkout abuse],1.200000,0.000000,7,7,8,8,8,8,8,8,8,8,8,28,0,6,6.290535714080241,4.771899999468587,8.012600002984982,5865.0
1782451201,5,,Aggregated,4.800000,0.000000,7,8,10,10,10,11,47,47,47,47,47,117,0,6,95.3334726494713,3.2953999980236404,2059.162400000787,6557.940170940171
1782451202,5,GET,/ [checkout abuse session],0.000000,0.000000,0,0,0,0,0,0,0,0,0,0,0,5,0,2038.6421000002883,2047.6698200014653,2038.6421000002883,2059.162400000787,10499.0
1782451202,5,POST,/cart [add item abuse],1.300000,0.000000,4,4,5,5,11,47,47,47,47,47,47,30,0,4,10.034353333564164,3.2953999980236404,49.685799996950664,0.0
1782451202,5,GET,/cart [view abuse],1.300000,0.000000,6,6,7,7,8,10,10,10,10,10,10,30,0,6,6.148026666536073,4.977800002961885,9.930499996698927,14659.0
1782451202,5,POST,/cart/checkout [abuse],1.300000,0.000000,10,10,11,11,11,11,11,11,11,11,11,30,0,10,9.80679333321556,8.438400000159163,12.340200002654456,5004.0
1782451202,5,GET,/product/[id] [checkout abuse],1.300000,0.000000,7,7,8,8,8,8,8,8,8,8,8,30,0,6,6.282023333187681,4.771899999468587,8.012600002984982,5865.0
1782451202,5,,Aggregated,5.200000,0.000000,7,8,10,10,11,11,47,47,47,47,47,125,0,6,89.65188000001945,3.2953999980236404,2059.162400000787,6546.68
1782451203,5,GET,/ [checkout abuse session],0.000000,0.000000,0,0,0,0,0,0,0,0,0,0,0,5,0,2038.6421000002883,2047.6698200014653,2038.6421000002883,2059.162400000787,10499.0
1782451203,5,POST,/cart [add item abuse],1.200000,0.000000,4,4,5,5,11,47,47,47,47,47,47,31,0,4,9.838387097143793,3.2953999980236404,49.685799996950664,0.0
1782451203,5,GET,/cart [view abuse],1.200000,0.000000,6,6,7,7,8,10,10,10,10,10,10,31,0,6,6.140196774081672,4.977800002961885,9.930499996698927,14659.0
1782451203,5,POST,/cart/checkout [abuse],1.200000,0.000000,10,10,11,11,11,11,11,11,11,11,11,31,0,10,9.766580644927378,8.438400000159163,12.340200002654456,5004.0
1782451203,5,GET,/product/[id] [checkout abuse],1.200000,0.000000,7,7,8,8,8,8,8,8,8,8,8,31,0,6,6.271790322517195,4.771899999468587,8.012600002984982,5865.0
1782451203,5,,Aggregated,4.800000,0.000000,7,8,10,10,11,11,47,47,47,47,47,129,0,6,87.06104418609378,3.2953999980236404,2059.162400000787,6541.573643410853
1782451204,5,GET,/ [checkout abuse session],0.000000,0.000000,0,0,0,0,0,0,0,0,0,0,0,5,0,2038.6421000002883,2047.6698200014653,2038.6421000002883,2059.162400000787,10499.0
1782451204,5,POST,/cart [add item abuse],1.200000,0.000000,4,4,5,5,11,47,47,47,47,47,47,32,0,4,9.659978125455382,3.2953999980236404,49.685799996950664,0.0
1782451204,5,GET,/cart [view abuse],1.200000,0.000000,6,6,7,7,8,10,10,10,10,10,10,32,0,6,6.111174999887226,4.977800002961885,9.930499996698927,14659.0
1782451204,5,POST,/cart/checkout [abuse],1.200000,0.000000,10,10,11,11,11,11,11,11,11,11,11,32,0,10,9.73489999978483,8.438400000159163,12.340200002654456,5004.0
1782451204,5,GET,/product/[id] [checkout abuse],1.200000,0.000000,7,7,8,8,8,8,8,8,8,8,8,32,0,6,6.2809593750898784,4.771899999468587,8.012600002984982,5865.0
1782451204,5,,Aggregated,4.800000,0.000000,7,8,10,10,11,11,47,47,47,47,47,133,0,6,84.6280714286788,3.2953999980236404,2059.162400000787,6536.774436090225
1782451205,5,GET,/ [checkout abuse session],0.000000,0.000000,0,0,0,0,0,0,0,0,0,0,0,5,0,2038.6421000002883,2047.6698200014653,2038.6421000002883,2059.162400000787,10499.0
1782451205,5,POST,/cart [add item abuse],1.200000,0.000000,4,4,4,5,11,47,47,47,47,47,47,33,0,4,9.469284849094976,3.2953999980236404,49.685799996950664,0.0
1782451205,5,GET,/cart [view abuse],1.200000,0.000000,6,6,6,7,8,10,10,10,10,10,10,33,0,6,6.099406060512234,4.977800002961885,9.930499996698927,14659.0
1782451205,5,POST,/cart/checkout [abuse],1.200000,0.000000,10,10,11,11,11,11,11,11,11,11,11,33,0,10,9.762790908897648,8.438400000159163,12.340200002654456,5004.0
1782451205,5,GET,/product/[id] [checkout abuse],1.200000,0.000000,7,7,7,8,8,8,8,8,8,8,8,33,0,6,6.262812121404392,4.771899999468587,8.012600002984982,5865.0
1782451205,5,,Aggregated,4.800000,0.000000,7,8,10,10,11,11,11,47,47,47,47,137,0,6,82.3427795622214,3.2953999980236404,2059.162400000787,6532.255474452555
1782451206,5,GET,/ [checkout abuse session],0.000000,0.000000,0,0,0,0,0,0,0,0,0,0,0,5,0,2038.6421000002883,2047.6698200014653,2038.6421000002883,2059.162400000787,10499.0
1782451206,5,POST,/cart [add item abuse],1.200000,0.000000,4,4,4,4,5,47,47,47,47,47,47,35,0,4,9.154657143517397,3.2953999980236404,49.685799996950664,0.0
1782451206,5,GET,/cart [view abuse],1.200000,0.000000,6,6,6,6,7,8,8,8,8,8,8,35,0,6,6.067997142755693,4.977800002961885,9.930499996698927,14659.0
1782451206,5,POST,/cart/checkout [abuse],1.200000,0.000000,10,10,10,11,11,11,11,11,11,11,11,35,0,10,9.746748571342323,8.438400000159163,12.340200002654456,5004.0
1782451206,5,GET,/product/[id] [checkout abuse],1.200000,0.000000,7,7,7,7,8,8,8,8,8,8,8,35,0,6,6.252608571542494,4.771899999468587,8.012600002984982,5865.0
1782451206,5,,Aggregated,4.800000,0.000000,6,7,9,9,10,11,11,47,47,47,47,145,0,6,78.14565172433002,3.2953999980236404,2059.162400000787,6523.9655172413795
1782451207,5,GET,/ [checkout abuse session],0.000000,0.000000,0,0,0,0,0,0,0,0,0,0,0,5,0,2038.6421000002883,2047.6698200014653,2038.6421000002883,2059.162400000787,10499.0
1782451207,5,POST,/cart [add item abuse],1.200000,0.000000,4,4,4,4,4,47,47,47,47,47,47,36,0,4,9.015380556269925,3.2953999980236404,49.685799996950664,0.0
1782451207,5,GET,/cart [view abuse],1.200000,0.000000,6,6,6,6,6,8,8,8,8,8,8,36,0,6,6.061977777790162,4.977800002961885,9.930499996698927,14659.0
1782451207,5,POST,/cart/checkout [abuse],1.200000,0.000000,10,10,10,10,11,11,11,11,11,11,11,36,0,10,9.729461111015148,8.438400000159163,12.340200002654456,5004.0
1782451207,5,GET,/product/[id] [checkout abuse],1.200000,0.000000,6,7,7,7,7,8,8,8,8,8,8,36,0,6,6.253911111343768,4.771899999468587,8.012600002984982,5865.0
1782451207,5,,Aggregated,4.800000,0.000000,6,7,9,9,10,11,47,47,47,47,47,149,0,6,76.21835838951954,3.2953999980236404,2059.162400000787,6520.154362416108
1782451208,5,GET,/ [checkout abuse session],0.000000,0.000000,0,0,0,0,0,0,0,0,0,0,0,5,0,2038.6421000002883,2047.6698200014653,2038.6421000002883,2059.162400000787,10499.0
1782451208,5,POST,/cart [add item abuse],1.100000,0.000000,4,4,4,4,4,47,47,47,47,47,47,38,0,4,8.767736842855811,3.2953999980236404,49.685799996950664,0.0
1782451208,5,GET,/cart [view abuse],1.100000,0.000000,6,6,6,6,6,8,8,8,8,8,8,38,0,6,6.0589026315459416,4.977800002961885,9.930499996698927,14659.0
1782451208,5,POST,/cart/checkout [abuse],1.100000,0.000000,10,10,10,11,11,12,12,12,12,12,12,38,0,10,9.780297368323724,8.438400000159163,12.340200002654456,5004.0
1782451208,5,GET,/product/[id] [checkout abuse],1.100000,0.000000,6,7,7,7,7,8,8,8,8,8,8,38,0,6,6.288668421276318,4.771899999468587,8.012600002984982,5865.0
1782451208,5,,Aggregated,4.400000,0.000000,6,7,9,9,10,11,12,47,47,47,47,157,0,6,72.69033184738468,3.2953999980236404,2059.162400000787,6513.114649681529
1782451209,5,GET,/ [checkout abuse session],0.000000,0.000000,0,0,0,0,0,0,0,0,0,0,0,5,0,2038.6421000002883,2047.6698200014653,2038.6421000002883,2059.162400000787,10499.0
1782451209,5,POST,/cart [add item abuse],1.100000,0.000000,4,4,4,4,4,47,47,47,47,47,47,38,0,4,8.767736842855811,3.2953999980236404,49.685799996950664,0.0
1782451209,5,GET,/cart [view abuse],1.100000,0.000000,6,6,6,6,6,6,6,6,6,6,6,38,0,6,6.0589026315459416,4.977800002961885,9.930499996698927,14659.0
1782451209,5,POST,/cart/checkout [abuse],1.100000,0.000000,10,10,11,11,11,12,12,12,12,12,12,38,0,10,9.780297368323724,8.438400000159163,12.340200002654456,5004.0
1782451209,5,GET,/product/[id] [checkout abuse],1.100000,0.000000,6,7,7,7,7,7,7,7,7,7,7,38,0,6,6.288668421276318,4.771899999468587,8.012600002984982,5865.0
1782451209,5,,Aggregated,4.400000,0.000000,6,7,9,9,10,11,47,47,47,47,47,157,0,6,72.69033184738468,3.2953999980236404,2059.162400000787,6513.114649681529
1782451210,5,GET,/ [checkout abuse session],0.000000,0.000000,0,0,0,0,0,0,0,0,0,0,0,5,0,2038.6421000002883,2047.6698200014653,2038.6421000002883,2059.162400000787,10499.0
1782451210,5,POST,/cart [add item abuse],1.300000,0.000000,4,4,4,4,4,5,5,5,5,5,5,40,0,4,8.535502500853909,3.2953999980236404,49.685799996950664,0.0
1782451210,5,GET,/cart [view abuse],1.300000,0.000000,6,6,6,6,6,7,7,7,7,7,7,40,0,6,6.068977499671746,4.977800002961885,9.930499996698927,14659.0
1782451210,5,POST,/cart/checkout [abuse],1.300000,0.000000,10,10,11,11,11,12,12,12,12,12,12,40,0,10,9.786362500017276,8.438400000159163,12.340200002654456,5004.0
1782451210,5,GET,/product/[id] [checkout abuse],1.300000,0.000000,6,6,7,7,7,7,7,7,7,7,7,40,0,6,6.25893750020623,4.771899999468587,8.012600002984982,5865.0
1782451210,5,,Aggregated,5.200000,0.000000,6,7,9,9,10,11,12,12,12,12,12,165,0,6,69.48085030325632,3.2953999980236404,2059.162400000787,6506.757575757576
1782451211,5,GET,/ [checkout abuse session],0.000000,0.000000,0,0,0,0,0,0,0,0,0,0,0,5,0,2038.6421000002883,2047.6698200014653,2038.6421000002883,2059.162400000787,10499.0
1782451211,5,POST,/cart [add item abuse],1.300000,0.000000,4,4,4,4,4,5,5,5,5,5,5,41,0,4,8.423309757057634,3.2953999980236404,49.685799996950664,0.0
1782451211,5,GET,/cart [view abuse],1.300000,0.000000,6,6,6,6,6,7,7,7,7,7,7,41,0,6,6.070619511841115,4.977800002961885,9.930499996698927,14659.0
1782451211,5,POST,/cart/checkout [abuse],1.300000,0.000000,10,10,11,11,11,12,12,12,12,12,12,41,0,10,9.827778048752297,8.438400000159163,12.340200002654456,5004.0
1782451211,5,GET,/product/[id] [checkout abuse],1.300000,0.000000,6,6,7,7,7,7,7,7,7,7,7,41,0,6,6.26970487810024,4.771899999468587,8.012600002984982,5865.0
1782451211,5,,Aggregated,5.200000,0.000000,6,7,9,9,10,11,12,12,12,12,12,169,0,6,68.00353254457472,3.2953999980236404,2059.162400000787,6503.80473372781
1782451212,5,GET,/ [checkout abuse session],0.000000,0.000000,0,0,0,0,0,0,0,0,0,0,0,5,0,2038.6421000002883,2047.6698200014653,2038.6421000002883,2059.162400000787,10499.0
1782451212,5,POST,/cart [add item abuse],1.200000,0.000000,4,4,4,4,4,5,5,5,5,5,5,42,0,4,8.315945239051612,3.2953999980236404,49.685799996950664,0.0
1782451212,5,GET,/cart [view abuse],1.200000,0.000000,6,6,6,6,6,7,7,7,7,7,7,42,0,6,6.0615523805262495,4.977800002961885,9.930499996698927,14659.0
1782451212,5,POST,/cart/checkout [abuse],1.200000,0.000000,10,10,11,11,11,12,12,12,12,12,12,42,0,10,9.831304761887406,8.438400000159163,12.340200002654456,5004.0
1782451212,5,GET,/product/[id] [checkout abuse],1.200000,0.000000,6,6,7,7,7,7,7,7,7,7,7,42,0,6,6.25663571433203,4.771899999468587,8.012600002984982,5865.0
1782451212,5,,Aggregated,4.800000,0.000000,6,7,9,9,10,11,12,12,12,12,12,173,0,6,66.5774421967099,3.2953999980236404,2059.162400000787,6500.9884393063585
1782451213,5,GET,/ [checkout abuse session],0.000000,0.000000,0,0,0,0,0,0,0,0,0,0,0,5,0,2038.6421000002883,2047.6698200014653,2038.6421000002883,2059.162400000787,10499.0
1782451213,5,POST,/cart [add item abuse],1.200000,0.000000,4,4,4,4,4,5,5,5,5,5,5,43,0,4,8.22013953574094,3.2953999980236404,49.685799996950664,0.0
1782451213,5,GET,/cart [view abuse],1.200000,0.000000,6,6,6,6,6,7,7,7,7,7,7,43,0,6,6.052848836779324,4.977800002961885,9.930499996698927,14659.0
1782451213,5,POST,/cart/checkout [abuse],1.200000,0.000000,10,10,11,11,11,12,12,12,12,12,12,43,0,10,9.816004651183057,8.438400000159163,12.340200002654456,5004.0
1782451213,5,GET,/product/[id] [checkout abuse],1.200000,0.000000,6,7,7,7,7,7,7,7,7,7,7,43,0,6,6.263544186029237,4.771899999468587,8.012600002984982,5865.0
1782451213,5,,Aggregated,4.800000,0.000000,6,7,9,9,10,11,12,12,12,12,12,177,0,6,65.21756045212331,3.2953999980236404,2059.162400000787,6498.299435028249
1782451214,5,GET,/ [checkout abuse session],0.000000,0.000000,0,0,0,0,0,0,0,0,0,0,0,5,0,2038.6421000002883,2047.6698200014653,2038.6421000002883,2059.162400000787,10499.0
1782451214,5,POST,/cart [add item abuse],1.200000,0.000000,4,4,4,4,5,5,5,5,5,5,5,45,0,4,8.039520000844883,3.2953999980236404,49.685799996950664,0.0
1782451214,5,GET,/cart [view abuse],1.200000,0.000000,6,6,6,6,6,7,7,7,7,7,7,45,0,6,6.05442666645912,4.977800002961885,9.930499996698927,14659.0
1782451214,5,POST,/cart/checkout [abuse],1.200000,0.000000,10,10,10,11,11,12,12,12,12,12,12,45,0,10,9.798348889065286,8.438400000159163,12.340200002654456,5004.0
1782451214,5,GET,/product/[id] [checkout abuse],1.200000,0.000000,6,7,7,7,7,7,7,7,7,7,7,45,0,6,6.255977777861214,4.771899999468587,8.012600002984982,5865.0
1782451214,5,,Aggregated,4.800000,0.000000,6,7,9,9,10,11,11,12,12,12,12,185,0,6,62.675791351609185,3.2953999980236404,2059.162400000787,6493.27027027027
1782451215,5,GET,/ [checkout abuse session],0.000000,0.000000,0,0,0,0,0,0,0,0,0,0,0,5,0,2038.6421000002883,2047.6698200014653,2038.6421000002883,2059.162400000787,10499.0
1782451215,5,POST,/cart [add item abuse],1.300000,0.000000,4,4,4,4,5,5,5,5,5,5,5,46,0,4,7.9566239138607076,3.2953999980236404,49.685799996950664,0.0
1782451215,5,GET,/cart [view abuse],1.300000,0.000000,6,6,6,6,6,7,7,7,7,7,7,46,0,6,6.045354347525458,4.977800002961885,9.930499996698927,14659.0
1782451215,5,POST,/cart/checkout [abuse],1.300000,0.000000,10,10,10,11,12,57,57,57,57,57,57,46,0,10,10.834180435030367,8.438400000159163,57.446600003459025,5004.0
1782451215,5,GET,/product/[id] [checkout abuse],1.300000,0.000000,6,7,7,7,7,7,7,7,7,7,7,46,0,6,6.261371739326379,4.771899999468587,8.012600002984982,5865.0
1782451215,5,,Aggregated,5.200000,0.000000,6,7,9,9,10,11,12,57,57,57,57,189,0,6,61.73987037064286,3.2953999980236404,2059.162400000787,6490.915343915344
1782451216,5,GET,/ [checkout abuse session],0.000000,0.000000,0,0,0,0,0,0,0,0,0,0,0,5,0,2038.6421000002883,2047.6698200014653,2038.6421000002883,2059.162400000787,10499.0
1782451216,5,POST,/cart [add item abuse],1.200000,0.000000,4,4,4,4,5,5,5,5,5,5,5,47,0,4,7.864282979503611,3.2953999980236404,49.685799996950664,0.0
1782451216,5,GET,/cart [view abuse],1.200000,0.000000,6,6,6,6,6,7,7,7,7,7,7,47,0,6,6.031182978520209,4.977800002961885,9.930499996698927,14659.0
1782451216,5,POST,/cart/checkout [abuse],1.200000,0.000000,10,10,11,11,12,57,57,57,57,57,57,47,0,10,10.803529787424734,8.438400000159163,57.446600003459025,5004.0
1782451216,5,GET,/product/[id] [checkout abuse],1.200000,0.000000,6,7,7,7,7,7,7,7,7,7,7,47,0,6,6.2511808511694555,4.771899999468587,8.012600002984982,5865.0
1782451216,5,,Aggregated,4.800000,0.000000,6,7,9,9,10,11,57,57,57,57,57,193,0,6,60.58553057019882,3.2953999980236404,2059.162400000787,6488.658031088083
1782451217,5,GET,/ [checkout abuse session],0.000000,0.000000,0,0,0,0,0,0,0,0,0,0,0,5,0,2038.6421000002883,2047.6698200014653,2038.6421000002883,2059.162400000787,10499.0
1782451217,5,POST,/cart [add item abuse],1.200000,0.000000,4,4,4,4,5,5,5,5,5,5,5,49,0,4,7.701104082468878,3.2953999980236404,49.685799996950664,0.0
1782451217,5,GET,/cart [view abuse],1.200000,0.000000,6,6,6,6,6,7,7,7,7,7,7,49,0,6,6.017891836396599,4.977800002961885,9.930499996698927,14659.0
1782451217,5,POST,/cart/checkout [abuse],1.200000,0.000000,10,10,11,11,52,57,57,57,57,57,57,49,0,10,11.637177551165223,8.438400000159163,57.446600003459025,5004.0
1782451217,5,GET,/product/[id] [checkout abuse],1.200000,0.000000,6,6,7,7,7,7,7,7,7,7,7,49,0,6,6.235016326506726,4.771899999468587,8.012600002984982,5865.0
1782451217,5,,Aggregated,4.800000,0.000000,6,7,9,9,10,11,57,57,57,57,57,201,0,6,58.638395025062984,3.2953999980236404,2059.162400000787,6484.412935323383
1782451218,5,GET,/ [checkout abuse session],0.000000,0.000000,0,0,0,0,0,0,0,0,0,0,0,5,0,2038.6421000002883,2047.6698200014653,2038.6421000002883,2059.162400000787,10499.0
1782451218,5,POST,/cart [add item abuse],1.300000,0.000000,4,4,4,4,5,5,5,5,5,5,5,50,0,4,7.613154000864597,3.2953999980236404,49.685799996950664,0.0
1782451218,5,GET,/cart [view abuse],1.300000,0.000000,6,6,6,6,7,7,7,7,7,7,7,50,0,6,6.031615999672795,4.977800002961885,9.930499996698927,14659.0
1782451218,5,POST,/cart/checkout [abuse],1.300000,0.000000,10,10,10,11,52,57,57,57,57,57,57,50,0,10,11.599500000156695,8.438400000159163,57.446600003459025,5004.0
1782451218,5,GET,/product/[id] [checkout abuse],1.300000,0.000000,6,7,7,7,7,7,7,7,7,7,7,50,0,6,6.253217999910703,4.771899999468587,8.012600002984982,5865.0
1782451218,5,,Aggregated,5.200000,0.000000,6,7,9,9,10,11,52,57,57,57,57,205,0,6,57.62548048798813,3.2953999980236404,2059.162400000787,6482.414634146341
1782451219,5,GET,/ [checkout abuse session],0.000000,0.000000,0,0,0,0,0,0,0,0,0,0,0,5,0,2038.6421000002883,2047.6698200014653,2038.6421000002883,2059.162400000787,10499.0
1782451219,5,POST,/cart [add item abuse],1.100000,0.000000,4,4,4,4,5,5,5,5,5,5,5,51,0,4,7.53217843228805,3.2953999980236404,49.685799996950664,0.0
1782451219,5,GET,/cart [view abuse],1.100000,0.000000,6,6,6,6,7,7,7,7,7,7,7,51,0,6,6.014731372238648,4.977800002961885,9.930499996698927,14659.0
1782451219,5,POST,/cart/checkout [abuse],1.100000,0.000000,10,10,10,11,52,57,57,57,57,57,57,51,0,10,11.539352941326797,8.438400000159163,57.446600003459025,5004.0
1782451219,5,GET,/product/[id] [checkout abuse],1.100000,0.000000,6,7,7,7,7,8,8,8,8,8,8,51,0,6,6.2844588233822245,4.771899999468587,8.012600002984982,5865.0
1782451219,5,,Aggregated,4.400000,0.000000,6,7,9,9,10,11,52,57,57,57,57,209,0,6,56.64237272745621,3.2953999980236404,2059.162400000787,6480.492822966507
1782451220,5,GET,/ [checkout abuse session],0.000000,0.000000,0,0,0,0,0,0,0,0,0,0,0,5,0,2038.6421000002883,2047.6698200014653,2038.6421000002883,2059.162400000787,10499.0
1782451220,5,POST,/cart [add item abuse],1.200000,0.000000,4,4,4,4,4,5,5,5,5,5,5,52,0,4,7.454828846955654,3.2953999980236404,49.685799996950664,0.0
1782451220,5,GET,/cart [view abuse],1.200000,0.000000,6,6,6,6,6,7,7,7,7,7,7,52,0,6,6.005696153666717,4.977800002961885,9.930499996698927,14659.0
1782451220,5,POST,/cart/checkout [abuse],1.200000,0.000000,10,10,11,11,52,57,57,57,57,57,57,52,0,10,11.504442307761146,8.438400000159163,57.446600003459025,5004.0
1782451220,5,GET,/product/[id] [checkout abuse],1.200000,0.000000,6,7,7,7,7,8,8,8,8,8,8,52,0,6,6.2718923075478346,4.771899999468587,8.012600002984982,5865.0
1782451220,5,,Aggregated,4.800000,0.000000,6,7,9,9,10,11,57,57,57,57,57,213,0,6,55.69326666683454,3.2953999980236404,2059.162400000787,6478.643192488263
1782451221,5,GET,/ [checkout abuse session],0.000000,0.000000,0,0,0,0,0,0,0,0,0,0,0,5,0,2038.6421000002883,2047.6698200014653,2038.6421000002883,2059.162400000787,10499.0
1782451221,5,POST,/cart [add item abuse],1.200000,0.000000,4,4,4,4,4,5,5,5,5,5,5,53,0,4,7.390832076264317,3.2953999980236404,49.685799996950664,0.0
1782451221,5,GET,/cart [view abuse],1.200000,0.000000,6,6,6,6,6,7,7,7,7,7,7,53,0,6,6.0047943394615775,4.977800002961885,9.930499996698927,14659.0
1782451221,5,POST,/cart/checkout [abuse],1.200000,0.000000,10,10,10,10,52,57,57,57,57,57,57,53,0,10,11.471318868060271,8.438400000159163,57.446600003459025,5004.0
1782451221,5,GET,/product/[id] [checkout abuse],1.200000,0.000000,6,6,7,7,7,8,8,8,8,8,8,53,0,6,6.265435848859543,4.771899999468587,8.012600002984982,5865.0
1782451221,5,,Aggregated,4.800000,0.000000,6,7,9,9,10,10,57,57,57,57,57,217,0,6,54.785093548560134,3.2953999980236404,2059.162400000787,6476.861751152073
1782451222,5,GET,/ [checkout abuse session],0.000000,0.000000,0,0,0,0,0,0,0,0,0,0,0,5,0,2038.6421000002883,2047.6698200014653,2038.6421000002883,2059.162400000787,10499.0
1782451222,5,POST,/cart [add item abuse],1.400000,0.000000,4,4,4,4,4,5,5,5,5,5,5,55,0,4,7.254223637044726,3.2953999980236404,49.685799996950664,0.0
1782451222,5,GET,/cart [view abuse],1.400000,0.000000,6,6,6,6,6,7,7,7,7,7,7,55,0,6,5.98021454524397,4.977800002961885,9.930499996698927,14659.0
1782451222,5,POST,/cart/checkout [abuse],1.300000,0.000000,10,10,10,10,52,57,57,57,57,57,57,55,0,10,11.394774545492096,8.438400000159163,57.446600003459025,5004.0
1782451222,5,GET,/product/[id] [checkout abuse],1.400000,0.000000,6,7,7,7,7,8,8,8,8,8,8,55,0,6,6.280514545373577,4.771899999468587,8.012600002984982,5865.0
1782451222,5,,Aggregated,5.500000,0.000000,6,7,9,9,10,10,52,57,57,57,57,225,0,6,53.05948488902585,3.2953999980236404,2059.162400000787,6473.488888888889
1782451223,5,GET,/ [checkout abuse session],0.000000,0.000000,0,0,0,0,0,0,0,0,0,0,0,5,0,2038.6421000002883,2047.6698200014653,2038.6421000002883,2059.162400000787,10499.0
1782451223,5,POST,/cart [add item abuse],1.200000,0.000000,4,4,4,4,4,5,5,5,5,5,5,56,0,4,7.1949178578246835,3.2953999980236404,49.685799996950664,0.0
1782451223,5,GET,/cart [view abuse],1.200000,0.000000,6,6,6,6,6,7,7,7,7,7,7,56,0,6,5.981682142711569,4.977800002961885,9.930499996698927,14659.0
1782451223,5,POST,/cart/checkout [abuse],1.200000,0.000000,10,10,10,10,52,57,57,57,57,57,57,56,0,10,11.377200000034852,8.438400000159163,57.446600003459025,5004.0
1782451223,5,GET,/product/[id] [checkout abuse],1.200000,0.000000,6,7,7,7,7,8,8,8,8,8,8,56,0,6,6.28688571422182,4.771899999468587,8.012600002984982,5865.0
1782451223,5,,Aggregated,4.800000,0.000000,6,7,9,9,10,10,52,57,57,57,57,229,0,6,52.250775109326334,3.2953999980236404,2059.162400000787,6471.890829694323
1782451224,5,GET,/ [checkout abuse session],0.000000,0.000000,0,0,0,0,0,0,0,0,0,0,0,5,0,2038.6421000002883,2047.6698200014653,2038.6421000002883,2059.162400000787,10499.0
1782451224,5,POST,/cart [add item abuse],1.200000,0.000000,4,4,4,4,4,49,49,49,49,49,49,57,0,4,7.9310333340688155,3.2953999980236404,49.685799996950664,0.0
1782451224,5,GET,/cart [view abuse],1.200000,0.000000,6,6,6,6,6,7,7,7,7,7,7,57,0,6,5.9827157894145335,4.977800002961885,9.930499996698927,14659.0
1782451224,5,POST,/cart/checkout [abuse],1.200000,0.000000,10,10,10,10,52,57,57,57,57,57,57,57,0,10,11.346442105270015,8.438400000159163,57.446600003459025,5004.0
1782451224,5,GET,/product/[id] [checkout abuse],1.200000,0.000000,7,7,7,7,7,8,8,8,8,8,8,57,0,6,6.302542105243591,4.771899999468587,8.012600002984982,5865.0
1782451224,5,,Aggregated,4.800000,0.000000,6,7,9,10,10,49,57,57,57,57,57,233,0,6,51.66276781135259,3.2953999980236404,2059.162400000787,6470.347639484979
1782451225,5,GET,/ [checkout abuse session],0.000000,0.000000,0,0,0,0,0,0,0,0,0,0,0,5,0,2038.6421000002883,2047.6698200014653,2038.6421000002883,2059.162400000787,10499.0
1782451225,5,POST,/cart [add item abuse],1.200000,0.000000,4,4,4,4,4,49,49,49,49,49,49,59,0,4,7.787101695627779,3.2953999980236404,49.685799996950664,0.0
1782451225,5,GET,/cart [view abuse],1.200000,0.000000,6,6,6,6,6,7,7,7,7,7,7,59,0,6,5.964788135439078,4.977800002961885,9.930499996698927,14659.0
1782451225,5,POST,/cart/checkout [abuse],1.200000,0.000000,10,10,10,10,13,52,52,52,52,52,52,59,0,10,11.332038982985424,8.438400000159163,57.446600003459025,5004.0
1782451225,5,GET,/product/[id] [checkout abuse],1.200000,0.000000,6,7,7,7,7,8,8,8,8,8,8,59,0,6,6.289559322132106,4.771899999468587,8.012600002984982,5865.0
1782451225,5,,Aggregated,4.800000,0.000000,6,7,9,9,10,13,49,52,52,52,52,241,0,6,50.16342282175189,3.2953999980236404,2059.162400000787,6467.414937759336
1782451226,5,GET,/ [checkout abuse session],0.000000,0.000000,0,0,0,0,0,0,0,0,0,0,0,5,0,2038.6421000002883,2047.6698200014653,2038.6421000002883,2059.162400000787,10499.0
1782451226,5,POST,/cart [add item abuse],1.300000,0.000000,4,4,4,4,4,49,49,49,49,49,49,60,0,4,7.722215000709791,3.2953999980236404,49.685799996950664,0.0
1782451226,5,GET,/cart [view abuse],1.300000,0.000000,6,6,6,6,6,7,7,7,7,7,7,60,0,6,5.967491666524438,4.977800002961885,9.930499996698927,14659.0
1782451226,5,POST,/cart/checkout [abuse],1.300000,0.000000,10,10,10,10,13,52,52,52,52,52,52,60,0,10,11.31724666665832,8.438400000159163,57.446600003459025,5004.0
1782451226,5,GET,/product/[id] [checkout abuse],1.300000,0.000000,6,7,7,7,7,8,8,8,8,8,8,60,0,6,6.289560000125978,4.771899999468587,8.012600002984982,5865.0
1782451226,5,,Aggregated,5.200000,0.000000,6,7,9,10,10,13,49,52,52,52,52,245,0,6,49.45363224509566,3.2953999980236404,2059.162400000787,6466.0204081632655
1782451228,5,GET,/ [checkout abuse session],0.000000,0.000000,0,0,0,0,0,0,0,0,0,0,0,5,0,2038.6421000002883,2047.6698200014653,2038.6421000002883,2059.162400000787,10499.0
1782451228,5,POST,/cart [add item abuse],1.200000,0.000000,4,4,4,4,4,49,49,49,49,49,49,61,0,4,7.6594311482994435,3.2953999980236404,49.685799996950664,0.0
1782451228,5,GET,/cart [view abuse],1.200000,0.000000,6,6,6,6,6,6,6,6,6,6,6,61,0,6,5.970070491755786,4.977800002961885,9.930499996698927,14659.0
1782451228,5,POST,/cart/checkout [abuse],1.200000,0.000000,10,10,10,10,11,13,13,13,13,13,13,61,0,10,11.311277049139417,8.438400000159163,57.446600003459025,5004.0
1782451228,5,GET,/product/[id] [checkout abuse],1.200000,0.000000,7,7,7,7,7,8,8,8,8,8,8,61,0,6,6.294857377217907,4.771899999468587,8.012600002984982,5865.0
1782451228,5,,Aggregated,4.800000,0.000000,6,7,9,10,10,11,49,49,49,49,49,249,0,6,48.76997148617868,3.2953999980236404,2059.162400000787,6464.6706827309235
1782451229,5,GET,/ [checkout abuse session],0.000000,0.000000,0,0,0,0,0,0,0,0,0,0,0,5,0,2038.6421000002883,2047.6698200014653,2038.6421000002883,2059.162400000787,10499.0
1782451229,5,POST,/cart [add item abuse],1.300000,0.000000,4,4,4,4,4,49,49,49,49,49,49,62,0,4,7.604827420202069,3.2953999980236404,49.685799996950664,0.0
1782451229,5,GET,/cart [view abuse],1.300000,0.000000,6,6,6,6,6,7,7,7,7,7,7,62,0,6,5.98422580644124,4.977800002961885,9.930499996698927,14659.0
1782451229,5,POST,/cart/checkout [abuse],1.300000,0.000000,10,10,10,11,13,13,13,13,13,13,13,61,0,10,11.311277049139417,8.438400000159163,57.446600003459025,5004.0
1782451229,5,GET,/product/[id] [checkout abuse],1.300000,0.000000,7,7,7,7,7,8,8,8,8,8,8,62,0,6,6.302954838892836,4.771899999468587,8.012600002984982,5865.0
1782451229,5,,Aggregated,5.200000,0.000000,6,7,9,10,10,13,49,49,49,49,49,252,0,6,48.26048214312727,3.2953999980236404,2059.162400000787,6469.1547619047615
1782451230,5,GET,/ [checkout abuse session],0.000000,0.000000,0,0,0,0,0,0,0,0,0,0,0,5,0,2038.6421000002883,2047.6698200014653,2038.6421000002883,2059.162400000787,10499.0
1782451230,5,POST,/cart [add item abuse],1.300000,0.000000,4,4,4,4,4,49,49,49,49,49,49,63,0,4,7.544085715106497,3.2953999980236404,49.685799996950664,0.0
1782451230,5,GET,/cart [view abuse],1.300000,0.000000,6,6,6,6,6,7,7,7,7,7,7,63,0,6,5.977074603184259,4.977800002961885,9.930499996698927,14659.0
1782451230,5,POST,/cart/checkout [abuse],1.300000,0.000000,10,10,11,11,11,13,13,13,13,13,13,63,0,10,11.285800000006843,8.438400000159163,57.446600003459025,5004.0
1782451230,5,GET,/product/[id] [checkout abuse],1.300000,0.000000,7,7,7,7,7,7,7,7,7,7,7,63,0,6,6.309879365347562,4.771899999468587,8.012600002984982,5865.0
1782451230,5,,Aggregated,5.200000,0.000000,6,7,9,10,10,11,49,49,49,49,49,257,0,6,47.46579766566915,3.2953999980236404,2059.162400000787,6462.0972762645915
1782451231,5,GET,/ [checkout abuse session],0.000000,0.000000,0,0,0,0,0,0,0,0,0,0,0,5,0,2038.6421000002883,2047.6698200014653,2038.6421000002883,2059.162400000787,10499.0
1782451231,5,POST,/cart [add item abuse],1.200000,0.000000,4,4,4,4,4,49,49,49,49,49,49,65,0,4,7.42219846232239,3.2953999980236404,49.685799996950664,0.0
1782451231,5,GET,/cart [view abuse],1.200000,0.000000,6,6,6,6,6,7,7,7,7,7,7,65,0,6,5.95482461548482,4.977800002961885,9.930499996698927,14659.0
1782451231,5,POST,/cart/checkout [abuse],1.200000,0.000000,10,10,11,11,11,13,13,13,13,13,13,65,0,10,11.221286153886467,8.438400000159163,57.446600003459025,5004.0
1782451231,5,GET,/product/[id] [checkout abuse],1.200000,0.000000,7,7,7,7,7,7,7,7,7,7,7,65,0,6,6.294992307980115,4.771899999468587,8.012600002984982,5865.0
1782451231,5,,Aggregated,4.800000,0.000000,6,7,9,9,10,11,49,49,49,49,49,265,0,6,46.21288188711745,3.2953999980236404,2059.162400000787,6459.679245283019
1782451232,5,GET,/ [checkout abuse session],0.000000,0.000000,0,0,0,0,0,0,0,0,0,0,0,5,0,2038.6421000002883,2047.6698200014653,2038.6421000002883,2059.162400000787,10499.0
1782451232,5,POST,/cart [add item abuse],1.100000,0.000000,4,4,4,4,4,49,49,49,49,49,49,66,0,4,7.363065152303809,3.2953999980236404,49.685799996950664,0.0
1782451232,5,GET,/cart [view abuse],1.100000,0.000000,6,6,6,6,6,7,7,7,7,7,7,66,0,6,5.954013636448618,4.977800002961885,9.930499996698927,14659.0
1782451232,5,POST,/cart/checkout [abuse],1.100000,0.000000,10,11,11,11,11,13,13,13,13,13,13,66,0,10,11.212478787814634,8.438400000159163,57.446600003459025,5004.0
1782451232,5,GET,/product/[id] [checkout abuse],1.200000,0.000000,6,7,7,7,7,7,7,7,7,7,7,66,0,6,6.293675757853745,4.771899999468587,8.012600002984982,5865.0
1782451232,5,,Aggregated,4.500000,0.000000,6,7,9,10,11,11,49,49,49,49,49,269,0,6,45.62335501888141,3.2953999980236404,2059.162400000787,6458.5241635687735
1782451233,5,GET,/ [checkout abuse session],0.000000,0.000000,0,0,0,0,0,0,0,0,0,0,0,5,0,2038.6421000002883,2047.6698200014653,2038.6421000002883,2059.162400000787,10499.0
1782451233,5,POST,/cart [add item abuse],1.100000,0.000000,4,4,4,4,4,49,49,49,49,49,49,68,0,4,7.262536765505073,3.2953999980236404,49.685799996950664,0.0
1782451233,5,GET,/cart [view abuse],1.100000,0.000000,6,6,6,6,6,7,7,7,7,7,7,68,0,6,5.937554411930785,4.977800002961885,9.930499996698927,14659.0
1782451233,5,POST,/cart/checkout [abuse],1.200000,0.000000,10,10,11,11,11,13,13,13,13,13,13,68,0,10,11.145463235259419,8.438400000159163,57.446600003459025,5004.0
1782451233,5,GET,/product/[id] [checkout abuse],1.100000,0.000000,6,6,7,7,7,7,7,7,7,7,7,68,0,6,6.288300000318593,4.771899999468587,8.012600002984982,5865.0
1782451233,5,,Aggregated,4.500000,0.000000,6,7,9,9,11,11,49,49,49,49,49,277,0,6,44.48177328553166,3.2953999980236404,2059.162400000787,6456.314079422383
1782451234,5,GET,/ [checkout abuse session],0.000000,0.000000,0,0,0,0,0,0,0,0,0,0,0,5,0,2038.6421000002883,2047.6698200014653,2038.6421000002883,2059.162400000787,10499.0
1782451234,5,POST,/cart [add item abuse],1.300000,0.000000,4,4,4,4,4,4,4,4,4,4,4,69,0,4,7.21142753700142,3.2953999980236404,49.685799996950664,0.0
1782451234,5,GET,/cart [view abuse],1.300000,0.000000,5,6,6,6,6,7,7,7,7,7,7,69,0,6,5.927508695859233,4.977800002961885,9.930499996698927,14659.0
1782451234,5,POST,/cart/checkout [abuse],1.300000,0.000000,10,10,11,11,11,13,13,13,13,13,13,69,0,10,11.11264057977098,8.438400000159163,57.446600003459025,5004.0
1782451234,5,GET,/product/[id] [checkout abuse],1.300000,0.000000,6,6,7,7,7,7,7,7,7,7,7,69,0,6,6.298185507636146,4.771899999468587,8.012600002984982,5865.0
1782451234,5,,Aggregated,5.200000,0.000000,6,7,9,9,10,11,13,13,13,13,13,281,0,6,43.93694911069681,3.2953999980236404,2059.162400000787,6455.256227758007
1782451235,5,GET,/ [checkout abuse session],0.000000,0.000000,0,0,0,0,0,0,0,0,0,0,0,5,0,2038.6421000002883,2047.6698200014653,2038.6421000002883,2059.162400000787,10499.0
1782451235,5,POST,/cart [add item abuse],1.300000,0.000000,4,4,4,4,4,4,4,4,4,4,4,70,0,4,7.158264286512609,3.2953999980236404,49.685799996950664,0.0
1782451235,5,GET,/cart [view abuse],1.300000,0.000000,5,6,6,6,6,7,7,7,7,7,7,70,0,6,5.92024142876783,4.977800002961885,9.930499996698927,14659.0
1782451235,5,POST,/cart/checkout [abuse],1.300000,0.000000,10,10,11,11,11,11,11,11,11,11,11,70,0,10,11.091261428685227,8.438400000159163,57.446600003459025,5004.0
1782451235,5,GET,/product/[id] [checkout abuse],1.300000,0.000000,6,7,7,7,7,7,7,7,7,7,7,70,0,6,6.308117143219404,4.771899999468587,8.012600002984982,5865.0
1782451235,5,,Aggregated,5.200000,0.000000,6,7,9,9,10,11,11,11,11,11,11,285,0,6,43.40982807056239,3.2953999980236404,2059.162400000787,6454.228070175439
1782451236,5,GET,/ [checkout abuse session],0.000000,0.000000,0,0,0,0,0,0,0,0,0,0,0,5,0,2038.6421000002883,2047.6698200014653,2038.6421000002883,2059.162400000787,10499.0
1782451236,5,POST,/cart [add item abuse],1.300000,0.000000,4,4,4,4,4,6,6,6,6,6,6,72,0,4,7.087511111826138,3.2953999980236404,49.685799996950664,0.0
1782451236,5,GET,/cart [view abuse],1.300000,0.000000,5,6,6,6,7,7,7,7,7,7,7,72,0,6,5.929734722384536,4.977800002961885,9.930499996698927,14659.0
1782451236,5,POST,/cart/checkout [abuse],1.300000,0.000000,10,10,11,11,11,12,12,12,12,12,12,72,0,10,11.076086111239015,8.438400000159163,57.446600003459025,5004.0
1782451236,5,GET,/product/[id] [checkout abuse],1.300000,0.000000,7,7,7,7,7,7,7,7,7,7,7,72,0,6,6.3176986113830935,4.771899999468587,8.012600002984982,5865.0
1782451236,5,,Aggregated,5.200000,0.000000,6,7,9,9,10,11,12,12,12,12,12,293,0,6,42.416188737540224,3.2953999980236404,2059.162400000787,6452.255972696245
1782451237,5,GET,/ [checkout abuse session],0.000000,0.000000,0,0,0,0,0,0,0,0,0,0,0,5,0,2038.6421000002883,2047.6698200014653,2038.6421000002883,2059.162400000787,10499.0
1782451237,5,POST,/cart [add item abuse],1.300000,0.000000,4,4,4,4,6,45,45,45,45,45,45,74,0,4,7.557498649328261,3.2953999980236404,49.685799996950664,0.0
1782451237,5,GET,/cart [view abuse],1.300000,0.000000,6,6,7,7,7,7,7,7,7,7,7,74,0,6,5.9603148650706785,4.977800002961885,9.930499996698927,14659.0
1782451237,5,POST,/cart/checkout [abuse],1.300000,0.000000,10,11,11,11,11,12,12,12,12,12,12,74,0,10,11.067144594661029,8.438400000159163,57.446600003459025,5004.0
1782451237,5,GET,/product/[id] [checkout abuse],1.300000,0.000000,6,7,7,7,7,7,7,7,7,7,7,74,0,6,6.3116027029880915,4.771899999468587,8.012600002984982,5865.0
1782451237,5,,Aggregated,5.200000,0.000000,6,7,9,9,11,11,12,45,45,45,45,301,0,6,41.61028106345144,3.2953999980236404,2059.162400000787,6450.388704318937
1782451238,5,GET,/ [checkout abuse session],0.000000,0.000000,0,0,0,0,0,0,0,0,0,0,0,5,0,2038.6421000002883,2047.6698200014653,2038.6421000002883,2059.162400000787,10499.0
1782451238,5,POST,/cart [add item abuse],1.300000,0.000000,4,4,4,4,6,45,45,45,45,45,45,74,0,4,7.557498649328261,3.2953999980236404,49.685799996950664,0.0
1782451238,5,GET,/cart [view abuse],1.300000,0.000000,5,6,7,7,7,7,7,7,7,7,7,74,0,6,5.9603148650706785,4.977800002961885,9.930499996698927,14659.0
1782451238,5,POST,/cart/checkout [abuse],1.300000,0.000000,10,11,11,11,11,12,12,12,12,12,12,74,0,10,11.067144594661029,8.438400000159163,57.446600003459025,5004.0
1782451238,5,GET,/product/[id] [checkout abuse],1.300000,0.000000,6,6,7,7,7,7,7,7,7,7,7,74,0,6,6.3116027029880915,4.771899999468587,8.012600002984982,5865.0
1782451238,5,,Aggregated,5.200000,0.000000,6,7,9,9,11,11,12,45,45,45,45,301,0,6,41.61028106345144,3.2953999980236404,2059.162400000787,6450.388704318937
1782451239,5,GET,/ [checkout abuse session],0.000000,0.000000,0,0,0,0,0,0,0,0,0,0,0,5,0,2038.6421000002883,2047.6698200014653,2038.6421000002883,2059.162400000787,10499.0
1782451239,5,POST,/cart [add item abuse],1.300000,0.000000,4,4,4,4,6,45,45,45,45,45,45,75,0,4,7.5033680006163195,3.2953999980236404,49.685799996950664,0.0
1782451239,5,GET,/cart [view abuse],1.300000,0.000000,5,6,7,7,7,7,7,7,7,7,7,75,0,6,5.958526666897039,4.977800002961885,9.930499996698927,14659.0
1782451239,5,POST,/cart/checkout [abuse],1.200000,0.000000,9,10,11,11,11,12,12,12,12,12,12,75,0,10,11.038894666708075,8.438400000159163,57.446600003459025,5004.0
1782451239,5,GET,/product/[id] [checkout abuse],1.300000,0.000000,6,6,7,7,7,7,7,7,7,7,7,75,0,6,6.318208000351054,4.771899999468587,8.012600002984982,5865.0
1782451239,5,,Aggregated,5.100000,0.000000,6,7,9,9,11,11,45,45,45,45,45,305,0,6,41.14679967245988,3.2953999980236404,2059.162400000787,6449.491803278688
1782451240,5,GET,/ [checkout abuse session],0.000000,0.000000,0,0,0,0,0,0,0,0,0,0,0,5,0,2038.6421000002883,2047.6698200014653,2038.6421000002883,2059.162400000787,10499.0
1782451240,5,POST,/cart [add item abuse],1.300000,0.000000,4,4,4,4,6,45,45,45,45,45,45,77,0,4,7.406615585053957,3.2953999980236404,49.685799996950664,0.0
1782451240,5,GET,/cart [view abuse],1.300000,0.000000,5,6,7,7,7,7,7,7,7,7,7,77,0,6,5.942410389819431,4.977800002961885,9.930499996698927,14659.0
1782451240,5,POST,/cart/checkout [abuse],1.300000,0.000000,9,10,11,11,11,12,12,12,12,12,12,77,0,10,10.988241558601208,8.438400000159163,57.446600003459025,5004.0
1782451240,5,GET,/product/[id] [checkout abuse],1.300000,0.000000,6,7,7,7,7,7,7,7,7,7,7,77,0,6,6.325002597639633,4.771899999468587,8.012600002984982,5865.0
1782451240,5,,Aggregated,5.200000,0.000000,6,7,9,9,11,11,45,45,45,45,45,313,0,6,40.25349488850838,3.2953999980236404,2059.162400000787,6447.766773162939
1782451241,5,GET,/ [checkout abuse session],0.000000,0.000000,0,0,0,0,0,0,0,0,0,0,0,5,0,2038.6421000002883,2047.6698200014653,2038.6421000002883,2059.162400000787,10499.0
1782451241,5,POST,/cart [add item abuse],1.300000,0.000000,4,4,4,4,6,45,45,45,45,45,45,78,0,4,7.360083333948681,3.2953999980236404,49.685799996950664,0.0
1782451241,5,GET,/cart [view abuse],1.300000,0.000000,5,6,7,7,7,7,7,7,7,7,7,78,0,6,5.9376756412697995,4.977800002961885,9.930499996698927,14659.0
1782451241,5,POST,/cart/checkout [abuse],1.300000,0.000000,9,9,11,11,11,12,12,12,12,12,12,78,0,10,10.965625641219026,8.438400000159163,57.446600003459025,5004.0
1782451241,5,GET,/product/[id] [checkout abuse],1.300000,0.000000,6,7,7,7,7,7,7,7,7,7,7,78,0,6,6.324802564333181,4.771899999468587,8.012600002984982,5865.0
1782451241,5,,Aggregated,5.200000,0.000000,6,7,9,9,10,11,45,45,45,45,45,317,0,6,39.82406214544934,3.2953999980236404,2059.162400000787,6446.93690851735
1782451242,5,GET,/ [checkout abuse session],0.000000,0.000000,0,0,0,0,0,0,0,0,0,0,0,5,0,2038.6421000002883,2047.6698200014653,2038.6421000002883,2059.162400000787,10499.0
1782451242,5,POST,/cart [add item abuse],1.400000,0.000000,4,4,5,5,6,45,45,45,45,45,45,79,0,4,7.326494937370637,3.2953999980236404,49.685799996950664,0.0
1782451242,5,GET,/cart [view abuse],1.400000,0.000000,6,6,7,7,7,7,7,7,7,7,7,79,0,6,5.9417443040683215,4.977800002961885,9.930499996698927,14659.0
1782451242,5,POST,/cart/checkout [abuse],1.400000,0.000000,9,10,11,11,11,12,12,12,12,12,12,79,0,10,10.95238734190308,8.438400000159163,57.446600003459025,5004.0
1782451242,5,GET,/product/[id] [checkout abuse],1.300000,0.000000,6,7,7,7,7,7,7,7,7,7,7,79,0,6,6.3189050634730535,4.771899999468587,8.012600002984982,5865.0
1782451242,5,,Aggregated,5.500000,0.000000,6,7,9,9,10,11,45,45,45,45,45,321,0,6,39.41112803771252,3.2953999980236404,2059.162400000787,6446.127725856698
1782451243,5,GET,/ [checkout abuse session],0.000000,0.000000,0,0,0,0,0,0,0,0,0,0,0,5,0,2038.6421000002883,2047.6698200014653,2038.6421000002883,2059.162400000787,10499.0
1782451243,5,POST,/cart [add item abuse],1.300000,0.000000,4,5,5,5,6,45,45,45,45,45,45,80,0,4,7.299208750646358,3.2953999980236404,49.685799996950664,0.0
1782451243,5,GET,/cart [view abuse],1.300000,0.000000,6,7,7,7,7,11,11,11,11,11,11,80,0,6,6.0050937503547175,4.977800002961885,11.009700006979983,14659.0
1782451243,5,POST,/cart/checkout [abuse],1.300000,0.000000,10,11,11,11,12,12,12,12,12,12,12,80,0,10,10.966223750074278,8.438400000159163,57.446600003459025,5004.0
1782451243,5,GET,/product/[id] [checkout abuse],1.300000,0.000000,6,7,7,7,7,7,7,7,7,7,7,80,0,6,6.333101250220352,4.771899999468587,8.012600002984982,5865.0
1782451243,5,,Aggregated,5.200000,0.000000,6,7,9,9,11,12,45,45,45,45,45,325,0,6,39.035813231110716,3.2953999980236404,2059.162400000787,6445.338461538461
1782451244,5,GET,/ [checkout abuse session],0.000000,0.000000,0,0,0,0,0,0,0,0,0,0,0,5,0,2038.6421000002883,2047.6698200014653,2038.6421000002883,2059.162400000787,10499.0
1782451244,5,POST,/cart [add item abuse],1.300000,0.000000,4,5,5,6,45,45,45,45,45,45,45,80,0,4,7.299208750646358,3.2953999980236404,49.685799996950664,0.0
1782451244,5,GET,/cart [view abuse],1.300000,0.000000,6,7,7,7,11,11,11,11,11,11,11,80,0,6,6.0050937503547175,4.977800002961885,11.009700006979983,14659.0
1782451244,5,POST,/cart/checkout [abuse],1.300000,0.000000,10,11,11,12,12,12,12,12,12,12,12,80,0,10,10.966223750074278,8.438400000159163,57.446600003459025,5004.0
1782451244,5,GET,/product/[id] [checkout abuse],1.300000,0.000000,6,7,7,7,7,7,7,7,7,7,7,80,0,6,6.333101250220352,4.771899999468587,8.012600002984982,5865.0
1782451244,5,,Aggregated,5.200000,0.000000,6,7,9,9,11,12,45,45,45,45,45,325,0,6,39.035813231110716,3.2953999980236404,2059.162400000787,6445.338461538461
1782451245,5,GET,/ [checkout abuse session],0.000000,0.000000,0,0,0,0,0,0,0,0,0,0,0,5,0,2038.6421000002883,2047.6698200014653,2038.6421000002883,2059.162400000787,10499.0
1782451245,5,POST,/cart [add item abuse],1.300000,0.000000,4,4,5,5,5,45,45,45,45,45,45,83,0,4,7.1770445789429305,3.2953999980236404,49.685799996950664,0.0
1782451245,5,GET,/cart [view abuse],1.300000,0.000000,6,6,7,7,7,11,11,11,11,11,11,83,0,6,5.9867349400848475,4.977800002961885,11.009700006979983,14659.0
1782451245,5,POST,/cart/checkout [abuse],1.300000,0.000000,10,11,11,11,12,12,12,12,12,12,12,83,0,10,10.908546987977104,8.438400000159163,57.446600003459025,5004.0
1782451245,5,GET,/product/[id] [checkout abuse],1.300000,0.000000,7,7,7,7,7,8,8,8,8,8,8,83,0,6,6.37143012057325,4.771899999468587,8.012600002984982,5865.0
1782451245,5,,Aggregated,5.200000,0.000000,6,7,9,9,11,12,45,45,45,45,45,337,0,6,37.87887507446977,3.2953999980236404,2059.162400000787,6443.083086053412
1782451246,5,GET,/ [checkout abuse session],0.000000,0.000000,0,0,0,0,0,0,0,0,0,0,0,5,0,2038.6421000002883,2047.6698200014653,2038.6421000002883,2059.162400000787,10499.0
1782451246,5,POST,/cart [add item abuse],1.200000,0.000000,4,4,4,4,5,5,5,5,5,5,5,84,0,4,7.134092857779164,3.2953999980236404,49.685799996950664,0.0
1782451246,5,GET,/cart [view abuse],1.200000,0.000000,6,6,6,6,7,11,11,11,11,11,11,84,0,6,5.979346428873777,4.977800002961885,11.009700006979983,14659.0
1782451246,5,POST,/cart/checkout [abuse],1.200000,0.000000,9,11,11,11,12,53,53,53,53,53,53,84,0,10,11.407838095259475,8.438400000159163,57.446600003459025,5004.0
1782451246,5,GET,/product/[id] [checkout abuse],1.200000,0.000000,7,7,7,7,7,8,8,8,8,8,8,84,0,6,6.381667857221189,4.771899999468587,8.012600002984982,5865.0
1782451246,5,,Aggregated,4.800000,0.000000,6,7,9,9,11,11,53,53,53,53,53,341,0,6,37.63693988297522,3.2953999980236404,2059.162400000787,6442.366568914956
1782451247,5,GET,/ [checkout abuse session],0.000000,0.000000,0,0,0,0,0,0,0,0,0,0,0,5,0,2038.6421000002883,2047.6698200014653,2038.6421000002883,2059.162400000787,10499.0
1782451247,5,POST,/cart [add item abuse],1.200000,0.000000,4,4,4,5,5,5,5,5,5,5,5,84,0,4,7.134092857779164,3.2953999980236404,49.685799996950664,0.0
1782451247,5,GET,/cart [view abuse],1.200000,0.000000,6,6,6,6,11,11,11,11,11,11,11,84,0,6,5.979346428873777,4.977800002961885,11.009700006979983,14659.0
1782451247,5,POST,/cart/checkout [abuse],1.200000,0.000000,9,10,11,12,53,53,53,53,53,53,53,84,0,10,11.407838095259475,8.438400000159163,57.446600003459025,5004.0
1782451247,5,GET,/product/[id] [checkout abuse],1.200000,0.000000,7,7,7,7,8,8,8,8,8,8,8,84,0,6,6.381667857221189,4.771899999468587,8.012600002984982,5865.0
1782451247,5,,Aggregated,4.800000,0.000000,6,7,9,9,11,12,53,53,53,53,53,341,0,6,37.63693988297522,3.2953999980236404,2059.162400000787,6442.366568914956
1782451248,5,GET,/ [checkout abuse session],0.000000,0.000000,0,0,0,0,0,0,0,0,0,0,0,5,0,2038.6421000002883,2047.6698200014653,2038.6421000002883,2059.162400000787,10499.0
1782451248,5,POST,/cart [add item abuse],1.300000,0.000000,4,4,4,5,5,5,5,5,5,5,5,85,0,4,7.0942623535623115,3.2953999980236404,49.685799996950664,0.0
1782451248,5,GET,/cart [view abuse],1.300000,0.000000,6,6,6,6,11,11,11,11,11,11,11,85,0,6,5.980997647395056,4.977800002961885,11.009700006979983,14659.0
1782451248,5,POST,/cart/checkout [abuse],1.300000,0.000000,10,10,11,12,53,53,53,53,53,53,53,85,0,10,11.389516470594303,8.438400000159163,57.446600003459025,5004.0
1782451248,5,GET,/product/[id] [checkout abuse],1.300000,0.000000,7,7,7,7,8,8,8,8,8,8,8,85,0,6,6.375968235335997,4.771899999468587,8.012600002984982,5865.0
1782451248,5,,Aggregated,5.200000,0.000000,6,7,9,9,11,12,53,53,53,53,53,345,0,6,37.27481855099356,3.2953999980236404,2059.162400000787,6441.666666666667
1782451249,5,GET,/ [checkout abuse session],0.000000,0.000000,0,0,0,0,0,0,0,0,0,0,0,5,0,2038.6421000002883,2047.6698200014653,2038.6421000002883,2059.162400000787,10499.0
1782451249,5,POST,/cart [add item abuse],1.100000,0.000000,4,4,4,4,5,5,5,5,5,5,5,87,0,4,7.014293104026135,3.2953999980236404,49.685799996950664,0.0
1782451249,5,GET,/cart [view abuse],1.100000,0.000000,6,6,6,6,6,11,11,11,11,11,11,87,0,6,5.972988506021037,4.977800002961885,11.009700006979983,14659.0
1782451249,5,POST,/cart/checkout [abuse],1.100000,0.000000,10,10,11,11,12,53,53,53,53,53,53,87,0,10,11.344534482796217,8.438400000159163,57.446600003459025,5004.0
1782451249,5,GET,/product/[id] [checkout abuse],1.100000,0.000000,7,7,7,7,7,8,8,8,8,8,8,87,0,6,6.374298850637754,4.771899999468587,8.012600002984982,5865.0
1782451249,5,,Aggregated,4.400000,0.000000,6,7,9,9,10,11,53,53,53,53,53,353,0,6,36.571617847280976,3.2953999980236404,2059.162400000787,6440.314447592068
1782451250,5,GET,/ [checkout abuse session],0.000000,0.000000,0,0,0,0,0,0,0,0,0,0,0,5,0,2038.6421000002883,2047.6698200014653,2038.6421000002883,2059.162400000787,10499.0
1782451250,5,POST,/cart [add item abuse],1.100000,0.000000,4,4,4,5,5,5,5,5,5,5,5,88,0,4,6.976217046030797,3.2953999980236404,49.685799996950664,0.0
1782451250,5,GET,/cart [view abuse],1.100000,0.000000,6,6,6,6,11,11,11,11,11,11,11,88,0,6,5.96630795478797,4.977800002961885,11.009700006979983,14659.0
1782451250,5,POST,/cart/checkout [abuse],1.100000,0.000000,10,10,11,12,53,53,53,53,53,53,53,88,0,10,11.316197727286305,8.438400000159163,57.446600003459025,5004.0
1782451250,5,GET,/product/[id] [checkout abuse],1.100000,0.000000,7,7,7,7,8,8,8,8,8,8,8,88,0,6,6.367548863719011,4.771899999468587,8.012600002984982,5865.0
1782451250,5,,Aggregated,4.400000,0.000000,6,7,9,9,11,12,53,53,53,53,53,357,0,6,36.228182073075196,3.2953999980236404,2059.162400000787,6439.661064425771
1782451251,5,GET,/ [checkout abuse session],0.000000,0.000000,0,0,0,0,0,0,0,0,0,0,0,5,0,2038.6421000002883,2047.6698200014653,2038.6421000002883,2059.162400000787,10499.0
1782451251,5,POST,/cart [add item abuse],1.100000,0.000000,4,4,4,4,5,5,5,5,5,5,5,89,0,4,6.935858427516833,3.2953999980236404,49.685799996950664,0.0
1782451251,5,GET,/cart [view abuse],1.100000,0.000000,5,6,6,6,11,11,11,11,11,11,11,89,0,6,5.954835955328256,4.9453000028734095,11.009700006979983,14659.0
1782451251,5,POST,/cart/checkout [abuse],1.100000,0.000000,10,10,11,12,53,53,53,53,53,53,53,89,0,10,11.296667415796508,8.438400000159163,57.446600003459025,5004.0
1782451251,5,GET,/product/[id] [checkout abuse],1.100000,0.000000,7,7,7,7,8,8,8,8,8,8,8,89,0,6,6.361241573062359,4.771899999468587,8.012600002984982,5865.0
1782451251,5,,Aggregated,4.400000,0.000000,6,7,9,9,11,12,53,53,53,53,53,361,0,6,35.89245096977557,3.2953999980236404,2059.162400000787,6439.02216066482
1782451252,5,GET,/ [checkout abuse session],0.000000,0.000000,0,0,0,0,0,0,0,0,0,0,0,5,0,2038.6421000002883,2047.6698200014653,2038.6421000002883,2059.162400000787,10499.0
1782451252,5,POST,/cart [add item abuse],1.100000,0.000000,4,4,4,4,5,5,5,5,5,5,5,90,0,4,6.912154444984885,3.2953999980236404,49.685799996950664,0.0
1782451252,5,GET,/cart [view abuse],1.100000,0.000000,5,6,6,6,7,11,11,11,11,11,11,90,0,6,5.962605555800514,4.9453000028734095,11.009700006979983,14659.0
1782451252,5,POST,/cart/checkout [abuse],1.100000,0.000000,10,11,11,11,12,53,53,53,53,53,53,90,0,10,11.291701111137323,8.438400000159163,57.446600003459025,5004.0
1782451252,5,GET,/product/[id] [checkout abuse],1.100000,0.000000,7,7,7,7,7,8,8,8,8,8,8,90,0,6,6.358430000060859,4.771899999468587,8.012600002984982,5865.0
1782451252,5,,Aggregated,4.400000,0.000000,6,7,9,9,11,11,53,53,53,53,53,365,0,6,35.57695698653657,3.2953999980236404,2059.162400000787,6438.397260273972
1782451253,5,GET,/ [checkout abuse session],0.000000,0.000000,0,0,0,0,0,0,0,0,0,0,0,5,0,2038.6421000002883,2047.6698200014653,2038.6421000002883,2059.162400000787,10499.0
1782451253,5,POST,/cart [add item abuse],1.100000,0.000000,4,4,4,4,4,5,5,5,5,5,5,92,0,4,6.843038043924658,3.2953999980236404,49.685799996950664,0.0
1782451253,5,GET,/cart [view abuse],1.100000,0.000000,5,5,6,6,6,7,7,7,7,7,7,92,0,6,5.9499989133062465,4.9453000028734095,11.009700006979983,14659.0
1782451253,5,POST,/cart/checkout [abuse],1.100000,0.000000,10,10,11,11,11,53,53,53,53,53,53,92,0,10,11.245472826134494,8.380400002351962,57.446600003459025,5004.0
1782451253,5,GET,/product/[id] [checkout abuse],1.100000,0.000000,7,7,7,7,7,8,8,8,8,8,8,92,0,6,6.364869565241742,4.771899999468587,8.012600002984982,5865.0
1782451253,5,,Aggregated,4.400000,0.000000,6,7,8,9,10,11,53,53,53,53,53,373,0,6,34.947613941231054,3.2953999980236404,2059.162400000787,6437.187667560322
1782451254,5,GET,/ [checkout abuse session],0.000000,0.000000,0,0,0,0,0,0,0,0,0,0,0,5,0,2038.6421000002883,2047.6698200014653,2038.6421000002883,2059.162400000787,10499.0
1782451254,5,POST,/cart [add item abuse],1.100000,0.000000,4,4,4,4,5,5,5,5,5,5,5,93,0,4,6.806027957379708,3.2953999980236404,49.685799996950664,0.0
1782451254,5,GET,/cart [view abuse],1.100000,0.000000,5,5,6,6,7,7,7,7,7,7,7,93,0,6,5.9401731185022975,4.9453000028734095,11.009700006979983,14659.0
1782451254,5,POST,/cart/checkout [abuse],1.100000,0.000000,10,10,10,11,53,53,53,53,53,53,53,93,0,10,11.234536559132593,8.380400002351962,57.446600003459025,5004.0
1782451254,5,GET,/product/[id] [checkout abuse],1.100000,0.000000,6,6,7,7,7,7,7,7,7,7,7,93,0,6,6.3648569892549895,4.771899999468587,8.012600002984982,5865.0
1782451254,5,,Aggregated,4.400000,0.000000,6,7,8,9,10,11,53,53,53,53,53,377,0,6,34.643207957730496,3.2953999980236404,2059.162400000787,6436.6021220159155
1782451255,5,GET,/ [checkout abuse session],0.000000,0.000000,0,0,0,0,0,0,0,0,0,0,0,5,0,2038.6421000002883,2047.6698200014653,2038.6421000002883,2059.162400000787,10499.0
1782451255,5,POST,/cart [add item abuse],1.100000,0.000000,4,4,4,4,4,5,5,5,5,5,5,94,0,4,6.771731915270062,3.2953999980236404,49.685799996950664,0.0
1782451255,5,GET,/cart [view abuse],1.100000,0.000000,5,6,6,6,6,7,7,7,7,7,7,94,0,6,5.940981915123399,4.9453000028734095,11.009700006979983,14659.0
1782451255,5,POST,/cart/checkout [abuse],1.100000,0.000000,10,10,10,10,11,53,53,53,53,53,53,94,0,10,11.213476595777196,8.380400002351962,57.446600003459025,5004.0
1782451255,5,GET,/product/[id] [checkout abuse],1.100000,0.000000,6,7,7,7,7,7,7,7,7,7,7,94,0,6,6.37352872341735,4.771899999468587,8.012600002984982,5865.0
1782451255,5,,Aggregated,4.400000,0.000000,6,7,8,9,10,10,53,53,53,53,53,381,0,6,34.347828609103935,3.2953999980236404,2059.162400000787,6436.028871391076
1782451256,5,GET,/ [checkout abuse session],0.000000,0.000000,0,0,0,0,0,0,0,0,0,0,0,5,0,2038.6421000002883,2047.6698200014653,2038.6421000002883,2059.162400000787,10499.0
1782451256,5,POST,/cart [add item abuse],1.100000,0.000000,4,4,4,4,5,5,5,5,5,5,5,95,0,4,6.757749474031459,3.2953999980236404,49.685799996950664,0.0
1782451256,5,GET,/cart [view abuse],1.100000,0.000000,5,6,6,6,7,7,7,7,7,7,7,95,0,6,5.951471579196789,4.9453000028734095,11.009700006979983,14659.0
1782451256,5,POST,/cart/checkout [abuse],1.100000,0.000000,10,10,10,10,10,11,11,11,11,11,11,95,0,10,11.20387578955974,8.380400002351962,57.446600003459025,5004.0
1782451256,5,GET,/product/[id] [checkout abuse],1.100000,0.000000,6,7,7,7,7,7,7,7,7,7,7,95,0,6,6.38079052633226,4.771899999468587,8.012600002984982,5865.0
1782451256,5,,Aggregated,4.400000,0.000000,6,7,8,9,10,10,11,11,11,11,11,385,0,6,34.06822961058117,3.2953999980236404,2059.162400000787,6435.467532467533
1782451257,5,GET,/ [checkout abuse session],0.000000,0.000000,0,0,0,0,0,0,0,0,0,0,0,5,0,2038.6421000002883,2047.6698200014653,2038.6421000002883,2059.162400000787,10499.0
1782451257,5,POST,/cart [add item abuse],1.300000,0.000000,4,4,4,4,5,5,5,5,5,5,5,97,0,4,6.695654639507975,3.2953999980236404,49.685799996950664,0.0
1782451257,5,GET,/cart [view abuse],1.300000,0.000000,6,6,6,6,7,7,7,7,7,7,7,97,0,6,5.949624742533695,4.9453000028734095,11.009700006979983,14659.0
1782451257,5,POST,/cart/checkout [abuse],1.300000,0.000000,10,10,10,10,11,11,11,11,11,11,11,97,0,10,11.183571134116045,8.380400002351962,57.446600003459025,5004.0
1782451257,5,GET,/product/[id] [checkout abuse],1.300000,0.000000,6,6,7,7,7,7,7,7,7,7,7,97,0,6,6.363432989656786,4.739399999380112,8.012600002984982,5865.0
1782451257,5,,Aggregated,5.200000,0.000000,6,7,8,9,10,10,11,11,11,11,11,393,0,6,33.5038183207922,3.2953999980236404,2059.162400000787,6434.379134860051
1782451258,5,GET,/ [checkout abuse session],0.000000,0.000000,0,0,0,0,0,0,0,0,0,0,0,5,0,2038.6421000002883,2047.6698200014653,2038.6421000002883,2059.162400000787,10499.0
1782451258,5,POST,/cart [add item abuse],1.100000,0.000000,4,4,4,4,5,5,5,5,5,5,5,98,0,4,6.667528571727287,3.2953999980236404,49.685799996950664,0.0
1782451258,5,GET,/cart [view abuse],1.100000,0.000000,6,6,6,6,7,7,7,7,7,7,7,98,0,6,5.94993061249439,4.9453000028734095,11.009700006979983,14659.0
1782451258,5,POST,/cart/checkout [abuse],1.100000,0.000000,10,10,10,10,11,11,11,11,11,11,11,98,0,10,11.171525510337455,8.380400002351962,57.446600003459025,5004.0
1782451258,5,GET,/product/[id] [checkout abuse],1.100000,0.000000,6,6,7,7,7,7,7,7,7,7,7,98,0,6,6.364167346892289,4.739399999380112,8.012600002984982,5865.0
1782451258,5,,Aggregated,4.400000,0.000000,6,7,8,9,10,10,11,11,11,11,11,397,0,6,33.2326397986639,3.2953999980236404,2059.162400000787,6433.851385390428
1782451259,5,GET,/ [checkout abuse session],0.000000,0.000000,0,0,0,0,0,0,0,0,0,0,0,5,0,2038.6421000002883,2047.6698200014653,2038.6421000002883,2059.162400000787,10499.0
1782451259,5,POST,/cart [add item abuse],1.100000,0.000000,4,4,4,5,5,5,5,5,5,5,5,98,0,4,6.667528571727287,3.2953999980236404,49.685799996950664,0.0
1782451259,5,GET,/cart [view abuse],1.100000,0.000000,6,6,6,7,7,7,7,7,7,7,7,98,0,6,5.94993061249439,4.9453000028734095,11.009700006979983,14659.0
1782451259,5,POST,/cart/checkout [abuse],1.100000,0.000000,10,10,10,11,11,11,11,11,11,11,11,98,0,10,11.171525510337455,8.380400002351962,57.446600003459025,5004.0
1782451259,5,GET,/product/[id] [checkout abuse],1.100000,0.000000,6,6,7,7,7,7,7,7,7,7,7,98,0,6,6.364167346892289,4.739399999380112,8.012600002984982,5865.0
1782451259,5,,Aggregated,4.400000,0.000000,6,7,8,10,10,11,11,11,11,11,11,397,0,6,33.2326397986639,3.2953999980236404,2059.162400000787,6433.851385390428
1782451260,5,GET,/ [checkout abuse session],0.000000,0.000000,0,0,0,0,0,0,0,0,0,0,0,5,0,2038.6421000002883,2047.6698200014653,2038.6421000002883,2059.162400000787,10499.0
1782451260,5,POST,/cart [add item abuse],1.300000,0.000000,4,4,4,4,5,5,5,5,5,5,5,100,0,4,6.610428000276443,3.2953999980236404,49.685799996950664,0.0
1782451260,5,GET,/cart [view abuse],1.300000,0.000000,6,6,6,6,7,7,7,7,7,7,7,100,0,6,5.9413880002102815,4.9453000028734095,11.009700006979983,14659.0
1782451260,5,POST,/cart/checkout [abuse],1.300000,0.000000,10,10,10,10,11,11,11,11,11,11,11,100,0,10,11.132632000226295,8.380400002351962,57.446600003459025,5004.0
1782451260,5,GET,/product/[id] [checkout abuse],1.300000,0.000000,6,7,7,7,7,7,7,7,7,7,7,100,0,6,6.378575999915483,4.739399999380112,8.012600002984982,5865.0
1782451260,5,,Aggregated,5.200000,0.000000,6,7,8,9,10,10,11,11,11,11,11,405,0,6,32.70284321004982,3.2953999980236404,2059.162400000787,6432.827160493827
1782451261,5,GET,/ [checkout abuse session],0.000000,0.000000,0,0,0,0,0,0,0,0,0,0,0,5,0,2038.6421000002883,2047.6698200014653,2038.6421000002883,2059.162400000787,10499.0
1782451261,5,POST,/cart [add item abuse],1.300000,0.000000,4,4,4,4,5,5,5,5,5,5,5,102,0,4,6.5695941179286566,3.2953999980236404,49.685799996950664,0.0
1782451261,5,GET,/cart [view abuse],1.300000,0.000000,6,6,6,6,6,7,7,7,7,7,7,102,0,6,5.941219608026657,4.9453000028734095,11.009700006979983,14659.0
1782451261,5,POST,/cart/checkout [abuse],1.300000,0.000000,10,10,10,10,10,11,11,11,11,11,11,102,0,10,11.100187255115266,8.380400002351962,57.446600003459025,5004.0
1782451261,5,GET,/product/[id] [checkout abuse],1.300000,0.000000,6,7,7,7,7,7,7,7,7,7,7,102,0,6,6.376454901827874,4.739399999380112,8.012600002984982,5865.0
1782451261,5,,Aggregated,5.200000,0.000000,6,7,8,9,10,10,11,11,11,11,11,413,0,6,32.196294431145205,3.2953999980236404,2059.162400000787,6431.842615012107
1782451262,5,GET,/ [checkout abuse session],0.000000,0.000000,0,0,0,0,0,0,0,0,0,0,0,5,0,2038.6421000002883,2047.6698200014653,2038.6421000002883,2059.162400000787,10499.0
1782451262,5,POST,/cart [add item abuse],1.200000,0.000000,4,4,4,4,5,5,5,5,5,5,5,103,0,4,6.545736893457112,3.2953999980236404,49.685799996950664,0.0
1782451262,5,GET,/cart [view abuse],1.200000,0.000000,6,6,6,6,6,7,7,7,7,7,7,103,0,6,5.9391223302493055,4.9453000028734095,11.009700006979983,14659.0
1782451262,5,POST,/cart/checkout [abuse],1.200000,0.000000,10,10,10,10,10,11,11,11,11,11,11,103,0,10,11.086309709002997,8.380400002351962,57.446600003459025,5004.0
1782451262,5,GET,/product/[id] [checkout abuse],1.200000,0.000000,6,7,7,7,7,7,7,7,7,7,7,103,0,6,6.377996116392292,4.739399999380112,8.012600002984982,5865.0
1782451262,5,,Aggregated,4.800000,0.000000,6,7,9,9,10,10,11,11,11,11,11,417,0,6,31.949911510946766,3.2953999980236404,2059.162400000787,6431.364508393285
1782451263,5,GET,/ [checkout abuse session],0.000000,0.000000,0,0,0,0,0,0,0,0,0,0,0,5,0,2038.6421000002883,2047.6698200014653,2038.6421000002883,2059.162400000787,10499.0
1782451263,5,POST,/cart [add item abuse],1.200000,0.000000,4,4,4,5,5,5,5,5,5,5,5,103,0,4,6.545736893457112,3.2953999980236404,49.685799996950664,0.0
1782451263,5,GET,/cart [view abuse],1.200000,0.000000,6,6,6,6,7,7,7,7,7,7,7,103,0,6,5.9391223302493055,4.9453000028734095,11.009700006979983,14659.0
1782451263,5,POST,/cart/checkout [abuse],1.200000,0.000000,10,10,10,10,11,11,11,11,11,11,11,103,0,10,11.086309709002997,8.380400002351962,57.446600003459025,5004.0
1782451263,5,GET,/product/[id] [checkout abuse],1.200000,0.000000,7,7,7,7,7,7,7,7,7,7,7,103,0,6,6.377996116392292,4.739399999380112,8.012600002984982,5865.0
1782451263,5,,Aggregated,4.800000,0.000000,6,7,9,9,10,10,11,11,11,11,11,417,0,6,31.949911510946766,3.2953999980236404,2059.162400000787,6431.364508393285
1782451264,5,GET,/ [checkout abuse session],0.000000,0.000000,0,0,0,0,0,0,0,0,0,0,0,5,0,2038.6421000002883,2047.6698200014653,2038.6421000002883,2059.162400000787,10499.0
1782451264,5,POST,/cart [add item abuse],1.300000,0.000000,4,4,4,4,5,5,5,5,5,5,5,106,0,4,6.46271981154228,3.2953999980236404,49.685799996950664,0.0
1782451264,5,GET,/cart [view abuse],1.300000,0.000000,6,6,6,6,6,7,7,7,7,7,7,106,0,6,5.943078302049609,4.9453000028734095,11.009700006979983,14659.0
1782451264,5,POST,/cart/checkout [abuse],1.300000,0.000000,10,10,10,10,10,11,11,11,11,11,11,106,0,10,11.043015094641442,8.380400002351962,57.446600003459025,5004.0
1782451264,5,GET,/product/[id] [checkout abuse],1.300000,0.000000,6,7,7,7,7,7,7,7,7,7,7,106,0,6,6.363260377220972,4.739399999380112,8.012600002984982,5865.0
1782451264,5,,Aggregated,5.200000,0.000000,6,7,9,9,10,10,11,11,11,11,11,429,0,6,31.23176899782164,3.2953999980236404,2059.162400000787,6429.983682983683
1782451265,5,GET,/ [checkout abuse session],0.000000,0.000000,0,0,0,0,0,0,0,0,0,0,0,5,0,2038.6421000002883,2047.6698200014653,2038.6421000002883,2059.162400000787,10499.0
1782451265,5,POST,/cart [add item abuse],1.300000,0.000000,4,4,4,4,4,5,5,5,5,5,5,108,0,4,6.416840740981839,3.2953999980236404,49.685799996950664,0.0
1782451265,5,GET,/cart [view abuse],1.300000,0.000000,6,6,6,6,6,6,6,6,6,6,6,108,0,6,5.942051852023859,4.9453000028734095,11.009700006979983,14659.0
1782451265,5,POST,/cart/checkout [abuse],1.300000,0.000000,10,10,10,10,10,11,11,11,11,11,11,108,0,10,11.011475000284715,8.380400002351962,57.446600003459025,5004.0
1782451265,5,GET,/product/[id] [checkout abuse],1.300000,0.000000,6,7,7,7,7,7,7,7,7,7,7,108,0,6,6.368344444328816,4.739399999380112,8.012600002984982,5865.0
1782451265,5,,Aggregated,5.200000,0.000000,6,7,9,9,10,10,10,11,11,11,11,437,0,6,30.77832951961145,3.2953999980236404,2059.162400000787,6429.105263157895
1782451266,5,GET,/ [checkout abuse session],0.000000,0.000000,0,0,0,0,0,0,0,0,0,0,0,5,0,2038.6421000002883,2047.6698200014653,2038.6421000002883,2059.162400000787,10499.0
1782451266,5,POST,/cart [add item abuse],1.300000,0.000000,4,4,4,4,4,5,5,5,5,5,5,108,0,4,6.416840740981839,3.2953999980236404,49.685799996950664,0.0
1782451266,5,GET,/cart [view abuse],1.300000,0.000000,6,6,6,6,6,6,6,6,6,6,6,108,0,6,5.942051852023859,4.9453000028734095,11.009700006979983,14659.0
1782451266,5,POST,/cart/checkout [abuse],1.300000,0.000000,10,10,10,10,10,10,10,10,10,10,10,108,0,10,11.011475000284715,8.380400002351962,57.446600003459025,5004.0
1782451266,5,GET,/product/[id] [checkout abuse],1.300000,0.000000,7,7,7,7,7,7,7,7,7,7,7,108,0,6,6.368344444328816,4.739399999380112,8.012600002984982,5865.0
1782451266,5,,Aggregated,5.200000,0.000000,6,7,9,9,10,10,10,10,10,10,10,437,0,6,30.77832951961145,3.2953999980236404,2059.162400000787,6429.105263157895
1782451267,5,GET,/ [checkout abuse session],0.000000,0.000000,0,0,0,0,0,0,0,0,0,0,0,5,0,2038.6421000002883,2047.6698200014653,2038.6421000002883,2059.162400000787,10499.0
1782451267,5,POST,/cart [add item abuse],1.300000,0.000000,4,4,4,4,4,5,5,5,5,5,5,108,0,4,6.416840740981839,3.2953999980236404,49.685799996950664,0.0
1782451267,5,GET,/cart [view abuse],1.300000,0.000000,6,6,6,6,6,6,6,6,6,6,6,108,0,6,5.942051852023859,4.9453000028734095,11.009700006979983,14659.0
1782451267,5,POST,/cart/checkout [abuse],1.300000,0.000000,10,10,10,10,10,10,10,10,10,10,10,108,0,10,11.011475000284715,8.380400002351962,57.446600003459025,5004.0
1782451267,5,GET,/product/[id] [checkout abuse],1.300000,0.000000,7,7,7,7,7,7,7,7,7,7,7,108,0,6,6.368344444328816,4.739399999380112,8.012600002984982,5865.0
1782451267,5,,Aggregated,5.200000,0.000000,6,7,9,9,10,10,10,10,10,10,10,437,0,6,30.77832951961145,3.2953999980236404,2059.162400000787,6429.105263157895
1782451268,5,GET,/ [checkout abuse session],0.000000,0.000000,0,0,0,0,0,0,0,0,0,0,0,5,0,2038.6421000002883,2047.6698200014653,2038.6421000002883,2059.162400000787,10499.0
1782451268,5,POST,/cart [add item abuse],1.300000,0.000000,4,4,4,4,4,5,5,5,5,5,5,111,0,4,6.346284684925424,3.2953999980236404,49.685799996950664,0.0
1782451268,5,GET,/cart [view abuse],1.300000,0.000000,6,6,6,6,6,7,7,7,7,7,7,111,0,6,5.955239639841419,4.9453000028734095,11.009700006979983,14659.0
1782451268,5,POST,/cart/checkout [abuse],1.300000,0.000000,10,10,10,10,10,10,10,10,10,10,10,111,0,10,10.983372973249324,8.380400002351962,57.446600003459025,5004.0
1782451268,5,GET,/product/[id] [checkout abuse],1.300000,0.000000,7,7,7,7,7,7,7,7,7,7,7,111,0,6,6.36729459441634,4.739399999380112,8.012600002984982,5865.0
1782451268,5,,Aggregated,5.200000,0.000000,6,7,9,9,10,10,10,10,10,10,10,449,0,6,30.133056570305868,3.2953999980236404,2059.162400000787,6427.846325167038
1782451269,5,GET,/ [checkout abuse session],0.000000,0.000000,0,0,0,0,0,0,0,0,0,0,0,5,0,2038.6421000002883,2047.6698200014653,2038.6421000002883,2059.162400000787,10499.0
1782451269,5,POST,/cart [add item abuse],1.100000,0.000000,4,4,4,4,5,5,5,5,5,5,5,113,0,4,6.309684955919845,3.2953999980236404,49.685799996950664,0.0
1782451269,5,GET,/cart [view abuse],1.100000,0.000000,6,6,6,6,6,7,7,7,7,7,7,113,0,6,5.958007079903531,4.9453000028734095,11.009700006979983,14659.0
1782451269,5,POST,/cart/checkout [abuse],1.100000,0.000000,10,10,10,10,10,11,11,11,11,11,11,113,0,10,10.977789380771018,8.380400002351962,57.446600003459025,5004.0
1782451269,5,GET,/product/[id] [checkout abuse],1.100000,0.000000,7,7,7,7,7,7,7,7,7,7,7,113,0,6,6.373336282983707,4.739399999380112,8.012600002984982,5865.0
1782451269,5,,Aggregated,4.400000,0.000000,6,7,9,9,10,10,10,11,11,11,11,457,0,6,29.7270798688395,3.2953999980236404,2059.162400000787,6427.043763676149
1782451270,5,GET,/ [checkout abuse session],0.000000,0.000000,0,0,0,0,0,0,0,0,0,0,0,5,0,2038.6421000002883,2047.6698200014653,2038.6421000002883,2059.162400000787,10499.0
1782451270,5,POST,/cart [add item abuse],1.100000,0.000000,4,4,4,4,4,5,5,5,5,5,5,113,0,4,6.309684955919845,3.2953999980236404,49.685799996950664,0.0
1782451270,5,GET,/cart [view abuse],1.100000,0.000000,6,6,6,6,6,7,7,7,7,7,7,113,0,6,5.958007079903531,4.9453000028734095,11.009700006979983,14659.0
1782451270,5,POST,/cart/checkout [abuse],1.100000,0.000000,10,10,10,10,10,11,11,11,11,11,11,113,0,10,10.977789380771018,8.380400002351962,57.446600003459025,5004.0
1782451270,5,GET,/product/[id] [checkout abuse],1.100000,0.000000,7,7,7,7,7,7,7,7,7,7,7,113,0,6,6.373336282983707,4.739399999380112,8.012600002984982,5865.0
1782451270,5,,Aggregated,4.400000,0.000000,6,7,9,9,10,10,11,11,11,11,11,457,0,6,29.7270798688395,3.2953999980236404,2059.162400000787,6427.043763676149
1782451271,5,GET,/ [checkout abuse session],0.000000,0.000000,0,0,0,0,0,0,0,0,0,0,0,5,0,2038.6421000002883,2047.6698200014653,2038.6421000002883,2059.162400000787,10499.0
1782451271,5,POST,/cart [add item abuse],1.100000,0.000000,4,4,4,4,4,5,5,5,5,5,5,113,0,4,6.309684955919845,3.2953999980236404,49.685799996950664,0.0
1782451271,5,GET,/cart [view abuse],1.100000,0.000000,6,6,6,6,6,7,7,7,7,7,7,113,0,6,5.958007079903531,4.9453000028734095,11.009700006979983,14659.0
1782451271,5,POST,/cart/checkout [abuse],1.100000,0.000000,10,10,10,10,10,11,11,11,11,11,11,113,0,10,10.977789380771018,8.380400002351962,57.446600003459025,5004.0
1782451271,5,GET,/product/[id] [checkout abuse],1.100000,0.000000,7,7,7,7,7,7,7,7,7,7,7,113,0,6,6.373336282983707,4.739399999380112,8.012600002984982,5865.0
1782451271,5,,Aggregated,4.400000,0.000000,6,7,9,9,10,10,11,11,11,11,11,457,0,6,29.7270798688395,3.2953999980236404,2059.162400000787,6427.043763676149
1782451272,5,GET,/ [checkout abuse session],0.000000,0.000000,0,0,0,0,0,0,0,0,0,0,0,5,0,2038.6421000002883,2047.6698200014653,2038.6421000002883,2059.162400000787,10499.0
1782451272,5,POST,/cart [add item abuse],1.400000,0.000000,4,4,4,4,4,5,5,5,5,5,5,116,0,4,6.2383543104731185,3.235199998016469,49.685799996950664,0.0
1782451272,5,GET,/cart [view abuse],1.400000,0.000000,6,6,6,6,6,7,7,7,7,7,7,116,0,6,5.94055689675613,4.9453000028734095,11.009700006979983,14659.0
1782451272,5,POST,/cart/checkout [abuse],1.400000,0.000000,10,10,10,10,10,11,11,11,11,11,11,116,0,10,10.937720689918056,8.380400002351962,57.446600003459025,5004.0
1782451272,5,GET,/product/[id] [checkout abuse],1.400000,0.000000,7,7,7,7,7,7,7,7,7,7,7,116,0,6,6.362528448115537,4.6101000043563545,8.012600002984982,5865.0
1782451272,5,,Aggregated,5.600000,0.000000,6,7,9,9,10,10,10,11,11,11,11,469,0,6,29.121389552362082,3.235199998016469,2059.162400000787,6425.891257995736
1782451273,5,GET,/ [checkout abuse session],0.000000,0.000000,0,0,0,0,0,0,0,0,0,0,0,5,0,2038.6421000002883,2047.6698200014653,2038.6421000002883,2059.162400000787,10499.0
1782451273,5,POST,/cart [add item abuse],1.100000,0.000000,4,4,4,4,4,5,5,5,5,5,5,117,0,4,6.220341025768087,3.235199998016469,49.685799996950664,0.0
1782451273,5,GET,/cart [view abuse],1.100000,0.000000,6,6,6,6,6,7,7,7,7,7,7,117,0,6,5.940145299382882,4.9453000028734095,11.009700006979983,14659.0
1782451273,5,POST,/cart/checkout [abuse],1.100000,0.000000,10,10,10,10,10,11,11,11,11,11,11,117,0,10,10.92771282078774,8.380400002351962,57.446600003459025,5004.0
1782451273,5,GET,/product/[id] [checkout abuse],1.100000,0.000000,6,7,7,7,7,7,7,7,7,7,7,117,0,6,6.362535897244373,4.6101000043563545,8.012600002984982,5865.0
1782451273,5,,Aggregated,4.400000,0.000000,6,7,9,9,10,10,10,11,11,11,11,473,0,6,28.930412473699253,3.235199998016469,2059.162400000787,6425.520084566596
1782451274,5,GET,/ [checkout abuse session],0.000000,0.000000,0,0,0,0,0,0,0,0,0,0,0,5,0,2038.6421000002883,2047.6698200014653,2038.6421000002883,2059.162400000787,10499.0
1782451274,5,POST,/cart [add item abuse],1.100000,0.000000,4,4,4,4,4,5,5,5,5,5,5,118,0,4,6.198050000128174,3.235199998016469,49.685799996950664,0.0
1782451274,5,GET,/cart [view abuse],1.100000,0.000000,6,6,6,6,6,7,7,7,7,7,7,118,0,6,5.936695762919321,4.9453000028734095,11.009700006979983,14659.0
1782451274,5,POST,/cart/checkout [abuse],1.100000,0.000000,10,10,10,10,10,11,11,11,11,11,11,118,0,10,10.911308474872277,8.380400002351962,57.446600003459025,5004.0
1782451274,5,GET,/product/[id] [checkout abuse],1.100000,0.000000,6,7,7,7,7,7,7,7,7,7,7,118,0,6,6.359267796419849,4.6101000043563545,8.012600002984982,5865.0
1782451274,5,,Aggregated,4.400000,0.000000,6,7,9,9,10,10,10,11,11,11,11,477,0,6,28.738316771613,3.235199998016469,2059.162400000787,6425.155136268344
1782451275,5,GET,/ [checkout abuse session],0.000000,0.000000,0,0,0,0,0,0,0,0,0,0,0,5,0,2038.6421000002883,2047.6698200014653,2038.6421000002883,2059.162400000787,10499.0
1782451275,5,POST,/cart [add item abuse],1.300000,0.000000,4,4,4,4,4,5,5,5,5,5,5,119,0,4,6.179715966524071,3.235199998016469,49.685799996950664,0.0
1782451275,5,GET,/cart [view abuse],1.300000,0.000000,6,6,6,6,6,7,7,7,7,7,7,119,0,6,5.937127731280683,4.9453000028734095,11.009700006979983,14659.0
1782451275,5,POST,/cart/checkout [abuse],1.300000,0.000000,10,10,10,10,10,11,11,11,11,11,11,119,0,10,10.90112773139282,8.380400002351962,57.446600003459025,5004.0
1782451275,5,GET,/product/[id] [checkout abuse],1.300000,0.000000,6,7,7,7,7,7,7,7,7,7,7,119,0,6,6.366219327595777,4.6101000043563545,8.012600002984982,5865.0
1782451275,5,,Aggregated,5.200000,0.000000,6,7,9,9,10,10,11,11,11,11,11,481,0,6,28.555234511571175,3.235199998016469,2059.162400000787,6424.796257796258
1782451276,5,GET,/ [checkout abuse session],0.000000,0.000000,0,0,0,0,0,0,0,0,0,0,0,5,0,2038.6421000002883,2047.6698200014653,2038.6421000002883,2059.162400000787,10499.0
1782451276,5,POST,/cart [add item abuse],1.400000,0.000000,4,4,4,4,4,5,5,5,5,5,5,121,0,4,6.145747934026963,3.235199998016469,49.685799996950664,0.0
1782451276,5,GET,/cart [view abuse],1.400000,0.000000,6,6,6,6,7,7,7,7,7,7,7,121,0,6,5.935588429986464,4.9453000028734095,11.009700006979983,14659.0
1782451276,5,POST,/cart/checkout [abuse],1.400000,0.000000,10,10,10,10,11,11,11,11,11,11,11,121,0,10,10.884607438354518,8.380400002351962,57.446600003459025,5004.0
1782451276,5,GET,/product/[id] [checkout abuse],1.400000,0.000000,6,7,7,7,7,7,7,7,7,7,7,121,0,6,6.36870743781867,4.6101000043563545,8.012600002984982,5865.0
1782451276,5,,Aggregated,5.600000,0.000000,6,7,9,9,10,10,11,11,11,11,11,489,0,6,28.19599570566443,3.235199998016469,2059.162400000787,6424.096114519428
1782451277,5,GET,/ [checkout abuse session],0.000000,0.000000,0,0,0,0,0,0,0,0,0,0,0,5,0,2038.6421000002883,2047.6698200014653,2038.6421000002883,2059.162400000787,10499.0
1782451277,5,POST,/cart [add item abuse],1.000000,0.000000,4,4,4,4,4,5,5,5,5,5,5,122,0,4,6.123501639448194,3.235199998016469,49.685799996950664,0.0
1782451277,5,GET,/cart [view abuse],1.000000,0.000000,6,6,6,6,7,7,7,7,7,7,7,122,0,6,5.930731967427924,4.9453000028734095,11.009700006979983,14659.0
1782451277,5,POST,/cart/checkout [abuse],1.000000,0.000000,10,10,10,10,11,11,11,11,11,11,11,122,0,10,10.877100000306811,8.380400002351962,57.446600003459025,5004.0
1782451277,5,GET,/product/[id] [checkout abuse],1.000000,0.000000,6,7,7,7,7,7,7,7,7,7,7,122,0,6,6.369531967034983,4.6101000043563545,8.012600002984982,5865.0
1782451277,5,,Aggregated,4.000000,0.000000,6,7,9,9,10,10,11,11,11,11,11,493,0,6,28.018366531565743,3.235199998016469,2059.162400000787,6423.754563894523
1782451278,5,GET,/ [checkout abuse session],0.000000,0.000000,0,0,0,0,0,0,0,0,0,0,0,5,0,2038.6421000002883,2047.6698200014653,2038.6421000002883,2059.162400000787,10499.0
1782451278,5,POST,/cart [add item abuse],1.200000,0.000000,4,4,4,4,4,5,5,5,5,5,5,123,0,4,6.110762601765156,3.235199998016469,49.685799996950664,0.0
1782451278,5,GET,/cart [view abuse],1.200000,0.000000,6,6,6,6,6,7,7,7,7,7,7,123,0,6,5.931160975816921,4.9453000028734095,11.009700006979983,14659.0
1782451278,5,POST,/cart/checkout [abuse],1.200000,0.000000,10,10,10,10,10,11,11,11,11,11,11,123,0,10,10.866373171059726,8.380400002351962,57.446600003459025,5004.0
1782451278,5,GET,/product/[id] [checkout abuse],1.200000,0.000000,6,6,7,7,7,7,7,7,7,7,7,123,0,6,6.364863414454134,4.6101000043563545,8.012600002984982,5865.0
1782451278,5,,Aggregated,4.800000,0.000000,6,7,9,9,10,10,11,11,11,11,11,497,0,6,27.8449653924912,3.235199998016469,2059.162400000787,6423.418511066398
1782451279,5,GET,/ [checkout abuse session],0.000000,0.000000,0,0,0,0,0,0,0,0,0,0,0,5,0,2038.6421000002883,2047.6698200014653,2038.6421000002883,2059.162400000787,10499.0
1782451279,5,POST,/cart [add item abuse],1.200000,0.000000,4,4,4,4,4,5,5,5,5,5,5,124,0,4,6.09313790336009,3.235199998016469,49.685799996950664,0.0
1782451279,5,GET,/cart [view abuse],1.200000,0.000000,6,6,6,6,6,7,7,7,7,7,7,124,0,6,5.925103226012828,4.9453000028734095,11.009700006979983,14659.0
1782451279,5,POST,/cart/checkout [abuse],1.200000,0.000000,10,10,10,10,10,11,11,11,11,11,11,124,0,10,10.857527419683455,8.380400002351962,57.446600003459025,5004.0
1782451279,5,GET,/product/[id] [checkout abuse],1.200000,0.000000,6,6,7,7,7,7,7,7,7,7,7,124,0,6,6.366475806287546,4.6101000043563545,8.012600002984982,5865.0
1782451279,5,,Aggregated,4.800000,0.000000,6,7,9,9,10,10,11,11,11,11,11,501,0,6,27.673427944251443,3.235199998016469,2059.162400000787,6423.087824351297
1782451280,5,GET,/ [checkout abuse session],0.000000,0.000000,0,0,0,0,0,0,0,0,0,0,0,5,0,2038.6421000002883,2047.6698200014653,2038.6421000002883,2059.162400000787,10499.0
1782451280,5,POST,/cart [add item abuse],1.300000,0.000000,4,4,4,4,4,5,5,5,5,5,5,126,0,4,6.05660079380623,3.235199998016469,49.685799996950664,0.0
1782451280,5,GET,/cart [view abuse],1.300000,0.000000,6,6,6,6,6,7,7,7,7,7,7,126,0,6,5.930138889125951,4.9453000028734095,11.009700006979983,14659.0
1782451280,5,POST,/cart/checkout [abuse],1.300000,0.000000,10,10,10,10,10,11,11,11,11,11,11,126,0,10,10.840851587595857,8.380400002351962,57.446600003459025,5004.0
1782451280,5,GET,/product/[id] [checkout abuse],1.300000,0.000000,6,6,7,7,7,7,7,7,7,7,7,126,0,6,6.3593849204947235,4.6101000043563545,8.012600002984982,5865.0
1782451280,5,,Aggregated,5.200000,0.000000,6,7,9,9,10,10,10,11,11,11,11,509,0,6,27.339701571858928,3.235199998016469,2059.162400000787,6422.442043222004
1782451281,5,GET,/ [checkout abuse session],0.000000,0.000000,0,0,0,0,0,0,0,0,0,0,0,5,0,2038.6421000002883,2047.6698200014653,2038.6421000002883,2059.162400000787,10499.0
1782451281,5,POST,/cart [add item abuse],1.300000,0.000000,4,4,4,4,4,5,5,5,5,5,5,127,0,4,6.037929133999282,3.235199998016469,49.685799996950664,0.0
1782451281,5,GET,/cart [view abuse],1.300000,0.000000,6,6,6,6,6,7,7,7,7,7,7,127,0,6,5.92537716559985,4.9453000028734095,11.009700006979983,14659.0
1782451281,5,POST,/cart/checkout [abuse],1.300000,0.000000,10,10,10,10,10,11,11,11,11,11,11,127,0,10,10.82481023652468,8.380400002351962,57.446600003459025,5004.0
1782451281,5,GET,/product/[id] [checkout abuse],1.300000,0.000000,6,6,7,7,7,7,7,7,7,7,7,127,0,6,6.360012598268827,4.6101000043563545,8.012600002984982,5865.0
1782451281,5,,Aggregated,5.200000,0.000000,6,6,9,9,10,10,10,11,11,11,11,513,0,6,27.173804093713823,3.235199998016469,2059.162400000787,6422.126705653021
1782451282,5,GET,/ [checkout abuse session],0.000000,0.000000,0,0,0,0,0,0,0,0,0,0,0,5,0,2038.6421000002883,2047.6698200014653,2038.6421000002883,2059.162400000787,10499.0
1782451282,5,POST,/cart [add item abuse],1.100000,0.000000,4,4,4,4,4,5,5,5,5,5,5,128,0,4,6.018309375178887,3.235199998016469,49.685799996950664,0.0
1782451282,5,GET,/cart [view abuse],1.100000,0.000000,6,6,6,6,6,7,7,7,7,7,7,128,0,6,5.919329687742447,4.9453000028734095,11.009700006979983,14659.0
1782451282,5,POST,/cart/checkout [abuse],1.100000,0.000000,10,10,10,10,10,11,11,11,11,11,11,128,0,10,10.813648437817847,8.380400002351962,57.446600003459025,5004.0
1782451282,5,GET,/product/[id] [checkout abuse],1.100000,0.000000,6,6,7,7,7,8,8,8,8,8,8,128,0,6,6.37297109363999,4.6101000043563545,8.018700005777646,5865.0
1782451282,5,,Aggregated,4.400000,0.000000,6,7,9,9,10,10,11,11,11,11,11,517,0,6,27.014031334792765,3.235199998016469,2059.162400000787,6421.816247582205
1782451283,5,GET,/ [checkout abuse session],0.000000,0.000000,0,0,0,0,0,0,0,0,0,0,0,5,0,2038.6421000002883,2047.6698200014653,2038.6421000002883,2059.162400000787,10499.0
1782451283,5,POST,/cart [add item abuse],1.100000,0.000000,4,4,4,4,4,5,5,5,5,5,5,128,0,4,6.018309375178887,3.235199998016469,49.685799996950664,0.0
1782451283,5,GET,/cart [view abuse],1.100000,0.000000,6,6,6,6,6,7,7,7,7,7,7,128,0,6,5.919329687742447,4.9453000028734095,11.009700006979983,14659.0
1782451283,5,POST,/cart/checkout [abuse],1.100000,0.000000,10,10,10,10,10,11,11,11,11,11,11,128,0,10,10.813648437817847,8.380400002351962,57.446600003459025,5004.0
1782451283,5,GET,/product/[id] [checkout abuse],1.100000,0.000000,6,6,7,7,7,8,8,8,8,8,8,128,0,6,6.37297109363999,4.6101000043563545,8.018700005777646,5865.0
1782451283,5,,Aggregated,4.400000,0.000000,6,7,9,9,10,10,11,11,11,11,11,517,0,6,27.014031334792765,3.235199998016469,2059.162400000787,6421.816247582205
1782451284,5,GET,/ [checkout abuse session],0.000000,0.000000,0,0,0,0,0,0,0,0,0,0,0,5,0,2038.6421000002883,2047.6698200014653,2038.6421000002883,2059.162400000787,10499.0
1782451284,5,POST,/cart [add item abuse],1.100000,0.000000,4,4,4,4,4,5,5,5,5,5,5,130,0,4,5.983210000144586,3.235199998016469,49.685799996950664,0.0
1782451284,5,GET,/cart [view abuse],1.100000,0.000000,6,6,6,6,6,7,7,7,7,7,7,130,0,6,5.913175384921487,4.9453000028734095,11.009700006979983,14659.0
1782451284,5,POST,/cart/checkout [abuse],1.100000,0.000000,10,10,10,10,11,54,54,54,54,54,54,130,0,10,11.143050769561132,8.380400002351962,57.446600003459025,5004.0
1782451284,5,GET,/product/[id] [checkout abuse],1.100000,0.000000,6,6,7,7,7,8,8,8,8,8,8,130,0,6,6.364100769133074,4.6101000043563545,8.018700005777646,5865.0
1782451284,5,,Aggregated,4.400000,0.000000,6,7,9,9,10,10,54,54,54,54,54,525,0,6,26.78249314304031,3.235199998016469,2059.162400000787,6421.2095238095235
1782451285,5,GET,/ [checkout abuse session],0.000000,0.000000,0,0,0,0,0,0,0,0,0,0,0,5,0,2038.6421000002883,2047.6698200014653,2038.6421000002883,2059.162400000787,10499.0
1782451285,5,POST,/cart [add item abuse],1.200000,0.000000,4,4,4,4,4,5,5,5,5,5,5,132,0,4,5.9557598485822165,3.235199998016469,49.685799996950664,0.0
1782451285,5,GET,/cart [view abuse],1.200000,0.000000,6,6,6,6,6,6,6,6,6,6,6,132,0,6,5.915118182119014,4.9453000028734095,11.009700006979983,14659.0
1782451285,5,POST,/cart/checkout [abuse],1.200000,0.000000,10,10,10,10,11,54,54,54,54,54,54,132,0,10,11.126198485175282,8.380400002351962,57.446600003459025,5004.0
1782451285,5,GET,/product/[id] [checkout abuse],1.200000,0.000000,6,6,7,7,7,8,8,8,8,8,8,132,0,6,6.366913636267065,4.6101000043563545,8.018700005777646,5865.0
1782451285,5,,Aggregated,4.800000,0.000000,6,6,9,9,10,10,54,54,54,54,54,533,0,6,26.481042776904836,3.235199998016469,2059.162400000787,6420.621013133208
1782451286,5,GET,/ [checkout abuse session],0.000000,0.000000,0,0,0,0,0,0,0,0,0,0,0,5,0,2038.6421000002883,2047.6698200014653,2038.6421000002883,2059.162400000787,10499.0
1782451286,5,POST,/cart [add item abuse],1.100000,0.000000,4,4,4,4,4,5,5,5,5,5,5,133,0,4,5.939905263205178,3.235199998016469,49.685799996950664,0.0
1782451286,5,GET,/cart [view abuse],1.100000,0.000000,6,6,6,6,6,6,6,6,6,6,6,133,0,6,5.910355639420765,4.9453000028734095,11.009700006979983,14659.0
1782451286,5,POST,/cart/checkout [abuse],1.100000,0.000000,10,10,10,10,11,54,54,54,54,54,54,133,0,10,11.113678947654797,8.380400002351962,57.446600003459025,5004.0
1782451286,5,GET,/product/[id] [checkout abuse],1.100000,0.000000,6,6,7,7,7,8,8,8,8,8,8,133,0,6,6.371242105146814,4.6101000043563545,8.018700005777646,5865.0
1782451286,5,,Aggregated,4.400000,0.000000,6,6,9,9,10,10,54,54,54,54,54,537,0,6,26.331337616534807,3.235199998016469,2059.162400000787,6420.333333333333
1782451287,5,GET,/ [checkout abuse session],0.000000,0.000000,0,0,0,0,0,0,0,0,0,0,0,5,0,2038.6421000002883,2047.6698200014653,2038.6421000002883,2059.162400000787,10499.0
1782451287,5,POST,/cart [add item abuse],1.300000,0.000000,4,4,4,4,4,5,5,5,5,5,5,134,0,4,5.923585820927479,3.235199998016469,49.685799996950664,0.0
1782451287,5,GET,/cart [view abuse],1.300000,0.000000,6,6,6,6,6,6,6,6,6,6,6,134,0,6,5.913379104762797,4.9453000028734095,11.009700006979983,14659.0
1782451287,5,POST,/cart/checkout [abuse],1.300000,0.000000,10,10,11,11,11,54,54,54,54,54,54,134,0,10,11.109591045033763,8.380400002351962,57.446600003459025,5004.0
1782451287,5,GET,/product/[id] [checkout abuse],1.300000,0.000000,6,6,7,7,7,8,8,8,8,8,8,134,0,6,6.366217164064275,4.6101000043563545,8.018700005777646,5865.0
1782451287,5,,Aggregated,5.200000,0.000000,6,6,9,9,10,11,54,54,54,54,54,541,0,6,26.185324769073866,3.235199998016469,2059.162400000787,6420.049907578558
1782451288,5,GET,/ [checkout abuse session],0.000000,0.000000,0,0,0,0,0,0,0,0,0,0,0,5,0,2038.6421000002883,2047.6698200014653,2038.6421000002883,2059.162400000787,10499.0
1782451288,5,POST,/cart [add item abuse],1.200000,0.000000,4,4,4,4,4,5,5,5,5,5,5,136,0,4,5.892497058833696,3.235199998016469,49.685799996950664,0.0
1782451288,5,GET,/cart [view abuse],1.200000,0.000000,6,6,6,6,6,6,6,6,6,6,6,135,0,6,5.910361481774426,4.9453000028734095,11.009700006979983,14659.0
1782451288,5,POST,/cart/checkout [abuse],1.200000,0.000000,10,10,10,11,11,54,54,54,54,54,54,135,0,10,11.0993059262034,8.380400002351962,57.446600003459025,5004.0
1782451288,5,GET,/product/[id] [checkout abuse],1.200000,0.000000,6,6,7,7,7,8,8,8,8,8,8,136,0,6,6.360281617536898,4.6101000043563545,8.018700005777646,5865.0
1782451288,5,,Aggregated,4.800000,0.000000,6,6,8,9,10,11,11,54,54,54,54,547,0,6,25.961667458995855,3.235199998016469,2059.162400000787,6407.020109689214
1782451289,5,GET,/ [checkout abuse session],0.000000,0.000000,0,0,0,0,0,0,0,0,0,0,0,5,0,2038.6421000002883,2047.6698200014653,2038.6421000002883,2059.162400000787,10499.0
1782451289,5,POST,/cart [add item abuse],1.200000,0.000000,4,4,4,4,4,4,4,4,4,4,4,136,0,4,5.892497058833696,3.235199998016469,49.685799996950664,0.0
1782451289,5,GET,/cart [view abuse],1.200000,0.000000,6,6,6,6,6,6,6,6,6,6,6,136,0,6,5.909258823842666,4.9453000028734095,11.009700006979983,14659.0
1782451289,5,POST,/cart/checkout [abuse],1.200000,0.000000,10,10,11,11,11,54,54,54,54,54,54,136,0,10,11.08900073557058,8.380400002351962,57.446600003459025,5004.0
1782451289,5,GET,/product/[id] [checkout abuse],1.200000,0.000000,6,6,7,7,7,8,8,8,8,8,8,136,0,6,6.360281617536898,4.6101000043563545,8.018700005777646,5865.0
1782451289,5,,Aggregated,4.800000,0.000000,6,6,9,9,10,11,54,54,54,54,54,549,0,6,25.895246448222093,3.235199998016469,2059.162400000787,6419.495446265938
1782451290,5,GET,/ [checkout abuse session],0.000000,0.000000,0,0,0,0,0,0,0,0,0,0,0,5,0,2038.6421000002883,2047.6698200014653,2038.6421000002883,2059.162400000787,10499.0
1782451290,5,POST,/cart [add item abuse],1.200000,0.000000,4,4,4,4,4,4,4,4,4,4,4,137,0,4,5.877275182451308,3.235199998016469,49.685799996950664,0.0
1782451290,5,GET,/cart [view abuse],1.200000,0.000000,6,6,6,6,6,6,6,6,6,6,6,137,0,6,5.908379562362267,4.9453000028734095,11.009700006979983,14659.0
1782451290,5,POST,/cart/checkout [abuse],1.200000,0.000000,10,10,10,11,11,54,54,54,54,54,54,137,0,10,11.082329927256627,8.380400002351962,57.446600003459025,5004.0
1782451290,5,GET,/product/[id] [checkout abuse],1.200000,0.000000,6,6,6,7,7,8,8,8,8,8,8,137,0,6,6.360956204266553,4.6101000043563545,8.018700005777646,5865.0
1782451290,5,,Aggregated,4.800000,0.000000,6,6,9,9,10,11,11,54,54,54,54,553,0,6,25.755359855452916,3.235199998016469,2059.162400000787,6419.224231464737
1782451291,5,GET,/ [checkout abuse session],0.000000,0.000000,0,0,0,0,0,0,0,0,0,0,0,5,0,2038.6421000002883,2047.6698200014653,2038.6421000002883,2059.162400000787,10499.0
1782451291,5,POST,/cart [add item abuse],1.200000,0.000000,4,4,4,4,5,7,7,7,7,7,7,140,0,4,5.868400714202186,3.235199998016469,49.685799996950664,0.0
1782451291,5,GET,/cart [view abuse],1.200000,0.000000,6,6,6,6,7,8,8,8,8,8,8,140,0,6,5.925493571755526,4.9453000028734095,11.009700006979983,14659.0
1782451291,5,POST,/cart/checkout [abuse],1.200000,0.000000,10,11,11,11,12,54,54,54,54,54,54,140,0,10,11.07027000018986,8.380400002351962,57.446600003459025,5004.0
1782451291,5,GET,/product/[id] [checkout abuse],1.200000,0.000000,6,7,7,7,8,8,8,8,8,8,8,140,0,6,6.379749285614317,4.6101000043563545,8.176200004527345,5865.0
1782451291,5,,Aggregated,4.800000,0.000000,6,7,9,9,10,11,12,54,54,54,54,565,0,6,25.367251327529186,3.235199998016469,2059.162400000787,6418.433628318584
1782451292,5,GET,/ [checkout abuse session],0.000000,0.000000,0,0,0,0,0,0,0,0,0,0,0,5,0,2038.6421000002883,2047.6698200014653,2038.6421000002883,2059.162400000787,10499.0
1782451292,5,POST,/cart [add item abuse],1.200000,0.000000,4,4,4,4,5,7,7,7,7,7,7,140,0,4,5.868400714202186,3.235199998016469,49.685799996950664,0.0
1782451292,5,GET,/cart [view abuse],1.200000,0.000000,6,6,6,6,7,8,8,8,8,8,8,140,0,6,5.925493571755526,4.9453000028734095,11.009700006979983,14659.0
1782451292,5,POST,/cart/checkout [abuse],1.200000,0.000000,10,11,11,11,12,54,54,54,54,54,54,140,0,10,11.07027000018986,8.380400002351962,57.446600003459025,5004.0
1782451292,5,GET,/product/[id] [checkout abuse],1.200000,0.000000,6,6,7,7,7,8,8,8,8,8,8,140,0,6,6.379749285614317,4.6101000043563545,8.176200004527345,5865.0
1782451292,5,,Aggregated,4.800000,0.000000,6,7,9,9,11,11,54,54,54,54,54,565,0,6,25.367251327529186,3.235199998016469,2059.162400000787,6418.433628318584
1782451293,5,GET,/ [checkout abuse session],0.000000,0.000000,0,0,0,0,0,0,0,0,0,0,0,5,0,2038.6421000002883,2047.6698200014653,2038.6421000002883,2059.162400000787,10499.0
1782451293,5,POST,/cart [add item abuse],1.000000,0.000000,4,4,4,4,5,7,7,7,7,7,7,141,0,4,5.851795744608695,3.235199998016469,49.685799996950664,0.0
1782451293,5,GET,/cart [view abuse],1.000000,0.000000,6,6,6,6,7,8,8,8,8,8,8,141,0,6,5.9247418443101845,4.9453000028734095,11.009700006979983,14659.0
1782451293,5,POST,/cart/checkout [abuse],1.000000,0.000000,10,11,11,11,12,54,54,54,54,54,54,141,0,10,11.057132624342776,8.380400002351962,57.446600003459025,5004.0
1782451293,5,GET,/product/[id] [checkout abuse],1.000000,0.000000,6,7,7,7,7,8,8,8,8,8,8,142,0,6,6.380483802683852,4.6101000043563545,8.176200004527345,5865.0
1782451293,5,,Aggregated,4.000000,0.000000,6,7,8,9,11,11,54,54,54,54,54,570,0,6,25.199868947470748,3.235199998016469,2059.162400000787,6417.207017543859
1782451294,5,GET,/ [checkout abuse session],0.000000,0.000000,0,0,0,0,0,0,0,0,0,0,0,5,0,2038.6421000002883,2047.6698200014653,2038.6421000002883,2059.162400000787,10499.0
1782451294,5,POST,/cart [add item abuse],1.300000,0.000000,4,4,4,4,5,7,7,7,7,7,7,142,0,4,5.841252112563971,3.235199998016469,49.685799996950664,0.0
1782451294,5,GET,/cart [view abuse],1.300000,0.000000,6,6,6,6,7,8,8,8,8,8,8,142,0,6,5.9225535214735965,4.9453000028734095,11.009700006979983,14659.0
1782451294,5,POST,/cart/checkout [abuse],1.300000,0.000000,10,11,11,11,11,12,12,12,12,12,12,142,0,10,11.053083803040273,8.380400002351962,57.446600003459025,5004.0
1782451294,5,GET,/product/[id] [checkout abuse],1.300000,0.000000,6,7,7,7,7,8,8,8,8,8,8,143,0,6,6.377709090782548,4.6101000043563545,8.176200004527345,5865.0
1782451294,5,,Aggregated,5.200000,0.000000,6,7,8,9,10,11,12,12,12,12,12,574,0,6,25.07031324051269,3.235199998016469,2059.162400000787,6416.961672473868
1782451295,5,GET,/ [checkout abuse session],0.000000,0.000000,0,0,0,0,0,0,0,0,0,0,0,5,0,2038.6421000002883,2047.6698200014653,2038.6421000002883,2059.162400000787,10499.0
1782451295,5,POST,/cart [add item abuse],1.300000,0.000000,4,4,5,5,5,7,7,7,7,7,7,144,0,4,5.816957638772793,3.235199998016469,49.685799996950664,0.0
1782451295,5,GET,/cart [view abuse],1.300000,0.000000,6,6,6,6,7,8,8,8,8,8,8,144,0,6,5.919718055843583,4.9453000028734095,11.009700006979983,14659.0
1782451295,5,POST,/cart/checkout [abuse],1.300000,0.000000,10,10,11,11,11,12,12,12,12,12,12,144,0,10,11.033743750178676,8.380400002351962,57.446600003459025,5004.0
1782451295,5,GET,/product/[id] [checkout abuse],1.300000,0.000000,6,6,7,7,7,8,8,8,8,8,8,144,0,6,6.374906944327247,4.6101000043563545,8.176200004527345,5865.0
1782451295,5,,Aggregated,5.200000,0.000000,6,7,9,9,10,11,12,12,12,12,12,581,0,6,24.84556987958853,3.235199998016469,2059.162400000787,6417.430292598967
1782451296,5,GET,/ [checkout abuse session],0.000000,0.000000,0,0,0,0,0,0,0,0,0,0,0,5,0,2038.6421000002883,2047.6698200014653,2038.6421000002883,2059.162400000787,10499.0
1782451296,5,POST,/cart [add item abuse],1.300000,0.000000,4,4,5,5,7,45,45,45,45,45,45,145,0,4,6.089248965395984,3.235199998016469,49.685799996950664,0.0
1782451296,5,GET,/cart [view abuse],1.300000,0.000000,6,6,6,6,7,8,8,8,8,8,8,145,0,6,5.918589655454431,4.9453000028734095,11.009700006979983,14659.0
1782451296,5,POST,/cart/checkout [abuse],1.300000,0.000000,10,10,11,11,11,12,12,12,12,12,12,145,0,10,11.033457931199369,8.380400002351962,57.446600003459025,5004.0
1782451296,5,GET,/product/[id] [checkout abuse],1.300000,0.000000,6,6,7,7,7,8,8,8,8,8,8,145,0,6,6.376111034378169,4.6101000043563545,8.176200004527345,5865.0
1782451296,5,,Aggregated,5.200000,0.000000,6,7,9,10,11,11,45,45,45,45,45,585,0,6,24.792945641092956,3.235199998016469,2059.162400000787,6417.188034188034
1782451297,5,GET,/ [checkout abuse session],0.000000,0.000000,0,0,0,0,0,0,0,0,0,0,0,5,0,2038.6421000002883,2047.6698200014653,2038.6421000002883,2059.162400000787,10499.0
1782451297,5,POST,/cart [add item abuse],1.300000,0.000000,4,5,5,5,7,45,45,45,45,45,45,145,0,4,6.089248965395984,3.235199998016469,49.685799996950664,0.0
1782451297,5,GET,/cart [view abuse],1.300000,0.000000,6,6,6,6,7,8,8,8,8,8,8,145,0,6,5.918589655454431,4.9453000028734095,11.009700006979983,14659.0
1782451297,5,POST,/cart/checkout [abuse],1.300000,0.000000,10,10,11,11,11,12,12,12,12,12,12,145,0,10,11.033457931199369,8.380400002351962,57.446600003459025,5004.0
1782451297,5,GET,/product/[id] [checkout abuse],1.300000,0.000000,6,7,7,7,7,8,8,8,8,8,8,145,0,6,6.376111034378169,4.6101000043563545,8.176200004527345,5865.0
1782451297,5,,Aggregated,5.200000,0.000000,6,7,9,10,10,11,45,45,45,45,45,585,0,6,24.792945641092956,3.235199998016469,2059.162400000787,6417.188034188034
1782451298,5,GET,/ [checkout abuse session],0.000000,0.000000,0,0,0,0,0,0,0,0,0,0,0,5,0,2038.6421000002883,2047.6698200014653,2038.6421000002883,2059.162400000787,10499.0
1782451298,5,POST,/cart [add item abuse],1.200000,0.000000,4,4,5,5,7,45,45,45,45,45,45,149,0,4,6.040172483086439,3.235199998016469,49.685799996950664,0.0
1782451298,5,GET,/cart [view abuse],1.200000,0.000000,6,7,7,7,8,8,8,8,8,8,8,149,0,6,5.944017449934145,4.9453000028734095,11.009700006979983,14659.0
1782451298,5,POST,/cart/checkout [abuse],1.200000,0.000000,10,11,11,11,12,52,52,52,52,52,52,149,0,10,11.288834899484614,8.380400002351962,57.446600003459025,5004.0
1782451298,5,GET,/product/[id] [checkout abuse],1.200000,0.000000,6,7,7,7,7,8,8,8,8,8,8,149,0,6,6.387863087080319,4.6101000043563545,8.176200004527345,5865.0
1782451298,5,,Aggregated,4.800000,0.000000,7,7,9,10,11,12,45,52,52,52,52,601,0,6,24.389053910192292,3.235199998016469,2059.162400000787,6416.251247920133
1782451299,5,GET,/ [checkout abuse session],0.000000,0.000000,0,0,0,0,0,0,0,0,0,0,0,5,0,2038.6421000002883,2047.6698200014653,2038.6421000002883,2059.162400000787,10499.0
1782451299,5,POST,/cart [add item abuse],1.200000,0.000000,4,4,5,5,7,45,45,45,45,45,45,150,0,4,6.023551333200885,3.235199998016469,49.685799996950664,0.0
1782451299,5,GET,/cart [view abuse],1.200000,0.000000,6,7,7,7,8,8,8,8,8,8,8,150,0,6,5.943060000281548,4.9453000028734095,11.009700006979983,14659.0
1782451299,5,POST,/cart/checkout [abuse],1.200000,0.000000,10,11,11,11,12,52,52,52,52,52,52,150,0,10,11.275886666844599,8.380400002351962,57.446600003459025,5004.0
1782451299,5,GET,/product/[id] [checkout abuse],1.200000,0.000000,7,7,7,7,7,8,8,8,8,8,8,150,0,6,6.390185333196617,4.6101000043563545,8.176200004527345,5865.0
1782451299,5,,Aggregated,4.800000,0.000000,7,7,9,10,11,12,45,52,52,52,52,605,0,6,24.269837355431196,3.235199998016469,2059.162400000787,6416.024793388429
1782451300,5,GET,/ [checkout abuse session],0.000000,0.000000,0,0,0,0,0,0,0,0,0,0,0,5,0,2038.6421000002883,2047.6698200014653,2038.6421000002883,2059.162400000787,10499.0
1782451300,5,POST,/cart [add item abuse],1.200000,0.000000,4,4,5,5,7,45,45,45,45,45,45,150,0,4,6.023551333200885,3.235199998016469,49.685799996950664,0.0
1782451300,5,GET,/cart [view abuse],1.200000,0.000000,6,7,7,7,8,8,8,8,8,8,8,150,0,6,5.943060000281548,4.9453000028734095,11.009700006979983,14659.0
1782451300,5,POST,/cart/checkout [abuse],1.200000,0.000000,10,11,11,11,12,52,52,52,52,52,52,150,0,10,11.275886666844599,8.380400002351962,57.446600003459025,5004.0
1782451300,5,GET,/product/[id] [checkout abuse],1.200000,0.000000,7,7,7,7,7,8,8,8,8,8,8,150,0,6,6.390185333196617,4.6101000043563545,8.176200004527345,5865.0
1782451300,5,,Aggregated,4.800000,0.000000,7,7,9,10,11,12,45,52,52,52,52,605,0,6,24.269837355431196,3.235199998016469,2059.162400000787,6416.024793388429
1782451301,5,GET,/ [checkout abuse session],0.000000,0.000000,0,0,0,0,0,0,0,0,0,0,0,5,0,2038.6421000002883,2047.6698200014653,2038.6421000002883,2059.162400000787,10499.0
1782451301,5,POST,/cart [add item abuse],1.200000,0.000000,4,4,5,5,7,45,45,45,45,45,45,150,0,4,6.023551333200885,3.235199998016469,49.685799996950664,0.0
1782451301,5,GET,/cart [view abuse],1.200000,0.000000,6,7,7,7,8,8,8,8,8,8,8,150,0,6,5.943060000281548,4.9453000028734095,11.009700006979983,14659.0
1782451301,5,POST,/cart/checkout [abuse],1.200000,0.000000,10,11,11,11,12,52,52,52,52,52,52,150,0,10,11.275886666844599,8.380400002351962,57.446600003459025,5004.0
1782451301,5,GET,/product/[id] [checkout abuse],1.200000,0.000000,7,7,7,7,7,8,8,8,8,8,8,150,0,6,6.390185333196617,4.6101000043563545,8.176200004527345,5865.0
1782451301,5,,Aggregated,4.800000,0.000000,7,7,9,10,11,12,45,52,52,52,52,605,0,6,24.269837355431196,3.235199998016469,2059.162400000787,6416.024793388429
1782451302,5,GET,/ [checkout abuse session],0.000000,0.000000,0,0,0,0,0,0,0,0,0,0,0,5,0,2038.6421000002883,2047.6698200014653,2038.6421000002883,2059.162400000787,10499.0
1782451302,5,POST,/cart [add item abuse],1.300000,0.000000,4,4,4,4,5,45,45,45,45,45,45,153,0,4,5.9828699344911405,3.235199998016469,49.685799996950664,0.0
1782451302,5,GET,/cart [view abuse],1.300000,0.000000,6,6,7,7,7,8,8,8,8,8,8,153,0,6,5.939590850009147,4.8873000050662085,11.009700006979983,14659.0
1782451302,5,POST,/cart/checkout [abuse],1.300000,0.000000,10,10,10,11,11,52,52,52,52,52,52,153,0,10,11.246432679934728,8.380400002351962,57.446600003459025,5004.0
1782451302,5,GET,/product/[id] [checkout abuse],1.300000,0.000000,6,7,7,7,7,8,8,8,8,8,8,153,0,6,6.396430065245535,4.6101000043563545,8.282900002086535,5865.0
1782451302,5,,Aggregated,5.200000,0.000000,6,7,9,10,10,11,45,52,52,52,52,617,0,6,23.92519222049992,3.235199998016469,2059.162400000787,6415.3630470016205
1782451303,5,GET,/ [checkout abuse session],0.000000,0.000000,0,0,0,0,0,0,0,0,0,0,0,5,0,2038.6421000002883,2047.6698200014653,2038.6421000002883,2059.162400000787,10499.0
1782451303,5,POST,/cart [add item abuse],1.300000,0.000000,4,4,4,4,5,45,45,45,45,45,45,154,0,4,5.968591558296073,3.235199998016469,49.685799996950664,0.0
1782451303,5,GET,/cart [view abuse],1.300000,0.000000,6,6,7,7,7,8,8,8,8,8,8,154,0,6,5.939789610722499,4.8873000050662085,11.009700006979983,14659.0
1782451303,5,POST,/cart/checkout [abuse],1.300000,0.000000,10,10,11,11,11,52,52,52,52,52,52,154,0,10,11.230916233960835,8.380400002351962,57.446600003459025,5004.0
1782451303,5,GET,/product/[id] [checkout abuse],1.300000,0.000000,7,7,7,7,8,8,8,8,8,8,8,154,0,6,6.4076123375603595,4.6101000043563545,8.282900002086535,5865.0
1782451303,5,,Aggregated,5.200000,0.000000,6,7,9,10,10,11,52,52,52,52,52,621,0,6,23.814127536313126,3.235199998016469,2059.162400000787,6415.148148148148
1782451304,5,GET,/ [checkout abuse session],0.000000,0.000000,0,0,0,0,0,0,0,0,0,0,0,5,0,2038.6421000002883,2047.6698200014653,2038.6421000002883,2059.162400000787,10499.0
1782451304,5,POST,/cart [add item abuse],1.100000,0.000000,4,4,4,4,5,45,45,45,45,45,45,155,0,4,5.952192903092627,3.235199998016469,49.685799996950664,0.0
1782451304,5,GET,/cart [view abuse],1.100000,0.000000,6,6,7,7,7,8,8,8,8,8,8,155,0,6,5.937310968076946,4.8873000050662085,11.009700006979983,14659.0
1782451304,5,POST,/cart/checkout [abuse],1.100000,0.000000,10,10,11,11,12,52,52,52,52,52,52,155,0,10,11.23743225823179,8.380400002351962,57.446600003459025,5004.0
1782451304,5,GET,/product/[id] [checkout abuse],1.100000,0.000000,7,7,7,7,8,8,8,8,8,8,8,155,0,6,6.409161290221457,4.6101000043563545,8.282900002086535,5865.0
1782451304,5,,Aggregated,4.400000,0.000000,6,7,9,10,10,12,45,52,52,52,52,625,0,6,23.706310720078182,3.235199998016469,2059.162400000787,6414.936
1782451305,5,GET,/ [checkout abuse session],0.000000,0.000000,0,0,0,0,0,0,0,0,0,0,0,5,0,2038.6421000002883,2047.6698200014653,2038.6421000002883,2059.162400000787,10499.0
1782451305,5,POST,/cart [add item abuse],1.400000,0.000000,4,4,4,4,4,45,45,45,45,45,45,157,0,4,5.925295541219037,3.235199998016469,49.685799996950664,0.0
1782451305,5,GET,/cart [view abuse],1.400000,0.000000,6,7,7,7,8,8,8,8,8,8,8,157,0,6,5.941659872973291,4.8873000050662085,11.009700006979983,14659.0
1782451305,5,POST,/cart/checkout [abuse],1.400000,0.000000,10,11,11,11,12,52,52,52,52,52,52,157,0,10,11.225892993824328,8.380400002351962,57.446600003459025,5004.0
1782451305,5,GET,/product/[id] [checkout abuse],1.400000,0.000000,7,7,7,7,8,8,8,8,8,8,8,157,0,6,6.410351592271031,4.6101000043563545,8.282900002086535,5865.0
1782451305,5,,Aggregated,5.600000,0.000000,7,8,9,10,11,12,45,52,52,52,52,633,0,6,23.49186650877171,3.235199998016469,2059.162400000787,6414.519747235387
1782451306,5,GET,/ [checkout abuse session],0.000000,0.000000,0,0,0,0,0,0,0,0,0,0,0,5,0,2038.6421000002883,2047.6698200014653,2038.6421000002883,2059.162400000787,10499.0
1782451306,5,POST,/cart [add item abuse],1.200000,0.000000,4,4,4,4,4,4,4,4,4,4,4,158,0,4,5.912505696029211,3.235199998016469,49.685799996950664,0.0
1782451306,5,GET,/cart [view abuse],1.200000,0.000000,6,7,7,7,8,8,8,8,8,8,8,158,0,6,5.950840506695293,4.8873000050662085,11.009700006979983,14659.0
1782451306,5,POST,/cart/checkout [abuse],1.200000,0.000000,10,10,11,11,12,52,52,52,52,52,52,158,0,10,11.219408860954358,8.380400002351962,57.446600003459025,5004.0
1782451306,5,GET,/product/[id] [checkout abuse],1.200000,0.000000,7,7,7,7,8,8,8,8,8,8,8,158,0,6,6.409818354365563,4.6101000043563545,8.282900002086535,5865.0
1782451306,5,,Aggregated,4.800000,0.000000,7,7,9,10,10,11,12,52,52,52,52,637,0,6,23.388030926308236,3.235199998016469,2059.162400000787,6414.315541601256
1782451307,5,GET,/ [checkout abuse session],0.000000,0.000000,0,0,0,0,0,0,0,0,0,0,0,5,0,2038.6421000002883,2047.6698200014653,2038.6421000002883,2059.162400000787,10499.0
1782451307,5,POST,/cart [add item abuse],1.100000,0.000000,4,4,4,4,4,4,4,4,4,4,4,159,0,4,5.896836477827864,3.235199998016469,49.685799996950664,0.0
1782451307,5,GET,/cart [view abuse],1.100000,0.000000,6,6,7,7,7,8,8,8,8,8,8,159,0,6,5.94851761043574,4.8873000050662085,11.009700006979983,14659.0
1782451307,5,POST,/cart/checkout [abuse],1.100000,0.000000,10,10,11,11,11,12,12,12,12,12,12,159,0,10,11.207850314663949,8.380400002351962,57.446600003459025,5004.0
1782451307,5,GET,/product/[id] [checkout abuse],1.100000,0.000000,6,7,7,7,8,8,8,8,8,8,8,159,0,6,6.408799999963152,4.6101000043563545,8.282900002086535,5865.0
1782451307,5,,Aggregated,4.400000,0.000000,6,7,9,9,10,11,12,12,12,12,12,641,0,6,23.280511388559983,3.235199998016469,2059.162400000787,6414.113884555382
1782451308,5,GET,/ [checkout abuse session],0.000000,0.000000,0,0,0,0,0,0,0,0,0,0,0,5,0,2038.6421000002883,2047.6698200014653,2038.6421000002883,2059.162400000787,10499.0
1782451308,5,POST,/cart [add item abuse],1.100000,0.000000,4,4,4,4,4,4,4,4,4,4,4,159,0,4,5.896836477827864,3.235199998016469,49.685799996950664,0.0
1782451308,5,GET,/cart [view abuse],1.100000,0.000000,6,6,7,7,8,8,8,8,8,8,8,159,0,6,5.94851761043574,4.8873000050662085,11.009700006979983,14659.0
1782451308,5,POST,/cart/checkout [abuse],1.100000,0.000000,10,10,10,11,12,12,12,12,12,12,12,159,0,10,11.207850314663949,8.380400002351962,57.446600003459025,5004.0
1782451308,5,GET,/product/[id] [checkout abuse],1.100000,0.000000,7,7,7,8,8,8,8,8,8,8,8,159,0,6,6.408799999963152,4.6101000043563545,8.282900002086535,5865.0
1782451308,5,,Aggregated,4.400000,0.000000,6,7,9,9,10,11,12,12,12,12,12,641,0,6,23.280511388559983,3.235199998016469,2059.162400000787,6414.113884555382
1782451309,5,GET,/ [checkout abuse session],0.000000,0.000000,0,0,0,0,0,0,0,0,0,0,0,5,0,2038.6421000002883,2047.6698200014653,2038.6421000002883,2059.162400000787,10499.0
1782451309,5,POST,/cart [add item abuse],1.300000,0.000000,4,4,4,4,4,4,4,4,4,4,4,162,0,4,5.860235802286713,3.235199998016469,49.685799996950664,0.0
1782451309,5,GET,/cart [view abuse],1.300000,0.000000,6,6,7,7,7,8,8,8,8,8,8,162,0,6,5.946991975684392,4.8873000050662085,11.009700006979983,14659.0
1782451309,5,POST,/cart/checkout [abuse],1.300000,0.000000,10,10,10,11,12,52,52,52,52,52,52,162,0,10,11.445607407635471,8.380400002351962,57.446600003459025,5004.0
1782451309,5,GET,/product/[id] [checkout abuse],1.300000,0.000000,6,7,7,7,8,8,8,8,8,8,8,162,0,6,6.404451234517676,4.6101000043563545,8.282900002086535,5865.0
1782451309,5,,Aggregated,5.200000,0.000000,6,7,9,9,10,11,12,52,52,52,52,653,0,6,23.03649234313546,3.235199998016469,2059.162400000787,6413.523736600307
1782451310,5,GET,/ [checkout abuse session],0.000000,0.000000,0,0,0,0,0,0,0,0,0,0,0,5,0,2038.6421000002883,2047.6698200014653,2038.6421000002883,2059.162400000787,10499.0
1782451310,5,POST,/cart [add item abuse],1.100000,0.000000,4,4,4,4,4,4,4,4,4,4,4,163,0,4,5.846332515166012,3.235199998016469,49.685799996950664,0.0
1782451310,5,GET,/cart [view abuse],1.100000,0.000000,6,6,7,7,7,8,8,8,8,8,8,163,0,6,5.945384662928334,4.8873000050662085,11.009700006979983,14659.0
1782451310,5,POST,/cart/checkout [abuse],1.100000,0.000000,10,10,10,11,12,52,52,52,52,52,52,163,0,10,11.433295705746731,8.380400002351962,57.446600003459025,5004.0
1782451310,5,GET,/product/[id] [checkout abuse],1.100000,0.000000,6,6,7,7,8,8,8,8,8,8,8,163,0,6,6.399849693223397,4.6101000043563545,8.282900002086535,5865.0
1782451310,5,,Aggregated,4.400000,0.000000,6,7,9,9,10,11,12,52,52,52,52,657,0,6,22.93333592095713,3.235199998016469,2059.162400000787,6413.331811263318
1782451311,5,GET,/ [checkout abuse session],0.000000,0.000000,0,0,0,0,0,0,0,0,0,0,0,5,0,2038.6421000002883,2047.6698200014653,2038.6421000002883,2059.162400000787,10499.0
1782451311,5,POST,/cart [add item abuse],1.100000,0.000000,4,4,4,4,4,4,4,4,4,4,4,164,0,4,5.8309237803059215,3.235199998016469,49.685799996950664,0.0
1782451311,5,GET,/cart [view abuse],1.100000,0.000000,6,6,7,7,7,8,8,8,8,8,8,164,0,6,5.939905488181777,4.8873000050662085,11.009700006979983,14659.0
1782451311,5,POST,/cart/checkout [abuse],1.100000,0.000000,10,10,10,11,12,52,52,52,52,52,52,164,0,10,11.419015853900374,8.380400002351962,57.446600003459025,5004.0
1782451311,5,GET,/product/[id] [checkout abuse],1.100000,0.000000,6,6,7,7,8,8,8,8,8,8,8,164,0,6,6.394253048711107,4.6101000043563545,8.282900002086535,5865.0
1782451311,5,,Aggregated,4.400000,0.000000,6,7,9,9,10,11,12,52,52,52,52,661,0,6,22.82926051447442,3.235199998016469,2059.162400000787,6413.142208774584
1782451312,5,GET,/ [checkout abuse session],0.000000,0.000000,0,0,0,0,0,0,0,0,0,0,0,5,0,2038.6421000002883,2047.6698200014653,2038.6421000002883,2059.162400000787,10499.0
1782451312,5,POST,/cart [add item abuse],1.100000,0.000000,4,4,4,4,4,4,4,4,4,4,4,164,0,4,5.8309237803059215,3.235199998016469,49.685799996950664,0.0
1782451312,5,GET,/cart [view abuse],1.100000,0.000000,6,6,7,7,7,8,8,8,8,8,8,164,0,6,5.939905488181777,4.8873000050662085,11.009700006979983,14659.0
1782451312,5,POST,/cart/checkout [abuse],1.100000,0.000000,10,10,10,11,12,52,52,52,52,52,52,164,0,10,11.419015853900374,8.380400002351962,57.446600003459025,5004.0
1782451312,5,GET,/product/[id] [checkout abuse],1.100000,0.000000,6,6,7,7,8,8,8,8,8,8,8,164,0,6,6.394253048711107,4.6101000043563545,8.282900002086535,5865.0
1782451312,5,,Aggregated,4.400000,0.000000,6,7,9,9,10,11,12,52,52,52,52,661,0,6,22.82926051447442,3.235199998016469,2059.162400000787,6413.142208774584
1782451313,5,GET,/ [checkout abuse session],0.000000,0.000000,0,0,0,0,0,0,0,0,0,0,0,5,0,2038.6421000002883,2047.6698200014653,2038.6421000002883,2059.162400000787,10499.0
1782451313,5,POST,/cart [add item abuse],1.300000,0.000000,4,4,4,4,4,6,6,6,6,6,6,166,0,4,5.81681927693594,3.235199998016469,49.685799996950664,0.0
1782451313,5,GET,/cart [view abuse],1.300000,0.000000,6,6,7,7,7,8,8,8,8,8,8,166,0,6,5.942321687176577,4.8873000050662085,11.009700006979983,14659.0
1782451313,5,POST,/cart/checkout [abuse],1.300000,0.000000,10,10,11,11,12,52,52,52,52,52,52,166,0,10,11.390077711055994,8.380400002351962,57.446600003459025,5004.0
1782451313,5,GET,/product/[id] [checkout abuse],1.300000,0.000000,6,6,7,7,7,7,7,7,7,7,7,166,0,6,6.391168072202919,4.6101000043563545,8.282900002086535,5865.0
1782451313,5,,Aggregated,5.200000,0.000000,6,7,9,9,10,11,52,52,52,52,52,669,0,6,22.633861435083684,3.235199998016469,2059.162400000787,6412.769805680119
1782451314,5,GET,/ [checkout abuse session],0.000000,0.000000,0,0,0,0,0,0,0,0,0,0,0,5,0,2038.6421000002883,2047.6698200014653,2038.6421000002883,2059.162400000787,10499.0
1782451314,5,POST,/cart [add item abuse],1.300000,0.000000,4,4,4,4,5,6,6,6,6,6,6,168,0,4,5.798830952222661,3.235199998016469,49.685799996950664,0.0
1782451314,5,GET,/cart [view abuse],1.300000,0.000000,6,7,7,7,8,8,8,8,8,8,8,168,0,6,5.950031548049343,4.8873000050662085,11.009700006979983,14659.0
1782451314,5,POST,/cart/checkout [abuse],1.300000,0.000000,10,10,11,11,13,52,52,52,52,52,52,168,0,10,11.396062500222927,8.380400002351962,57.446600003459025,5004.0
1782451314,5,GET,/product/[id] [checkout abuse],1.300000,0.000000,6,6,6,7,7,7,7,7,7,7,7,168,0,6,6.392355952292356,4.6101000043563545,8.282900002086535,5865.0
1782451314,5,,Aggregated,5.200000,0.000000,6,7,9,9,10,11,13,52,52,52,52,677,0,6,22.45289852300678,3.235199998016469,2059.162400000787,6412.406203840473
1782451315,5,GET,/ [checkout abuse session],0.000000,0.000000,0,0,0,0,0,0,0,0,0,0,0,5,0,2038.6421000002883,2047.6698200014653,2038.6421000002883,2059.162400000787,10499.0
1782451315,5,POST,/cart [add item abuse],1.000000,0.000000,4,4,4,4,5,6,6,6,6,6,6,169,0,4,5.785615384427503,3.235199998016469,49.685799996950664,0.0
1782451315,5,GET,/cart [view abuse],1.000000,0.000000,6,6,7,7,7,8,8,8,8,8,8,169,0,6,5.947070414635777,4.8873000050662085,11.009700006979983,14659.0
1782451315,5,POST,/cart/checkout [abuse],1.000000,0.000000,10,10,11,11,13,52,52,52,52,52,52,169,0,10,11.38138284045857,8.380400002351962,57.446600003459025,5004.0
1782451315,5,GET,/product/[id] [checkout abuse],1.000000,0.000000,6,6,6,6,7,7,7,7,7,7,7,169,0,6,6.389961538343145,4.6101000043563545,8.282900002086535,5865.0
1782451315,5,,Aggregated,4.000000,0.000000,6,7,9,9,10,11,52,52,52,52,52,681,0,6,22.356138326088857,3.235199998016469,2059.162400000787,6412.227606461087
1782451316,5,GET,/ [checkout abuse session],0.000000,0.000000,0,0,0,0,0,0,0,0,0,0,0,5,0,2038.6421000002883,2047.6698200014653,2038.6421000002883,2059.162400000787,10499.0
1782451316,5,POST,/cart [add item abuse],1.000000,0.000000,4,4,4,4,5,6,6,6,6,6,6,169,0,4,5.785615384427503,3.235199998016469,49.685799996950664,0.0
1782451316,5,GET,/cart [view abuse],1.000000,0.000000,6,6,7,7,7,8,8,8,8,8,8,169,0,6,5.947070414635777,4.8873000050662085,11.009700006979983,14659.0
1782451316,5,POST,/cart/checkout [abuse],1.000000,0.000000,9,10,11,11,13,52,52,52,52,52,52,169,0,10,11.38138284045857,8.380400002351962,57.446600003459025,5004.0
1782451316,5,GET,/product/[id] [checkout abuse],1.000000,0.000000,6,6,6,6,7,7,7,7,7,7,7,169,0,6,6.389961538343145,4.6101000043563545,8.282900002086535,5865.0
1782451316,5,,Aggregated,4.000000,0.000000,6,7,9,9,10,11,52,52,52,52,52,681,0,6,22.356138326088857,3.235199998016469,2059.162400000787,6412.227606461087
1782451317,5,GET,/ [checkout abuse session],0.000000,0.000000,0,0,0,0,0,0,0,0,0,0,0,5,0,2038.6421000002883,2047.6698200014653,2038.6421000002883,2059.162400000787,10499.0
1782451317,5,POST,/cart [add item abuse],1.300000,0.000000,4,4,4,4,5,6,6,6,6,6,6,171,0,4,5.759056140193838,3.235199998016469,49.685799996950664,0.0
1782451317,5,GET,/cart [view abuse],1.300000,0.000000,6,6,7,7,7,8,8,8,8,8,8,171,0,6,5.941039766525381,4.8873000050662085,11.009700006979983,14659.0
1782451317,5,POST,/cart/checkout [abuse],1.300000,0.000000,10,10,13,13,50,52,52,52,52,52,52,171,0,10,11.59871754413355,8.380400002351962,57.446600003459025,5004.0
1782451317,5,GET,/product/[id] [checkout abuse],1.300000,0.000000,6,6,6,6,7,7,7,7,7,7,7,171,0,6,6.3825315788265025,4.6101000043563545,8.282900002086535,5865.0
1782451317,5,,Aggregated,5.200000,0.000000,6,7,9,9,10,13,52,52,52,52,52,689,0,6,22.226210595185023,3.235199998016469,2059.162400000787,6411.876632801161
1782451318,5,GET,/ [checkout abuse session],0.000000,0.000000,0,0,0,0,0,0,0,0,0,0,0,5,0,2038.6421000002883,2047.6698200014653,2038.6421000002883,2059.162400000787,10499.0
1782451318,5,POST,/cart [add item abuse],1.300000,0.000000,4,4,4,4,5,6,6,6,6,6,6,171,0,4,5.759056140193838,3.235199998016469,49.685799996950664,0.0
1782451318,5,GET,/cart [view abuse],1.300000,0.000000,6,6,7,7,7,8,8,8,8,8,8,171,0,6,5.941039766525381,4.8873000050662085,11.009700006979983,14659.0
1782451318,5,POST,/cart/checkout [abuse],1.300000,0.000000,10,11,13,13,50,52,52,52,52,52,52,171,0,10,11.59871754413355,8.380400002351962,57.446600003459025,5004.0
1782451318,5,GET,/product/[id] [checkout abuse],1.300000,0.000000,6,6,6,6,7,7,7,7,7,7,7,171,0,6,6.3825315788265025,4.6101000043563545,8.282900002086535,5865.0
1782451318,5,,Aggregated,5.200000,0.000000,6,7,9,9,10,13,52,52,52,52,52,689,0,6,22.226210595185023,3.235199998016469,2059.162400000787,6411.876632801161
1782451319,5,GET,/ [checkout abuse session],0.000000,0.000000,0,0,0,0,0,0,0,0,0,0,0,5,0,2038.6421000002883,2047.6698200014653,2038.6421000002883,2059.162400000787,10499.0
1782451319,5,POST,/cart [add item abuse],1.100000,0.000000,4,4,4,4,5,6,6,6,6,6,6,174,0,4,5.721749425076227,3.235199998016469,49.685799996950664,0.0
1782451319,5,GET,/cart [view abuse],1.100000,0.000000,6,6,6,6,7,8,8,8,8,8,8,174,0,6,5.928735632613976,4.8873000050662085,11.009700006979983,14659.0
1782451319,5,POST,/cart/checkout [abuse],1.100000,0.000000,10,10,11,11,13,50,50,50,50,50,50,174,0,10,11.56341954052111,8.380400002351962,57.446600003459025,5004.0
1782451319,5,GET,/product/[id] [checkout abuse],1.100000,0.000000,6,6,7,7,7,7,7,7,7,7,7,174,0,6,6.381127011405917,4.6101000043563545,8.282900002086535,5865.0
1782451319,5,,Aggregated,4.400000,0.000000,6,7,9,9,10,11,50,50,50,50,50,701,0,6,21.951333238346255,3.235199998016469,2059.162400000787,6411.365192582026
1782451320,5,GET,/ [checkout abuse session],0.000000,0.000000,0,0,0,0,0,0,0,0,0,0,0,5,0,2038.6421000002883,2047.6698200014653,2038.6421000002883,2059.162400000787,10499.0
1782451320,5,POST,/cart [add item abuse],1.100000,0.000000,4,4,4,4,5,6,6,6,6,6,6,174,0,4,5.721749425076227,3.235199998016469,49.685799996950664,0.0
1782451320,5,GET,/cart [view abuse],1.100000,0.000000,5,6,6,6,7,8,8,8,8,8,8,174,0,6,5.928735632613976,4.8873000050662085,11.009700006979983,14659.0
1782451320,5,POST,/cart/checkout [abuse],1.100000,0.000000,10,10,11,11,13,50,50,50,50,50,50,174,0,10,11.56341954052111,8.380400002351962,57.446600003459025,5004.0
1782451320,5,GET,/product/[id] [checkout abuse],1.100000,0.000000,6,7,7,7,7,7,7,7,7,7,7,174,0,6,6.381127011405917,4.6101000043563545,8.282900002086535,5865.0
1782451320,5,,Aggregated,4.400000,0.000000,6,7,9,9,10,11,50,50,50,50,50,701,0,6,21.951333238346255,3.235199998016469,2059.162400000787,6411.365192582026
1782451321,5,GET,/ [checkout abuse session],0.000000,0.000000,0,0,0,0,0,0,0,0,0,0,0,5,0,2038.6421000002883,2047.6698200014653,2038.6421000002883,2059.162400000787,10499.0
1782451321,5,POST,/cart [add item abuse],1.100000,0.000000,4,4,4,4,5,6,6,6,6,6,6,175,0,4,5.7100057140840885,3.235199998016469,49.685799996950664,0.0
1782451321,5,GET,/cart [view abuse],1.100000,0.000000,6,6,6,6,7,8,8,8,8,8,8,175,0,6,5.930122286122891,4.8873000050662085,11.009700006979983,14659.0
1782451321,5,POST,/cart/checkout [abuse],1.100000,0.000000,10,10,13,13,50,53,53,53,53,53,53,175,0,10,11.802129714550185,8.380400002351962,57.446600003459025,5004.0
1782451321,5,GET,/product/[id] [checkout abuse],1.100000,0.000000,6,6,7,7,7,7,7,7,7,7,7,175,0,6,6.377163428488919,4.6101000043563545,8.282900002086535,5865.0
1782451321,5,,Aggregated,4.400000,0.000000,6,7,9,9,10,13,53,53,53,53,53,705,0,6,21.924464964645946,3.235199998016469,2059.162400000787,6411.198581560284
1782451322,5,GET,/ [checkout abuse session],0.000000,0.000000,0,0,0,0,0,0,0,0,0,0,0,5,0,2038.6421000002883,2047.6698200014653,2038.6421000002883,2059.162400000787,10499.0
1782451322,5,POST,/cart [add item abuse],1.200000,0.000000,4,4,4,4,5,6,6,6,6,6,6,176,0,4,5.696992613428103,3.235199998016469,49.685799996950664,0.0
1782451322,5,GET,/cart [view abuse],1.200000,0.000000,6,6,6,6,7,8,8,8,8,8,8,176,0,6,5.925357386786345,4.8873000050662085,11.009700006979983,14659.0
1782451322,5,POST,/cart/checkout [abuse],1.200000,0.000000,10,10,13,13,50,53,53,53,53,53,53,176,0,10,11.785444318444537,8.380400002351962,57.446600003459025,5004.0
1782451322,5,GET,/product/[id] [checkout abuse],1.200000,0.000000,6,6,7,7,7,7,7,7,7,7,7,176,0,6,6.371726136297763,4.6101000043563545,8.282900002086535,5865.0
1782451322,5,,Aggregated,4.800000,0.000000,6,7,9,9,10,13,53,53,53,53,53,709,0,6,21.83292623424501,3.235199998016469,2059.162400000787,6411.033850493653
1782451323,5,GET,/ [checkout abuse session],0.000000,0.000000,0,0,0,0,0,0,0,0,0,0,0,5,0,2038.6421000002883,2047.6698200014653,2038.6421000002883,2059.162400000787,10499.0
1782451323,5,POST,/cart [add item abuse],1.100000,0.000000,4,4,4,4,4,5,5,5,5,5,5,178,0,4,5.674765168315092,3.235199998016469,49.685799996950664,0.0
1782451323,5,GET,/cart [view abuse],1.100000,0.000000,5,6,6,6,6,8,8,8,8,8,8,178,0,6,5.921948315026997,4.8873000050662085,11.009700006979983,14659.0
1782451323,5,POST,/cart/checkout [abuse],1.100000,0.000000,10,10,13,13,50,53,53,53,53,53,53,178,0,10,11.75599662947411,8.380400002351962,57.446600003459025,5004.0
1782451323,5,GET,/product/[id] [checkout abuse],1.100000,0.000000,6,6,7,7,7,7,7,7,7,7,7,178,0,6,6.36828426956598,4.6101000043563545,8.282900002086535,5865.0
1782451323,5,,Aggregated,4.400000,0.000000,6,6,9,9,10,13,53,53,53,53,53,717,0,6,21.657860669555586,3.235199998016469,2059.162400000787,6410.709902370991
1782451324,5,GET,/ [checkout abuse session],0.000000,0.000000,0,0,0,0,0,0,0,0,0,0,0,5,0,2038.6421000002883,2047.6698200014653,2038.6421000002883,2059.162400000787,10499.0
1782451324,5,POST,/cart [add item abuse],1.100000,0.000000,4,4,4,4,4,4,4,4,4,4,4,179,0,4,5.664135753991689,3.235199998016469,49.685799996950664,0.0
1782451324,5,GET,/cart [view abuse],1.100000,0.000000,5,6,6,6,6,6,6,6,6,6,6,179,0,6,5.923307821653425,4.8873000050662085,11.009700006979983,14659.0
1782451324,5,POST,/cart/checkout [abuse],1.100000,0.000000,9,10,10,10,50,53,53,53,53,53,53,179,0,10,11.741225139918223,8.380400002351962,57.446600003459025,5004.0
1782451324,5,GET,/product/[id] [checkout abuse],1.100000,0.000000,6,6,6,6,7,7,7,7,7,7,7,179,0,6,6.366801675916038,4.6101000043563545,8.282900002086535,5865.0
1782451324,5,,Aggregated,4.400000,0.000000,6,6,9,9,10,10,53,53,53,53,53,721,0,6,21.57259126224984,3.235199998016469,2059.162400000787,6410.550624133149
1782451325,5,GET,/ [checkout abuse session],0.000000,0.000000,0,0,0,0,0,0,0,0,0,0,0,5,0,2038.6421000002883,2047.6698200014653,2038.6421000002883,2059.162400000787,10499.0
1782451325,5,POST,/cart [add item abuse],1.200000,0.000000,4,4,4,4,4,5,5,5,5,5,5,180,0,4,5.657694999818988,3.235199998016469,49.685799996950664,0.0
1782451325,5,GET,/cart [view abuse],1.200000,0.000000,5,6,6,6,6,6,6,6,6,6,6,180,0,6,5.921226667083425,4.8873000050662085,11.009700006979983,14659.0
1782451325,5,POST,/cart/checkout [abuse],1.200000,0.000000,9,10,10,10,50,53,53,53,53,53,53,180,0,10,11.727950555804354,8.380400002351962,57.446600003459025,5004.0
1782451325,5,GET,/product/[id] [checkout abuse],1.200000,0.000000,6,6,7,7,7,8,8,8,8,8,8,180,0,6,6.374906666597882,4.6101000043563545,8.282900002086535,5865.0
1782451325,5,,Aggregated,4.800000,0.000000,6,6,9,9,10,10,53,53,53,53,53,725,0,6,21.491130069078846,3.235199998016469,2059.162400000787,6410.393103448276
1782451326,5,GET,/ [checkout abuse session],0.000000,0.000000,0,0,0,0,0,0,0,0,0,0,0,5,0,2038.6421000002883,2047.6698200014653,2038.6421000002883,2059.162400000787,10499.0
1782451326,5,POST,/cart [add item abuse],1.200000,0.000000,4,4,4,4,4,5,5,5,5,5,5,181,0,4,5.645045303679792,3.235199998016469,49.685799996950664,0.0
1782451326,5,GET,/cart [view abuse],1.200000,0.000000,5,6,6,6,6,6,6,6,6,6,6,181,0,6,5.918269061167642,4.8873000050662085,11.009700006979983,14659.0
1782451326,5,POST,/cart/checkout [abuse],1.200000,0.000000,9,10,10,10,50,53,53,53,53,53,53,181,0,10,11.715538121772111,8.380400002351962,57.446600003459025,5004.0
1782451326,5,GET,/product/[id] [checkout abuse],1.200000,0.000000,6,6,7,7,7,8,8,8,8,8,8,181,0,6,6.374067955758765,4.6101000043563545,8.282900002086535,5865.0
1782451326,5,,Aggregated,4.800000,0.000000,6,6,9,9,10,10,53,53,53,53,53,729,0,6,21.406759533714403,3.235199998016469,2059.162400000787,6410.237311385459
1782451327,5,GET,/ [checkout abuse session],0.000000,0.000000,0,0,0,0,0,0,0,0,0,0,0,5,0,2038.6421000002883,2047.6698200014653,2038.6421000002883,2059.162400000787,10499.0
1782451327,5,POST,/cart [add item abuse],1.100000,0.000000,4,4,4,4,4,5,5,5,5,5,5,182,0,4,5.6341236261657315,3.235199998016469,49.685799996950664,0.0
1782451327,5,GET,/cart [view abuse],1.100000,0.000000,5,6,6,6,6,6,6,6,6,6,6,182,0,6,5.913530220173665,4.8873000050662085,11.009700006979983,14659.0
1782451327,5,POST,/cart/checkout [abuse],1.100000,0.000000,9,10,10,10,50,53,53,53,53,53,53,182,0,10,11.698970879349092,8.380400002351962,57.446600003459025,5004.0
1782451327,5,GET,/product/[id] [checkout abuse],1.100000,0.000000,6,6,6,7,7,8,8,8,8,8,8,182,0,6,6.374169780179067,4.6101000043563545,8.282900002086535,5865.0
1782451327,5,,Aggregated,4.400000,0.000000,6,6,9,9,9,10,50,53,53,53,53,733,0,6,21.322419781821583,3.235199998016469,2059.162400000787,6410.083219645293
1782451328,5,GET,/ [checkout abuse session],0.000000,0.000000,0,0,0,0,0,0,0,0,0,0,0,5,0,2038.6421000002883,2047.6698200014653,2038.6421000002883,2059.162400000787,10499.0
1782451328,5,POST,/cart [add item abuse],1.100000,0.000000,4,4,4,5,5,5,5,5,5,5,5,184,0,4,5.622375543284959,3.235199998016469,49.685799996950664,0.0
1782451328,5,GET,/cart [view abuse],1.100000,0.000000,6,6,6,6,6,7,7,7,7,7,7,184,0,6,5.922910869942469,4.8873000050662085,11.009700006979983,14659.0
1782451328,5,POST,/cart/checkout [abuse],1.100000,0.000000,9,10,10,10,11,53,53,53,53,53,53,184,0,10,11.687139130671035,8.380400002351962,57.446600003459025,5004.0
1782451328,5,GET,/product/[id] [checkout abuse],1.100000,0.000000,6,6,7,7,7,8,8,8,8,8,8,184,0,6,6.375839130392389,4.6101000043563545,8.282900002086535,5865.0
1782451328,5,,Aggregated,4.400000,0.000000,6,7,9,9,9,10,11,53,53,53,53,741,0,6,21.16905506083245,3.235199998016469,2059.162400000787,6409.780026990553
1782451329,5,GET,/ [checkout abuse session],0.000000,0.000000,0,0,0,0,0,0,0,0,0,0,0,5,0,2038.6421000002883,2047.6698200014653,2038.6421000002883,2059.162400000787,10499.0
1782451329,5,POST,/cart [add item abuse],1.200000,0.000000,4,4,4,5,5,5,5,5,5,5,5,185,0,4,5.611980540364843,3.235199998016469,49.685799996950664,0.0
1782451329,5,GET,/cart [view abuse],1.200000,0.000000,6,6,6,6,6,7,7,7,7,7,7,185,0,6,5.920008108502795,4.8873000050662085,11.009700006979983,14659.0
1782451329,5,POST,/cart/checkout [abuse],1.200000,0.000000,9,10,10,11,11,53,53,53,53,53,53,185,0,10,11.682135135374295,8.380400002351962,57.446600003459025,5004.0
1782451329,5,GET,/product/[id] [checkout abuse],1.200000,0.000000,6,7,7,7,7,8,8,8,8,8,8,185,0,6,6.379517837784668,4.6101000043563545,8.282900002086535,5865.0
1782451329,5,,Aggregated,4.800000,0.000000,6,7,9,9,10,11,11,53,53,53,53,745,0,6,21.091507114204358,3.235199998016469,2059.162400000787,6409.6308724832215
1782451330,5,GET,/ [checkout abuse session],0.000000,0.000000,0,0,0,0,0,0,0,0,0,0,0,5,0,2038.6421000002883,2047.6698200014653,2038.6421000002883,2059.162400000787,10499.0
1782451330,5,POST,/cart [add item abuse],1.300000,0.000000,4,4,4,5,5,5,5,5,5,5,5,187,0,4,5.591338502520504,3.232300005038269,49.685799996950664,0.0
1782451330,5,GET,/cart [view abuse],1.300000,0.000000,6,6,6,6,6,7,7,7,7,7,7,187,0,6,5.912639037775993,4.8020999965956435,11.009700006979983,14659.0
1782451330,5,POST,/cart/checkout [abuse],1.300000,0.000000,9,9,10,11,11,53,53,53,53,53,53,187,0,10,11.652944920054464,8.380400002351962,57.446600003459025,5004.0
1782451330,5,GET,/product/[id] [checkout abuse],1.300000,0.000000,6,6,7,7,7,8,8,8,8,8,8,187,0,6,6.375322994590241,4.6101000043563545,8.282900002086535,5865.0
1782451330,5,,Aggregated,5.200000,0.000000,6,7,9,9,9,11,11,53,53,53,53,753,0,6,20.93078220462328,3.232300005038269,2059.162400000787,6409.337317397079
1782451331,5,GET,/ [checkout abuse session],0.000000,0.000000,0,0,0,0,0,0,0,0,0,0,0,5,0,2038.6421000002883,2047.6698200014653,2038.6421000002883,2059.162400000787,10499.0
1782451331,5,POST,/cart [add item abuse],1.300000,0.000000,4,4,4,5,5,5,5,5,5,5,5,189,0,4,5.574959788184118,3.232300005038269,49.685799996950664,0.0
1782451331,5,GET,/cart [view abuse],1.300000,0.000000,6,6,6,6,7,7,7,7,7,7,7,189,0,6,5.918350793999033,4.8020999965956435,11.009700006979983,14659.0
1782451331,5,POST,/cart/checkout [abuse],1.300000,0.000000,9,10,10,11,11,11,11,11,11,11,11,189,0,10,11.643868783336728,8.380400002351962,57.446600003459025,5004.0
1782451331,5,GET,/product/[id] [checkout abuse],1.300000,0.000000,6,7,7,7,7,8,8,8,8,8,8,189,0,6,6.377622751291489,4.6101000043563545,8.282900002086535,5865.0
1782451331,5,,Aggregated,5.200000,0.000000,6,7,9,9,9,11,11,11,11,11,11,761,0,6,20.78402982928341,3.232300005038269,2059.162400000787,6409.049934296978
1782451332,5,GET,/ [checkout abuse session],0.000000,0.000000,0,0,0,0,0,0,0,0,0,0,0,5,0,2038.6421000002883,2047.6698200014653,2038.6421000002883,2059.162400000787,10499.0
1782451332,5,POST,/cart [add item abuse],1.300000,0.000000,4,4,4,5,5,5,5,5,5,5,5,189,0,4,5.574959788184118,3.232300005038269,49.685799996950664,0.0
1782451332,5,GET,/cart [view abuse],1.300000,0.000000,6,6,6,6,7,7,7,7,7,7,7,189,0,6,5.918350793999033,4.8020999965956435,11.009700006979983,14659.0
1782451332,5,POST,/cart/checkout [abuse],1.300000,0.000000,9,10,10,11,11,11,11,11,11,11,11,189,0,10,11.643868783336728,8.380400002351962,57.446600003459025,5004.0
1782451332,5,GET,/product/[id] [checkout abuse],1.300000,0.000000,6,7,7,7,7,8,8,8,8,8,8,189,0,6,6.377622751291489,4.6101000043563545,8.282900002086535,5865.0
1782451332,5,,Aggregated,5.200000,0.000000,6,7,9,9,9,11,11,11,11,11,11,761,0,6,20.78402982928341,3.232300005038269,2059.162400000787,6409.049934296978
1782451333,5,GET,/ [checkout abuse session],0.000000,0.000000,0,0,0,0,0,0,0,0,0,0,0,5,0,2038.6421000002883,2047.6698200014653,2038.6421000002883,2059.162400000787,10499.0
1782451333,5,POST,/cart [add item abuse],1.400000,0.000000,4,4,4,5,5,5,5,5,5,5,5,190,0,4,5.567301052475446,3.232300005038269,49.685799996950664,0.0
1782451333,5,GET,/cart [view abuse],1.400000,0.000000,6,6,6,6,7,7,7,7,7,7,7,190,0,6,5.918812105588394,4.8020999965956435,11.009700006979983,14659.0
1782451333,5,POST,/cart/checkout [abuse],1.400000,0.000000,9,10,10,11,11,11,11,11,11,11,11,189,0,10,11.643868783336728,8.380400002351962,57.446600003459025,5004.0
1782451333,5,GET,/product/[id] [checkout abuse],1.400000,0.000000,6,7,7,7,7,8,8,8,8,8,8,190,0,6,6.373399999957703,4.6101000043563545,8.282900002086535,5865.0
1782451333,5,,Aggregated,5.600000,0.000000,6,7,8,9,9,11,11,11,11,11,11,764,0,6,20.72296832471474,3.232300005038269,2059.162400000787,6410.747382198952
1782451334,5,GET,/ [checkout abuse session],0.000000,0.000000,0,0,0,0,0,0,0,0,0,0,0,5,0,2038.6421000002883,2047.6698200014653,2038.6421000002883,2059.162400000787,10499.0
1782451334,5,POST,/cart [add item abuse],1.400000,0.000000,4,4,4,5,5,5,5,5,5,5,5,193,0,4,5.537003108670928,3.232300005038269,49.685799996950664,0.0
1782451334,5,GET,/cart [view abuse],1.400000,0.000000,6,6,6,6,7,7,7,7,7,7,7,193,0,6,5.91462487078162,4.8020999965956435,11.009700006979983,14659.0
1782451334,5,POST,/cart/checkout [abuse],1.400000,0.000000,10,10,11,11,11,11,11,11,11,11,11,193,0,10,11.606836269681711,8.380400002351962,57.446600003459025,5004.0
1782451334,5,GET,/product/[id] [checkout abuse],1.400000,0.000000,6,7,7,7,7,8,8,8,8,8,8,193,0,6,6.366001554380878,4.6101000043563545,8.282900002086535,5865.0
1782451334,5,,Aggregated,5.600000,0.000000,6,7,9,9,10,11,11,11,11,11,11,777,0,6,20.48554826265862,3.232300005038269,2059.162400000787,6408.492921492922
1782451335,5,GET,/ [checkout abuse session],0.000000,0.000000,0,0,0,0,0,0,0,0,0,0,0,5,0,2038.6421000002883,2047.6698200014653,2038.6421000002883,2059.162400000787,10499.0
1782451335,5,POST,/cart [add item abuse],1.400000,0.000000,4,4,4,5,5,5,5,5,5,5,5,194,0,4,5.5287350514095355,3.232300005038269,49.685799996950664,0.0
1782451335,5,GET,/cart [view abuse],1.400000,0.000000,6,6,6,6,7,7,7,7,7,7,7,194,0,6,5.914324742577461,4.8020999965956435,11.009700006979983,14659.0
1782451335,5,POST,/cart/checkout [abuse],1.400000,0.000000,9,10,11,11,11,11,11,11,11,11,11,194,0,10,11.595607732216223,8.380400002351962,57.446600003459025,5004.0
1782451335,5,GET,/product/[id] [checkout abuse],1.400000,0.000000,6,6,7,7,7,8,8,8,8,8,8,194,0,6,6.366298453565495,4.6101000043563545,8.282900002086535,5865.0
1782451335,5,,Aggregated,5.600000,0.000000,6,7,9,9,10,11,11,11,11,11,11,781,0,6,20.413460307403913,3.232300005038269,2059.162400000787,6408.357234314981
1782451336,5,GET,/ [checkout abuse session],0.000000,0.000000,0,0,0,0,0,0,0,0,0,0,0,5,0,2038.6421000002883,2047.6698200014653,2038.6421000002883,2059.162400000787,10499.0
1782451336,5,POST,/cart [add item abuse],1.400000,0.000000,4,4,4,4,5,5,5,5,5,5,5,194,0,4,5.5287350514095355,3.232300005038269,49.685799996950664,0.0
1782451336,5,GET,/cart [view abuse],1.400000,0.000000,6,6,6,6,7,7,7,7,7,7,7,194,0,6,5.914324742577461,4.8020999965956435,11.009700006979983,14659.0
1782451336,5,POST,/cart/checkout [abuse],1.400000,0.000000,10,10,11,11,11,11,11,11,11,11,11,194,0,10,11.595607732216223,8.380400002351962,57.446600003459025,5004.0
1782451336,5,GET,/product/[id] [checkout abuse],1.400000,0.000000,6,6,7,7,7,7,7,7,7,7,7,194,0,6,6.366298453565495,4.6101000043563545,8.282900002086535,5865.0
1782451336,5,,Aggregated,5.600000,0.000000,6,7,9,9,10,11,11,11,11,11,11,781,0,6,20.413460307403913,3.232300005038269,2059.162400000787,6408.357234314981
1782451337,5,GET,/ [checkout abuse session],0.000000,0.000000,0,0,0,0,0,0,0,0,0,0,0,5,0,2038.6421000002883,2047.6698200014653,2038.6421000002883,2059.162400000787,10499.0
1782451337,5,POST,/cart [add item abuse],1.500000,0.000000,4,4,4,4,5,5,5,5,5,5,5,195,0,4,5.51815230756825,3.232300005038269,49.685799996950664,0.0
1782451337,5,GET,/cart [view abuse],1.500000,0.000000,6,6,6,7,7,7,7,7,7,7,7,195,0,6,5.918378461837374,4.8020999965956435,11.009700006979983,14659.0
1782451337,5,POST,/cart/checkout [abuse],1.500000,0.000000,10,11,11,11,11,13,13,13,13,13,13,195,0,10,11.601261025890171,8.380400002351962,57.446600003459025,5004.0
1782451337,5,GET,/product/[id] [checkout abuse],1.500000,0.000000,6,6,7,7,7,7,7,7,7,7,7,195,0,6,6.362200512786587,4.6101000043563545,8.282900002086535,5865.0
1782451337,5,,Aggregated,6.000000,0.000000,6,7,9,9,10,11,11,13,13,13,13,785,0,6,20.345665732590305,3.232300005038269,2059.162400000787,6408.222929936306
1782451338,5,GET,/ [checkout abuse session],0.000000,0.000000,0,0,0,0,0,0,0,0,0,0,0,5,0,2038.6421000002883,2047.6698200014653,2038.6421000002883,2059.162400000787,10499.0
1782451338,5,POST,/cart [add item abuse],1.300000,0.000000,4,4,4,4,5,49,49,49,49,49,49,198,0,4,5.725930807959156,3.232300005038269,49.685799996950664,0.0
1782451338,5,GET,/cart [view abuse],1.300000,0.000000,6,6,6,6,7,7,7,7,7,7,7,198,0,6,5.917842929560757,4.8020999965956435,11.009700006979983,14659.0
1782451338,5,POST,/cart/checkout [abuse],1.300000,0.000000,10,10,11,11,11,13,13,13,13,13,13,198,0,10,11.56999393960995,8.380400002351962,57.446600003459025,5004.0
1782451338,5,GET,/product/[id] [checkout abuse],1.300000,0.000000,6,7,7,7,7,7,7,7,7,7,7,198,0,6,6.361511111070726,4.6101000043563545,8.282900002086535,5865.0
1782451338,5,,Aggregated,5.200000,0.000000,6,7,9,9,10,11,13,49,49,49,49,797,0,6,20.19354366382816,3.232300005038269,2059.162400000787,6407.828105395232
1782451339,5,GET,/ [checkout abuse session],0.000000,0.000000,0,0,0,0,0,0,0,0,0,0,0,5,0,2038.6421000002883,2047.6698200014653,2038.6421000002883,2059.162400000787,10499.0
1782451339,5,POST,/cart [add item abuse],1.300000,0.000000,4,4,4,4,5,49,49,49,49,49,49,199,0,4,5.7152783918345405,3.232300005038269,49.685799996950664,0.0
1782451339,5,GET,/cart [view abuse],1.300000,0.000000,6,6,6,6,7,7,7,7,7,7,7,199,0,6,5.914547236441183,4.8020999965956435,11.009700006979983,14659.0
1782451339,5,POST,/cart/checkout [abuse],1.300000,0.000000,10,10,10,11,11,13,13,13,13,13,13,199,0,10,11.560289949977516,8.380400002351962,57.446600003459025,5004.0
1782451339,5,GET,/product/[id] [checkout abuse],1.300000,0.000000,6,6,7,7,7,7,7,7,7,7,7,199,0,6,6.359756783884716,4.6101000043563545,8.282900002086535,5865.0
1782451339,5,,Aggregated,5.200000,0.000000,6,7,9,9,10,11,13,49,49,49,49,801,0,6,20.123312983861148,3.232300005038269,2059.162400000787,6407.699126092384
1782451340,5,GET,/ [checkout abuse session],0.000000,0.000000,0,0,0,0,0,0,0,0,0,0,0,5,0,2038.6421000002883,2047.6698200014653,2038.6421000002883,2059.162400000787,10499.0
1782451340,5,POST,/cart [add item abuse],1.300000,0.000000,4,4,4,4,5,49,49,49,49,49,49,199,0,4,5.7152783918345405,3.232300005038269,49.685799996950664,0.0
1782451340,5,GET,/cart [view abuse],1.300000,0.000000,6,6,6,6,6,7,7,7,7,7,7,199,0,6,5.914547236441183,4.8020999965956435,11.009700006979983,14659.0
1782451340,5,POST,/cart/checkout [abuse],1.300000,0.000000,10,10,10,10,11,13,13,13,13,13,13,199,0,10,11.560289949977516,8.380400002351962,57.446600003459025,5004.0
1782451340,5,GET,/product/[id] [checkout abuse],1.300000,0.000000,6,6,6,6,7,7,7,7,7,7,7,199,0,6,6.359756783884716,4.6101000043563545,8.282900002086535,5865.0
1782451340,5,,Aggregated,5.200000,0.000000,6,7,9,9,10,11,49,49,49,49,49,801,0,6,20.123312983861148,3.232300005038269,2059.162400000787,6407.699126092384
1782451341,5,GET,/ [checkout abuse session],0.000000,0.000000,0,0,0,0,0,0,0,0,0,0,0,5,0,2038.6421000002883,2047.6698200014653,2038.6421000002883,2059.162400000787,10499.0
1782451341,5,POST,/cart [add item abuse],1.400000,0.000000,4,4,5,5,5,49,49,49,49,49,49,200,0,4,5.712638999866613,3.232300005038269,49.685799996950664,0.0
1782451341,5,GET,/cart [view abuse],1.400000,0.000000,6,6,6,6,7,7,7,7,7,7,7,200,0,6,5.9221390002494445,4.8020999965956435,11.009700006979983,14659.0
1782451341,5,POST,/cart/checkout [abuse],1.400000,0.000000,10,10,10,10,11,13,13,13,13,13,13,200,0,10,11.55114900026092,8.380400002351962,57.446600003459025,5004.0
1782451341,5,GET,/product/[id] [checkout abuse],1.400000,0.000000,6,6,7,7,7,7,7,7,7,7,7,200,0,6,6.363491999982216,4.6101000043563545,8.282900002086535,5865.0
1782451341,5,,Aggregated,5.600000,0.000000,6,7,9,9,10,11,49,49,49,49,49,805,0,6,20.059916646061076,3.232300005038269,2059.162400000787,6407.571428571428
1782451342,5,GET,/ [checkout abuse session],0.000000,0.000000,0,0,0,0,0,0,0,0,0,0,0,5,0,2038.6421000002883,2047.6698200014653,2038.6421000002883,2059.162400000787,10499.0
1782451342,5,POST,/cart [add item abuse],1.400000,0.000000,4,4,4,5,5,49,49,49,49,49,49,202,0,4,5.690896534505024,3.232300005038269,49.685799996950664,0.0
1782451342,5,GET,/cart [view abuse],1.400000,0.000000,6,6,6,6,7,7,7,7,7,7,7,202,0,6,5.918151485410376,4.8020999965956435,11.009700006979983,14659.0
1782451342,5,POST,/cart/checkout [abuse],1.400000,0.000000,9,10,10,10,11,13,13,13,13,13,13,202,0,10,11.527835148797857,8.380400002351962,57.446600003459025,5004.0
1782451342,5,GET,/product/[id] [checkout abuse],1.400000,0.000000,6,6,7,7,7,7,7,7,7,7,7,202,0,6,6.364639108844383,4.6101000043563545,8.282900002086535,5865.0
1782451342,5,,Aggregated,5.600000,0.000000,6,7,9,9,10,11,13,49,49,49,49,813,0,6,19.923316851259496,3.232300005038269,2059.162400000787,6407.319803198032
1782451343,5,GET,/ [checkout abuse session],0.000000,0.000000,0,0,0,0,0,0,0,0,0,0,0,5,0,2038.6421000002883,2047.6698200014653,2038.6421000002883,2059.162400000787,10499.0
1782451343,5,POST,/cart [add item abuse],1.100000,0.000000,4,4,4,5,5,49,49,49,49,49,49,203,0,4,5.682744334855867,3.232300005038269,49.685799996950664,0.0
1782451343,5,GET,/cart [view abuse],1.100000,0.000000,6,6,6,6,7,7,7,7,7,7,7,203,0,6,5.9164064042293125,4.8020999965956435,11.009700006979983,14659.0
1782451343,5,POST,/cart/checkout [abuse],1.100000,0.000000,9,10,10,10,11,13,13,13,13,13,13,203,0,10,11.516599507679535,8.380400002351962,57.446600003459025,5004.0
1782451343,5,GET,/product/[id] [checkout abuse],1.100000,0.000000,6,6,7,7,7,7,7,7,7,7,7,203,0,6,6.365053694509715,4.6101000043563545,8.282900002086535,5865.0
1782451343,5,,Aggregated,4.400000,0.000000,6,7,9,9,10,11,13,49,49,49,49,817,0,6,19.856734761427216,3.232300005038269,2059.162400000787,6407.195838433293
1782451344,5,GET,/ [checkout abuse session],0.000000,0.000000,0,0,0,0,0,0,0,0,0,0,0,5,0,2038.6421000002883,2047.6698200014653,2038.6421000002883,2059.162400000787,10499.0
1782451344,5,POST,/cart [add item abuse],1.100000,0.000000,4,4,4,5,5,49,49,49,49,49,49,204,0,4,5.674725490084087,3.232300005038269,49.685799996950664,0.0
1782451344,5,GET,/cart [view abuse],1.100000,0.000000,6,6,6,6,7,7,7,7,7,7,7,204,0,6,5.915365196379557,4.8020999965956435,11.009700006979983,14659.0
1782451344,5,POST,/cart/checkout [abuse],1.100000,0.000000,9,10,10,10,11,13,13,13,13,13,13,204,0,10,11.504192647372097,8.380400002351962,57.446600003459025,5004.0
1782451344,5,GET,/product/[id] [checkout abuse],1.100000,0.000000,6,7,7,7,7,7,7,7,7,7,7,204,0,6,6.36752794112088,4.6101000043563545,8.282900002086535,5865.0
1782451344,5,,Aggregated,4.400000,0.000000,6,7,9,9,10,11,13,49,49,49,49,821,0,6,19.791179780875122,3.232300005038269,2059.162400000787,6407.073081607796
1782451345,5,GET,/ [checkout abuse session],0.000000,0.000000,0,0,0,0,0,0,0,0,0,0,0,5,0,2038.6421000002883,2047.6698200014653,2038.6421000002883,2059.162400000787,10499.0
1782451345,5,POST,/cart [add item abuse],1.300000,0.000000,4,4,5,5,5,49,49,49,49,49,49,205,0,4,5.66434292672855,3.232300005038269,49.685799996950664,0.0
1782451345,5,GET,/cart [view abuse],1.300000,0.000000,6,6,6,6,7,7,7,7,7,7,7,205,0,6,5.913251707587311,4.8020999965956435,11.009700006979983,14659.0
1782451345,5,POST,/cart/checkout [abuse],1.300000,0.000000,9,10,10,10,10,13,13,13,13,13,13,205,0,10,11.49557756125876,8.380400002351962,57.446600003459025,5004.0
1782451345,5,GET,/product/[id] [checkout abuse],1.300000,0.000000,6,7,7,7,7,7,7,7,7,7,7,205,0,6,6.3630004877312585,4.6101000043563545,8.282900002086535,5865.0
1782451345,5,,Aggregated,5.200000,0.000000,6,7,9,9,10,10,49,49,49,49,49,825,0,6,19.7245630304061,3.232300005038269,2059.162400000787,6406.951515151515
1782451346,5,GET,/ [checkout abuse session],0.000000,0.000000,0,0,0,0,0,0,0,0,0,0,0,5,0,2038.6421000002883,2047.6698200014653,2038.6421000002883,2059.162400000787,10499.0
1782451346,5,POST,/cart [add item abuse],1.300000,0.000000,4,4,5,5,6,49,49,49,49,49,49,208,0,4,5.643446153778943,3.232300005038269,49.685799996950664,0.0
1782451346,5,GET,/cart [view abuse],1.300000,0.000000,6,6,6,7,7,8,8,8,8,8,8,208,0,6,5.91361826946013,4.8020999965956435,11.009700006979983,14659.0
1782451346,5,POST,/cart/checkout [abuse],1.300000,0.000000,10,10,10,12,13,51,51,51,51,51,51,208,0,10,11.682880288739957,8.380400002351962,57.446600003459025,5004.0
1782451346,5,GET,/product/[id] [checkout abuse],1.300000,0.000000,6,7,7,7,7,8,8,8,8,8,8,208,0,6,6.369237499956608,4.6101000043563545,8.282900002086535,5865.0
1782451346,5,,Aggregated,5.200000,0.000000,6,7,9,9,10,13,49,51,51,51,51,837,0,6,19.590273596284277,3.232300005038269,2059.162400000787,6406.5937873357225
1782451347,5,GET,/ [checkout abuse session],0.000000,0.000000,0,0,0,0,0,0,0,0,0,0,0,5,0,2038.6421000002883,2047.6698200014653,2038.6421000002883,2059.162400000787,10499.0
1782451347,5,POST,/cart [add item abuse],1.000000,0.000000,4,4,5,5,6,49,49,49,49,49,49,209,0,4,5.635451196116935,3.232300005038269,49.685799996950664,0.0
1782451347,5,GET,/cart [view abuse],1.000000,0.000000,6,6,6,6,7,8,8,8,8,8,8,209,0,6,5.914093780124663,4.8020999965956435,11.009700006979983,14659.0
1782451347,5,POST,/cart/checkout [abuse],1.000000,0.000000,10,10,10,10,12,51,51,51,51,51,51,209,0,10,11.674074641441143,8.380400002351962,57.446600003459025,5004.0
1782451347,5,GET,/product/[id] [checkout abuse],1.000000,0.000000,6,7,7,7,7,8,8,8,8,8,8,209,0,6,6.367744976038037,4.6101000043563545,8.282900002086535,5865.0
1782451347,5,,Aggregated,4.000000,0.000000,6,7,9,9,10,12,51,51,51,51,51,841,0,6,19.527876694524338,3.232300005038269,2059.162400000787,6406.476813317479
1782451348,5,GET,/ [checkout abuse session],0.000000,0.000000,0,0,0,0,0,0,0,0,0,0,0,5,0,2038.6421000002883,2047.6698200014653,2038.6421000002883,2059.162400000787,10499.0
1782451348,5,POST,/cart [add item abuse],1.000000,0.000000,4,4,4,4,5,6,6,6,6,6,6,209,0,4,5.635451196116935,3.232300005038269,49.685799996950664,0.0
1782451348,5,GET,/cart [view abuse],1.000000,0.000000,6,6,6,6,7,8,8,8,8,8,8,209,0,6,5.914093780124663,4.8020999965956435,11.009700006979983,14659.0
1782451348,5,POST,/cart/checkout [abuse],1.000000,0.000000,10,10,10,10,12,51,51,51,51,51,51,209,0,10,11.674074641441143,8.380400002351962,57.446600003459025,5004.0
1782451348,5,GET,/product/[id] [checkout abuse],1.000000,0.000000,6,7,7,7,7,8,8,8,8,8,8,209,0,6,6.367744976038037,4.6101000043563545,8.282900002086535,5865.0
1782451348,5,,Aggregated,4.000000,0.000000,6,7,9,9,10,10,51,51,51,51,51,841,0,6,19.527876694524338,3.232300005038269,2059.162400000787,6406.476813317479
1782451349,5,GET,/ [checkout abuse session],0.000000,0.000000,0,0,0,0,0,0,0,0,0,0,0,5,0,2038.6421000002883,2047.6698200014653,2038.6421000002883,2059.162400000787,10499.0
1782451349,5,POST,/cart [add item abuse],1.000000,0.000000,4,4,4,4,5,6,6,6,6,6,6,209,0,4,5.635451196116935,3.232300005038269,49.685799996950664,0.0
1782451349,5,GET,/cart [view abuse],1.000000,0.000000,6,6,6,6,7,8,8,8,8,8,8,209,0,6,5.914093780124663,4.8020999965956435,11.009700006979983,14659.0
1782451349,5,POST,/cart/checkout [abuse],1.000000,0.000000,10,10,10,10,12,51,51,51,51,51,51,209,0,10,11.674074641441143,8.380400002351962,57.446600003459025,5004.0
1782451349,5,GET,/product/[id] [checkout abuse],1.000000,0.000000,6,7,7,7,7,8,8,8,8,8,8,209,0,6,6.367744976038037,4.6101000043563545,8.282900002086535,5865.0
1782451349,5,,Aggregated,4.000000,0.000000,6,7,9,9,10,10,51,51,51,51,51,841,0,6,19.527876694524338,3.232300005038269,2059.162400000787,6406.476813317479
1782451350,5,GET,/ [checkout abuse session],0.000000,0.000000,0,0,0,0,0,0,0,0,0,0,0,5,0,2038.6421000002883,2047.6698200014653,2038.6421000002883,2059.162400000787,10499.0
1782451350,5,POST,/cart [add item abuse],1.200000,0.000000,4,4,5,5,6,48,48,48,48,48,48,211,0,4,5.827097630248818,3.232300005038269,49.685799996950664,0.0
1782451350,5,GET,/cart [view abuse],1.200000,0.000000,6,6,6,6,7,8,8,8,8,8,8,211,0,6,5.911842180324676,4.8020999965956435,11.009700006979983,14659.0
1782451350,5,POST,/cart/checkout [abuse],1.200000,0.000000,10,10,10,10,12,51,51,51,51,51,51,211,0,10,11.649531753809892,8.380400002351962,57.446600003459025,5004.0
1782451350,5,GET,/product/[id] [checkout abuse],1.200000,0.000000,6,7,7,7,7,8,8,8,8,8,8,211,0,6,6.368994786727112,4.6101000043563545,8.282900002086535,5865.0
1782451350,5,,Aggregated,4.800000,0.000000,6,7,9,9,10,12,51,51,51,51,51,849,0,6,19.454858068423608,3.232300005038269,2059.162400000787,6406.24617196702
1782451352,5,GET,/ [checkout abuse session],0.000000,0.000000,0,0,0,0,0,0,0,0,0,0,0,5,0,2038.6421000002883,2047.6698200014653,2038.6421000002883,2059.162400000787,10499.0
1782451352,5,POST,/cart [add item abuse],1.100000,0.000000,4,4,4,4,6,48,48,48,48,48,48,213,0,4,5.810267136059482,3.232300005038269,49.685799996950664,0.0
1782451352,5,GET,/cart [view abuse],1.100000,0.000000,5,6,6,6,6,8,8,8,8,8,8,213,0,6,5.906119249023807,4.8020999965956435,11.009700006979983,14659.0
1782451352,5,POST,/cart/checkout [abuse],1.100000,0.000000,9,10,10,10,12,51,51,51,51,51,51,213,0,10,11.626396713836584,8.380400002351962,57.446600003459025,5004.0
1782451352,5,GET,/product/[id] [checkout abuse],1.100000,0.000000,6,6,7,7,7,8,8,8,8,8,8,213,0,6,6.368593896721149,4.6101000043563545,8.282900002086535,5865.0
1782451352,5,,Aggregated,4.400000,0.000000,6,7,9,9,10,12,51,51,51,51,51,857,0,6,19.331239673370902,3.232300005038269,2059.162400000787,6406.01983663944
1782451353,5,GET,/ [checkout abuse session],0.000000,0.000000,0,0,0,0,0,0,0,0,0,0,0,5,0,2038.6421000002883,2047.6698200014653,2038.6421000002883,2059.162400000787,10499.0
1782451353,5,POST,/cart [add item abuse],1.000000,0.000000,4,4,4,4,6,48,48,48,48,48,48,214,0,4,5.798851869071216,3.232300005038269,49.685799996950664,0.0
1782451353,5,GET,/cart [view abuse],1.000000,0.000000,5,6,6,6,6,8,8,8,8,8,8,214,0,6,5.901185046921149,4.8020999965956435,11.009700006979983,14659.0
1782451353,5,POST,/cart/checkout [abuse],1.000000,0.000000,9,10,10,10,12,51,51,51,51,51,51,214,0,10,11.613221495570322,8.380400002351962,57.446600003459025,5004.0
1782451353,5,GET,/product/[id] [checkout abuse],1.000000,0.000000,6,7,7,7,7,8,8,8,8,8,8,214,0,6,6.370581308418937,4.6101000043563545,8.282900002086535,5865.0
1782451353,5,,Aggregated,4.000000,0.000000,6,7,9,9,10,12,51,51,51,51,51,861,0,6,19.269095005904056,3.232300005038269,2059.162400000787,6405.908246225319
1782451354,5,GET,/ [checkout abuse session],0.000000,0.000000,0,0,0,0,0,0,0,0,0,0,0,5,0,2038.6421000002883,2047.6698200014653,2038.6421000002883,2059.162400000787,10499.0
1782451354,5,POST,/cart [add item abuse],1.000000,0.000000,4,4,4,6,48,48,48,48,48,48,48,214,0,4,5.798851869071216,3.232300005038269,49.685799996950664,0.0
1782451354,5,GET,/cart [view abuse],1.000000,0.000000,5,5,6,6,8,8,8,8,8,8,8,214,0,6,5.901185046921149,4.8020999965956435,11.009700006979983,14659.0
1782451354,5,POST,/cart/checkout [abuse],1.000000,0.000000,10,10,10,12,51,51,51,51,51,51,51,214,0,10,11.613221495570322,8.380400002351962,57.446600003459025,5004.0
1782451354,5,GET,/product/[id] [checkout abuse],1.000000,0.000000,6,6,7,7,8,8,8,8,8,8,8,214,0,6,6.370581308418937,4.6101000043563545,8.282900002086535,5865.0
1782451354,5,,Aggregated,4.000000,0.000000,6,7,9,9,10,48,51,51,51,51,51,861,0,6,19.269095005904056,3.232300005038269,2059.162400000787,6405.908246225319
1782451355,5,GET,/ [checkout abuse session],0.000000,0.000000,0,0,0,0,0,0,0,0,0,0,0,5,0,2038.6421000002883,2047.6698200014653,2038.6421000002883,2059.162400000787,10499.0
1782451355,5,POST,/cart [add item abuse],1.200000,0.000000,4,4,5,6,48,48,48,48,48,48,48,215,0,4,5.793267906897939,3.232300005038269,49.685799996950664,0.0
1782451355,5,GET,/cart [view abuse],1.200000,0.000000,5,6,6,6,8,8,8,8,8,8,8,215,0,6,5.903168372284664,4.8020999965956435,11.009700006979983,14659.0
1782451355,5,POST,/cart/checkout [abuse],1.200000,0.000000,10,10,12,12,51,51,51,51,51,51,51,215,0,10,11.616687907236303,8.380400002351962,57.446600003459025,5004.0
1782451355,5,GET,/product/[id] [checkout abuse],1.200000,0.000000,6,6,7,7,8,8,8,8,8,8,8,215,0,6,6.370121395373771,4.6101000043563545,8.282900002086535,5865.0
1782451355,5,,Aggregated,4.800000,0.000000,6,7,9,9,12,48,51,51,51,51,51,865,0,6,19.21415826600318,3.232300005038269,2059.162400000787,6405.797687861272
1782451356,5,GET,/ [checkout abuse session],0.000000,0.000000,0,0,0,0,0,0,0,0,0,0,0,5,0,2038.6421000002883,2047.6698200014653,2038.6421000002883,2059.162400000787,10499.0
1782451356,5,POST,/cart [add item abuse],1.200000,0.000000,4,4,4,5,48,48,48,48,48,48,48,217,0,4,5.777217511430733,3.232300005038269,49.685799996950664,0.0
1782451356,5,GET,/cart [view abuse],1.200000,0.000000,6,6,6,6,6,6,6,6,6,6,6,217,0,6,5.9038479264567005,4.8020999965956435,11.009700006979983,14659.0
1782451356,5,POST,/cart/checkout [abuse],1.200000,0.000000,9,9,10,10,12,12,12,12,12,12,12,217,0,10,11.597232258357462,8.380400002351962,57.446600003459025,5004.0
1782451356,5,GET,/product/[id] [checkout abuse],1.200000,0.000000,6,6,7,7,7,7,7,7,7,7,7,217,0,6,6.3692447004830655,4.6101000043563545,8.282900002086535,5865.0
1782451356,5,,Aggregated,4.800000,0.000000,6,7,9,9,10,12,48,48,48,48,48,873,0,6,19.097211683960246,3.232300005038269,2059.162400000787,6405.579610538373
1782451357,5,GET,/ [checkout abuse session],0.000000,0.000000,0,0,0,0,0,0,0,0,0,0,0,5,0,2038.6421000002883,2047.6698200014653,2038.6421000002883,2059.162400000787,10499.0
1782451357,5,POST,/cart [add item abuse],1.100000,0.000000,4,4,4,4,5,48,48,48,48,48,48,219,0,4,5.75902191774556,3.232300005038269,49.685799996950664,0.0
1782451357,5,GET,/cart [view abuse],1.100000,0.000000,6,6,6,6,6,6,6,6,6,6,6,219,0,6,5.902082191981677,4.8020999965956435,11.009700006979983,14659.0
1782451357,5,POST,/cart/checkout [abuse],1.100000,0.000000,9,9,10,10,10,12,12,12,12,12,12,219,0,10,11.573918265108228,8.380400002351962,57.446600003459025,5004.0
1782451357,5,GET,/product/[id] [checkout abuse],1.100000,0.000000,6,6,7,7,7,7,7,7,7,7,7,219,0,6,6.367311872141627,4.6101000043563545,8.282900002086535,5865.0
1782451357,5,,Aggregated,4.400000,0.000000,6,7,9,9,9,10,48,48,48,48,48,881,0,6,18.979864131776743,3.232300005038269,2059.162400000787,6405.365493757095
1782451358,5,GET,/ [checkout abuse session],0.000000,0.000000,0,0,0,0,0,0,0,0,0,0,0,5,0,2038.6421000002883,2047.6698200014653,2038.6421000002883,2059.162400000787,10499.0
1782451358,5,POST,/cart [add item abuse],1.100000,0.000000,4,4,4,5,48,48,48,48,48,48,48,219,0,4,5.75902191774556,3.232300005038269,49.685799996950664,0.0
1782451358,5,GET,/cart [view abuse],1.100000,0.000000,6,6,6,6,6,6,6,6,6,6,6,219,0,6,5.902082191981677,4.8020999965956435,11.009700006979983,14659.0
1782451358,5,POST,/cart/checkout [abuse],1.100000,0.000000,9,9,9,10,12,12,12,12,12,12,12,219,0,10,11.573918265108228,8.380400002351962,57.446600003459025,5004.0
1782451358,5,GET,/product/[id] [checkout abuse],1.100000,0.000000,6,6,7,7,7,7,7,7,7,7,7,219,0,6,6.367311872141627,4.6101000043563545,8.282900002086535,5865.0
1782451358,5,,Aggregated,4.400000,0.000000,6,7,9,9,9,12,48,48,48,48,48,881,0,6,18.979864131776743,3.232300005038269,2059.162400000787,6405.365493757095
1782451359,5,GET,/ [checkout abuse session],0.000000,0.000000,0,0,0,0,0,0,0,0,0,0,0,5,0,2038.6421000002883,2047.6698200014653,2038.6421000002883,2059.162400000787,10499.0
1782451359,5,POST,/cart [add item abuse],1.200000,0.000000,4,4,5,5,5,48,48,48,48,48,48,221,0,4,5.745737103990814,3.232300005038269,49.685799996950664,0.0
1782451359,5,GET,/cart [view abuse],1.200000,0.000000,6,6,6,6,6,6,6,6,6,6,6,221,0,6,5.902360633709121,4.8020999965956435,11.009700006979983,14659.0
1782451359,5,POST,/cart/checkout [abuse],1.200000,0.000000,9,9,10,10,10,12,12,12,12,12,12,221,0,10,11.555178280796264,8.380400002351962,57.446600003459025,5004.0
1782451359,5,GET,/product/[id] [checkout abuse],1.200000,0.000000,6,7,7,7,7,7,7,7,7,7,7,221,0,6,6.3694619909597865,4.6101000043563545,8.282900002086535,5865.0
1782451359,5,,Aggregated,4.800000,0.000000,6,7,9,9,9,10,48,48,48,48,48,889,0,6,18.86830618683588,3.232300005038269,2059.162400000787,6405.155230596176
1782451360,5,GET,/ [checkout abuse session],0.000000,0.000000,0,0,0,0,0,0,0,0,0,0,0,5,0,2038.6421000002883,2047.6698200014653,2038.6421000002883,2059.162400000787,10499.0
1782451360,5,POST,/cart [add item abuse],1.000000,0.000000,4,4,5,5,5,5,5,5,5,5,5,223,0,4,5.731604484222086,3.232300005038269,49.685799996950664,0.0
1782451360,5,GET,/cart [view abuse],1.000000,0.000000,6,6,6,6,6,6,6,6,6,6,6,223,0,6,5.9030690585287084,4.8020999965956435,11.009700006979983,14659.0
1782451360,5,POST,/cart/checkout [abuse],1.000000,0.000000,9,9,10,10,10,12,12,12,12,12,12,223,0,10,11.53931255630351,8.380400002351962,57.446600003459025,5004.0
1782451360,5,GET,/product/[id] [checkout abuse],1.000000,0.000000,6,7,7,7,7,7,7,7,7,7,7,223,0,6,6.369347982073355,4.6101000043563545,8.282900002086535,5865.0
1782451360,5,,Aggregated,4.000000,0.000000,6,7,9,9,9,10,12,12,12,12,12,897,0,6,18.758653957746706,3.232300005038269,2059.162400000787,6404.948717948718
1782451361,5,GET,/ [checkout abuse session],0.000000,0.000000,0,0,0,0,0,0,0,0,0,0,0,5,0,2038.6421000002883,2047.6698200014653,2038.6421000002883,2059.162400000787,10499.0
1782451361,5,POST,/cart [add item abuse],1.000000,0.000000,4,4,5,5,5,5,5,5,5,5,5,223,0,4,5.731604484222086,3.232300005038269,49.685799996950664,0.0
1782451361,5,GET,/cart [view abuse],1.000000,0.000000,6,6,6,6,6,6,6,6,6,6,6,223,0,6,5.9030690585287084,4.8020999965956435,11.009700006979983,14659.0
1782451361,5,POST,/cart/checkout [abuse],1.000000,0.000000,9,10,10,10,12,12,12,12,12,12,12,223,0,10,11.53931255630351,8.380400002351962,57.446600003459025,5004.0
1782451361,5,GET,/product/[id] [checkout abuse],1.000000,0.000000,7,7,7,7,7,7,7,7,7,7,7,223,0,6,6.369347982073355,4.6101000043563545,8.282900002086535,5865.0
1782451361,5,,Aggregated,4.000000,0.000000,6,7,9,9,10,10,12,12,12,12,12,897,0,6,18.758653957746706,3.232300005038269,2059.162400000787,6404.948717948718
1782451362,5,GET,/ [checkout abuse session],0.000000,0.000000,0,0,0,0,0,0,0,0,0,0,0,5,0,2038.6421000002883,2047.6698200014653,2038.6421000002883,2059.162400000787,10499.0
1782451362,5,POST,/cart [add item abuse],1.200000,0.000000,4,4,5,5,5,5,5,5,5,5,5,224,0,4,5.723079910629687,3.232300005038269,49.685799996950664,0.0
1782451362,5,GET,/cart [view abuse],1.200000,0.000000,6,6,6,6,6,6,6,6,6,6,6,224,0,6,5.904082589495374,4.8020999965956435,11.009700006979983,14659.0
1782451362,5,POST,/cart/checkout [abuse],1.200000,0.000000,9,10,10,10,10,12,12,12,12,12,12,224,0,10,11.534158482390922,8.380400002351962,57.446600003459025,5004.0
1782451362,5,GET,/product/[id] [checkout abuse],1.200000,0.000000,7,7,7,7,7,7,7,7,7,7,7,224,0,6,6.372831250018862,4.6101000043563545,8.282900002086535,5865.0
1782451362,5,,Aggregated,4.800000,0.000000,6,7,9,9,10,10,12,12,12,12,12,901,0,6,18.70588146514443,3.232300005038269,2059.162400000787,6404.846836847947
1782451363,5,GET,/ [checkout abuse session],0.000000,0.000000,0,0,0,0,0,0,0,0,0,0,0,5,0,2038.6421000002883,2047.6698200014653,2038.6421000002883,2059.162400000787,10499.0
1782451363,5,POST,/cart [add item abuse],1.300000,0.000000,4,4,5,5,5,5,5,5,5,5,5,225,0,4,5.714071111029221,3.232300005038269,49.685799996950664,0.0
1782451363,5,GET,/cart [view abuse],1.300000,0.000000,6,6,6,6,6,6,6,6,6,6,6,225,0,6,5.9022604446444245,4.8020999965956435,11.009700006979983,14659.0
1782451363,5,POST,/cart/checkout [abuse],1.300000,0.000000,9,10,10,10,10,12,12,12,12,12,12,225,0,10,11.524806222490346,8.380400002351962,57.446600003459025,5004.0
1782451363,5,GET,/product/[id] [checkout abuse],1.300000,0.000000,7,7,7,7,7,7,7,7,7,7,7,225,0,6,6.375614666677494,4.6101000043563545,8.282900002086535,5865.0
1782451363,5,,Aggregated,5.200000,0.000000,6,7,9,9,10,10,12,12,12,12,12,905,0,6,18.6515120443057,3.232300005038269,2059.162400000787,6404.745856353591
1782451364,5,GET,/ [checkout abuse session],0.000000,0.000000,0,0,0,0,0,0,0,0,0,0,0,5,0,2038.6421000002883,2047.6698200014653,2038.6421000002883,2059.162400000787,10499.0
1782451364,5,POST,/cart [add item abuse],1.200000,0.000000,4,4,4,4,5,5,5,5,5,5,5,228,0,4,5.685251315713813,3.232300005038269,49.685799996950664,0.0
1782451364,5,GET,/cart [view abuse],1.200000,0.000000,6,6,6,6,6,6,6,6,6,6,6,228,0,6,5.901928070383484,4.8020999965956435,11.009700006979983,14659.0
1782451364,5,POST,/cart/checkout [abuse],1.200000,0.000000,10,10,10,10,12,12,12,12,12,12,12,228,0,10,11.508701316032736,8.380400002351962,57.446600003459025,5004.0
1782451364,5,GET,/product/[id] [checkout abuse],1.200000,0.000000,7,7,7,7,7,7,7,7,7,7,7,228,0,6,6.373863596500565,4.6101000043563545,8.282900002086535,5865.0
1782451364,5,,Aggregated,4.800000,0.000000,6,7,9,9,10,10,12,12,12,12,12,917,0,6,18.49231275910044,3.232300005038269,2059.162400000787,6404.448200654308
1782451365,5,GET,/ [checkout abuse session],0.000000,0.000000,0,0,0,0,0,0,0,0,0,0,0,5,0,2038.6421000002883,2047.6698200014653,2038.6421000002883,2059.162400000787,10499.0
1782451365,5,POST,/cart [add item abuse],1.200000,0.000000,4,4,4,4,5,5,5,5,5,5,5,228,0,4,5.685251315713813,3.232300005038269,49.685799996950664,0.0
1782451365,5,GET,/cart [view abuse],1.200000,0.000000,6,6,6,6,6,6,6,6,6,6,6,228,0,6,5.901928070383484,4.8020999965956435,11.009700006979983,14659.0
1782451365,5,POST,/cart/checkout [abuse],1.200000,0.000000,9,10,10,10,10,12,12,12,12,12,12,228,0,10,11.508701316032736,8.380400002351962,57.446600003459025,5004.0
1782451365,5,GET,/product/[id] [checkout abuse],1.200000,0.000000,7,7,7,7,7,7,7,7,7,7,7,228,0,6,6.373863596500565,4.6101000043563545,8.282900002086535,5865.0
1782451365,5,,Aggregated,4.800000,0.000000,6,7,9,9,10,10,12,12,12,12,12,917,0,6,18.49231275910044,3.232300005038269,2059.162400000787,6404.448200654308
1782451366,5,GET,/ [checkout abuse session],0.000000,0.000000,0,0,0,0,0,0,0,0,0,0,0,5,0,2038.6421000002883,2047.6698200014653,2038.6421000002883,2059.162400000787,10499.0
1782451366,5,POST,/cart [add item abuse],1.100000,0.000000,4,4,4,4,5,5,5,5,5,5,5,229,0,4,5.676561571952763,3.232300005038269,49.685799996950664,0.0
1782451366,5,GET,/cart [view abuse],1.100000,0.000000,6,6,6,6,6,6,6,6,6,6,6,229,0,6,5.89932489102629,4.8020999965956435,11.009700006979983,14659.0
1782451366,5,POST,/cart/checkout [abuse],1.100000,0.000000,9,10,10,10,10,12,12,12,12,12,12,229,0,10,11.496898690218261,8.380400002351962,57.446600003459025,5004.0
1782451366,5,GET,/product/[id] [checkout abuse],1.100000,0.000000,7,7,7,7,7,7,7,7,7,7,7,229,0,6,6.369993886473186,4.6101000043563545,8.282900002086535,5865.0
1782451366,5,,Aggregated,4.400000,0.000000,6,7,9,9,10,10,12,12,12,12,12,921,0,6,18.437291531044377,3.232300005038269,2059.162400000787,6404.350705754615
1782451367,5,GET,/ [checkout abuse session],0.000000,0.000000,0,0,0,0,0,0,0,0,0,0,0,5,0,2038.6421000002883,2047.6698200014653,2038.6421000002883,2059.162400000787,10499.0
1782451367,5,POST,/cart [add item abuse],1.400000,0.000000,4,4,4,4,5,5,5,5,5,5,5,230,0,4,5.6673556520684585,3.232300005038269,49.685799996950664,0.0
1782451367,5,GET,/cart [view abuse],1.400000,0.000000,6,6,6,6,6,6,6,6,6,6,6,230,0,6,5.898689130623572,4.8020999965956435,11.009700006979983,14659.0
1782451367,5,POST,/cart/checkout [abuse],1.400000,0.000000,9,10,10,10,10,12,12,12,12,12,12,230,0,10,11.485799565486124,8.380400002351962,57.446600003459025,5004.0
1782451367,5,GET,/product/[id] [checkout abuse],1.400000,0.000000,7,7,7,7,7,7,7,7,7,7,7,230,0,6,6.370685217394645,4.6101000043563545,8.282900002086535,5865.0
1782451367,5,,Aggregated,5.600000,0.000000,6,7,9,9,10,10,12,12,12,12,12,925,0,6,18.38435772982602,3.232300005038269,2059.162400000787,6404.254054054054
1782451368,5,GET,/ [checkout abuse session],0.000000,0.000000,0,0,0,0,0,0,0,0,0,0,0,5,0,2038.6421000002883,2047.6698200014653,2038.6421000002883,2059.162400000787,10499.0
1782451368,5,POST,/cart [add item abuse],1.200000,0.000000,4,4,4,4,4,5,5,5,5,5,5,232,0,4,5.652734482658882,3.232300005038269,49.685799996950664,0.0
1782451368,5,GET,/cart [view abuse],1.200000,0.000000,6,6,6,6,6,6,6,6,6,6,6,232,0,6,5.898484913970982,4.8020999965956435,11.009700006979983,14659.0
1782451368,5,POST,/cart/checkout [abuse],1.200000,0.000000,10,10,10,10,11,12,12,12,12,12,12,232,0,10,11.480275000237803,8.380400002351962,57.446600003459025,5004.0
1782451368,5,GET,/product/[id] [checkout abuse],1.200000,0.000000,6,7,7,7,7,7,7,7,7,7,7,232,0,6,6.37025086203282,4.6101000043563545,8.282900002086535,5865.0
1782451368,5,,Aggregated,4.800000,0.000000,6,7,9,9,10,10,12,12,12,12,12,933,0,6,18.284623794289647,3.232300005038269,2059.162400000787,6404.063236870311
1782451369,5,GET,/ [checkout abuse session],0.000000,0.000000,0,0,0,0,0,0,0,0,0,0,0,5,0,2038.6421000002883,2047.6698200014653,2038.6421000002883,2059.162400000787,10499.0
1782451369,5,POST,/cart [add item abuse],1.200000,0.000000,4,4,4,4,4,5,5,5,5,5,5,234,0,4,5.637118375978809,3.232300005038269,49.685799996950664,0.0
1782451369,5,GET,/cart [view abuse],1.200000,0.000000,6,6,6,6,6,6,6,6,6,6,6,234,0,6,5.893617948863215,4.8020999965956435,11.009700006979983,14659.0
1782451369,5,POST,/cart/checkout [abuse],1.200000,0.000000,10,10,10,10,11,12,12,12,12,12,12,234,0,10,11.458212820751868,8.380400002351962,57.446600003459025,5004.0
1782451369,5,GET,/product/[id] [checkout abuse],1.200000,0.000000,7,7,7,7,7,7,7,7,7,7,7,234,0,6,6.372083333298777,4.6101000043563545,8.282900002086535,5865.0
1782451369,5,,Aggregated,4.800000,0.000000,6,7,9,9,10,10,12,12,12,12,12,941,0,6,18.181541657883326,3.232300005038269,2059.162400000787,6403.875664187035
1782451370,5,GET,/ [checkout abuse session],0.000000,0.000000,0,0,0,0,0,0,0,0,0,0,0,5,0,2038.6421000002883,2047.6698200014653,2038.6421000002883,2059.162400000787,10499.0
1782451370,5,POST,/cart [add item abuse],1.200000,0.000000,4,4,4,4,4,4,4,4,4,4,4,234,0,4,5.637118375978809,3.232300005038269,49.685799996950664,0.0
1782451370,5,GET,/cart [view abuse],1.200000,0.000000,6,6,6,6,6,6,6,6,6,6,6,234,0,6,5.893617948863215,4.8020999965956435,11.009700006979983,14659.0
1782451370,5,POST,/cart/checkout [abuse],1.200000,0.000000,9,10,10,10,11,12,12,12,12,12,12,234,0,10,11.458212820751868,8.380400002351962,57.446600003459025,5004.0
1782451370,5,GET,/product/[id] [checkout abuse],1.200000,0.000000,7,7,7,7,7,7,7,7,7,7,7,234,0,6,6.372083333298777,4.6101000043563545,8.282900002086535,5865.0
1782451370,5,,Aggregated,4.800000,0.000000,6,7,9,9,10,10,12,12,12,12,12,941,0,6,18.181541657883326,3.232300005038269,2059.162400000787,6403.875664187035
1782451371,5,GET,/ [checkout abuse session],0.000000,0.000000,0,0,0,0,0,0,0,0,0,0,0,5,0,2038.6421000002883,2047.6698200014653,2038.6421000002883,2059.162400000787,10499.0
1782451371,5,POST,/cart [add item abuse],1.200000,0.000000,4,4,4,4,4,4,4,4,4,4,4,235,0,4,5.628143829705957,3.232300005038269,49.685799996950664,0.0
1782451371,5,GET,/cart [view abuse],1.200000,0.000000,6,6,6,6,6,6,6,6,6,6,6,235,0,6,5.892495319316599,4.8020999965956435,11.009700006979983,14659.0
1782451371,5,POST,/cart/checkout [abuse],1.200000,0.000000,9,10,10,10,11,12,12,12,12,12,12,235,0,10,11.450473191724358,8.380400002351962,57.446600003459025,5004.0
1782451371,5,GET,/product/[id] [checkout abuse],1.200000,0.000000,6,7,7,7,7,7,7,7,7,7,7,235,0,6,6.371614468058551,4.6101000043563545,8.282900002086535,5865.0
1782451371,5,,Aggregated,4.800000,0.000000,6,7,9,9,10,10,12,12,12,12,12,945,0,6,18.13110042336149,3.232300005038269,2059.162400000787,6403.783068783069
1782451372,5,GET,/ [checkout abuse session],0.000000,0.000000,0,0,0,0,0,0,0,0,0,0,0,5,0,2038.6421000002883,2047.6698200014653,2038.6421000002883,2059.162400000787,10499.0
1782451372,5,POST,/cart [add item abuse],1.300000,0.000000,4,4,4,4,4,4,4,4,4,4,4,236,0,4,5.620912288053413,3.232300005038269,49.685799996950664,0.0
1782451372,5,GET,/cart [view abuse],1.300000,0.000000,6,6,6,6,6,6,6,6,6,6,6,236,0,6,5.892428813733543,4.8020999965956435,11.009700006979983,14659.0
1782451372,5,POST,/cart/checkout [abuse],1.300000,0.000000,10,10,10,10,11,12,12,12,12,12,12,236,0,10,11.444163135851248,8.380400002351962,57.446600003459025,5004.0
1782451372,5,GET,/product/[id] [checkout abuse],1.300000,0.000000,6,7,7,7,7,7,7,7,7,7,7,236,0,6,6.369892372847169,4.6101000043563545,8.282900002086535,5865.0
1782451372,5,,Aggregated,5.200000,0.000000,6,7,9,9,10,10,12,12,12,12,12,949,0,6,18.081785774585747,3.232300005038269,2059.162400000787,6403.691253951528
1782451373,5,GET,/ [checkout abuse session],0.000000,0.000000,0,0,0,0,0,0,0,0,0,0,0,5,0,2038.6421000002883,2047.6698200014653,2038.6421000002883,2059.162400000787,10499.0
1782451373,5,POST,/cart [add item abuse],1.200000,0.000000,4,4,4,4,4,4,4,4,4,4,4,239,0,4,5.595119665192964,3.232300005038269,49.685799996950664,0.0
1782451373,5,GET,/cart [view abuse],1.200000,0.000000,6,6,6,6,6,6,6,6,6,6,6,239,0,6,5.88267782443543,4.8020999965956435,11.009700006979983,14659.0
1782451373,5,POST,/cart/checkout [abuse],1.200000,0.000000,10,10,10,10,11,12,12,12,12,12,12,239,0,10,11.41462677850575,8.380400002351962,57.446600003459025,5004.0
1782451373,5,GET,/product/[id] [checkout abuse],1.200000,0.000000,6,6,7,7,7,7,7,7,7,7,7,239,0,6,6.365725941440698,4.6101000043563545,8.282900002086535,5865.0
1782451373,5,,Aggregated,4.800000,0.000000,6,6,9,9,10,10,11,12,12,12,12,961,0,6,17.930329864823843,3.232300005038269,2059.162400000787,6403.420395421436
1782451374,5,GET,/ [checkout abuse session],0.000000,0.000000,0,0,0,0,0,0,0,0,0,0,0,5,0,2038.6421000002883,2047.6698200014653,2038.6421000002883,2059.162400000787,10499.0
1782451374,5,POST,/cart [add item abuse],1.200000,0.000000,4,4,4,4,4,4,4,4,4,4,4,240,0,4,5.588657916572022,3.232300005038269,49.685799996950664,0.0
1782451374,5,GET,/cart [view abuse],1.200000,0.000000,6,6,6,6,6,6,6,6,6,6,6,240,0,6,5.882163750175096,4.8020999965956435,11.009700006979983,14659.0
1782451374,5,POST,/cart/checkout [abuse],1.200000,0.000000,10,10,10,10,10,11,11,11,11,11,11,240,0,10,11.4084529169304,8.380400002351962,57.446600003459025,5004.0
1782451374,5,GET,/product/[id] [checkout abuse],1.200000,0.000000,6,6,7,7,7,7,7,7,7,7,7,240,0,6,6.365057916688481,4.6101000043563545,8.282900002086535,5865.0
1782451374,5,,Aggregated,4.800000,0.000000,6,6,9,9,10,10,11,11,11,11,11,965,0,6,17.88289005191209,3.232300005038269,2059.162400000787,6403.331606217616
1782451375,5,GET,/ [checkout abuse session],0.000000,0.000000,0,0,0,0,0,0,0,0,0,0,0,5,0,2038.6421000002883,2047.6698200014653,2038.6421000002883,2059.162400000787,10499.0
1782451375,5,POST,/cart [add item abuse],1.400000,0.000000,4,4,4,4,4,5,5,5,5,5,5,241,0,4,5.585256431434599,3.232300005038269,49.685799996950664,0.0
1782451375,5,GET,/cart [view abuse],1.400000,0.000000,6,6,6,6,6,6,6,6,6,6,6,241,0,6,5.882874688975797,4.8020999965956435,11.009700006979983,14659.0
1782451375,5,POST,/cart/checkout [abuse],1.400000,0.000000,10,10,10,10,10,11,11,11,11,11,11,241,0,10,11.396953112291678,8.380400002351962,57.446600003459025,5004.0
1782451375,5,GET,/product/[id] [checkout abuse],1.400000,0.000000,6,6,7,7,7,7,7,7,7,7,7,241,0,6,6.365129045639245,4.6101000043563545,8.282900002086535,5865.0
1782451375,5,,Aggregated,5.600000,0.000000,6,6,9,9,10,10,11,11,11,11,11,969,0,6,17.835738390183266,3.232300005038269,2059.162400000787,6403.243550051599
1782451376,5,GET,/ [checkout abuse session],0.000000,0.000000,0,0,0,0,0,0,0,0,0,0,0,5,0,2038.6421000002883,2047.6698200014653,2038.6421000002883,2059.162400000787,10499.0
1782451376,5,POST,/cart [add item abuse],1.400000,0.000000,4,4,4,4,4,5,5,5,5,5,5,241,0,4,5.585256431434599,3.232300005038269,49.685799996950664,0.0
1782451376,5,GET,/cart [view abuse],1.400000,0.000000,6,6,6,6,6,6,6,6,6,6,6,241,0,6,5.882874688975797,4.8020999965956435,11.009700006979983,14659.0
1782451376,5,POST,/cart/checkout [abuse],1.400000,0.000000,10,10,10,10,10,11,11,11,11,11,11,241,0,10,11.396953112291678,8.380400002351962,57.446600003459025,5004.0
1782451376,5,GET,/product/[id] [checkout abuse],1.400000,0.000000,6,6,6,6,7,7,7,7,7,7,7,241,0,6,6.365129045639245,4.6101000043563545,8.282900002086535,5865.0
1782451376,5,,Aggregated,5.600000,0.000000,6,6,9,9,10,10,11,11,11,11,11,969,0,6,17.835738390183266,3.232300005038269,2059.162400000787,6403.243550051599
1782451377,5,GET,/ [checkout abuse session],0.000000,0.000000,0,0,0,0,0,0,0,0,0,0,0,5,0,2038.6421000002883,2047.6698200014653,2038.6421000002883,2059.162400000787,10499.0
1782451377,5,POST,/cart [add item abuse],1.200000,0.000000,4,4,4,4,4,5,5,5,5,5,5,244,0,4,5.561723770399828,3.232300005038269,49.685799996950664,0.0
1782451377,5,GET,/cart [view abuse],1.200000,0.000000,6,6,6,6,6,6,6,6,6,6,6,244,0,6,5.879356557506682,4.8020999965956435,11.009700006979983,14659.0
1782451377,5,POST,/cart/checkout [abuse],1.200000,0.000000,9,10,10,10,10,11,11,11,11,11,11,244,0,10,11.372038934675148,8.380400002351962,57.446600003459025,5004.0
1782451377,5,GET,/product/[id] [checkout abuse],1.200000,0.000000,6,6,6,7,7,7,7,7,7,7,7,244,0,6,6.3647430327916075,4.6101000043563545,8.282900002086535,5865.0
1782451377,5,,Aggregated,4.800000,0.000000,6,6,9,9,10,10,10,11,11,11,11,981,0,6,17.693932212108464,3.232300005038269,2059.162400000787,6402.983690112131
1782451378,5,GET,/ [checkout abuse session],0.000000,0.000000,0,0,0,0,0,0,0,0,0,0,0,5,0,2038.6421000002883,2047.6698200014653,2038.6421000002883,2059.162400000787,10499.0
1782451378,5,POST,/cart [add item abuse],1.200000,0.000000,4,4,4,4,5,46,46,46,46,46,46,245,0,4,5.724832244788781,3.232300005038269,49.685799996950664,0.0
1782451378,5,GET,/cart [view abuse],1.200000,0.000000,6,6,6,6,6,6,6,6,6,6,6,245,0,6,5.877683673598043,4.8020999965956435,11.009700006979983,14659.0
1782451378,5,POST,/cart/checkout [abuse],1.200000,0.000000,9,10,10,10,10,11,11,11,11,11,11,245,0,10,11.362625306355767,8.380400002351962,57.446600003459025,5004.0
1782451378,5,GET,/product/[id] [checkout abuse],1.200000,0.000000,6,6,6,7,7,7,7,7,7,7,7,245,0,6,6.36243183671839,4.6101000043563545,8.282900002086535,5865.0
1782451378,5,,Aggregated,4.800000,0.000000,6,6,9,9,10,10,11,46,46,46,46,985,0,6,17.688938578746463,3.232300005038269,2059.162400000787,6402.8984771573605
1782451379,5,GET,/ [checkout abuse session],0.000000,0.000000,0,0,0,0,0,0,0,0,0,0,0,5,0,2038.6421000002883,2047.6698200014653,2038.6421000002883,2059.162400000787,10499.0
1782451379,5,POST,/cart [add item abuse],1.200000,0.000000,4,4,4,4,5,46,46,46,46,46,46,245,0,4,5.724832244788781,3.232300005038269,49.685799996950664,0.0
1782451379,5,GET,/cart [view abuse],1.200000,0.000000,6,6,6,6,6,6,6,6,6,6,6,245,0,6,5.877683673598043,4.8020999965956435,11.009700006979983,14659.0
1782451379,5,POST,/cart/checkout [abuse],1.200000,0.000000,9,10,10,10,10,10,10,10,10,10,10,245,0,10,11.362625306355767,8.380400002351962,57.446600003459025,5004.0
1782451379,5,GET,/product/[id] [checkout abuse],1.200000,0.000000,6,6,6,6,6,7,7,7,7,7,7,245,0,6,6.36243183671839,4.6101000043563545,8.282900002086535,5865.0
1782451379,5,,Aggregated,4.800000,0.000000,6,6,9,9,10,10,46,46,46,46,46,985,0,6,17.688938578746463,3.232300005038269,2059.162400000787,6402.8984771573605
1782451380,5,GET,/ [checkout abuse session],0.000000,0.000000,0,0,0,0,0,0,0,0,0,0,0,5,0,2038.6421000002883,2047.6698200014653,2038.6421000002883,2059.162400000787,10499.0
1782451380,5,POST,/cart [add item abuse],1.400000,0.000000,4,4,4,4,5,46,46,46,46,46,46,246,0,4,5.716010975477293,3.232300005038269,49.685799996950664,0.0
1782451380,5,GET,/cart [view abuse],1.400000,0.000000,5,6,6,6,6,6,6,6,6,6,6,246,0,6,5.874256097711149,4.8020999965956435,11.009700006979983,14659.0
1782451380,5,POST,/cart/checkout [abuse],1.400000,0.000000,9,10,10,10,10,10,10,10,10,10,10,246,0,10,11.352376422989874,8.380400002351962,57.446600003459025,5004.0
1782451380,5,GET,/product/[id] [checkout abuse],1.400000,0.000000,6,6,6,6,6,7,7,7,7,7,7,246,0,6,6.359024390234466,4.6101000043563545,8.282900002086535,5865.0
1782451380,5,,Aggregated,5.600000,0.000000,6,6,9,9,10,10,46,46,46,46,46,989,0,6,17.640606066799666,3.232300005038269,2059.162400000787,6402.813953488372
1782451381,5,GET,/ [checkout abuse session],0.000000,0.000000,0,0,0,0,0,0,0,0,0,0,0,5,0,2038.6421000002883,2047.6698200014653,2038.6421000002883,2059.162400000787,10499.0
1782451381,5,POST,/cart [add item abuse],1.100000,0.000000,4,4,4,4,5,46,46,46,46,46,46,247,0,4,5.709139271113769,3.232300005038269,49.685799996950664,0.0
1782451381,5,GET,/cart [view abuse],1.100000,0.000000,5,6,6,6,6,6,6,6,6,6,6,247,0,6,5.871290688409785,4.8020999965956435,11.009700006979983,14659.0
1782451381,5,POST,/cart/checkout [abuse],1.100000,0.000000,9,9,10,10,10,10,10,10,10,10,10,247,0,10,11.342856275548815,8.380400002351962,57.446600003459025,5004.0
1782451381,5,GET,/product/[id] [checkout abuse],1.100000,0.000000,6,6,6,6,7,9,9,9,9,9,9,248,0,6,6.367950403200079,4.6101000043563545,8.559799993236084,5865.0
1782451381,5,,Aggregated,4.400000,0.000000,6,6,9,9,9,10,46,46,46,46,46,994,0,6,17.585163480949518,3.232300005038269,2059.162400000787,6402.189134808853
1782451382,5,GET,/ [checkout abuse session],0.000000,0.000000,0,0,0,0,0,0,0,0,0,0,0,5,0,2038.6421000002883,2047.6698200014653,2038.6421000002883,2059.162400000787,10499.0
1782451382,5,POST,/cart [add item abuse],1.100000,0.000000,4,4,5,46,49,49,49,49,49,49,49,249,0,4,5.873040562104266,3.232300005038269,49.685799996950664,0.0
1782451382,5,GET,/cart [view abuse],1.100000,0.000000,6,6,6,6,6,6,6,6,6,6,6,249,0,6,5.867336546291782,4.8020999965956435,11.009700006979983,14659.0
1782451382,5,POST,/cart/checkout [abuse],1.100000,0.000000,9,9,9,10,10,10,10,10,10,10,10,249,0,10,11.321321687008671,8.380400002351962,57.446600003459025,5004.0
1782451382,5,GET,/product/[id] [checkout abuse],1.100000,0.000000,6,6,6,7,9,9,9,9,9,9,9,249,0,6,6.365463052185282,4.6101000043563545,8.559799993236084,5865.0
1782451382,5,,Aggregated,4.400000,0.000000,6,7,9,9,10,46,49,49,49,49,49,1001,0,6,17.548164235821414,3.232300005038269,2059.162400000787,6402.564435564435
1782451383,5,GET,/ [checkout abuse session],0.000000,0.000000,0,0,0,0,0,0,0,0,0,0,0,5,0,2038.6421000002883,2047.6698200014653,2038.6421000002883,2059.162400000787,10499.0
1782451383,5,POST,/cart [add item abuse],1.200000,0.000000,4,4,5,5,46,49,49,49,49,49,49,250,0,4,5.863406799850054,3.232300005038269,49.685799996950664,0.0
1782451383,5,GET,/cart [view abuse],1.200000,0.000000,6,6,6,6,6,6,6,6,6,6,6,250,0,6,5.867189200100256,4.8020999965956435,11.009700006979983,14659.0
1782451383,5,POST,/cart/checkout [abuse],1.200000,0.000000,9,9,9,9,10,10,10,10,10,10,10,250,0,10,11.309704400249757,8.380400002351962,57.446600003459025,5004.0
1782451383,5,GET,/product/[id] [checkout abuse],1.200000,0.000000,6,6,7,7,7,9,9,9,9,9,9,250,0,6,6.368794799956959,4.6101000043563545,8.559799993236084,5865.0
1782451383,5,,Aggregated,4.800000,0.000000,6,7,9,9,9,10,49,49,49,49,49,1005,0,6,17.50310736323043,3.232300005038269,2059.162400000787,6402.482587064676
1782451384,5,GET,/ [checkout abuse session],0.000000,0.000000,0,0,0,0,0,0,0,0,0,0,0,5,0,2038.6421000002883,2047.6698200014653,2038.6421000002883,2059.162400000787,10499.0
1782451384,5,POST,/cart [add item abuse],1.100000,0.000000,4,4,5,5,46,49,49,49,49,49,49,251,0,4,5.85333665323734,3.232300005038269,49.685799996950664,0.0
1782451384,5,GET,/cart [view abuse],1.100000,0.000000,5,6,6,6,6,6,6,6,6,6,6,251,0,6,5.865401593714107,4.8020999965956435,11.009700006979983,14659.0
1782451384,5,POST,/cart/checkout [abuse],1.100000,0.000000,9,9,9,9,9,10,10,10,10,10,10,251,0,10,11.30118645441582,8.380400002351962,57.446600003459025,5004.0
1782451384,5,GET,/product/[id] [checkout abuse],1.100000,0.000000,6,6,7,7,7,9,9,9,9,9,9,251,0,6,6.367867729058202,4.6101000043563545,8.559799993236084,5865.0
1782451384,5,,Aggregated,4.400000,0.000000,6,7,9,9,9,10,49,49,49,49,49,1009,0,6,17.457566897962458,3.232300005038269,2059.162400000787,6402.401387512388
1782451385,5,GET,/ [checkout abuse session],0.000000,0.000000,0,0,0,0,0,0,0,0,0,0,0,5,0,2038.6421000002883,2047.6698200014653,2038.6421000002883,2059.162400000787,10499.0
1782451385,5,POST,/cart [add item abuse],1.300000,0.000000,4,4,46,46,48,49,49,49,49,49,49,252,0,4,6.019150793502968,3.232300005038269,49.685799996950664,0.0
1782451385,5,GET,/cart [view abuse],1.300000,0.000000,5,6,6,6,6,6,6,6,6,6,6,252,0,6,5.865558333411288,4.8020999965956435,11.009700006979983,14659.0
1782451385,5,POST,/cart/checkout [abuse],1.300000,0.000000,9,9,9,9,9,10,10,10,10,10,10,252,0,10,11.29168134941701,8.380400002351962,57.446600003459025,5004.0
1782451385,5,GET,/product/[id] [checkout abuse],1.300000,0.000000,6,7,7,7,7,9,9,9,9,9,9,252,0,6,6.369685714277679,4.6101000043563545,8.559799993236084,5865.0
1782451385,5,,Aggregated,5.200000,0.000000,6,8,9,9,9,46,49,49,49,49,49,1013,0,6,17.4570190523601,3.232300005038269,2059.162400000787,6402.320829220138
1782451386,5,GET,/ [checkout abuse session],0.000000,0.000000,0,0,0,0,0,0,0,0,0,0,0,5,0,2038.6421000002883,2047.6698200014653,2038.6421000002883,2059.162400000787,10499.0
1782451386,5,POST,/cart [add item abuse],1.100000,0.000000,4,5,46,48,49,49,49,49,49,49,49,254,0,4,6.007305117924175,3.232300005038269,49.685799996950664,0.0
1782451386,5,GET,/cart [view abuse],1.100000,0.000000,6,6,6,6,7,7,7,7,7,7,7,254,0,6,5.871510630003479,4.8020999965956435,11.009700006979983,14659.0
1782451386,5,POST,/cart/checkout [abuse],1.100000,0.000000,9,9,9,10,11,11,11,11,11,11,11,254,0,10,11.284018110447906,8.380400002351962,57.446600003459025,5004.0
1782451386,5,GET,/product/[id] [checkout abuse],1.100000,0.000000,6,7,7,7,9,9,9,9,9,9,9,254,0,6,6.369511417308492,4.6101000043563545,8.559799993236084,5865.0
1782451386,5,,Aggregated,4.400000,0.000000,6,8,9,9,11,48,49,49,49,49,49,1021,0,6,17.374696180245913,3.232300005038269,2059.162400000787,6402.161606268364
1782451387,5,GET,/ [checkout abuse session],0.000000,0.000000,0,0,0,0,0,0,0,0,0,0,0,5,0,2038.6421000002883,2047.6698200014653,2038.6421000002883,2059.162400000787,10499.0
1782451387,5,POST,/cart [add item abuse],1.100000,0.000000,4,5,46,46,48,49,49,49,49,49,49,255,0,4,5.997540391970189,3.232300005038269,49.685799996950664,0.0
1782451387,5,GET,/cart [view abuse],1.100000,0.000000,6,6,6,6,6,7,7,7,7,7,7,255,0,6,5.8702603922403584,4.8020999965956435,11.009700006979983,14659.0
1782451387,5,POST,/cart/checkout [abuse],1.100000,0.000000,9,9,9,9,10,11,11,11,11,11,11,255,0,10,11.275800000208513,8.380400002351962,57.446600003459025,5004.0
1782451387,5,GET,/product/[id] [checkout abuse],1.100000,0.000000,6,7,7,7,7,9,9,9,9,9,9,255,0,6,6.367032156855452,4.6101000043563545,8.559799993236084,5865.0
1782451387,5,,Aggregated,4.400000,0.000000,6,8,9,9,10,46,49,49,49,49,49,1025,0,6,17.330302926860806,3.232300005038269,2059.162400000787,6402.082926829268
1782451388,5,GET,/ [checkout abuse session],0.000000,0.000000,0,0,0,0,0,0,0,0,0,0,0,5,0,2038.6421000002883,2047.6698200014653,2038.6421000002883,2059.162400000787,10499.0
1782451388,5,POST,/cart [add item abuse],1.100000,0.000000,4,4,5,5,48,49,49,49,49,49,49,256,0,4,5.989108593553283,3.232300005038269,49.685799996950664,0.0
1782451388,5,GET,/cart [view abuse],1.100000,0.000000,6,6,6,6,6,7,7,7,7,7,7,256,0,6,5.872210937582167,4.8020999965956435,11.009700006979983,14659.0
1782451388,5,POST,/cart/checkout [abuse],1.100000,0.000000,9,9,10,10,11,52,52,52,52,52,52,256,0,10,11.434225781471241,8.380400002351962,57.446600003459025,5004.0
1782451388,5,GET,/product/[id] [checkout abuse],1.100000,0.000000,6,7,7,7,7,9,9,9,9,9,9,256,0,6,6.36466796876789,4.6101000043563545,8.559799993236084,5865.0
1782451388,5,,Aggregated,4.400000,0.000000,6,7,9,9,10,48,52,52,52,52,52,1029,0,6,17.328827696831116,3.232300005038269,2059.162400000787,6402.004859086492
1782451389,5,GET,/ [checkout abuse session],0.000000,0.000000,0,0,0,0,0,0,0,0,0,0,0,5,0,2038.6421000002883,2047.6698200014653,2038.6421000002883,2059.162400000787,10499.0
1782451389,5,POST,/cart [add item abuse],1.100000,0.000000,4,4,5,5,48,49,49,49,49,49,49,257,0,4,5.979680544551796,3.232300005038269,49.685799996950664,0.0
1782451389,5,GET,/cart [view abuse],1.100000,0.000000,6,6,6,6,6,7,7,7,7,7,7,257,0,6,5.871061867796943,4.8020999965956435,11.009700006979983,14659.0
1782451389,5,POST,/cart/checkout [abuse],1.100000,0.000000,9,9,10,10,11,52,52,52,52,52,52,257,0,10,11.423279377655625,8.380400002351962,57.446600003459025,5004.0
1782451389,5,GET,/product/[id] [checkout abuse],1.100000,0.000000,6,7,7,7,7,9,9,9,9,9,9,257,0,6,6.3669626459314905,4.6101000043563545,8.559799993236084,5865.0
1782451389,5,,Aggregated,4.400000,0.000000,6,7,9,9,10,48,52,52,52,52,52,1033,0,6,17.285655469547763,3.232300005038269,2059.162400000787,6401.927395934173
1782451390,5,GET,/ [checkout abuse session],0.000000,0.000000,0,0,0,0,0,0,0,0,0,0,0,5,0,2038.6421000002883,2047.6698200014653,2038.6421000002883,2059.162400000787,10499.0
1782451390,5,POST,/cart [add item abuse],1.100000,0.000000,4,4,5,5,48,49,49,49,49,49,49,258,0,4,5.972831395143136,3.232300005038269,49.685799996950664,0.0
1782451390,5,GET,/cart [view abuse],1.100000,0.000000,6,6,6,6,7,7,7,7,7,7,7,258,0,6,5.875685658997833,4.8020999965956435,11.009700006979983,14659.0
1782451390,5,POST,/cart/checkout [abuse],1.100000,0.000000,9,9,10,10,11,52,52,52,52,52,52,258,0,10,11.414691473091384,8.380400002351962,57.446600003459025,5004.0
1782451390,5,GET,/product/[id] [checkout abuse],1.100000,0.000000,6,7,7,7,7,9,9,9,9,9,9,258,0,6,6.365675581403685,4.6101000043563545,8.559799993236084,5865.0
1782451390,5,,Aggregated,4.400000,0.000000,6,7,9,9,10,48,52,52,52,52,52,1037,0,6,17.2445527483466,3.232300005038269,2059.162400000787,6401.850530376085
1782451391,5,GET,/ [checkout abuse session],0.000000,0.000000,0,0,0,0,0,0,0,0,0,0,0,5,0,2038.6421000002883,2047.6698200014653,2038.6421000002883,2059.162400000787,10499.0
1782451391,5,POST,/cart [add item abuse],1.000000,0.000000,4,4,4,4,5,48,48,48,48,48,48,260,0,4,5.954673461355224,3.232300005038269,49.685799996950664,0.0
1782451391,5,GET,/cart [view abuse],1.000000,0.000000,6,6,6,6,7,7,7,7,7,7,7,260,0,6,5.872776153941791,4.8020999965956435,11.009700006979983,14659.0
1782451391,5,POST,/cart/checkout [abuse],1.000000,0.000000,9,10,11,11,12,52,52,52,52,52,52,260,0,10,11.407493461788713,8.380400002351962,57.446600003459025,5004.0
1782451391,5,GET,/product/[id] [checkout abuse],1.000000,0.000000,6,7,7,7,7,7,7,7,7,7,7,260,0,6,6.363176153844017,4.6101000043563545,8.559799993236084,5865.0
1782451391,5,,Aggregated,4.000000,0.000000,6,7,9,9,10,12,52,52,52,52,52,1045,0,6,17.16158861248714,3.232300005038269,2059.162400000787,6401.698564593302
1782451392,5,GET,/ [checkout abuse session],0.000000,0.000000,0,0,0,0,0,0,0,0,0,0,0,5,0,2038.6421000002883,2047.6698200014653,2038.6421000002883,2059.162400000787,10499.0
1782451392,5,POST,/cart [add item abuse],1.000000,0.000000,4,4,4,5,48,48,48,48,48,48,48,260,0,4,5.954673461355224,3.232300005038269,49.685799996950664,0.0
1782451392,5,GET,/cart [view abuse],1.000000,0.000000,6,6,6,7,7,7,7,7,7,7,7,260,0,6,5.872776153941791,4.8020999965956435,11.009700006979983,14659.0
1782451392,5,POST,/cart/checkout [abuse],1.000000,0.000000,9,10,11,12,52,52,52,52,52,52,52,260,0,10,11.407493461788713,8.380400002351962,57.446600003459025,5004.0
1782451392,5,GET,/product/[id] [checkout abuse],1.000000,0.000000,6,7,7,7,7,7,7,7,7,7,7,260,0,6,6.363176153844017,4.6101000043563545,8.559799993236084,5865.0
1782451392,5,,Aggregated,4.000000,0.000000,6,7,9,9,11,48,52,52,52,52,52,1045,0,6,17.16158861248714,3.232300005038269,2059.162400000787,6401.698564593302
1782451393,5,GET,/ [checkout abuse session],0.000000,0.000000,0,0,0,0,0,0,0,0,0,0,0,5,0,2038.6421000002883,2047.6698200014653,2038.6421000002883,2059.162400000787,10499.0
1782451393,5,POST,/cart [add item abuse],1.200000,0.000000,4,4,4,4,5,48,48,48,48,48,48,263,0,4,5.928582889555746,3.232300005038269,49.685799996950664,0.0
1782451393,5,GET,/cart [view abuse],1.200000,0.000000,6,6,6,6,7,7,7,7,7,7,7,263,0,6,5.865637642688192,4.8020999965956435,11.009700006979983,14659.0
1782451393,5,POST,/cart/checkout [abuse],1.200000,0.000000,9,9,11,11,12,52,52,52,52,52,52,263,0,10,11.382298099081574,8.380400002351962,57.446600003459025,5004.0
1782451393,5,GET,/product/[id] [checkout abuse],1.200000,0.000000,6,6,7,7,7,7,7,7,7,7,7,263,0,6,6.356568060832598,4.6101000043563545,8.559799993236084,5865.0
1782451393,5,,Aggregated,4.800000,0.000000,6,7,9,9,10,12,52,52,52,52,52,1057,0,6,17.03457984867068,3.232300005038269,2059.162400000787,6401.474929044465
1782451394,5,GET,/ [checkout abuse session],0.000000,0.000000,0,0,0,0,0,0,0,0,0,0,0,5,0,2038.6421000002883,2047.6698200014653,2038.6421000002883,2059.162400000787,10499.0
1782451394,5,POST,/cart [add item abuse],1.100000,0.000000,4,4,4,4,5,48,48,48,48,48,48,265,0,4,5.914066792279042,3.232300005038269,49.685799996950664,0.0
1782451394,5,GET,/cart [view abuse],1.100000,0.000000,6,6,6,6,7,7,7,7,7,7,7,265,0,6,5.863859622771105,4.8020999965956435,11.009700006979983,14659.0
1782451394,5,POST,/cart/checkout [abuse],1.100000,0.000000,9,10,10,11,12,52,52,52,52,52,52,265,0,10,11.36854264172967,8.380400002351962,57.446600003459025,5004.0
1782451394,5,GET,/product/[id] [checkout abuse],1.100000,0.000000,6,6,7,7,7,7,7,7,7,7,7,265,0,6,6.3557071697773,4.6101000043563545,8.559799993236084,5865.0
1782451394,5,,Aggregated,4.400000,0.000000,6,7,9,9,10,12,48,52,52,52,52,1065,0,6,16.95439042257743,3.232300005038269,2059.162400000787,6401.328638497653
1782451395,5,GET,/ [checkout abuse session],0.000000,0.000000,0,0,0,0,0,0,0,0,0,0,0,5,0,2038.6421000002883,2047.6698200014653,2038.6421000002883,2059.162400000787,10499.0
1782451395,5,POST,/cart [add item abuse],1.100000,0.000000,4,4,4,4,4,5,5,5,5,5,5,265,0,4,5.914066792279042,3.232300005038269,49.685799996950664,0.0
1782451395,5,GET,/cart [view abuse],1.100000,0.000000,6,6,6,6,7,7,7,7,7,7,7,265,0,6,5.863859622771105,4.8020999965956435,11.009700006979983,14659.0
1782451395,5,POST,/cart/checkout [abuse],1.100000,0.000000,9,10,10,11,12,52,52,52,52,52,52,265,0,10,11.36854264172967,8.380400002351962,57.446600003459025,5004.0
1782451395,5,GET,/product/[id] [checkout abuse],1.100000,0.000000,6,6,6,7,7,7,7,7,7,7,7,265,0,6,6.3557071697773,4.6101000043563545,8.559799993236084,5865.0
1782451395,5,,Aggregated,4.400000,0.000000,6,7,9,9,9,11,12,52,52,52,52,1065,0,6,16.95439042257743,3.232300005038269,2059.162400000787,6401.328638497653
1782451396,5,GET,/ [checkout abuse session],0.000000,0.000000,0,0,0,0,0,0,0,0,0,0,0,5,0,2038.6421000002883,2047.6698200014653,2038.6421000002883,2059.162400000787,10499.0
1782451396,5,POST,/cart [add item abuse],1.300000,0.000000,4,4,4,4,4,5,5,5,5,5,5,267,0,4,5.898251310723384,3.232300005038269,49.685799996950664,0.0
1782451396,5,GET,/cart [view abuse],1.300000,0.000000,6,6,6,7,7,9,9,9,9,9,9,267,0,6,5.87308651694421,4.8020999965956435,11.009700006979983,14659.0
1782451396,5,POST,/cart/checkout [abuse],1.300000,0.000000,9,10,11,11,12,52,52,52,52,52,52,267,0,10,11.359164045146084,8.380400002351962,57.446600003459025,5004.0
1782451396,5,GET,/product/[id] [checkout abuse],1.300000,0.000000,6,6,6,7,7,7,7,7,7,7,7,267,0,6,6.349489887623022,4.6101000043563545,8.559799993236084,5865.0
1782451396,5,,Aggregated,5.200000,0.000000,6,7,9,9,10,11,12,52,52,52,52,1073,0,6,16.877452842538606,3.232300005038269,2059.162400000787,6401.184529356943
1782451397,5,GET,/ [checkout abuse session],0.000000,0.000000,0,0,0,0,0,0,0,0,0,0,0,5,0,2038.6421000002883,2047.6698200014653,2038.6421000002883,2059.162400000787,10499.0
1782451397,5,POST,/cart [add item abuse],1.300000,0.000000,4,4,4,4,4,6,6,6,6,6,6,269,0,4,5.88970185861426,3.232300005038269,49.685799996950664,0.0
1782451397,5,GET,/cart [view abuse],1.300000,0.000000,6,6,6,7,8,9,9,9,9,9,9,269,0,6,5.8794182157076875,4.8020999965956435,11.009700006979983,14659.0
1782451397,5,POST,/cart/checkout [abuse],1.300000,0.000000,9,10,11,11,12,52,52,52,52,52,52,269,0,10,11.353266914705115,8.380400002351962,57.446600003459025,5004.0
1782451397,5,GET,/product/[id] [checkout abuse],1.300000,0.000000,6,6,7,7,7,8,8,8,8,8,8,269,0,6,6.357222304805606,4.6101000043563545,8.559799993236084,5865.0
1782451397,5,,Aggregated,5.200000,0.000000,6,7,9,9,10,11,12,52,52,52,52,1081,0,6,16.806997224836554,3.232300005038269,2059.162400000787,6401.04255319149
1782451398,5,GET,/ [checkout abuse session],0.000000,0.000000,0,0,0,0,0,0,0,0,0,0,0,5,0,2038.6421000002883,2047.6698200014653,2038.6421000002883,2059.162400000787,10499.0
1782451398,5,POST,/cart [add item abuse],1.300000,0.000000,4,4,4,4,4,6,6,6,6,6,6,270,0,4,5.882552222087893,3.232300005038269,49.685799996950664,0.0
1782451398,5,GET,/cart [view abuse],1.300000,0.000000,6,6,6,7,8,9,9,9,9,9,9,270,0,6,5.879232963073904,4.8020999965956435,11.009700006979983,14659.0
1782451398,5,POST,/cart/checkout [abuse],1.300000,0.000000,9,10,10,11,11,12,12,12,12,12,12,270,0,10,11.34560777799278,8.380400002351962,57.446600003459025,5004.0
1782451398,5,GET,/product/[id] [checkout abuse],1.300000,0.000000,6,6,6,7,7,8,8,8,8,8,8,270,0,6,6.356561111089023,4.6101000043563545,8.559799993236084,5865.0
1782451398,5,,Aggregated,5.200000,0.000000,6,7,9,9,9,11,11,12,12,12,12,1085,0,6,16.768310322629585,3.232300005038269,2059.162400000787,6400.972350230415
1782451399,5,GET,/ [checkout abuse session],0.000000,0.000000,0,0,0,0,0,0,0,0,0,0,0,5,0,2038.6421000002883,2047.6698200014653,2038.6421000002883,2059.162400000787,10499.0
1782451399,5,POST,/cart [add item abuse],1.200000,0.000000,4,4,4,4,6,48,48,48,48,48,48,271,0,4,6.037707379931065,3.232300005038269,49.685799996950664,0.0
1782451399,5,GET,/cart [view abuse],1.200000,0.000000,6,6,6,6,8,9,9,9,9,9,9,271,0,6,5.878514760260631,4.8020999965956435,11.009700006979983,14659.0
1782451399,5,POST,/cart/checkout [abuse],1.200000,0.000000,9,10,10,11,11,12,12,12,12,12,12,271,0,10,11.336423616444588,8.380400002351962,57.446600003459025,5004.0
1782451399,5,GET,/product/[id] [checkout abuse],1.200000,0.000000,6,6,7,7,7,8,8,8,8,8,8,271,0,6,6.357622140178902,4.6101000043563545,8.559799993236084,5865.0
1782451399,5,,Aggregated,4.800000,0.000000,6,7,9,9,10,11,12,48,48,48,48,1089,0,6,16.770185215834932,3.232300005038269,2059.162400000787,6400.902662993572
1782451400,5,GET,/ [checkout abuse session],0.000000,0.000000,0,0,0,0,0,0,0,0,0,0,0,5,0,2038.6421000002883,2047.6698200014653,2038.6421000002883,2059.162400000787,10499.0
1782451400,5,POST,/cart [add item abuse],1.200000,0.000000,4,4,4,4,6,48,48,48,48,48,48,271,0,4,6.037707379931065,3.232300005038269,49.685799996950664,0.0
1782451400,5,GET,/cart [view abuse],1.200000,0.000000,6,6,6,6,8,9,9,9,9,9,9,271,0,6,5.878514760260631,4.8020999965956435,11.009700006979983,14659.0
1782451400,5,POST,/cart/checkout [abuse],1.200000,0.000000,9,10,10,11,11,12,12,12,12,12,12,271,0,10,11.336423616444588,8.380400002351962,57.446600003459025,5004.0
1782451400,5,GET,/product/[id] [checkout abuse],1.200000,0.000000,6,6,7,7,7,8,8,8,8,8,8,271,0,6,6.357622140178902,4.6101000043563545,8.559799993236084,5865.0
1782451400,5,,Aggregated,4.800000,0.000000,6,7,9,9,10,11,12,48,48,48,48,1089,0,6,16.770185215834932,3.232300005038269,2059.162400000787,6400.902662993572
1782451401,5,GET,/ [checkout abuse session],0.000000,0.000000,0,0,0,0,0,0,0,0,0,0,0,5,0,2038.6421000002883,2047.6698200014653,2038.6421000002883,2059.162400000787,10499.0
1782451401,5,POST,/cart [add item abuse],1.300000,0.000000,4,4,4,4,6,48,48,48,48,48,48,275,0,4,6.004453818022739,3.232300005038269,49.685799996950664,0.0
1782451401,5,GET,/cart [view abuse],1.300000,0.000000,6,6,6,6,8,9,9,9,9,9,9,275,0,6,5.871007636491083,4.8020999965956435,11.009700006979983,14659.0
1782451401,5,POST,/cart/checkout [abuse],1.300000,0.000000,9,10,10,10,11,11,11,11,11,11,11,275,0,10,11.308701091117904,8.380400002351962,57.446600003459025,5004.0
1782451401,5,GET,/product/[id] [checkout abuse],1.300000,0.000000,6,6,6,7,7,8,8,8,8,8,8,275,0,6,6.354902909026185,4.6101000043563545,8.559799993236084,5865.0
1782451401,5,,Aggregated,5.200000,0.000000,6,7,9,9,10,11,11,48,48,48,48,1105,0,6,16.61682542989887,3.232300005038269,2059.162400000787,6400.628959276018
1782451402,5,GET,/ [checkout abuse session],0.000000,0.000000,0,0,0,0,0,0,0,0,0,0,0,5,0,2038.6421000002883,2047.6698200014653,2038.6421000002883,2059.162400000787,10499.0
1782451402,5,POST,/cart [add item abuse],1.300000,0.000000,4,4,4,4,6,48,48,48,48,48,48,275,0,4,6.004453818022739,3.232300005038269,49.685799996950664,0.0
1782451402,5,GET,/cart [view abuse],1.300000,0.000000,6,6,6,6,8,9,9,9,9,9,9,275,0,6,5.871007636491083,4.8020999965956435,11.009700006979983,14659.0
1782451402,5,POST,/cart/checkout [abuse],1.300000,0.000000,10,10,10,10,11,11,11,11,11,11,11,275,0,10,11.308701091117904,8.380400002351962,57.446600003459025,5004.0
1782451402,5,GET,/product/[id] [checkout abuse],1.300000,0.000000,6,6,7,7,7,8,8,8,8,8,8,275,0,6,6.354902909026185,4.6101000043563545,8.559799993236084,5865.0
1782451402,5,,Aggregated,5.200000,0.000000,6,7,9,9,10,11,48,48,48,48,48,1105,0,6,16.61682542989887,3.232300005038269,2059.162400000787,6400.628959276018
1782451403,5,GET,/ [checkout abuse session],0.000000,0.000000,0,0,0,0,0,0,0,0,0,0,0,5,0,2038.6421000002883,2047.6698200014653,2038.6421000002883,2059.162400000787,10499.0
1782451403,5,POST,/cart [add item abuse],1.300000,0.000000,4,4,4,4,6,48,48,48,48,48,48,276,0,4,5.996062681004043,3.232300005038269,49.685799996950664,0.0
1782451403,5,GET,/cart [view abuse],1.300000,0.000000,6,6,6,6,8,9,9,9,9,9,9,276,0,6,5.869489130550326,4.8020999965956435,11.009700006979983,14659.0
1782451403,5,POST,/cart/checkout [abuse],1.300000,0.000000,9,10,10,10,11,11,11,11,11,11,11,276,0,10,11.298697463986912,8.380400002351962,57.446600003459025,5004.0
1782451403,5,GET,/product/[id] [checkout abuse],1.300000,0.000000,6,6,7,7,7,8,8,8,8,8,8,276,0,6,6.353159057903542,4.6101000043563545,8.559799993236084,5865.0
1782451403,5,,Aggregated,5.200000,0.000000,6,7,9,9,10,11,48,48,48,48,48,1109,0,6,16.578136880106488,3.232300005038269,2059.162400000787,6400.56176735798
1782451404,5,GET,/ [checkout abuse session],0.000000,0.000000,0,0,0,0,0,0,0,0,0,0,0,5,0,2038.6421000002883,2047.6698200014653,2038.6421000002883,2059.162400000787,10499.0
1782451404,5,POST,/cart [add item abuse],1.500000,0.000000,4,4,4,4,6,48,48,48,48,48,48,278,0,4,5.979487409937889,3.232300005038269,49.685799996950664,0.0
1782451404,5,GET,/cart [view abuse],1.500000,0.000000,6,6,6,6,8,9,9,9,9,9,9,278,0,6,5.8679194245879,4.8020999965956435,11.009700006979983,14659.0
1782451404,5,POST,/cart/checkout [abuse],1.500000,0.000000,9,10,10,10,11,11,11,11,11,11,11,278,0,10,11.285459352718966,8.380400002351962,57.446600003459025,5004.0
1782451404,5,GET,/product/[id] [checkout abuse],1.500000,0.000000,6,6,6,7,7,8,8,8,8,8,8,278,0,6,6.351072302101961,4.6101000043563545,8.559799993236084,5865.0
1782451404,5,,Aggregated,6.000000,0.000000,6,7,9,9,10,11,11,48,48,48,48,1117,0,6,16.503924798608516,3.232300005038269,2059.162400000787,6400.428827215756
1782451405,5,GET,/ [checkout abuse session],0.000000,0.000000,0,0,0,0,0,0,0,0,0,0,0,5,0,2038.6421000002883,2047.6698200014653,2038.6421000002883,2059.162400000787,10499.0
1782451405,5,POST,/cart [add item abuse],1.500000,0.000000,4,4,4,4,6,48,48,48,48,48,48,278,0,4,5.979487409937889,3.232300005038269,49.685799996950664,0.0
1782451405,5,GET,/cart [view abuse],1.500000,0.000000,6,6,6,6,8,9,9,9,9,9,9,278,0,6,5.8679194245879,4.8020999965956435,11.009700006979983,14659.0
1782451405,5,POST,/cart/checkout [abuse],1.500000,0.000000,10,10,10,10,11,11,11,11,11,11,11,278,0,10,11.285459352718966,8.380400002351962,57.446600003459025,5004.0
1782451405,5,GET,/product/[id] [checkout abuse],1.500000,0.000000,6,6,7,7,7,8,8,8,8,8,8,278,0,6,6.351072302101961,4.6101000043563545,8.559799993236084,5865.0
1782451405,5,,Aggregated,6.000000,0.000000,6,7,9,9,10,11,48,48,48,48,48,1117,0,6,16.503924798608516,3.232300005038269,2059.162400000787,6400.428827215756
1782451406,5,GET,/ [checkout abuse session],0.000000,0.000000,0,0,0,0,0,0,0,0,0,0,0,5,0,2038.6421000002883,2047.6698200014653,2038.6421000002883,2059.162400000787,10499.0
1782451406,5,POST,/cart [add item abuse],1.300000,0.000000,4,4,4,4,6,48,48,48,48,48,48,280,0,4,5.963208928447524,3.232300005038269,49.685799996950664,0.0
1782451406,5,GET,/cart [view abuse],1.300000,0.000000,6,6,6,6,8,8,8,8,8,8,8,280,0,6,5.872902857273792,4.8020999965956435,11.009700006979983,14659.0
1782451406,5,POST,/cart/checkout [abuse],1.300000,0.000000,9,10,10,10,11,51,51,51,51,51,51,280,0,10,11.420263571614798,8.380400002351962,57.446600003459025,5004.0
1782451406,5,GET,/product/[id] [checkout abuse],1.300000,0.000000,6,7,7,7,7,8,8,8,8,8,8,280,0,6,6.354229285690443,4.6101000043563545,8.559799993236084,5865.0
1782451406,5,,Aggregated,5.200000,0.000000,6,7,9,9,10,11,48,51,51,51,51,1125,0,6,16.470505244493122,3.232300005038269,2059.162400000787,6400.297777777778
1782451407,5,GET,/ [checkout abuse session],0.000000,0.000000,0,0,0,0,0,0,0,0,0,0,0,5,0,2038.6421000002883,2047.6698200014653,2038.6421000002883,2059.162400000787,10499.0
1782451407,5,POST,/cart [add item abuse],1.300000,0.000000,4,4,4,4,6,48,48,48,48,48,48,281,0,4,5.954791458933225,3.232300005038269,49.685799996950664,0.0
1782451407,5,GET,/cart [view abuse],1.300000,0.000000,6,6,6,6,8,8,8,8,8,8,8,281,0,6,5.872718505467101,4.8020999965956435,11.009700006979983,14659.0
1782451407,5,POST,/cart/checkout [abuse],1.300000,0.000000,10,10,10,10,11,51,51,51,51,51,51,281,0,10,11.413483274199509,8.380400002351962,57.446600003459025,5004.0
1782451407,5,GET,/product/[id] [checkout abuse],1.300000,0.000000,6,7,7,7,7,8,8,8,8,8,8,281,0,6,6.351271530227392,4.6101000043563545,8.559799993236084,5865.0
1782451407,5,,Aggregated,5.200000,0.000000,6,7,9,9,10,11,48,51,51,51,51,1129,0,6,16.433813551858083,3.232300005038269,2059.162400000787,6400.232949512843
1782451408,5,GET,/ [checkout abuse session],0.000000,0.000000,0,0,0,0,0,0,0,0,0,0,0,5,0,2038.6421000002883,2047.6698200014653,2038.6421000002883,2059.162400000787,10499.0
1782451408,5,POST,/cart [add item abuse],1.300000,0.000000,4,4,4,4,4,48,48,48,48,48,48,282,0,4,5.9484787232590115,3.232300005038269,49.685799996950664,0.0
1782451408,5,GET,/cart [view abuse],1.300000,0.000000,6,6,6,6,6,8,8,8,8,8,8,282,0,6,5.8734021277808015,4.8020999965956435,11.009700006979983,14659.0
1782451408,5,POST,/cart/checkout [abuse],1.300000,0.000000,10,10,10,10,10,51,51,51,51,51,51,282,0,10,11.407054610114258,8.380400002351962,57.446600003459025,5004.0
1782451408,5,GET,/product/[id] [checkout abuse],1.300000,0.000000,6,6,7,7,7,7,7,7,7,7,7,282,0,6,6.352706028350608,4.6101000043563545,8.559799993236084,5865.0
1782451408,5,,Aggregated,5.200000,0.000000,6,7,9,9,10,10,51,51,51,51,51,1133,0,6,16.399269196864648,3.232300005038269,2059.162400000787,6400.168578993822
1782451409,5,GET,/ [checkout abuse session],0.000000,0.000000,0,0,0,0,0,0,0,0,0,0,0,5,0,2038.6421000002883,2047.6698200014653,2038.6421000002883,2059.162400000787,10499.0
1782451409,5,POST,/cart [add item abuse],1.400000,0.000000,4,4,4,4,4,4,4,4,4,4,4,283,0,4,5.941303533429112,3.232300005038269,49.685799996950664,0.0
1782451409,5,GET,/cart [view abuse],1.400000,0.000000,6,6,6,6,6,8,8,8,8,8,8,283,0,6,5.873144876458493,4.8020999965956435,11.009700006979983,14659.0
1782451409,5,POST,/cart/checkout [abuse],1.400000,0.000000,10,10,10,10,10,51,51,51,51,51,51,283,0,10,11.400976325288603,8.380400002351962,57.446600003459025,5004.0
1782451409,5,GET,/product/[id] [checkout abuse],1.400000,0.000000,6,6,7,7,7,7,7,7,7,7,7,283,0,6,6.355301060048656,4.6101000043563545,8.559799993236084,5865.0
1782451409,5,,Aggregated,5.600000,0.000000,6,7,9,9,10,10,51,51,51,51,51,1137,0,6,16.364876429248866,3.232300005038269,2059.162400000787,6400.1046613896215
1782451410,5,GET,/ [checkout abuse session],0.000000,0.000000,0,0,0,0,0,0,0,0,0,0,0,5,0,2038.6421000002883,2047.6698200014653,2038.6421000002883,2059.162400000787,10499.0
1782451410,5,POST,/cart [add item abuse],1.300000,0.000000,4,4,4,4,4,5,5,5,5,5,5,285,0,4,5.928171227947531,3.232300005038269,49.685799996950664,0.0
1782451410,5,GET,/cart [view abuse],1.300000,0.000000,6,6,6,6,7,8,8,8,8,8,8,285,0,6,5.87553578960452,4.8020999965956435,11.009700006979983,14659.0
1782451410,5,POST,/cart/checkout [abuse],1.300000,0.000000,10,10,10,10,11,51,51,51,51,51,51,285,0,10,11.390843158082326,8.380400002351962,57.446600003459025,5004.0
1782451410,5,GET,/product/[id] [checkout abuse],1.300000,0.000000,7,7,7,7,7,7,7,7,7,7,7,285,0,6,6.361779298228947,4.6101000043563545,8.559799993236084,5865.0
1782451410,5,,Aggregated,5.200000,0.000000,6,7,9,9,10,10,51,51,51,51,51,1145,0,6,16.298605240225655,3.232300005038269,2059.162400000787,6399.978165938865
1782451411,5,GET,/ [checkout abuse session],0.000000,0.000000,0,0,0,0,0,0,0,0,0,0,0,5,0,2038.6421000002883,2047.6698200014653,2038.6421000002883,2059.162400000787,10499.0
1782451411,5,POST,/cart [add item abuse],1.300000,0.000000,4,4,4,4,4,5,5,5,5,5,5,287,0,4,5.9130818814076544,3.232300005038269,49.685799996950664,0.0
1782451411,5,GET,/cart [view abuse],1.300000,0.000000,6,6,6,6,7,8,8,8,8,8,8,287,0,6,5.872819512324588,4.8020999965956435,11.009700006979983,14659.0
1782451411,5,POST,/cart/checkout [abuse],1.300000,0.000000,10,10,10,10,11,51,51,51,51,51,51,287,0,10,11.374328223166408,8.380400002351962,57.446600003459025,5004.0
1782451411,5,GET,/product/[id] [checkout abuse],1.300000,0.000000,7,7,7,7,7,7,7,7,7,7,7,287,0,6,6.363060278736886,4.6101000043563545,8.559799993236084,5865.0
1782451411,5,,Aggregated,5.200000,0.000000,6,7,9,9,10,10,51,51,51,51,51,1153,0,6,16.228563139683196,3.232300005038269,2059.162400000787,6399.85342584562
1782451412,5,GET,/ [checkout abuse session],0.000000,0.000000,0,0,0,0,0,0,0,0,0,0,0,5,0,2038.6421000002883,2047.6698200014653,2038.6421000002883,2059.162400000787,10499.0
1782451412,5,POST,/cart [add item abuse],1.300000,0.000000,4,4,4,4,4,5,5,5,5,5,5,287,0,4,5.9130818814076544,3.232300005038269,49.685799996950664,0.0
1782451412,5,GET,/cart [view abuse],1.300000,0.000000,6,6,6,6,7,8,8,8,8,8,8,287,0,6,5.872819512324588,4.8020999965956435,11.009700006979983,14659.0
1782451412,5,POST,/cart/checkout [abuse],1.300000,0.000000,10,10,10,10,11,51,51,51,51,51,51,287,0,10,11.374328223166408,8.380400002351962,57.446600003459025,5004.0
1782451412,5,GET,/product/[id] [checkout abuse],1.300000,0.000000,7,7,7,7,7,7,7,7,7,7,7,287,0,6,6.363060278736886,4.6101000043563545,8.559799993236084,5865.0
1782451412,5,,Aggregated,5.200000,0.000000,6,7,9,9,10,10,51,51,51,51,51,1153,0,6,16.228563139683196,3.232300005038269,2059.162400000787,6399.85342584562
1782451413,5,GET,/ [checkout abuse session],0.000000,0.000000,0,0,0,0,0,0,0,0,0,0,0,5,0,2038.6421000002883,2047.6698200014653,2038.6421000002883,2059.162400000787,10499.0
1782451413,5,POST,/cart [add item abuse],1.100000,0.000000,4,4,4,4,5,5,5,5,5,5,5,289,0,4,5.902802768054823,3.232300005038269,49.685799996950664,0.0
1782451413,5,GET,/cart [view abuse],1.200000,0.000000,6,6,7,7,7,8,8,8,8,8,8,289,0,6,5.874869204282391,4.8020999965956435,11.009700006979983,14659.0
1782451413,5,POST,/cart/checkout [abuse],1.200000,0.000000,10,10,11,11,11,51,51,51,51,51,51,289,0,10,11.37205294131887,8.380400002351962,57.446600003459025,5004.0
1782451413,5,GET,/product/[id] [checkout abuse],1.100000,0.000000,7,7,7,7,7,7,7,7,7,7,7,289,0,6,6.36761314878631,4.6101000043563545,8.559799993236084,5865.0
1782451413,5,,Aggregated,4.600000,0.000000,7,7,9,9,10,11,51,51,51,51,51,1161,0,6,16.16611524552384,3.232300005038269,2059.162400000787,6399.730404823428
1782451414,5,GET,/ [checkout abuse session],0.000000,0.000000,0,0,0,0,0,0,0,0,0,0,0,5,0,2038.6421000002883,2047.6698200014653,2038.6421000002883,2059.162400000787,10499.0
1782451414,5,POST,/cart [add item abuse],1.200000,0.000000,4,4,4,4,5,5,5,5,5,5,5,291,0,4,5.886418900242126,3.232300005038269,49.685799996950664,0.0
1782451414,5,GET,/cart [view abuse],1.200000,0.000000,6,6,6,7,7,8,8,8,8,8,8,291,0,6,5.872058419359102,4.8020999965956435,11.009700006979983,14659.0
1782451414,5,POST,/cart/checkout [abuse],1.200000,0.000000,10,10,11,11,11,51,51,51,51,51,51,291,0,10,11.36164948467947,8.380400002351962,57.446600003459025,5004.0
1782451414,5,GET,/product/[id] [checkout abuse],1.200000,0.000000,7,7,7,7,7,7,7,7,7,7,7,291,0,6,6.363412027497883,4.6101000043563545,8.559799993236084,5865.0
1782451414,5,,Aggregated,4.800000,0.000000,6,7,9,9,10,11,11,51,51,51,51,1169,0,6,16.0975696322112,3.232300005038269,2059.162400000787,6399.609067579127
1782451415,5,GET,/ [checkout abuse session],0.000000,0.000000,0,0,0,0,0,0,0,0,0,0,0,5,0,2038.6421000002883,2047.6698200014653,2038.6421000002883,2059.162400000787,10499.0
1782451415,5,POST,/cart [add item abuse],1.200000,0.000000,4,4,4,4,5,5,5,5,5,5,5,291,0,4,5.886418900242126,3.232300005038269,49.685799996950664,0.0
1782451415,5,GET,/cart [view abuse],1.200000,0.000000,6,6,6,7,7,8,8,8,8,8,8,291,0,6,5.872058419359102,4.8020999965956435,11.009700006979983,14659.0
1782451415,5,POST,/cart/checkout [abuse],1.200000,0.000000,10,10,11,11,11,51,51,51,51,51,51,291,0,10,11.36164948467947,8.380400002351962,57.446600003459025,5004.0
1782451415,5,GET,/product/[id] [checkout abuse],1.200000,0.000000,7,7,7,7,7,7,7,7,7,7,7,291,0,6,6.363412027497883,4.6101000043563545,8.559799993236084,5865.0
1782451415,5,,Aggregated,4.800000,0.000000,6,7,9,9,10,11,11,51,51,51,51,1169,0,6,16.0975696322112,3.232300005038269,2059.162400000787,6399.609067579127
1782451416,5,GET,/ [checkout abuse session],0.000000,0.000000,0,0,0,0,0,0,0,0,0,0,0,5,0,2038.6421000002883,2047.6698200014653,2038.6421000002883,2059.162400000787,10499.0
1782451416,5,POST,/cart [add item abuse],1.300000,0.000000,4,4,4,5,5,6,6,6,6,6,6,293,0,4,5.879075426491909,3.232300005038269,49.685799996950664,0.0
1782451416,5,GET,/cart [view abuse],1.300000,0.000000,6,6,6,7,7,9,9,9,9,9,9,293,0,6,5.88082832775163,4.8020999965956435,11.009700006979983,14659.0
1782451416,5,POST,/cart/checkout [abuse],1.400000,0.000000,10,10,11,11,11,16,16,16,16,16,16,292,0,10,11.377658904265981,8.380400002351962,57.446600003459025,5004.0
1782451416,5,GET,/product/[id] [checkout abuse],1.300000,0.000000,7,7,7,7,7,7,7,7,7,7,7,293,0,6,6.36285392489243,4.6101000043563545,8.559799993236084,5865.0
1782451416,5,,Aggregated,5.300000,0.000000,6,7,9,9,10,11,11,16,16,16,16,1176,0,6,16.046423044251558,3.232300005038269,2059.162400000787,6400.676020408163
1782451417,5,GET,/ [checkout abuse session],0.000000,0.000000,0,0,0,0,0,0,0,0,0,0,0,5,0,2038.6421000002883,2047.6698200014653,2038.6421000002883,2059.162400000787,10499.0
1782451417,5,POST,/cart [add item abuse],1.300000,0.000000,4,4,5,5,5,6,6,6,6,6,6,293,0,4,5.879075426491909,3.232300005038269,49.685799996950664,0.0
1782451417,5,GET,/cart [view abuse],1.300000,0.000000,6,6,7,7,7,9,9,9,9,9,9,293,0,6,5.88082832775163,4.8020999965956435,11.009700006979983,14659.0
1782451417,5,POST,/cart/checkout [abuse],1.400000,0.000000,10,11,11,11,11,16,16,16,16,16,16,293,0,10,11.37130682610147,8.380400002351962,57.446600003459025,5004.0
1782451417,5,GET,/product/[id] [checkout abuse],1.300000,0.000000,7,7,7,7,7,7,7,7,7,7,7,293,0,6,6.36285392489243,4.6101000043563545,8.559799993236084,5865.0
1782451417,5,,Aggregated,5.300000,0.000000,6,7,9,10,10,11,16,16,16,16,16,1177,0,6,16.040875106237806,3.232300005038269,2059.162400000787,6399.489379779099
1782451418,5,GET,/ [checkout abuse session],0.000000,0.000000,0,0,0,0,0,0,0,0,0,0,0,5,0,2038.6421000002883,2047.6698200014653,2038.6421000002883,2059.162400000787,10499.0
1782451418,5,POST,/cart [add item abuse],1.100000,0.000000,4,4,5,5,6,6,6,6,6,6,6,296,0,4,5.864836486334506,3.232300005038269,49.685799996950664,0.0
1782451418,5,GET,/cart [view abuse],1.100000,0.000000,6,6,7,7,7,9,9,9,9,9,9,296,0,6,5.88353716225479,4.8020999965956435,11.009700006979983,14659.0
1782451418,5,POST,/cart/checkout [abuse],1.100000,0.000000,10,11,11,11,11,16,16,16,16,16,16,296,0,10,11.360235135283359,8.380400002351962,57.446600003459025,5004.0
1782451418,5,GET,/product/[id] [checkout abuse],1.100000,0.000000,7,7,7,7,7,7,7,7,7,7,7,296,0,6,6.361077702668145,4.6101000043563545,8.559799993236084,5865.0
1782451418,5,,Aggregated,4.400000,0.000000,6,7,9,10,10,11,11,16,16,16,16,1189,0,6,15.947330782189574,3.232300005038269,2059.162400000787,6399.312867956266
1782451419,5,GET,/ [checkout abuse session],0.000000,0.000000,0,0,0,0,0,0,0,0,0,0,0,5,0,2038.6421000002883,2047.6698200014653,2038.6421000002883,2059.162400000787,10499.0
1782451419,5,POST,/cart [add item abuse],1.100000,0.000000,4,4,5,5,6,6,6,6,6,6,6,296,0,4,5.864836486334506,3.232300005038269,49.685799996950664,0.0
1782451419,5,GET,/cart [view abuse],1.100000,0.000000,6,6,7,7,7,9,9,9,9,9,9,296,0,6,5.88353716225479,4.8020999965956435,11.009700006979983,14659.0
1782451419,5,POST,/cart/checkout [abuse],1.100000,0.000000,10,11,11,11,11,16,16,16,16,16,16,296,0,10,11.360235135283359,8.380400002351962,57.446600003459025,5004.0
1782451419,5,GET,/product/[id] [checkout abuse],1.100000,0.000000,7,7,7,7,7,7,7,7,7,7,7,296,0,6,6.361077702668145,4.6101000043563545,8.559799993236084,5865.0
1782451419,5,,Aggregated,4.400000,0.000000,6,7,9,10,10,11,11,16,16,16,16,1189,0,6,15.947330782189574,3.232300005038269,2059.162400000787,6399.312867956266
1782451420,5,GET,/ [checkout abuse session],0.000000,0.000000,0,0,0,0,0,0,0,0,0,0,0,5,0,2038.6421000002883,2047.6698200014653,2038.6421000002883,2059.162400000787,10499.0
1782451420,5,POST,/cart [add item abuse],1.300000,0.000000,4,4,4,5,6,6,6,6,6,6,6,298,0,4,5.851005704549216,3.232300005038269,49.685799996950664,0.0
1782451420,5,GET,/cart [view abuse],1.300000,0.000000,6,6,6,7,7,9,9,9,9,9,9,298,0,6,5.881376174579753,4.8020999965956435,11.009700006979983,14659.0
1782451420,5,POST,/cart/checkout [abuse],1.300000,0.000000,10,10,11,11,11,16,16,16,16,16,16,298,0,10,11.344649329004714,8.380400002351962,57.446600003459025,5004.0
1782451420,5,GET,/product/[id] [checkout abuse],1.300000,0.000000,6,7,7,7,7,7,7,7,7,7,7,298,0,6,6.362429530159203,4.6101000043563545,8.559799993236084,5865.0
1782451420,5,,Aggregated,5.200000,0.000000,6,7,9,9,10,11,11,16,16,16,16,1197,0,6,15.882463157910282,3.232300005038269,2059.162400000787,6399.1971595655805
1782451421,5,GET,/ [checkout abuse session],0.000000,0.000000,0,0,0,0,0,0,0,0,0,0,0,5,0,2038.6421000002883,2047.6698200014653,2038.6421000002883,2059.162400000787,10499.0
1782451421,5,POST,/cart [add item abuse],1.300000,0.000000,4,4,5,5,6,6,6,6,6,6,6,298,0,4,5.851005704549216,3.232300005038269,49.685799996950664,0.0
1782451421,5,GET,/cart [view abuse],1.300000,0.000000,6,6,7,7,7,9,9,9,9,9,9,298,0,6,5.881376174579753,4.8020999965956435,11.009700006979983,14659.0
1782451421,5,POST,/cart/checkout [abuse],1.300000,0.000000,10,11,11,11,11,16,16,16,16,16,16,298,0,10,11.344649329004714,8.380400002351962,57.446600003459025,5004.0
1782451421,5,GET,/product/[id] [checkout abuse],1.300000,0.000000,6,7,7,7,7,7,7,7,7,7,7,298,0,6,6.362429530159203,4.6101000043563545,8.559799993236084,5865.0
1782451421,5,,Aggregated,5.200000,0.000000,6,7,9,10,10,11,16,16,16,16,16,1197,0,6,15.882463157910282,3.232300005038269,2059.162400000787,6399.1971595655805
1782451422,5,GET,/ [checkout abuse session],0.000000,0.000000,0,0,0,0,0,0,0,0,0,0,0,5,0,2038.6421000002883,2047.6698200014653,2038.6421000002883,2059.162400000787,10499.0
1782451422,5,POST,/cart [add item abuse],1.300000,0.000000,4,4,5,5,6,6,6,6,6,6,6,301,0,4,5.832014950007769,3.232300005038269,49.685799996950664,0.0
1782451422,5,GET,/cart [view abuse],1.300000,0.000000,6,6,7,7,9,9,9,9,9,9,9,301,0,6,5.890116611362375,4.8020999965956435,11.009700006979983,14659.0
1782451422,5,POST,/cart/checkout [abuse],1.300000,0.000000,10,10,11,11,13,16,16,16,16,16,16,301,0,10,11.340716611455694,8.380400002351962,57.446600003459025,5004.0
1782451422,5,GET,/product/[id] [checkout abuse],1.300000,0.000000,6,7,7,7,7,8,8,8,8,8,8,301,0,6,6.368331893637662,4.6101000043563545,8.559799993236084,5865.0
1782451422,5,,Aggregated,5.200000,0.000000,6,7,9,10,10,11,13,16,16,16,16,1209,0,6,15.795810008281919,3.232300005038269,2059.162400000787,6399.0264681555
1782451423,5,GET,/ [checkout abuse session],0.000000,0.000000,0,0,0,0,0,0,0,0,0,0,0,5,0,2038.6421000002883,2047.6698200014653,2038.6421000002883,2059.162400000787,10499.0
1782451423,5,POST,/cart [add item abuse],1.300000,0.000000,4,4,5,5,6,6,6,6,6,6,6,301,0,4,5.832014950007769,3.232300005038269,49.685799996950664,0.0
1782451423,5,GET,/cart [view abuse],1.300000,0.000000,6,6,7,7,9,9,9,9,9,9,9,301,0,6,5.890116611362375,4.8020999965956435,11.009700006979983,14659.0
1782451423,5,POST,/cart/checkout [abuse],1.300000,0.000000,10,10,11,11,13,16,16,16,16,16,16,301,0,10,11.340716611455694,8.380400002351962,57.446600003459025,5004.0
1782451423,5,GET,/product/[id] [checkout abuse],1.300000,0.000000,6,7,7,7,7,8,8,8,8,8,8,301,0,6,6.368331893637662,4.6101000043563545,8.559799993236084,5865.0
1782451423,5,,Aggregated,5.200000,0.000000,6,7,9,10,10,11,16,16,16,16,16,1209,0,6,15.795810008281919,3.232300005038269,2059.162400000787,6399.0264681555
1782451424,5,GET,/ [checkout abuse session],0.000000,0.000000,0,0,0,0,0,0,0,0,0,0,0,5,0,2038.6421000002883,2047.6698200014653,2038.6421000002883,2059.162400000787,10499.0
1782451424,5,POST,/cart [add item abuse],1.400000,0.000000,4,4,5,5,6,6,6,6,6,6,6,302,0,4,5.82502019850962,3.232300005038269,49.685799996950664,0.0
1782451424,5,GET,/cart [view abuse],1.400000,0.000000,6,6,7,7,9,9,9,9,9,9,9,302,0,6,5.888856291453491,4.8020999965956435,11.009700006979983,14659.0
1782451424,5,POST,/cart/checkout [abuse],1.400000,0.000000,10,10,11,11,13,16,16,16,16,16,16,302,0,10,11.332651655775047,8.380400002351962,57.446600003459025,5004.0
1782451424,5,GET,/product/[id] [checkout abuse],1.400000,0.000000,6,7,7,7,7,8,8,8,8,8,8,302,0,6,6.367670529766204,4.6101000043563545,8.559799993236084,5865.0
1782451424,5,,Aggregated,5.600000,0.000000,6,7,9,9,10,11,16,16,16,16,16,1213,0,6,15.763756883767226,3.232300005038269,2059.162400000787,6398.9703215169
1782451425,5,GET,/ [checkout abuse session],0.000000,0.000000,0,0,0,0,0,0,0,0,0,0,0,5,0,2038.6421000002883,2047.6698200014653,2038.6421000002883,2059.162400000787,10499.0
1782451425,5,POST,/cart [add item abuse],1.300000,0.000000,4,4,5,5,6,6,6,6,6,6,6,303,0,4,5.817413201151998,3.232300005038269,49.685799996950664,0.0
1782451425,5,GET,/cart [view abuse],1.300000,0.000000,6,6,7,7,9,9,9,9,9,9,9,303,0,6,5.889365346603773,4.8020999965956435,11.009700006979983,14659.0
1782451425,5,POST,/cart/checkout [abuse],1.300000,0.000000,10,10,11,11,13,16,16,16,16,16,16,303,0,10,11.33152772293068,8.380400002351962,57.446600003459025,5004.0
1782451425,5,GET,/product/[id] [checkout abuse],1.300000,0.000000,7,7,7,7,8,8,8,8,8,8,8,303,0,6,6.372736633637891,4.6101000043563545,8.559799993236084,5865.0
1782451425,5,,Aggregated,5.200000,0.000000,6,7,9,9,10,11,16,16,16,16,16,1217,0,6,15.735328759258506,3.232300005038269,2059.162400000787,6398.914543960559
1782451426,5,GET,/ [checkout abuse session],0.000000,0.000000,0,0,0,0,0,0,0,0,0,0,0,5,0,2038.6421000002883,2047.6698200014653,2038.6421000002883,2059.162400000787,10499.0
1782451426,5,POST,/cart [add item abuse],1.100000,0.000000,4,4,4,4,5,6,6,6,6,6,6,306,0,4,5.796039215508001,3.232300005038269,49.685799996950664,0.0
1782451426,5,GET,/cart [view abuse],1.100000,0.000000,6,6,7,7,7,9,9,9,9,9,9,306,0,6,5.897099673270561,4.8020999965956435,11.009700006979983,14659.0
1782451426,5,POST,/cart/checkout [abuse],1.100000,0.000000,10,10,11,11,12,13,13,13,13,13,13,306,0,10,11.326408823662943,8.380400002351962,57.446600003459025,5004.0
1782451426,5,GET,/product/[id] [checkout abuse],1.100000,0.000000,6,7,7,7,8,8,8,8,8,8,8,306,0,6,6.370097058809026,4.6101000043563545,8.559799993236084,5865.0
1782451426,5,,Aggregated,4.400000,0.000000,6,7,9,9,10,11,12,13,13,13,13,1229,0,6,15.64815329537021,3.232300005038269,2059.162400000787,6398.7493897477625
1782451427,5,GET,/ [checkout abuse session],0.000000,0.000000,0,0,0,0,0,0,0,0,0,0,0,5,0,2038.6421000002883,2047.6698200014653,2038.6421000002883,2059.162400000787,10499.0
1782451427,5,POST,/cart [add item abuse],1.100000,0.000000,4,4,4,4,4,5,5,5,5,5,5,306,0,4,5.796039215508001,3.232300005038269,49.685799996950664,0.0
1782451427,5,GET,/cart [view abuse],1.100000,0.000000,6,6,7,7,7,9,9,9,9,9,9,306,0,6,5.897099673270561,4.8020999965956435,11.009700006979983,14659.0
1782451427,5,POST,/cart/checkout [abuse],1.100000,0.000000,10,10,11,11,12,13,13,13,13,13,13,306,0,10,11.326408823662943,8.380400002351962,57.446600003459025,5004.0
1782451427,5,GET,/product/[id] [checkout abuse],1.100000,0.000000,6,7,7,7,8,8,8,8,8,8,8,306,0,6,6.370097058809026,4.6101000043563545,8.559799993236084,5865.0
1782451427,5,,Aggregated,4.400000,0.000000,6,7,9,9,10,11,13,13,13,13,13,1229,0,6,15.64815329537021,3.232300005038269,2059.162400000787,6398.7493897477625
1782451428,5,GET,/ [checkout abuse session],0.000000,0.000000,0,0,0,0,0,0,0,0,0,0,0,5,0,2038.6421000002883,2047.6698200014653,2038.6421000002883,2059.162400000787,10499.0
1782451428,5,POST,/cart [add item abuse],1.200000,0.000000,4,4,4,4,4,5,5,5,5,5,5,308,0,4,5.784849350486373,3.232300005038269,49.685799996950664,0.0
1782451428,5,GET,/cart [view abuse],1.200000,0.000000,6,7,7,7,8,9,9,9,9,9,9,308,0,6,5.9075616884072515,4.8020999965956435,11.009700006979983,14659.0
1782451428,5,POST,/cart/checkout [abuse],1.200000,0.000000,10,10,11,11,12,13,13,13,13,13,13,308,0,10,11.32272629882965,8.380400002351962,57.446600003459025,5004.0
1782451428,5,GET,/product/[id] [checkout abuse],1.200000,0.000000,6,7,7,8,8,9,9,9,9,9,9,308,0,6,6.380234415583009,4.6101000043563545,8.640300002298318,5865.0
1782451428,5,,Aggregated,4.800000,0.000000,6,8,9,9,10,11,12,13,13,13,13,1237,0,6,15.59589620050579,3.232300005038269,2059.162400000787,6398.6410670978175
1782451429,5,GET,/ [checkout abuse session],0.000000,0.000000,0,0,0,0,0,0,0,0,0,0,0,5,0,2038.6421000002883,2047.6698200014653,2038.6421000002883,2059.162400000787,10499.0
1782451429,5,POST,/cart [add item abuse],1.300000,0.000000,4,4,4,4,4,5,5,5,5,5,5,310,0,4,5.773574193365,3.232300005038269,49.685799996950664,0.0
1782451429,5,GET,/cart [view abuse],1.300000,0.000000,6,7,7,7,8,9,9,9,9,9,9,310,0,6,5.90988612912629,4.8020999965956435,11.009700006979983,14659.0
1782451429,5,POST,/cart/checkout [abuse],1.300000,0.000000,10,11,11,11,12,13,13,13,13,13,13,310,0,10,11.314460322718068,8.380400002351962,57.446600003459025,5004.0
1782451429,5,GET,/product/[id] [checkout abuse],1.300000,0.000000,6,7,7,8,8,9,9,9,9,9,9,310,0,6,6.378146774213453,4.6101000043563545,8.640300002298318,5865.0
1782451429,5,,Aggregated,5.200000,0.000000,6,7,9,9,10,11,12,13,13,13,13,1245,0,6,15.538096385564979,3.232300005038269,2059.162400000787,6398.5341365461845
1782451430,5,GET,/ [checkout abuse session],0.000000,0.000000,0,0,0,0,0,0,0,0,0,0,0,5,0,2038.6421000002883,2047.6698200014653,2038.6421000002883,2059.162400000787,10499.0
1782451430,5,POST,/cart [add item abuse],1.300000,0.000000,4,4,4,4,4,5,5,5,5,5,5,310,0,4,5.773574193365,3.232300005038269,49.685799996950664,0.0
1782451430,5,GET,/cart [view abuse],1.300000,0.000000,6,7,7,7,8,9,9,9,9,9,9,310,0,6,5.90988612912629,4.8020999965956435,11.009700006979983,14659.0
1782451430,5,POST,/cart/checkout [abuse],1.300000,0.000000,10,11,11,11,12,13,13,13,13,13,13,310,0,10,11.314460322718068,8.380400002351962,57.446600003459025,5004.0
1782451430,5,GET,/product/[id] [checkout abuse],1.300000,0.000000,6,7,8,8,8,9,9,9,9,9,9,310,0,6,6.378146774213453,4.6101000043563545,8.640300002298318,5865.0
1782451430,5,,Aggregated,5.200000,0.000000,6,8,9,10,11,11,13,13,13,13,13,1245,0,6,15.538096385564979,3.232300005038269,2059.162400000787,6398.5341365461845
1782451431,5,GET,/ [checkout abuse session],0.000000,0.000000,0,0,0,0,0,0,0,0,0,0,0,5,0,2038.6421000002883,2047.6698200014653,2038.6421000002883,2059.162400000787,10499.0
1782451431,5,POST,/cart [add item abuse],1.100000,0.000000,4,4,4,4,5,47,47,47,47,47,47,311,0,4,5.907236012682383,3.232300005038269,49.685799996950664,0.0
1782451431,5,GET,/cart [view abuse],1.100000,0.000000,6,7,7,7,8,9,9,9,9,9,9,311,0,6,5.910063022588547,4.8020999965956435,11.009700006979983,14659.0
1782451431,5,POST,/cart/checkout [abuse],1.100000,0.000000,10,11,11,11,12,13,13,13,13,13,13,311,0,10,11.305540836146857,8.380400002351962,57.446600003459025,5004.0
1782451431,5,GET,/product/[id] [checkout abuse],1.100000,0.000000,6,7,7,8,8,9,9,9,9,9,9,311,0,6,6.3793041800750325,4.6101000043563545,8.640300002298318,5865.0
1782451431,5,,Aggregated,4.400000,0.000000,6,8,9,10,11,12,13,47,47,47,47,1249,0,6,15.543247317871572,3.232300005038269,2059.162400000787,6398.481184947958
1782451432,5,GET,/ [checkout abuse session],0.000000,0.000000,0,0,0,0,0,0,0,0,0,0,0,5,0,2038.6421000002883,2047.6698200014653,2038.6421000002883,2059.162400000787,10499.0
1782451432,5,POST,/cart [add item abuse],1.400000,0.000000,4,4,4,4,4,47,47,47,47,47,47,313,0,4,5.893754632413624,3.232300005038269,49.685799996950664,0.0
1782451432,5,GET,/cart [view abuse],1.400000,0.000000,6,6,7,7,7,8,8,8,8,8,8,313,0,6,5.907884664629354,4.8020999965956435,11.009700006979983,14659.0
1782451432,5,POST,/cart/checkout [abuse],1.400000,0.000000,10,11,11,11,12,12,12,12,12,12,12,313,0,10,11.300367731776738,8.380400002351962,57.446600003459025,5004.0
1782451432,5,GET,/product/[id] [checkout abuse],1.400000,0.000000,6,6,7,7,8,9,9,9,9,9,9,313,0,6,6.378484025560193,4.6101000043563545,8.640300002298318,5865.0
1782451432,5,,Aggregated,5.600000,0.000000,6,7,9,10,11,12,47,47,47,47,47,1257,0,6,15.485873349266697,3.232300005038269,2059.162400000787,6398.376292760541
1782451433,5,GET,/ [checkout abuse session],0.000000,0.000000,0,0,0,0,0,0,0,0,0,0,0,5,0,2038.6421000002883,2047.6698200014653,2038.6421000002883,2059.162400000787,10499.0
1782451433,5,POST,/cart [add item abuse],1.400000,0.000000,4,4,4,4,4,47,47,47,47,47,47,313,0,4,5.893754632413624,3.232300005038269,49.685799996950664,0.0
1782451433,5,GET,/cart [view abuse],1.400000,0.000000,6,6,7,7,7,8,8,8,8,8,8,313,0,6,5.907884664629354,4.8020999965956435,11.009700006979983,14659.0
1782451433,5,POST,/cart/checkout [abuse],1.400000,0.000000,10,11,11,11,12,12,12,12,12,12,12,313,0,10,11.300367731776738,8.380400002351962,57.446600003459025,5004.0
1782451433,5,GET,/product/[id] [checkout abuse],1.400000,0.000000,6,6,7,7,8,9,9,9,9,9,9,313,0,6,6.378484025560193,4.6101000043563545,8.640300002298318,5865.0
1782451433,5,,Aggregated,5.600000,0.000000,6,7,9,10,11,12,47,47,47,47,47,1257,0,6,15.485873349266697,3.232300005038269,2059.162400000787,6398.376292760541
1782451434,5,GET,/ [checkout abuse session],0.000000,0.000000,0,0,0,0,0,0,0,0,0,0,0,5,0,2038.6421000002883,2047.6698200014653,2038.6421000002883,2059.162400000787,10499.0
1782451434,5,POST,/cart [add item abuse],1.100000,0.000000,4,4,4,4,4,47,47,47,47,47,47,315,0,4,5.882318729986547,3.232300005038269,49.685799996950664,0.0
1782451434,5,GET,/cart [view abuse],1.100000,0.000000,6,6,7,7,7,8,8,8,8,8,8,315,0,6,5.908527619127805,4.8020999965956435,11.009700006979983,14659.0
1782451434,5,POST,/cart/checkout [abuse],1.100000,0.000000,10,11,11,11,12,12,12,12,12,12,12,315,0,10,11.291874285846475,8.380400002351962,57.446600003459025,5004.0
1782451434,5,GET,/product/[id] [checkout abuse],1.100000,0.000000,6,6,7,7,8,9,9,9,9,9,9,315,0,6,6.376996190455328,4.6101000043563545,8.640300002298318,5865.0
1782451434,5,,Aggregated,4.400000,0.000000,6,7,9,10,11,12,12,47,47,47,47,1265,0,6,15.429375415030368,3.232300005038269,2059.162400000787,6398.272727272727
1782451435,5,GET,/ [checkout abuse session],0.000000,0.000000,0,0,0,0,0,0,0,0,0,0,0,5,0,2038.6421000002883,2047.6698200014653,2038.6421000002883,2059.162400000787,10499.0
1782451435,5,POST,/cart [add item abuse],1.100000,0.000000,4,4,4,4,4,47,47,47,47,47,47,316,0,4,5.875281961852113,3.232300005038269,49.685799996950664,0.0
1782451435,5,GET,/cart [view abuse],1.100000,0.000000,6,6,7,7,7,8,8,8,8,8,8,316,0,6,5.907768670976445,4.8020999965956435,11.009700006979983,14659.0
1782451435,5,POST,/cart/checkout [abuse],1.100000,0.000000,10,11,11,11,12,12,12,12,12,12,12,316,0,10,11.28662943052934,8.380400002351962,57.446600003459025,5004.0
1782451435,5,GET,/product/[id] [checkout abuse],1.100000,0.000000,6,6,7,7,7,9,9,9,9,9,9,316,0,6,6.377850316438744,4.6101000043563545,8.640300002298318,5865.0
1782451435,5,,Aggregated,4.400000,0.000000,6,7,9,10,11,12,12,47,47,47,47,1269,0,6,15.400920961405095,3.232300005038269,2059.162400000787,6398.221434200158
1782451436,5,GET,/ [checkout abuse session],0.000000,0.000000,0,0,0,0,0,0,0,0,0,0,0,5,0,2038.6421000002883,2047.6698200014653,2038.6421000002883,2059.162400000787,10499.0
1782451436,5,POST,/cart [add item abuse],1.300000,0.000000,4,4,4,4,4,47,47,47,47,47,47,318,0,4,5.862394024967765,3.232300005038269,49.685799996950664,0.0
1782451436,5,GET,/cart [view abuse],1.300000,0.000000,6,7,7,7,7,8,8,8,8,8,8,317,0,6,5.911028075798735,4.8020999965956435,11.009700006979983,14659.0
1782451436,5,POST,/cart/checkout [abuse],1.300000,0.000000,10,11,11,12,12,61,61,61,61,61,61,317,0,10,11.44371167206674,8.380400002351962,61.08169999788515,5004.0
1782451436,5,GET,/product/[id] [checkout abuse],1.300000,0.000000,6,6,7,7,7,9,9,9,9,9,9,318,0,6,6.377926415066585,4.6101000043563545,8.640300002298318,5865.0
1782451436,5,,Aggregated,5.200000,0.000000,6,7,9,10,11,12,47,61,61,61,61,1275,0,6,15.397822352950278,3.232300005038269,2059.162400000787,6392.734117647059
1782451437,5,GET,/ [checkout abuse session],0.000000,0.000000,0,0,0,0,0,0,0,0,0,0,0,5,0,2038.6421000002883,2047.6698200014653,2038.6421000002883,2059.162400000787,10499.0
1782451437,5,POST,/cart [add item abuse],1.400000,0.000000,4,4,4,4,4,47,47,47,47,47,47,320,0,4,5.847460624818268,3.232300005038269,49.685799996950664,0.0
1782451437,5,GET,/cart [view abuse],1.400000,0.000000,6,6,6,7,7,8,8,8,8,8,8,320,0,6,5.9059568751081315,4.8020999965956435,11.009700006979983,14659.0
1782451437,5,POST,/cart/checkout [abuse],1.400000,0.000000,10,11,11,11,12,61,61,61,61,61,61,320,0,10,11.420621875140569,8.380400002351962,61.08169999788515,5004.0
1782451437,5,GET,/product/[id] [checkout abuse],1.400000,0.000000,6,7,7,7,7,9,9,9,9,9,9,320,0,6,6.376050312474035,4.6101000043563545,8.640300002298318,5865.0
1782451437,5,,Aggregated,5.600000,0.000000,6,7,9,9,11,12,47,61,61,61,61,1285,0,6,15.32636404670852,3.232300005038269,2059.162400000787,6398.019455252918
1782451438,5,GET,/ [checkout abuse session],0.000000,0.000000,0,0,0,0,0,0,0,0,0,0,0,5,0,2038.6421000002883,2047.6698200014653,2038.6421000002883,2059.162400000787,10499.0
1782451438,5,POST,/cart [add item abuse],1.400000,0.000000,4,4,4,4,4,47,47,47,47,47,47,320,0,4,5.847460624818268,3.232300005038269,49.685799996950664,0.0
1782451438,5,GET,/cart [view abuse],1.400000,0.000000,6,6,6,6,6,7,7,7,7,7,7,320,0,6,5.9059568751081315,4.8020999965956435,11.009700006979983,14659.0
1782451438,5,POST,/cart/checkout [abuse],1.400000,0.000000,10,10,11,11,12,61,61,61,61,61,61,320,0,10,11.420621875140569,8.380400002351962,61.08169999788515,5004.0
1782451438,5,GET,/product/[id] [checkout abuse],1.400000,0.000000,6,6,7,7,7,7,7,7,7,7,7,320,0,6,6.376050312474035,4.6101000043563545,8.640300002298318,5865.0
1782451438,5,,Aggregated,5.600000,0.000000,6,7,9,9,11,12,61,61,61,61,61,1285,0,6,15.32636404670852,3.232300005038269,2059.162400000787,6398.019455252918
1782451439,5,GET,/ [checkout abuse session],0.000000,0.000000,0,0,0,0,0,0,0,0,0,0,0,5,0,2038.6421000002883,2047.6698200014653,2038.6421000002883,2059.162400000787,10499.0
1782451439,5,POST,/cart [add item abuse],1.200000,0.000000,4,4,4,4,4,47,47,47,47,47,47,321,0,4,5.841670093283266,3.232300005038269,49.685799996950664,0.0
1782451439,5,GET,/cart [view abuse],1.200000,0.000000,6,6,6,6,6,7,7,7,7,7,7,321,0,6,5.906780685454635,4.8020999965956435,11.009700006979983,14659.0
1782451439,5,POST,/cart/checkout [abuse],1.200000,0.000000,10,10,11,11,12,61,61,61,61,61,61,321,0,10,11.41724081009041,8.380400002351962,61.08169999788515,5004.0
1782451439,5,GET,/product/[id] [checkout abuse],1.200000,0.000000,6,7,7,7,7,8,8,8,8,8,8,321,0,6,6.381318691552717,4.6101000043563545,8.640300002298318,5865.0
1782451439,5,,Aggregated,4.800000,0.000000,6,7,9,9,10,12,61,61,61,61,61,1289,0,6,15.300961520566048,3.232300005038269,2059.162400000787,6397.969743987587
1782451440,5,GET,/ [checkout abuse session],0.000000,0.000000,0,0,0,0,0,0,0,0,0,0,0,5,0,2038.6421000002883,2047.6698200014653,2038.6421000002883,2059.162400000787,10499.0
1782451440,5,POST,/cart [add item abuse],1.400000,0.000000,4,4,4,4,4,5,5,5,5,5,5,323,0,4,5.834773684031512,3.232300005038269,49.685799996950664,0.0
1782451440,5,GET,/cart [view abuse],1.400000,0.000000,6,6,6,6,7,7,7,7,7,7,7,323,0,6,5.912061919610127,4.8020999965956435,11.009700006979983,14659.0
1782451440,5,POST,/cart/checkout [abuse],1.400000,0.000000,10,10,11,11,12,61,61,61,61,61,61,323,0,10,11.407999380904533,8.380400002351962,61.08169999788515,5004.0
1782451440,5,GET,/product/[id] [checkout abuse],1.400000,0.000000,6,6,7,7,7,8,8,8,8,8,8,323,0,6,6.379420742995881,4.6101000043563545,8.640300002298318,5865.0
1782451440,5,,Aggregated,5.600000,0.000000,6,7,8,9,10,11,61,61,61,61,61,1297,0,6,15.24896969930872,3.232300005038269,2059.162400000787,6397.871241326137
1782451441,5,GET,/ [checkout abuse session],0.000000,0.000000,0,0,0,0,0,0,0,0,0,0,0,5,0,2038.6421000002883,2047.6698200014653,2038.6421000002883,2059.162400000787,10499.0
1782451441,5,POST,/cart [add item abuse],1.400000,0.000000,4,4,4,4,4,5,5,5,5,5,5,323,0,4,5.834773684031512,3.232300005038269,49.685799996950664,0.0
1782451441,5,GET,/cart [view abuse],1.400000,0.000000,6,6,6,6,7,7,7,7,7,7,7,323,0,6,5.912061919610127,4.8020999965956435,11.009700006979983,14659.0
1782451441,5,POST,/cart/checkout [abuse],1.400000,0.000000,10,10,11,11,12,61,61,61,61,61,61,323,0,10,11.407999380904533,8.380400002351962,61.08169999788515,5004.0
1782451441,5,GET,/product/[id] [checkout abuse],1.400000,0.000000,6,6,7,7,7,8,8,8,8,8,8,323,0,6,6.379420742995881,4.6101000043563545,8.640300002298318,5865.0
1782451441,5,,Aggregated,5.600000,0.000000,6,7,8,9,10,11,61,61,61,61,61,1297,0,6,15.24896969930872,3.232300005038269,2059.162400000787,6397.871241326137
1782451442,5,GET,/ [checkout abuse session],0.000000,0.000000,0,0,0,0,0,0,0,0,0,0,0,5,0,2038.6421000002883,2047.6698200014653,2038.6421000002883,2059.162400000787,10499.0
1782451442,5,POST,/cart [add item abuse],1.200000,0.000000,4,4,4,4,5,5,5,5,5,5,5,325,0,4,5.8268203075231915,3.232300005038269,49.685799996950664,0.0
1782451442,5,GET,/cart [view abuse],1.200000,0.000000,6,6,7,7,7,10,10,10,10,10,10,325,0,6,5.92121723085606,4.8020999965956435,11.009700006979983,14659.0
1782451442,5,POST,/cart/checkout [abuse],1.200000,0.000000,10,10,11,11,13,61,61,61,61,61,61,325,0,10,11.408183692412702,8.380400002351962,61.08169999788515,5004.0
1782451442,5,GET,/product/[id] [checkout abuse],1.200000,0.000000,6,6,7,7,7,8,8,8,8,8,8,325,0,6,6.380483076903217,4.6101000043563545,8.640300002298318,5865.0
1782451442,5,,Aggregated,4.800000,0.000000,6,7,9,9,10,11,61,61,61,61,61,1305,0,6,15.201362452113607,3.232300005038269,2059.162400000787,6397.773946360153
1782451443,5,GET,/ [checkout abuse session],0.000000,0.000000,0,0,0,0,0,0,0,0,0,0,0,5,0,2038.6421000002883,2047.6698200014653,2038.6421000002883,2059.162400000787,10499.0
1782451443,5,POST,/cart [add item abuse],1.100000,0.000000,4,4,4,4,5,5,5,5,5,5,5,326,0,4,5.819342024384197,3.232300005038269,49.685799996950664,0.0
1782451443,5,GET,/cart [view abuse],1.100000,0.000000,6,6,7,7,7,10,10,10,10,10,10,326,0,6,5.917969631982654,4.8020999965956435,11.009700006979983,14659.0
1782451443,5,POST,/cart/checkout [abuse],1.100000,0.000000,10,10,11,11,13,61,61,61,61,61,61,326,0,10,11.400366564522507,8.380400002351962,61.08169999788515,5004.0
1782451443,5,GET,/product/[id] [checkout abuse],1.100000,0.000000,6,7,7,7,7,8,8,8,8,8,8,326,0,6,6.382438957049659,4.6101000043563545,8.640300002298318,5865.0
1782451443,5,,Aggregated,4.400000,0.000000,6,7,9,9,10,11,61,61,61,61,61,1309,0,6,15.173344003067568,3.232300005038269,2059.162400000787,6397.725744843392
1782451444,5,GET,/ [checkout abuse session],0.000000,0.000000,0,0,0,0,0,0,0,0,0,0,0,5,0,2038.6421000002883,2047.6698200014653,2038.6421000002883,2059.162400000787,10499.0
1782451444,5,POST,/cart [add item abuse],1.300000,0.000000,4,4,4,4,5,5,5,5,5,5,5,328,0,4,5.805064633976854,3.232300005038269,49.685799996950664,0.0
1782451444,5,GET,/cart [view abuse],1.300000,0.000000,6,6,6,7,7,10,10,10,10,10,10,328,0,6,5.913996036658163,4.724899998109322,11.009700006979983,14659.0
1782451444,5,POST,/cart/checkout [abuse],1.300000,0.000000,10,10,10,11,13,61,61,61,61,61,61,328,0,10,11.388939939113298,8.380400002351962,61.08169999788515,5004.0
1782451444,5,GET,/product/[id] [checkout abuse],1.300000,0.000000,6,7,7,7,7,8,8,8,8,8,8,328,0,6,6.3813381097488895,4.6101000043563545,8.640300002298318,5865.0
1782451444,5,,Aggregated,5.200000,0.000000,6,7,9,9,10,11,13,61,61,61,61,1317,0,6,15.11833880030555,3.232300005038269,2059.162400000787,6397.630220197419
1782451445,5,GET,/ [checkout abuse session],0.000000,0.000000,0,0,0,0,0,0,0,0,0,0,0,5,0,2038.6421000002883,2047.6698200014653,2038.6421000002883,2059.162400000787,10499.0
1782451445,5,POST,/cart [add item abuse],1.300000,0.000000,4,4,4,4,5,5,5,5,5,5,5,330,0,4,5.794445151343208,3.232300005038269,49.685799996950664,0.0
1782451445,5,GET,/cart [view abuse],1.300000,0.000000,6,6,6,7,7,10,10,10,10,10,10,330,0,6,5.912385454620093,4.724899998109322,11.009700006979983,14659.0
1782451445,5,POST,/cart/checkout [abuse],1.300000,0.000000,10,10,10,10,13,61,61,61,61,61,61,330,0,10,11.375857575837996,8.380400002351962,61.08169999788515,5004.0
1782451445,5,GET,/product/[id] [checkout abuse],1.300000,0.000000,6,7,7,7,8,9,9,9,9,9,9,330,0,6,6.386063636344978,4.6101000043563545,8.640300002298318,5865.0
1782451445,5,,Aggregated,5.200000,0.000000,6,7,9,9,10,10,13,61,61,61,61,1325,0,6,15.066443169807998,3.232300005038269,2059.162400000787,6397.535849056604
1782451446,5,GET,/ [checkout abuse session],0.000000,0.000000,0,0,0,0,0,0,0,0,0,0,0,5,0,2038.6421000002883,2047.6698200014653,2038.6421000002883,2059.162400000787,10499.0
1782451446,5,POST,/cart [add item abuse],1.300000,0.000000,4,4,4,4,5,5,5,5,5,5,5,330,0,4,5.794445151343208,3.232300005038269,49.685799996950664,0.0
1782451446,5,GET,/cart [view abuse],1.300000,0.000000,6,6,6,6,7,10,10,10,10,10,10,330,0,6,5.912385454620093,4.724899998109322,11.009700006979983,14659.0
1782451446,5,POST,/cart/checkout [abuse],1.300000,0.000000,10,10,10,10,10,13,13,13,13,13,13,330,0,10,11.375857575837996,8.380400002351962,61.08169999788515,5004.0
1782451446,5,GET,/product/[id] [checkout abuse],1.300000,0.000000,6,6,7,7,8,9,9,9,9,9,9,330,0,6,6.386063636344978,4.6101000043563545,8.640300002298318,5865.0
1782451446,5,,Aggregated,5.200000,0.000000,6,7,9,9,10,10,13,13,13,13,13,1325,0,6,15.066443169807998,3.232300005038269,2059.162400000787,6397.535849056604
1782451447,5,GET,/ [checkout abuse session],0.000000,0.000000,0,0,0,0,0,0,0,0,0,0,0,5,0,2038.6421000002883,2047.6698200014653,2038.6421000002883,2059.162400000787,10499.0
1782451447,5,POST,/cart [add item abuse],1.300000,0.000000,4,4,4,4,5,5,5,5,5,5,5,331,0,4,5.788551963566981,3.232300005038269,49.685799996950664,0.0
1782451447,5,GET,/cart [view abuse],1.300000,0.000000,6,6,6,7,8,10,10,10,10,10,10,331,0,6,5.918005740263336,4.724899998109322,11.009700006979983,14659.0
1782451447,5,POST,/cart/checkout [abuse],1.300000,0.000000,9,10,10,10,10,13,13,13,13,13,13,331,0,10,11.369423262904725,8.380400002351962,61.08169999788515,5004.0
1782451447,5,GET,/product/[id] [checkout abuse],1.300000,0.000000,6,7,7,7,8,9,9,9,9,9,9,331,0,6,6.38688761326611,4.6101000043563545,8.640300002298318,5865.0
1782451447,5,,Aggregated,5.200000,0.000000,6,7,9,9,10,10,10,13,13,13,13,1329,0,6,15.041804815641616,3.232300005038269,2059.162400000787,6397.489089541008
1782451448,5,GET,/ [checkout abuse session],0.000000,0.000000,0,0,0,0,0,0,0,0,0,0,0,5,0,2038.6421000002883,2047.6698200014653,2038.6421000002883,2059.162400000787,10499.0
1782451448,5,POST,/cart [add item abuse],1.400000,0.000000,4,4,4,5,5,5,5,5,5,5,5,334,0,4,5.7731287423505595,3.232300005038269,49.685799996950664,0.0
1782451448,5,GET,/cart [view abuse],1.400000,0.000000,6,6,7,7,8,10,10,10,10,10,10,334,0,6,5.919212574929746,4.724899998109322,11.009700006979983,14659.0
1782451448,5,POST,/cart/checkout [abuse],1.400000,0.000000,9,10,10,10,10,13,13,13,13,13,13,334,0,10,11.349286527024697,8.380400002351962,61.08169999788515,5004.0
1782451448,5,GET,/product/[id] [checkout abuse],1.400000,0.000000,6,7,7,7,8,9,9,9,9,9,9,334,0,6,6.380663772443349,4.6101000043563545,8.640300002298318,5865.0
1782451448,5,,Aggregated,5.600000,0.000000,6,7,9,9,10,10,10,13,13,13,13,1341,0,6,14.963008575690735,3.232300005038269,2059.162400000787,6397.350484712901
1782451449,5,GET,/ [checkout abuse session],0.000000,0.000000,0,0,0,0,0,0,0,0,0,0,0,5,0,2038.6421000002883,2047.6698200014653,2038.6421000002883,2059.162400000787,10499.0
1782451449,5,POST,/cart [add item abuse],1.200000,0.000000,4,4,4,5,5,5,5,5,5,5,5,335,0,4,5.766927164027106,3.232300005038269,49.685799996950664,0.0
1782451449,5,GET,/cart [view abuse],1.200000,0.000000,6,6,7,7,8,10,10,10,10,10,10,335,0,6,5.917606567255909,4.724899998109322,11.009700006979983,14659.0
1782451449,5,POST,/cart/checkout [abuse],1.200000,0.000000,9,10,10,10,10,13,13,13,13,13,13,335,0,10,11.343661194112075,8.380400002351962,61.08169999788515,5004.0
1782451449,5,GET,/product/[id] [checkout abuse],1.200000,0.000000,6,6,7,7,7,9,9,9,9,9,9,335,0,6,6.377766268638852,4.6101000043563545,8.640300002298318,5865.0
1782451449,5,,Aggregated,4.800000,0.000000,6,7,9,9,10,10,10,13,13,13,13,1345,0,6,14.936316802980445,3.232300005038269,2059.162400000787,6397.304832713755
1782451450,5,GET,/ [checkout abuse session],0.000000,0.000000,0,0,0,0,0,0,0,0,0,0,0,5,0,2038.6421000002883,2047.6698200014653,2038.6421000002883,2059.162400000787,10499.0
1782451450,5,POST,/cart [add item abuse],1.200000,0.000000,4,4,4,4,5,5,5,5,5,5,5,335,0,4,5.766927164027106,3.232300005038269,49.685799996950664,0.0
1782451450,5,GET,/cart [view abuse],1.200000,0.000000,6,6,7,7,8,10,10,10,10,10,10,335,0,6,5.917606567255909,4.724899998109322,11.009700006979983,14659.0
1782451450,5,POST,/cart/checkout [abuse],1.200000,0.000000,9,9,10,10,10,13,13,13,13,13,13,335,0,10,11.343661194112075,8.380400002351962,61.08169999788515,5004.0
1782451450,5,GET,/product/[id] [checkout abuse],1.200000,0.000000,6,6,7,7,7,9,9,9,9,9,9,335,0,6,6.377766268638852,4.6101000043563545,8.640300002298318,5865.0
1782451450,5,,Aggregated,4.800000,0.000000,6,7,9,9,9,10,13,13,13,13,13,1345,0,6,14.936316802980445,3.232300005038269,2059.162400000787,6397.304832713755
1782451451,5,GET,/ [checkout abuse session],0.000000,0.000000,0,0,0,0,0,0,0,0,0,0,0,5,0,2038.6421000002883,2047.6698200014653,2038.6421000002883,2059.162400000787,10499.0
1782451451,5,POST,/cart [add item abuse],1.200000,0.000000,4,4,4,4,5,5,5,5,5,5,5,335,0,4,5.766927164027106,3.232300005038269,49.685799996950664,0.0
1782451451,5,GET,/cart [view abuse],1.200000,0.000000,6,6,6,7,8,8,8,8,8,8,8,335,0,6,5.917606567255909,4.724899998109322,11.009700006979983,14659.0
1782451451,5,POST,/cart/checkout [abuse],1.200000,0.000000,9,9,9,10,10,10,10,10,10,10,10,335,0,10,11.343661194112075,8.380400002351962,61.08169999788515,5004.0
1782451451,5,GET,/product/[id] [checkout abuse],1.200000,0.000000,6,6,7,7,9,9,9,9,9,9,9,335,0,6,6.377766268638852,4.6101000043563545,8.640300002298318,5865.0
1782451451,5,,Aggregated,4.800000,0.000000,6,7,9,9,9,10,10,10,10,10,10,1345,0,6,14.936316802980445,3.232300005038269,2059.162400000787,6397.304832713755
1782451452,5,GET,/ [checkout abuse session],0.000000,0.000000,0,0,0,0,0,0,0,0,0,0,0,5,0,2038.6421000002883,2047.6698200014653,2038.6421000002883,2059.162400000787,10499.0
1782451452,5,POST,/cart [add item abuse],1.400000,0.000000,4,4,4,4,5,5,5,5,5,5,5,338,0,4,5.751309467312713,3.232300005038269,49.685799996950664,0.0
1782451452,5,GET,/cart [view abuse],1.400000,0.000000,6,6,6,6,7,8,8,8,8,8,8,338,0,6,5.913565384692301,4.724899998109322,11.009700006979983,14659.0
1782451452,5,POST,/cart/checkout [abuse],1.400000,0.000000,9,9,10,10,10,10,10,10,10,10,10,338,0,10,11.329716272264156,8.380400002351962,61.08169999788515,5004.0
1782451452,5,GET,/product/[id] [checkout abuse],1.400000,0.000000,6,6,6,7,7,9,9,9,9,9,9,338,0,6,6.37286863905948,4.6101000043563545,8.640300002298318,5865.0
1782451452,5,,Aggregated,5.600000,0.000000,6,7,9,9,9,10,10,10,10,10,10,1357,0,6,14.859654016221379,3.232300005038269,2059.162400000787,6397.169491525424
1782451453,5,GET,/ [checkout abuse session],0.000000,0.000000,0,0,0,0,0,0,0,0,0,0,0,5,0,2038.6421000002883,2047.6698200014653,2038.6421000002883,2059.162400000787,10499.0
1782451453,5,POST,/cart [add item abuse],1.200000,0.000000,4,4,4,5,5,6,6,6,6,6,6,340,0,4,5.747272646904628,3.232300005038269,49.685799996950664,0.0
1782451453,5,GET,/cart [view abuse],1.200000,0.000000,6,6,6,7,8,17,17,17,17,17,17,340,0,6,5.943679411832229,4.724899998109322,16.789999994216487,14659.0
1782451453,5,POST,/cart/checkout [abuse],1.200000,0.000000,9,9,10,10,10,10,10,10,10,10,10,340,0,10,11.313881470671143,8.368700000573881,61.08169999788515,5004.0
1782451453,5,GET,/product/[id] [checkout abuse],1.200000,0.000000,6,6,7,7,9,10,10,10,10,10,10,340,0,6,6.386624117658357,4.6101000043563545,10.271799998008646,5865.0
1782451453,5,,Aggregated,4.800000,0.000000,6,7,9,9,10,10,10,17,17,17,17,1365,0,6,14.821571208798453,3.232300005038269,2059.162400000787,6397.080586080586
1782451454,5,GET,/ [checkout abuse session],0.000000,0.000000,0,0,0,0,0,0,0,0,0,0,0,5,0,2038.6421000002883,2047.6698200014653,2038.6421000002883,2059.162400000787,10499.0
1782451454,5,POST,/cart [add item abuse],1.200000,0.000000,4,4,5,5,5,6,6,6,6,6,6,340,0,4,5.747272646904628,3.232300005038269,49.685799996950664,0.0
1782451454,5,GET,/cart [view abuse],1.200000,0.000000,6,6,7,7,8,17,17,17,17,17,17,340,0,6,5.943679411832229,4.724899998109322,16.789999994216487,14659.0
1782451454,5,POST,/cart/checkout [abuse],1.200000,0.000000,9,9,10,10,10,10,10,10,10,10,10,340,0,10,11.313881470671143,8.368700000573881,61.08169999788515,5004.0
1782451454,5,GET,/product/[id] [checkout abuse],1.200000,0.000000,6,7,7,7,9,10,10,10,10,10,10,340,0,6,6.386624117658357,4.6101000043563545,10.271799998008646,5865.0
1782451454,5,,Aggregated,4.800000,0.000000,6,8,9,9,10,10,17,17,17,17,17,1365,0,6,14.821571208798453,3.232300005038269,2059.162400000787,6397.080586080586
1782451455,5,GET,/ [checkout abuse session],0.000000,0.000000,0,0,0,0,0,0,0,0,0,0,0,5,0,2038.6421000002883,2047.6698200014653,2038.6421000002883,2059.162400000787,10499.0
1782451455,5,POST,/cart [add item abuse],1.300000,0.000000,4,4,5,5,5,6,6,6,6,6,6,341,0,4,5.74123900278903,3.232300005038269,49.685799996950664,0.0
1782451455,5,GET,/cart [view abuse],1.300000,0.000000,6,6,7,7,8,17,17,17,17,17,17,341,0,6,5.945969794779917,4.724899998109322,16.789999994216487,14659.0
1782451455,5,POST,/cart/checkout [abuse],1.300000,0.000000,9,9,10,10,10,10,10,10,10,10,10,341,0,10,11.307573313847023,8.368700000573881,61.08169999788515,5004.0
1782451455,5,GET,/product/[id] [checkout abuse],1.300000,0.000000,6,6,7,7,9,10,10,10,10,10,10,341,0,6,6.383487096791534,4.6101000043563545,10.271799998008646,5865.0
1782451455,5,,Aggregated,5.200000,0.000000,6,7,9,9,10,10,17,17,17,17,17,1369,0,6,14.796449159975227,3.232300005038269,2059.162400000787,6397.036523009496
1782451456,5,GET,/ [checkout abuse session],0.000000,0.000000,0,0,0,0,0,0,0,0,0,0,0,5,0,2038.6421000002883,2047.6698200014653,2038.6421000002883,2059.162400000787,10499.0
1782451456,5,POST,/cart [add item abuse],1.300000,0.000000,4,4,5,5,5,6,6,6,6,6,6,341,0,4,5.74123900278903,3.232300005038269,49.685799996950664,0.0
1782451456,5,GET,/cart [view abuse],1.300000,0.000000,6,7,7,7,8,17,17,17,17,17,17,341,0,6,5.945969794779917,4.724899998109322,16.789999994216487,14659.0
1782451456,5,POST,/cart/checkout [abuse],1.300000,0.000000,9,9,10,10,10,10,10,10,10,10,10,341,0,10,11.307573313847023,8.368700000573881,61.08169999788515,5004.0
1782451456,5,GET,/product/[id] [checkout abuse],1.300000,0.000000,6,6,7,7,7,10,10,10,10,10,10,341,0,6,6.383487096791534,4.6101000043563545,10.271799998008646,5865.0
1782451456,5,,Aggregated,5.200000,0.000000,6,7,9,9,10,10,17,17,17,17,17,1369,0,6,14.796449159975227,3.232300005038269,2059.162400000787,6397.036523009496
1782451457,5,GET,/ [checkout abuse session],0.000000,0.000000,0,0,0,0,0,0,0,0,0,0,0,5,0,2038.6421000002883,2047.6698200014653,2038.6421000002883,2059.162400000787,10499.0
1782451457,5,POST,/cart [add item abuse],1.100000,0.000000,4,5,5,5,5,6,6,6,6,6,6,345,0,4,5.722198260743913,3.232300005038269,49.685799996950664,0.0
1782451457,5,GET,/cart [view abuse],1.100000,0.000000,6,6,7,7,7,17,17,17,17,17,17,345,0,6,5.945368985556053,4.724899998109322,16.789999994216487,14659.0
1782451457,5,POST,/cart/checkout [abuse],1.100000,0.000000,9,10,10,10,10,12,12,12,12,12,12,345,0,10,11.293012463842835,8.368700000573881,61.08169999788515,5004.0
1782451457,5,GET,/product/[id] [checkout abuse],1.100000,0.000000,6,6,6,7,7,10,10,10,10,10,10,345,0,6,6.3803428985841535,4.6101000043563545,10.271799998008646,5865.0
1782451457,5,,Aggregated,4.400000,0.000000,6,7,9,9,10,10,12,17,17,17,17,1385,0,6,14.701059494597924,3.232300005038269,2059.162400000787,6396.862815884477
1782451458,5,GET,/ [checkout abuse session],0.000000,0.000000,0,0,0,0,0,0,0,0,0,0,0,5,0,2038.6421000002883,2047.6698200014653,2038.6421000002883,2059.162400000787,10499.0
1782451458,5,POST,/cart [add item abuse],1.100000,0.000000,4,5,5,5,5,6,6,6,6,6,6,345,0,4,5.722198260743913,3.232300005038269,49.685799996950664,0.0
1782451458,5,GET,/cart [view abuse],1.100000,0.000000,6,6,7,7,7,17,17,17,17,17,17,345,0,6,5.945368985556053,4.724899998109322,16.789999994216487,14659.0
1782451458,5,POST,/cart/checkout [abuse],1.100000,0.000000,9,10,10,10,10,12,12,12,12,12,12,345,0,10,11.293012463842835,8.368700000573881,61.08169999788515,5004.0
1782451458,5,GET,/product/[id] [checkout abuse],1.100000,0.000000,6,6,7,7,7,10,10,10,10,10,10,345,0,6,6.3803428985841535,4.6101000043563545,10.271799998008646,5865.0
1782451458,5,,Aggregated,4.400000,0.000000,6,7,9,9,10,10,17,17,17,17,17,1385,0,6,14.701059494597924,3.232300005038269,2059.162400000787,6396.862815884477
1782451459,5,GET,/ [checkout abuse session],0.000000,0.000000,0,0,0,0,0,0,0,0,0,0,0,5,0,2038.6421000002883,2047.6698200014653,2038.6421000002883,2059.162400000787,10499.0
1782451459,5,POST,/cart [add item abuse],1.100000,0.000000,4,5,5,5,5,6,6,6,6,6,6,345,0,4,5.722198260743913,3.232300005038269,49.685799996950664,0.0
1782451459,5,GET,/cart [view abuse],1.100000,0.000000,6,6,7,7,7,17,17,17,17,17,17,345,0,6,5.945368985556053,4.724899998109322,16.789999994216487,14659.0
1782451459,5,POST,/cart/checkout [abuse],1.100000,0.000000,9,10,10,10,10,12,12,12,12,12,12,345,0,10,11.293012463842835,8.368700000573881,61.08169999788515,5004.0
1782451459,5,GET,/product/[id] [checkout abuse],1.100000,0.000000,6,6,7,7,7,10,10,10,10,10,10,345,0,6,6.3803428985841535,4.6101000043563545,10.271799998008646,5865.0
1782451459,5,,Aggregated,4.400000,0.000000,6,7,9,9,10,10,17,17,17,17,17,1385,0,6,14.701059494597924,3.232300005038269,2059.162400000787,6396.862815884477
1782451460,5,GET,/ [checkout abuse session],0.000000,0.000000,0,0,0,0,0,0,0,0,0,0,0,5,0,2038.6421000002883,2047.6698200014653,2038.6421000002883,2059.162400000787,10499.0
1782451460,5,POST,/cart [add item abuse],1.400000,0.000000,4,4,5,5,5,6,6,6,6,6,6,347,0,4,5.709794236195102,3.232300005038269,49.685799996950664,0.0
1782451460,5,GET,/cart [view abuse],1.400000,0.000000,6,6,7,7,7,17,17,17,17,17,17,347,0,6,5.94290317008869,4.724899998109322,16.789999994216487,14659.0
1782451460,5,POST,/cart/checkout [abuse],1.400000,0.000000,9,10,10,10,10,12,12,12,12,12,12,347,0,10,11.279936599486806,8.368700000573881,61.08169999788515,5004.0
1782451460,5,GET,/product/[id] [checkout abuse],1.400000,0.000000,6,6,7,7,8,10,10,10,10,10,10,347,0,6,6.3844962536499255,4.6101000043563545,10.271799998008646,5865.0
1782451460,5,,Aggregated,5.600000,0.000000,6,7,9,9,10,10,17,17,17,17,17,1393,0,6,14.652830796860192,3.232300005038269,2059.162400000787,6396.777458722182
1782451461,5,GET,/ [checkout abuse session],0.000000,0.000000,0,0,0,0,0,0,0,0,0,0,0,5,0,2038.6421000002883,2047.6698200014653,2038.6421000002883,2059.162400000787,10499.0
1782451461,5,POST,/cart [add item abuse],1.100000,0.000000,4,4,5,5,5,6,6,6,6,6,6,349,0,4,5.700712320798432,3.232300005038269,49.685799996950664,0.0
1782451461,5,GET,/cart [view abuse],1.100000,0.000000,6,6,6,7,7,17,17,17,17,17,17,349,0,6,5.9430025788589464,4.724899998109322,16.789999994216487,14659.0
1782451461,5,POST,/cart/checkout [abuse],1.100000,0.000000,9,10,10,10,10,12,12,12,12,12,12,349,0,10,11.268022349632991,8.368700000573881,61.08169999788515,5004.0
1782451461,5,GET,/product/[id] [checkout abuse],1.100000,0.000000,6,7,7,7,8,10,10,10,10,10,10,349,0,6,6.386371060216334,4.6101000043563545,10.271799998008646,5865.0
1782451461,5,,Aggregated,4.400000,0.000000,6,7,9,9,10,10,12,17,17,17,17,1401,0,6,14.606273304800261,3.232300005038269,2059.162400000787,6396.693076374018
1782451462,5,GET,/ [checkout abuse session],0.000000,0.000000,0,0,0,0,0,0,0,0,0,0,0,5,0,2038.6421000002883,2047.6698200014653,2038.6421000002883,2059.162400000787,10499.0
1782451462,5,POST,/cart [add item abuse],1.000000,0.000000,4,5,5,5,5,6,6,6,6,6,6,350,0,4,5.697903999888305,3.232300005038269,49.685799996950664,0.0
1782451462,5,GET,/cart [view abuse],1.000000,0.000000,6,7,7,7,8,17,17,17,17,17,17,350,0,6,5.948897428648446,4.724899998109322,16.789999994216487,14659.0
1782451462,5,POST,/cart/checkout [abuse],1.000000,0.000000,9,10,10,10,11,12,12,12,12,12,12,350,0,10,11.266276571508829,8.368700000573881,61.08169999788515,5004.0
1782451462,5,GET,/product/[id] [checkout abuse],1.000000,0.000000,6,7,7,7,8,10,10,10,10,10,10,350,0,6,6.38647771432131,4.6101000043563545,10.271799998008646,5865.0
1782451462,5,,Aggregated,4.000000,0.000000,6,8,9,9,10,11,17,17,17,17,17,1405,0,6,14.585902918174902,3.232300005038269,2059.162400000787,6396.651245551601
1782451463,5,GET,/ [checkout abuse session],0.000000,0.000000,0,0,0,0,0,0,0,0,0,0,0,5,0,2038.6421000002883,2047.6698200014653,2038.6421000002883,2059.162400000787,10499.0
1782451463,5,POST,/cart [add item abuse],1.200000,0.000000,4,4,5,5,5,6,6,6,6,6,6,352,0,4,5.688318749889731,3.232300005038269,49.685799996950664,0.0
1782451463,5,GET,/cart [view abuse],1.200000,0.000000,6,6,7,7,8,17,17,17,17,17,17,352,0,6,5.946526420550733,4.724899998109322,16.789999994216487,14659.0
1782451463,5,POST,/cart/checkout [abuse],1.200000,0.000000,9,10,10,11,12,52,52,52,52,52,52,352,0,10,11.377727556898456,8.368700000573881,61.08169999788515,5004.0
1782451463,5,GET,/product/[id] [checkout abuse],1.200000,0.000000,6,7,7,7,8,10,10,10,10,10,10,352,0,6,6.382869602310331,4.6101000043563545,10.271799998008646,5865.0
1782451463,5,,Aggregated,4.800000,0.000000,6,7,9,9,10,12,17,52,52,52,52,1413,0,6,14.56867997172248,3.232300005038269,2059.162400000787,6396.568294409059
1782451464,5,GET,/ [checkout abuse session],0.000000,0.000000,0,0,0,0,0,0,0,0,0,0,0,5,0,2038.6421000002883,2047.6698200014653,2038.6421000002883,2059.162400000787,10499.0
1782451464,5,POST,/cart [add item abuse],1.200000,0.000000,4,4,5,5,5,5,5,5,5,5,5,352,0,4,5.688318749889731,3.232300005038269,49.685799996950664,0.0
1782451464,5,GET,/cart [view abuse],1.200000,0.000000,6,6,7,7,7,8,8,8,8,8,8,352,0,6,5.946526420550733,4.724899998109322,16.789999994216487,14659.0
1782451464,5,POST,/cart/checkout [abuse],1.200000,0.000000,9,10,11,11,12,52,52,52,52,52,52,352,0,10,11.377727556898456,8.368700000573881,61.08169999788515,5004.0
1782451464,5,GET,/product/[id] [checkout abuse],1.200000,0.000000,6,7,7,7,7,8,8,8,8,8,8,352,0,6,6.382869602310331,4.6101000043563545,10.271799998008646,5865.0
1782451464,5,,Aggregated,4.800000,0.000000,6,7,9,9,10,11,52,52,52,52,52,1413,0,6,14.56867997172248,3.232300005038269,2059.162400000787,6396.568294409059
1782451465,5,GET,/ [checkout abuse session],0.000000,0.000000,0,0,0,0,0,0,0,0,0,0,0,5,0,2038.6421000002883,2047.6698200014653,2038.6421000002883,2059.162400000787,10499.0
1782451465,5,POST,/cart [add item abuse],1.100000,0.000000,4,4,4,5,5,5,5,5,5,5,5,353,0,4,5.6845169970679965,3.232300005038269,49.685799996950664,0.0
1782451465,5,GET,/cart [view abuse],1.100000,0.000000,6,6,6,7,7,8,8,8,8,8,8,353,0,6,5.945076204071424,4.724899998109322,16.789999994216487,14659.0
1782451465,5,POST,/cart/checkout [abuse],1.100000,0.000000,9,10,10,11,12,52,52,52,52,52,52,353,0,10,11.371489518485955,8.368700000573881,61.08169999788515,5004.0
1782451465,5,GET,/product/[id] [checkout abuse],1.100000,0.000000,6,7,7,7,7,8,8,8,8,8,8,353,0,6,6.380794900875122,4.6101000043563545,10.271799998008646,5865.0
1782451465,5,,Aggregated,4.400000,0.000000,6,7,9,9,10,11,52,52,52,52,52,1417,0,6,14.544920183517291,3.232300005038269,2059.162400000787,6396.527170077628
1782451466,5,GET,/ [checkout abuse session],0.000000,0.000000,0,0,0,0,0,0,0,0,0,0,0,5,0,2038.6421000002883,2047.6698200014653,2038.6421000002883,2059.162400000787,10499.0
1782451466,5,POST,/cart [add item abuse],1.200000,0.000000,4,4,4,5,5,5,5,5,5,5,5,355,0,4,5.674178028088981,3.232300005038269,49.685799996950664,0.0
1782451466,5,GET,/cart [view abuse],1.200000,0.000000,6,6,6,6,7,8,8,8,8,8,8,355,0,6,5.941854366330876,4.724899998109322,16.789999994216487,14659.0
1782451466,5,POST,/cart/checkout [abuse],1.200000,0.000000,9,10,10,11,12,52,52,52,52,52,52,355,0,10,11.361579718371578,8.368700000573881,61.08169999788515,5004.0
1782451466,5,GET,/product/[id] [checkout abuse],1.200000,0.000000,6,7,7,7,7,8,8,8,8,8,8,355,0,6,6.380450140875863,4.6101000043563545,10.271799998008646,5865.0
1782451466,5,,Aggregated,4.800000,0.000000,6,7,9,9,10,11,12,52,52,52,52,1425,0,6,14.49856926319945,3.232300005038269,2059.162400000787,6396.445614035088
1782451467,5,GET,/ [checkout abuse session],0.000000,0.000000,0,0,0,0,0,0,0,0,0,0,0,5,0,2038.6421000002883,2047.6698200014653,2038.6421000002883,2059.162400000787,10499.0
1782451467,5,POST,/cart [add item abuse],1.200000,0.000000,4,4,5,5,5,6,6,6,6,6,6,357,0,4,5.669656582555769,3.232300005038269,49.685799996950664,0.0
1782451467,5,GET,/cart [view abuse],1.200000,0.000000,6,6,6,6,8,8,8,8,8,8,8,357,0,6,5.9463677872456575,4.724899998109322,16.789999994216487,14659.0
1782451467,5,POST,/cart/checkout [abuse],1.200000,0.000000,9,10,10,10,12,52,52,52,52,52,52,357,0,10,11.35275630256,8.368700000573881,61.08169999788515,5004.0
1782451467,5,GET,/product/[id] [checkout abuse],1.200000,0.000000,7,7,7,7,8,8,8,8,8,8,8,357,0,6,6.385340056064504,4.6101000043563545,10.271799998008646,5865.0
1782451467,5,,Aggregated,4.800000,0.000000,6,7,9,9,10,10,12,52,52,52,52,1433,0,6,14.457620516437812,3.232300005038269,2059.162400000787,6396.364968597348
1782451468,5,GET,/ [checkout abuse session],0.000000,0.000000,0,0,0,0,0,0,0,0,0,0,0,5,0,2038.6421000002883,2047.6698200014653,2038.6421000002883,2059.162400000787,10499.0
1782451468,5,POST,/cart [add item abuse],1.200000,0.000000,4,4,4,4,5,6,6,6,6,6,6,357,0,4,5.669656582555769,3.232300005038269,49.685799996950664,0.0
1782451468,5,GET,/cart [view abuse],1.200000,0.000000,6,6,6,6,8,8,8,8,8,8,8,357,0,6,5.9463677872456575,4.724899998109322,16.789999994216487,14659.0
1782451468,5,POST,/cart/checkout [abuse],1.200000,0.000000,9,9,10,10,11,52,52,52,52,52,52,357,0,10,11.35275630256,8.368700000573881,61.08169999788515,5004.0
1782451468,5,GET,/product/[id] [checkout abuse],1.200000,0.000000,7,7,7,7,8,8,8,8,8,8,8,357,0,6,6.385340056064504,4.6101000043563545,10.271799998008646,5865.0
1782451468,5,,Aggregated,4.800000,0.000000,6,7,9,9,9,10,52,52,52,52,52,1433,0,6,14.457620516437812,3.232300005038269,2059.162400000787,6396.364968597348
1782451469,5,GET,/ [checkout abuse session],0.000000,0.000000,0,0,0,0,0,0,0,0,0,0,0,5,0,2038.6421000002883,2047.6698200014653,2038.6421000002883,2059.162400000787,10499.0
1782451469,5,POST,/cart [add item abuse],1.400000,0.000000,4,4,4,4,5,6,6,6,6,6,6,359,0,4,5.6598342617743125,3.232300005038269,49.685799996950664,0.0
1782451469,5,GET,/cart [view abuse],1.400000,0.000000,6,6,6,7,8,8,8,8,8,8,8,359,0,6,5.946694707649067,4.724899998109322,16.789999994216487,14659.0
1782451469,5,POST,/cart/checkout [abuse],1.400000,0.000000,9,9,10,10,11,52,52,52,52,52,52,359,0,10,11.339981337093318,8.368700000573881,61.08169999788515,5004.0
1782451469,5,GET,/product/[id] [checkout abuse],1.300000,0.000000,7,7,7,7,8,8,8,8,8,8,8,359,0,6,6.38509136495329,4.6101000043563545,10.271799998008646,5865.0
1782451469,5,,Aggregated,5.500000,0.000000,6,7,9,9,9,10,11,52,52,52,52,1441,0,6,14.412487231134666,3.232300005038269,2059.162400000787,6396.285218598196
1782451470,5,GET,/ [checkout abuse session],0.000000,0.000000,0,0,0,0,0,0,0,0,0,0,0,5,0,2038.6421000002883,2047.6698200014653,2038.6421000002883,2059.162400000787,10499.0
1782451470,5,POST,/cart [add item abuse],1.200000,0.000000,4,4,4,4,5,6,6,6,6,6,6,360,0,4,5.654688888817974,3.232300005038269,49.685799996950664,0.0
1782451470,5,GET,/cart [view abuse],1.200000,0.000000,6,6,7,7,8,8,8,8,8,8,8,360,0,6,5.950355000135864,4.724899998109322,16.789999994216487,14659.0
1782451470,5,POST,/cart/checkout [abuse],1.200000,0.000000,9,10,10,11,12,52,52,52,52,52,52,360,0,10,11.340471388919266,8.368700000573881,61.08169999788515,5004.0
1782451470,5,GET,/product/[id] [checkout abuse],1.200000,0.000000,7,7,7,7,7,8,8,8,8,8,8,360,0,6,6.385637500069505,4.6101000043563545,10.271799998008646,5865.0
1782451470,5,,Aggregated,4.800000,0.000000,6,7,9,9,9,11,12,52,52,52,52,1445,0,6,14.392777923921567,3.232300005038269,2059.162400000787,6396.245674740484
1782451471,5,GET,/ [checkout abuse session],0.000000,0.000000,0,0,0,0,0,0,0,0,0,0,0,5,0,2038.6421000002883,2047.6698200014653,2038.6421000002883,2059.162400000787,10499.0
1782451471,5,POST,/cart [add item abuse],1.200000,0.000000,4,4,4,4,5,6,6,6,6,6,6,361,0,4,5.648746260330906,3.232300005038269,49.685799996950664,0.0
1782451471,5,GET,/cart [view abuse],1.200000,0.000000,6,6,7,7,8,8,8,8,8,8,8,361,0,6,5.949012188499192,4.724899998109322,16.789999994216487,14659.0
1782451471,5,POST,/cart/checkout [abuse],1.200000,0.000000,9,10,11,11,12,52,52,52,52,52,52,361,0,10,11.33221135738127,8.358600003703032,61.08169999788515,5004.0
1782451471,5,GET,/product/[id] [checkout abuse],1.200000,0.000000,7,7,7,7,7,8,8,8,8,8,8,361,0,6,6.385226315866938,4.6101000043563545,10.271799998008646,5865.0
1782451471,5,,Aggregated,4.800000,0.000000,6,7,8,9,10,11,52,52,52,52,52,1449,0,6,14.36931325057115,3.232300005038269,2059.162400000787,6396.206349206349
1782451473,5,GET,/ [checkout abuse session],0.000000,0.000000,0,0,0,0,0,0,0,0,0,0,0,5,0,2038.6421000002883,2047.6698200014653,2038.6421000002883,2059.162400000787,10499.0
1782451473,5,POST,/cart [add item abuse],1.400000,0.000000,4,4,4,4,4,6,6,6,6,6,6,362,0,4,5.64309972368849,3.232300005038269,49.685799996950664,0.0
1782451473,5,GET,/cart [view abuse],1.400000,0.000000,5,6,7,7,7,8,8,8,8,8,8,362,0,6,5.947722099582022,4.724899998109322,16.789999994216487,14659.0
1782451473,5,POST,/cart/checkout [abuse],1.400000,0.000000,9,9,10,10,12,52,52,52,52,52,52,362,0,10,11.327063259712062,8.358600003703032,61.08169999788515,5004.0
1782451473,5,GET,/product/[id] [checkout abuse],1.400000,0.000000,7,7,7,7,7,8,8,8,8,8,8,362,0,6,6.383946132680558,4.6101000043563545,10.271799998008646,5865.0
1782451473,5,,Aggregated,5.600000,0.000000,6,7,8,9,9,10,52,52,52,52,52,1453,0,6,14.346601514161996,3.232300005038269,2059.162400000787,6396.167240192704
1782451474,5,GET,/ [checkout abuse session],0.000000,0.000000,0,0,0,0,0,0,0,0,0,0,0,5,0,2038.6421000002883,2047.6698200014653,2038.6421000002883,2059.162400000787,10499.0
1782451474,5,POST,/cart [add item abuse],1.300000,0.000000,4,4,4,4,4,6,6,6,6,6,6,363,0,4,5.636846831892765,3.232300005038269,49.685799996950664,0.0
1782451474,5,GET,/cart [view abuse],1.300000,0.000000,5,6,7,7,7,8,8,8,8,8,8,363,0,6,5.945379338986478,4.724899998109322,16.789999994216487,14659.0
1782451474,5,POST,/cart/checkout [abuse],1.300000,0.000000,9,9,10,10,10,12,12,12,12,12,12,363,0,10,11.321032231447663,8.358600003703032,61.08169999788515,5004.0
1782451474,5,GET,/product/[id] [checkout abuse],1.300000,0.000000,6,7,7,7,7,8,8,8,8,8,8,363,0,6,6.381206887143346,4.6101000043563545,10.271799998008646,5865.0
1782451474,5,,Aggregated,5.200000,0.000000,6,7,8,9,9,10,12,12,12,12,12,1457,0,6,14.32299931371656,3.232300005038269,2059.162400000787,6396.128345916266
