Timestamp,User Count,Type,Name,Requests/s,Failures/s,50%,66%,75%,80%,90%,95%,98%,99%,99.9%,99.99%,100%,Total Request Count,Total Failure Count,Total Median Response Time,Total Average Response Time,Total Min Response Time,Total Max Response Time,Total Average Content Size
1782393767,0,,Aggregated,0.000000,0.000000,N/A,N/A,N/A,N/A,N/A,N/A,N/A,N/A,N/A,N/A,N/A,0,0,0,0.0,0,0,0
1782393768,1,,Aggregated,0.000000,0.000000,N/A,N/A,N/A,N/A,N/A,N/A,N/A,N/A,N/A,N/A,N/A,0,0,0,0.0,0,0,0
1782393769,2,,Aggregated,0.000000,0.000000,N/A,N/A,N/A,N/A,N/A,N/A,N/A,N/A,N/A,N/A,N/A,0,0,0,0.0,0,0,0
1782393770,2,,Aggregated,0.000000,0.000000,2100,2100,2100,2100,2100,2100,2100,2100,2100,2100,2100,1,0,2085.405699999683,2085.405699999683,2085.405699999683,2085.405699999683,5087.0
1782393771,2,,Aggregated,0.000000,0.000000,2100,2100,2100,2100,2100,2100,2100,2100,2100,2100,2100,2,0,2086.1973999999464,2085.8015499998146,2085.405699999683,2086.1973999999464,7793.0
1782393772,2,,Aggregated,0.333333,0.000000,2100,2100,2100,2100,2100,2100,2100,2100,2100,2100,2100,3,0,2086.1973999999464,1404.998799999703,43.393299999479495,2086.1973999999464,8695.0
1782393773,2,,Aggregated,0.333333,0.000000,2100,2100,2100,2100,2100,2100,2100,2100,2100,2100,2100,3,0,2086.1973999999464,1404.998799999703,43.393299999479495,2086.1973999999464,8695.0
1782393774,2,,Aggregated,0.333333,0.000000,2100,2100,2100,2100,2100,2100,2100,2100,2100,2100,2100,3,0,2086.1973999999464,1404.998799999703,43.393299999479495,2086.1973999999464,8695.0
1782393775,2,,Aggregated,0.400000,0.000000,2100,2100,2100,2100,2100,2100,2100,2100,2100,2100,2100,4,0,43,1057.9615749998084,16.849900000124762,2086.1973999999464,9146.0
1782393776,2,,Aggregated,0.500000,0.000000,43,2100,2100,2100,2100,2100,2100,2100,2100,2100,2100,5,0,43,847.7907199998299,7.107299999915995,2086.1973999999464,8489.8
1782393777,2,,Aggregated,0.500000,0.000000,43,2100,2100,2100,2100,2100,2100,2100,2100,2100,2100,5,0,43,847.7907199998299,7.107299999915995,2086.1973999999464,8489.8
1782393778,2,,Aggregated,0.500000,0.000000,43,2100,2100,2100,2100,2100,2100,2100,2100,2100,2100,5,0,43,847.7907199998299,7.107299999915995,2086.1973999999464,8489.8
1782393779,2,,Aggregated,0.500000,0.000000,43,43,2100,2100,2100,2100,2100,2100,2100,2100,2100,6,0,17,707.6617666665092,7.016999999905238,2086.1973999999464,8052.333333333333
1782393780,2,,Aggregated,0.500000,0.000000,28,43,2100,2100,2100,2100,2100,2100,2100,2100,2100,7,0,28,610.5110714284559,7.016999999905238,2086.1973999999464,8401.857142857143
1782393781,2,,Aggregated,0.500000,0.000000,28,43,2100,2100,2100,2100,2100,2100,2100,2100,2100,7,0,28,610.5110714284559,7.016999999905238,2086.1973999999464,8401.857142857143
1782393782,2,,Aggregated,0.500000,0.000000,28,43,2100,2100,2100,2100,2100,2100,2100,2100,2100,8,0,20,536.7422999999008,7.016999999905238,2086.1973999999464,8664.0
1782393783,2,,Aggregated,0.500000,0.000000,20,28,43,2100,2100,2100,2100,2100,2100,2100,2100,9,0,20,478.02207777769786,7.016999999905238,2086.1973999999464,8353.0
1782393784,2,,Aggregated,0.500000,0.000000,20,28,43,2100,2100,2100,2100,2100,2100,2100,2100,9,0,20,478.02207777769786,7.016999999905238,2086.1973999999464,8353.0
1782393785,2,,Aggregated,0.500000,0.000000,20,28,43,2100,2100,2100,2100,2100,2100,2100,2100,9,0,20,478.02207777769786,7.016999999905238,2086.1973999999464,8353.0
1782393786,2,,Aggregated,0.500000,0.000000,20,28,43,2100,2100,2100,2100,2100,2100,2100,2100,9,0,20,478.02207777769786,7.016999999905238,2086.1973999999464,8353.0
1782393787,2,,Aggregated,0.600000,0.000000,20,28,43,2100,2100,2100,2100,2100,2100,2100,2100,10,0,17,430.98141000000396,7.016999999905238,2086.1973999999464,8104.2
1782393788,2,,Aggregated,0.500000,0.000000,17,28,43,43,2100,2100,2100,2100,2100,2100,2100,11,0,17,392.4207272726893,6.8138999995426275,2086.1973999999464,7829.909090909091
1782393789,2,,Aggregated,0.500000,0.000000,17,28,43,43,2100,2100,2100,2100,2100,2100,2100,11,0,17,392.4207272726893,6.8138999995426275,2086.1973999999464,7829.909090909091
1782393790,2,,Aggregated,0.600000,0.000000,17,20,43,43,2100,2100,2100,2100,2100,2100,2100,12,0,8,360.33386666667866,6.8138999995426275,2086.1973999999464,7601.333333333333
1782393791,2,,Aggregated,0.600000,0.000000,17,20,43,43,2100,2100,2100,2100,2100,2100,2100,12,0,8,360.33386666667866,6.8138999995426275,2086.1973999999464,7601.333333333333
1782393792,2,,Aggregated,0.600000,0.000000,17,27,28,43,2100,2100,2100,2100,2100,2100,2100,13,0,17,334.71216153849616,6.8138999995426275,2086.1973999999464,7824.2307692307695
1782393793,2,,Aggregated,0.600000,0.000000,17,27,28,43,2100,2100,2100,2100,2100,2100,2100,13,0,17,334.71216153849616,6.8138999995426275,2086.1973999999464,7824.2307692307695
1782393794,2,,Aggregated,0.500000,0.000000,8,20,28,43,2100,2100,2100,2100,2100,2100,2100,15,0,8,291.0484066666565,6.8138999995426275,2086.1973999999464,7511.133333333333
1782393795,2,,Aggregated,0.500000,0.000000,8,20,28,43,2100,2100,2100,2100,2100,2100,2100,15,0,8,291.0484066666565,6.8138999995426275,2086.1973999999464,7511.133333333333
1782393796,2,,Aggregated,0.500000,0.000000,8,20,28,28,2100,2100,2100,2100,2100,2100,2100,16,0,8,273.31563749999077,6.8138999995426275,2086.1973999999464,7408.25
1782393797,2,,Aggregated,0.500000,0.000000,8,20,28,28,2100,2100,2100,2100,2100,2100,2100,16,0,8,273.31563749999077,6.8138999995426275,2086.1973999999464,7408.25
1782393798,2,,Aggregated,0.500000,0.000000,8,20,28,28,2100,2100,2100,2100,2100,2100,2100,16,0,8,273.31563749999077,6.8138999995426275,2086.1973999999464,7408.25
1782393799,2,,Aggregated,0.600000,0.000000,8,26,27,28,2100,2100,2100,2100,2100,2100,2100,17,0,8,258.76699411765003,6.8138999995426275,2086.1973999999464,7590.058823529412
1782393800,2,,Aggregated,0.500000,0.000000,15,20,27,28,2100,2100,2100,2100,2100,2100,2100,18,0,8,245.2095500000016,6.8138999995426275,2086.1973999999464,7751.666666666667
1782393801,2,,Aggregated,0.500000,0.000000,15,20,27,28,2100,2100,2100,2100,2100,2100,2100,18,0,8,245.2095500000016,6.8138999995426275,2086.1973999999464,7751.666666666667
1782393802,2,,Aggregated,0.500000,0.000000,15,20,27,28,2100,2100,2100,2100,2100,2100,2100,18,0,8,245.2095500000016,6.8138999995426275,2086.1973999999464,7751.666666666667
1782393803,2,,Aggregated,0.600000,0.000000,15,20,27,28,2100,2100,2100,2100,2100,2100,2100,20,0,8,221.90892999997232,6.8138999995426275,2086.1973999999464,7755.8
1782393804,2,,Aggregated,0.600000,0.000000,15,20,27,28,2100,2100,2100,2100,2100,2100,2100,20,0,8,221.90892999997232,6.8138999995426275,2086.1973999999464,7755.8
1782393805,2,,Aggregated,0.600000,0.000000,15,20,27,28,2100,2100,2100,2100,2100,2100,2100,20,0,8,221.90892999997232,6.8138999995426275,2086.1973999999464,7755.8
1782393806,2,,Aggregated,0.600000,0.000000,15,20,27,28,2100,2100,2100,2100,2100,2100,2100,20,0,8,221.90892999997232,6.8138999995426275,2086.1973999999464,7755.8
1782393807,2,,Aggregated,0.500000,0.000000,15,20,27,28,43,2100,2100,2100,2100,2100,2100,22,0,8,203.67915454546,6.8138999995426275,2086.1973999999464,7794.545454545455
1782393808,2,,Aggregated,0.500000,0.000000,15,20,27,28,43,2100,2100,2100,2100,2100,2100,22,0,8,203.67915454546,6.8138999995426275,2086.1973999999464,7794.545454545455
1782393809,2,,Aggregated,0.400000,0.000000,8,20,27,28,43,2100,2100,2100,2100,2100,2100,23,0,8,195.14320434783534,6.8138999995426275,2086.1973999999464,7676.826086956522
1782393810,2,,Aggregated,0.400000,0.000000,8,20,27,28,43,2100,2100,2100,2100,2100,2100,23,0,8,195.14320434783534,6.8138999995426275,2086.1973999999464,7676.826086956522
1782393811,2,,Aggregated,0.400000,0.000000,8,20,27,28,43,2100,2100,2100,2100,2100,2100,23,0,8,195.14320434783534,6.8138999995426275,2086.1973999999464,7676.826086956522
1782393812,2,,Aggregated,0.600000,0.000000,15,17,27,28,43,2100,2100,2100,2100,2100,2100,24,0,8,187.63894166666736,6.8138999995426275,2086.1973999999464,7794.416666666667
1782393813,2,,Aggregated,0.500000,0.000000,8,17,26,28,43,2100,2100,2100,2100,2100,2100,25,0,8,180.43200400003116,6.8138999995426275,2086.1973999999464,7717.24
1782393814,2,,Aggregated,0.500000,0.000000,8,17,26,28,43,2100,2100,2100,2100,2100,2100,25,0,8,180.43200400003116,6.8138999995426275,2086.1973999999464,7717.24
1782393815,2,,Aggregated,0.500000,0.000000,15,20,26,27,43,2100,2100,2100,2100,2100,2100,26,0,8,174.4345423077133,6.8138999995426275,2086.1973999999464,7824.2307692307695
1782393816,2,,Aggregated,0.500000,0.000000,14,17,26,27,43,2100,2100,2100,2100,2100,2100,27,0,14,168.50661481482717,6.8138999995426275,2086.1973999999464,7923.2962962962965
1782393817,2,,Aggregated,0.500000,0.000000,14,17,26,27,43,2100,2100,2100,2100,2100,2100,27,0,14,168.50661481482717,6.8138999995426275,2086.1973999999464,7923.2962962962965
1782393818,2,,Aggregated,0.700000,0.000000,14,17,26,27,43,2100,2100,2100,2100,2100,2100,28,0,9,162.79842142859837,6.8138999995426275,2086.1973999999464,7849.785714285715
1782393819,2,,Aggregated,0.700000,0.000000,14,17,26,27,43,2100,2100,2100,2100,2100,2100,28,0,9,162.79842142859837,6.8138999995426275,2086.1973999999464,7849.785714285715
1782393820,2,,Aggregated,0.500000,0.000000,14,20,24,27,43,2100,2100,2100,2100,2100,2100,29,0,14,157.9852275862291,6.8138999995426275,2086.1973999999464,7941.137931034483
1782393821,2,,Aggregated,0.600000,0.000000,14,17,24,27,43,2100,2100,2100,2100,2100,2100,30,0,9,152.98515000004045,6.8138999995426275,2086.1973999999464,7871.933333333333
1782393822,2,,Aggregated,0.600000,0.000000,14,17,24,27,43,2100,2100,2100,2100,2100,2100,30,0,9,152.98515000004045,6.8138999995426275,2086.1973999999464,7871.933333333333
1782393823,2,,Aggregated,0.600000,0.000000,14,17,24,27,43,2100,2100,2100,2100,2100,2100,30,0,9,152.98515000004045,6.8138999995426275,2086.1973999999464,7871.933333333333
1782393824,2,,Aggregated,0.700000,0.000000,9,17,24,26,35,2100,2100,2100,2100,2100,2100,31,0,9,148.29445806454686,6.8138999995426275,2086.1973999999464,7782.096774193548
1782393825,2,,Aggregated,0.600000,0.000000,9,17,24,26,35,2100,2100,2100,2100,2100,2100,32,0,8,143.88806562502054,6.8138999995426275,2086.1973999999464,7697.875
1782393826,2,,Aggregated,0.600000,0.000000,9,17,24,26,35,2100,2100,2100,2100,2100,2100,32,0,8,143.88806562502054,6.8138999995426275,2086.1973999999464,7697.875
1782393827,2,,Aggregated,0.600000,0.000000,9,17,24,26,35,2100,2100,2100,2100,2100,2100,32,0,8,143.88806562502054,6.8138999995426275,2086.1973999999464,7697.875
1782393828,2,,Aggregated,0.500000,0.000000,14,17,24,26,35,2100,2100,2100,2100,2100,2100,34,0,9,136.53623529414878,6.8138999995426275,2086.1973999999464,7862.64705882353
1782393829,2,,Aggregated,0.500000,0.000000,14,17,24,26,35,2100,2100,2100,2100,2100,2100,34,0,9,136.53623529414878,6.8138999995426275,2086.1973999999464,7862.64705882353
1782393830,2,,Aggregated,0.500000,0.000000,14,17,24,26,35,2100,2100,2100,2100,2100,2100,34,0,9,136.53623529414878,6.8138999995426275,2086.1973999999464,7862.64705882353
1782393831,2,,Aggregated,0.500000,0.000000,14,17,24,26,35,2100,2100,2100,2100,2100,2100,34,0,9,136.53623529414878,6.8138999995426275,2086.1973999999464,7862.64705882353
1782393832,2,,Aggregated,0.600000,0.000000,14,17,24,24,35,2100,2100,2100,2100,2100,2100,36,0,9,129.55716666670014,6.663000000116881,2086.1973999999464,7880.388888888889
1782393834,2,,Aggregated,0.600000,0.000000,14,17,24,24,35,2100,2100,2100,2100,2100,2100,36,0,9,129.55716666670014,6.663000000116881,2086.1973999999464,7880.388888888889
1782393835,2,,Aggregated,0.600000,0.000000,14,17,24,24,35,2100,2100,2100,2100,2100,2100,36,0,9,129.55716666670014,6.663000000116881,2086.1973999999464,7880.388888888889
1782393836,2,,Aggregated,0.600000,0.000000,14,17,24,26,39,2100,2100,2100,2100,2100,2100,38,0,14,124.15975263160075,6.663000000116881,2086.1973999999464,8018.210526315789
1782393837,2,,Aggregated,0.600000,0.000000,14,17,24,26,39,2100,2100,2100,2100,2100,2100,38,0,14,124.15975263160075,6.663000000116881,2086.1973999999464,8018.210526315789
1782393838,2,,Aggregated,0.600000,0.000000,14,17,24,26,39,2100,2100,2100,2100,2100,2100,38,0,14,124.15975263160075,6.663000000116881,2086.1973999999464,8018.210526315789
1782393839,2,,Aggregated,0.600000,0.000000,14,17,24,26,39,2100,2100,2100,2100,2100,2100,39,0,14,121.14214871797184,6.4732000000731205,2086.1973999999464,7963.0
1782393840,2,,Aggregated,0.600000,0.000000,14,17,24,26,39,2100,2100,2100,2100,2100,2100,39,0,14,121.14214871797184,6.4732000000731205,2086.1973999999464,7963.0
1782393841,2,,Aggregated,0.600000,0.000000,14,17,24,24,35,43,2100,2100,2100,2100,2100,41,0,14,116.00066341465785,6.4732000000731205,2086.1973999999464,7973.682926829269
1782393842,2,,Aggregated,0.600000,0.000000,14,17,24,24,35,43,2100,2100,2100,2100,2100,41,0,14,116.00066341465785,6.4732000000731205,2086.1973999999464,7973.682926829269
1782393843,2,,Aggregated,0.600000,0.000000,14,17,24,24,35,43,2100,2100,2100,2100,2100,41,0,14,116.00066341465785,6.4732000000731205,2086.1973999999464,7973.682926829269
1782393844,2,,Aggregated,0.700000,0.000000,14,17,24,24,35,43,2100,2100,2100,2100,2100,42,0,9,113.41449047622952,6.4732000000731205,2086.1973999999464,7904.952380952381
1782393845,2,,Aggregated,0.700000,0.000000,14,17,24,24,35,43,2100,2100,2100,2100,2100,42,0,9,113.41449047622952,6.4732000000731205,2086.1973999999464,7904.952380952381
1782393846,2,,Aggregated,0.500000,0.000000,9,17,24,24,35,43,2100,2100,2100,2100,2100,44,0,8,108.58824318186386,6.4732000000731205,2086.1973999999464,7776.863636363636
1782393847,2,,Aggregated,0.500000,0.000000,9,17,24,24,35,43,2100,2100,2100,2100,2100,44,0,8,108.58824318186386,6.4732000000731205,2086.1973999999464,7776.863636363636
1782393848,2,,Aggregated,0.600000,0.000000,8,15,23,24,35,43,2100,2100,2100,2100,2100,45,0,8,106.34545777783286,6.4732000000731205,2086.1973999999464,7734.377777777778
1782393849,2,,Aggregated,0.600000,0.000000,8,15,23,24,35,43,2100,2100,2100,2100,2100,45,0,8,106.34545777783286,6.4732000000731205,2086.1973999999464,7734.377777777778
1782393850,2,,Aggregated,0.600000,0.000000,8,15,23,24,35,43,2100,2100,2100,2100,2100,46,0,8,104.1802000000525,6.4732000000731205,2086.1973999999464,7693.739130434783
1782393851,2,,Aggregated,0.700000,0.000000,8,17,24,24,35,43,2100,2100,2100,2100,2100,47,0,8,102.56831489366843,6.4732000000731205,2086.1973999999464,7753.425531914893
1782393852,2,,Aggregated,0.700000,0.000000,8,17,24,24,35,43,2100,2100,2100,2100,2100,47,0,8,102.56831489366843,6.4732000000731205,2086.1973999999464,7753.425531914893
1782393853,2,,Aggregated,0.700000,0.000000,9,17,24,26,35,43,2100,2100,2100,2100,2100,48,0,8,101.11190625004458,6.4732000000731205,2086.1973999999464,7810.625
1782393854,2,,Aggregated,0.700000,0.000000,9,17,24,26,35,43,2100,2100,2100,2100,2100,48,0,8,101.11190625004458,6.4732000000731205,2086.1973999999464,7810.625
1782393855,2,,Aggregated,0.600000,0.000000,8,17,24,26,35,43,2100,2100,2100,2100,2100,49,0,8,99.17581224492876,6.243299999368901,2086.1973999999464,7770.918367346939
1782393856,2,,Aggregated,0.700000,0.000000,9,17,24,26,35,43,2100,2100,2100,2100,2100,50,0,8,97.68675600003917,6.243299999368901,2086.1973999999464,7825.48
1782393857,2,,Aggregated,0.700000,0.000000,9,17,24,26,35,43,2100,2100,2100,2100,2100,50,0,8,97.68675600003917,6.243299999368901,2086.1973999999464,7825.48
1782393858,2,,Aggregated,0.700000,0.000000,9,17,24,26,35,43,2100,2100,2100,2100,2100,50,0,8,97.68675600003917,6.243299999368901,2086.1973999999464,7825.48
1782393859,2,,Aggregated,0.600000,0.000000,9,17,24,25,33,43,2100,2100,2100,2100,2100,51,0,9,96.03315882356458,6.243299999368901,2086.1973999999464,7877.901960784314
1782393860,2,,Aggregated,0.600000,0.000000,9,17,24,25,33,43,2100,2100,2100,2100,2100,52,0,8,94.33504807695779,6.243299999368901,2086.1973999999464,7824.2307692307695
1782393861,2,,Aggregated,0.600000,0.000000,9,17,24,25,33,43,2100,2100,2100,2100,2100,52,0,8,94.33504807695779,6.243299999368901,2086.1973999999464,7824.2307692307695
1782393862,2,,Aggregated,0.600000,0.000000,9,17,24,25,33,43,2100,2100,2100,2100,2100,52,0,8,94.33504807695779,6.243299999368901,2086.1973999999464,7824.2307692307695
1782393863,2,,Aggregated,0.600000,0.000000,9,17,24,25,33,43,2100,2100,2100,2100,2100,52,0,8,94.33504807695779,6.243299999368901,2086.1973999999464,7824.2307692307695
1782393864,2,,Aggregated,0.500000,0.000000,9,17,24,26,35,43,2100,2100,2100,2100,2100,54,0,8,91.63173518522348,6.105100000240782,2086.1973999999464,7837.481481481482
1782393865,2,,Aggregated,0.500000,0.000000,9,17,24,26,35,43,2100,2100,2100,2100,2100,54,0,8,91.63173518522348,6.105100000240782,2086.1973999999464,7837.481481481482
1782393866,2,,Aggregated,0.600000,0.000000,9,17,24,26,35,43,2100,2100,2100,2100,2100,55,0,9,90.29858727277646,6.105100000240782,2086.1973999999464,7885.872727272727
1782393867,2,,Aggregated,0.600000,0.000000,9,17,24,26,35,43,2100,2100,2100,2100,2100,55,0,9,90.29858727277646,6.105100000240782,2086.1973999999464,7885.872727272727
1782393868,2,,Aggregated,0.400000,0.000000,9,17,24,25,35,43,2100,2100,2100,2100,2100,56,0,8,88.81080892862363,6.105100000240782,2086.1973999999464,7849.785714285715
1782393869,2,,Aggregated,0.400000,0.000000,9,17,24,25,35,43,2100,2100,2100,2100,2100,56,0,8,88.81080892862363,6.105100000240782,2086.1973999999464,7849.785714285715
1782393870,2,,Aggregated,0.400000,0.000000,9,17,24,25,35,43,2100,2100,2100,2100,2100,56,0,8,88.81080892862363,6.105100000240782,2086.1973999999464,7849.785714285715
1782393871,2,,Aggregated,0.500000,0.000000,8,17,24,25,35,43,2100,2100,2100,2100,2100,58,0,8,85.97122586211455,6.105100000240782,2086.1973999999464,7767.931034482759
1782393872,2,,Aggregated,0.500000,0.000000,8,17,24,25,35,43,2100,2100,2100,2100,2100,58,0,8,85.97122586211455,6.105100000240782,2086.1973999999464,7767.931034482759
1782393873,2,,Aggregated,0.500000,0.000000,8,17,24,25,35,43,2100,2100,2100,2100,2100,58,0,8,85.97122586211455,6.105100000240782,2086.1973999999464,7767.931034482759
1782393874,2,,Aggregated,0.500000,0.000000,8,15,24,25,35,43,2100,2100,2100,2100,2100,59,0,8,84.64084406784684,6.105100000240782,2086.1973999999464,7735.677966101695
1782393875,2,,Aggregated,0.500000,0.000000,8,15,24,25,35,43,2100,2100,2100,2100,2100,59,0,8,84.64084406784684,6.105100000240782,2086.1973999999464,7735.677966101695
1782393876,2,,Aggregated,0.600000,0.000000,8,15,24,25,35,43,2100,2100,2100,2100,2100,60,0,8,83.35267833338851,6.105100000240782,2086.1973999999464,7691.533333333334
1782393877,2,,Aggregated,0.600000,0.000000,8,15,24,25,35,43,2100,2100,2100,2100,2100,60,0,8,83.35267833338851,6.105100000240782,2086.1973999999464,7691.533333333334
1782393878,2,,Aggregated,0.600000,0.000000,8,15,23,24,33,39,2100,2100,2100,2100,2100,61,0,8,82.09219344267008,6.105100000240782,2086.1973999999464,7661.5901639344265
1782393879,2,,Aggregated,0.600000,0.000000,8,15,23,24,33,39,2100,2100,2100,2100,2100,62,0,8,80.8576693548862,5.551700000069104,2086.1973999999464,7632.612903225807
1782393880,2,,Aggregated,0.600000,0.000000,8,15,23,24,33,39,2100,2100,2100,2100,2100,62,0,8,80.8576693548862,5.551700000069104,2086.1973999999464,7632.612903225807
1782393881,2,,Aggregated,0.500000,0.000000,8,15,24,25,35,43,2100,2100,2100,2100,2100,63,0,8,80.27899841275189,5.551700000069104,2086.1973999999464,7678.111111111111
1782393882,2,,Aggregated,0.600000,0.000000,8,17,24,25,35,43,2100,2100,2100,2100,2100,64,0,8,79.3200062500432,5.551700000069104,2086.1973999999464,7722.1875
1782393883,2,,Aggregated,0.600000,0.000000,8,17,24,25,35,43,2100,2100,2100,2100,2100,64,0,8,79.3200062500432,5.551700000069104,2086.1973999999464,7722.1875
1782393884,2,,Aggregated,0.600000,0.000000,8,17,24,25,35,43,2100,2100,2100,2100,2100,64,0,8,79.3200062500432,5.551700000069104,2086.1973999999464,7722.1875
1782393885,2,,Aggregated,0.600000,0.000000,8,17,24,24,35,43,2100,2100,2100,2100,2100,66,0,8,77.5803469697497,5.551700000069104,2086.1973999999464,7806.333333333333
1782393886,2,,Aggregated,0.600000,0.000000,8,17,24,24,35,43,2100,2100,2100,2100,2100,66,0,8,77.5803469697497,5.551700000069104,2086.1973999999464,7806.333333333333
1782393887,2,,Aggregated,0.600000,0.000000,8,18,24,25,35,43,2100,2100,2100,2100,2100,67,0,8,76.7981865672129,5.551700000069104,2086.1973999999464,7846.522388059701
1782393888,2,,Aggregated,0.600000,0.000000,8,17,24,25,35,43,2100,2100,2100,2100,2100,68,0,8,75.76238823534207,5.551700000069104,2086.1973999999464,7817.382352941177
1782393889,2,,Aggregated,0.600000,0.000000,8,17,24,25,35,43,2100,2100,2100,2100,2100,68,0,8,75.76238823534207,5.551700000069104,2086.1973999999464,7817.382352941177
1782393890,2,,Aggregated,0.600000,0.000000,8,17,24,25,35,43,2100,2100,2100,2100,2100,68,0,8,75.76238823534207,5.551700000069104,2086.1973999999464,7817.382352941177
1782393891,2,,Aggregated,0.600000,0.000000,8,17,24,25,35,43,2100,2100,2100,2100,2100,69,0,8,74.77852173918149,5.551700000069104,2086.1973999999464,7789.086956521739
1782393892,2,,Aggregated,0.600000,0.000000,8,17,24,25,35,43,2100,2100,2100,2100,2100,70,0,8,73.90185285720301,5.551700000069104,2086.1973999999464,7827.8
1782393893,2,,Aggregated,0.600000,0.000000,8,17,24,25,35,43,2100,2100,2100,2100,2100,70,0,8,73.90185285720301,5.551700000069104,2086.1973999999464,7827.8
1782393894,2,,Aggregated,0.600000,0.000000,8,17,24,25,35,43,2100,2100,2100,2100,2100,70,0,8,73.90185285720301,5.551700000069104,2086.1973999999464,7827.8
1782393895,2,,Aggregated,0.600000,0.000000,8,17,24,24,33,43,2100,2100,2100,2100,2100,72,0,8,72.28009166672362,5.551700000069104,2086.1973999999464,7826.833333333333
1782393896,2,,Aggregated,0.600000,0.000000,8,17,24,24,33,43,2100,2100,2100,2100,2100,72,0,8,72.28009166672362,5.551700000069104,2086.1973999999464,7826.833333333333
1782393897,2,,Aggregated,0.600000,0.000000,8,17,24,24,33,43,2100,2100,2100,2100,2100,72,0,8,72.28009166672362,5.551700000069104,2086.1973999999464,7826.833333333333
1782393898,2,,Aggregated,0.600000,0.000000,8,17,24,24,33,43,2100,2100,2100,2100,2100,72,0,8,72.28009166672362,5.551700000069104,2086.1973999999464,7826.833333333333
1782393899,2,,Aggregated,0.600000,0.000000,8,18,23,24,33,43,2100,2100,2100,2100,2100,73,0,8,71.56241369868863,5.551700000069104,2086.1973999999464,7863.438356164384
1782393900,2,,Aggregated,0.600000,0.000000,9,17,23,24,33,43,2100,2100,2100,2100,2100,74,0,8,70.78897702708551,5.551700000069104,2086.1973999999464,7899.054054054054
1782393901,2,,Aggregated,0.500000,0.000000,8,17,23,24,33,43,2100,2100,2100,2100,2100,75,0,8,69.93242400005936,5.551700000069104,2086.1973999999464,7871.933333333333
1782393902,2,,Aggregated,0.500000,0.000000,8,17,23,24,33,43,2100,2100,2100,2100,2100,75,0,8,69.93242400005936,5.551700000069104,2086.1973999999464,7871.933333333333
1782393903,2,,Aggregated,0.500000,0.000000,8,17,23,24,33,43,2100,2100,2100,2100,2100,75,0,8,69.93242400005936,5.551700000069104,2086.1973999999464,7871.933333333333
1782393904,2,,Aggregated,0.600000,0.000000,9,17,23,24,33,43,2100,2100,2100,2100,2100,77,0,9,68.63703766240096,5.551700000069104,2086.1973999999464,7940.168831168831
1782393905,2,,Aggregated,0.600000,0.000000,9,17,23,24,33,43,2100,2100,2100,2100,2100,77,0,9,68.63703766240096,5.551700000069104,2086.1973999999464,7940.168831168831
1782393906,2,,Aggregated,0.500000,0.000000,9,17,23,24,33,43,2100,2100,2100,2100,2100,78,0,9,67.87218076929909,5.551700000069104,2086.1973999999464,7913.5641025641025
1782393907,2,,Aggregated,0.600000,0.000000,9,17,23,24,33,43,2100,2100,2100,2100,2100,79,0,9,67.09568860767118,5.551700000069104,2086.1973999999464,7887.632911392405
1782393908,2,,Aggregated,0.600000,0.000000,9,17,23,24,33,43,2100,2100,2100,2100,2100,79,0,9,67.09568860767118,5.551700000069104,2086.1973999999464,7887.632911392405
1782393909,2,,Aggregated,0.600000,0.000000,9,17,23,24,33,43,2100,2100,2100,2100,2100,79,0,9,67.09568860767118,5.551700000069104,2086.1973999999464,7887.632911392405
1782393910,2,,Aggregated,0.700000,0.000000,9,17,23,24,33,39,2100,2100,2100,2100,2100,81,0,9,66.04359753093354,5.551700000069104,2086.1973999999464,7952.111111111111
1782393911,2,,Aggregated,0.700000,0.000000,9,17,23,24,33,39,2100,2100,2100,2100,2100,81,0,9,66.04359753093354,5.551700000069104,2086.1973999999464,7952.111111111111
1782393912,2,,Aggregated,0.600000,0.000000,9,17,23,24,33,39,2100,2100,2100,2100,2100,82,0,9,65.32163902446017,5.551700000069104,2086.1973999999464,7917.170731707317
1782393913,2,,Aggregated,0.700000,0.000000,9,17,23,24,33,39,2100,2100,2100,2100,2100,83,0,9,64.69114457837371,5.551700000069104,2086.1973999999464,7948.277108433735
1782393914,2,,Aggregated,0.700000,0.000000,9,17,23,24,33,39,2100,2100,2100,2100,2100,83,0,9,64.69114457837371,5.551700000069104,2086.1973999999464,7948.277108433735
1782393915,2,,Aggregated,0.700000,0.000000,9,17,23,24,33,39,2100,2100,2100,2100,2100,84,0,9,63.99430595243281,5.551700000069104,2086.1973999999464,7923.476190476191
1782393916,2,,Aggregated,0.800000,0.000000,9,17,23,25,33,39,2100,2100,2100,2100,2100,85,0,9,63.53427411769885,5.551700000069104,2086.1973999999464,7953.7764705882355
1782393917,2,,Aggregated,0.800000,0.000000,9,17,23,25,33,39,2100,2100,2100,2100,2100,85,0,9,63.53427411769885,5.551700000069104,2086.1973999999464,7953.7764705882355
1782393918,2,,Aggregated,0.800000,0.000000,9,17,23,25,33,39,2100,2100,2100,2100,2100,85,0,9,63.53427411769885,5.551700000069104,2086.1973999999464,7953.7764705882355
1782393919,2,,Aggregated,0.700000,0.000000,13,17,23,24,33,39,2100,2100,2100,2100,2100,86,0,9,63.05166976749946,5.551700000069104,2086.1973999999464,7983.372093023256
1782393920,2,,Aggregated,0.700000,0.000000,13,17,23,24,33,39,2100,2100,2100,2100,2100,86,0,9,63.05166976749946,5.551700000069104,2086.1973999999464,7983.372093023256
1782393921,2,,Aggregated,0.600000,0.000000,9,17,23,24,33,39,2100,2100,2100,2100,2100,87,0,9,62.41555057476944,5.551700000069104,2086.1973999999464,7950.080459770115
1782393922,2,,Aggregated,0.600000,0.000000,9,17,23,24,33,39,2100,2100,2100,2100,2100,87,0,9,62.41555057476944,5.551700000069104,2086.1973999999464,7950.080459770115
1782393923,2,,Aggregated,0.500000,0.000000,10,17,23,24,33,39,2100,2100,2100,2100,2100,88,0,9,61.82373863642128,5.551700000069104,2086.1973999999464,7917.545454545455
1782393924,2,,Aggregated,0.500000,0.000000,10,17,23,24,33,39,2100,2100,2100,2100,2100,88,0,9,61.82373863642128,5.551700000069104,2086.1973999999464,7917.545454545455
1782393925,2,,Aggregated,0.500000,0.000000,10,17,23,24,33,39,2100,2100,2100,2100,2100,88,0,9,61.82373863642128,5.551700000069104,2086.1973999999464,7917.545454545455
1782393926,2,,Aggregated,0.500000,0.000000,9,17,23,24,33,39,2100,2100,2100,2100,2100,89,0,9,61.22861573039904,5.551700000069104,2086.1973999999464,7885.741573033708
1782393927,2,,Aggregated,0.500000,0.000000,9,17,23,24,33,39,2100,2100,2100,2100,2100,90,0,9,60.62649333339828,5.551700000069104,2086.1973999999464,7863.288888888889
1782393928,2,,Aggregated,0.500000,0.000000,9,17,23,24,33,39,2100,2100,2100,2100,2100,90,0,9,60.62649333339828,5.551700000069104,2086.1973999999464,7863.288888888889
1782393929,2,,Aggregated,0.400000,0.000000,9,17,23,24,28,39,2100,2100,2100,2100,2100,91,0,9,60.036492307757484,5.551700000069104,2086.1973999999464,7841.32967032967
1782393930,2,,Aggregated,0.500000,0.000000,9,15,23,24,28,39,2100,2100,2100,2100,2100,92,0,9,59.4596402174533,5.551700000069104,2086.1973999999464,7819.847826086957
1782393931,2,,Aggregated,0.500000,0.000000,9,15,23,24,28,39,2100,2100,2100,2100,2100,92,0,9,59.4596402174533,5.551700000069104,2086.1973999999464,7819.847826086957
1782393932,2,,Aggregated,0.500000,0.000000,9,15,23,24,28,39,2100,2100,2100,2100,2100,92,0,9,59.4596402174533,5.551700000069104,2086.1973999999464,7819.847826086957
1782393933,2,,Aggregated,0.600000,0.000000,9,17,23,24,33,39,2100,2100,2100,2100,2100,93,0,9,59.191194623709116,5.551700000069104,2086.1973999999464,7848.655913978495
1782393935,2,,Aggregated,0.500000,0.000000,9,17,23,24,33,39,2100,2100,2100,2100,2100,94,0,9,58.635974468135366,5.551700000069104,2086.1973999999464,7827.553191489362
1782393936,2,,Aggregated,0.500000,0.000000,9,17,23,24,33,39,2100,2100,2100,2100,2100,94,0,9,58.635974468135366,5.551700000069104,2086.1973999999464,7827.553191489362
1782393937,2,,Aggregated,0.500000,0.000000,9,17,23,24,33,39,2100,2100,2100,2100,2100,94,0,9,58.635974468135366,5.551700000069104,2086.1973999999464,7827.553191489362
1782393938,2,,Aggregated,0.500000,0.000000,9,17,23,24,33,39,2100,2100,2100,2100,2100,94,0,9,58.635974468135366,5.551700000069104,2086.1973999999464,7827.553191489362
1782393939,2,,Aggregated,0.500000,0.000000,9,17,23,24,33,39,2100,2100,2100,2100,2100,95,0,9,58.25606000005217,5.551700000069104,2086.1973999999464,7855.6736842105265
1782393940,2,,Aggregated,0.500000,0.000000,9,17,23,24,34,43,2100,2100,2100,2100,2100,96,0,9,58.3884750000531,5.551700000069104,2086.1973999999464,7883.208333333333
1782393941,2,,Aggregated,0.500000,0.000000,9,17,23,24,34,43,2100,2100,2100,2100,2100,96,0,9,58.3884750000531,5.551700000069104,2086.1973999999464,7883.208333333333
1782393942,2,,Aggregated,0.500000,0.000000,9,17,23,24,34,43,2100,2100,2100,2100,2100,97,0,9,57.964304123761956,5.551700000069104,2086.1973999999464,7910.1752577319585
1782393943,2,,Aggregated,0.500000,0.000000,9,17,23,24,34,43,2100,2100,2100,2100,2100,97,0,9,57.964304123761956,5.551700000069104,2086.1973999999464,7910.1752577319585
1782393944,2,,Aggregated,0.400000,0.000000,9,17,23,24,34,43,2100,2100,2100,2100,2100,99,0,9,57.08658686872889,5.551700000069104,2086.1973999999464,7907.80808080808
1782393945,2,,Aggregated,0.400000,0.000000,9,17,23,24,34,43,2100,2100,2100,2100,2100,99,0,9,57.08658686872889,5.551700000069104,2086.1973999999464,7907.80808080808
1782393946,2,,Aggregated,0.400000,0.000000,9,17,23,24,34,43,2100,2100,2100,2100,2100,99,0,9,57.08658686872889,5.551700000069104,2086.1973999999464,7907.80808080808
1782393947,2,,Aggregated,0.600000,0.000000,9,17,23,24,34,43,2100,2100,2100,2100,2100,100,0,9,56.58259900003941,5.551700000069104,2086.1973999999464,7887.38
1782393948,2,,Aggregated,0.500000,0.000000,9,17,23,24,33,39,71,2100,2100,2100,2100,101,0,9,56.170735643601155,5.551700000069104,2086.1973999999464,7913.237623762377
1782393949,2,,Aggregated,0.500000,0.000000,9,17,23,24,33,39,71,2100,2100,2100,2100,101,0,9,56.170735643601155,5.551700000069104,2086.1973999999464,7913.237623762377
1782393950,2,,Aggregated,0.500000,0.000000,9,17,23,24,33,39,71,2100,2100,2100,2100,101,0,9,56.170735643601155,5.551700000069104,2086.1973999999464,7913.237623762377
1782393951,2,,Aggregated,0.600000,0.000000,9,17,23,24,33,39,71,2100,2100,2100,2100,103,0,9,55.369383495179015,5.551700000069104,2086.1973999999464,7910.902912621359
1782393952,2,,Aggregated,0.600000,0.000000,9,17,23,24,33,39,71,2100,2100,2100,2100,103,0,9,55.369383495179015,5.551700000069104,2086.1973999999464,7910.902912621359
1782393953,2,,Aggregated,0.600000,0.000000,9,17,23,24,33,39,71,2100,2100,2100,2100,103,0,9,55.369383495179015,5.551700000069104,2086.1973999999464,7910.902912621359
1782393954,2,,Aggregated,0.700000,0.000000,10,17,23,24,33,39,71,2100,2100,2100,2100,105,0,10,54.61750190479506,5.551700000069104,2086.1973999999464,7960.2
1782393955,2,,Aggregated,0.700000,0.000000,10,17,23,24,33,39,71,2100,2100,2100,2100,105,0,10,54.61750190479506,5.551700000069104,2086.1973999999464,7960.2
1782393956,2,,Aggregated,0.700000,0.000000,10,17,23,24,33,39,71,2100,2100,2100,2100,105,0,10,54.61750190479506,5.551700000069104,2086.1973999999464,7960.2
1782393957,2,,Aggregated,0.700000,0.000000,10,17,23,24,33,39,71,2100,2100,2100,2100,105,0,10,54.61750190479506,5.551700000069104,2086.1973999999464,7960.2
1782393958,2,,Aggregated,0.600000,0.000000,10,17,23,24,33,39,71,2100,2100,2100,2100,106,0,9,54.16254433965768,5.551700000069104,2086.1973999999464,7940.433962264151
1782393959,2,,Aggregated,0.600000,0.000000,10,17,23,24,33,39,71,2100,2100,2100,2100,107,0,10,53.86080280376833,5.551700000069104,2086.1973999999464,7964.345794392523
1782393960,2,,Aggregated,0.600000,0.000000,10,17,23,24,33,39,71,2100,2100,2100,2100,107,0,10,53.86080280376833,5.551700000069104,2086.1973999999464,7964.345794392523
1782393961,2,,Aggregated,0.600000,0.000000,10,17,23,24,33,39,71,2100,2100,2100,2100,107,0,10,53.86080280376833,5.551700000069104,2086.1973999999464,7964.345794392523
1782393962,2,,Aggregated,0.600000,0.000000,10,17,23,24,33,39,71,2100,2100,2100,2100,108,0,9,53.43323796298844,5.551700000069104,2086.1973999999464,7944.907407407408
1782393963,2,,Aggregated,0.600000,0.000000,10,17,23,24,33,39,71,2100,2100,2100,2100,109,0,10,53.21371284405751,5.551700000069104,2086.1973999999464,7968.339449541284
1782393964,2,,Aggregated,0.600000,0.000000,10,17,23,24,33,39,71,2100,2100,2100,2100,109,0,10,53.21371284405751,5.551700000069104,2086.1973999999464,7968.339449541284
1782393965,2,,Aggregated,0.600000,0.000000,10,17,23,24,33,39,71,2100,2100,2100,2100,110,0,9,52.801181818201506,5.551700000069104,2086.1973999999464,7949.218181818182
1782393966,2,,Aggregated,0.600000,0.000000,10,17,23,24,33,39,71,2100,2100,2100,2100,110,0,9,52.801181818201506,5.551700000069104,2086.1973999999464,7949.218181818182
1782393967,2,,Aggregated,0.400000,0.000000,13,17,23,24,30,39,71,2100,2100,2100,2100,112,0,10,52.18650089287686,5.551700000069104,2086.1973999999464,7994.75
1782393968,2,,Aggregated,0.400000,0.000000,13,17,23,24,30,39,71,2100,2100,2100,2100,112,0,10,52.18650089287686,5.551700000069104,2086.1973999999464,7994.75
1782393969,2,,Aggregated,0.400000,0.000000,13,17,23,24,30,39,71,2100,2100,2100,2100,112,0,10,52.18650089287686,5.551700000069104,2086.1973999999464,7994.75
1782393970,2,,Aggregated,0.600000,0.000000,12,17,23,24,30,39,71,2100,2100,2100,2100,113,0,12,51.8299398230239,5.551700000069104,2086.1973999999464,8016.911504424779
1782393971,2,,Aggregated,0.700000,0.000000,12,17,23,24,30,39,71,2100,2100,2100,2100,114,0,10,51.431203508791285,5.551700000069104,2086.1973999999464,7991.210526315789
1782393972,2,,Aggregated,0.500000,0.000000,12,17,23,24,30,39,71,2100,2100,2100,2100,115,0,12,51.15853217393242,5.551700000069104,2086.1973999999464,8013.017391304348
1782393973,2,,Aggregated,0.500000,0.000000,12,17,23,24,30,39,71,2100,2100,2100,2100,115,0,12,51.15853217393242,5.551700000069104,2086.1973999999464,8013.017391304348
1782393974,2,,Aggregated,0.500000,0.000000,12,17,23,24,30,39,71,2100,2100,2100,2100,115,0,12,51.15853217393242,5.551700000069104,2086.1973999999464,8013.017391304348
1782393975,2,,Aggregated,0.600000,0.000000,12,18,23,24,30,39,71,2100,2100,2100,2100,117,0,12,50.58298974360626,5.551700000069104,2086.1973999999464,8009.25641025641
1782393976,2,,Aggregated,0.600000,0.000000,12,18,23,24,30,39,71,2100,2100,2100,2100,117,0,12,50.58298974360626,5.551700000069104,2086.1973999999464,8009.25641025641
1782393977,2,,Aggregated,0.600000,0.000000,12,18,23,24,30,39,71,2100,2100,2100,2100,117,0,12,50.58298974360626,5.551700000069104,2086.1973999999464,8009.25641025641
1782393978,2,,Aggregated,0.600000,0.000000,12,18,23,24,30,39,71,2100,2100,2100,2100,117,0,12,50.58298974360626,5.551700000069104,2086.1973999999464,8009.25641025641
1782393979,2,,Aggregated,0.600000,0.000000,12,18,23,24,30,39,71,2100,2100,2100,2100,119,0,12,49.97592941178306,5.551700000069104,2086.1973999999464,8012.1596638655465
1782393980,2,,Aggregated,0.600000,0.000000,12,18,23,24,30,39,71,2100,2100,2100,2100,119,0,12,49.97592941178306,5.551700000069104,2086.1973999999464,8012.1596638655465
1782393981,2,,Aggregated,0.600000,0.000000,12,18,23,24,30,39,71,2100,2100,2100,2100,119,0,12,49.97592941178306,5.551700000069104,2086.1973999999464,8012.1596638655465
1782393982,2,,Aggregated,0.600000,0.000000,13,18,23,24,30,39,71,2100,2100,2100,2100,120,0,12,49.67285666668128,5.551700000069104,2086.1973999999464,8032.883333333333
1782393983,2,,Aggregated,0.600000,0.000000,12,17,23,24,29,37,71,2100,2100,2100,2100,121,0,12,49.36474545456428,5.551700000069104,2086.1973999999464,8053.264462809917
1782393984,2,,Aggregated,0.600000,0.000000,12,17,23,24,29,37,71,2100,2100,2100,2100,121,0,12,49.36474545456428,5.551700000069104,2086.1973999999464,8053.264462809917
1782393985,2,,Aggregated,0.600000,0.000000,13,18,23,24,29,37,71,2100,2100,2100,2100,122,0,12,49.15006311477078,5.551700000069104,2086.1973999999464,8073.311475409836
1782393986,2,,Aggregated,0.600000,0.000000,13,18,23,24,29,37,71,2100,2100,2100,2100,122,0,12,49.15006311477078,5.551700000069104,2086.1973999999464,8073.311475409836
1782393987,2,,Aggregated,0.600000,0.000000,13,18,23,24,29,37,71,2100,2100,2100,2100,122,0,12,49.15006311477078,5.551700000069104,2086.1973999999464,8073.311475409836
1782393988,2,,Aggregated,0.500000,0.000000,12,17,23,24,29,37,71,2100,2100,2100,2100,124,0,12,48.45469677421064,5.551700000069104,2086.1973999999464,8037.693548387097
1782393989,2,,Aggregated,0.500000,0.000000,12,17,23,24,29,37,71,2100,2100,2100,2100,124,0,12,48.45469677421064,5.551700000069104,2086.1973999999464,8037.693548387097
1782393990,2,,Aggregated,0.500000,0.000000,12,17,23,24,29,37,71,2100,2100,2100,2100,124,0,12,48.45469677421064,5.551700000069104,2086.1973999999464,8037.693548387097
1782393991,2,,Aggregated,0.500000,0.000000,12,17,23,24,29,37,71,2100,2100,2100,2100,124,0,12,48.45469677421064,5.551700000069104,2086.1973999999464,8037.693548387097
1782393992,2,,Aggregated,0.500000,0.000000,12,18,23,24,30,37,71,2100,2100,2100,2100,126,0,12,47.994743650814065,5.551700000069104,2086.1973999999464,8033.809523809524
1782393993,2,,Aggregated,0.500000,0.000000,12,18,23,24,30,37,71,2100,2100,2100,2100,126,0,12,47.994743650814065,5.551700000069104,2086.1973999999464,8033.809523809524
1782393994,2,,Aggregated,0.500000,0.000000,12,18,23,24,30,37,71,2100,2100,2100,2100,126,0,12,47.994743650814065,5.551700000069104,2086.1973999999464,8033.809523809524
1782393995,2,,Aggregated,0.500000,0.000000,12,18,23,24,30,37,71,2100,2100,2100,2100,126,0,12,47.994743650814065,5.551700000069104,2086.1973999999464,8033.809523809524
1782393996,2,,Aggregated,0.500000,0.000000,12,18,23,24,30,37,71,2100,2100,2100,2100,127,0,12,47.809802362223316,5.551700000069104,2086.1973999999464,8053.220472440945
1782393997,2,,Aggregated,0.500000,0.000000,12,18,23,24,30,37,71,2100,2100,2100,2100,128,0,12,47.528307031264205,5.551700000069104,2086.1973999999464,8072.328125
1782393998,2,,Aggregated,0.500000,0.000000,12,18,23,24,30,37,71,2100,2100,2100,2100,128,0,12,47.528307031264205,5.551700000069104,2086.1973999999464,8072.328125
1782393999,2,,Aggregated,0.600000,0.000000,12,18,23,24,30,37,71,2100,2100,2100,2100,129,0,12,47.21285116280455,5.551700000069104,2086.1973999999464,8055.217054263566
1782394000,2,,Aggregated,0.400000,0.000000,12,17,23,24,30,37,71,2100,2100,2100,2100,130,0,12,46.89764076924453,5.551700000069104,2086.1973999999464,8032.384615384615
1782394001,2,,Aggregated,0.400000,0.000000,12,17,23,24,29,37,71,2100,2100,2100,2100,131,0,12,46.59781984733882,5.551700000069104,2086.1973999999464,8009.900763358779
1782394002,2,,Aggregated,0.400000,0.000000,12,17,23,24,29,37,71,2100,2100,2100,2100,131,0,12,46.59781984733882,5.551700000069104,2086.1973999999464,8009.900763358779
1782394003,2,,Aggregated,0.500000,0.000000,12,18,23,24,29,37,71,2100,2100,2100,2100,132,0,12,46.40780151516027,5.551700000069104,2086.1973999999464,8028.757575757576
1782394004,2,,Aggregated,0.500000,0.000000,12,18,23,24,29,37,71,2100,2100,2100,2100,132,0,12,46.40780151516027,5.551700000069104,2086.1973999999464,8028.757575757576
1782394005,2,,Aggregated,0.700000,0.000000,12,17,23,24,29,37,71,2100,2100,2100,2100,133,0,12,46.104215037604106,5.551700000069104,2086.1973999999464,8012.488721804511
1782394006,2,,Aggregated,0.700000,0.000000,12,17,23,24,29,37,71,2100,2100,2100,2100,133,0,12,46.104215037604106,5.551700000069104,2086.1973999999464,8012.488721804511
1782394007,2,,Aggregated,0.700000,0.000000,12,17,23,24,29,37,71,2100,2100,2100,2100,133,0,12,46.104215037604106,5.551700000069104,2086.1973999999464,8012.488721804511
1782394008,2,,Aggregated,0.700000,0.000000,12,18,23,24,29,37,71,2100,2100,2100,2100,135,0,12,45.65907925927469,5.551700000069104,2086.1973999999464,8009.237037037037
1782394009,2,,Aggregated,0.700000,0.000000,12,18,23,24,29,37,71,2100,2100,2100,2100,135,0,12,45.65907925927469,5.551700000069104,2086.1973999999464,8009.237037037037
1782394010,2,,Aggregated,0.700000,0.000000,12,18,23,24,29,37,71,2100,2100,2100,2100,135,0,12,45.65907925927469,5.551700000069104,2086.1973999999464,8009.237037037037
1782394011,2,,Aggregated,0.700000,0.000000,12,17,23,24,29,37,71,2100,2100,2100,2100,137,0,12,45.15653722629282,5.551700000069104,2086.1973999999464,8011.759124087591
1782394012,2,,Aggregated,0.700000,0.000000,12,17,23,24,29,37,71,2100,2100,2100,2100,137,0,12,45.15653722629282,5.551700000069104,2086.1973999999464,8011.759124087591
1782394013,2,,Aggregated,0.700000,0.000000,12,17,23,24,29,37,71,2100,2100,2100,2100,137,0,12,45.15653722629282,5.551700000069104,2086.1973999999464,8011.759124087591
1782394014,2,,Aggregated,0.600000,0.000000,12,17,23,24,29,37,71,2100,2100,2100,2100,139,0,12,44.7754582733952,5.551700000069104,2086.1973999999464,8014.208633093525
1782394015,2,,Aggregated,0.600000,0.000000,12,17,23,24,29,37,71,2100,2100,2100,2100,139,0,12,44.7754582733952,5.551700000069104,2086.1973999999464,8014.208633093525
1782394016,2,,Aggregated,0.600000,0.000000,12,17,23,24,29,37,71,2100,2100,2100,2100,139,0,12,44.7754582733952,5.551700000069104,2086.1973999999464,8014.208633093525
1782394017,2,,Aggregated,0.600000,0.000000,12,17,23,24,29,37,71,2100,2100,2100,2100,140,0,10,44.49811857144336,5.551700000069104,2086.1973999999464,7998.857142857143
1782394018,2,,Aggregated,0.600000,0.000000,12,17,23,24,29,35,71,2100,2100,2100,2100,141,0,12,44.26865035462302,5.551700000069104,2086.1973999999464,8016.58865248227
1782394019,2,,Aggregated,0.600000,0.000000,12,17,23,24,29,35,71,2100,2100,2100,2100,141,0,12,44.26865035462302,5.551700000069104,2086.1973999999464,8016.58865248227
1782394020,2,,Aggregated,0.500000,0.000000,12,17,23,24,29,35,71,2100,2100,2100,2100,142,0,10,44.0036556338129,5.551700000069104,2086.1973999999464,8001.43661971831
1782394021,2,,Aggregated,0.600000,0.000000,10,17,23,24,29,35,71,2100,2100,2100,2100,143,0,10,43.74023216783902,5.551700000069104,2086.1973999999464,7986.4965034965035
1782394022,2,,Aggregated,0.600000,0.000000,10,17,23,24,29,35,71,2100,2100,2100,2100,143,0,10,43.74023216783902,5.551700000069104,2086.1973999999464,7986.4965034965035
1782394023,2,,Aggregated,0.600000,0.000000,10,17,23,24,29,35,71,2100,2100,2100,2100,143,0,10,43.74023216783902,5.551700000069104,2086.1973999999464,7986.4965034965035
1782394024,2,,Aggregated,0.600000,0.000000,12,17,23,24,29,35,71,2100,2100,2100,2100,144,0,10,43.593603472231734,5.551700000069104,2086.1973999999464,8003.944444444444
1782394025,2,,Aggregated,0.600000,0.000000,10,17,23,24,29,35,71,2100,2100,2100,2100,145,0,10,43.33298413793869,5.551700000069104,2086.1973999999464,7989.193103448276
1782394026,2,,Aggregated,0.600000,0.000000,10,17,23,24,29,35,71,2100,2100,2100,2100,145,0,10,43.33298413793869,5.551700000069104,2086.1973999999464,7989.193103448276
1782394027,2,,Aggregated,0.600000,0.000000,10,17,23,24,29,35,71,2100,2100,2100,2100,145,0,10,43.33298413793869,5.551700000069104,2086.1973999999464,7989.193103448276
1782394028,2,,Aggregated,0.600000,0.000000,12,17,23,24,29,35,71,2100,2100,2100,2100,147,0,12,43.0435904761932,5.551700000069104,2086.1973999999464,8023.340136054422
1782394029,2,,Aggregated,0.600000,0.000000,12,17,23,24,29,35,71,2100,2100,2100,2100,147,0,12,43.0435904761932,5.551700000069104,2086.1973999999464,8023.340136054422
1782394030,2,,Aggregated,0.600000,0.000000,12,17,23,24,29,35,71,2100,2100,2100,2100,147,0,12,43.0435904761932,5.551700000069104,2086.1973999999464,8023.340136054422
1782394031,2,,Aggregated,0.600000,0.000000,12,17,23,24,29,35,71,2100,2100,2100,2100,149,0,12,42.66373221476567,5.551700000069104,2086.1973999999464,8025.4697986577185
1782394032,2,,Aggregated,0.600000,0.000000,12,17,23,24,29,35,71,2100,2100,2100,2100,149,0,12,42.66373221476567,5.551700000069104,2086.1973999999464,8025.4697986577185
1782394033,2,,Aggregated,0.500000,0.000000,12,18,23,24,29,35,44,2100,2100,2100,2100,151,0,12,42.44032913906845,5.551700000069104,2086.1973999999464,8058.23178807947
1782394034,2,,Aggregated,0.500000,0.000000,12,18,23,24,29,35,44,2100,2100,2100,2100,151,0,12,42.44032913906845,5.551700000069104,2086.1973999999464,8058.23178807947
1782394035,2,,Aggregated,0.500000,0.000000,12,18,23,24,29,35,44,2100,2100,2100,2100,151,0,12,42.44032913906845,5.551700000069104,2086.1973999999464,8058.23178807947
1782394036,2,,Aggregated,0.800000,0.000000,12,18,23,24,29,35,44,2100,2100,2100,2100,152,0,12,42.204667763150226,5.551700000069104,2086.1973999999464,8038.684210526316
1782394037,2,,Aggregated,0.700000,0.000000,12,18,23,24,29,35,44,2100,2100,2100,2100,153,0,12,42.07595686273552,5.551700000069104,2086.1973999999464,8054.764705882353
1782394038,2,,Aggregated,0.700000,0.000000,12,18,23,24,29,35,44,2100,2100,2100,2100,153,0,12,42.07595686273552,5.551700000069104,2086.1973999999464,8054.764705882353
1782394039,2,,Aggregated,0.700000,0.000000,12,18,23,24,29,35,44,2100,2100,2100,2100,153,0,12,42.07595686273552,5.551700000069104,2086.1973999999464,8054.764705882353
1782394040,2,,Aggregated,0.800000,0.000000,12,18,23,24,29,35,44,2100,2100,2100,2100,154,0,12,41.84615454544525,5.551700000069104,2086.1973999999464,8035.493506493506
1782394041,2,,Aggregated,0.600000,0.000000,12,18,23,24,29,35,44,2100,2100,2100,2100,155,0,12,41.66792774192859,5.551700000069104,2086.1973999999464,8051.387096774193
1782394042,2,,Aggregated,0.600000,0.000000,12,18,23,24,29,35,44,2100,2100,2100,2100,155,0,12,41.66792774192859,5.551700000069104,2086.1973999999464,8051.387096774193
1782394043,2,,Aggregated,0.700000,0.000000,12,17,23,24,29,35,44,2100,2100,2100,2100,156,0,12,41.443424358966205,5.551700000069104,2086.1973999999464,8037.371794871795
1782394044,2,,Aggregated,0.700000,0.000000,12,17,23,24,29,35,44,2100,2100,2100,2100,156,0,12,41.443424358966205,5.551700000069104,2086.1973999999464,8037.371794871795
1782394046,2,,Aggregated,0.600000,0.000000,12,17,23,24,29,35,44,2100,2100,2100,2100,157,0,12,41.22148216559769,5.551700000069104,2086.1973999999464,8023.535031847134
1782394047,2,,Aggregated,0.500000,0.000000,12,17,23,24,29,35,44,2100,2100,2100,2100,158,0,10,41.00642911392162,5.551700000069104,2086.1973999999464,8009.873417721519
1782394048,2,,Aggregated,0.500000,0.000000,12,17,23,24,29,35,44,2100,2100,2100,2100,158,0,10,41.00642911392162,5.551700000069104,2086.1973999999464,8009.873417721519
1782394049,2,,Aggregated,0.500000,0.000000,12,17,23,24,29,35,44,2100,2100,2100,2100,158,0,10,41.00642911392162,5.551700000069104,2086.1973999999464,8009.873417721519
1782394050,2,,Aggregated,0.600000,0.000000,10,17,23,24,29,35,44,2100,2100,2100,2100,160,0,9,40.58040125000275,5.551700000069104,2086.1973999999464,7983.0625
1782394051,2,,Aggregated,0.600000,0.000000,10,17,23,24,29,35,44,2100,2100,2100,2100,160,0,9,40.58040125000275,5.551700000069104,2086.1973999999464,7983.0625
1782394052,2,,Aggregated,0.600000,0.000000,10,17,23,24,29,35,44,2100,2100,2100,2100,160,0,9,40.58040125000275,5.551700000069104,2086.1973999999464,7983.0625
1782394053,2,,Aggregated,0.700000,0.000000,10,17,23,24,29,35,44,2100,2100,2100,2100,161,0,10,40.48109875777006,5.551700000069104,2086.1973999999464,7998.689440993789
1782394054,2,,Aggregated,0.500000,0.000000,10,17,23,24,29,35,44,2100,2100,2100,2100,162,0,9,40.274845061733764,5.551700000069104,2086.1973999999464,7985.518518518518
1782394055,2,,Aggregated,0.500000,0.000000,10,17,23,24,29,35,44,2100,2100,2100,2100,162,0,9,40.274845061733764,5.551700000069104,2086.1973999999464,7985.518518518518
1782394056,2,,Aggregated,0.500000,0.000000,10,17,23,24,29,35,44,2100,2100,2100,2100,162,0,9,40.274845061733764,5.551700000069104,2086.1973999999464,7985.518518518518
1782394057,2,,Aggregated,0.500000,0.000000,9,17,23,24,29,35,44,2100,2100,2100,2100,163,0,9,40.07917730061666,5.551700000069104,2086.1973999999464,7972.509202453988
1782394058,2,,Aggregated,0.600000,0.000000,10,17,23,24,29,35,44,2100,2100,2100,2100,164,0,9,39.99684817073635,5.551700000069104,2086.1973999999464,7987.914634146341
1782394059,2,,Aggregated,0.600000,0.000000,10,17,23,24,29,35,44,2100,2100,2100,2100,164,0,9,39.99684817073635,5.551700000069104,2086.1973999999464,7987.914634146341
1782394060,2,,Aggregated,0.600000,0.000000,10,17,23,24,29,35,44,2100,2100,2100,2100,164,0,9,39.99684817073635,5.551700000069104,2086.1973999999464,7987.914634146341
1782394061,2,,Aggregated,0.600000,0.000000,9,17,23,24,29,35,44,2100,2100,2100,2100,166,0,9,39.59684397590623,5.551700000069104,2086.1973999999464,7957.650602409639
1782394062,2,,Aggregated,0.600000,0.000000,9,17,23,24,29,35,44,2100,2100,2100,2100,166,0,9,39.59684397590623,5.551700000069104,2086.1973999999464,7957.650602409639
1782394063,2,,Aggregated,0.600000,0.000000,9,17,23,24,29,35,44,2100,2100,2100,2100,166,0,9,39.59684397590623,5.551700000069104,2086.1973999999464,7957.650602409639
1782394064,2,,Aggregated,0.600000,0.000000,9,17,23,24,29,35,44,2100,2100,2100,2100,166,0,9,39.59684397590623,5.551700000069104,2086.1973999999464,7957.650602409639
1782394065,2,,Aggregated,0.500000,0.000000,10,17,23,24,29,35,44,2100,2100,2100,2100,168,0,9,39.338866071429514,5.551700000069104,2086.1973999999464,7987.9047619047615
1782394066,2,,Aggregated,0.500000,0.000000,10,17,23,24,29,35,44,2100,2100,2100,2100,168,0,9,39.338866071429514,5.551700000069104,2086.1973999999464,7987.9047619047615
1782394067,2,,Aggregated,0.500000,0.000000,10,17,23,24,29,35,44,2100,2100,2100,2100,168,0,9,39.338866071429514,5.551700000069104,2086.1973999999464,7987.9047619047615
1782394068,2,,Aggregated,0.600000,0.000000,10,17,23,24,29,35,44,2100,2100,2100,2100,170,0,9,38.986901764704214,5.5438999997932115,2086.1973999999464,7985.611764705883
1782394069,2,,Aggregated,0.600000,0.000000,10,17,23,24,29,35,44,2100,2100,2100,2100,170,0,9,38.986901764704214,5.5438999997932115,2086.1973999999464,7985.611764705883
1782394070,2,,Aggregated,0.600000,0.000000,10,17,23,24,29,35,44,2100,2100,2100,2100,170,0,9,38.986901764704214,5.5438999997932115,2086.1973999999464,7985.611764705883
1782394071,2,,Aggregated,0.600000,0.000000,9,17,23,23,28,35,44,2100,2100,2100,2100,172,0,9,38.609545930232215,5.5438999997932115,2086.1973999999464,7951.906976744186
1782394072,2,,Aggregated,0.600000,0.000000,9,17,23,23,28,35,44,2100,2100,2100,2100,172,0,9,38.609545930232215,5.5438999997932115,2086.1973999999464,7951.906976744186
1782394073,2,,Aggregated,0.600000,0.000000,9,17,23,23,28,35,44,2100,2100,2100,2100,172,0,9,38.609545930232215,5.5438999997932115,2086.1973999999464,7951.906976744186
1782394074,2,,Aggregated,0.600000,0.000000,9,17,23,23,28,35,44,2100,2100,2100,2100,173,0,9,38.4203942196498,5.5438999997932115,2086.1973999999464,7935.346820809248
1782394075,2,,Aggregated,0.600000,0.000000,9,17,23,23,28,35,44,2100,2100,2100,2100,173,0,9,38.4203942196498,5.5438999997932115,2086.1973999999464,7935.346820809248
1782394076,2,,Aggregated,0.600000,0.000000,9,17,23,24,29,35,44,2100,2100,2100,2100,174,0,9,38.37845344827363,5.5438999997932115,2086.1973999999464,7950.080459770115
1782394077,2,,Aggregated,0.600000,0.000000,9,17,23,24,29,35,44,2100,2100,2100,2100,174,0,9,38.37845344827363,5.5438999997932115,2086.1973999999464,7950.080459770115
1782394078,2,,Aggregated,0.600000,0.000000,9,17,23,23,29,35,44,2100,2100,2100,2100,176,0,9,38.04741874999577,5.5438999997932115,2086.1973999999464,7952.715909090909
1782394079,2,,Aggregated,0.600000,0.000000,9,17,23,23,29,35,44,2100,2100,2100,2100,176,0,9,38.04741874999577,5.5438999997932115,2086.1973999999464,7952.715909090909
1782394080,2,,Aggregated,0.600000,0.000000,9,17,23,23,29,35,44,2100,2100,2100,2100,176,0,9,38.04741874999577,5.5438999997932115,2086.1973999999464,7952.715909090909
1782394081,2,,Aggregated,0.600000,0.000000,9,15,23,23,29,35,44,2100,2100,2100,2100,177,0,9,37.871154237284,5.5438999997932115,2086.1973999999464,7940.920903954802
1782394082,2,,Aggregated,0.600000,0.000000,9,15,23,23,29,35,44,2100,2100,2100,2100,178,0,9,37.69069999999486,5.5438999997932115,2086.1973999999464,7924.887640449439
1782394083,2,,Aggregated,0.600000,0.000000,9,17,23,24,29,35,44,2100,2100,2100,2100,179,0,9,37.61514245809712,5.5438999997932115,2086.1973999999464,7939.268156424581
1782394084,2,,Aggregated,0.600000,0.000000,9,17,23,24,29,35,44,2100,2100,2100,2100,179,0,9,37.61514245809712,5.5438999997932115,2086.1973999999464,7939.268156424581
1782394085,2,,Aggregated,0.600000,0.000000,9,15,23,24,29,35,44,2100,2100,2100,2100,180,0,9,37.45164333333074,5.5438999997932115,2086.1973999999464,7927.7444444444445
1782394086,2,,Aggregated,0.600000,0.000000,9,15,23,24,29,35,44,2100,2100,2100,2100,180,0,9,37.45164333333074,5.5438999997932115,2086.1973999999464,7927.7444444444445
1782394087,2,,Aggregated,0.600000,0.000000,9,15,23,24,29,35,44,2100,2100,2100,2100,180,0,9,37.45164333333074,5.5438999997932115,2086.1973999999464,7927.7444444444445
1782394088,2,,Aggregated,0.600000,0.000000,9,15,23,23,28,34,44,2100,2100,2100,2100,182,0,9,37.12596043955533,5.5438999997932115,2086.1973999999464,7905.076923076923
1782394089,2,,Aggregated,0.600000,0.000000,9,15,23,23,28,34,44,2100,2100,2100,2100,182,0,9,37.12596043955533,5.5438999997932115,2086.1973999999464,7905.076923076923
1782394090,2,,Aggregated,0.600000,0.000000,9,15,23,23,28,34,44,2100,2100,2100,2100,183,0,9,36.95919453551395,5.5438999997932115,2086.1973999999464,7889.6775956284155
1782394091,2,,Aggregated,0.600000,0.000000,9,15,23,23,28,34,44,2100,2100,2100,2100,183,0,9,36.95919453551395,5.5438999997932115,2086.1973999999464,7889.6775956284155
1782394092,2,,Aggregated,0.600000,0.000000,9,15,23,23,28,34,44,2100,2100,2100,2100,184,0,9,36.7890413043399,5.5438999997932115,2086.1973999999464,7878.673913043478
1782394093,2,,Aggregated,0.700000,0.000000,9,15,23,24,29,34,44,2100,2100,2100,2100,185,0,9,36.76501945945445,5.5438999997932115,2086.1973999999464,7892.8378378378375
1782394094,2,,Aggregated,0.600000,0.000000,9,15,23,23,29,34,44,2100,2100,2100,2100,186,0,9,36.60238763440473,5.5438999997932115,2086.1973999999464,7881.935483870968
1782394095,2,,Aggregated,0.600000,0.000000,9,15,23,23,29,34,44,2100,2100,2100,2100,187,0,9,36.440954010691115,5.5438999997932115,2086.1973999999464,7866.989304812834
1782394096,2,,Aggregated,0.600000,0.000000,9,15,23,23,29,34,44,2100,2100,2100,2100,187,0,9,36.440954010691115,5.5438999997932115,2086.1973999999464,7866.989304812834
1782394097,2,,Aggregated,0.600000,0.000000,9,15,23,23,29,34,44,2100,2100,2100,2100,187,0,9,36.440954010691115,5.5438999997932115,2086.1973999999464,7866.989304812834
1782394098,2,,Aggregated,0.800000,0.000000,9,15,23,24,29,34,44,2100,2100,2100,2100,189,0,9,36.25471428571107,5.5438999997932115,2086.1973999999464,7894.841269841269
1782394099,2,,Aggregated,0.800000,0.000000,9,15,23,24,29,34,44,2100,2100,2100,2100,189,0,9,36.25471428571107,5.5438999997932115,2086.1973999999464,7894.841269841269
1782394100,2,,Aggregated,0.800000,0.000000,9,15,23,24,29,34,44,2100,2100,2100,2100,189,0,9,36.25471428571107,5.5438999997932115,2086.1973999999464,7894.841269841269
1782394101,2,,Aggregated,0.700000,0.000000,9,15,23,24,29,34,44,2100,2100,2100,2100,190,0,9,36.09167210525859,5.276699999740231,2086.1973999999464,7880.063157894737
1782394102,2,,Aggregated,0.600000,0.000000,9,15,23,23,28,34,44,2100,2100,2100,2100,191,0,9,35.936988481669836,5.276699999740231,2086.1973999999464,7869.513089005236
1782394103,2,,Aggregated,0.600000,0.000000,9,15,23,23,28,34,44,2100,2100,2100,2100,191,0,9,35.936988481669836,5.276699999740231,2086.1973999999464,7869.513089005236
1782394104,2,,Aggregated,0.600000,0.000000,9,15,23,23,28,34,44,2100,2100,2100,2100,191,0,9,35.936988481669836,5.276699999740231,2086.1973999999464,7869.513089005236
1782394105,2,,Aggregated,0.600000,0.000000,9,15,23,23,28,34,44,2100,2100,2100,2100,192,0,9,35.87118749999263,5.276699999740231,2086.1973999999464,7883.208333333333
1782394106,2,,Aggregated,0.500000,0.000000,9,15,23,23,28,34,44,2100,2100,2100,2100,193,0,9,35.728726942999074,5.276699999740231,2086.1973999999464,7872.751295336788
1782394107,2,,Aggregated,0.500000,0.000000,9,15,23,23,28,34,44,2100,2100,2100,2100,193,0,9,35.728726942999074,5.276699999740231,2086.1973999999464,7872.751295336788
1782394108,2,,Aggregated,0.500000,0.000000,9,15,23,23,28,34,44,2100,2100,2100,2100,193,0,9,35.728726942999074,5.276699999740231,2086.1973999999464,7872.751295336788
1782394109,2,,Aggregated,0.600000,0.000000,8,15,23,23,28,34,44,2100,2100,2100,2100,195,0,8,35.41959794871125,5.276699999740231,2086.1973999999464,7852.158974358975
1782394110,2,,Aggregated,0.600000,0.000000,8,15,23,23,28,34,44,2100,2100,2100,2100,195,0,8,35.41959794871125,5.276699999740231,2086.1973999999464,7852.158974358975
1782394111,2,,Aggregated,0.600000,0.000000,8,15,23,23,28,34,44,2100,2100,2100,2100,195,0,8,35.41959794871125,5.276699999740231,2086.1973999999464,7852.158974358975
1782394112,2,,Aggregated,0.600000,0.000000,8,15,23,23,28,34,44,2100,2100,2100,2100,195,0,8,35.41959794871125,5.276699999740231,2086.1973999999464,7852.158974358975
1782394113,2,,Aggregated,0.600000,0.000000,8,15,23,23,28,34,44,2100,2100,2100,2100,197,0,8,35.221408121823366,5.276699999740231,2086.1973999999464,7855.507614213198
1782394114,2,,Aggregated,0.600000,0.000000,8,15,23,23,28,34,44,2100,2100,2100,2100,197,0,8,35.221408121823366,5.276699999740231,2086.1973999999464,7855.507614213198
1782394115,2,,Aggregated,0.500000,0.000000,8,15,23,23,28,34,44,2100,2100,2100,2100,198,0,8,35.0788636363572,5.276699999740231,2086.1973999999464,7845.454545454545
1782394116,2,,Aggregated,0.500000,0.000000,8,15,23,23,28,34,44,2100,2100,2100,2100,198,0,8,35.0788636363572,5.276699999740231,2086.1973999999464,7845.454545454545
1782394117,2,,Aggregated,0.500000,0.000000,8,15,23,23,28,34,44,2100,2100,2100,2100,199,0,8,34.933999497480734,5.276699999740231,2086.1973999999464,7835.502512562814
1782394118,2,,Aggregated,0.500000,0.000000,8,15,23,23,28,34,44,2100,2100,2100,2100,199,0,8,34.933999497480734,5.276699999740231,2086.1973999999464,7835.502512562814
1782394119,2,,Aggregated,0.500000,0.000000,8,15,23,23,28,34,44,2100,2100,2100,2100,199,0,8,34.933999497480734,5.276699999740231,2086.1973999999464,7835.502512562814
1782394120,2,,Aggregated,0.600000,0.000000,8,15,23,23,28,34,44,2100,2100,2100,2100,200,0,8,34.790580499993666,5.276699999740231,2086.1973999999464,7825.65
1782394121,2,,Aggregated,0.600000,0.000000,8,15,22,23,28,33,43,71,2100,2100,2100,201,0,8,34.657098507455316,5.276699999740231,2086.1973999999464,7815.895522388059
1782394122,2,,Aggregated,0.600000,0.000000,8,15,22,23,28,33,43,71,2100,2100,2100,201,0,8,34.657098507455316,5.276699999740231,2086.1973999999464,7815.895522388059
1782394123,2,,Aggregated,0.400000,0.000000,8,15,22,23,28,33,43,71,2100,2100,2100,202,0,8,34.5176995049427,5.276699999740231,2086.1973999999464,7806.237623762377
1782394124,2,,Aggregated,0.400000,0.000000,8,15,22,23,28,33,43,71,2100,2100,2100,202,0,8,34.5176995049427,5.276699999740231,2086.1973999999464,7806.237623762377
1782394125,2,,Aggregated,0.600000,0.000000,8,15,22,23,28,33,43,71,2100,2100,2100,203,0,8,34.39350935959872,5.276699999740231,2086.1973999999464,7796.674876847291
1782394126,2,,Aggregated,0.500000,0.000000,8,15,23,23,28,33,43,71,2100,2100,2100,204,0,8,34.34086029411072,5.276699999740231,2086.1973999999464,7809.921568627451
1782394127,2,,Aggregated,0.500000,0.000000,8,15,23,23,28,33,43,71,2100,2100,2100,204,0,8,34.34086029411072,5.276699999740231,2086.1973999999464,7809.921568627451
1782394128,2,,Aggregated,0.500000,0.000000,8,15,23,23,28,33,43,71,2100,2100,2100,204,0,8,34.34086029411072,5.276699999740231,2086.1973999999464,7809.921568627451
1782394129,2,,Aggregated,0.600000,0.000000,8,15,22,23,28,33,43,71,2100,2100,2100,205,0,8,34.201210243896284,5.276699999740231,2086.1973999999464,7800.434146341463
1782394130,2,,Aggregated,0.500000,0.000000,8,15,22,23,28,33,43,71,2100,2100,2100,206,0,8,34.0655203883428,5.276699999740231,2086.1973999999464,7791.038834951456
1782394131,2,,Aggregated,0.500000,0.000000,8,15,22,23,28,33,43,71,2100,2100,2100,206,0,8,34.0655203883428,5.276699999740231,2086.1973999999464,7791.038834951456
1782394132,2,,Aggregated,0.500000,0.000000,8,15,22,23,28,33,43,71,2100,2100,2100,206,0,8,34.0655203883428,5.276699999740231,2086.1973999999464,7791.038834951456
1782394133,2,,Aggregated,0.600000,0.000000,8,15,22,23,28,33,43,71,2100,2100,2100,207,0,8,33.93555169081399,5.276699999740231,2086.1973999999464,7781.734299516908
1782394134,2,,Aggregated,0.500000,0.000000,8,15,22,23,28,33,43,71,2100,2100,2100,208,0,8,33.80505961537823,5.276699999740231,2086.1973999999464,7772.5192307692305
1782394135,2,,Aggregated,0.500000,0.000000,8,15,22,23,28,33,43,71,2100,2100,2100,208,0,8,33.80505961537823,5.276699999740231,2086.1973999999464,7772.5192307692305
1782394136,2,,Aggregated,0.500000,0.000000,8,15,22,23,28,33,43,71,2100,2100,2100,208,0,8,33.80505961537823,5.276699999740231,2086.1973999999464,7772.5192307692305
1782394137,2,,Aggregated,0.600000,0.000000,8,14,22,23,28,33,43,71,2100,2100,2100,209,0,8,33.67425645932312,5.276699999740231,2086.1973999999464,7763.392344497608
1782394138,2,,Aggregated,0.500000,0.000000,8,14,22,23,28,33,43,71,2100,2100,2100,210,0,8,33.55000238094536,5.276699999740231,2086.1973999999464,7754.352380952381
1782394139,2,,Aggregated,0.500000,0.000000,8,14,22,23,28,33,43,71,2100,2100,2100,210,0,8,33.55000238094536,5.276699999740231,2086.1973999999464,7754.352380952381
1782394140,2,,Aggregated,0.500000,0.000000,8,14,22,23,27,33,43,71,2100,2100,2100,211,0,8,33.42262085307213,5.276699999740231,2086.1973999999464,7741.710900473934
1782394141,2,,Aggregated,0.500000,0.000000,8,14,22,23,27,33,43,71,2100,2100,2100,211,0,8,33.42262085307213,5.276699999740231,2086.1973999999464,7741.710900473934
1782394142,2,,Aggregated,0.500000,0.000000,8,14,22,23,27,33,43,71,2100,2100,2100,212,0,8,33.29207924527406,5.276699999740231,2086.1973999999464,7732.858490566037
1782394143,2,,Aggregated,0.500000,0.000000,8,14,22,23,27,33,43,71,2100,2100,2100,212,0,8,33.29207924527406,5.276699999740231,2086.1973999999464,7732.858490566037
1782394144,2,,Aggregated,0.500000,0.000000,8,14,22,23,27,33,43,71,2100,2100,2100,213,0,8,33.261256338018214,5.276699999740231,2086.1973999999464,7745.845070422535
1782394145,2,,Aggregated,0.600000,0.000000,8,14,22,23,27,33,43,71,2100,2100,2100,214,0,8,33.14279345793387,5.276699999740231,2086.1973999999464,7733.420560747663
1782394146,2,,Aggregated,0.600000,0.000000,8,14,22,23,27,33,43,71,2100,2100,2100,214,0,8,33.14279345793387,5.276699999740231,2086.1973999999464,7733.420560747663
1782394147,2,,Aggregated,0.600000,0.000000,8,14,22,23,27,33,43,71,2100,2100,2100,214,0,8,33.14279345793387,5.276699999740231,2086.1973999999464,7733.420560747663
1782394148,2,,Aggregated,0.600000,0.000000,8,14,22,23,27,33,43,71,2100,2100,2100,215,0,8,33.06508465115215,5.276699999740231,2086.1973999999464,7746.283720930232
1782394149,2,,Aggregated,0.600000,0.000000,8,14,22,23,27,33,43,71,2100,2100,2100,215,0,8,33.06508465115215,5.276699999740231,2086.1973999999464,7746.283720930232
1782394150,2,,Aggregated,0.500000,0.000000,8,15,22,23,28,33,43,71,2100,2100,2100,217,0,8,33.00473917049459,5.276699999740231,2086.1973999999464,7771.654377880184
1782394151,2,,Aggregated,0.500000,0.000000,8,15,22,23,28,33,43,71,2100,2100,2100,217,0,8,33.00473917049459,5.276699999740231,2086.1973999999464,7771.654377880184
1782394152,2,,Aggregated,0.500000,0.000000,8,15,22,23,28,33,43,71,2100,2100,2100,217,0,8,33.00473917049459,5.276699999740231,2086.1973999999464,7771.654377880184
1782394154,2,,Aggregated,0.500000,0.000000,8,15,22,23,28,33,43,71,2100,2100,2100,217,0,8,33.00473917049459,5.276699999740231,2086.1973999999464,7771.654377880184
1782394155,2,,Aggregated,0.600000,0.000000,8,15,22,23,28,33,43,71,2100,2100,2100,219,0,8,32.757011872137696,4.830500000025495,2086.1973999999464,7747.13698630137
1782394156,2,,Aggregated,0.600000,0.000000,8,15,22,23,28,33,43,71,2100,2100,2100,219,0,8,32.757011872137696,4.830500000025495,2086.1973999999464,7747.13698630137
1782394157,2,,Aggregated,0.500000,0.000000,8,15,23,24,28,33,43,71,2100,2100,2100,220,0,8,32.71581863635799,4.830500000025495,2086.1973999999464,7759.645454545454
1782394158,2,,Aggregated,0.600000,0.000000,8,15,22,23,27,33,43,71,2100,2100,2100,221,0,8,32.62390090497308,4.830500000025495,2086.1973999999464,7772.040723981901
1782394159,2,,Aggregated,0.600000,0.000000,8,15,22,23,27,33,43,71,2100,2100,2100,221,0,8,32.62390090497308,4.830500000025495,2086.1973999999464,7772.040723981901
1782394160,2,,Aggregated,0.600000,0.000000,8,15,22,23,27,33,43,71,2100,2100,2100,221,0,8,32.62390090497308,4.830500000025495,2086.1973999999464,7772.040723981901
1782394161,2,,Aggregated,0.600000,0.000000,8,15,22,23,27,33,43,71,2100,2100,2100,221,0,8,32.62390090497308,4.830500000025495,2086.1973999999464,7772.040723981901
1782394162,2,,Aggregated,0.600000,0.000000,8,15,22,23,27,33,43,71,2100,2100,2100,222,0,8,32.50274909909389,4.830500000025495,2086.1973999999464,7759.945945945946
1782394163,2,,Aggregated,0.600000,0.000000,8,15,22,23,27,33,43,71,2100,2100,2100,223,0,8,32.38355695066683,4.830500000025495,2086.1973999999464,7747.959641255606
1782394164,2,,Aggregated,0.600000,0.000000,8,15,22,23,27,33,43,71,2100,2100,2100,223,0,8,32.38355695066683,4.830500000025495,2086.1973999999464,7747.959641255606
1782394165,2,,Aggregated,0.500000,0.000000,8,14,22,23,27,33,43,71,2100,2100,2100,224,0,8,32.27210937499438,4.830500000025495,2086.1973999999464,7739.553571428572
1782394166,2,,Aggregated,0.600000,0.000000,8,14,22,23,27,33,43,71,2100,2100,2100,225,0,8,32.159909777773365,4.830500000025495,2086.1973999999464,7731.222222222223
1782394167,2,,Aggregated,0.600000,0.000000,8,14,22,23,27,33,43,71,2100,2100,2100,225,0,8,32.159909777773365,4.830500000025495,2086.1973999999464,7731.222222222223
1782394168,2,,Aggregated,0.600000,0.000000,8,14,22,23,27,33,43,71,2100,2100,2100,225,0,8,32.159909777773365,4.830500000025495,2086.1973999999464,7731.222222222223
1782394169,2,,Aggregated,0.500000,0.000000,8,15,22,23,27,33,43,71,2100,2100,2100,226,0,8,32.12354955751762,4.830500000025495,2086.1973999999464,7743.469026548672
1782394170,2,,Aggregated,0.500000,0.000000,8,14,22,23,27,33,43,71,2100,2100,2100,227,0,8,32.014422466956184,4.830500000025495,2086.1973999999464,7735.193832599119
1782394171,2,,Aggregated,0.500000,0.000000,8,14,22,23,27,33,43,71,2100,2100,2100,227,0,8,32.014422466956184,4.830500000025495,2086.1973999999464,7735.193832599119
1782394172,2,,Aggregated,0.500000,0.000000,8,14,22,23,27,33,43,71,2100,2100,2100,227,0,8,32.014422466956184,4.830500000025495,2086.1973999999464,7735.193832599119
1782394173,2,,Aggregated,0.600000,0.000000,8,14,22,23,27,33,43,71,2100,2100,2100,229,0,8,31.852634934495345,4.830500000025495,2086.1973999999464,7759.331877729258
1782394174,2,,Aggregated,0.600000,0.000000,8,14,22,23,27,33,43,71,2100,2100,2100,229,0,8,31.852634934495345,4.830500000025495,2086.1973999999464,7759.331877729258
1782394175,2,,Aggregated,0.600000,0.000000,8,14,22,23,27,33,43,71,2100,2100,2100,229,0,8,31.852634934495345,4.830500000025495,2086.1973999999464,7759.331877729258
1782394176,2,,Aggregated,0.600000,0.000000,8,14,22,24,27,33,43,71,2100,2100,2100,230,0,8,31.81731391304034,4.830500000025495,2086.1973999999464,7771.24347826087
1782394177,2,,Aggregated,0.600000,0.000000,8,14,22,23,27,33,43,71,2100,2100,2100,231,0,8,31.707162337660485,4.830500000025495,2086.1973999999464,7762.991341991342
1782394178,2,,Aggregated,0.600000,0.000000,8,14,22,23,27,33,43,71,2100,2100,2100,231,0,8,31.707162337660485,4.830500000025495,2086.1973999999464,7762.991341991342
1782394179,2,,Aggregated,0.600000,0.000000,8,14,22,23,27,33,43,71,2100,2100,2100,231,0,8,31.707162337660485,4.830500000025495,2086.1973999999464,7762.991341991342
1782394180,2,,Aggregated,0.600000,0.000000,8,14,22,23,27,33,43,71,2100,2100,2100,232,0,8,31.598909913790177,4.830500000025495,2086.1973999999464,7751.456896551724
1782394181,2,,Aggregated,0.600000,0.000000,8,14,22,23,27,33,43,71,2100,2100,2100,233,0,8,31.4974974248896,4.830500000025495,2086.1973999999464,7740.021459227468
1782394182,2,,Aggregated,0.600000,0.000000,8,14,22,23,27,33,43,71,2100,2100,2100,233,0,8,31.4974974248896,4.830500000025495,2086.1973999999464,7740.021459227468
1782394183,2,,Aggregated,0.400000,0.000000,8,14,22,24,27,33,43,71,2100,2100,2100,234,0,8,31.464039316237425,4.830500000025495,2086.1973999999464,7751.811965811966
1782394184,2,,Aggregated,0.400000,0.000000,8,14,22,24,27,33,43,71,2100,2100,2100,234,0,8,31.464039316237425,4.830500000025495,2086.1973999999464,7751.811965811966
1782394185,2,,Aggregated,0.500000,0.000000,8,14,22,23,27,33,43,71,2100,2100,2100,236,0,8,31.25569915254099,4.830500000025495,2086.1973999999464,7732.525423728814
1782394186,2,,Aggregated,0.500000,0.000000,8,14,22,23,27,33,43,71,2100,2100,2100,236,0,8,31.25569915254099,4.830500000025495,2086.1973999999464,7732.525423728814
1782394187,2,,Aggregated,0.500000,0.000000,8,14,22,23,27,33,43,71,2100,2100,2100,236,0,8,31.25569915254099,4.830500000025495,2086.1973999999464,7732.525423728814
1782394188,2,,Aggregated,0.500000,0.000000,8,14,22,23,27,33,43,71,2100,2100,2100,236,0,8,31.25569915254099,4.830500000025495,2086.1973999999464,7732.525423728814
1782394189,2,,Aggregated,0.600000,0.000000,8,14,22,24,27,33,43,71,2100,2100,2100,237,0,8,31.223235021095018,4.830500000025495,2086.1973999999464,7744.198312236287
1782394190,2,,Aggregated,0.500000,0.000000,8,14,22,24,27,33,43,71,2100,2100,2100,238,0,8,31.120723529408274,4.830500000025495,2086.1973999999464,7733.033613445378
1782394191,2,,Aggregated,0.500000,0.000000,8,14,22,24,27,33,43,71,2100,2100,2100,238,0,8,31.120723529408274,4.830500000025495,2086.1973999999464,7733.033613445378
1782394192,2,,Aggregated,0.700000,0.000000,8,14,22,24,27,33,43,71,2100,2100,2100,239,0,8,31.044580753134227,4.830500000025495,2086.1973999999464,7744.60669456067
1782394193,2,,Aggregated,0.700000,0.000000,8,14,22,24,27,33,43,71,2100,2100,2100,240,0,8,30.96811833332822,4.830500000025495,2086.1973999999464,7756.083333333333
1782394194,2,,Aggregated,0.700000,0.000000,8,14,22,24,27,33,43,71,2100,2100,2100,240,0,8,30.96811833332822,4.830500000025495,2086.1973999999464,7756.083333333333
1782394195,2,,Aggregated,0.700000,0.000000,8,14,22,24,27,33,43,71,2100,2100,2100,240,0,8,30.96811833332822,4.830500000025495,2086.1973999999464,7756.083333333333
1782394196,2,,Aggregated,0.600000,0.000000,8,14,22,23,27,33,43,71,2100,2100,2100,242,0,8,30.857896694207497,4.830500000025495,2086.1973999999464,7778.752066115702
1782394197,2,,Aggregated,0.600000,0.000000,8,14,22,23,27,33,43,71,2100,2100,2100,242,0,8,30.857896694207497,4.830500000025495,2086.1973999999464,7778.752066115702
1782394198,2,,Aggregated,0.500000,0.000000,8,14,22,23,27,33,43,71,2100,2100,2100,243,0,8,30.756611934146783,4.830500000025495,2086.1973999999464,7770.876543209876
1782394199,2,,Aggregated,0.500000,0.000000,8,14,22,23,27,33,43,71,2100,2100,2100,243,0,8,30.756611934146783,4.830500000025495,2086.1973999999464,7770.876543209876
1782394200,2,,Aggregated,0.500000,0.000000,8,14,22,23,27,33,43,71,2100,2100,2100,243,0,8,30.756611934146783,4.830500000025495,2086.1973999999464,7770.876543209876
1782394201,2,,Aggregated,0.600000,0.000000,8,14,22,24,27,33,43,71,2100,2100,2100,245,0,8,30.66670653059896,4.830500000025495,2086.1973999999464,7793.1469387755105
1782394202,2,,Aggregated,0.600000,0.000000,8,14,22,24,27,33,43,71,2100,2100,2100,245,0,8,30.66670653059896,4.830500000025495,2086.1973999999464,7793.1469387755105
1782394203,2,,Aggregated,0.600000,0.000000,8,14,22,24,27,33,43,71,2100,2100,2100,245,0,8,30.66670653059896,4.830500000025495,2086.1973999999464,7793.1469387755105
1782394204,2,,Aggregated,0.700000,0.000000,8,14,22,23,27,33,43,71,2100,2100,2100,246,0,8,30.5993430894177,4.830500000025495,2086.1973999999464,7804.1463414634145
1782394205,2,,Aggregated,0.500000,0.000000,8,14,22,23,27,33,43,71,2100,2100,2100,247,0,8,30.508179757069353,4.830500000025495,2086.1973999999464,7796.295546558705
1782394206,2,,Aggregated,0.500000,0.000000,8,14,22,23,27,33,43,71,2100,2100,2100,247,0,8,30.508179757069353,4.830500000025495,2086.1973999999464,7796.295546558705
1782394207,2,,Aggregated,0.500000,0.000000,8,14,22,23,27,33,43,71,2100,2100,2100,247,0,8,30.508179757069353,4.830500000025495,2086.1973999999464,7796.295546558705
1782394208,2,,Aggregated,0.600000,0.000000,8,14,22,24,27,33,43,71,2100,2100,2100,248,0,8,30.483853629015535,4.830500000025495,2086.1973999999464,7807.193548387097
1782394209,2,,Aggregated,0.500000,0.000000,8,14,22,24,27,33,43,71,2100,2100,2100,249,0,8,30.388782329300813,4.830500000025495,2086.1973999999464,7799.393574297189
1782394210,2,,Aggregated,0.500000,0.000000,8,14,22,24,27,33,43,71,2100,2100,2100,249,0,8,30.388782329300813,4.830500000025495,2086.1973999999464,7799.393574297189
1782394211,2,,Aggregated,0.500000,0.000000,8,14,22,24,27,33,43,71,2100,2100,2100,250,0,8,30.292853599985392,4.830500000025495,2086.1973999999464,7791.656
1782394212,2,,Aggregated,0.500000,0.000000,8,14,22,24,27,33,43,71,2100,2100,2100,250,0,8,30.292853599985392,4.830500000025495,2086.1973999999464,7791.656
1782394213,2,,Aggregated,0.600000,0.000000,8,14,22,23,27,33,39,71,2100,2100,2100,251,0,8,30.199752988034355,4.830500000025495,2086.1973999999464,7783.980079681275
1782394214,2,,Aggregated,0.500000,0.000000,8,14,22,23,27,33,39,71,2100,2100,2100,252,0,8,30.10259999998544,4.830500000025495,2086.1973999999464,7776.3650793650795
1782394215,2,,Aggregated,0.500000,0.000000,8,14,22,23,27,33,39,71,2100,2100,2100,252,0,8,30.10259999998544,4.830500000025495,2086.1973999999464,7776.3650793650795
1782394216,2,,Aggregated,0.500000,0.000000,8,14,22,24,27,33,39,71,2100,2100,2100,253,0,8,30.11764268773153,4.830500000025495,2086.1973999999464,7787.126482213439
1782394217,2,,Aggregated,0.500000,0.000000,8,14,22,24,27,33,39,71,2100,2100,2100,253,0,8,30.11764268773153,4.830500000025495,2086.1973999999464,7787.126482213439
1782394218,2,,Aggregated,0.600000,0.000000,8,14,22,24,27,33,39,71,2100,2100,2100,254,0,8,30.025235826757324,4.830500000025495,2086.1973999999464,7779.55905511811
1782394219,2,,Aggregated,0.600000,0.000000,8,14,22,24,27,33,39,71,2100,2100,2100,254,0,8,30.025235826757324,4.830500000025495,2086.1973999999464,7779.55905511811
1782394220,2,,Aggregated,0.600000,0.000000,8,14,22,24,27,33,39,71,2100,2100,2100,255,0,8,29.93239843135776,4.830500000025495,2086.1973999999464,7772.050980392157
1782394221,2,,Aggregated,0.600000,0.000000,8,14,22,23,27,33,39,71,2100,2100,2100,256,0,8,29.905564062485013,4.830500000025495,2086.1973999999464,7782.703125
1782394222,2,,Aggregated,0.600000,0.000000,8,14,22,23,27,33,39,71,2100,2100,2100,256,0,8,29.905564062485013,4.830500000025495,2086.1973999999464,7782.703125
1782394223,2,,Aggregated,0.600000,0.000000,8,14,22,23,27,33,39,71,2100,2100,2100,256,0,8,29.905564062485013,4.830500000025495,2086.1973999999464,7782.703125
1782394224,2,,Aggregated,0.600000,0.000000,8,14,22,23,27,33,39,71,2100,2100,2100,258,0,8,29.73210620153665,4.830500000025495,2086.1973999999464,7764.821705426357
1782394225,2,,Aggregated,0.600000,0.000000,8,14,22,23,27,33,39,71,2100,2100,2100,258,0,8,29.73210620153665,4.830500000025495,2086.1973999999464,7764.821705426357
1782394226,2,,Aggregated,0.600000,0.000000,8,14,22,23,27,33,39,71,2100,2100,2100,258,0,8,29.73210620153665,4.830500000025495,2086.1973999999464,7764.821705426357
1782394227,2,,Aggregated,0.600000,0.000000,8,14,22,23,27,33,39,71,2100,2100,2100,260,0,8,29.551154999986604,4.830500000025495,2086.1973999999464,7750.207692307692
1782394228,2,,Aggregated,0.600000,0.000000,8,14,22,23,27,33,39,71,2100,2100,2100,260,0,8,29.551154999986604,4.830500000025495,2086.1973999999464,7750.207692307692
1782394229,2,,Aggregated,0.600000,0.000000,8,14,22,23,27,33,39,71,2100,2100,2100,260,0,8,29.551154999986604,4.830500000025495,2086.1973999999464,7750.207692307692
1782394230,2,,Aggregated,0.600000,0.000000,8,14,22,23,27,33,39,71,2100,2100,2100,261,0,8,29.563171647496485,4.830500000025495,2086.1973999999464,7760.739463601532
1782394231,2,,Aggregated,0.600000,0.000000,8,14,22,23,27,33,39,71,2100,2100,2100,262,0,8,29.47436641220138,4.830500000025495,2086.1973999999464,7753.503816793893
1782394232,2,,Aggregated,0.600000,0.000000,8,14,22,23,27,33,39,71,2100,2100,2100,262,0,8,29.47436641220138,4.830500000025495,2086.1973999999464,7753.503816793893
1782394233,2,,Aggregated,0.600000,0.000000,8,14,22,23,27,33,39,71,2100,2100,2100,262,0,8,29.47436641220138,4.830500000025495,2086.1973999999464,7753.503816793893
1782394234,2,,Aggregated,0.600000,0.000000,8,14,22,23,27,33,39,71,2100,2100,2100,263,0,8,29.39223574143218,4.830500000025495,2086.1973999999464,7746.32319391635
1782394235,2,,Aggregated,0.600000,0.000000,8,14,22,23,27,33,39,71,2100,2100,2100,264,0,8,29.366428787866564,4.830500000025495,2086.1973999999464,7756.75
1782394236,2,,Aggregated,0.600000,0.000000,8,14,22,23,27,33,39,71,2100,2100,2100,264,0,8,29.366428787866564,4.830500000025495,2086.1973999999464,7756.75
1782394237,2,,Aggregated,0.600000,0.000000,8,14,22,23,27,33,39,71,2100,2100,2100,264,0,8,29.366428787866564,4.830500000025495,2086.1973999999464,7756.75
1782394238,2,,Aggregated,0.600000,0.000000,8,14,22,24,27,33,39,71,2100,2100,2100,265,0,8,29.368794339612613,4.830500000025495,2086.1973999999464,7767.098113207548
1782394239,2,,Aggregated,0.500000,0.000000,8,14,22,23,27,33,39,71,2100,2100,2100,266,0,8,29.301017293222603,4.830500000025495,2086.1973999999464,7777.368421052632
1782394240,2,,Aggregated,0.500000,0.000000,8,14,22,23,27,33,39,71,2100,2100,2100,266,0,8,29.301017293222603,4.830500000025495,2086.1973999999464,7777.368421052632
1782394241,2,,Aggregated,0.500000,0.000000,8,14,22,23,27,33,39,71,2100,2100,2100,267,0,8,29.220815355796738,4.830500000025495,2086.1973999999464,7770.205992509364
1782394242,2,,Aggregated,0.500000,0.000000,8,14,22,23,27,33,39,71,2100,2100,2100,268,0,8,29.195719029839484,4.830500000025495,2086.1973999999464,7780.388059701492
1782394243,2,,Aggregated,0.500000,0.000000,8,14,22,23,27,33,39,71,2100,2100,2100,269,0,8,29.109318959096786,4.830500000025495,2086.1973999999464,7773.267657992565
1782394244,2,,Aggregated,0.500000,0.000000,8,14,22,23,27,33,39,71,2100,2100,2100,269,0,8,29.109318959096786,4.830500000025495,2086.1973999999464,7773.267657992565
1782394245,2,,Aggregated,0.500000,0.000000,8,14,22,23,27,33,39,71,2100,2100,2100,269,0,8,29.109318959096786,4.830500000025495,2086.1973999999464,7773.267657992565
1782394246,2,,Aggregated,0.700000,0.000000,8,14,22,23,27,33,39,71,2100,2100,2100,270,0,8,29.05055185184311,4.830500000025495,2086.1973999999464,7783.362962962963
1782394247,2,,Aggregated,0.700000,0.000000,8,14,22,23,27,33,39,71,2100,2100,2100,271,0,8,28.990766051653008,4.830500000025495,2086.1973999999464,7793.383763837638
1782394248,2,,Aggregated,0.700000,0.000000,8,14,22,23,27,33,39,71,2100,2100,2100,271,0,8,28.990766051653008,4.830500000025495,2086.1973999999464,7793.383763837638
1782394249,2,,Aggregated,0.500000,0.000000,8,14,22,23,27,33,39,71,2100,2100,2100,272,0,8,28.912640808815627,4.830500000025495,2086.1973999999464,7783.433823529412
1782394250,2,,Aggregated,0.700000,0.000000,8,14,22,23,27,33,39,71,2100,2100,2100,273,0,8,28.829729670321747,4.830500000025495,2086.1973999999464,7776.406593406594
1782394251,2,,Aggregated,0.700000,0.000000,8,14,22,23,27,33,39,71,2100,2100,2100,273,0,8,28.829729670321747,4.830500000025495,2086.1973999999464,7776.406593406594
1782394252,2,,Aggregated,0.600000,0.000000,8,14,22,23,27,33,39,71,2100,2100,2100,274,0,8,28.7534029197008,4.830500000025495,2086.1973999999464,7769.430656934306
1782394253,2,,Aggregated,0.600000,0.000000,8,14,22,23,27,33,39,71,2100,2100,2100,274,0,8,28.7534029197008,4.830500000025495,2086.1973999999464,7769.430656934306
1782394254,2,,Aggregated,0.700000,0.000000,8,14,22,23,27,33,39,71,2100,2100,2100,275,0,8,28.673943999992016,4.830500000025495,2086.1973999999464,7762.505454545455
1782394255,2,,Aggregated,0.600000,0.000000,8,14,22,23,27,33,39,71,2100,2100,2100,276,0,8,28.59053442027974,4.830500000025495,2086.1973999999464,7752.811594202899
1782394256,2,,Aggregated,0.600000,0.000000,8,14,22,23,27,33,43,71,2100,2100,2100,277,0,8,28.653514440422164,4.830500000025495,2086.1973999999464,7762.7256317689535
1782394257,2,,Aggregated,0.600000,0.000000,8,14,22,23,27,33,43,71,2100,2100,2100,277,0,8,28.653514440422164,4.830500000025495,2086.1973999999464,7762.7256317689535
1782394258,2,,Aggregated,0.700000,0.000000,8,14,22,23,27,33,43,71,2100,2100,2100,278,0,8,28.612004316538144,4.830500000025495,2086.1973999999464,7772.568345323741
1782394259,2,,Aggregated,0.700000,0.000000,8,14,22,23,27,33,43,71,2100,2100,2100,278,0,8,28.612004316538144,4.830500000025495,2086.1973999999464,7772.568345323741
1782394260,2,,Aggregated,0.600000,0.000000,8,14,22,23,27,33,43,71,2100,2100,2100,279,0,8,28.53100788529788,4.830500000025495,2086.1973999999464,7765.731182795699
1782394261,2,,Aggregated,0.600000,0.000000,8,14,22,23,27,33,43,71,2100,2100,2100,280,0,8,28.557450357136208,4.830500000025495,2086.1973999999464,7775.492857142857
1782394262,2,,Aggregated,0.600000,0.000000,8,14,22,23,27,33,43,71,2100,2100,2100,280,0,8,28.557450357136208,4.830500000025495,2086.1973999999464,7775.492857142857
1782394263,2,,Aggregated,0.600000,0.000000,8,14,22,23,27,33,43,71,2100,2100,2100,280,0,8,28.557450357136208,4.830500000025495,2086.1973999999464,7775.492857142857
1782394264,2,,Aggregated,0.600000,0.000000,8,14,22,23,27,33,43,71,2100,2100,2100,280,0,8,28.557450357136208,4.830500000025495,2086.1973999999464,7775.492857142857
1782394265,2,,Aggregated,0.600000,0.000000,8,14,22,23,27,33,43,71,2100,2100,2100,282,0,8,28.402464539001503,4.830500000025495,2086.1973999999464,7759.184397163121
1782394266,2,,Aggregated,0.600000,0.000000,8,14,22,23,27,33,43,71,2100,2100,2100,282,0,8,28.402464539001503,4.830500000025495,2086.1973999999464,7759.184397163121
1782394268,2,,Aggregated,0.600000,0.000000,8,14,22,23,27,33,43,71,2100,2100,2100,282,0,8,28.402464539001503,4.830500000025495,2086.1973999999464,7759.184397163121
1782394269,2,,Aggregated,0.600000,0.000000,8,14,22,23,27,33,43,71,2100,2100,2100,283,0,8,28.327880212009244,4.830500000025495,2086.1973999999464,7752.491166077739
1782394270,2,,Aggregated,0.500000,0.000000,8,14,22,23,27,33,43,71,2100,2100,2100,284,0,8,28.248055633799645,4.830500000025495,2086.1973999999464,7745.845070422535
1782394271,2,,Aggregated,0.500000,0.000000,8,14,22,23,27,33,43,71,2100,2100,2100,284,0,8,28.248055633799645,4.830500000025495,2086.1973999999464,7745.845070422535
1782394272,2,,Aggregated,0.500000,0.000000,8,14,22,23,27,33,43,71,2100,2100,2100,285,0,8,28.222957192979504,4.830500000025495,2086.1973999999464,7755.505263157895
1782394273,2,,Aggregated,0.600000,0.000000,8,14,22,23,27,33,43,71,2100,2100,2100,286,0,8,28.230018881118554,4.830500000025495,2086.1973999999464,7765.097902097902
1782394274,2,,Aggregated,0.600000,0.000000,8,14,22,23,27,33,43,71,2100,2100,2100,286,0,8,28.230018881118554,4.830500000025495,2086.1973999999464,7765.097902097902
1782394275,2,,Aggregated,0.500000,0.000000,8,14,22,23,27,33,43,71,2100,2100,2100,287,0,8,28.17382090592288,4.830500000025495,2086.1973999999464,7774.623693379791
1782394276,2,,Aggregated,0.500000,0.000000,8,14,22,23,27,33,43,71,2100,2100,2100,287,0,8,28.17382090592288,4.830500000025495,2086.1973999999464,7774.623693379791
1782394277,2,,Aggregated,0.600000,0.000000,8,14,22,23,27,33,43,71,2100,2100,2100,288,0,8,28.154903124999464,4.830500000025495,2086.1973999999464,7784.083333333333
1782394278,2,,Aggregated,0.700000,0.000000,8,14,22,23,27,33,43,71,2100,2100,2100,289,0,8,28.08586401384031,4.830500000025495,2086.1973999999464,7774.750865051903
1782394279,2,,Aggregated,0.700000,0.000000,8,14,22,23,27,33,43,71,2100,2100,2100,289,0,8,28.08586401384031,4.830500000025495,2086.1973999999464,7774.750865051903
1782394280,2,,Aggregated,0.700000,0.000000,8,14,22,23,27,33,43,71,2100,2100,2100,289,0,8,28.08586401384031,4.830500000025495,2086.1973999999464,7774.750865051903
1782394281,2,,Aggregated,0.600000,0.000000,8,14,22,23,27,33,43,71,2100,2100,2100,290,0,8,28.012385172415037,4.830500000025495,2086.1973999999464,7768.165517241379
1782394282,2,,Aggregated,0.600000,0.000000,8,14,22,23,27,33,43,71,2100,2100,2100,290,0,8,28.012385172415037,4.830500000025495,2086.1973999999464,7768.165517241379
1782394283,2,,Aggregated,0.500000,0.000000,8,14,22,23,27,33,43,71,2100,2100,2100,291,0,8,27.936233333334354,4.830500000025495,2086.1973999999464,7761.625429553264
1782394284,2,,Aggregated,0.500000,0.000000,8,14,22,23,27,33,44,71,2100,2100,2100,292,0,8,28.01238664383537,4.830500000025495,2086.1973999999464,7771.0
1782394285,2,,Aggregated,0.500000,0.000000,8,14,22,23,27,33,44,71,2100,2100,2100,292,0,8,28.01238664383537,4.830500000025495,2086.1973999999464,7771.0
1782394286,2,,Aggregated,0.500000,0.000000,8,14,22,23,27,33,44,71,2100,2100,2100,292,0,8,28.01238664383537,4.830500000025495,2086.1973999999464,7771.0
1782394287,2,,Aggregated,0.500000,0.000000,8,14,22,23,27,33,44,71,2100,2100,2100,294,0,8,27.86935102041171,4.830500000025495,2086.1973999999464,7758.034013605442
1782394288,2,,Aggregated,0.500000,0.000000,8,14,22,23,27,33,44,71,2100,2100,2100,294,0,8,27.86935102041171,4.830500000025495,2086.1973999999464,7758.034013605442
1782394289,2,,Aggregated,0.500000,0.000000,8,14,22,23,27,33,44,71,2100,2100,2100,294,0,8,27.86935102041171,4.830500000025495,2086.1973999999464,7758.034013605442
1782394290,2,,Aggregated,0.500000,0.000000,8,14,22,23,27,33,44,71,2100,2100,2100,295,0,8,27.798032203395834,4.830500000025495,2086.1973999999464,7751.6169491525425
1782394291,2,,Aggregated,0.500000,0.000000,8,14,22,23,27,33,44,71,2100,2100,2100,296,0,8,27.7897148648724,4.830500000025495,2086.1973999999464,7760.898648648648
1782394292,2,,Aggregated,0.500000,0.000000,8,14,22,23,27,33,44,71,2100,2100,2100,296,0,8,27.7897148648724,4.830500000025495,2086.1973999999464,7760.898648648648
1782394293,2,,Aggregated,0.700000,0.000000,8,14,22,23,27,33,44,71,2100,2100,2100,297,0,8,27.74282087542668,4.830500000025495,2086.1973999999464,7770.117845117845
1782394294,2,,Aggregated,0.700000,0.000000,8,14,22,23,27,33,44,71,2100,2100,2100,298,0,8,27.69626644295697,4.830500000025495,2086.1973999999464,7779.275167785235
1782394295,2,,Aggregated,0.700000,0.000000,8,14,22,23,27,33,44,71,2100,2100,2100,298,0,8,27.69626644295697,4.830500000025495,2086.1973999999464,7779.275167785235
1782394296,2,,Aggregated,0.700000,0.000000,8,14,22,23,27,33,44,71,2100,2100,2100,298,0,8,27.69626644295697,4.830500000025495,2086.1973999999464,7779.275167785235
1782394297,2,,Aggregated,0.600000,0.000000,8,14,22,23,27,33,44,71,2100,2100,2100,299,0,8,27.627000334454667,4.830500000025495,2086.1973999999464,7770.270903010033
1782394298,2,,Aggregated,0.600000,0.000000,8,14,22,23,27,33,44,71,2100,2100,2100,300,0,8,27.608065333339862,4.830500000025495,2086.1973999999464,7779.366666666667
1782394299,2,,Aggregated,0.600000,0.000000,8,14,22,23,27,33,44,71,2100,2100,2100,300,0,8,27.608065333339862,4.830500000025495,2086.1973999999464,7779.366666666667
1782394300,2,,Aggregated,0.600000,0.000000,8,14,22,23,27,33,44,71,2100,2100,2100,300,0,8,27.608065333339862,4.830500000025495,2086.1973999999464,7779.366666666667
1782394301,2,,Aggregated,0.600000,0.000000,8,14,22,23,27,33,43,50,2100,2100,2100,302,0,8,27.487904635765386,4.830500000025495,2086.1973999999464,7782.0331125827815
1782394302,2,,Aggregated,0.600000,0.000000,8,14,22,23,27,33,43,50,2100,2100,2100,302,0,8,27.487904635765386,4.830500000025495,2086.1973999999464,7782.0331125827815
1782394303,2,,Aggregated,0.600000,0.000000,8,14,22,23,27,33,43,50,2100,2100,2100,302,0,8,27.487904635765386,4.830500000025495,2086.1973999999464,7782.0331125827815
1782394304,2,,Aggregated,0.600000,0.000000,8,14,22,23,27,33,43,50,2100,2100,2100,303,0,8,27.415624092412358,4.830500000025495,2086.1973999999464,7775.706270627063
1782394305,2,,Aggregated,0.600000,0.000000,8,14,22,23,27,33,43,50,2100,2100,2100,304,0,8,27.345518421055345,4.830500000025495,2086.1973999999464,7769.421052631579
1782394306,2,,Aggregated,0.600000,0.000000,8,14,22,23,27,33,43,50,2100,2100,2100,304,0,8,27.345518421055345,4.830500000025495,2086.1973999999464,7769.421052631579
1782394307,2,,Aggregated,0.600000,0.000000,8,14,22,23,27,33,43,50,2100,2100,2100,304,0,8,27.345518421055345,4.830500000025495,2086.1973999999464,7769.421052631579
1782394308,2,,Aggregated,0.500000,0.000000,8,14,22,23,27,33,43,50,2100,2100,2100,305,0,8,27.37128688524953,4.830500000025495,2086.1973999999464,7778.370491803279
1782394309,2,,Aggregated,0.600000,0.000000,8,14,22,23,27,33,43,50,2100,2100,2100,306,0,8,27.32192450980768,4.830500000025495,2086.1973999999464,7787.261437908497
1782394310,2,,Aggregated,0.600000,0.000000,8,14,22,23,27,33,43,50,2100,2100,2100,306,0,8,27.32192450980768,4.830500000025495,2086.1973999999464,7787.261437908497
1782394311,2,,Aggregated,0.600000,0.000000,8,14,22,23,27,33,43,50,2100,2100,2100,306,0,8,27.32192450980768,4.830500000025495,2086.1973999999464,7787.261437908497
1782394312,2,,Aggregated,0.600000,0.000000,8,14,22,23,27,33,43,50,2100,2100,2100,308,0,8,27.262425324679853,4.830500000025495,2086.1973999999464,7804.87012987013
1782394313,2,,Aggregated,0.600000,0.000000,8,14,22,23,27,33,43,50,2100,2100,2100,308,0,8,27.262425324679853,4.830500000025495,2086.1973999999464,7804.87012987013
1782394314,2,,Aggregated,0.600000,0.000000,8,14,22,23,27,33,43,50,2100,2100,2100,308,0,8,27.262425324679853,4.830500000025495,2086.1973999999464,7804.87012987013
1782394315,2,,Aggregated,0.600000,0.000000,8,14,22,23,27,33,43,50,2100,2100,2100,308,0,8,27.262425324679853,4.830500000025495,2086.1973999999464,7804.87012987013
1782394316,2,,Aggregated,0.500000,0.000000,8,14,22,23,27,33,43,50,2100,2100,2100,309,0,8,27.21385113269313,4.830500000025495,2086.1973999999464,7813.588996763754
1782394317,2,,Aggregated,0.500000,0.000000,8,14,22,23,27,33,43,50,2100,2100,2100,310,0,8,27.148535806460835,4.830500000025495,2086.1973999999464,7807.303225806451
1782394318,2,,Aggregated,0.500000,0.000000,8,14,22,23,27,33,43,50,2100,2100,2100,310,0,8,27.148535806460835,4.830500000025495,2086.1973999999464,7807.303225806451
1782394319,2,,Aggregated,0.500000,0.000000,8,14,22,23,27,33,43,50,2100,2100,2100,310,0,8,27.148535806460835,4.830500000025495,2086.1973999999464,7807.303225806451
1782394320,2,,Aggregated,0.600000,0.000000,8,14,22,23,27,33,43,50,2100,2100,2100,311,0,8,27.081766237950088,4.830500000025495,2086.1973999999464,7801.057877813505
1782394321,2,,Aggregated,0.400000,0.000000,8,14,22,23,27,33,43,50,2100,2100,2100,312,0,8,27.016359294879503,4.830500000025495,2086.1973999999464,7794.852564102564
1782394322,2,,Aggregated,0.400000,0.000000,8,14,22,23,27,33,43,50,2100,2100,2100,312,0,8,27.016359294879503,4.830500000025495,2086.1973999999464,7794.852564102564
1782394323,2,,Aggregated,0.500000,0.000000,8,14,22,23,27,33,43,50,2100,2100,2100,313,0,8,26.95711693291515,4.830500000025495,2086.1973999999464,7786.2012779552715
1782394324,2,,Aggregated,0.500000,0.000000,8,14,22,23,27,33,43,50,2100,2100,2100,314,0,8,26.889468152872887,4.830500000025495,2086.1973999999464,7780.08280254777
1782394325,2,,Aggregated,0.500000,0.000000,8,14,22,23,27,33,43,50,2100,2100,2100,314,0,8,26.889468152872887,4.830500000025495,2086.1973999999464,7780.08280254777
1782394326,2,,Aggregated,0.600000,0.000000,8,14,22,23,27,33,43,50,2100,2100,2100,315,0,8,26.82561936508714,4.830500000025495,2086.1973999999464,7774.003174603175
1782394327,2,,Aggregated,0.600000,0.000000,8,14,22,23,27,33,43,50,2100,2100,2100,316,0,8,26.761073101273656,4.830500000025495,2086.1973999999464,7767.962025316456
1782394328,2,,Aggregated,0.600000,0.000000,8,14,22,23,27,33,43,50,2100,2100,2100,316,0,8,26.761073101273656,4.830500000025495,2086.1973999999464,7767.962025316456
1782394329,2,,Aggregated,0.600000,0.000000,8,14,22,23,27,33,43,50,2100,2100,2100,316,0,8,26.761073101273656,4.830500000025495,2086.1973999999464,7767.962025316456
1782394330,2,,Aggregated,0.600000,0.000000,8,14,22,23,27,33,43,50,2100,2100,2100,318,0,8,26.693181132083378,4.830500000025495,2086.1973999999464,7770.566037735849
1782394331,2,,Aggregated,0.600000,0.000000,8,14,22,23,27,33,43,50,2100,2100,2100,318,0,8,26.693181132083378,4.830500000025495,2086.1973999999464,7770.566037735849
1782394332,2,,Aggregated,0.600000,0.000000,8,14,22,23,27,33,43,50,2100,2100,2100,318,0,8,26.693181132083378,4.830500000025495,2086.1973999999464,7770.566037735849
1782394333,2,,Aggregated,0.700000,0.000000,8,14,22,23,27,33,43,50,2100,2100,2100,319,0,8,26.628434482768956,4.830500000025495,2086.1973999999464,7762.153605015674
1782394334,2,,Aggregated,0.700000,0.000000,8,14,22,23,27,33,43,50,2100,2100,2100,319,0,8,26.628434482768956,4.830500000025495,2086.1973999999464,7762.153605015674
1782394335,2,,Aggregated,0.600000,0.000000,8,14,22,23,27,33,43,50,2100,2100,2100,320,0,8,26.627817187511482,4.830500000025495,2086.1973999999464,7770.70625
1782394336,2,,Aggregated,0.600000,0.000000,8,14,22,23,27,33,43,50,2100,2100,2100,320,0,8,26.627817187511482,4.830500000025495,2086.1973999999464,7770.70625
1782394337,2,,Aggregated,0.500000,0.000000,8,14,22,23,27,33,43,50,2100,2100,2100,321,0,8,26.65988909658406,4.830500000025495,2086.1973999999464,7779.205607476635
1782394338,2,,Aggregated,0.600000,0.000000,8,14,22,23,27,33,43,50,2100,2100,2100,322,0,8,26.615080434793022,4.830500000025495,2086.1973999999464,7787.652173913043
1782394339,2,,Aggregated,0.500000,0.000000,8,14,22,23,27,33,43,50,2100,2100,2100,323,0,8,26.572384520133976,4.830500000025495,2086.1973999999464,7796.046439628483
1782394340,2,,Aggregated,0.500000,0.000000,8,14,22,23,27,33,43,50,2100,2100,2100,323,0,8,26.572384520133976,4.830500000025495,2086.1973999999464,7796.046439628483
1782394341,2,,Aggregated,0.600000,0.000000,8,14,22,23,27,33,43,50,2100,2100,2100,324,0,8,26.561920370380186,4.830500000025495,2086.1973999999464,7804.388888888889
1782394342,2,,Aggregated,0.600000,0.000000,8,14,22,23,27,33,43,50,2100,2100,2100,324,0,8,26.561920370380186,4.830500000025495,2086.1973999999464,7804.388888888889
1782394343,2,,Aggregated,0.500000,0.000000,8,14,22,23,27,33,43,50,2100,2100,2100,325,0,8,26.50277538462643,4.830500000025495,2086.1973999999464,7798.421538461538
1782394344,2,,Aggregated,0.600000,0.000000,8,14,22,23,27,33,43,50,2100,2100,2100,326,0,8,26.44060981596161,4.830500000025495,2086.1973999999464,7792.490797546012
1782394345,2,,Aggregated,0.600000,0.000000,8,14,22,23,27,33,43,50,2100,2100,2100,326,0,8,26.44060981596161,4.830500000025495,2086.1973999999464,7792.490797546012
1782394346,2,,Aggregated,0.600000,0.000000,8,14,22,23,27,33,43,50,2100,2100,2100,328,0,8,26.39430335366841,4.830500000025495,2086.1973999999464,7808.993902439024
1782394347,2,,Aggregated,0.600000,0.000000,8,14,22,23,27,33,43,50,2100,2100,2100,328,0,8,26.39430335366841,4.830500000025495,2086.1973999999464,7808.993902439024
1782394348,2,,Aggregated,0.600000,0.000000,8,14,22,23,27,33,43,50,2100,2100,2100,328,0,8,26.39430335366841,4.830500000025495,2086.1973999999464,7808.993902439024
1782394349,2,,Aggregated,0.600000,0.000000,8,14,22,23,27,33,43,50,2100,2100,2100,328,0,8,26.39430335366841,4.830500000025495,2086.1973999999464,7808.993902439024
1782394350,2,,Aggregated,0.700000,0.000000,8,14,22,23,27,33,43,50,2100,2100,2100,329,0,8,26.3891468085219,4.830500000025495,2086.1973999999464,7817.170212765957
1782394351,2,,Aggregated,0.600000,0.000000,8,14,22,23,27,33,43,50,2100,2100,2100,330,0,8,26.359291212131872,4.830500000025495,2086.1973999999464,7825.296969696969
1782394352,2,,Aggregated,0.600000,0.000000,8,14,22,23,27,33,43,50,2100,2100,2100,330,0,8,26.359291212131872,4.830500000025495,2086.1973999999464,7825.296969696969
1782394353,2,,Aggregated,0.500000,0.000000,8,14,22,23,27,33,43,50,2100,2100,2100,331,0,8,26.30315407856136,4.830500000025495,2086.1973999999464,7819.374622356496
1782394354,2,,Aggregated,0.500000,0.000000,8,14,22,23,27,33,43,50,2100,2100,2100,331,0,8,26.30315407856136,4.830500000025495,2086.1973999999464,7819.374622356496
1782394355,2,,Aggregated,0.700000,0.000000,8,14,22,23,27,33,43,50,2100,2100,2100,332,0,8,26.311688855433104,4.830500000025495,2086.1973999999464,7827.44578313253
1782394356,2,,Aggregated,0.600000,0.000000,8,14,22,23,27,33,43,50,2100,2100,2100,333,0,8,26.254737237248772,4.830500000025495,2086.1973999999464,7819.216216216216
1782394357,2,,Aggregated,0.600000,0.000000,8,14,22,23,27,33,43,50,2100,2100,2100,333,0,8,26.254737237248772,4.830500000025495,2086.1973999999464,7819.216216216216
1782394358,2,,Aggregated,0.600000,0.000000,8,14,22,23,27,33,43,50,2100,2100,2100,333,0,8,26.254737237248772,4.830500000025495,2086.1973999999464,7819.216216216216
1782394359,2,,Aggregated,0.500000,0.000000,8,14,22,23,27,33,43,50,2100,2100,2100,335,0,8,26.149680597027057,4.830500000025495,2086.1973999999464,7819.059701492537
1782394361,2,,Aggregated,0.500000,0.000000,8,14,22,23,27,33,43,50,2100,2100,2100,335,0,8,26.149680597027057,4.830500000025495,2086.1973999999464,7819.059701492537
1782394362,2,,Aggregated,0.500000,0.000000,8,14,22,23,27,33,43,50,2100,2100,2100,335,0,8,26.149680597027057,4.830500000025495,2086.1973999999464,7819.059701492537
1782394363,2,,Aggregated,0.500000,0.000000,8,14,22,23,27,33,43,50,2100,2100,2100,335,0,8,26.149680597027057,4.830500000025495,2086.1973999999464,7819.059701492537
1782394364,2,,Aggregated,0.600000,0.000000,8,14,22,23,27,33,43,50,2100,2100,2100,336,0,8,26.1396520833457,4.830500000025495,2086.1973999999464,7827.035714285715
1782394365,2,,Aggregated,0.500000,0.000000,8,14,22,23,27,33,43,50,2100,2100,2100,337,0,8,26.10145163205916,4.830500000025495,2086.1973999999464,7834.964391691395
1782394366,2,,Aggregated,0.500000,0.000000,8,14,22,23,27,33,43,50,2100,2100,2100,337,0,8,26.10145163205916,4.830500000025495,2086.1973999999464,7834.964391691395
1782394367,2,,Aggregated,0.500000,0.000000,8,14,22,23,27,33,43,50,2100,2100,2100,338,0,8,26.062042899422373,4.830500000025495,2086.1973999999464,7842.846153846154
1782394368,2,,Aggregated,0.600000,0.000000,8,14,22,23,27,33,43,50,2100,2100,2100,339,0,8,26.011755457241858,4.830500000025495,2086.1973999999464,7837.011799410029
1782394369,2,,Aggregated,0.600000,0.000000,8,14,22,23,27,33,43,50,2100,2100,2100,339,0,8,26.011755457241858,4.830500000025495,2086.1973999999464,7837.011799410029
1782394370,2,,Aggregated,0.600000,0.000000,8,14,22,23,27,33,43,50,2100,2100,2100,339,0,8,26.011755457241858,4.830500000025495,2086.1973999999464,7837.011799410029
1782394371,2,,Aggregated,0.600000,0.000000,8,14,22,23,27,33,43,50,2100,2100,2100,341,0,8,25.905449560131302,4.830500000025495,2086.1973999999464,7825.445747800586
1782394372,2,,Aggregated,0.600000,0.000000,8,14,22,23,27,33,43,50,2100,2100,2100,341,0,8,25.905449560131302,4.830500000025495,2086.1973999999464,7825.445747800586
1782394373,2,,Aggregated,0.600000,0.000000,8,14,22,23,27,33,43,50,2100,2100,2100,341,0,8,25.905449560131302,4.830500000025495,2086.1973999999464,7825.445747800586
1782394374,2,,Aggregated,0.600000,0.000000,8,14,22,23,27,33,43,50,2100,2100,2100,341,0,8,25.905449560131302,4.830500000025495,2086.1973999999464,7825.445747800586
1782394375,2,,Aggregated,0.600000,0.000000,8,14,22,23,27,33,43,50,2100,2100,2100,343,0,8,25.856867930040174,4.830500000025495,2086.1973999999464,7841.034985422741
1782394376,2,,Aggregated,0.600000,0.000000,8,14,22,23,27,33,43,50,2100,2100,2100,343,0,8,25.856867930040174,4.830500000025495,2086.1973999999464,7841.034985422741
1782394377,2,,Aggregated,0.600000,0.000000,8,14,22,23,27,33,43,50,2100,2100,2100,343,0,8,25.856867930040174,4.830500000025495,2086.1973999999464,7841.034985422741
1782394378,2,,Aggregated,0.600000,0.000000,8,14,22,23,27,33,43,50,2100,2100,2100,343,0,8,25.856867930040174,4.830500000025495,2086.1973999999464,7841.034985422741
1782394379,2,,Aggregated,0.600000,0.000000,8,14,22,23,27,33,43,50,2100,2100,2100,345,0,8,25.76396695653059,4.830500000025495,2086.1973999999464,7840.75652173913
1782394380,2,,Aggregated,0.600000,0.000000,8,14,22,23,27,33,43,50,2100,2100,2100,345,0,8,25.76396695653059,4.830500000025495,2086.1973999999464,7840.75652173913
1782394381,2,,Aggregated,0.600000,0.000000,8,14,22,23,27,33,43,50,2100,2100,2100,345,0,8,25.76396695653059,4.830500000025495,2086.1973999999464,7840.75652173913
1782394382,2,,Aggregated,0.600000,0.000000,8,14,22,23,27,33,43,50,2100,2100,2100,347,0,8,25.68504956773117,4.830500000025495,2086.1973999999464,7856.077809798271
1782394383,2,,Aggregated,0.600000,0.000000,8,14,22,23,27,33,43,50,2100,2100,2100,347,0,8,25.68504956773117,4.830500000025495,2086.1973999999464,7856.077809798271
1782394384,2,,Aggregated,0.400000,0.000000,8,14,22,23,27,33,43,50,2100,2100,2100,348,0,8,25.634066954029258,4.830500000025495,2086.1973999999464,7850.35632183908
1782394385,2,,Aggregated,0.400000,0.000000,8,14,22,23,27,33,43,50,2100,2100,2100,348,0,8,25.634066954029258,4.830500000025495,2086.1973999999464,7850.35632183908
1782394386,2,,Aggregated,0.400000,0.000000,8,14,22,23,27,33,43,50,2100,2100,2100,348,0,8,25.634066954029258,4.830500000025495,2086.1973999999464,7850.35632183908
1782394387,2,,Aggregated,0.700000,0.000000,8,14,22,23,27,33,43,50,2100,2100,2100,349,0,8,25.608672206307578,4.830500000025495,2086.1973999999464,7857.945558739255
1782394388,2,,Aggregated,0.700000,0.000000,8,14,22,23,27,33,43,50,2100,2100,2100,349,0,8,25.608672206307578,4.830500000025495,2086.1973999999464,7857.945558739255
1782394389,2,,Aggregated,0.500000,0.000000,8,14,22,23,27,33,43,50,2100,2100,2100,350,0,8,25.556460285718327,4.830500000025495,2086.1973999999464,7850.028571428571
1782394390,2,,Aggregated,0.500000,0.000000,8,14,22,23,27,33,43,50,2100,2100,2100,350,0,8,25.556460285718327,4.830500000025495,2086.1973999999464,7850.028571428571
1782394391,2,,Aggregated,0.500000,0.000000,8,14,22,23,27,33,39,50,2100,2100,2100,351,0,8,25.501955270659856,4.830500000025495,2086.1973999999464,7844.373219373219
1782394392,2,,Aggregated,0.500000,0.000000,8,14,22,23,27,33,39,50,2100,2100,2100,351,0,8,25.501955270659856,4.830500000025495,2086.1973999999464,7844.373219373219
1782394393,2,,Aggregated,0.500000,0.000000,8,14,22,23,27,33,39,50,2100,2100,2100,352,0,8,25.44656590909643,4.830500000025495,2086.1973999999464,7838.75
1782394394,2,,Aggregated,0.500000,0.000000,8,14,22,23,27,33,39,50,2100,2100,2100,353,0,8,25.39184645892839,4.830500000025495,2086.1973999999464,7830.954674220963
1782394395,2,,Aggregated,0.500000,0.000000,8,14,22,23,27,33,39,50,2100,2100,2100,353,0,8,25.39184645892839,4.830500000025495,2086.1973999999464,7830.954674220963
1782394396,2,,Aggregated,0.500000,0.000000,8,14,22,23,27,33,39,50,2100,2100,2100,353,0,8,25.39184645892839,4.830500000025495,2086.1973999999464,7830.954674220963
1782394397,2,,Aggregated,0.500000,0.000000,8,14,22,23,27,33,39,50,2100,2100,2100,354,0,8,25.336348022603158,4.830500000025495,2086.1973999999464,7825.401129943502
1782394398,2,,Aggregated,0.500000,0.000000,8,14,22,23,27,33,39,50,2100,2100,2100,355,0,8,25.28886873239738,4.830500000025495,2086.1973999999464,7817.687323943662
1782394399,2,,Aggregated,0.500000,0.000000,8,14,22,23,27,33,39,50,2100,2100,2100,355,0,8,25.28886873239738,4.830500000025495,2086.1973999999464,7817.687323943662
1782394400,2,,Aggregated,0.500000,0.000000,8,14,22,23,27,33,39,50,2100,2100,2100,356,0,8,25.234584831464367,4.830500000025495,2086.1973999999464,7812.202247191011
1782394401,2,,Aggregated,0.500000,0.000000,8,14,21,23,27,33,39,50,2100,2100,2100,357,0,8,25.201549019612514,4.830500000025495,2086.1973999999464,7819.728291316526
1782394402,2,,Aggregated,0.500000,0.000000,8,14,21,23,27,33,39,50,2100,2100,2100,358,0,8,25.16628100559059,4.830500000025495,2086.1973999999464,7827.212290502794
1782394403,2,,Aggregated,0.500000,0.000000,8,14,21,23,27,33,39,50,2100,2100,2100,358,0,8,25.16628100559059,4.830500000025495,2086.1973999999464,7827.212290502794
1782394404,2,,Aggregated,0.500000,0.000000,8,14,21,23,27,33,39,50,2100,2100,2100,358,0,8,25.16628100559059,4.830500000025495,2086.1973999999464,7827.212290502794
1782394405,2,,Aggregated,0.700000,0.000000,8,14,21,23,27,33,39,50,2100,2100,2100,360,0,8,25.093995555562287,4.830500000025495,2086.1973999999464,7842.055555555556
1782394406,2,,Aggregated,0.700000,0.000000,8,14,21,23,27,33,39,50,2100,2100,2100,360,0,8,25.093995555562287,4.830500000025495,2086.1973999999464,7842.055555555556
1782394407,2,,Aggregated,0.500000,0.000000,8,14,20,23,26,33,39,50,2100,2100,2100,361,0,8,25.043404155132567,4.830500000025495,2086.1973999999464,7836.578947368421
1782394408,2,,Aggregated,0.700000,0.000000,8,14,20,23,26,33,39,50,2100,2100,2100,362,0,8,24.991080386748184,4.830500000025495,2086.1973999999464,7831.132596685083
1782394409,2,,Aggregated,0.700000,0.000000,8,14,20,23,26,33,39,50,2100,2100,2100,362,0,8,24.991080386748184,4.830500000025495,2086.1973999999464,7831.132596685083
1782394410,2,,Aggregated,0.800000,0.000000,8,14,20,23,26,33,39,50,2100,2100,2100,364,0,8,24.929188186821033,4.830500000025495,2086.1973999999464,7845.791208791209
1782394411,2,,Aggregated,0.800000,0.000000,8,14,20,23,26,33,39,50,2100,2100,2100,364,0,8,24.929188186821033,4.830500000025495,2086.1973999999464,7845.791208791209
1782394412,2,,Aggregated,0.800000,0.000000,8,14,20,23,26,33,39,50,2100,2100,2100,364,0,8,24.929188186821033,4.830500000025495,2086.1973999999464,7845.791208791209
1782394413,2,,Aggregated,0.800000,0.000000,8,14,20,23,26,33,39,50,2100,2100,2100,364,0,8,24.929188186821033,4.830500000025495,2086.1973999999464,7845.791208791209
1782394414,2,,Aggregated,0.600000,0.000000,8,14,20,23,26,33,39,50,2100,2100,2100,366,0,8,24.850489071043544,4.830500000025495,2086.1973999999464,7845.502732240438
1782394415,2,,Aggregated,0.600000,0.000000,8,14,20,23,26,33,39,50,2100,2100,2100,366,0,8,24.850489071043544,4.830500000025495,2086.1973999999464,7845.502732240438
1782394416,2,,Aggregated,0.600000,0.000000,8,14,20,23,26,33,39,50,2100,2100,2100,366,0,8,24.850489071043544,4.830500000025495,2086.1973999999464,7845.502732240438
1782394417,2,,Aggregated,0.600000,0.000000,8,14,20,23,26,33,39,50,2100,2100,2100,366,0,8,24.850489071043544,4.830500000025495,2086.1973999999464,7845.502732240438
1782394418,2,,Aggregated,0.600000,0.000000,8,14,20,23,26,33,39,50,2100,2100,2100,368,0,8,24.807225000005396,4.830500000025495,2086.1973999999464,7859.923913043478
1782394419,2,,Aggregated,0.600000,0.000000,8,14,20,23,26,33,39,50,2100,2100,2100,368,0,8,24.807225000005396,4.830500000025495,2086.1973999999464,7859.923913043478
1782394420,2,,Aggregated,0.500000,0.000000,8,14,20,23,27,33,39,50,2100,2100,2100,369,0,8,24.822686178868764,4.830500000025495,2086.1973999999464,7867.075880758807
1782394421,2,,Aggregated,0.500000,0.000000,8,14,20,23,27,33,39,50,2100,2100,2100,369,0,8,24.822686178868764,4.830500000025495,2086.1973999999464,7867.075880758807
1782394422,2,,Aggregated,0.600000,0.000000,8,14,20,23,27,33,39,50,2100,2100,2100,370,0,8,24.777861351358787,4.830500000025495,2086.1973999999464,7861.664864864865
1782394423,2,,Aggregated,0.600000,0.000000,8,14,20,23,26,33,39,50,2100,2100,2100,371,0,8,24.729403234509466,4.830500000025495,2086.1973999999464,7854.185983827493
1782394424,2,,Aggregated,0.600000,0.000000,8,14,20,23,26,33,39,50,2100,2100,2100,371,0,8,24.729403234509466,4.830500000025495,2086.1973999999464,7854.185983827493
1782394425,2,,Aggregated,0.600000,0.000000,8,14,20,23,26,33,39,50,2100,2100,2100,371,0,8,24.729403234509466,4.830500000025495,2086.1973999999464,7854.185983827493
1782394426,2,,Aggregated,0.600000,0.000000,8,14,20,23,26,33,39,50,2100,2100,2100,372,0,8,24.694345967750987,4.830500000025495,2086.1973999999464,7861.295698924731
1782394427,2,,Aggregated,0.600000,0.000000,8,14,20,23,26,33,39,50,2100,2100,2100,373,0,8,24.649950938346933,4.830500000025495,2086.1973999999464,7855.9436997319035
1782394428,2,,Aggregated,0.600000,0.000000,8,14,20,23,26,33,39,50,2100,2100,2100,373,0,8,24.649950938346933,4.830500000025495,2086.1973999999464,7855.9436997319035
1782394429,2,,Aggregated,0.600000,0.000000,8,14,20,23,26,33,39,50,2100,2100,2100,373,0,8,24.649950938346933,4.830500000025495,2086.1973999999464,7855.9436997319035
1782394430,2,,Aggregated,0.700000,0.000000,8,14,20,23,26,33,39,50,2100,2100,2100,374,0,8,24.599883689848077,4.830500000025495,2086.1973999999464,7850.620320855615
1782394431,2,,Aggregated,0.600000,0.000000,8,14,20,23,26,33,39,50,2100,2100,2100,375,0,8,24.548761866676312,4.830500000025495,2086.1973999999464,7845.325333333333
1782394432,2,,Aggregated,0.600000,0.000000,8,14,20,23,26,33,39,50,2100,2100,2100,375,0,8,24.548761866676312,4.830500000025495,2086.1973999999464,7845.325333333333
1782394433,2,,Aggregated,0.600000,0.000000,8,14,20,23,26,33,39,50,2100,2100,2100,376,0,8,24.498644680860746,4.830500000025495,2086.1973999999464,7840.058510638298
1782394434,2,,Aggregated,0.500000,0.000000,8,14,20,23,26,33,39,50,2100,2100,2100,377,0,8,24.4499748010707,4.830500000025495,2086.1973999999464,7832.755968169761
1782394435,2,,Aggregated,0.500000,0.000000,8,14,20,23,26,33,39,50,2100,2100,2100,377,0,8,24.4499748010707,4.830500000025495,2086.1973999999464,7832.755968169761
1782394436,2,,Aggregated,0.500000,0.000000,8,14,20,23,26,33,39,50,2100,2100,2100,377,0,8,24.4499748010707,4.830500000025495,2086.1973999999464,7832.755968169761
1782394437,2,,Aggregated,0.500000,0.000000,8,14,20,23,26,33,39,50,2100,2100,2100,377,0,8,24.4499748010707,4.830500000025495,2086.1973999999464,7832.755968169761
1782394438,2,,Aggregated,0.600000,0.000000,8,14,20,23,26,33,39,50,2100,2100,2100,379,0,8,24.393874142489498,4.830500000025495,2086.1973999999464,7832.546174142481
1782394439,2,,Aggregated,0.600000,0.000000,8,14,20,23,26,33,39,50,2100,2100,2100,379,0,8,24.393874142489498,4.830500000025495,2086.1973999999464,7832.546174142481
1782394440,2,,Aggregated,0.500000,0.000000,8,14,20,23,26,33,39,50,2100,2100,2100,380,0,8,24.345266052640863,4.830500000025495,2086.1973999999464,7827.368421052632
1782394441,2,,Aggregated,0.500000,0.000000,8,14,20,23,26,33,39,50,2100,2100,2100,380,0,8,24.345266052640863,4.830500000025495,2086.1973999999464,7827.368421052632
1782394442,2,,Aggregated,0.600000,0.000000,8,14,20,23,26,33,39,50,2100,2100,2100,381,0,8,24.312582414707865,4.830500000025495,2086.1973999999464,7834.380577427822
1782394443,2,,Aggregated,0.500000,0.000000,8,14,20,23,26,33,39,50,2100,2100,2100,382,0,8,24.26446047121217,4.830500000025495,2086.1973999999464,7829.225130890052
1782394444,2,,Aggregated,0.500000,0.000000,8,14,20,23,26,33,39,50,2100,2100,2100,382,0,8,24.26446047121217,4.830500000025495,2086.1973999999464,7829.225130890052
1782394445,2,,Aggregated,0.500000,0.000000,8,14,20,23,26,33,39,50,2100,2100,2100,382,0,8,24.26446047121217,4.830500000025495,2086.1973999999464,7829.225130890052
1782394446,2,,Aggregated,0.600000,0.000000,8,14,20,23,26,33,39,50,2100,2100,2100,383,0,8,24.2176402088839,4.830500000025495,2086.1973999999464,7822.065274151436
1782394447,2,,Aggregated,0.600000,0.000000,8,14,20,23,26,33,39,50,2100,2100,2100,383,0,8,24.2176402088839,4.830500000025495,2086.1973999999464,7822.065274151436
1782394448,2,,Aggregated,0.600000,0.000000,8,14,20,23,26,33,39,50,2100,2100,2100,385,0,8,24.18407064935734,4.830500000025495,2086.1973999999464,7835.971428571429
1782394449,2,,Aggregated,0.600000,0.000000,8,14,20,23,26,33,39,50,2100,2100,2100,385,0,8,24.18407064935734,4.830500000025495,2086.1973999999464,7835.971428571429
1782394450,2,,Aggregated,0.600000,0.000000,8,14,20,23,26,33,39,50,2100,2100,2100,385,0,8,24.18407064935734,4.830500000025495,2086.1973999999464,7835.971428571429
1782394451,2,,Aggregated,0.600000,0.000000,8,14,20,23,26,33,39,50,2100,2100,2100,387,0,8,24.120587080107505,4.830500000025495,2086.1973999999464,7837.759689922481
1782394452,2,,Aggregated,0.600000,0.000000,8,14,20,23,26,33,39,50,2100,2100,2100,387,0,8,24.120587080107505,4.830500000025495,2086.1973999999464,7837.759689922481
1782394453,2,,Aggregated,0.600000,0.000000,8,14,20,23,26,33,39,50,2100,2100,2100,387,0,8,24.120587080107505,4.830500000025495,2086.1973999999464,7837.759689922481
1782394454,2,,Aggregated,0.600000,0.000000,8,14,20,23,26,33,39,50,2100,2100,2100,387,0,8,24.120587080107505,4.830500000025495,2086.1973999999464,7837.759689922481
1782394455,2,,Aggregated,0.600000,0.000000,8,14,20,23,26,33,39,50,2100,2100,2100,387,0,8,24.120587080107505,4.830500000025495,2086.1973999999464,7837.759689922481
1782394456,2,,Aggregated,0.500000,0.000000,8,14,20,23,26,33,39,50,2100,2100,2100,389,0,8,24.10339485861682,4.830500000025495,2086.1973999999464,7839.529562982005
1782394457,2,,Aggregated,0.500000,0.000000,8,14,20,23,26,33,39,50,2100,2100,2100,389,0,8,24.10339485861682,4.830500000025495,2086.1973999999464,7839.529562982005
1782394458,2,,Aggregated,0.500000,0.000000,8,14,20,23,26,33,39,50,2100,2100,2100,389,0,8,24.10339485861682,4.830500000025495,2086.1973999999464,7839.529562982005
1782394459,2,,Aggregated,0.600000,0.000000,8,14,20,23,26,33,39,50,2100,2100,2100,390,0,8,24.057160769235708,4.830500000025495,2086.1973999999464,7834.466666666666
1782394460,2,,Aggregated,0.600000,0.000000,8,14,20,23,26,33,39,50,2100,2100,2100,391,0,8,24.027290281334185,4.830500000025495,2086.1973999999464,7841.281329923274
1782394461,2,,Aggregated,0.600000,0.000000,8,14,20,23,26,33,39,50,2100,2100,2100,391,0,8,24.027290281334185,4.830500000025495,2086.1973999999464,7841.281329923274
1782394462,2,,Aggregated,0.600000,0.000000,8,14,20,23,26,33,39,50,2100,2100,2100,391,0,8,24.027290281334185,4.830500000025495,2086.1973999999464,7841.281329923274
1782394463,2,,Aggregated,0.600000,0.000000,8,14,20,23,26,33,39,50,2100,2100,2100,391,0,8,24.027290281334185,4.830500000025495,2086.1973999999464,7841.281329923274
1782394464,2,,Aggregated,0.600000,0.000000,8,14,20,23,26,33,39,50,2100,2100,2100,392,0,8,23.999384693882217,4.830500000025495,2086.1973999999464,7848.061224489796
1782394465,2,,Aggregated,0.400000,0.000000,8,14,20,23,26,33,39,50,2100,2100,2100,393,0,8,23.956243002548735,4.830500000025495,2086.1973999999464,7841.035623409669
1782394466,2,,Aggregated,0.500000,0.000000,8,14,20,23,26,33,39,50,2100,2100,2100,394,0,8,23.926051015232726,4.830500000025495,2086.1973999999464,7847.781725888325
1782394467,2,,Aggregated,0.500000,0.000000,8,14,20,23,26,33,39,50,2100,2100,2100,394,0,8,23.926051015232726,4.830500000025495,2086.1973999999464,7847.781725888325
1782394468,2,,Aggregated,0.500000,0.000000,8,14,20,23,26,33,39,50,2100,2100,2100,394,0,8,23.926051015232726,4.830500000025495,2086.1973999999464,7847.781725888325
1782394469,2,,Aggregated,0.500000,0.000000,8,14,20,23,26,33,39,50,2100,2100,2100,395,0,8,23.900375189879025,4.830500000025495,2086.1973999999464,7854.493670886076
1782394470,2,,Aggregated,0.500000,0.000000,8,14,20,23,26,33,39,50,2100,2100,2100,396,0,8,23.85655277778438,4.830500000025495,2086.1973999999464,7849.469696969697
1782394471,2,,Aggregated,0.600000,0.000000,8,14,19,23,26,33,39,50,2100,2100,2100,397,0,8,23.81456901763864,4.830500000025495,2086.1973999999464,7842.511335012595
1782394472,2,,Aggregated,0.600000,0.000000,8,14,19,23,26,33,39,50,2100,2100,2100,397,0,8,23.81456901763864,4.830500000025495,2086.1973999999464,7842.511335012595
1782394473,2,,Aggregated,0.500000,0.000000,8,14,19,23,26,33,39,50,2100,2100,2100,398,0,8,23.76930000000631,4.830500000025495,2086.1973999999464,7837.542713567839
1782394474,2,,Aggregated,0.500000,0.000000,8,14,19,23,26,33,39,50,2100,2100,2100,398,0,8,23.76930000000631,4.830500000025495,2086.1973999999464,7837.542713567839
1782394475,2,,Aggregated,0.600000,0.000000,8,14,19,23,26,33,39,50,2100,2100,2100,399,0,8,23.74061127820117,4.830500000025495,2086.1973999999464,7844.213032581453
1782394476,2,,Aggregated,0.600000,0.000000,8,14,19,23,26,33,39,50,2100,2100,2100,399,0,8,23.74061127820117,4.830500000025495,2086.1973999999464,7844.213032581453
1782394477,2,,Aggregated,0.600000,0.000000,8,14,19,23,26,33,39,50,2100,2100,2100,399,0,8,23.74061127820117,4.830500000025495,2086.1973999999464,7844.213032581453
1782394478,2,,Aggregated,0.600000,0.000000,8,14,19,23,26,33,37,46,2100,2100,2100,401,0,8,23.707343890280193,4.830500000025495,2086.1973999999464,7857.453865336658
1782394479,2,,Aggregated,0.600000,0.000000,8,14,19,23,26,33,37,46,2100,2100,2100,401,0,8,23.707343890280193,4.830500000025495,2086.1973999999464,7857.453865336658
1782394480,2,,Aggregated,0.600000,0.000000,8,14,19,23,26,33,37,46,2100,2100,2100,401,0,8,23.707343890280193,4.830500000025495,2086.1973999999464,7857.453865336658
1782394481,2,,Aggregated,0.600000,0.000000,8,14,19,23,26,33,37,46,2100,2100,2100,402,0,8,23.665141044781663,4.830500000025495,2086.1973999999464,7852.497512437811
1782394482,2,,Aggregated,0.600000,0.000000,8,14,19,23,26,33,37,46,2100,2100,2100,402,0,8,23.665141044781663,4.830500000025495,2086.1973999999464,7852.497512437811
1782394483,2,,Aggregated,0.500000,0.000000,8,14,20,23,26,33,37,46,2100,2100,2100,403,0,8,23.660061042188932,4.830500000025495,2086.1973999999464,7859.064516129032
1782394484,2,,Aggregated,0.500000,0.000000,8,14,20,23,26,33,37,46,2100,2100,2100,403,0,8,23.660061042188932,4.830500000025495,2086.1973999999464,7859.064516129032
1782394485,2,,Aggregated,0.600000,0.000000,8,14,20,23,26,33,37,46,2100,2100,2100,404,0,8,23.638556435650237,4.830500000025495,2086.1973999999464,7865.5990099009905
1782394486,2,,Aggregated,0.500000,0.000000,8,14,19,23,26,33,37,46,2100,2100,2100,405,0,8,23.60065654321474,4.830500000025495,2086.1973999999464,7858.738271604938
1782394487,2,,Aggregated,0.500000,0.000000,8,14,19,23,26,33,37,46,2100,2100,2100,405,0,8,23.60065654321474,4.830500000025495,2086.1973999999464,7858.738271604938
1782394488,2,,Aggregated,0.500000,0.000000,8,14,19,23,26,33,37,46,2100,2100,2100,405,0,8,23.60065654321474,4.830500000025495,2086.1973999999464,7858.738271604938
1782394489,2,,Aggregated,0.600000,0.000000,8,14,19,23,26,33,37,46,2100,2100,2100,407,0,8,23.516241031944798,4.830500000025495,2086.1973999999464,7848.941031941032
1782394490,2,,Aggregated,0.600000,0.000000,8,14,19,23,26,33,37,46,2100,2100,2100,407,0,8,23.516241031944798,4.830500000025495,2086.1973999999464,7848.941031941032
1782394491,2,,Aggregated,0.500000,0.000000,8,14,19,23,26,33,37,46,2100,2100,2100,408,0,8,23.48940098039632,4.830500000025495,2086.1973999999464,7855.436274509804
1782394492,2,,Aggregated,0.500000,0.000000,8,13,19,23,26,33,37,46,2100,2100,2100,409,0,8,23.459620293403393,4.830500000025495,2086.1973999999464,7861.899755501223
1782394493,2,,Aggregated,0.500000,0.000000,8,13,19,23,26,33,37,46,2100,2100,2100,409,0,8,23.459620293403393,4.830500000025495,2086.1973999999464,7861.899755501223
1782394494,2,,Aggregated,0.700000,0.000000,8,13,19,23,26,33,37,46,2100,2100,2100,410,0,8,23.420307560980113,4.830500000025495,2086.1973999999464,7857.029268292683
1782394495,2,,Aggregated,0.600000,0.000000,8,13,19,23,25,33,37,46,2100,2100,2100,411,0,8,23.378397810224083,4.830500000025495,2086.1973999999464,7852.1824817518245
1782394496,2,,Aggregated,0.600000,0.000000,8,13,19,23,25,33,37,46,2100,2100,2100,411,0,8,23.378397810224083,4.830500000025495,2086.1973999999464,7852.1824817518245
1782394497,2,,Aggregated,0.600000,0.000000,8,13,19,23,25,33,37,46,2100,2100,2100,411,0,8,23.378397810224083,4.830500000025495,2086.1973999999464,7852.1824817518245
1782394498,2,,Aggregated,0.700000,0.000000,8,13,19,23,25,33,37,46,2100,2100,2100,412,0,8,23.335236893208542,4.830500000025495,2086.1973999999464,7845.4708737864075
1782394499,2,,Aggregated,0.600000,0.000000,8,13,18,23,25,33,37,46,2100,2100,2100,413,0,8,23.309850363200997,4.830500000025495,2086.1973999999464,7851.89588377724
1782394500,2,,Aggregated,0.600000,0.000000,8,13,18,23,25,33,37,46,2100,2100,2100,413,0,8,23.309850363200997,4.830500000025495,2086.1973999999464,7851.89588377724
1782394501,2,,Aggregated,0.600000,0.000000,8,13,18,23,25,33,37,46,2100,2100,2100,415,0,8,23.241439518074824,4.830500000025495,2086.1973999999464,7851.612048192771
1782394502,2,,Aggregated,0.600000,0.000000,8,13,18,23,25,33,37,46,2100,2100,2100,415,0,8,23.241439518074824,4.830500000025495,2086.1973999999464,7851.612048192771
1782394503,2,,Aggregated,0.600000,0.000000,8,13,18,23,25,33,37,46,2100,2100,2100,415,0,8,23.241439518074824,4.830500000025495,2086.1973999999464,7851.612048192771
1782394504,2,,Aggregated,0.600000,0.000000,8,13,18,23,25,33,37,46,2100,2100,2100,416,0,8,23.228044711539898,4.830500000025495,2086.1973999999464,7857.975961538462
1782394505,2,,Aggregated,0.600000,0.000000,8,13,18,23,25,33,37,46,2100,2100,2100,417,0,8,23.212159712232538,4.830500000025495,2086.1973999999464,7864.309352517986
1782394506,2,,Aggregated,0.600000,0.000000,8,13,18,23,25,33,37,46,2100,2100,2100,417,0,8,23.212159712232538,4.830500000025495,2086.1973999999464,7864.309352517986
1782394507,2,,Aggregated,0.600000,0.000000,8,13,18,23,25,33,37,46,2100,2100,2100,417,0,8,23.212159712232538,4.830500000025495,2086.1973999999464,7864.309352517986
1782394508,2,,Aggregated,0.600000,0.000000,8,13,18,23,25,33,37,46,2100,2100,2100,417,0,8,23.212159712232538,4.830500000025495,2086.1973999999464,7864.309352517986
1782394510,2,,Aggregated,0.600000,0.000000,8,13,18,23,25,33,37,46,2100,2100,2100,418,0,8,23.17151172249061,4.830500000025495,2086.1973999999464,7857.665071770335
1782394511,2,,Aggregated,0.600000,0.000000,8,13,18,23,25,33,37,46,2100,2100,2100,419,0,8,23.14074367542012,4.830500000025495,2086.1973999999464,7852.909307875895
1782394512,2,,Aggregated,0.500000,0.000000,8,13,18,23,25,33,37,46,2100,2100,2100,420,0,8,23.11507928571657,4.830500000025495,2086.1973999999464,7859.2095238095235
1782394513,2,,Aggregated,0.500000,0.000000,8,13,18,23,25,33,37,46,2100,2100,2100,420,0,8,23.11507928571657,4.830500000025495,2086.1973999999464,7859.2095238095235
1782394514,2,,Aggregated,0.500000,0.000000,8,13,18,23,25,33,37,46,2100,2100,2100,420,0,8,23.11507928571657,4.830500000025495,2086.1973999999464,7859.2095238095235
1782394515,2,,Aggregated,0.500000,0.000000,8,13,18,23,25,32,37,46,2100,2100,2100,421,0,8,23.089868408554825,4.830500000025495,2086.1973999999464,7865.479809976247
1782394516,2,,Aggregated,0.500000,0.000000,8,13,18,23,25,32,37,46,2100,2100,2100,421,0,8,23.089868408554825,4.830500000025495,2086.1973999999464,7865.479809976247
1782394517,2,,Aggregated,0.500000,0.000000,8,13,18,23,25,32,37,46,2100,2100,2100,422,0,8,23.047379620855377,4.830500000025495,2086.1973999999464,7860.739336492891
1782394518,2,,Aggregated,0.500000,0.000000,8,13,18,23,25,32,37,46,2100,2100,2100,423,0,8,23.00693569740109,4.830500000025495,2086.1973999999464,7856.021276595745
1782394519,2,,Aggregated,0.500000,0.000000,8,13,18,23,25,32,37,46,2100,2100,2100,423,0,8,23.00693569740109,4.830500000025495,2086.1973999999464,7856.021276595745
1782394520,2,,Aggregated,0.500000,0.000000,8,13,18,23,25,32,37,46,2100,2100,2100,423,0,8,23.00693569740109,4.830500000025495,2086.1973999999464,7856.021276595745
1782394521,2,,Aggregated,0.600000,0.000000,8,13,18,23,25,32,37,46,2100,2100,2100,425,0,8,22.927807764707026,4.830500000025495,2086.1973999999464,7846.651764705883
1782394522,2,,Aggregated,0.600000,0.000000,8,13,18,23,25,32,37,46,2100,2100,2100,425,0,8,22.927807764707026,4.830500000025495,2086.1973999999464,7846.651764705883
1782394523,2,,Aggregated,0.600000,0.000000,8,13,18,23,25,32,37,46,2100,2100,2100,427,0,8,22.886228337236695,4.830500000025495,2086.1973999999464,7848.222482435597
1782394524,2,,Aggregated,0.600000,0.000000,8,13,18,23,25,32,37,46,2100,2100,2100,427,0,8,22.886228337236695,4.830500000025495,2086.1973999999464,7848.222482435597
1782394525,2,,Aggregated,0.600000,0.000000,8,13,18,23,25,32,37,46,2100,2100,2100,427,0,8,22.886228337236695,4.830500000025495,2086.1973999999464,7848.222482435597
1782394526,2,,Aggregated,0.600000,0.000000,8,13,18,23,25,32,37,46,2100,2100,2100,429,0,8,22.831426340326075,4.830500000025495,2086.1973999999464,7860.580419580419
1782394527,2,,Aggregated,0.600000,0.000000,8,13,18,23,25,32,37,46,2100,2100,2100,429,0,8,22.831426340326075,4.830500000025495,2086.1973999999464,7860.580419580419
1782394528,2,,Aggregated,0.600000,0.000000,8,13,18,23,25,32,37,46,2100,2100,2100,429,0,8,22.831426340326075,4.830500000025495,2086.1973999999464,7860.580419580419
1782394529,2,,Aggregated,0.800000,0.000000,8,13,18,23,25,32,37,46,2100,2100,2100,430,0,8,22.80586348837206,4.830500000025495,2086.1973999999464,7866.716279069768
1782394530,2,,Aggregated,0.700000,0.000000,8,13,18,22,25,32,37,46,2100,2100,2100,431,0,8,22.779481670533386,4.830500000025495,2086.1973999999464,7872.823665893271
1782394531,2,,Aggregated,0.700000,0.000000,8,13,18,22,25,32,37,46,2100,2100,2100,431,0,8,22.779481670533386,4.830500000025495,2086.1973999999464,7872.823665893271
1782394532,2,,Aggregated,0.700000,0.000000,8,13,18,22,25,32,37,46,2100,2100,2100,433,0,8,22.71765727482594,4.830500000025495,2086.1973999999464,7874.251732101617
1782394533,2,,Aggregated,0.700000,0.000000,8,13,18,22,25,32,37,46,2100,2100,2100,433,0,8,22.71765727482594,4.830500000025495,2086.1973999999464,7874.251732101617
1782394534,2,,Aggregated,0.800000,0.000000,8,13,18,22,25,32,37,46,2100,2100,2100,434,0,8,22.68081612903004,4.830500000025495,2086.1973999999464,7867.829493087557
1782394535,2,,Aggregated,0.800000,0.000000,8,13,18,22,25,32,37,46,2100,2100,2100,434,0,8,22.68081612903004,4.830500000025495,2086.1973999999464,7867.829493087557
1782394536,2,,Aggregated,0.800000,0.000000,8,13,18,22,25,32,37,46,2100,2100,2100,434,0,8,22.68081612903004,4.830500000025495,2086.1973999999464,7867.829493087557
1782394537,2,,Aggregated,0.600000,0.000000,8,13,18,22,25,32,37,46,2100,2100,2100,436,0,8,22.61994862385042,4.830500000025495,2086.1973999999464,7869.270642201835
1782394538,2,,Aggregated,0.600000,0.000000,8,13,18,22,25,32,37,46,2100,2100,2100,436,0,8,22.61994862385042,4.830500000025495,2086.1973999999464,7869.270642201835
1782394539,2,,Aggregated,0.600000,0.000000,8,13,18,22,25,32,37,46,2100,2100,2100,436,0,8,22.61994862385042,4.830500000025495,2086.1973999999464,7869.270642201835
1782394540,2,,Aggregated,0.600000,0.000000,8,13,18,22,25,32,37,46,2100,2100,2100,436,0,8,22.61994862385042,4.830500000025495,2086.1973999999464,7869.270642201835
1782394541,2,,Aggregated,0.700000,0.000000,8,13,17,22,25,32,37,46,2100,2100,2100,438,0,8,22.56256986301233,4.830500000025495,2086.1973999999464,7870.698630136986
1782394542,2,,Aggregated,0.700000,0.000000,8,13,17,22,25,32,37,46,2100,2100,2100,438,0,8,22.56256986301233,4.830500000025495,2086.1973999999464,7870.698630136986
1782394543,2,,Aggregated,0.700000,0.000000,8,13,17,22,25,32,37,46,2100,2100,2100,438,0,8,22.56256986301233,4.830500000025495,2086.1973999999464,7870.698630136986
1782394544,2,,Aggregated,0.700000,0.000000,8,13,17,22,25,32,37,46,2100,2100,2100,438,0,8,22.56256986301233,4.830500000025495,2086.1973999999464,7870.698630136986
1782394545,2,,Aggregated,0.500000,0.000000,8,13,17,22,25,32,37,46,2100,2100,2100,439,0,8,22.524331207288533,4.830500000025495,2086.1973999999464,7866.129840546697
1782394546,2,,Aggregated,0.500000,0.000000,8,13,17,22,25,32,37,46,2100,2100,2100,440,0,8,22.489953636361612,4.830500000025495,2086.1973999999464,7861.581818181819
1782394547,2,,Aggregated,0.500000,0.000000,8,13,17,22,25,32,37,46,2100,2100,2100,440,0,8,22.489953636361612,4.830500000025495,2086.1973999999464,7861.581818181819
1782394548,2,,Aggregated,0.500000,0.000000,8,13,17,22,25,32,37,46,2100,2100,2100,440,0,8,22.489953636361612,4.830500000025495,2086.1973999999464,7861.581818181819
1782394549,2,,Aggregated,0.500000,0.000000,8,13,17,22,25,32,37,46,2100,2100,2100,440,0,8,22.489953636361612,4.830500000025495,2086.1973999999464,7861.581818181819
1782394550,2,,Aggregated,0.400000,0.000000,8,13,17,22,25,32,39,46,2100,2100,2100,442,0,8,22.500620361987544,4.830500000025495,2086.1973999999464,7873.5158371040725
1782394551,2,,Aggregated,0.400000,0.000000,8,13,17,22,25,32,39,46,2100,2100,2100,442,0,8,22.500620361987544,4.830500000025495,2086.1973999999464,7873.5158371040725
1782394552,2,,Aggregated,0.500000,0.000000,8,13,17,22,25,32,39,46,2100,2100,2100,443,0,8,22.483263205414943,4.830500000025495,2086.1973999999464,7879.4424379232505
1782394553,2,,Aggregated,0.500000,0.000000,8,13,17,22,25,32,39,46,2100,2100,2100,443,0,8,22.483263205414943,4.830500000025495,2086.1973999999464,7879.4424379232505
1782394554,2,,Aggregated,0.400000,0.000000,8,13,17,22,25,32,39,46,2100,2100,2100,444,0,8,22.447760810808195,4.830500000025495,2086.1973999999464,7874.905405405405
1782394555,2,,Aggregated,0.400000,0.000000,8,13,17,22,25,32,39,46,2100,2100,2100,444,0,8,22.447760810808195,4.830500000025495,2086.1973999999464,7874.905405405405
1782394556,2,,Aggregated,0.500000,0.000000,8,13,17,22,25,32,39,46,2100,2100,2100,445,0,8,22.415267640446494,4.830500000025495,2086.1973999999464,7870.388764044944
1782394557,2,,Aggregated,0.600000,0.000000,8,13,17,22,25,32,39,46,2100,2100,2100,446,0,8,22.41217331838354,4.830500000025495,2086.1973999999464,7876.282511210762
1782394558,2,,Aggregated,0.600000,0.000000,8,13,17,22,25,32,39,46,2100,2100,2100,446,0,8,22.41217331838354,4.830500000025495,2086.1973999999464,7876.282511210762
1782394559,2,,Aggregated,0.500000,0.000000,8,13,17,22,25,32,39,46,2100,2100,2100,447,0,8,22.375625727068485,4.830500000025495,2086.1973999999464,7871.7829977628635
1782394560,2,,Aggregated,0.500000,0.000000,8,13,17,22,25,32,39,46,2100,2100,2100,448,0,8,22.350436383927022,4.830500000025495,2086.1973999999464,7877.647321428572
1782394561,2,,Aggregated,0.500000,0.000000,8,13,17,22,25,32,39,46,2100,2100,2100,448,0,8,22.350436383927022,4.830500000025495,2086.1973999999464,7877.647321428572
1782394562,2,,Aggregated,0.700000,0.000000,8,13,17,22,25,32,39,46,2100,2100,2100,449,0,8,22.32714743875067,4.830500000025495,2086.1973999999464,7883.4855233853
1782394563,2,,Aggregated,0.700000,0.000000,8,13,17,22,25,32,39,46,2100,2100,2100,449,0,8,22.32714743875067,4.830500000025495,2086.1973999999464,7883.4855233853
1782394564,2,,Aggregated,0.600000,0.000000,8,13,17,22,25,32,39,46,2100,2100,2100,450,0,8,22.290404888885355,4.830500000025495,2086.1973999999464,7879.0
1782394565,2,,Aggregated,0.700000,0.000000,8,13,17,22,25,32,37,46,2100,2100,2100,451,0,8,22.276319512192945,4.830500000025495,2086.1973999999464,7884.809312638581
1782394566,2,,Aggregated,0.700000,0.000000,8,13,17,22,25,32,37,46,2100,2100,2100,451,0,8,22.276319512192945,4.830500000025495,2086.1973999999464,7884.809312638581
1782394567,2,,Aggregated,0.700000,0.000000,8,13,17,22,25,32,37,46,2100,2100,2100,451,0,8,22.276319512192945,4.830500000025495,2086.1973999999464,7884.809312638581
1782394568,2,,Aggregated,0.600000,0.000000,8,13,17,22,25,32,37,46,2100,2100,2100,452,0,8,22.240132743360114,4.830500000025495,2086.1973999999464,7880.340707964602
1782394569,2,,Aggregated,0.600000,0.000000,8,13,17,22,25,32,37,46,2100,2100,2100,453,0,8,22.205068432668078,4.830500000025495,2086.1973999999464,7874.174392935983
1782394570,2,,Aggregated,0.600000,0.000000,8,13,17,22,25,32,37,46,2100,2100,2100,453,0,8,22.205068432668078,4.830500000025495,2086.1973999999464,7874.174392935983
1782394571,2,,Aggregated,0.600000,0.000000,8,13,17,22,25,32,37,46,2100,2100,2100,453,0,8,22.205068432668078,4.830500000025495,2086.1973999999464,7874.174392935983
1782394572,2,,Aggregated,0.500000,0.000000,8,13,17,22,25,32,37,46,2100,2100,2100,455,0,8,22.150143296700094,4.830500000025495,2086.1973999999464,7875.527472527472
1782394573,2,,Aggregated,0.500000,0.000000,8,13,17,22,25,32,37,46,2100,2100,2100,455,0,8,22.150143296700094,4.830500000025495,2086.1973999999464,7875.527472527472
1782394574,2,,Aggregated,0.500000,0.000000,8,13,17,22,25,32,37,46,2100,2100,2100,456,0,8,22.1279127192961,4.830500000025495,2086.1973999999464,7881.2807017543855
1782394575,2,,Aggregated,0.500000,0.000000,8,13,17,22,25,32,37,46,2100,2100,2100,457,0,8,22.09162910284223,4.830500000025495,2086.1973999999464,7875.166301969365
1782394576,2,,Aggregated,0.500000,0.000000,8,13,17,22,25,32,37,46,2100,2100,2100,457,0,8,22.09162910284223,4.830500000025495,2086.1973999999464,7875.166301969365
1782394577,2,,Aggregated,0.600000,0.000000,8,13,17,22,25,32,37,46,2100,2100,2100,458,0,8,22.056223362442047,4.830500000025495,2086.1973999999464,7869.078602620088
1782394578,2,,Aggregated,0.600000,0.000000,8,13,17,22,25,32,37,46,2100,2100,2100,459,0,8,22.025361873634083,4.830500000025495,2086.1973999999464,7864.712418300654
1782394579,2,,Aggregated,0.600000,0.000000,8,13,17,22,25,32,37,46,2100,2100,2100,459,0,8,22.025361873634083,4.830500000025495,2086.1973999999464,7864.712418300654
1782394580,2,,Aggregated,0.600000,0.000000,8,13,17,22,25,32,37,46,2100,2100,2100,460,0,8,21.991838478256994,4.830500000025495,2086.1973999999464,7858.673913043478
1782394581,2,,Aggregated,0.600000,0.000000,8,13,17,22,25,32,37,46,2100,2100,2100,460,0,8,21.991838478256994,4.830500000025495,2086.1973999999464,7858.673913043478
1782394582,2,,Aggregated,0.600000,0.000000,8,13,17,22,25,32,37,46,2100,2100,2100,460,0,8,21.991838478256994,4.830500000025495,2086.1973999999464,7858.673913043478
1782394583,2,,Aggregated,0.700000,0.000000,8,13,17,22,25,31,37,46,2100,2100,2100,461,0,8,21.95688026029987,4.830500000025495,2086.1973999999464,7854.349240780911
1782394584,2,,Aggregated,0.700000,0.000000,8,13,17,22,25,31,37,46,2100,2100,2100,462,0,8,21.934790259737465,4.830500000025495,2086.1973999999464,7860.073593073593
1782394585,2,,Aggregated,0.700000,0.000000,8,13,17,22,25,31,37,46,2100,2100,2100,462,0,8,21.934790259737465,4.830500000025495,2086.1973999999464,7860.073593073593
1782394586,2,,Aggregated,0.600000,0.000000,8,13,17,22,25,31,37,46,2100,2100,2100,463,0,8,21.8998274298012,4.830500000025495,2086.1973999999464,7854.084233261339
1782394587,2,,Aggregated,0.600000,0.000000,8,13,17,22,25,31,37,46,2100,2100,2100,463,0,8,21.8998274298012,4.830500000025495,2086.1973999999464,7854.084233261339
1782394588,2,,Aggregated,0.600000,0.000000,8,13,17,22,25,31,37,46,2100,2100,2100,464,0,8,21.9086474137894,4.830500000025495,2086.1973999999464,7859.7844827586205
1782394589,2,,Aggregated,0.600000,0.000000,8,13,17,22,25,31,37,46,2100,2100,2100,465,0,8,21.88556215053439,4.830500000025495,2086.1973999999464,7865.460215053763
1782394590,2,,Aggregated,0.600000,0.000000,8,13,17,22,25,31,37,46,2100,2100,2100,465,0,8,21.88556215053439,4.830500000025495,2086.1973999999464,7865.460215053763
1782394591,2,,Aggregated,0.500000,0.000000,8,13,17,22,25,31,37,46,2100,2100,2100,466,0,8,21.862959656647533,4.830500000025495,2086.1973999999464,7871.111587982833
1782394592,2,,Aggregated,0.500000,0.000000,8,13,17,22,25,31,37,46,2100,2100,2100,466,0,8,21.862959656647533,4.830500000025495,2086.1973999999464,7871.111587982833
1782394593,2,,Aggregated,0.500000,0.000000,8,13,17,22,25,31,37,46,2100,2100,2100,466,0,8,21.862959656647533,4.830500000025495,2086.1973999999464,7871.111587982833
1782394594,2,,Aggregated,0.600000,0.000000,8,13,17,22,25,31,37,46,2100,2100,2100,467,0,8,21.841520770871618,4.830500000025495,2086.1973999999464,7876.738758029978
1782394595,2,,Aggregated,0.600000,0.000000,8,13,17,22,25,31,37,46,2100,2100,2100,467,0,8,21.841520770871618,4.830500000025495,2086.1973999999464,7876.738758029978
1782394596,2,,Aggregated,0.500000,0.000000,8,13,17,22,25,31,37,46,2100,2100,2100,468,0,8,21.808163675207954,4.830500000025495,2086.1973999999464,7872.440170940171
1782394597,2,,Aggregated,0.500000,0.000000,8,13,17,22,25,31,37,46,2100,2100,2100,468,0,8,21.808163675207954,4.830500000025495,2086.1973999999464,7872.440170940171
1782394598,2,,Aggregated,0.500000,0.000000,8,13,17,22,25,31,37,46,2100,2100,2100,468,0,8,21.808163675207954,4.830500000025495,2086.1973999999464,7872.440170940171
1782394599,2,,Aggregated,0.500000,0.000000,8,13,17,22,25,31,37,46,2100,2100,2100,469,0,8,21.791083155644465,4.830500000025495,2086.1973999999464,7878.040511727079
1782394600,2,,Aggregated,0.500000,0.000000,8,13,17,22,25,31,37,46,2100,2100,2100,470,0,8,21.761469574462257,4.830500000025495,2086.1973999999464,7872.102127659575
1782394601,2,,Aggregated,0.500000,0.000000,8,13,17,22,25,31,37,46,2100,2100,2100,470,0,8,21.761469574462257,4.830500000025495,2086.1973999999464,7872.102127659575
1782394602,2,,Aggregated,0.500000,0.000000,8,13,17,22,25,31,37,46,2100,2100,2100,472,0,8,21.77751461863794,4.830500000025495,2086.1973999999464,7883.233050847458
1782394603,2,,Aggregated,0.500000,0.000000,8,13,17,22,25,31,37,46,2100,2100,2100,472,0,8,21.77751461863794,4.830500000025495,2086.1973999999464,7883.233050847458
1782394604,2,,Aggregated,0.500000,0.000000,8,13,17,22,25,31,37,46,2100,2100,2100,472,0,8,21.77751461863794,4.830500000025495,2086.1973999999464,7883.233050847458
1782394605,2,,Aggregated,0.400000,0.000000,8,13,17,22,25,31,37,46,2100,2100,2100,473,0,8,21.743908668071118,4.830500000025495,2086.1973999999464,7878.966173361522
1782394606,2,,Aggregated,0.600000,0.000000,8,13,17,22,25,31,37,46,2100,2100,2100,474,0,8,21.711697468349158,4.830500000025495,2086.1973999999464,7873.0759493670885
1782394607,2,,Aggregated,0.600000,0.000000,8,13,17,22,25,31,37,46,2100,2100,2100,474,0,8,21.711697468349158,4.830500000025495,2086.1973999999464,7873.0759493670885
1782394608,2,,Aggregated,0.600000,0.000000,8,13,17,22,25,31,37,46,2100,2100,2100,475,0,8,21.68426336841405,4.830500000025495,2086.1973999999464,7868.848421052631
1782394609,2,,Aggregated,0.600000,0.000000,8,13,17,22,25,31,37,46,2100,2100,2100,476,0,8,21.651809033606817,4.830500000025495,2086.1973999999464,7864.638655462185
1782394610,2,,Aggregated,0.600000,0.000000,8,13,17,22,25,31,37,46,2100,2100,2100,476,0,8,21.651809033606817,4.830500000025495,2086.1973999999464,7864.638655462185
1782394611,2,,Aggregated,0.600000,0.000000,8,13,17,22,25,31,37,46,2100,2100,2100,477,0,8,21.63905953877753,4.830500000025495,2086.1973999999464,7870.16142557652
1782394612,2,,Aggregated,0.600000,0.000000,8,13,17,22,25,31,37,46,2100,2100,2100,478,0,8,21.637164016728583,4.830500000025495,2086.1973999999464,7875.661087866109
1782394613,2,,Aggregated,0.600000,0.000000,8,13,17,22,25,31,37,46,2100,2100,2100,478,0,8,21.637164016728583,4.830500000025495,2086.1973999999464,7875.661087866109
1782394614,2,,Aggregated,0.700000,0.000000,8,13,17,22,25,31,37,46,2100,2100,2100,479,0,8,21.61521336116049,4.830500000025495,2086.1973999999464,7881.137787056367
1782394615,2,,Aggregated,0.700000,0.000000,8,13,17,22,25,31,37,46,2100,2100,2100,479,0,8,21.61521336116049,4.830500000025495,2086.1973999999464,7881.137787056367
1782394616,2,,Aggregated,0.700000,0.000000,8,13,17,22,25,31,37,46,2100,2100,2100,481,0,8,21.560513513503718,4.830500000025495,2086.1973999999464,7882.388773388773
1782394617,2,,Aggregated,0.700000,0.000000,8,13,17,22,25,31,37,46,2100,2100,2100,481,0,8,21.560513513503718,4.830500000025495,2086.1973999999464,7882.388773388773
1782394618,2,,Aggregated,0.700000,0.000000,8,13,17,22,25,31,37,46,2100,2100,2100,481,0,8,21.560513513503718,4.830500000025495,2086.1973999999464,7882.388773388773
1782394619,2,,Aggregated,0.700000,0.000000,8,13,17,22,25,31,37,46,2100,2100,2100,482,0,8,21.54185560165014,4.830500000025495,2086.1973999999464,7887.817427385892
1782394620,2,,Aggregated,0.700000,0.000000,8,13,17,22,25,31,37,46,2100,2100,2100,483,0,8,21.519645962723807,4.830500000025495,2086.1973999999464,7893.223602484472
1782394621,2,,Aggregated,0.700000,0.000000,8,13,17,22,25,31,37,46,2100,2100,2100,483,0,8,21.519645962723807,4.830500000025495,2086.1973999999464,7893.223602484472
1782394622,2,,Aggregated,0.700000,0.000000,8,13,17,22,25,31,37,46,2100,2100,2100,483,0,8,21.519645962723807,4.830500000025495,2086.1973999999464,7893.223602484472
1782394623,2,,Aggregated,0.700000,0.000000,8,13,17,22,25,31,37,46,2100,2100,2100,483,0,8,21.519645962723807,4.830500000025495,2086.1973999999464,7893.223602484472
1782394624,2,,Aggregated,0.600000,0.000000,8,13,17,22,25,31,37,46,2100,2100,2100,485,0,8,21.455606185558395,4.830500000025495,2086.1973999999464,7883.255670103093
1782394625,2,,Aggregated,0.600000,0.000000,8,13,17,22,25,31,37,46,2100,2100,2100,485,0,8,21.455606185558395,4.830500000025495,2086.1973999999464,7883.255670103093
1782394626,2,,Aggregated,0.600000,0.000000,8,13,17,22,25,31,37,46,2100,2100,2100,485,0,8,21.455606185558395,4.830500000025495,2086.1973999999464,7883.255670103093
1782394627,2,,Aggregated,0.600000,0.000000,8,13,17,22,25,31,37,46,2100,2100,2100,486,0,8,21.464712345668925,4.830500000025495,2086.1973999999464,7888.6378600823045
1782394628,2,,Aggregated,0.600000,0.000000,8,13,17,22,25,31,37,46,2100,2100,2100,486,0,8,21.464712345668925,4.830500000025495,2086.1973999999464,7888.6378600823045
1782394629,2,,Aggregated,0.500000,0.000000,8,13,17,22,25,31,37,46,2100,2100,2100,487,0,8,21.43273798766996,4.830500000025495,2086.1973999999464,7884.482546201232
1782394630,2,,Aggregated,0.500000,0.000000,8,13,17,22,25,31,37,46,2100,2100,2100,487,0,8,21.43273798766996,4.830500000025495,2086.1973999999464,7884.482546201232
1782394631,2,,Aggregated,0.600000,0.000000,8,13,17,22,25,31,37,46,2100,2100,2100,489,0,8,21.380511656431768,4.830500000025495,2086.1973999999464,7885.699386503067
1782394632,2,,Aggregated,0.600000,0.000000,8,13,17,22,25,31,37,46,2100,2100,2100,489,0,8,21.380511656431768,4.830500000025495,2086.1973999999464,7885.699386503067
1782394633,2,,Aggregated,0.600000,0.000000,8,13,17,22,25,31,37,46,2100,2100,2100,489,0,8,21.380511656431768,4.830500000025495,2086.1973999999464,7885.699386503067
1782394634,2,,Aggregated,0.600000,0.000000,8,13,17,22,25,31,37,46,2100,2100,2100,491,0,8,21.316680855388416,4.830500000025495,2086.1973999999464,7874.299389002037
1782394635,2,,Aggregated,0.600000,0.000000,8,13,17,22,25,31,37,46,2100,2100,2100,491,0,8,21.316680855388416,4.830500000025495,2086.1973999999464,7874.299389002037
1782394636,2,,Aggregated,0.600000,0.000000,8,13,17,22,25,31,37,46,2100,2100,2100,491,0,8,21.316680855388416,4.830500000025495,2086.1973999999464,7874.299389002037
1782394637,2,,Aggregated,0.600000,0.000000,8,13,17,22,25,31,37,46,2100,2100,2100,491,0,8,21.316680855388416,4.830500000025495,2086.1973999999464,7874.299389002037
1782394638,2,,Aggregated,0.600000,0.000000,8,13,17,22,25,31,37,46,2100,2100,2100,493,0,8,21.25826551723152,4.830500000025495,2086.1973999999464,7864.569979716024
1782394639,2,,Aggregated,0.600000,0.000000,8,13,17,22,25,31,37,46,2100,2100,2100,493,0,8,21.25826551723152,4.830500000025495,2086.1973999999464,7864.569979716024
1782394640,2,,Aggregated,0.500000,0.000000,8,13,17,22,25,31,37,46,2100,2100,2100,494,0,8,21.237740890677674,4.830500000025495,2086.1973999999464,7869.902834008097
1782394641,2,,Aggregated,0.600000,0.000000,8,13,17,22,25,31,37,46,2100,2100,2100,495,0,8,21.208606868675254,4.830500000025495,2086.1973999999464,7864.280808080808
1782394642,2,,Aggregated,0.600000,0.000000,8,13,17,22,25,31,37,46,2100,2100,2100,496,0,8,21.176437499988307,4.830500000025495,2086.1973999999464,7858.681451612903
1782394644,2,,Aggregated,0.700000,0.000000,8,13,16,22,25,31,37,46,2100,2100,2100,497,0,8,21.15837565391301,4.830500000025495,2086.1973999999464,7863.9939637826965
1782394645,2,,Aggregated,0.700000,0.000000,8,13,16,22,25,31,37,46,2100,2100,2100,497,0,8,21.15837565391301,4.830500000025495,2086.1973999999464,7863.9939637826965
1782394646,2,,Aggregated,0.700000,0.000000,8,13,16,22,25,31,37,46,2100,2100,2100,497,0,8,21.15837565391301,4.830500000025495,2086.1973999999464,7863.9939637826965
1782394647,2,,Aggregated,0.800000,0.000000,8,13,16,22,25,31,37,46,2100,2100,2100,499,0,8,21.09949438876837,4.830500000025495,2086.1973999999464,7855.981963927856
1782394648,2,,Aggregated,0.800000,0.000000,8,13,16,22,25,31,37,46,2100,2100,2100,499,0,8,21.09949438876837,4.830500000025495,2086.1973999999464,7855.981963927856
1782394649,2,,Aggregated,0.600000,0.000000,8,13,16,22,25,31,37,46,2100,2100,2100,500,0,8,21.07776419999209,4.830500000025495,2086.1973999999464,7861.268
1782394650,2,,Aggregated,0.600000,0.000000,8,13,16,22,25,31,37,46,2100,2100,2100,500,0,8,21.07776419999209,4.830500000025495,2086.1973999999464,7861.268
1782394651,2,,Aggregated,0.800000,0.000000,8,13,16,21,25,30,37,44,2100,2100,2100,502,0,8,21.028550199197383,4.830500000025495,2086.1973999999464,7862.545816733068
1782394652,2,,Aggregated,0.800000,0.000000,8,13,16,21,25,30,37,44,2100,2100,2100,502,0,8,21.028550199197383,4.830500000025495,2086.1973999999464,7862.545816733068
1782394653,2,,Aggregated,0.800000,0.000000,8,13,16,21,25,30,37,44,2100,2100,2100,502,0,8,21.028550199197383,4.830500000025495,2086.1973999999464,7862.545816733068
1782394654,2,,Aggregated,0.800000,0.000000,8,13,16,21,25,30,37,44,2100,2100,2100,503,0,8,20.99964493041177,4.830500000025495,2086.1973999999464,7858.574552683896
1782394655,2,,Aggregated,0.800000,0.000000,8,13,16,21,25,30,37,44,2100,2100,2100,503,0,8,20.99964493041177,4.830500000025495,2086.1973999999464,7858.574552683896
1782394656,2,,Aggregated,0.600000,0.000000,8,13,16,22,25,30,37,44,2100,2100,2100,504,0,8,21.001512499992714,4.830500000025495,2086.1973999999464,7863.813492063492
1782394657,2,,Aggregated,0.600000,0.000000,8,13,16,22,25,30,37,44,2100,2100,2100,505,0,8,20.992624356427534,4.830500000025495,2086.1973999999464,7869.031683168317
1782394658,2,,Aggregated,0.600000,0.000000,8,13,16,22,25,30,37,44,2100,2100,2100,505,0,8,20.992624356427534,4.830500000025495,2086.1973999999464,7869.031683168317
1782394659,2,,Aggregated,0.600000,0.000000,8,13,16,21,25,30,37,44,2100,2100,2100,506,0,8,20.964406521731867,4.830500000025495,2086.1973999999464,7865.071146245059
1782394660,2,,Aggregated,0.600000,0.000000,8,13,16,21,25,30,37,44,2100,2100,2100,507,0,8,20.944441420110177,4.830500000025495,2086.1973999999464,7870.266272189349
1782394661,2,,Aggregated,0.600000,0.000000,8,13,16,21,25,30,37,44,2100,2100,2100,507,0,8,20.944441420110177,4.830500000025495,2086.1973999999464,7870.266272189349
1782394662,2,,Aggregated,0.700000,0.000000,8,13,16,21,25,30,37,44,2100,2100,2100,508,0,8,20.929702755896813,4.830500000025495,2086.1973999999464,7875.44094488189
1782394663,2,,Aggregated,0.700000,0.000000,8,13,16,21,25,30,37,44,2100,2100,2100,508,0,8,20.929702755896813,4.830500000025495,2086.1973999999464,7875.44094488189
1782394664,2,,Aggregated,0.500000,0.000000,8,13,16,21,25,30,37,44,2100,2100,2100,509,0,8,20.899725147338557,4.830500000025495,2086.1973999999464,7871.49115913556
1782394665,2,,Aggregated,0.500000,0.000000,8,13,16,21,25,30,37,44,2100,2100,2100,509,0,8,20.899725147338557,4.830500000025495,2086.1973999999464,7871.49115913556
1782394666,2,,Aggregated,0.500000,0.000000,8,13,16,21,25,30,37,44,2100,2100,2100,509,0,8,20.899725147338557,4.830500000025495,2086.1973999999464,7871.49115913556
1782394667,2,,Aggregated,0.600000,0.000000,8,13,16,21,25,30,37,44,2100,2100,2100,511,0,8,20.85706829744602,4.830500000025495,2086.1973999999464,7872.706457925636
1782394668,2,,Aggregated,0.600000,0.000000,8,13,16,21,25,30,37,44,2100,2100,2100,511,0,8,20.85706829744602,4.830500000025495,2086.1973999999464,7872.706457925636
1782394669,2,,Aggregated,0.600000,0.000000,8,13,16,21,25,30,37,44,2100,2100,2100,511,0,8,20.85706829744602,4.830500000025495,2086.1973999999464,7872.706457925636
1782394670,2,,Aggregated,0.600000,0.000000,8,13,16,21,25,30,37,44,2100,2100,2100,512,0,8,20.848188671866552,4.830500000025495,2086.1973999999464,7877.8359375
1782394671,2,,Aggregated,0.600000,0.000000,8,13,16,21,25,30,37,44,2100,2100,2100,513,0,8,20.820806822603668,4.830500000025495,2086.1973999999464,7873.912280701755
1782394672,2,,Aggregated,0.600000,0.000000,8,13,16,21,25,30,37,44,2100,2100,2100,513,0,8,20.820806822603668,4.830500000025495,2086.1973999999464,7873.912280701755
1782394673,2,,Aggregated,0.600000,0.000000,8,13,16,21,25,30,37,44,2100,2100,2100,513,0,8,20.820806822603668,4.830500000025495,2086.1973999999464,7873.912280701755
1782394674,2,,Aggregated,0.600000,0.000000,8,13,16,21,25,30,37,44,2100,2100,2100,514,0,8,20.793844747074964,4.830500000025495,2086.1973999999464,7870.003891050584
1782394675,2,,Aggregated,0.600000,0.000000,8,13,16,21,25,30,37,44,2100,2100,2100,515,0,8,20.76459009708168,4.830500000025495,2086.1973999999464,7866.11067961165
1782394676,2,,Aggregated,0.600000,0.000000,8,13,16,21,25,30,37,44,2100,2100,2100,515,0,8,20.76459009708168,4.830500000025495,2086.1973999999464,7866.11067961165
1782394677,2,,Aggregated,0.600000,0.000000,8,13,16,21,25,30,37,44,2100,2100,2100,516,0,8,20.767608333327267,4.830500000025495,2086.1973999999464,7871.2131782945735
1782394678,2,,Aggregated,0.600000,0.000000,8,13,16,21,25,30,37,44,2100,2100,2100,516,0,8,20.767608333327267,4.830500000025495,2086.1973999999464,7871.2131782945735
1782394679,2,,Aggregated,0.600000,0.000000,8,13,16,21,25,30,37,44,2100,2100,2100,517,0,8,20.740293423591847,4.830500000025495,2086.1973999999464,7867.332688588008
1782394680,2,,Aggregated,0.600000,0.000000,8,13,16,21,25,30,37,44,2100,2100,2100,517,0,8,20.740293423591847,4.830500000025495,2086.1973999999464,7867.332688588008
1782394681,2,,Aggregated,0.600000,0.000000,8,13,16,21,25,30,37,44,2100,2100,2100,517,0,8,20.740293423591847,4.830500000025495,2086.1973999999464,7867.332688588008
1782394682,2,,Aggregated,0.600000,0.000000,8,13,16,21,25,30,37,44,2100,2100,2100,519,0,8,20.69591098265469,4.830500000025495,2086.1973999999464,7867.046242774566
1782394683,2,,Aggregated,0.600000,0.000000,8,13,16,21,25,30,37,44,2100,2100,2100,519,0,8,20.69591098265469,4.830500000025495,2086.1973999999464,7867.046242774566
1782394684,2,,Aggregated,0.600000,0.000000,8,13,16,21,25,30,37,44,2100,2100,2100,520,0,8,20.67312096153448,4.830500000025495,2086.1973999999464,7863.196153846154
1782394685,2,,Aggregated,0.600000,0.000000,8,13,16,21,25,30,37,44,2100,2100,2100,521,0,8,20.647227255273464,4.830500000025495,2086.1973999999464,7857.867562380038
1782394686,2,,Aggregated,0.600000,0.000000,8,13,16,21,25,30,37,44,2100,2100,2100,521,0,8,20.647227255273464,4.830500000025495,2086.1973999999464,7857.867562380038
1782394687,2,,Aggregated,0.600000,0.000000,8,13,16,21,25,30,37,44,2100,2100,2100,521,0,8,20.647227255273464,4.830500000025495,2086.1973999999464,7857.867562380038
1782394688,2,,Aggregated,0.600000,0.000000,8,13,16,21,25,30,37,44,2100,2100,2100,521,0,8,20.647227255273464,4.830500000025495,2086.1973999999464,7857.867562380038
1782394689,2,,Aggregated,0.600000,0.000000,8,13,16,21,25,30,37,44,2100,2100,2100,523,0,8,20.62305009559667,4.830500000025495,2086.1973999999464,7859.10707456979
1782394690,2,,Aggregated,0.600000,0.000000,8,13,16,21,25,30,37,44,2100,2100,2100,523,0,8,20.62305009559667,4.830500000025495,2086.1973999999464,7859.10707456979
1782394691,2,,Aggregated,0.600000,0.000000,8,13,16,21,25,30,37,44,2100,2100,2100,523,0,8,20.62305009559667,4.830500000025495,2086.1973999999464,7859.10707456979
1782394692,2,,Aggregated,0.600000,0.000000,8,13,16,21,25,30,37,44,2100,2100,2100,524,0,8,20.595930152666792,4.830500000025495,2086.1973999999464,7855.301526717557
1782394693,2,,Aggregated,0.600000,0.000000,8,13,16,21,25,30,37,44,2100,2100,2100,525,0,8,20.586781333328137,4.830500000025495,2086.1973999999464,7860.337142857143
1782394694,2,,Aggregated,0.600000,0.000000,8,13,16,21,25,30,37,44,2100,2100,2100,525,0,8,20.586781333328137,4.830500000025495,2086.1973999999464,7860.337142857143
1782394695,2,,Aggregated,0.400000,0.000000,8,13,16,21,25,30,37,44,2100,2100,2100,526,0,8,20.55989524714219,4.830500000025495,2086.1973999999464,7856.543726235742
1782394696,2,,Aggregated,0.400000,0.000000,8,13,16,21,25,30,37,44,2100,2100,2100,526,0,8,20.55989524714219,4.830500000025495,2086.1973999999464,7856.543726235742
1782394697,2,,Aggregated,0.600000,0.000000,8,13,16,21,25,30,37,44,2100,2100,2100,527,0,8,20.53623643263239,4.830500000025495,2086.1973999999464,7851.288425047438
1782394698,2,,Aggregated,0.500000,0.000000,8,13,16,21,25,30,37,44,2100,2100,2100,528,0,8,20.580068749995228,4.830500000025495,2086.1973999999464,7856.30303030303
1782394699,2,,Aggregated,0.500000,0.000000,8,13,16,21,25,30,37,44,2100,2100,2100,529,0,8,20.566818336477628,4.830500000025495,2086.1973999999464,7861.298676748582
1782394700,2,,Aggregated,0.600000,0.000000,8,13,16,21,25,30,37,44,2100,2100,2100,530,0,8,20.54109962263506,4.830500000025495,2086.1973999999464,7857.532075471698
1782394701,2,,Aggregated,0.600000,0.000000,8,13,16,21,25,30,37,44,2100,2100,2100,530,0,8,20.54109962263506,4.830500000025495,2086.1973999999464,7857.532075471698
1782394702,2,,Aggregated,0.600000,0.000000,8,13,16,21,25,30,37,44,2100,2100,2100,530,0,8,20.54109962263506,4.830500000025495,2086.1973999999464,7857.532075471698
1782394703,2,,Aggregated,0.600000,0.000000,8,13,16,21,25,31,37,44,2100,2100,2100,531,0,8,20.567577401124616,4.830500000025495,2086.1973999999464,7862.5065913371
1782394704,2,,Aggregated,0.700000,0.000000,8,13,16,21,25,31,37,44,2100,2100,2100,532,0,8,20.53980131578422,4.830500000025495,2086.1973999999464,7858.751879699248
1782394705,2,,Aggregated,0.700000,0.000000,8,13,16,21,25,31,37,44,2100,2100,2100,532,0,8,20.53980131578422,4.830500000025495,2086.1973999999464,7858.751879699248
1782394706,2,,Aggregated,0.700000,0.000000,8,13,16,21,25,31,37,44,2100,2100,2100,532,0,8,20.53980131578422,4.830500000025495,2086.1973999999464,7858.751879699248
1782394707,2,,Aggregated,0.600000,0.000000,8,13,16,21,25,31,37,44,2100,2100,2100,533,0,8,20.51460900562288,4.830500000025495,2086.1973999999464,7853.551594746717
1782394708,2,,Aggregated,0.600000,0.000000,8,13,16,21,25,31,37,44,2100,2100,2100,534,0,8,20.51682565542513,4.830500000025495,2086.1973999999464,7858.505617977528
1782394709,2,,Aggregated,0.600000,0.000000,8,13,16,21,25,31,37,44,2100,2100,2100,534,0,8,20.51682565542513,4.830500000025495,2086.1973999999464,7858.505617977528
1782394710,2,,Aggregated,0.500000,0.000000,8,13,16,22,25,31,37,44,2100,2100,2100,535,0,8,20.52950897195842,4.830500000025495,2086.1973999999464,7863.441121495327
1782394711,2,,Aggregated,0.600000,0.000000,8,13,16,21,25,31,37,44,2100,2100,2100,536,0,8,20.511263992533266,4.830500000025495,2086.1973999999464,7868.358208955224
1782394712,2,,Aggregated,0.600000,0.000000,8,13,16,21,25,31,37,44,2100,2100,2100,536,0,8,20.511263992533266,4.830500000025495,2086.1973999999464,7868.358208955224
1782394713,2,,Aggregated,0.600000,0.000000,8,13,16,21,25,31,37,44,2100,2100,2100,537,0,8,20.485407262565843,4.830500000025495,2086.1973999999464,7863.17877094972
1782394714,2,,Aggregated,0.600000,0.000000,8,13,16,21,25,31,37,44,2100,2100,2100,538,0,8,20.462006505572916,4.830500000025495,2086.1973999999464,7858.018587360595
1782394715,2,,Aggregated,0.600000,0.000000,8,13,16,21,25,31,37,44,2100,2100,2100,538,0,8,20.462006505572916,4.830500000025495,2086.1973999999464,7858.018587360595
1782394716,2,,Aggregated,0.600000,0.000000,8,13,16,21,25,31,37,44,2100,2100,2100,539,0,8,20.437566975877935,4.830500000025495,2086.1973999999464,7854.320964749536
1782394717,2,,Aggregated,0.600000,0.000000,8,13,16,21,25,31,37,44,2100,2100,2100,539,0,8,20.437566975877935,4.830500000025495,2086.1973999999464,7854.320964749536
1782394718,2,,Aggregated,0.600000,0.000000,8,13,16,21,25,31,37,44,2100,2100,2100,540,0,8,20.41147629629281,4.830500000025495,2086.1973999999464,7850.637037037037
1782394719,2,,Aggregated,0.600000,0.000000,8,13,16,21,25,30,37,44,2100,2100,2100,541,0,8,20.386562846577164,4.830500000025495,2086.1973999999464,7846.966728280961
1782394720,2,,Aggregated,0.600000,0.000000,8,13,16,21,25,30,37,44,2100,2100,2100,541,0,8,20.386562846577164,4.830500000025495,2086.1973999999464,7846.966728280961
1782394721,2,,Aggregated,0.700000,0.000000,8,13,16,21,25,31,39,44,2100,2100,2100,543,0,8,20.39202707181956,4.830500000025495,2086.1973999999464,7848.20073664825
1782394722,2,,Aggregated,0.700000,0.000000,8,13,16,21,25,31,39,44,2100,2100,2100,543,0,8,20.39202707181956,4.830500000025495,2086.1973999999464,7848.20073664825
1782394723,2,,Aggregated,0.700000,0.000000,8,13,16,21,25,31,39,44,2100,2100,2100,543,0,8,20.39202707181956,4.830500000025495,2086.1973999999464,7848.20073664825
1782394724,2,,Aggregated,0.700000,0.000000,8,13,16,21,25,31,39,44,2100,2100,2100,545,0,8,20.343220550454767,4.830500000025495,2086.1973999999464,7840.922935779817
1782394725,2,,Aggregated,0.700000,0.000000,8,13,16,21,25,31,39,44,2100,2100,2100,545,0,8,20.343220550454767,4.830500000025495,2086.1973999999464,7840.922935779817
1782394726,2,,Aggregated,0.700000,0.000000,8,13,16,21,25,31,39,44,2100,2100,2100,545,0,8,20.343220550454767,4.830500000025495,2086.1973999999464,7840.922935779817
1782394727,2,,Aggregated,0.500000,0.000000,8,13,16,21,25,31,39,44,2100,2100,2100,546,0,8,20.316314652010433,4.830500000025495,2086.1973999999464,7835.879120879121
1782394728,2,,Aggregated,0.500000,0.000000,8,13,16,21,25,31,39,44,2100,2100,2100,546,0,8,20.316314652010433,4.830500000025495,2086.1973999999464,7835.879120879121
1782394729,2,,Aggregated,0.700000,0.000000,8,13,16,21,25,31,39,44,2100,2100,2100,547,0,8,20.29397605118365,4.830500000025495,2086.1973999999464,7830.853747714808
1782394730,2,,Aggregated,0.600000,0.000000,8,13,16,21,25,31,39,44,2100,2100,2100,548,0,8,20.300809854010048,4.830500000025495,2086.1973999999464,7835.7226277372265
1782394731,2,,Aggregated,0.600000,0.000000,8,13,16,21,25,31,39,44,2100,2100,2100,549,0,8,20.276105100177954,4.830500000025495,2086.1973999999464,7832.132969034608
1782394732,2,,Aggregated,0.600000,0.000000,8,13,16,21,25,31,39,44,2100,2100,2100,549,0,8,20.276105100177954,4.830500000025495,2086.1973999999464,7832.132969034608
1782394733,2,,Aggregated,0.600000,0.000000,8,13,16,21,25,31,39,44,2100,2100,2100,549,0,8,20.276105100177954,4.830500000025495,2086.1973999999464,7832.132969034608
1782394734,2,,Aggregated,0.600000,0.000000,8,13,16,21,25,31,39,44,2100,2100,2100,550,0,8,20.26805399999582,4.830500000025495,2086.1973999999464,7836.981818181818
1782394735,2,,Aggregated,0.600000,0.000000,8,13,16,21,25,31,37,44,2100,2100,2100,551,0,8,20.255767513607367,4.830500000025495,2086.1973999999464,7841.813067150635
1782394736,2,,Aggregated,0.600000,0.000000,8,13,16,21,25,31,37,44,2100,2100,2100,551,0,8,20.255767513607367,4.830500000025495,2086.1973999999464,7841.813067150635
1782394737,2,,Aggregated,0.500000,0.000000,8,13,16,21,25,31,37,44,2100,2100,2100,552,0,8,20.258486956516908,4.830500000025495,2086.1973999999464,7846.626811594203
1782394738,2,,Aggregated,0.500000,0.000000,8,13,16,21,25,31,37,44,2100,2100,2100,552,0,8,20.258486956516908,4.830500000025495,2086.1973999999464,7846.626811594203
1782394739,2,,Aggregated,0.500000,0.000000,8,13,16,21,25,31,37,44,2100,2100,2100,553,0,8,20.234209945745494,4.830500000025495,2086.1973999999464,7843.043399638336
1782394740,2,,Aggregated,0.600000,0.000000,8,13,16,21,25,31,37,44,2100,2100,2100,554,0,8,20.213166064977585,4.830500000025495,2086.1973999999464,7839.472924187726
1782394741,2,,Aggregated,0.500000,0.000000,8,13,16,21,25,31,37,44,2100,2100,2100,555,0,8,20.18820396395903,4.830500000025495,2086.1973999999464,7834.513513513513
1782394742,2,,Aggregated,0.500000,0.000000,8,13,16,21,25,31,37,44,2100,2100,2100,555,0,8,20.18820396395903,4.830500000025495,2086.1973999999464,7834.513513513513
1782394743,2,,Aggregated,0.500000,0.000000,8,13,16,21,25,31,37,44,2100,2100,2100,555,0,8,20.18820396395903,4.830500000025495,2086.1973999999464,7834.513513513513
1782394744,2,,Aggregated,0.600000,0.000000,8,13,16,21,25,31,37,44,2100,2100,2100,556,0,8,20.210389928052404,4.830500000025495,2086.1973999999464,7839.305755395683
1782394745,2,,Aggregated,0.600000,0.000000,8,13,16,21,25,31,37,44,2100,2100,2100,556,0,8,20.210389928052404,4.830500000025495,2086.1973999999464,7839.305755395683
1782394746,2,,Aggregated,0.600000,0.000000,8,13,16,21,25,31,37,44,2100,2100,2100,557,0,8,20.196529263907177,4.830500000025495,2086.1973999999464,7844.08078994614
1782394747,2,,Aggregated,0.600000,0.000000,8,13,16,21,25,31,37,44,2100,2100,2100,557,0,8,20.196529263907177,4.830500000025495,2086.1973999999464,7844.08078994614
1782394748,2,,Aggregated,0.500000,0.000000,8,13,16,21,25,31,37,44,2100,2100,2100,558,0,8,20.172996236553484,4.830500000025495,2086.1973999999464,7840.534050179212
1782394749,2,,Aggregated,0.500000,0.000000,8,13,16,21,25,31,37,44,2100,2100,2100,558,0,8,20.172996236553484,4.830500000025495,2086.1973999999464,7840.534050179212
1782394751,2,,Aggregated,0.500000,0.000000,8,13,16,21,25,31,37,44,2100,2100,2100,558,0,8,20.172996236553484,4.830500000025495,2086.1973999999464,7840.534050179212
1782394752,2,,Aggregated,0.600000,0.000000,8,13,16,22,25,31,37,44,2100,2100,2100,560,0,8,20.164063749994707,4.830500000025495,2086.1973999999464,7850.028571428571
1782394753,2,,Aggregated,0.600000,0.000000,8,13,16,22,25,31,37,44,2100,2100,2100,560,0,8,20.164063749994707,4.830500000025495,2086.1973999999464,7850.028571428571
1782394754,2,,Aggregated,0.600000,0.000000,8,13,16,22,25,31,37,44,2100,2100,2100,560,0,8,20.164063749994707,4.830500000025495,2086.1973999999464,7850.028571428571
1782394755,2,,Aggregated,0.500000,0.000000,8,13,16,21,25,31,37,44,2100,2100,2100,561,0,8,20.140613368978503,4.830500000025495,2086.1973999999464,7846.490196078431
1782394756,2,,Aggregated,0.500000,0.000000,8,13,16,21,25,31,37,44,2100,2100,2100,562,0,8,20.117392882556718,4.830500000025495,2086.1973999999464,7842.964412811388
1782394757,2,,Aggregated,0.500000,0.000000,8,13,16,21,25,31,37,44,2100,2100,2100,562,0,8,20.117392882556718,4.830500000025495,2086.1973999999464,7842.964412811388
1782394758,2,,Aggregated,0.500000,0.000000,8,13,16,21,25,31,37,44,2100,2100,2100,562,0,8,20.117392882556718,4.830500000025495,2086.1973999999464,7842.964412811388
1782394759,2,,Aggregated,0.600000,0.000000,8,13,16,21,25,31,37,44,2100,2100,2100,563,0,8,20.092238010650462,4.830500000025495,2086.1973999999464,7839.451154529307
1782394760,2,,Aggregated,0.600000,0.000000,8,13,16,21,25,31,37,44,2100,2100,2100,563,0,8,20.092238010650462,4.830500000025495,2086.1973999999464,7839.451154529307
1782394761,2,,Aggregated,0.500000,0.000000,8,13,16,21,25,31,37,44,2100,2100,2100,564,0,8,20.070481914888287,4.830500000025495,2086.1973999999464,7835.9503546099295
1782394762,2,,Aggregated,0.500000,0.000000,8,13,16,21,25,31,37,44,2100,2100,2100,564,0,8,20.070481914888287,4.830500000025495,2086.1973999999464,7835.9503546099295
1782394763,2,,Aggregated,0.500000,0.000000,8,13,16,21,25,31,37,44,2100,2100,2100,566,0,8,20.05147402826464,4.830500000025495,2086.1973999999464,7837.173144876325
1782394764,2,,Aggregated,0.500000,0.000000,8,13,16,21,25,31,37,44,2100,2100,2100,566,0,8,20.05147402826464,4.830500000025495,2086.1973999999464,7837.173144876325
1782394765,2,,Aggregated,0.500000,0.000000,8,13,16,21,25,31,37,44,2100,2100,2100,566,0,8,20.05147402826464,4.830500000025495,2086.1973999999464,7837.173144876325
1782394766,2,,Aggregated,0.500000,0.000000,8,13,16,21,25,31,37,44,2100,2100,2100,566,0,8,20.05147402826464,4.830500000025495,2086.1973999999464,7837.173144876325
1782394767,2,,Aggregated,0.600000,0.000000,8,13,16,22,25,31,38,44,2100,2100,2100,567,0,8,20.08383439153005,4.830500000025495,2086.1973999999464,7841.867724867725
1782394768,2,,Aggregated,0.500000,0.000000,8,13,16,22,25,31,38,44,2100,2100,2100,568,0,8,20.06290616196713,4.830500000025495,2086.1973999999464,7837.017605633803
1782394769,2,,Aggregated,0.500000,0.000000,8,13,16,22,25,31,38,44,2100,2100,2100,568,0,8,20.06290616196713,4.830500000025495,2086.1973999999464,7837.017605633803
1782394770,2,,Aggregated,0.500000,0.000000,8,13,16,22,25,31,38,44,2100,2100,2100,569,0,8,20.03987855887109,4.830500000025495,2086.1973999999464,7833.551845342707
1782394771,2,,Aggregated,0.600000,0.000000,8,13,16,22,25,31,38,44,2100,2100,2100,570,0,8,20.04430561403097,4.830500000025495,2086.1973999999464,7838.228070175439
1782394772,2,,Aggregated,0.600000,0.000000,8,13,16,22,25,31,38,44,2100,2100,2100,570,0,8,20.04430561403097,4.830500000025495,2086.1973999999464,7838.228070175439
1782394773,2,,Aggregated,0.600000,0.000000,8,13,16,22,25,31,38,44,2100,2100,2100,570,0,8,20.04430561403097,4.830500000025495,2086.1973999999464,7838.228070175439
1782394774,2,,Aggregated,0.600000,0.000000,8,13,16,22,25,31,38,44,2100,2100,2100,571,0,8,20.028255516633823,4.830500000025495,2086.1973999999464,7842.887915936953
1782394775,2,,Aggregated,0.600000,0.000000,8,13,16,22,25,31,38,44,2100,2100,2100,572,0,8,20.00666118880707,4.830500000025495,2086.1973999999464,7839.43006993007
1782394776,2,,Aggregated,0.600000,0.000000,8,13,16,22,25,31,38,44,2100,2100,2100,572,0,8,20.00666118880707,4.830500000025495,2086.1973999999464,7839.43006993007
1782394777,2,,Aggregated,0.600000,0.000000,8,13,16,22,25,32,38,44,2100,2100,2100,574,0,8,20.015071428567673,4.830500000025495,2086.1973999999464,7848.696864111498
1782394778,2,,Aggregated,0.600000,0.000000,8,13,16,22,25,32,38,44,2100,2100,2100,574,0,8,20.015071428567673,4.830500000025495,2086.1973999999464,7848.696864111498
1782394779,2,,Aggregated,0.600000,0.000000,8,13,16,22,25,32,38,44,2100,2100,2100,574,0,8,20.015071428567673,4.830500000025495,2086.1973999999464,7848.696864111498
1782394780,2,,Aggregated,0.600000,0.000000,8,13,16,22,25,32,38,44,2100,2100,2100,575,0,8,19.993123478256482,4.830500000025495,2086.1973999999464,7845.246956521739
1782394781,2,,Aggregated,0.600000,0.000000,8,13,16,22,25,32,38,44,2100,2100,2100,576,0,8,19.969326388885772,4.830500000025495,2086.1973999999464,7840.458333333333
1782394782,2,,Aggregated,0.600000,0.000000,8,13,16,22,25,32,38,44,2100,2100,2100,576,0,8,19.969326388885772,4.830500000025495,2086.1973999999464,7840.458333333333
1782394783,2,,Aggregated,0.600000,0.000000,8,13,16,22,25,32,38,44,2100,2100,2100,577,0,8,19.94601230502229,4.830500000025495,2086.1973999999464,7837.034662045061
1782394784,2,,Aggregated,0.600000,0.000000,8,13,16,22,25,32,38,44,2100,2100,2100,578,0,8,19.922936332177006,4.830500000025495,2086.1973999999464,7832.276816608996
1782394785,2,,Aggregated,0.600000,0.000000,8,13,16,22,25,32,38,44,2100,2100,2100,578,0,8,19.922936332177006,4.830500000025495,2086.1973999999464,7832.276816608996
1782394786,2,,Aggregated,0.600000,0.000000,8,13,16,22,25,32,38,44,2100,2100,2100,578,0,8,19.922936332177006,4.830500000025495,2086.1973999999464,7832.276816608996
1782394787,2,,Aggregated,0.800000,0.000000,8,13,16,22,25,32,38,44,2100,2100,2100,579,0,8,19.929230742656134,4.830500000025495,2086.1973999999464,7836.882556131261
1782394788,2,,Aggregated,0.600000,0.000000,8,13,16,22,25,32,38,44,2100,2100,2100,580,0,8,19.90539137930619,4.830500000025495,2086.1973999999464,7833.482758620689
1782394789,2,,Aggregated,0.600000,0.000000,8,13,16,22,25,31,38,44,2100,2100,2100,581,0,8,19.890937005160197,4.830500000025495,2086.1973999999464,7838.07056798623
1782394790,2,,Aggregated,0.600000,0.000000,8,13,16,22,25,31,38,44,2100,2100,2100,581,0,8,19.890937005160197,4.830500000025495,2086.1973999999464,7838.07056798623
1782394791,2,,Aggregated,0.600000,0.000000,8,13,16,22,25,31,38,44,2100,2100,2100,581,0,8,19.890937005160197,4.830500000025495,2086.1973999999464,7838.07056798623
1782394792,2,,Aggregated,0.600000,0.000000,8,13,16,22,25,31,38,44,2100,2100,2100,583,0,8,19.88169897083695,4.830500000025495,2086.1973999999464,7847.19897084048
1782394793,2,,Aggregated,0.600000,0.000000,8,13,16,22,25,31,38,44,2100,2100,2100,583,0,8,19.88169897083695,4.830500000025495,2086.1973999999464,7847.19897084048
1782394794,2,,Aggregated,0.600000,0.000000,8,13,16,22,25,31,38,44,2100,2100,2100,584,0,8,19.88974434931145,4.830500000025495,2086.1973999999464,7851.739726027397
1782394795,2,,Aggregated,0.700000,0.000000,8,13,16,22,25,31,38,44,2100,2100,2100,585,0,8,19.87818632478282,4.830500000025495,2086.1973999999464,7856.264957264957
1782394796,2,,Aggregated,0.700000,0.000000,8,13,16,22,25,31,38,44,2100,2100,2100,585,0,8,19.87818632478282,4.830500000025495,2086.1973999999464,7856.264957264957
1782394797,2,,Aggregated,0.700000,0.000000,8,13,16,22,25,31,38,44,2100,2100,2100,585,0,8,19.87818632478282,4.830500000025495,2086.1973999999464,7856.264957264957
1782394798,2,,Aggregated,0.700000,0.000000,8,13,16,22,25,31,38,44,2100,2100,2100,585,0,8,19.87818632478282,4.830500000025495,2086.1973999999464,7856.264957264957
1782394799,2,,Aggregated,0.600000,0.000000,8,13,16,22,25,31,38,44,2100,2100,2100,587,0,8,19.830664735941408,4.830500000025495,2086.1973999999464,7846.829642248722
1782394800,2,,Aggregated,0.600000,0.000000,8,13,16,22,25,31,38,44,2100,2100,2100,587,0,8,19.830664735941408,4.830500000025495,2086.1973999999464,7846.829642248722
1782394801,2,,Aggregated,0.600000,0.000000,8,13,16,22,25,31,38,44,2100,2100,2100,587,0,8,19.830664735941408,4.830500000025495,2086.1973999999464,7846.829642248722
1782394802,2,,Aggregated,0.600000,0.000000,8,13,16,22,25,31,38,44,2100,2100,2100,587,0,8,19.830664735941408,4.830500000025495,2086.1973999999464,7846.829642248722
1782394803,2,,Aggregated,0.600000,0.000000,8,13,16,22,25,31,38,44,2100,2100,2100,588,0,8,19.8061999999961,4.830500000025495,2086.1973999999464,7843.459183673469
1782394804,2,,Aggregated,0.600000,0.000000,8,13,16,22,25,31,38,44,2100,2100,2100,589,0,8,19.808889643459942,4.830500000025495,2086.1973999999464,7847.967741935484
1782394805,2,,Aggregated,0.600000,0.000000,8,13,16,22,25,31,38,44,2100,2100,2100,589,0,8,19.808889643459942,4.830500000025495,2086.1973999999464,7847.967741935484
1782394806,2,,Aggregated,0.600000,0.000000,8,13,16,22,25,31,38,44,2100,2100,2100,589,0,8,19.808889643459942,4.830500000025495,2086.1973999999464,7847.967741935484
1782394807,2,,Aggregated,0.500000,0.000000,8,13,16,22,25,31,38,44,2100,2100,2100,591,0,8,19.785891539759053,4.830500000025495,2086.1973999999464,7849.098138747885
1782394808,2,,Aggregated,0.500000,0.000000,8,13,16,22,25,31,38,44,2100,2100,2100,591,0,8,19.785891539759053,4.830500000025495,2086.1973999999464,7849.098138747885
1782394809,2,,Aggregated,0.500000,0.000000,8,13,16,22,25,31,38,44,2100,2100,2100,591,0,8,19.785891539759053,4.830500000025495,2086.1973999999464,7849.098138747885
1782394810,2,,Aggregated,0.400000,0.000000,8,13,16,22,25,31,38,44,2100,2100,2100,592,0,8,19.76578378377928,4.830500000025495,2086.1973999999464,7844.4324324324325
1782394811,2,,Aggregated,0.500000,0.000000,8,13,16,22,25,31,38,44,2100,2100,2100,593,0,8,19.74215851601654,4.830500000025495,2086.1973999999464,7839.782462057336
1782394812,2,,Aggregated,0.500000,0.000000,8,13,16,22,25,31,38,44,2100,2100,2100,594,0,8,19.719300673396084,4.830500000025495,2086.1973999999464,7835.148148148148
1782394813,2,,Aggregated,0.500000,0.000000,8,13,16,22,25,31,38,44,2100,2100,2100,594,0,8,19.719300673396084,4.830500000025495,2086.1973999999464,7835.148148148148
1782394814,2,,Aggregated,0.500000,0.000000,8,13,16,22,25,31,38,44,2100,2100,2100,594,0,8,19.719300673396084,4.830500000025495,2086.1973999999464,7835.148148148148
1782394815,2,,Aggregated,0.600000,0.000000,8,13,16,22,25,31,38,44,2100,2100,2100,595,0,8,19.69626184873356,4.830500000025495,2086.1973999999464,7830.529411764706
1782394816,2,,Aggregated,0.600000,0.000000,8,13,16,22,25,31,38,44,2100,2100,2100,595,0,8,19.69626184873356,4.830500000025495,2086.1973999999464,7830.529411764706
1782394817,2,,Aggregated,0.500000,0.000000,8,13,16,22,25,31,38,44,2100,2100,2100,596,0,8,19.699332718114388,4.830500000025495,2086.1973999999464,7835.006711409396
1782394818,2,,Aggregated,0.500000,0.000000,8,13,16,22,25,31,38,44,2100,2100,2100,596,0,8,19.699332718114388,4.830500000025495,2086.1973999999464,7835.006711409396
1782394819,2,,Aggregated,0.700000,0.000000,8,13,16,22,25,31,38,44,2100,2100,2100,598,0,8,19.662514882937735,4.830500000025495,2086.1973999999464,7836.167224080267
1782394820,2,,Aggregated,0.700000,0.000000,8,13,16,22,25,31,38,44,2100,2100,2100,598,0,8,19.662514882937735,4.830500000025495,2086.1973999999464,7836.167224080267
1782394821,2,,Aggregated,0.700000,0.000000,8,13,16,22,25,31,38,44,2100,2100,2100,598,0,8,19.662514882937735,4.830500000025495,2086.1973999999464,7836.167224080267
1782394822,2,,Aggregated,0.600000,0.000000,8,13,16,22,25,31,38,44,2100,2100,2100,599,0,8,19.667470116856475,4.830500000025495,2086.1973999999464,7840.612687813022
1782394823,2,,Aggregated,0.600000,0.000000,8,13,16,22,25,31,38,44,2100,2100,2100,600,0,8,19.653509333329566,4.830500000025495,2086.1973999999464,7845.043333333333
1782394824,2,,Aggregated,0.600000,0.000000,8,13,16,22,25,31,38,44,2100,2100,2100,600,0,8,19.653509333329566,4.830500000025495,2086.1973999999464,7845.043333333333
1782394825,2,,Aggregated,0.600000,0.000000,8,13,16,22,25,31,38,44,2100,2100,2100,600,0,8,19.653509333329566,4.830500000025495,2086.1973999999464,7845.043333333333
1782394826,2,,Aggregated,0.600000,0.000000,8,13,16,22,25,31,37,44,2100,2100,2100,602,0,8,19.618796013285728,4.830500000025495,2086.1973999999464,7844.870431893688
1782394827,2,,Aggregated,0.600000,0.000000,8,13,16,22,25,31,37,44,2100,2100,2100,602,0,8,19.618796013285728,4.830500000025495,2086.1973999999464,7844.870431893688
1782394828,2,,Aggregated,0.600000,0.000000,8,13,16,22,25,31,37,44,2100,2100,2100,603,0,8,19.597120066331684,4.830500000025495,2086.1973999999464,7840.296849087894
1782394829,2,,Aggregated,0.600000,0.000000,8,13,16,22,25,31,37,44,2100,2100,2100,603,0,8,19.597120066331684,4.830500000025495,2086.1973999999464,7840.296849087894
1782394830,2,,Aggregated,0.600000,0.000000,8,13,16,22,25,31,37,44,2100,2100,2100,604,0,8,19.625703973507004,4.830500000025495,2086.1973999999464,7844.698675496688
1782394831,2,,Aggregated,0.600000,0.000000,8,13,16,22,25,31,37,44,2100,2100,2100,605,0,8,19.60180495867567,4.830500000025495,2086.1973999999464,7840.140495867769
1782394832,2,,Aggregated,0.600000,0.000000,8,13,16,22,25,31,37,44,2100,2100,2100,605,0,8,19.60180495867567,4.830500000025495,2086.1973999999464,7840.140495867769
1782394833,2,,Aggregated,0.600000,0.000000,8,13,16,22,25,31,37,44,2100,2100,2100,606,0,8,19.590741089107517,4.830500000025495,2086.1973999999464,7844.528052805281
1782394834,2,,Aggregated,0.600000,0.000000,8,13,16,22,25,31,37,44,2100,2100,2100,606,0,8,19.590741089107517,4.830500000025495,2086.1973999999464,7844.528052805281
1782394835,2,,Aggregated,0.500000,0.000000,8,13,16,22,25,32,38,44,2100,2100,2100,607,0,8,19.627370840195205,4.830500000025495,2086.1973999999464,7848.9011532125205
1782394836,2,,Aggregated,0.500000,0.000000,8,13,16,22,25,32,38,44,2100,2100,2100,607,0,8,19.627370840195205,4.830500000025495,2086.1973999999464,7848.9011532125205
1782394837,2,,Aggregated,0.500000,0.000000,8,13,16,22,25,32,38,44,2100,2100,2100,607,0,8,19.627370840195205,4.830500000025495,2086.1973999999464,7848.9011532125205
1782394838,2,,Aggregated,0.600000,0.000000,8,13,16,22,25,32,38,44,2100,2100,2100,608,0,8,19.605302302629095,4.830500000025495,2086.1973999999464,7845.638157894737
1782394839,2,,Aggregated,0.500000,0.000000,8,13,16,22,25,32,38,44,2100,2100,2100,609,0,8,19.582742036121275,4.830500000025495,2086.1973999999464,7841.108374384236
1782394840,2,,Aggregated,0.500000,0.000000,8,13,16,22,25,32,38,44,2100,2100,2100,609,0,8,19.582742036121275,4.830500000025495,2086.1973999999464,7841.108374384236
1782394841,2,,Aggregated,0.500000,0.000000,8,13,16,22,25,32,38,44,2100,2100,2100,609,0,8,19.582742036121275,4.830500000025495,2086.1973999999464,7841.108374384236
1782394842,2,,Aggregated,0.600000,0.000000,8,13,16,22,25,32,38,44,2100,2100,2100,610,0,8,19.563179180325083,4.830500000025495,2086.1973999999464,7837.868852459016
1782394843,2,,Aggregated,0.500000,0.000000,8,13,16,22,25,32,38,44,2100,2100,2100,611,0,8,19.564907855971384,4.830500000025495,2086.1973999999464,7842.2242225859245
1782394844,2,,Aggregated,0.500000,0.000000,8,13,16,22,25,32,38,44,2100,2100,2100,611,0,8,19.564907855971384,4.830500000025495,2086.1973999999464,7842.2242225859245
1782394845,2,,Aggregated,0.500000,0.000000,8,13,16,22,25,32,38,44,2100,2100,2100,612,0,8,19.544259477122658,4.830500000025495,2086.1973999999464,7837.722222222223
1782394846,2,,Aggregated,0.500000,0.000000,8,13,16,22,25,32,38,44,2100,2100,2100,612,0,8,19.544259477122658,4.830500000025495,2086.1973999999464,7837.722222222223
1782394847,2,,Aggregated,0.500000,0.000000,8,13,16,22,25,32,38,44,2100,2100,2100,613,0,8,19.548838662315088,4.830500000025495,2086.1973999999464,7842.0636215334425
1782394848,2,,Aggregated,0.500000,0.000000,8,13,16,22,25,32,38,44,2100,2100,2100,613,0,8,19.548838662315088,4.830500000025495,2086.1973999999464,7842.0636215334425
1782394849,2,,Aggregated,0.500000,0.000000,8,13,16,22,25,32,38,44,2100,2100,2100,614,0,8,19.526995765470705,4.830500000025495,2086.1973999999464,7838.843648208469
1782394850,2,,Aggregated,0.600000,0.000000,8,13,16,22,25,32,38,44,2100,2100,2100,615,0,8,19.508430081299505,4.830500000025495,2086.1973999999464,7835.634146341464
1782394851,2,,Aggregated,0.500000,0.000000,8,13,16,22,25,32,38,44,2100,2100,2100,616,0,8,19.486973051946485,4.830500000025495,2086.1973999999464,7832.435064935065
1782394853,2,,Aggregated,0.500000,0.000000,8,13,16,22,25,32,38,44,2100,2100,2100,616,0,8,19.486973051946485,4.830500000025495,2086.1973999999464,7832.435064935065
1782394854,2,,Aggregated,0.600000,0.000000,8,13,16,22,25,32,38,44,2100,2100,2100,617,0,8,19.466169367906936,4.830500000025495,2086.1973999999464,7827.985413290114
1782394855,2,,Aggregated,0.700000,0.000000,8,13,16,22,25,32,38,44,2100,2100,2100,618,0,8,19.448644822004947,4.830500000025495,2086.1973999999464,7823.550161812298
1782394856,2,,Aggregated,0.700000,0.000000,8,13,16,22,25,32,38,44,2100,2100,2100,618,0,8,19.448644822004947,4.830500000025495,2086.1973999999464,7823.550161812298
1782394857,2,,Aggregated,0.600000,0.000000,8,13,16,22,25,32,38,44,2100,2100,2100,619,0,8,19.426184006459533,4.830500000025495,2086.1973999999464,7819.129240710824
1782394858,2,,Aggregated,0.700000,0.000000,8,13,16,22,25,32,38,44,2100,2100,2100,620,0,8,19.432359193546468,4.830500000025495,2086.1973999999464,7823.451612903225
1782394859,2,,Aggregated,0.600000,0.000000,8,13,16,22,25,31,38,44,2100,2100,2100,621,0,8,19.451179710144142,4.830500000025495,2086.1973999999464,7827.7600644122385
1782394860,2,,Aggregated,0.600000,0.000000,8,13,16,22,25,31,38,44,2100,2100,2100,621,0,8,19.451179710144142,4.830500000025495,2086.1973999999464,7827.7600644122385
1782394861,2,,Aggregated,0.700000,0.000000,8,13,16,22,25,31,38,44,2100,2100,2100,622,0,8,19.449214630224933,4.830500000025495,2086.1973999999464,7832.054662379422
1782394862,2,,Aggregated,0.700000,0.000000,8,13,16,22,25,31,38,44,2100,2100,2100,622,0,8,19.449214630224933,4.830500000025495,2086.1973999999464,7832.054662379422
1782394863,2,,Aggregated,0.700000,0.000000,8,13,16,22,25,31,38,44,2100,2100,2100,623,0,8,19.427223113964143,4.830500000025495,2086.1973999999464,7828.897271268058
1782394864,2,,Aggregated,0.700000,0.000000,8,13,16,22,25,31,38,44,2100,2100,2100,624,0,8,19.406516346153833,4.830500000025495,2086.1973999999464,7825.75
1782394865,2,,Aggregated,0.700000,0.000000,8,13,16,22,25,31,38,44,2100,2100,2100,624,0,8,19.406516346153833,4.830500000025495,2086.1973999999464,7825.75
1782394866,2,,Aggregated,0.700000,0.000000,8,13,16,22,25,31,38,44,2100,2100,2100,625,0,8,19.4093188800005,4.830500000025495,2086.1973999999464,7830.0272
1782394867,2,,Aggregated,0.700000,0.000000,8,13,16,22,25,31,38,44,2100,2100,2100,626,0,8,19.387226677316303,4.830500000025495,2086.1973999999464,7826.888178913738
1782394868,2,,Aggregated,0.700000,0.000000,8,13,16,22,25,31,38,44,2100,2100,2100,626,0,8,19.387226677316303,4.830500000025495,2086.1973999999464,7826.888178913738
1782394869,2,,Aggregated,0.700000,0.000000,8,13,16,22,25,31,38,44,2100,2100,2100,628,0,8,19.358447452229665,4.830500000025495,2086.1973999999464,7828.019108280255
1782394870,2,,Aggregated,0.700000,0.000000,8,13,16,22,25,31,38,44,2100,2100,2100,628,0,8,19.358447452229665,4.830500000025495,2086.1973999999464,7828.019108280255
1782394871,2,,Aggregated,0.700000,0.000000,8,13,16,22,25,31,38,44,2100,2100,2100,629,0,8,19.337040381558197,4.830500000025495,2086.1973999999464,7824.898251192369
1782394872,2,,Aggregated,0.700000,0.000000,8,13,16,22,25,31,38,44,2100,2100,2100,629,0,8,19.337040381558197,4.830500000025495,2086.1973999999464,7824.898251192369
1782394873,2,,Aggregated,0.700000,0.000000,8,13,16,22,25,31,38,44,2100,2100,2100,629,0,8,19.337040381558197,4.830500000025495,2086.1973999999464,7824.898251192369
1782394874,2,,Aggregated,0.600000,0.000000,8,13,16,22,25,31,38,44,2100,2100,2100,631,0,8,19.32559508716344,4.830500000025495,2086.1973999999464,7826.030110935024
1782394875,2,,Aggregated,0.600000,0.000000,8,13,16,22,25,31,38,44,2100,2100,2100,631,0,8,19.32559508716344,4.830500000025495,2086.1973999999464,7826.030110935024
1782394876,2,,Aggregated,0.600000,0.000000,8,13,16,22,25,31,38,44,2100,2100,2100,632,0,8,19.304265189874325,4.830500000025495,2086.1973999999464,7822.927215189873
1782394877,2,,Aggregated,0.600000,0.000000,8,13,16,22,25,31,38,44,2100,2100,2100,632,0,8,19.304265189874325,4.830500000025495,2086.1973999999464,7822.927215189873
1782394878,2,,Aggregated,0.700000,0.000000,8,13,16,22,25,31,38,44,2100,2100,2100,634,0,8,19.262091955837093,4.830500000025495,2086.1973999999464,7815.5236593059935
1782394879,2,,Aggregated,0.700000,0.000000,8,13,16,22,25,31,38,44,2100,2100,2100,634,0,8,19.262091955837093,4.830500000025495,2086.1973999999464,7815.5236593059935
1782394880,2,,Aggregated,0.700000,0.000000,8,13,16,22,25,31,38,44,2100,2100,2100,634,0,8,19.262091955837093,4.830500000025495,2086.1973999999464,7815.5236593059935
1782394881,2,,Aggregated,0.600000,0.000000,8,13,16,22,25,31,38,44,2100,2100,2100,635,0,8,19.267019055118944,4.830500000025495,2086.1973999999464,7819.749606299212
1782394882,2,,Aggregated,0.600000,0.000000,8,13,16,22,25,31,38,44,2100,2100,2100,636,0,8,19.24622594339706,4.830500000025495,2086.1973999999464,7815.452830188679
1782394883,2,,Aggregated,0.600000,0.000000,8,13,16,22,25,31,38,44,2100,2100,2100,636,0,8,19.24622594339706,4.830500000025495,2086.1973999999464,7815.452830188679
1782394884,2,,Aggregated,0.600000,0.000000,8,13,16,22,25,31,38,44,2100,2100,2100,636,0,8,19.24622594339706,4.830500000025495,2086.1973999999464,7815.452830188679
1782394885,2,,Aggregated,0.700000,0.000000,8,13,16,22,25,31,38,44,2100,2100,2100,638,0,8,19.22952335423409,4.830500000025495,2086.1973999999464,7823.865203761756
1782394886,2,,Aggregated,0.700000,0.000000,8,13,16,22,25,31,38,44,2100,2100,2100,638,0,8,19.22952335423409,4.830500000025495,2086.1973999999464,7823.865203761756
1782394887,2,,Aggregated,0.700000,0.000000,8,13,16,22,25,31,38,44,2100,2100,2100,638,0,8,19.22952335423409,4.830500000025495,2086.1973999999464,7823.865203761756
1782394888,2,,Aggregated,0.700000,0.000000,8,13,16,22,25,31,38,44,2100,2100,2100,638,0,8,19.22952335423409,4.830500000025495,2086.1973999999464,7823.865203761756
1782394889,2,,Aggregated,0.600000,0.000000,8,13,16,22,25,32,39,44,2100,2100,2100,640,0,8,19.265402343751248,4.830500000025495,2086.1973999999464,7832.225
1782394890,2,,Aggregated,0.600000,0.000000,8,13,16,22,25,32,39,44,2100,2100,2100,640,0,8,19.265402343751248,4.830500000025495,2086.1973999999464,7832.225
1782394891,2,,Aggregated,0.600000,0.000000,8,13,16,22,25,32,39,44,2100,2100,2100,640,0,8,19.265402343751248,4.830500000025495,2086.1973999999464,7832.225
1782394892,2,,Aggregated,0.600000,0.000000,8,13,16,22,25,31,39,44,2100,2100,2100,642,0,8,19.248799065421014,4.830500000025495,2086.1973999999464,7833.314641744549
1782394893,2,,Aggregated,0.600000,0.000000,8,13,16,22,25,31,39,44,2100,2100,2100,642,0,8,19.248799065421014,4.830500000025495,2086.1973999999464,7833.314641744549
1782394894,2,,Aggregated,0.600000,0.000000,8,13,16,22,25,31,39,44,2100,2100,2100,642,0,8,19.248799065421014,4.830500000025495,2086.1973999999464,7833.314641744549
1782394895,2,,Aggregated,0.600000,0.000000,8,13,16,22,25,31,39,44,2100,2100,2100,642,0,8,19.248799065421014,4.830500000025495,2086.1973999999464,7833.314641744549
1782394896,2,,Aggregated,0.600000,0.000000,8,13,17,22,25,31,39,44,2100,2100,2100,644,0,8,19.236607142856432,4.830500000025495,2086.1973999999464,7833.189440993789
1782394897,2,,Aggregated,0.600000,0.000000,8,13,17,22,25,31,39,44,2100,2100,2100,644,0,8,19.236607142856432,4.830500000025495,2086.1973999999464,7833.189440993789
1782394898,2,,Aggregated,0.600000,0.000000,8,13,16,22,25,31,39,44,2100,2100,2100,645,0,8,19.215297209302662,4.830500000025495,2086.1973999999464,7828.931782945737
1782394899,2,,Aggregated,0.600000,0.000000,8,13,16,22,25,31,39,44,2100,2100,2100,645,0,8,19.215297209302662,4.830500000025495,2086.1973999999464,7828.931782945737
1782394900,2,,Aggregated,0.600000,0.000000,8,13,16,22,25,31,39,44,2100,2100,2100,645,0,8,19.215297209302662,4.830500000025495,2086.1973999999464,7828.931782945737
1782394901,2,,Aggregated,0.500000,0.000000,8,13,16,22,25,31,39,44,2100,2100,2100,647,0,8,19.17636754250448,4.830500000025495,2086.1973999999464,7822.860896445131
1782394902,2,,Aggregated,0.500000,0.000000,8,13,16,22,25,31,39,44,2100,2100,2100,647,0,8,19.17636754250448,4.830500000025495,2086.1973999999464,7822.860896445131
1782394903,2,,Aggregated,0.600000,0.000000,8,13,17,22,25,31,39,44,2100,2100,2100,648,0,8,19.181649228395752,4.830500000025495,2086.1973999999464,7826.990740740741
1782394904,2,,Aggregated,0.600000,0.000000,8,13,16,22,25,31,39,44,2100,2100,2100,649,0,8,19.161442526965907,4.830500000025495,2086.1973999999464,7823.9676425269645
1782394905,2,,Aggregated,0.600000,0.000000,8,13,16,22,25,31,39,44,2100,2100,2100,649,0,8,19.161442526965907,4.830500000025495,2086.1973999999464,7823.9676425269645
1782394906,2,,Aggregated,0.600000,0.000000,8,13,16,22,25,31,39,44,2100,2100,2100,649,0,8,19.161442526965907,4.830500000025495,2086.1973999999464,7823.9676425269645
1782394907,2,,Aggregated,0.700000,0.000000,8,13,16,22,25,31,39,44,2100,2100,2100,650,0,8,19.141917692310155,4.830500000025495,2086.1973999999464,7819.756923076923
1782394908,2,,Aggregated,0.500000,0.000000,8,13,16,22,25,31,38,44,2100,2100,2100,651,0,8,19.133678033796155,4.830500000025495,2086.1973999999464,7823.872503840245
1782394909,2,,Aggregated,0.500000,0.000000,8,13,16,22,25,31,38,44,2100,2100,2100,652,0,8,19.11653911043195,4.830500000025495,2086.1973999999464,7820.868098159509
1782394910,2,,Aggregated,0.500000,0.000000,8,13,16,22,25,31,38,44,2100,2100,2100,652,0,8,19.11653911043195,4.830500000025495,2086.1973999999464,7820.868098159509
1782394911,2,,Aggregated,0.500000,0.000000,8,13,16,22,25,31,38,44,2100,2100,2100,652,0,8,19.11653911043195,4.830500000025495,2086.1973999999464,7820.868098159509
1782394912,2,,Aggregated,0.500000,0.000000,8,13,16,22,25,31,38,44,2100,2100,2100,652,0,8,19.11653911043195,4.830500000025495,2086.1973999999464,7820.868098159509
1782394913,2,,Aggregated,0.700000,0.000000,8,13,16,22,25,31,38,44,2100,2100,2100,654,0,8,19.078144954129833,4.830500000025495,2086.1973999999464,7814.886850152905
1782394914,2,,Aggregated,0.700000,0.000000,8,13,16,22,25,31,38,44,2100,2100,2100,654,0,8,19.078144954129833,4.830500000025495,2086.1973999999464,7814.886850152905
1782394915,2,,Aggregated,0.700000,0.000000,8,13,16,22,25,31,38,44,2100,2100,2100,654,0,8,19.078144954129833,4.830500000025495,2086.1973999999464,7814.886850152905
1782394916,2,,Aggregated,0.600000,0.000000,8,13,16,22,25,31,38,44,2100,2100,2100,655,0,8,19.057602595420096,4.830500000025495,2086.1973999999464,7810.72213740458
1782394917,2,,Aggregated,0.600000,0.000000,8,13,16,22,25,31,38,44,2100,2100,2100,655,0,8,19.057602595420096,4.830500000025495,2086.1973999999464,7810.72213740458
1782394918,2,,Aggregated,0.500000,0.000000,8,13,16,21,25,31,38,44,2100,2100,2100,656,0,8,19.037086890244975,4.830500000025495,2086.1973999999464,7806.570121951219
1782394919,2,,Aggregated,0.600000,0.000000,8,13,16,21,25,31,38,44,2100,2100,2100,657,0,8,19.016780974125915,4.830500000025495,2086.1973999999464,7803.614916286149
1782394920,2,,Aggregated,0.600000,0.000000,8,13,16,21,25,31,38,44,2100,2100,2100,657,0,8,19.016780974125915,4.830500000025495,2086.1973999999464,7803.614916286149
1782394921,2,,Aggregated,0.500000,0.000000,8,13,16,21,25,31,38,44,2100,2100,2100,659,0,8,18.977566616086484,4.830500000025495,2086.1973999999464,7797.731411229135
1782394922,2,,Aggregated,0.500000,0.000000,8,13,16,21,25,31,38,44,2100,2100,2100,659,0,8,18.977566616086484,4.830500000025495,2086.1973999999464,7797.731411229135
1782394923,2,,Aggregated,0.500000,0.000000,8,13,16,21,25,31,38,44,2100,2100,2100,660,0,8,18.958198939395572,4.830500000025495,2086.1973999999464,7793.624242424243
1782394924,2,,Aggregated,0.500000,0.000000,8,13,16,21,25,31,38,44,2100,2100,2100,660,0,8,18.958198939395572,4.830500000025495,2086.1973999999464,7793.624242424243
1782394925,2,,Aggregated,0.500000,0.000000,8,13,16,21,25,31,38,44,2100,2100,2100,661,0,8,18.938795612710337,4.830500000025495,2086.1973999999464,7790.706505295007
1782394926,2,,Aggregated,0.500000,0.000000,8,13,16,21,25,31,38,44,2100,2100,2100,662,0,8,18.91923157099909,4.830500000025495,2086.1973999999464,7786.622356495468
1782394927,2,,Aggregated,0.500000,0.000000,8,13,16,21,25,31,38,44,2100,2100,2100,662,0,8,18.91923157099909,4.830500000025495,2086.1973999999464,7786.622356495468
1782394928,2,,Aggregated,0.800000,0.000000,8,13,16,21,25,31,38,44,2100,2100,2100,663,0,8,18.923465761691574,4.830500000025495,2086.1973999999464,7790.713423831071
1782394929,2,,Aggregated,0.800000,0.000000,8,13,16,21,25,31,38,44,2100,2100,2100,663,0,8,18.923465761691574,4.830500000025495,2086.1973999999464,7790.713423831071
1782394930,2,,Aggregated,0.600000,0.000000,8,13,16,22,25,31,38,44,2100,2100,2100,664,0,8,18.935918975905707,4.830500000025495,2086.1973999999464,7794.792168674699
1782394931,2,,Aggregated,0.600000,0.000000,8,13,16,22,25,31,38,44,2100,2100,2100,665,0,8,18.9274786466186,4.830500000025495,2086.1973999999464,7798.858646616542
1782394932,2,,Aggregated,0.600000,0.000000,8,13,16,22,25,31,38,44,2100,2100,2100,665,0,8,18.9274786466186,4.830500000025495,2086.1973999999464,7798.858646616542
1782394933,2,,Aggregated,0.600000,0.000000,8,13,16,22,25,31,38,44,2100,2100,2100,665,0,8,18.9274786466186,4.830500000025495,2086.1973999999464,7798.858646616542
1782394934,2,,Aggregated,0.600000,0.000000,8,13,16,21,25,31,38,44,2100,2100,2100,666,0,8,18.908226126129463,4.830500000025495,2086.1973999999464,7795.954954954955
1782394935,2,,Aggregated,0.600000,0.000000,8,13,16,21,25,31,38,44,2100,2100,2100,667,0,8,18.88845262369048,4.830500000025495,2086.1973999999464,7793.059970014992
1782394936,2,,Aggregated,0.600000,0.000000,8,13,16,21,25,31,38,44,2100,2100,2100,667,0,8,18.88845262369048,4.830500000025495,2086.1973999999464,7793.059970014992
1782394937,2,,Aggregated,0.600000,0.000000,8,13,16,21,25,31,38,44,2100,2100,2100,667,0,8,18.88845262369048,4.830500000025495,2086.1973999999464,7793.059970014992
1782394938,2,,Aggregated,0.600000,0.000000,8,13,16,21,25,31,38,44,2100,2100,2100,667,0,8,18.88845262369048,4.830500000025495,2086.1973999999464,7793.059970014992
1782394939,2,,Aggregated,0.500000,0.000000,8,13,16,22,25,31,38,44,2100,2100,2100,669,0,8,18.874269955159722,4.830500000025495,2086.1973999999464,7794.222720478326
1782394940,2,,Aggregated,0.500000,0.000000,8,13,16,22,25,31,38,44,2100,2100,2100,669,0,8,18.874269955159722,4.830500000025495,2086.1973999999464,7794.222720478326
1782394941,2,,Aggregated,0.400000,0.000000,8,13,16,22,25,31,38,44,2100,2100,2100,670,0,8,18.885840149255614,4.830500000025495,2086.1973999999464,7798.259701492538
1782394942,2,,Aggregated,0.400000,0.000000,8,13,16,22,25,31,38,44,2100,2100,2100,670,0,8,18.885840149255614,4.830500000025495,2086.1973999999464,7798.259701492538
1782394943,2,,Aggregated,0.400000,0.000000,8,13,16,22,25,31,38,44,2100,2100,2100,671,0,8,18.86639344262416,4.830500000025495,2086.1973999999464,7795.378539493294
1782394944,2,,Aggregated,0.400000,0.000000,8,13,16,22,25,31,38,44,2100,2100,2100,672,0,8,18.86985163690589,4.830500000025495,2086.1973999999464,7799.401785714285
1782394945,2,,Aggregated,0.400000,0.000000,8,13,16,22,25,31,38,44,2100,2100,2100,672,0,8,18.86985163690589,4.830500000025495,2086.1973999999464,7799.401785714285
1782394946,2,,Aggregated,0.400000,0.000000,8,13,16,22,25,31,38,44,2100,2100,2100,672,0,8,18.86985163690589,4.830500000025495,2086.1973999999464,7799.401785714285
1782394947,2,,Aggregated,0.600000,0.000000,8,13,16,22,25,31,38,44,2100,2100,2100,673,0,8,18.885247399704156,4.830500000025495,2086.1973999999464,7803.4130757800895
1782394948,2,,Aggregated,0.500000,0.000000,8,13,17,22,25,31,38,44,2100,2100,2100,674,0,8,18.895219139466995,4.830500000025495,2086.1973999999464,7807.412462908012
1782394949,2,,Aggregated,0.500000,0.000000,8,13,17,22,25,31,38,44,2100,2100,2100,674,0,8,18.895219139466995,4.830500000025495,2086.1973999999464,7807.412462908012
1782394950,2,,Aggregated,0.500000,0.000000,8,13,17,22,25,31,38,44,2100,2100,2100,674,0,8,18.895219139466995,4.830500000025495,2086.1973999999464,7807.412462908012
1782394951,2,,Aggregated,0.700000,0.000000,8,13,17,22,25,31,38,44,2100,2100,2100,675,0,8,18.875598370371637,4.830500000025495,2086.1973999999464,7804.534814814815
1782394952,2,,Aggregated,0.500000,0.000000,8,13,17,22,25,31,38,44,2100,2100,2100,676,0,8,18.8711997041432,4.830500000025495,2086.1973999999464,7808.5207100591715
1782394953,2,,Aggregated,0.500000,0.000000,8,13,17,22,25,31,38,44,2100,2100,2100,676,0,8,18.8711997041432,4.830500000025495,2086.1973999999464,7808.5207100591715
1782394954,2,,Aggregated,0.500000,0.000000,8,13,16,22,25,31,38,44,2100,2100,2100,677,0,8,18.852233382571193,4.830500000025495,2086.1973999999464,7804.500738552437
1782394955,2,,Aggregated,0.600000,0.000000,8,13,17,22,25,31,38,44,2100,2100,2100,678,0,8,18.85696519174092,4.830500000025495,2086.1973999999464,7808.474926253687
1782394956,2,,Aggregated,0.600000,0.000000,8,13,17,22,25,31,38,44,2100,2100,2100,678,0,8,18.85696519174092,4.830500000025495,2086.1973999999464,7808.474926253687
1782394957,2,,Aggregated,0.500000,0.000000,8,13,17,22,25,31,38,44,2100,2100,2100,679,0,8,18.839960972018403,4.830500000025495,2086.1973999999464,7804.466863033874
1782394958,2,,Aggregated,0.500000,0.000000,8,13,17,22,25,31,38,44,2100,2100,2100,679,0,8,18.839960972018403,4.830500000025495,2086.1973999999464,7804.466863033874
1782394959,2,,Aggregated,0.600000,0.000000,8,13,17,22,25,31,38,44,2100,2100,2100,680,0,8,18.822857352941302,4.830500000025495,2086.1973999999464,7801.614705882353
1782394961,2,,Aggregated,0.600000,0.000000,8,13,17,22,25,31,38,44,2100,2100,2100,681,0,8,18.828254772394306,4.830500000025495,2086.1973999999464,7805.575624082232
1782394962,2,,Aggregated,0.600000,0.000000,8,13,17,22,25,31,38,44,2100,2100,2100,681,0,8,18.828254772394306,4.830500000025495,2086.1973999999464,7805.575624082232
1782394963,2,,Aggregated,0.600000,0.000000,8,13,17,22,25,31,38,44,2100,2100,2100,682,0,8,18.808352932551703,4.830500000025495,2086.1973999999464,7801.58944281525
1782394964,2,,Aggregated,0.600000,0.000000,8,13,17,22,25,31,38,44,2100,2100,2100,682,0,8,18.808352932551703,4.830500000025495,2086.1973999999464,7801.58944281525
1782394965,2,,Aggregated,0.600000,0.000000,8,13,17,22,25,31,38,44,2100,2100,2100,683,0,8,18.78961112738067,4.830500000025495,2086.1973999999464,7797.614934114202
1782394966,2,,Aggregated,0.600000,0.000000,8,13,17,22,25,31,38,44,2100,2100,2100,683,0,8,18.78961112738067,4.830500000025495,2086.1973999999464,7797.614934114202
1782394967,2,,Aggregated,0.600000,0.000000,8,13,17,22,25,31,38,44,2100,2100,2100,684,0,8,18.793525292398716,4.830500000025495,2086.1973999999464,7801.56432748538
1782394968,2,,Aggregated,0.600000,0.000000,8,13,17,22,25,31,38,44,2100,2100,2100,684,0,8,18.793525292398716,4.830500000025495,2086.1973999999464,7801.56432748538
1782394969,2,,Aggregated,0.500000,0.000000,8,13,17,22,25,31,38,44,2100,2100,2100,685,0,8,18.774805985402345,4.830500000025495,2086.1973999999464,7798.737226277372
1782394970,2,,Aggregated,0.600000,0.000000,8,13,17,22,25,31,38,44,2100,2100,2100,686,0,8,18.758440524782735,4.830500000025495,2086.1973999999464,7795.918367346939
1782394971,2,,Aggregated,0.600000,0.000000,8,13,17,22,25,31,38,44,2100,2100,2100,686,0,8,18.758440524782735,4.830500000025495,2086.1973999999464,7795.918367346939
1782394972,2,,Aggregated,0.600000,0.000000,8,13,17,22,25,31,38,44,2100,2100,2100,687,0,8,18.741537554586213,4.830500000025495,2086.1973999999464,7793.107714701601
1782394973,2,,Aggregated,0.600000,0.000000,8,13,17,22,25,31,38,44,2100,2100,2100,687,0,8,18.741537554586213,4.830500000025495,2086.1973999999464,7793.107714701601
1782394974,2,,Aggregated,0.600000,0.000000,8,13,17,22,25,31,38,44,2100,2100,2100,687,0,8,18.741537554586213,4.830500000025495,2086.1973999999464,7793.107714701601
1782394975,2,,Aggregated,0.600000,0.000000,8,13,17,22,25,31,38,44,2100,2100,2100,688,0,8,18.725804941860314,4.830500000025495,2086.1973999999464,7790.305232558139
1782394976,2,,Aggregated,0.600000,0.000000,8,13,17,22,25,31,38,44,2100,2100,2100,688,0,8,18.725804941860314,4.830500000025495,2086.1973999999464,7790.305232558139
1782394977,2,,Aggregated,0.500000,0.000000,8,13,17,22,25,31,38,44,2100,2100,2100,689,0,8,18.73019230769214,4.830500000025495,2086.1973999999464,7794.236574746009
1782394978,2,,Aggregated,0.500000,0.000000,8,13,17,22,25,31,38,44,2100,2100,2100,690,0,8,18.747707971013607,4.830500000025495,2086.1973999999464,7798.156521739131
1782394979,2,,Aggregated,0.500000,0.000000,8,13,17,22,25,31,38,44,2100,2100,2100,690,0,8,18.747707971013607,4.830500000025495,2086.1973999999464,7798.156521739131
1782394980,2,,Aggregated,0.600000,0.000000,8,13,17,22,25,31,38,44,2100,2100,2100,691,0,8,18.74566280752486,4.830500000025495,2086.1973999999464,7802.06512301013
1782394981,2,,Aggregated,0.600000,0.000000,8,13,17,22,25,31,38,44,2100,2100,2100,692,0,8,18.726342485548766,4.830500000025495,2086.1973999999464,7799.2658959537575
1782394982,2,,Aggregated,0.600000,0.000000,8,13,17,22,25,31,38,44,2100,2100,2100,692,0,8,18.726342485548766,4.830500000025495,2086.1973999999464,7799.2658959537575
1782394983,2,,Aggregated,0.400000,0.000000,8,13,17,22,25,31,38,44,2100,2100,2100,693,0,8,18.708521789321846,4.830500000025495,2086.1973999999464,7795.352092352093
1782394984,2,,Aggregated,0.500000,0.000000,8,13,17,22,25,31,38,44,2100,2100,2100,694,0,8,18.693392507204553,4.830500000025495,2086.1973999999464,7792.57060518732
1782394985,2,,Aggregated,0.500000,0.000000,8,13,17,22,25,31,38,44,2100,2100,2100,695,0,8,18.702021007194038,4.830500000025495,2086.1973999999464,7796.464748201439
1782394986,2,,Aggregated,0.500000,0.000000,8,13,17,22,25,31,38,44,2100,2100,2100,695,0,8,18.702021007194038,4.830500000025495,2086.1973999999464,7796.464748201439
1782394987,2,,Aggregated,0.500000,0.000000,8,13,17,22,25,31,38,44,2100,2100,2100,695,0,8,18.702021007194038,4.830500000025495,2086.1973999999464,7796.464748201439
1782394988,2,,Aggregated,0.500000,0.000000,8,13,17,22,25,31,38,44,2100,2100,2100,695,0,8,18.702021007194038,4.830500000025495,2086.1973999999464,7796.464748201439
1782394989,2,,Aggregated,0.700000,0.000000,8,13,17,22,25,31,38,44,2100,2100,2100,697,0,8,18.6827965566724,4.830500000025495,2086.1973999999464,7797.571018651363
1782394990,2,,Aggregated,0.700000,0.000000,8,13,17,22,25,31,38,44,2100,2100,2100,697,0,8,18.6827965566724,4.830500000025495,2086.1973999999464,7797.571018651363
1782394991,2,,Aggregated,0.700000,0.000000,8,13,17,22,25,31,38,44,2100,2100,2100,699,0,8,18.668361373391193,4.830500000025495,2086.1973999999464,7798.67095851216
1782394992,2,,Aggregated,0.700000,0.000000,8,13,17,22,25,31,38,44,2100,2100,2100,699,0,8,18.668361373391193,4.830500000025495,2086.1973999999464,7798.67095851216
1782394993,2,,Aggregated,0.700000,0.000000,8,13,17,22,25,31,38,44,2100,2100,2100,699,0,8,18.668361373391193,4.830500000025495,2086.1973999999464,7798.67095851216
1782394994,2,,Aggregated,0.700000,0.000000,8,13,17,22,25,31,38,44,2100,2100,2100,699,0,8,18.668361373391193,4.830500000025495,2086.1973999999464,7798.67095851216
1782394995,2,,Aggregated,0.600000,0.000000,8,13,17,22,25,31,38,44,2100,2100,2100,700,0,8,18.682629857143443,4.830500000025495,2086.1973999999464,7802.528571428571
1782394996,2,,Aggregated,0.600000,0.000000,8,13,17,22,25,31,37,44,2100,2100,2100,701,0,8,18.663616547788678,4.830500000025495,2086.1973999999464,7798.654778887304
1782394997,2,,Aggregated,0.600000,0.000000,8,13,17,22,25,31,37,44,2100,2100,2100,701,0,8,18.663616547788678,4.830500000025495,2086.1973999999464,7798.654778887304
1782394998,2,,Aggregated,0.600000,0.000000,8,13,17,22,25,31,37,44,2100,2100,2100,701,0,8,18.663616547788678,4.830500000025495,2086.1973999999464,7798.654778887304
1782394999,2,,Aggregated,0.600000,0.000000,8,13,17,22,25,31,37,44,2100,2100,2100,703,0,8,18.65795092460856,4.830500000025495,2086.1973999999464,7806.337126600284
1782395000,2,,Aggregated,0.600000,0.000000,8,13,17,22,25,31,37,44,2100,2100,2100,703,0,8,18.65795092460856,4.830500000025495,2086.1973999999464,7806.337126600284
1782395001,2,,Aggregated,0.600000,0.000000,8,13,17,22,25,31,37,44,2100,2100,2100,703,0,8,18.65795092460856,4.830500000025495,2086.1973999999464,7806.337126600284
1782395002,2,,Aggregated,0.600000,0.000000,8,13,17,22,25,31,37,44,2100,2100,2100,703,0,8,18.65795092460856,4.830500000025495,2086.1973999999464,7806.337126600284
1782395003,2,,Aggregated,0.600000,0.000000,8,13,17,22,25,31,37,44,2100,2100,2100,705,0,8,18.639347517731537,4.830500000025495,2086.1973999999464,7813.975886524822
1782395004,2,,Aggregated,0.600000,0.000000,8,13,17,22,25,31,37,44,2100,2100,2100,705,0,8,18.639347517731537,4.830500000025495,2086.1973999999464,7813.975886524822
1782395005,2,,Aggregated,0.600000,0.000000,8,13,17,22,25,31,37,44,2100,2100,2100,705,0,8,18.639347517731537,4.830500000025495,2086.1973999999464,7813.975886524822
1782395006,2,,Aggregated,0.600000,0.000000,8,13,17,22,25,31,37,44,2100,2100,2100,705,0,8,18.639347517731537,4.830500000025495,2086.1973999999464,7813.975886524822
1782395007,2,,Aggregated,0.600000,0.000000,8,13,17,22,25,31,37,44,2100,2100,2100,707,0,8,18.60523917963302,4.830500000025495,2086.1973999999464,7808.462517680339
1782395008,2,,Aggregated,0.600000,0.000000,8,13,17,22,25,31,37,44,2100,2100,2100,707,0,8,18.60523917963302,4.830500000025495,2086.1973999999464,7808.462517680339
1782395009,2,,Aggregated,0.400000,0.000000,8,13,17,22,25,31,37,44,2100,2100,2100,708,0,8,18.60963446327687,4.830500000025495,2086.1973999999464,7812.262711864407
1782395010,2,,Aggregated,0.400000,0.000000,8,13,17,22,25,31,37,44,2100,2100,2100,708,0,8,18.60963446327687,4.830500000025495,2086.1973999999464,7812.262711864407
1782395011,2,,Aggregated,0.500000,0.000000,8,13,17,22,25,31,37,44,2100,2100,2100,709,0,8,18.59109548660138,4.830500000025495,2086.1973999999464,7809.516220028208
1782395012,2,,Aggregated,0.500000,0.000000,8,13,17,22,25,31,37,44,2100,2100,2100,709,0,8,18.59109548660138,4.830500000025495,2086.1973999999464,7809.516220028208
1782395013,2,,Aggregated,0.500000,0.000000,8,13,17,22,25,31,37,44,2100,2100,2100,709,0,8,18.59109548660138,4.830500000025495,2086.1973999999464,7809.516220028208
1782395014,2,,Aggregated,0.600000,0.000000,8,13,17,22,25,31,37,44,2100,2100,2100,711,0,8,18.564389592123987,4.830500000025495,2086.1973999999464,7809.4697609001405
1782395015,2,,Aggregated,0.600000,0.000000,8,13,17,22,25,31,37,44,2100,2100,2100,711,0,8,18.564389592123987,4.830500000025495,2086.1973999999464,7809.4697609001405
1782395016,2,,Aggregated,0.600000,0.000000,8,13,17,22,25,31,37,44,2100,2100,2100,711,0,8,18.564389592123987,4.830500000025495,2086.1973999999464,7809.4697609001405
1782395017,2,,Aggregated,0.600000,0.000000,8,13,17,22,25,31,37,44,2100,2100,2100,712,0,8,18.54664030898813,4.830500000025495,2086.1973999999464,7805.646067415731
1782395018,2,,Aggregated,0.600000,0.000000,8,13,17,22,25,31,37,44,2100,2100,2100,712,0,8,18.54664030898813,4.830500000025495,2086.1973999999464,7805.646067415731
1782395019,2,,Aggregated,0.600000,0.000000,8,13,17,22,25,31,37,44,2100,2100,2100,713,0,8,18.529476157082133,4.830500000025495,2086.1973999999464,7801.833099579243
1782395020,2,,Aggregated,0.600000,0.000000,8,13,17,22,25,31,37,44,2100,2100,2100,713,0,8,18.529476157082133,4.830500000025495,2086.1973999999464,7801.833099579243
1782395021,2,,Aggregated,0.600000,0.000000,8,13,17,22,25,31,37,44,2100,2100,2100,714,0,8,18.51242759103523,4.830500000025495,2086.1973999999464,7798.03081232493
1782395022,2,,Aggregated,0.500000,0.000000,8,13,17,22,25,31,37,44,2100,2100,2100,715,0,8,18.522262517481895,4.830500000025495,2086.1973999999464,7801.8083916083915
1782395023,2,,Aggregated,0.500000,0.000000,8,13,17,22,25,31,37,44,2100,2100,2100,715,0,8,18.522262517481895,4.830500000025495,2086.1973999999464,7801.8083916083915
1782395024,2,,Aggregated,0.500000,0.000000,8,13,17,22,25,31,37,44,2100,2100,2100,716,0,8,18.504917318434522,4.830500000025495,2086.1973999999464,7799.1033519553075
1782395025,2,,Aggregated,0.500000,0.000000,8,13,17,22,25,31,37,44,2100,2100,2100,716,0,8,18.504917318434522,4.830500000025495,2086.1973999999464,7799.1033519553075
1782395026,2,,Aggregated,0.600000,0.000000,8,13,17,22,25,31,37,44,2100,2100,2100,717,0,8,18.488009483959125,4.830500000025495,2086.1973999999464,7796.405857740586
1782395027,2,,Aggregated,0.500000,0.000000,8,13,17,22,25,31,37,44,2100,2100,2100,718,0,8,18.493371587741585,4.830500000025495,2086.1973999999464,7800.16991643454
1782395028,2,,Aggregated,0.500000,0.000000,8,13,17,22,25,31,37,44,2100,2100,2100,718,0,8,18.493371587741585,4.830500000025495,2086.1973999999464,7800.16991643454
1782395029,2,,Aggregated,0.500000,0.000000,8,13,17,22,25,31,37,44,2100,2100,2100,718,0,8,18.493371587741585,4.830500000025495,2086.1973999999464,7800.16991643454
1782395030,2,,Aggregated,0.600000,0.000000,8,13,17,22,25,31,37,44,2100,2100,2100,720,0,8,18.476737499999118,4.830500000025495,2086.1973999999464,7807.666666666667
1782395031,2,,Aggregated,0.600000,0.000000,8,13,17,22,25,31,37,44,2100,2100,2100,720,0,8,18.476737499999118,4.830500000025495,2086.1973999999464,7807.666666666667
1782395032,2,,Aggregated,0.600000,0.000000,8,13,17,22,25,31,37,44,2100,2100,2100,720,0,8,18.476737499999118,4.830500000025495,2086.1973999999464,7807.666666666667
1782395033,2,,Aggregated,0.700000,0.000000,8,13,17,22,25,30,37,44,2100,2100,2100,722,0,8,18.469363434902696,4.830500000025495,2086.1973999999464,7807.6260387811635
1782395034,2,,Aggregated,0.700000,0.000000,8,13,17,22,25,30,37,44,2100,2100,2100,722,0,8,18.469363434902696,4.830500000025495,2086.1973999999464,7807.6260387811635
1782395035,2,,Aggregated,0.700000,0.000000,8,13,17,22,25,30,37,44,2100,2100,2100,722,0,8,18.469363434902696,4.830500000025495,2086.1973999999464,7807.6260387811635
1782395036,2,,Aggregated,0.700000,0.000000,8,13,17,22,25,30,37,44,2100,2100,2100,724,0,8,18.44839323204337,4.830500000025495,2086.1973999999464,7808.660220994475
1782395037,2,,Aggregated,0.700000,0.000000,8,13,17,22,25,30,37,44,2100,2100,2100,724,0,8,18.44839323204337,4.830500000025495,2086.1973999999464,7808.660220994475
1782395038,2,,Aggregated,0.500000,0.000000,8,13,17,22,25,30,37,44,2100,2100,2100,725,0,8,18.434754344826647,4.830500000025495,2086.1973999999464,7805.979310344827
1782395039,2,,Aggregated,0.600000,0.000000,8,13,17,22,25,30,37,44,2100,2100,2100,726,0,8,18.44275716253337,4.830500000025495,2086.1973999999464,7809.68870523416
1782395040,2,,Aggregated,0.600000,0.000000,8,13,17,22,25,30,37,44,2100,2100,2100,726,0,8,18.44275716253337,4.830500000025495,2086.1973999999464,7809.68870523416
1782395041,2,,Aggregated,0.600000,0.000000,8,13,17,22,25,30,37,44,2100,2100,2100,726,0,8,18.44275716253337,4.830500000025495,2086.1973999999464,7809.68870523416
1782395042,2,,Aggregated,0.700000,0.000000,8,13,17,22,25,30,37,44,2100,2100,2100,728,0,8,18.411087500000008,4.830500000025495,2086.1973999999464,7804.346153846154
1782395043,2,,Aggregated,0.700000,0.000000,8,13,17,22,25,30,37,44,2100,2100,2100,728,0,8,18.411087500000008,4.830500000025495,2086.1973999999464,7804.346153846154
1782395044,2,,Aggregated,0.700000,0.000000,8,13,17,22,25,30,37,44,2100,2100,2100,729,0,8,18.394191632372287,4.830500000025495,2086.1973999999464,7801.685871056241
1782395045,2,,Aggregated,0.700000,0.000000,8,13,17,22,25,30,37,44,2100,2100,2100,729,0,8,18.394191632372287,4.830500000025495,2086.1973999999464,7801.685871056241
1782395046,2,,Aggregated,0.600000,0.000000,8,13,17,22,25,30,37,44,2100,2100,2100,730,0,8,18.377511506848464,4.830500000025495,2086.1973999999464,7797.967123287671
1782395047,2,,Aggregated,0.600000,0.000000,8,13,17,22,25,30,37,44,2100,2100,2100,730,0,8,18.377511506848464,4.830500000025495,2086.1973999999464,7797.967123287671
1782395048,2,,Aggregated,0.700000,0.000000,8,13,17,22,25,30,37,44,2100,2100,2100,732,0,8,18.344042896173985,4.830500000025495,2086.1973999999464,7792.685792349726
1782395049,2,,Aggregated,0.700000,0.000000,8,13,17,22,25,30,37,44,2100,2100,2100,732,0,8,18.344042896173985,4.830500000025495,2086.1973999999464,7792.685792349726
1782395050,2,,Aggregated,0.700000,0.000000,8,13,17,22,25,30,37,44,2100,2100,2100,732,0,8,18.344042896173985,4.830500000025495,2086.1973999999464,7792.685792349726
1782395051,2,,Aggregated,0.700000,0.000000,8,13,17,22,25,30,37,44,2100,2100,2100,732,0,8,18.344042896173985,4.830500000025495,2086.1973999999464,7792.685792349726
1782395052,2,,Aggregated,0.600000,0.000000,8,13,17,22,25,30,37,44,2100,2100,2100,733,0,8,18.326982128239518,4.830500000025495,2086.1973999999464,7788.994542974079
1782395053,2,,Aggregated,0.600000,0.000000,8,13,17,22,25,30,37,44,2100,2100,2100,734,0,8,18.33183405994584,4.830500000025495,2086.1973999999464,7792.6866485013625
1782395054,2,,Aggregated,0.600000,0.000000,8,13,17,22,25,30,37,44,2100,2100,2100,734,0,8,18.33183405994584,4.830500000025495,2086.1973999999464,7792.6866485013625
1782395055,2,,Aggregated,0.600000,0.000000,8,13,17,22,25,30,37,44,2100,2100,2100,734,0,8,18.33183405994584,4.830500000025495,2086.1973999999464,7792.6866485013625
1782395056,2,,Aggregated,0.600000,0.000000,8,13,17,22,25,30,37,44,2100,2100,2100,734,0,8,18.33183405994584,4.830500000025495,2086.1973999999464,7792.6866485013625
1782395057,2,,Aggregated,0.600000,0.000000,8,13,17,22,25,30,37,44,2100,2100,2100,735,0,8,18.316878775510062,4.830500000025495,2086.1973999999464,7789.005442176871
1782395058,2,,Aggregated,0.500000,0.000000,8,13,17,22,25,30,37,44,2100,2100,2100,736,0,8,18.323691847825785,4.830500000025495,2086.1973999999464,7792.6875
1782395059,2,,Aggregated,0.500000,0.000000,8,13,17,22,25,30,37,44,2100,2100,2100,736,0,8,18.323691847825785,4.830500000025495,2086.1973999999464,7792.6875
1782395060,2,,Aggregated,0.600000,0.000000,8,13,17,22,25,30,37,44,2100,2100,2100,737,0,8,18.309511940298645,4.830500000025495,2086.1973999999464,7790.071913161465
1782395061,2,,Aggregated,0.600000,0.000000,8,13,17,22,25,30,37,44,2100,2100,2100,737,0,8,18.309511940298645,4.830500000025495,2086.1973999999464,7790.071913161465
1782395062,2,,Aggregated,0.400000,0.000000,8,13,17,22,25,30,37,44,2100,2100,2100,738,0,8,18.293346612465776,4.830500000025495,2086.1973999999464,7787.463414634146
1782395063,2,,Aggregated,0.400000,0.000000,8,13,17,22,25,30,37,44,2100,2100,2100,738,0,8,18.293346612465776,4.830500000025495,2086.1973999999464,7787.463414634146
1782395064,2,,Aggregated,0.500000,0.000000,8,13,17,22,25,30,37,44,2100,2100,2100,739,0,8,18.277347361298027,4.830500000025495,2086.1973999999464,7784.861975642761
1782395065,2,,Aggregated,0.500000,0.000000,8,13,17,22,25,30,37,44,2100,2100,2100,740,0,8,18.260874864863336,4.830500000025495,2086.1973999999464,7781.216216216216
1782395066,2,,Aggregated,0.400000,0.000000,8,13,17,22,25,30,37,44,2100,2100,2100,741,0,8,18.24452887989127,4.830500000025495,2086.1973999999464,7778.630229419703
1782395067,2,,Aggregated,0.400000,0.000000,8,13,17,22,25,30,37,44,2100,2100,2100,741,0,8,18.24452887989127,4.830500000025495,2086.1973999999464,7778.630229419703
1782395068,2,,Aggregated,0.400000,0.000000,8,13,17,22,25,30,37,44,2100,2100,2100,741,0,8,18.24452887989127,4.830500000025495,2086.1973999999464,7778.630229419703
1782395069,2,,Aggregated,0.600000,0.000000,8,13,17,22,25,30,37,44,2100,2100,2100,742,0,8,18.22890094339493,4.830500000025495,2086.1973999999464,7776.051212938005
1782395070,2,,Aggregated,0.600000,0.000000,8,13,17,22,25,30,37,44,2100,2100,2100,743,0,8,18.212782637953577,4.830500000025495,2086.1973999999464,7773.479138627187
1782395071,2,,Aggregated,0.600000,0.000000,8,13,17,22,25,30,37,44,2100,2100,2100,743,0,8,18.212782637953577,4.830500000025495,2086.1973999999464,7773.479138627187
1782395072,2,,Aggregated,0.700000,0.000000,8,13,17,22,25,30,37,44,2100,2100,2100,745,0,8,18.218189664429207,4.830500000025495,2086.1973999999464,7774.575838926175
1782395073,2,,Aggregated,0.700000,0.000000,8,13,17,22,25,30,37,44,2100,2100,2100,745,0,8,18.218189664429207,4.830500000025495,2086.1973999999464,7774.575838926175
1782395074,2,,Aggregated,0.700000,0.000000,8,13,17,22,25,30,37,44,2100,2100,2100,745,0,8,18.218189664429207,4.830500000025495,2086.1973999999464,7774.575838926175
1782395075,2,,Aggregated,0.700000,0.000000,8,13,17,22,25,30,37,44,2100,2100,2100,746,0,8,18.210011394101446,4.830500000025495,2086.1973999999464,7778.227882037533
1782395076,2,,Aggregated,0.700000,0.000000,8,13,17,22,25,30,37,44,2100,2100,2100,747,0,8,18.204978848727205,4.830500000025495,2086.1973999999464,7781.8701472556895
1782395077,2,,Aggregated,0.700000,0.000000,8,13,17,22,25,30,37,44,2100,2100,2100,747,0,8,18.204978848727205,4.830500000025495,2086.1973999999464,7781.8701472556895
1782395078,2,,Aggregated,0.700000,0.000000,8,13,17,22,25,30,37,44,2100,2100,2100,747,0,8,18.204978848727205,4.830500000025495,2086.1973999999464,7781.8701472556895
1782395079,2,,Aggregated,0.600000,0.000000,8,13,17,22,25,30,37,44,2100,2100,2100,748,0,8,18.18908021390292,4.830500000025495,2086.1973999999464,7778.267379679144
1782395080,2,,Aggregated,0.600000,0.000000,8,13,17,22,25,30,37,44,2100,2100,2100,749,0,8,18.174194526033823,4.830500000025495,2086.1973999999464,7775.712950600801
1782395081,2,,Aggregated,0.600000,0.000000,8,13,17,22,25,30,37,44,2100,2100,2100,749,0,8,18.174194526033823,4.830500000025495,2086.1973999999464,7775.712950600801
1782395082,2,,Aggregated,0.500000,0.000000,8,13,17,22,25,30,37,44,2100,2100,2100,750,0,8,18.182717733332538,4.830500000025495,2086.1973999999464,7779.344
1782395083,2,,Aggregated,0.600000,0.000000,8,13,17,22,25,30,37,44,2100,2100,2100,751,0,8,18.166980559254345,4.830500000025495,2086.1973999999464,7776.794940079893
1782395085,2,,Aggregated,0.600000,0.000000,8,13,17,22,25,30,37,44,2100,2100,2100,751,0,8,18.166980559254345,4.830500000025495,2086.1973999999464,7776.794940079893
1782395086,2,,Aggregated,0.500000,0.000000,8,13,17,22,25,30,37,44,2100,2100,2100,752,0,8,18.15078497340432,4.830500000025495,2086.1973999999464,7774.252659574468
1782395087,2,,Aggregated,0.500000,0.000000,8,13,17,22,25,30,37,44,2100,2100,2100,752,0,8,18.15078497340432,4.830500000025495,2086.1973999999464,7774.252659574468
1782395088,2,,Aggregated,0.600000,0.000000,8,13,17,22,25,30,37,44,2100,2100,2100,754,0,8,18.151753183023757,4.830500000025495,2086.1973999999464,7781.480106100796
1782395089,2,,Aggregated,0.600000,0.000000,8,13,17,22,25,30,37,44,2100,2100,2100,754,0,8,18.151753183023757,4.830500000025495,2086.1973999999464,7781.480106100796
1782395090,2,,Aggregated,0.600000,0.000000,8,13,17,22,25,30,37,44,2100,2100,2100,754,0,8,18.151753183023757,4.830500000025495,2086.1973999999464,7781.480106100796
1782395091,2,,Aggregated,0.700000,0.000000,8,13,17,22,25,30,37,44,2100,2100,2100,755,0,8,18.14019629139073,4.830500000025495,2086.1973999999464,7777.911258278145
1782395092,2,,Aggregated,0.700000,0.000000,8,13,17,22,25,30,37,44,2100,2100,2100,756,0,8,18.125492857142678,4.830500000025495,2086.1973999999464,7775.380952380952
1782395093,2,,Aggregated,0.600000,0.000000,8,13,17,22,25,30,37,44,2100,2100,2100,757,0,8,18.131590752971803,4.830500000025495,2086.1973999999464,7778.978863936592
1782395094,2,,Aggregated,0.600000,0.000000,8,13,17,22,25,30,37,44,2100,2100,2100,758,0,8,18.11662414248029,4.830500000025495,2086.1973999999464,7776.453825857519
1782395095,2,,Aggregated,0.600000,0.000000,8,13,17,22,25,30,37,44,2100,2100,2100,758,0,8,18.11662414248029,4.830500000025495,2086.1973999999464,7776.453825857519
1782395096,2,,Aggregated,0.600000,0.000000,8,13,17,22,25,30,37,44,2100,2100,2100,759,0,8,18.128476811593607,4.830500000025495,2086.1973999999464,7780.040843214756
1782395097,2,,Aggregated,0.700000,0.000000,8,13,17,22,25,30,37,44,2100,2100,2100,760,0,8,18.11999276315682,4.830500000025495,2086.1973999999464,7783.618421052632
1782395098,2,,Aggregated,0.700000,0.000000,8,13,17,22,25,30,37,44,2100,2100,2100,760,0,8,18.11999276315682,4.830500000025495,2086.1973999999464,7783.618421052632
1782395099,2,,Aggregated,0.700000,0.000000,8,13,17,22,25,30,37,44,2100,2100,2100,760,0,8,18.11999276315682,4.830500000025495,2086.1973999999464,7783.618421052632
1782395100,2,,Aggregated,0.800000,0.000000,8,13,17,22,25,30,37,44,2100,2100,2100,762,0,8,18.08867913385691,4.830500000025495,2086.1973999999464,7777.561679790027
1782395101,2,,Aggregated,0.800000,0.000000,8,13,17,22,25,30,37,44,2100,2100,2100,762,0,8,18.08867913385691,4.830500000025495,2086.1973999999464,7777.561679790027
1782395102,2,,Aggregated,0.800000,0.000000,8,13,17,22,25,30,37,44,2100,2100,2100,762,0,8,18.08867913385691,4.830500000025495,2086.1973999999464,7777.561679790027
1782395103,2,,Aggregated,0.800000,0.000000,8,13,17,22,25,30,37,44,2100,2100,2100,763,0,8,18.09531218872672,4.830500000025495,2086.1973999999464,7781.128440366972
1782395104,2,,Aggregated,0.700000,0.000000,8,13,17,22,25,30,37,44,2100,2100,2100,764,0,8,18.07967761779831,4.830500000025495,2086.1973999999464,7777.602094240838
1782395105,2,,Aggregated,0.700000,0.000000,8,13,17,22,25,30,37,44,2100,2100,2100,764,0,8,18.07967761779831,4.830500000025495,2086.1973999999464,7777.602094240838
1782395106,2,,Aggregated,0.700000,0.000000,8,13,17,22,25,30,37,44,2100,2100,2100,765,0,8,18.063961307186865,4.830500000025495,2086.1973999999464,7774.084967320261
1782395107,2,,Aggregated,0.700000,0.000000,8,13,17,22,25,30,37,44,2100,2100,2100,765,0,8,18.063961307186865,4.830500000025495,2086.1973999999464,7774.084967320261
1782395108,2,,Aggregated,0.600000,0.000000,8,13,17,22,25,30,37,44,2100,2100,2100,767,0,8,18.03294810951368,4.830500000025495,2086.1973999999464,7768.092568448501
1782395109,2,,Aggregated,0.600000,0.000000,8,13,17,22,25,30,37,44,2100,2100,2100,767,0,8,18.03294810951368,4.830500000025495,2086.1973999999464,7768.092568448501
1782395110,2,,Aggregated,0.600000,0.000000,8,13,17,22,25,30,37,44,2100,2100,2100,768,0,8,18.041480078121452,4.830500000025495,2086.1973999999464,7771.6484375
1782395111,2,,Aggregated,0.600000,0.000000,8,13,17,22,25,30,37,44,2100,2100,2100,768,0,8,18.041480078121452,4.830500000025495,2086.1973999999464,7771.6484375
1782395112,2,,Aggregated,0.700000,0.000000,8,13,17,22,25,30,37,44,2100,2100,2100,769,0,8,18.02649375812364,4.830500000025495,2086.1973999999464,7768.157347204161
1782395113,2,,Aggregated,0.700000,0.000000,8,13,17,22,25,30,37,44,2100,2100,2100,769,0,8,18.02649375812364,4.830500000025495,2086.1973999999464,7768.157347204161
1782395114,2,,Aggregated,0.700000,0.000000,8,13,17,22,25,30,37,44,2100,2100,2100,770,0,8,18.010939090905218,4.830500000025495,2086.1973999999464,7764.675324675325
1782395115,2,,Aggregated,0.700000,0.000000,8,13,17,22,25,30,37,44,2100,2100,2100,770,0,8,18.010939090905218,4.830500000025495,2086.1973999999464,7764.675324675325
1782395116,2,,Aggregated,0.500000,0.000000,8,13,17,22,25,30,37,44,2100,2100,2100,771,0,8,18.018238780800285,4.830500000025495,2086.1973999999464,7768.221789883269
1782395117,2,,Aggregated,0.500000,0.000000,8,13,17,22,25,30,37,44,2100,2100,2100,771,0,8,18.018238780800285,4.830500000025495,2086.1973999999464,7768.221789883269
1782395118,2,,Aggregated,0.500000,0.000000,8,13,17,22,25,30,37,44,2100,2100,2100,771,0,8,18.018238780800285,4.830500000025495,2086.1973999999464,7768.221789883269
1782395119,2,,Aggregated,0.500000,0.000000,8,13,17,22,25,30,37,44,2100,2100,2100,772,0,8,18.010456606213474,4.830500000025495,2086.1973999999464,7771.759067357513
1782395120,2,,Aggregated,0.600000,0.000000,8,13,17,22,25,30,37,44,2100,2100,2100,773,0,8,17.995188227679932,4.830500000025495,2086.1973999999464,7768.285899094437
1782395121,2,,Aggregated,0.500000,0.000000,8,13,17,22,25,30,37,44,2100,2100,2100,774,0,8,18.001095219633427,4.830500000025495,2086.1973999999464,7771.813953488372
1782395122,2,,Aggregated,0.500000,0.000000,8,13,17,22,25,30,37,44,2100,2100,2100,774,0,8,18.001095219633427,4.830500000025495,2086.1973999999464,7771.813953488372
1782395123,2,,Aggregated,0.600000,0.000000,8,13,17,22,25,30,37,44,2100,2100,2100,776,0,8,17.978820876283187,4.830500000025495,2086.1973999999464,7772.871134020618
1782395124,2,,Aggregated,0.600000,0.000000,8,13,17,22,25,30,37,44,2100,2100,2100,776,0,8,17.978820876283187,4.830500000025495,2086.1973999999464,7772.871134020618
1782395125,2,,Aggregated,0.600000,0.000000,8,13,17,22,25,30,37,44,2100,2100,2100,776,0,8,17.978820876283187,4.830500000025495,2086.1973999999464,7772.871134020618
1782395126,2,,Aggregated,0.600000,0.000000,8,13,17,22,25,30,37,44,2100,2100,2100,776,0,8,17.978820876283187,4.830500000025495,2086.1973999999464,7772.871134020618
1782395127,2,,Aggregated,0.600000,0.000000,8,13,17,22,25,30,37,44,2100,2100,2100,778,0,8,17.971266580971225,4.830500000025495,2086.1973999999464,7773.922879177378
1782395128,2,,Aggregated,0.600000,0.000000,8,13,17,22,25,30,37,44,2100,2100,2100,778,0,8,17.971266580971225,4.830500000025495,2086.1973999999464,7773.922879177378
1782395129,2,,Aggregated,0.600000,0.000000,8,13,17,22,25,30,37,44,2100,2100,2100,778,0,8,17.971266580971225,4.830500000025495,2086.1973999999464,7773.922879177378
1782395130,2,,Aggregated,0.600000,0.000000,8,13,17,22,25,30,37,44,2100,2100,2100,778,0,8,17.971266580971225,4.830500000025495,2086.1973999999464,7773.922879177378
1782395131,2,,Aggregated,0.600000,0.000000,8,13,17,22,25,30,37,44,2100,2100,2100,779,0,8,17.991113863923307,4.830500000025495,2086.1973999999464,7777.421052631579
1782395132,2,,Aggregated,0.500000,0.000000,8,13,17,22,25,30,37,44,2100,2100,2100,780,0,8,17.977300128200696,4.830500000025495,2086.1973999999464,7773.971794871795
1782395133,2,,Aggregated,0.500000,0.000000,8,13,17,22,25,30,37,44,2100,2100,2100,780,0,8,17.977300128200696,4.830500000025495,2086.1973999999464,7773.971794871795
1782395134,2,,Aggregated,0.500000,0.000000,8,13,17,22,25,30,37,44,2100,2100,2100,780,0,8,17.977300128200696,4.830500000025495,2086.1973999999464,7773.971794871795
1782395135,2,,Aggregated,0.500000,0.000000,8,13,17,22,25,30,37,44,2100,2100,2100,781,0,8,17.98267656849744,4.830500000025495,2086.1973999999464,7777.460947503201
1782395136,2,,Aggregated,0.400000,0.000000,8,13,17,22,25,30,37,44,2100,2100,2100,782,0,8,17.975946803064215,4.830500000025495,2086.1973999999464,7780.941176470588
1782395137,2,,Aggregated,0.400000,0.000000,8,13,17,22,25,30,37,44,2100,2100,2100,782,0,8,17.975946803064215,4.830500000025495,2086.1973999999464,7780.941176470588
1782395138,2,,Aggregated,0.500000,0.000000,8,13,17,22,25,30,37,44,2100,2100,2100,783,0,8,17.967806257976946,4.830500000025495,2086.1973999999464,7784.41251596424
1782395139,2,,Aggregated,0.500000,0.000000,8,13,17,22,25,30,37,44,2100,2100,2100,783,0,8,17.967806257976946,4.830500000025495,2086.1973999999464,7784.41251596424
1782395140,2,,Aggregated,0.400000,0.000000,8,13,17,22,25,30,37,44,2100,2100,2100,784,0,8,17.959920408157135,4.830500000025495,2086.1973999999464,7787.875
1782395141,2,,Aggregated,0.400000,0.000000,8,13,17,22,25,30,37,44,2100,2100,2100,784,0,8,17.959920408157135,4.830500000025495,2086.1973999999464,7787.875
1782395142,2,,Aggregated,0.400000,0.000000,8,13,17,22,25,30,37,44,2100,2100,2100,784,0,8,17.959920408157135,4.830500000025495,2086.1973999999464,7787.875
1782395143,2,,Aggregated,0.600000,0.000000,8,13,17,22,25,30,37,44,2100,2100,2100,785,0,8,17.96692445859199,4.830500000025495,2086.1973999999464,7791.328662420382
1782395144,2,,Aggregated,0.500000,0.000000,8,13,17,22,25,30,37,44,2100,2100,2100,786,0,8,17.951553435106675,4.830500000025495,2086.1973999999464,7788.87786259542
1782395145,2,,Aggregated,0.500000,0.000000,8,13,17,22,25,30,37,44,2100,2100,2100,786,0,8,17.951553435106675,4.830500000025495,2086.1973999999464,7788.87786259542
1782395146,2,,Aggregated,0.500000,0.000000,8,13,17,22,25,30,37,44,2100,2100,2100,787,0,8,17.951296188047444,4.830500000025495,2086.1973999999464,7792.321473951715
1782395147,2,,Aggregated,0.500000,0.000000,8,13,17,22,25,30,37,44,2100,2100,2100,787,0,8,17.951296188047444,4.830500000025495,2086.1973999999464,7792.321473951715
1782395148,2,,Aggregated,0.600000,0.000000,8,13,17,22,25,30,37,44,2100,2100,2100,788,0,8,17.97197335024532,4.830500000025495,2086.1973999999464,7795.756345177665
1782395149,2,,Aggregated,0.600000,0.000000,8,13,17,22,25,30,37,44,2100,2100,2100,788,0,8,17.97197335024532,4.830500000025495,2086.1973999999464,7795.756345177665
1782395150,2,,Aggregated,0.500000,0.000000,8,13,17,22,25,30,37,44,2100,2100,2100,789,0,8,17.957678580473893,4.830500000025495,2086.1973999999464,7792.32319391635
1782395151,2,,Aggregated,0.500000,0.000000,8,13,17,22,25,30,37,44,2100,2100,2100,790,0,8,17.951624683536455,4.830500000025495,2086.1973999999464,7795.749367088608
1782395152,2,,Aggregated,0.500000,0.000000,8,13,17,22,25,30,37,44,2100,2100,2100,790,0,8,17.951624683536455,4.830500000025495,2086.1973999999464,7795.749367088608
1782395153,2,,Aggregated,0.500000,0.000000,8,13,17,22,25,30,37,44,2100,2100,2100,790,0,8,17.951624683536455,4.830500000025495,2086.1973999999464,7795.749367088608
1782395154,2,,Aggregated,0.500000,0.000000,8,13,17,22,25,30,37,44,2100,2100,2100,792,0,8,17.94891136362918,4.830500000025495,2086.1973999999464,7802.575757575758
1782395155,2,,Aggregated,0.500000,0.000000,8,13,17,22,25,30,37,44,2100,2100,2100,792,0,8,17.94891136362918,4.830500000025495,2086.1973999999464,7802.575757575758
1782395156,2,,Aggregated,0.500000,0.000000,8,13,17,22,25,30,37,44,2100,2100,2100,792,0,8,17.94891136362918,4.830500000025495,2086.1973999999464,7802.575757575758
1782395157,2,,Aggregated,0.700000,0.000000,8,13,17,22,25,30,37,44,2100,2100,2100,793,0,8,17.941680453965127,4.830500000025495,2086.1973999999464,7805.97604035309
1782395158,2,,Aggregated,0.600000,0.000000,8,13,17,22,25,30,37,44,2100,2100,2100,794,0,8,17.933896599489373,4.830500000025495,2086.1973999999464,7809.367758186398
1782395159,2,,Aggregated,0.600000,0.000000,8,13,17,22,25,30,37,44,2100,2100,2100,794,0,8,17.933896599489373,4.830500000025495,2086.1973999999464,7809.367758186398
1782395160,2,,Aggregated,0.600000,0.000000,8,13,17,22,25,30,37,44,2100,2100,2100,795,0,8,17.924142767288636,4.830500000025495,2086.1973999999464,7806.922012578616
1782395161,2,,Aggregated,0.600000,0.000000,8,13,17,22,25,30,37,44,2100,2100,2100,796,0,8,17.930155025119095,4.830500000025495,2086.1973999999464,7810.304020100502
1782395162,2,,Aggregated,0.600000,0.000000,8,13,17,22,25,30,37,44,2100,2100,2100,797,0,8,17.91635131743364,4.830500000025495,2086.1973999999464,7807.863237139272
1782395163,2,,Aggregated,0.600000,0.000000,8,13,17,22,25,30,37,44,2100,2100,2100,797,0,8,17.91635131743364,4.830500000025495,2086.1973999999464,7807.863237139272
1782395164,2,,Aggregated,0.600000,0.000000,8,13,17,22,25,30,37,44,2100,2100,2100,797,0,8,17.91635131743364,4.830500000025495,2086.1973999999464,7807.863237139272
1782395165,2,,Aggregated,0.700000,0.000000,8,13,17,22,25,30,37,44,2100,2100,2100,798,0,8,17.916990350870567,4.830500000025495,2086.1973999999464,7811.235588972431
1782395166,2,,Aggregated,0.700000,0.000000,8,13,17,22,25,30,37,44,2100,2100,2100,799,0,8,17.916618397990778,4.830500000025495,2086.1973999999464,7814.599499374218
1782395167,2,,Aggregated,0.700000,0.000000,8,13,17,22,25,30,37,44,2100,2100,2100,799,0,8,17.916618397990778,4.830500000025495,2086.1973999999464,7814.599499374218
1782395168,2,,Aggregated,0.700000,0.000000,8,13,17,22,25,30,37,43,2100,2100,2100,801,0,8,17.920638826460767,4.830500000025495,2086.1973999999464,7815.516853932584
1782395169,2,,Aggregated,0.700000,0.000000,8,13,17,22,25,30,37,43,2100,2100,2100,801,0,8,17.920638826460767,4.830500000025495,2086.1973999999464,7815.516853932584
1782395170,2,,Aggregated,0.700000,0.000000,8,13,17,22,25,30,37,43,2100,2100,2100,801,0,8,17.920638826460767,4.830500000025495,2086.1973999999464,7815.516853932584
1782395171,2,,Aggregated,0.500000,0.000000,8,13,17,22,25,31,37,43,2100,2100,2100,802,0,8,17.944986783035723,4.830500000025495,2086.1973999999464,7818.862842892768
1782395172,2,,Aggregated,0.600000,0.000000,8,13,17,22,25,31,37,43,2100,2100,2100,803,0,8,17.96173200497447,4.830500000025495,2086.1973999999464,7822.200498132005
1782395173,2,,Aggregated,0.600000,0.000000,8,13,17,22,25,31,37,43,2100,2100,2100,803,0,8,17.96173200497447,4.830500000025495,2086.1973999999464,7822.200498132005
1782395174,2,,Aggregated,0.700000,0.000000,8,13,17,22,25,31,37,43,2100,2100,2100,804,0,8,17.948943532331473,4.830500000025495,2086.1973999999464,7819.766169154229
1782395175,2,,Aggregated,0.600000,0.000000,8,13,17,22,25,31,37,43,2100,2100,2100,805,0,8,17.968150310551447,4.830500000025495,2086.1973999999464,7823.0944099378885
1782395176,2,,Aggregated,0.700000,0.000000,8,13,17,22,25,31,37,43,2100,2100,2100,806,0,8,17.9539527295209,4.830500000025495,2086.1973999999464,7820.665012406948
1782395177,2,,Aggregated,0.700000,0.000000,8,13,17,22,25,31,37,43,2100,2100,2100,806,0,8,17.9539527295209,4.830500000025495,2086.1973999999464,7820.665012406948
1782395178,2,,Aggregated,0.600000,0.000000,8,13,17,22,25,31,37,43,2100,2100,2100,807,0,8,17.940915489459428,4.830500000025495,2086.1973999999464,7817.277571251549
1782395179,2,,Aggregated,0.700000,0.000000,8,13,17,22,25,31,37,43,2100,2100,2100,808,0,8,17.95302933167495,4.830500000025495,2086.1973999999464,7820.596534653465
1782395180,2,,Aggregated,0.700000,0.000000,8,13,17,22,25,31,37,43,2100,2100,2100,809,0,8,17.9600580964077,4.830500000025495,2086.1973999999464,7823.907292954264
1782395181,2,,Aggregated,0.700000,0.000000,8,13,17,22,25,31,37,43,2100,2100,2100,809,0,8,17.9600580964077,4.830500000025495,2086.1973999999464,7823.907292954264
1782395182,2,,Aggregated,0.700000,0.000000,8,13,17,22,25,31,37,43,2100,2100,2100,809,0,8,17.9600580964077,4.830500000025495,2086.1973999999464,7823.907292954264
1782395183,2,,Aggregated,0.700000,0.000000,8,13,17,22,25,31,37,43,2100,2100,2100,810,0,8,17.945215802461057,4.830500000025495,2086.1973999999464,7821.488888888889
1782395184,2,,Aggregated,0.700000,0.000000,8,13,17,22,25,31,37,43,2100,2100,2100,811,0,8,17.933654253999233,4.830500000025495,2086.1973999999464,7819.076448828607
1782395185,2,,Aggregated,0.700000,0.000000,8,13,17,22,25,31,37,43,2100,2100,2100,811,0,8,17.933654253999233,4.830500000025495,2086.1973999999464,7819.076448828607
1782395186,2,,Aggregated,0.700000,0.000000,8,13,17,22,25,31,37,43,2100,2100,2100,811,0,8,17.933654253999233,4.830500000025495,2086.1973999999464,7819.076448828607
1782395187,2,,Aggregated,0.700000,0.000000,8,13,17,22,25,31,37,43,2100,2100,2100,812,0,8,17.921542118218774,4.830500000025495,2086.1973999999464,7816.669950738917
1782395188,2,,Aggregated,0.700000,0.000000,8,13,17,22,25,31,37,43,2100,2100,2100,813,0,8,17.938565559648037,4.830500000025495,2086.1973999999464,7819.969249692497
1782395189,2,,Aggregated,0.700000,0.000000,8,13,17,22,25,31,37,43,2100,2100,2100,813,0,8,17.938565559648037,4.830500000025495,2086.1973999999464,7819.969249692497
1782395190,2,,Aggregated,0.700000,0.000000,8,13,17,22,25,31,37,43,2100,2100,2100,813,0,8,17.938565559648037,4.830500000025495,2086.1973999999464,7819.969249692497
1782395191,2,,Aggregated,0.600000,0.000000,8,13,17,22,25,31,37,43,2100,2100,2100,815,0,8,17.919906134962183,4.830500000025495,2086.1973999999464,7820.8576687116565
1782395192,2,,Aggregated,0.600000,0.000000,8,13,17,22,25,31,37,43,2100,2100,2100,815,0,8,17.919906134962183,4.830500000025495,2086.1973999999464,7820.8576687116565
1782395193,2,,Aggregated,0.600000,0.000000,8,13,17,22,25,31,37,43,2100,2100,2100,815,0,8,17.919906134962183,4.830500000025495,2086.1973999999464,7820.8576687116565
1782395194,2,,Aggregated,0.600000,0.000000,8,13,17,22,25,31,37,43,2100,2100,2100,817,0,8,17.89134124846295,4.830500000025495,2086.1973999999464,7816.069767441861
1782395195,2,,Aggregated,0.600000,0.000000,8,13,17,22,25,31,37,43,2100,2100,2100,817,0,8,17.89134124846295,4.830500000025495,2086.1973999999464,7816.069767441861
1782395196,2,,Aggregated,0.600000,0.000000,8,13,17,22,25,31,37,43,2100,2100,2100,817,0,8,17.89134124846295,4.830500000025495,2086.1973999999464,7816.069767441861
1782395197,2,,Aggregated,0.600000,0.000000,8,13,17,22,25,31,37,43,2100,2100,2100,817,0,8,17.89134124846295,4.830500000025495,2086.1973999999464,7816.069767441861
1782395198,2,,Aggregated,0.600000,0.000000,8,13,17,22,25,31,37,43,2100,2100,2100,817,0,8,17.89134124846295,4.830500000025495,2086.1973999999464,7816.069767441861
1782395199,2,,Aggregated,0.600000,0.000000,8,13,17,22,25,31,37,43,2100,2100,2100,819,0,8,17.86332783882062,4.830500000025495,2086.1973999999464,7811.30525030525
1782395200,2,,Aggregated,0.600000,0.000000,8,13,17,22,25,31,37,43,2100,2100,2100,819,0,8,17.86332783882062,4.830500000025495,2086.1973999999464,7811.30525030525
1782395201,2,,Aggregated,0.600000,0.000000,8,13,17,22,25,31,37,43,2100,2100,2100,819,0,8,17.86332783882062,4.830500000025495,2086.1973999999464,7811.30525030525
1782395202,2,,Aggregated,0.600000,0.000000,8,13,17,22,25,31,37,43,2100,2100,2100,821,0,8,17.8353434835499,4.830500000025495,2086.1973999999464,7805.616321559074
1782395203,2,,Aggregated,0.600000,0.000000,8,13,17,22,25,31,37,43,2100,2100,2100,821,0,8,17.8353434835499,4.830500000025495,2086.1973999999464,7805.616321559074
1782395204,2,,Aggregated,0.600000,0.000000,8,13,17,22,25,31,37,43,2100,2100,2100,821,0,8,17.8353434835499,4.830500000025495,2086.1973999999464,7805.616321559074
1782395205,2,,Aggregated,0.600000,0.000000,8,13,17,22,25,31,37,43,2100,2100,2100,821,0,8,17.8353434835499,4.830500000025495,2086.1973999999464,7805.616321559074
1782395206,2,,Aggregated,0.600000,0.000000,8,13,17,22,25,31,37,43,2100,2100,2100,822,0,8,17.82098941605084,4.830500000025495,2086.1973999999464,7803.255474452555
1782395207,2,,Aggregated,0.400000,0.000000,8,13,17,22,25,31,37,43,2100,2100,2100,823,0,8,17.83125115430504,4.830500000025495,2086.1973999999464,7806.5309842041315
1782395208,2,,Aggregated,0.400000,0.000000,8,13,17,22,25,31,37,43,2100,2100,2100,824,0,8,17.8173476941666,4.830500000025495,2086.1973999999464,7803.230582524272
1782395209,2,,Aggregated,0.500000,0.000000,8,13,17,22,25,31,37,43,2100,2100,2100,825,0,8,17.803741090900793,4.830500000025495,2086.1973999999464,7800.881212121212
1782395210,2,,Aggregated,0.500000,0.000000,8,13,17,22,25,31,37,43,2100,2100,2100,825,0,8,17.803741090900793,4.830500000025495,2086.1973999999464,7800.881212121212
1782395211,2,,Aggregated,0.500000,0.000000,8,13,17,22,25,31,37,43,2100,2100,2100,825,0,8,17.803741090900793,4.830500000025495,2086.1973999999464,7800.881212121212
1782395212,2,,Aggregated,0.600000,0.000000,8,13,17,22,25,31,37,44,2100,2100,2100,826,0,8,17.838586803865734,4.830500000025495,2086.1973999999464,7804.147699757869
1782395213,2,,Aggregated,0.600000,0.000000,8,13,17,22,25,31,37,44,2100,2100,2100,827,0,8,17.833829746061333,4.830500000025495,2086.1973999999464,7807.406287787183
1782395214,2,,Aggregated,0.600000,0.000000,8,13,17,22,25,31,37,44,2100,2100,2100,828,0,8,17.82116992752789,4.830500000025495,2086.1973999999464,7805.06038647343
1782395215,2,,Aggregated,0.600000,0.000000,8,13,17,22,25,31,37,44,2100,2100,2100,828,0,8,17.82116992752789,4.830500000025495,2086.1973999999464,7805.06038647343
1782395216,2,,Aggregated,0.600000,0.000000,8,13,17,22,25,31,37,44,2100,2100,2100,829,0,8,17.808495536782196,4.830500000025495,2086.1973999999464,7802.720144752714
1782395217,2,,Aggregated,0.600000,0.000000,8,13,17,22,25,31,37,44,2100,2100,2100,829,0,8,17.808495536782196,4.830500000025495,2086.1973999999464,7802.720144752714
1782395218,2,,Aggregated,0.600000,0.000000,8,13,17,22,25,31,37,44,2100,2100,2100,829,0,8,17.808495536782196,4.830500000025495,2086.1973999999464,7802.720144752714
1782395219,2,,Aggregated,0.700000,0.000000,8,13,17,22,25,31,37,44,2100,2100,2100,830,0,8,17.794593253002386,4.830500000025495,2086.1973999999464,7800.385542168675
1782395220,2,,Aggregated,0.700000,0.000000,8,13,17,22,25,31,37,44,2100,2100,2100,831,0,8,17.782256678690548,4.830500000025495,2086.1973999999464,7798.056558363418
1782395222,2,,Aggregated,0.700000,0.000000,8,13,17,22,25,31,37,44,2100,2100,2100,831,0,8,17.782256678690548,4.830500000025495,2086.1973999999464,7798.056558363418
1782395223,2,,Aggregated,0.600000,0.000000,8,13,17,22,25,31,37,44,2100,2100,2100,832,0,8,17.790349278835894,4.830500000025495,2086.1973999999464,7801.302884615385
1782395224,2,,Aggregated,0.600000,0.000000,8,13,17,22,25,31,37,44,2100,2100,2100,833,0,8,17.777630372138983,4.830500000025495,2086.1973999999464,7798.044417767107
1782395225,2,,Aggregated,0.600000,0.000000,8,13,17,22,25,31,37,44,2100,2100,2100,834,0,8,17.76367326138068,4.830500000025495,2086.1973999999464,7795.726618705036
1782395226,2,,Aggregated,0.600000,0.000000,8,13,17,22,25,31,37,44,2100,2100,2100,834,0,8,17.76367326138068,4.830500000025495,2086.1973999999464,7795.726618705036
1782395227,2,,Aggregated,0.600000,0.000000,8,13,17,22,25,31,37,44,2100,2100,2100,834,0,8,17.76367326138068,4.830500000025495,2086.1973999999464,7795.726618705036
1782395228,2,,Aggregated,0.600000,0.000000,8,13,17,22,25,31,37,44,2100,2100,2100,835,0,8,17.773375089810234,4.830500000025495,2086.1973999999464,7798.964071856288
1782395229,2,,Aggregated,0.600000,0.000000,8,13,17,22,25,31,37,44,2100,2100,2100,836,0,8,17.76035562199955,4.830500000025495,2086.1973999999464,7796.650717703349
1782395230,2,,Aggregated,0.600000,0.000000,8,13,17,22,25,31,37,44,2100,2100,2100,836,0,8,17.76035562199955,4.830500000025495,2086.1973999999464,7796.650717703349
1782395231,2,,Aggregated,0.600000,0.000000,8,13,17,22,25,31,37,44,2100,2100,2100,836,0,8,17.76035562199955,4.830500000025495,2086.1973999999464,7796.650717703349
1782395232,2,,Aggregated,0.600000,0.000000,8,13,17,22,25,31,37,44,2100,2100,2100,836,0,8,17.76035562199955,4.830500000025495,2086.1973999999464,7796.650717703349
1782395233,2,,Aggregated,0.500000,0.000000,8,13,17,22,25,31,37,44,2100,2100,2100,838,0,8,17.7333923627587,4.830500000025495,2086.1973999999464,7790.183770883055
1782395234,2,,Aggregated,0.500000,0.000000,8,13,17,22,25,31,37,44,2100,2100,2100,838,0,8,17.7333923627587,4.830500000025495,2086.1973999999464,7790.183770883055
1782395235,2,,Aggregated,0.500000,0.000000,8,13,17,22,25,31,37,44,2100,2100,2100,840,0,8,17.706526309512768,4.830500000025495,2086.1973999999464,7783.747619047619
1782395236,2,,Aggregated,0.500000,0.000000,8,13,17,22,25,31,37,44,2100,2100,2100,840,0,8,17.706526309512768,4.830500000025495,2086.1973999999464,7783.747619047619
1782395237,2,,Aggregated,0.500000,0.000000,8,13,17,22,25,31,37,44,2100,2100,2100,840,0,8,17.706526309512768,4.830500000025495,2086.1973999999464,7783.747619047619
1782395238,2,,Aggregated,0.600000,0.000000,8,13,17,22,25,31,37,44,2100,2100,2100,842,0,8,17.680482422790654,4.830500000025495,2086.1973999999464,7779.190023752969
1782395239,2,,Aggregated,0.600000,0.000000,8,13,17,22,25,31,37,44,2100,2100,2100,842,0,8,17.680482422790654,4.830500000025495,2086.1973999999464,7779.190023752969
1782395240,2,,Aggregated,0.600000,0.000000,8,13,17,22,25,31,37,44,2100,2100,2100,842,0,8,17.680482422790654,4.830500000025495,2086.1973999999464,7779.190023752969
1782395241,2,,Aggregated,0.700000,0.000000,8,13,17,22,25,31,37,44,2100,2100,2100,844,0,8,17.688770616101138,4.830500000025495,2086.1973999999464,7779.222748815166
1782395242,2,,Aggregated,0.700000,0.000000,8,13,17,22,25,31,37,44,2100,2100,2100,844,0,8,17.688770616101138,4.830500000025495,2086.1973999999464,7779.222748815166
1782395243,2,,Aggregated,0.700000,0.000000,8,13,17,22,25,31,37,44,2100,2100,2100,844,0,8,17.688770616101138,4.830500000025495,2086.1973999999464,7779.222748815166
1782395244,2,,Aggregated,0.700000,0.000000,8,13,17,22,25,31,37,44,2100,2100,2100,844,0,8,17.688770616101138,4.830500000025495,2086.1973999999464,7779.222748815166
1782395245,2,,Aggregated,0.600000,0.000000,8,13,17,22,25,31,37,44,2100,2100,2100,846,0,8,17.669412411335415,4.830500000025495,2086.1973999999464,7780.174940898345
1782395246,2,,Aggregated,0.600000,0.000000,8,13,17,22,25,31,37,44,2100,2100,2100,846,0,8,17.669412411335415,4.830500000025495,2086.1973999999464,7780.174940898345
1782395247,2,,Aggregated,0.600000,0.000000,8,13,17,22,25,31,37,44,2100,2100,2100,846,0,8,17.669412411335415,4.830500000025495,2086.1973999999464,7780.174940898345
1782395248,2,,Aggregated,0.500000,0.000000,8,13,17,22,25,31,37,44,2100,2100,2100,848,0,8,17.66519127357388,4.830500000025495,2086.1973999999464,7781.122641509434
1782395249,2,,Aggregated,0.500000,0.000000,8,13,17,22,25,31,37,44,2100,2100,2100,848,0,8,17.66519127357388,4.830500000025495,2086.1973999999464,7781.122641509434
1782395250,2,,Aggregated,0.500000,0.000000,8,13,17,22,25,31,37,44,2100,2100,2100,848,0,8,17.66519127357388,4.830500000025495,2086.1973999999464,7781.122641509434
1782395251,2,,Aggregated,0.600000,0.000000,8,13,17,22,25,31,37,44,2100,2100,2100,849,0,8,17.702093639564556,4.830500000025495,2086.1973999999464,7784.323910482921
1782395252,2,,Aggregated,0.600000,0.000000,8,13,17,22,25,31,37,44,2100,2100,2100,850,0,8,17.702323882340888,4.830500000025495,2086.1973999999464,7787.517647058824
1782395253,2,,Aggregated,0.600000,0.000000,8,13,17,22,25,31,37,44,2100,2100,2100,850,0,8,17.702323882340888,4.830500000025495,2086.1973999999464,7787.517647058824
1782395254,2,,Aggregated,0.400000,0.000000,8,13,17,22,25,31,37,44,2100,2100,2100,851,0,8,17.689810928307576,4.830500000025495,2086.1973999999464,7785.2585193889545
1782395255,2,,Aggregated,0.500000,0.000000,8,13,17,22,25,31,37,44,2100,2100,2100,852,0,8,17.69654213613892,4.830500000025495,2086.1973999999464,7788.443661971831
1782395256,2,,Aggregated,0.500000,0.000000,8,13,17,22,25,31,37,44,2100,2100,2100,852,0,8,17.69654213613892,4.830500000025495,2086.1973999999464,7788.443661971831
1782395257,2,,Aggregated,0.700000,0.000000,8,13,17,22,25,31,37,44,2100,2100,2100,853,0,8,17.68925896833637,4.830500000025495,2086.1973999999464,7791.621336459554
1782395258,2,,Aggregated,0.700000,0.000000,8,13,17,22,25,31,37,44,2100,2100,2100,854,0,8,17.675891686172026,4.830500000025495,2086.1973999999464,7788.454332552693
1782395259,2,,Aggregated,0.600000,0.000000,8,13,17,22,25,31,37,44,2100,2100,2100,855,0,8,17.662000467825294,4.830500000025495,2086.1973999999464,7786.204678362573
1782395260,2,,Aggregated,0.600000,0.000000,8,13,17,22,25,31,37,44,2100,2100,2100,855,0,8,17.662000467825294,4.830500000025495,2086.1973999999464,7786.204678362573
1782395261,2,,Aggregated,0.600000,0.000000,8,13,17,22,25,31,37,44,2100,2100,2100,856,0,8,17.650586214941864,4.830500000025495,2086.1973999999464,7783.960280373832
1782395262,2,,Aggregated,0.600000,0.000000,8,13,17,22,25,31,37,44,2100,2100,2100,856,0,8,17.650586214941864,4.830500000025495,2086.1973999999464,7783.960280373832
1782395263,2,,Aggregated,0.800000,0.000000,8,13,17,22,25,31,37,44,2100,2100,2100,857,0,8,17.65669661609104,4.830500000025495,2086.1973999999464,7787.128354725788
1782395264,2,,Aggregated,0.800000,0.000000,8,13,17,22,25,31,37,44,2100,2100,2100,858,0,8,17.643141491829194,4.830500000025495,2086.1973999999464,7783.981351981352
1782395265,2,,Aggregated,0.800000,0.000000,8,13,17,22,25,31,37,44,2100,2100,2100,858,0,8,17.643141491829194,4.830500000025495,2086.1973999999464,7783.981351981352
