Timestamp,User Count,Type,Name,Requests/s,Failures/s,50%,66%,75%,80%,90%,95%,98%,99%,99.9%,99.99%,100%,Total Request Count,Total Failure Count,Total Median Response Time,Total Average Response Time,Total Min Response Time,Total Max Response Time,Total Average Content Size
1782346723,0,,Aggregated,0.000000,0.000000,N/A,N/A,N/A,N/A,N/A,N/A,N/A,N/A,N/A,N/A,N/A,0,0,0,0.0,0,0,0
1782346724,2,,Aggregated,0.000000,0.000000,N/A,N/A,N/A,N/A,N/A,N/A,N/A,N/A,N/A,N/A,N/A,0,0,0,0.0,0,0,0
1782346725,2,,Aggregated,0.000000,0.000000,N/A,N/A,N/A,N/A,N/A,N/A,N/A,N/A,N/A,N/A,N/A,0,0,0,0.0,0,0,0
1782346726,2,,Aggregated,0.000000,0.000000,2100,2100,2100,2100,2100,2100,2100,2100,2100,2100,2100,1,0,2072.103900005459,2072.103900005459,2072.103900005459,2072.103900005459,10499.0
1782346727,2,,Aggregated,0.000000,0.000000,2100,2100,2100,2100,2100,2100,2100,2100,2100,2100,2100,2,0,2043.6143999977503,2057.8591500016046,2043.6143999977503,2072.103900005459,10499.0
1782346728,2,,Aggregated,0.333333,0.000000,2000,2000,2100,2100,2100,2100,2100,2100,2100,2100,2100,3,0,2000,1375.2991666672945,10.179199998674449,2072.103900005459,8954.333333333334
1782346729,2,,Aggregated,0.333333,0.000000,2000,2000,2100,2100,2100,2100,2100,2100,2100,2100,2100,4,0,20,1036.3596499992127,10.179199998674449,2072.103900005459,9340.5
1782346730,2,,Aggregated,0.333333,0.000000,2000,2000,2100,2100,2100,2100,2100,2100,2100,2100,2100,4,0,20,1036.3596499992127,10.179199998674449,2072.103900005459,9340.5
1782346731,2,,Aggregated,0.333333,0.000000,2000,2000,2100,2100,2100,2100,2100,2100,2100,2100,2100,4,0,20,1036.3596499992127,10.179199998674449,2072.103900005459,9340.5
1782346732,2,,Aggregated,0.571429,0.000000,57,57,2000,2000,2100,2100,2100,2100,2100,2100,2100,6,0,30,705.3989499994108,10.179199998674449,2072.103900005459,8824.666666666666
1782346733,2,,Aggregated,0.571429,0.000000,57,57,2000,2000,2100,2100,2100,2100,2100,2100,2100,6,0,30,705.3989499994108,10.179199998674449,2072.103900005459,8824.666666666666
1782346734,2,,Aggregated,0.571429,0.000000,57,57,2000,2000,2100,2100,2100,2100,2100,2100,2100,6,0,30,705.3989499994108,10.179199998674449,2072.103900005459,8824.666666666666
1782346735,2,,Aggregated,0.600000,0.000000,30,57,2000,2000,2100,2100,2100,2100,2100,2100,2100,8,0,20,531.792687498637,7.04099999711616,2072.103900005459,8566.75
1782346736,2,,Aggregated,0.600000,0.000000,30,57,2000,2000,2100,2100,2100,2100,2100,2100,2100,8,0,20,531.792687498637,7.04099999711616,2072.103900005459,8566.75
1782346737,2,,Aggregated,0.600000,0.000000,20,30,57,2000,2100,2100,2100,2100,2100,2100,2100,9,0,20,473.4420444429917,6.63689999782946,2072.103900005459,8266.555555555555
1782346738,2,,Aggregated,0.700000,0.000000,20,30,57,2000,2100,2100,2100,2100,2100,2100,2100,10,0,15,426.8417599989334,6.63689999782946,2072.103900005459,7948.6
1782346739,2,,Aggregated,0.700000,0.000000,20,33,57,57,2000,2100,2100,2100,2100,2100,2100,11,0,20,391.0404636355286,6.63689999782946,2072.103900005459,8180.454545454545
1782346740,2,,Aggregated,0.700000,0.000000,20,30,57,57,2000,2100,2100,2100,2100,2100,2100,12,0,15,359.0507083323852,6.63689999782946,2072.103900005459,7922.666666666667
1782346741,2,,Aggregated,0.700000,0.000000,15,30,33,57,2000,2100,2100,2100,2100,2100,2100,13,0,15,331.921253845324,6.367800000589341,2072.103900005459,7764.384615384615
1782346742,2,,Aggregated,0.700000,0.000000,15,30,33,57,2000,2100,2100,2100,2100,2100,2100,13,0,15,331.921253845324,6.367800000589341,2072.103900005459,7764.384615384615
1782346743,2,,Aggregated,0.700000,0.000000,15,30,33,57,2000,2100,2100,2100,2100,2100,2100,13,0,15,331.921253845324,6.367800000589341,2072.103900005459,7764.384615384615
1782346744,2,,Aggregated,0.700000,0.000000,15,30,33,57,2000,2100,2100,2100,2100,2100,2100,13,0,15,331.921253845324,6.367800000589341,2072.103900005459,7764.384615384615
1782346745,2,,Aggregated,0.800000,0.000000,10,20,33,57,2000,2100,2100,2100,2100,2100,2100,15,0,10,288.6058466664205,6.367800000589341,2072.103900005459,7407.4
1782346746,2,,Aggregated,0.800000,0.000000,10,20,33,57,2000,2100,2100,2100,2100,2100,2100,15,0,10,288.6058466664205,6.367800000589341,2072.103900005459,7407.4
1782346747,2,,Aggregated,0.800000,0.000000,10,20,33,57,2000,2100,2100,2100,2100,2100,2100,15,0,10,288.6058466664205,6.367800000589341,2072.103900005459,7407.4
1782346748,2,,Aggregated,0.700000,0.000000,10,20,33,33,2000,2100,2100,2100,2100,2100,2100,16,0,9,271.1113499995008,6.367800000589341,2072.103900005459,7311.0
1782346749,2,,Aggregated,0.600000,0.000000,9,20,30,33,2000,2100,2100,2100,2100,2100,2100,17,0,9,255.6296882347156,6.367800000589341,2072.103900005459,7225.941176470588
1782346750,2,,Aggregated,0.600000,0.000000,9,20,30,33,2000,2100,2100,2100,2100,2100,2100,17,0,9,255.6296882347156,6.367800000589341,2072.103900005459,7225.941176470588
1782346751,2,,Aggregated,0.600000,0.000000,9,20,30,33,2000,2100,2100,2100,2100,2100,2100,17,0,9,255.6296882347156,6.367800000589341,2072.103900005459,7225.941176470588
1782346752,2,,Aggregated,0.600000,0.000000,8,15,30,33,2000,2100,2100,2100,2100,2100,2100,19,0,8,229.41944210469956,6.367800000589341,2072.103900005459,7082.684210526316
1782346753,2,,Aggregated,0.600000,0.000000,8,15,30,33,2000,2100,2100,2100,2100,2100,2100,19,0,8,229.41944210469956,6.367800000589341,2072.103900005459,7082.684210526316
1782346754,2,,Aggregated,0.600000,0.000000,8,15,30,33,2000,2100,2100,2100,2100,2100,2100,19,0,8,229.41944210469956,6.367800000589341,2072.103900005459,7082.684210526316
1782346755,2,,Aggregated,0.600000,0.000000,8,10,20,30,57,2000,2100,2100,2100,2100,2100,21,0,8,208.30611428495362,6.367800000589341,2072.103900005459,6929.666666666667
1782346756,2,,Aggregated,0.600000,0.000000,8,10,20,30,57,2000,2100,2100,2100,2100,2100,21,0,8,208.30611428495362,6.367800000589341,2072.103900005459,6929.666666666667
1782346757,2,,Aggregated,0.500000,0.000000,9,15,23,30,57,2000,2100,2100,2100,2100,2100,22,0,8,199.87595909002596,6.367800000589341,2072.103900005459,7091.909090909091
1782346758,2,,Aggregated,0.500000,0.000000,8,15,23,30,57,2000,2100,2100,2100,2100,2100,23,0,8,191.48726521677378,6.367800000589341,2072.103900005459,7038.565217391304
1782346759,2,,Aggregated,0.500000,0.000000,8,15,23,30,57,2000,2100,2100,2100,2100,2100,23,0,8,191.48726521677378,6.367800000589341,2072.103900005459,7038.565217391304
1782346760,2,,Aggregated,0.800000,0.000000,9,10,23,30,57,2000,2100,2100,2100,2100,2100,24,0,8,183.86459583265,6.367800000589341,2072.103900005459,6989.666666666667
1782346761,2,,Aggregated,0.800000,0.000000,9,10,23,30,57,2000,2100,2100,2100,2100,2100,24,0,8,183.86459583265,6.367800000589341,2072.103900005459,6989.666666666667
1782346762,2,,Aggregated,0.600000,0.000000,9,15,23,27,57,2000,2100,2100,2100,2100,2100,26,0,8,171.04922692250022,6.367800000589341,2072.103900005459,7081.384615384615
1782346763,2,,Aggregated,0.600000,0.000000,9,15,23,27,57,2000,2100,2100,2100,2100,2100,26,0,8,171.04922692250022,6.367800000589341,2072.103900005459,7081.384615384615
1782346764,2,,Aggregated,0.600000,0.000000,9,15,23,27,57,2000,2100,2100,2100,2100,2100,26,0,8,171.04922692250022,6.367800000589341,2072.103900005459,7081.384615384615
1782346765,2,,Aggregated,0.700000,0.000000,8,10,23,27,57,2000,2100,2100,2100,2100,2100,27,0,8,164.9435999993498,6.197299997438677,2072.103900005459,7036.333333333333
1782346766,2,,Aggregated,0.700000,0.000000,8,10,23,27,57,2000,2100,2100,2100,2100,2100,28,0,8,159.3270714279892,6.197299997438677,2072.103900005459,6994.5
1782346767,2,,Aggregated,0.700000,0.000000,8,10,23,27,57,2000,2100,2100,2100,2100,2100,28,0,8,159.3270714279892,6.197299997438677,2072.103900005459,6994.5
1782346768,2,,Aggregated,0.600000,0.000000,8,10,20,27,57,2000,2100,2100,2100,2100,2100,29,0,8,154.0465137925288,6.190899999637622,2072.103900005459,6955.551724137931
1782346769,2,,Aggregated,0.700000,0.000000,8,10,23,27,57,2000,2100,2100,2100,2100,2100,30,0,8,149.7916933328573,6.190899999637622,2072.103900005459,7073.666666666667
1782346770,2,,Aggregated,0.700000,0.000000,8,10,23,27,57,2000,2100,2100,2100,2100,2100,30,0,8,149.7916933328573,6.190899999637622,2072.103900005459,7073.666666666667
1782346771,2,,Aggregated,0.500000,0.000000,8,15,23,26,33,2000,2100,2100,2100,2100,2100,31,0,8,145.46236128972527,6.190899999637622,2072.103900005459,7184.1612903225805
1782346772,2,,Aggregated,0.500000,0.000000,8,15,23,26,33,2000,2100,2100,2100,2100,2100,31,0,8,145.46236128972527,6.190899999637622,2072.103900005459,7184.1612903225805
1782346773,2,,Aggregated,0.700000,0.000000,8,15,23,26,33,2000,2100,2100,2100,2100,2100,32,0,8,141.14744374933252,6.190899999637622,2072.103900005459,7118.625
1782346774,2,,Aggregated,0.700000,0.000000,8,15,23,27,43,2000,2100,2100,2100,2100,2100,33,0,8,138.16309393873917,6.190899999637622,2072.103900005459,7221.060606060606
1782346775,2,,Aggregated,0.700000,0.000000,8,15,23,27,43,2000,2100,2100,2100,2100,2100,33,0,8,138.16309393873917,6.190899999637622,2072.103900005459,7221.060606060606
1782346776,2,,Aggregated,0.700000,0.000000,8,15,23,27,43,2000,2100,2100,2100,2100,2100,33,0,8,138.16309393873917,6.190899999637622,2072.103900005459,7221.060606060606
1782346777,2,,Aggregated,0.700000,0.000000,8,15,23,27,43,2000,2100,2100,2100,2100,2100,34,0,8,134.29363235242337,6.190899999637622,2072.103900005459,7181.176470588235
1782346778,2,,Aggregated,0.600000,0.000000,8,15,23,27,43,2000,2100,2100,2100,2100,2100,35,0,8,130.6461771424178,6.190899999637622,2072.103900005459,7143.571428571428
1782346779,2,,Aggregated,0.600000,0.000000,8,15,23,27,43,2000,2100,2100,2100,2100,2100,35,0,8,130.6461771424178,6.190899999637622,2072.103900005459,7143.571428571428
1782346780,2,,Aggregated,0.500000,0.000000,8,10,23,26,43,2000,2100,2100,2100,2100,2100,36,0,8,127.24642777741084,6.190899999637622,2072.103900005459,7108.055555555556
1782346781,2,,Aggregated,0.500000,0.000000,8,10,23,26,43,2000,2100,2100,2100,2100,2100,36,0,8,127.24642777741084,6.190899999637622,2072.103900005459,7108.055555555556
1782346782,2,,Aggregated,0.600000,0.000000,8,15,22,26,43,2000,2100,2100,2100,2100,2100,38,0,8,121.30036315762769,6.190899999637622,2072.103900005459,7144.105263157895
1782346783,2,,Aggregated,0.600000,0.000000,8,15,22,26,43,2000,2100,2100,2100,2100,2100,38,0,8,121.30036315762769,6.190899999637622,2072.103900005459,7144.105263157895
1782346784,2,,Aggregated,0.500000,0.000000,8,13,22,26,43,2000,2100,2100,2100,2100,2100,39,0,8,118.53465128175837,6.190899999637622,2072.103900005459,7230.128205128205
1782346785,2,,Aggregated,0.500000,0.000000,8,13,22,26,43,2000,2100,2100,2100,2100,2100,39,0,8,118.53465128175837,6.190899999637622,2072.103900005459,7230.128205128205
1782346786,2,,Aggregated,0.500000,0.000000,8,13,20,23,33,57,2100,2100,2100,2100,2100,41,0,8,113.22141707276431,5.958199995802715,2072.103900005459,7257.585365853659
1782346787,2,,Aggregated,0.500000,0.000000,8,13,20,23,33,57,2100,2100,2100,2100,2100,41,0,8,113.22141707276431,5.958199995802715,2072.103900005459,7257.585365853659
1782346788,2,,Aggregated,0.500000,0.000000,8,13,20,23,33,57,2100,2100,2100,2100,2100,41,0,8,113.22141707276431,5.958199995802715,2072.103900005459,7257.585365853659
1782346789,2,,Aggregated,0.500000,0.000000,8,13,20,23,33,57,2100,2100,2100,2100,2100,41,0,8,113.22141707276431,5.958199995802715,2072.103900005459,7257.585365853659
1782346790,2,,Aggregated,0.700000,0.000000,8,13,22,23,33,57,2100,2100,2100,2100,2100,43,0,8,108.65519999957584,5.958199995802715,2072.103900005459,7300.581395348837
1782346791,2,,Aggregated,0.700000,0.000000,8,13,22,23,33,57,2100,2100,2100,2100,2100,43,0,8,108.65519999957584,5.958199995802715,2072.103900005459,7300.581395348837
1782346792,2,,Aggregated,0.500000,0.000000,8,15,22,23,33,57,2100,2100,2100,2100,2100,44,0,8,106.52046136320595,5.958199995802715,2072.103900005459,7373.272727272727
1782346793,2,,Aggregated,0.500000,0.000000,8,15,22,23,33,57,2100,2100,2100,2100,2100,44,0,8,106.52046136320595,5.958199995802715,2072.103900005459,7373.272727272727
1782346794,2,,Aggregated,0.700000,0.000000,8,13,20,23,33,57,2100,2100,2100,2100,2100,45,0,8,104.28600888844812,5.958199995802715,2072.103900005459,7339.7555555555555
1782346795,2,,Aggregated,0.700000,0.000000,8,13,20,23,33,57,2100,2100,2100,2100,2100,45,0,8,104.28600888844812,5.958199995802715,2072.103900005459,7339.7555555555555
1782346796,2,,Aggregated,0.600000,0.000000,8,15,22,23,33,57,2100,2100,2100,2100,2100,46,0,8,102.62620217342729,5.958199995802715,2072.103900005459,7408.434782608696
1782346797,2,,Aggregated,0.600000,0.000000,8,15,22,23,33,57,2100,2100,2100,2100,2100,47,0,8,100.59868510592075,5.958199995802715,2072.103900005459,7375.595744680851
1782346798,2,,Aggregated,0.600000,0.000000,8,15,22,23,33,57,2100,2100,2100,2100,2100,47,0,8,100.59868510592075,5.958199995802715,2072.103900005459,7375.595744680851
1782346799,2,,Aggregated,0.600000,0.000000,8,15,22,23,33,57,2100,2100,2100,2100,2100,47,0,8,100.59868510592075,5.958199995802715,2072.103900005459,7375.595744680851
1782346800,2,,Aggregated,0.600000,0.000000,8,15,22,23,33,57,2100,2100,2100,2100,2100,47,0,8,100.59868510592075,5.958199995802715,2072.103900005459,7375.595744680851
1782346801,2,,Aggregated,0.600000,0.000000,8,13,20,23,33,57,2100,2100,2100,2100,2100,49,0,8,96.75638367301946,5.958199995802715,2072.103900005459,7313.938775510204
1782346802,2,,Aggregated,0.600000,0.000000,8,13,20,23,33,57,2100,2100,2100,2100,2100,49,0,8,96.75638367301946,5.958199995802715,2072.103900005459,7313.938775510204
1782346803,2,,Aggregated,0.600000,0.000000,8,13,20,23,33,57,2100,2100,2100,2100,2100,49,0,8,96.75638367301946,5.958199995802715,2072.103900005459,7313.938775510204
1782346804,2,,Aggregated,0.600000,0.000000,8,15,22,23,33,57,2100,2100,2100,2100,2100,50,0,8,95.2704019995872,5.958199995802715,2072.103900005459,7377.64
1782346805,2,,Aggregated,0.600000,0.000000,8,15,22,23,33,57,2100,2100,2100,2100,2100,50,0,8,95.2704019995872,5.958199995802715,2072.103900005459,7377.64
1782346806,2,,Aggregated,0.500000,0.000000,8,13,22,23,30,57,2000,2100,2100,2100,2100,51,0,8,93.51960588195224,5.958199995802715,2072.103900005459,7347.980392156863
1782346808,2,,Aggregated,0.500000,0.000000,8,13,22,23,30,57,2000,2100,2100,2100,2100,52,0,8,91.84512692263525,5.958199995802715,2072.103900005459,7319.461538461538
1782346809,2,,Aggregated,0.500000,0.000000,8,13,20,23,30,57,2000,2100,2100,2100,2100,53,0,8,90.36132641466672,5.958199995802715,2072.103900005459,7379.452830188679
1782346810,2,,Aggregated,0.500000,0.000000,8,13,20,23,30,57,2000,2100,2100,2100,2100,53,0,8,90.36132641466672,5.958199995802715,2072.103900005459,7379.452830188679
1782346811,2,,Aggregated,0.500000,0.000000,8,13,20,23,30,57,2000,2100,2100,2100,2100,54,0,8,88.7993851848242,5.958199995802715,2072.103900005459,7351.407407407408
1782346812,2,,Aggregated,0.500000,0.000000,8,13,20,23,30,57,2000,2100,2100,2100,2100,54,0,8,88.7993851848242,5.958199995802715,2072.103900005459,7351.407407407408
1782346813,2,,Aggregated,0.600000,0.000000,8,13,20,23,30,57,2000,2100,2100,2100,2100,55,0,8,87.3271745451017,5.958199995802715,2072.103900005459,7310.236363636363
1782346814,2,,Aggregated,0.600000,0.000000,8,13,20,23,30,57,2000,2100,2100,2100,2100,55,0,8,87.3271745451017,5.958199995802715,2072.103900005459,7310.236363636363
1782346815,2,,Aggregated,0.500000,0.000000,8,13,22,23,30,57,2000,2100,2100,2100,2100,56,0,8,86.17993749963456,5.958199995802715,2072.103900005459,7367.178571428572
1782346816,2,,Aggregated,0.600000,0.000000,8,13,22,23,30,57,2000,2100,2100,2100,2100,57,0,8,85.1608140347117,5.958199995802715,2072.103900005459,7422.122807017544
1782346817,2,,Aggregated,0.600000,0.000000,8,13,22,23,30,57,2000,2100,2100,2100,2100,57,0,8,85.1608140347117,5.958199995802715,2072.103900005459,7422.122807017544
1782346818,2,,Aggregated,0.600000,0.000000,8,13,22,23,30,57,2000,2100,2100,2100,2100,58,0,8,83.91879999958448,5.958199995802715,2072.103900005459,7475.172413793103
1782346819,2,,Aggregated,0.700000,0.000000,8,13,22,23,30,57,2000,2100,2100,2100,2100,59,0,8,82.65033389798808,5.958199995802715,2072.103900005459,7434.6949152542375
1782346820,2,,Aggregated,0.700000,0.000000,8,13,22,23,30,57,2000,2100,2100,2100,2100,59,0,8,82.65033389798808,5.958199995802715,2072.103900005459,7434.6949152542375
1782346821,2,,Aggregated,0.700000,0.000000,8,13,22,23,30,57,2000,2100,2100,2100,2100,59,0,8,82.65033389798808,5.958199995802715,2072.103900005459,7434.6949152542375
1782346822,2,,Aggregated,0.600000,0.000000,8,13,22,23,30,57,2000,2100,2100,2100,2100,60,0,8,81.40268499967836,5.958199995802715,2072.103900005459,7408.533333333334
1782346823,2,,Aggregated,0.600000,0.000000,8,13,22,23,30,57,2000,2100,2100,2100,2100,60,0,8,81.40268499967836,5.958199995802715,2072.103900005459,7408.533333333334
1782346824,2,,Aggregated,0.500000,0.000000,8,13,22,23,28,43,2000,2100,2100,2100,2100,61,0,8,80.45518032757501,5.958199995802715,2072.103900005459,7459.196721311476
1782346825,2,,Aggregated,0.600000,0.000000,8,13,22,23,28,43,2000,2100,2100,2100,2100,62,0,8,79.39997903198555,5.958199995802715,2072.103900005459,7508.225806451613
1782346826,2,,Aggregated,0.600000,0.000000,8,13,22,23,28,43,2000,2100,2100,2100,2100,62,0,8,79.39997903198555,5.958199995802715,2072.103900005459,7508.225806451613
1782346827,2,,Aggregated,0.600000,0.000000,8,15,22,23,28,43,2000,2100,2100,2100,2100,63,0,8,78.44306507906857,5.958199995802715,2072.103900005459,7555.6984126984125
1782346828,2,,Aggregated,0.500000,0.000000,8,15,22,23,28,43,2000,2100,2100,2100,2100,64,0,8,77.32162187471658,5.958199995802715,2072.103900005459,7529.28125
1782346829,2,,Aggregated,0.500000,0.000000,8,15,22,23,28,43,2000,2100,2100,2100,2100,64,0,8,77.32162187471658,5.958199995802715,2072.103900005459,7529.28125
1782346830,2,,Aggregated,0.600000,0.000000,8,13,20,23,28,43,2000,2100,2100,2100,2100,65,0,8,76.24843384591469,5.958199995802715,2072.103900005459,7503.676923076923
1782346831,2,,Aggregated,0.600000,0.000000,8,13,20,23,28,43,2000,2100,2100,2100,2100,65,0,8,76.24843384591469,5.958199995802715,2072.103900005459,7503.676923076923
1782346832,2,,Aggregated,0.500000,0.000000,8,15,22,23,28,43,2000,2100,2100,2100,2100,66,0,8,75.46113787865386,5.958199995802715,2072.103900005459,7549.060606060606
1782346833,2,,Aggregated,0.600000,0.000000,8,15,22,23,28,43,2000,2100,2100,2100,2100,67,0,8,74.42335522381342,5.92970000434434,2072.103900005459,7523.925373134329
1782346834,2,,Aggregated,0.600000,0.000000,8,15,22,23,28,43,2000,2100,2100,2100,2100,67,0,8,74.42335522381342,5.92970000434434,2072.103900005459,7523.925373134329
1782346835,2,,Aggregated,0.600000,0.000000,8,15,22,23,30,43,2000,2100,2100,2100,2100,68,0,8,73.79914117636338,5.92970000434434,2072.103900005459,7567.676470588235
1782346836,2,,Aggregated,0.600000,0.000000,8,15,22,23,30,43,2000,2100,2100,2100,2100,69,0,8,72.82899999984733,5.92970000434434,2072.103900005459,7543.0
1782346837,2,,Aggregated,0.600000,0.000000,8,15,22,23,30,43,2000,2100,2100,2100,2100,69,0,8,72.82899999984733,5.92970000434434,2072.103900005459,7543.0
1782346838,2,,Aggregated,0.600000,0.000000,8,15,22,23,30,43,2000,2100,2100,2100,2100,70,0,8,71.88532428554026,5.92970000434434,2072.103900005459,7519.028571428571
1782346839,2,,Aggregated,0.600000,0.000000,8,15,22,23,28,43,2000,2100,2100,2100,2100,71,0,8,71.24149577440464,5.92970000434434,2072.103900005459,7561.0
1782346840,2,,Aggregated,0.600000,0.000000,8,15,22,23,28,43,2000,2100,2100,2100,2100,71,0,8,71.24149577440464,5.92970000434434,2072.103900005459,7561.0
1782346841,2,,Aggregated,0.700000,0.000000,8,15,22,23,28,43,2000,2100,2100,2100,2100,72,0,8,70.38171111081384,5.92970000434434,2072.103900005459,7537.444444444444
1782346842,2,,Aggregated,0.700000,0.000000,8,15,22,23,28,43,2000,2100,2100,2100,2100,73,0,8,69.58504657505067,5.92970000434434,2072.103900005459,7578.013698630137
1782346843,2,,Aggregated,0.700000,0.000000,8,15,22,23,28,43,2000,2100,2100,2100,2100,73,0,8,69.58504657505067,5.92970000434434,2072.103900005459,7578.013698630137
1782346844,2,,Aggregated,0.700000,0.000000,8,15,22,23,28,43,2000,2100,2100,2100,2100,73,0,8,69.58504657505067,5.92970000434434,2072.103900005459,7578.013698630137
1782346845,2,,Aggregated,0.700000,0.000000,8,15,22,23,28,43,2000,2100,2100,2100,2100,73,0,8,69.58504657505067,5.92970000434434,2072.103900005459,7578.013698630137
1782346846,2,,Aggregated,0.600000,0.000000,9,15,22,24,30,51,2000,2100,2100,2100,2100,75,0,9,68.59130666639733,5.92970000434434,2072.103900005459,7655.906666666667
1782346847,2,,Aggregated,0.600000,0.000000,9,15,22,24,30,51,2000,2100,2100,2100,2100,75,0,9,68.59130666639733,5.92970000434434,2072.103900005459,7655.906666666667
1782346848,2,,Aggregated,0.600000,0.000000,9,15,22,23,30,51,2000,2100,2100,2100,2100,76,0,8,67.76550394715741,5.830300004163291,2072.103900005459,7632.3421052631575
1782346849,2,,Aggregated,0.600000,0.000000,9,13,22,23,30,51,2000,2100,2100,2100,2100,77,0,9,67.04199090887272,5.830300004163291,2072.103900005459,7669.571428571428
1782346850,2,,Aggregated,0.600000,0.000000,9,13,22,23,30,51,2000,2100,2100,2100,2100,77,0,9,67.04199090887272,5.830300004163291,2072.103900005459,7669.571428571428
1782346851,2,,Aggregated,0.500000,0.000000,9,13,22,23,30,51,2000,2100,2100,2100,2100,78,0,8,66.25629871772477,5.757999999332242,2072.103900005459,7646.4358974358975
1782346852,2,,Aggregated,0.600000,0.000000,9,15,22,24,30,51,2000,2100,2100,2100,2100,79,0,9,65.72896075927538,5.757999999332242,2072.103900005459,7682.544303797468
1782346853,2,,Aggregated,0.600000,0.000000,9,15,22,24,30,51,2000,2100,2100,2100,2100,80,0,9,65.08935124984419,5.757999999332242,2072.103900005459,7717.75
1782346854,2,,Aggregated,0.600000,0.000000,9,15,22,24,30,51,2000,2100,2100,2100,2100,80,0,9,65.08935124984419,5.757999999332242,2072.103900005459,7717.75
1782346855,2,,Aggregated,0.600000,0.000000,9,15,22,24,30,51,2000,2100,2100,2100,2100,80,0,9,65.08935124984419,5.757999999332242,2072.103900005459,7717.75
1782346856,2,,Aggregated,0.600000,0.000000,9,15,22,24,29,43,2000,2100,2100,2100,2100,82,0,9,63.93354634130402,5.757999999332242,2072.103900005459,7729.073170731707
1782346857,2,,Aggregated,0.600000,0.000000,9,15,22,24,29,43,2000,2100,2100,2100,2100,82,0,9,63.93354634130402,5.757999999332242,2072.103900005459,7729.073170731707
1782346858,2,,Aggregated,0.600000,0.000000,9,15,22,24,29,43,2000,2100,2100,2100,2100,82,0,9,63.93354634130402,5.757999999332242,2072.103900005459,7729.073170731707
1782346859,2,,Aggregated,0.600000,0.000000,9,15,22,24,29,43,2000,2100,2100,2100,2100,82,0,9,63.93354634130402,5.757999999332242,2072.103900005459,7729.073170731707
1782346860,2,,Aggregated,0.700000,0.000000,9,15,23,24,29,43,2000,2100,2100,2100,2100,84,0,9,62.91171547595046,5.757999999332242,2072.103900005459,7795.023809523809
1782346861,2,,Aggregated,0.700000,0.000000,9,15,23,24,29,43,2000,2100,2100,2100,2100,84,0,9,62.91171547595046,5.757999999332242,2072.103900005459,7795.023809523809
1782346862,2,,Aggregated,0.700000,0.000000,9,15,23,24,29,43,2000,2100,2100,2100,2100,84,0,9,62.91171547595046,5.757999999332242,2072.103900005459,7795.023809523809
1782346863,2,,Aggregated,0.700000,0.000000,9,15,22,24,29,43,2000,2100,2100,2100,2100,85,0,9,62.40774352918379,5.757999999332242,2072.103900005459,7826.835294117647
1782346864,2,,Aggregated,0.600000,0.000000,9,15,22,24,29,43,2000,2100,2100,2100,2100,86,0,9,61.772694185831,5.757999999332242,2072.103900005459,7794.976744186047
1782346865,2,,Aggregated,0.600000,0.000000,9,15,22,24,29,43,2000,2100,2100,2100,2100,86,0,9,61.772694185831,5.757999999332242,2072.103900005459,7794.976744186047
1782346866,2,,Aggregated,0.600000,0.000000,9,15,22,24,29,43,2000,2100,2100,2100,2100,86,0,9,61.772694185831,5.757999999332242,2072.103900005459,7794.976744186047
1782346867,2,,Aggregated,0.500000,0.000000,9,15,22,24,29,43,2000,2100,2100,2100,2100,87,0,9,61.12899655147038,5.757999999332242,2072.103900005459,7772.793103448276
1782346868,2,,Aggregated,0.500000,0.000000,9,15,22,24,29,43,2000,2100,2100,2100,2100,87,0,9,61.12899655147038,5.757999999332242,2072.103900005459,7772.793103448276
1782346869,2,,Aggregated,0.400000,0.000000,9,15,23,24,29,43,2000,2100,2100,2100,2100,88,0,9,60.696829545205134,5.757999999332242,2072.103900005459,7803.772727272727
1782346870,2,,Aggregated,0.500000,0.000000,9,15,22,24,29,43,2000,2100,2100,2100,2100,89,0,9,60.17658089858537,5.757999999332242,2072.103900005459,7834.056179775281
1782346871,2,,Aggregated,0.500000,0.000000,9,15,22,24,29,43,2000,2100,2100,2100,2100,89,0,9,60.17658089858537,5.757999999332242,2072.103900005459,7834.056179775281
1782346872,2,,Aggregated,0.400000,0.000000,9,15,22,24,29,43,2000,2100,2100,2100,2100,90,0,9,59.649729999768574,5.757999999332242,2072.103900005459,7863.666666666667
1782346873,2,,Aggregated,0.400000,0.000000,9,15,22,23,28,43,2000,2100,2100,2100,2100,91,0,9,59.061368131641665,5.757999999332242,2072.103900005459,7841.7032967032965
1782346874,2,,Aggregated,0.500000,0.000000,9,15,22,23,28,43,2000,2100,2100,2100,2100,92,0,9,58.51963478238284,5.757999999332242,2072.103900005459,7820.217391304348
1782346875,2,,Aggregated,0.500000,0.000000,9,15,22,23,28,43,2000,2100,2100,2100,2100,92,0,9,58.51963478238284,5.757999999332242,2072.103900005459,7820.217391304348
1782346876,2,,Aggregated,0.500000,0.000000,9,15,22,23,28,43,2000,2100,2100,2100,2100,92,0,9,58.51963478238284,5.757999999332242,2072.103900005459,7820.217391304348
1782346877,2,,Aggregated,0.600000,0.000000,9,15,22,24,29,43,2000,2100,2100,2100,2100,93,0,9,58.273911827728305,5.757999999332242,2072.103900005459,7849.021505376344
1782346878,2,,Aggregated,0.600000,0.000000,9,15,22,24,29,43,2000,2100,2100,2100,2100,93,0,9,58.273911827728305,5.757999999332242,2072.103900005459,7849.021505376344
1782346879,2,,Aggregated,0.500000,0.000000,9,15,22,24,29,43,2000,2100,2100,2100,2100,95,0,9,57.20151052603461,5.757999999332242,2072.103900005459,7799.063157894737
1782346880,2,,Aggregated,0.500000,0.000000,9,15,22,24,29,43,2000,2100,2100,2100,2100,95,0,9,57.20151052603461,5.757999999332242,2072.103900005459,7799.063157894737
1782346881,2,,Aggregated,0.500000,0.000000,9,15,22,24,29,43,2000,2100,2100,2100,2100,95,0,9,57.20151052603461,5.757999999332242,2072.103900005459,7799.063157894737
1782346882,2,,Aggregated,0.600000,0.000000,9,15,23,24,29,43,2000,2100,2100,2100,2100,96,0,9,56.85517499970653,5.757999999332242,2072.103900005459,7827.1875
1782346883,2,,Aggregated,0.600000,0.000000,9,15,22,24,29,43,2000,2100,2100,2100,2100,97,0,9,56.33951237084063,5.757999999332242,2072.103900005459,7806.958762886598
1782346884,2,,Aggregated,0.700000,0.000000,9,15,22,24,29,43,2000,2100,2100,2100,2100,98,0,9,55.83786224459039,5.757999999332242,2072.103900005459,7779.2040816326535
1782346885,2,,Aggregated,0.700000,0.000000,9,15,22,24,29,43,2000,2100,2100,2100,2100,98,0,9,55.83786224459039,5.757999999332242,2072.103900005459,7779.2040816326535
1782346886,2,,Aggregated,0.500000,0.000000,9,15,22,24,29,43,2000,2100,2100,2100,2100,99,0,9,55.40593333305401,5.757999999332242,2072.103900005459,7806.676767676768
1782346887,2,,Aggregated,0.500000,0.000000,9,15,22,24,29,43,2000,2100,2100,2100,2100,99,0,9,55.40593333305401,5.757999999332242,2072.103900005459,7806.676767676768
1782346888,2,,Aggregated,0.600000,0.000000,9,15,22,24,29,43,2000,2100,2100,2100,2100,100,0,9,54.917722999744,5.757999999332242,2072.103900005459,7787.26
1782346889,2,,Aggregated,0.600000,0.000000,9,15,22,24,29,43,2000,2100,2100,2100,2100,100,0,9,54.917722999744,5.757999999332242,2072.103900005459,7787.26
1782346890,2,,Aggregated,0.700000,0.000000,9,15,22,23,28,36,57,2000,2100,2100,2100,101,0,9,54.44157029677005,5.757999999332242,2072.103900005459,7768.227722772277
1782346891,2,,Aggregated,0.700000,0.000000,9,15,22,23,28,36,57,2000,2100,2100,2100,102,0,9,53.97948039193152,5.757999999332242,2072.103900005459,7749.568627450981
1782346892,2,,Aggregated,0.700000,0.000000,9,15,22,23,28,36,57,2000,2100,2100,2100,102,0,9,53.97948039193152,5.757999999332242,2072.103900005459,7749.568627450981
1782346893,2,,Aggregated,0.700000,0.000000,9,14,22,23,28,36,57,2000,2100,2100,2100,103,0,9,53.530298058071864,5.757999999332242,2072.103900005459,7723.718446601942
1782346894,2,,Aggregated,0.700000,0.000000,9,14,22,23,28,36,57,2000,2100,2100,2100,103,0,9,53.530298058071864,5.757999999332242,2072.103900005459,7723.718446601942
1782346895,2,,Aggregated,0.600000,0.000000,9,15,22,24,28,36,57,2000,2100,2100,2100,105,0,9,52.80843333319007,5.757999999332242,2072.103900005459,7732.447619047619
1782346896,2,,Aggregated,0.600000,0.000000,9,15,22,24,28,36,57,2000,2100,2100,2100,105,0,9,52.80843333319007,5.757999999332242,2072.103900005459,7732.447619047619
1782346897,2,,Aggregated,0.600000,0.000000,9,15,22,24,28,36,57,2000,2100,2100,2100,105,0,9,52.80843333319007,5.757999999332242,2072.103900005459,7732.447619047619
1782346898,2,,Aggregated,0.600000,0.000000,8,14,22,23,28,36,57,2000,2100,2100,2100,107,0,8,51.94354485967914,5.757999999332242,2072.103900005459,7683.0
1782346899,2,,Aggregated,0.600000,0.000000,8,14,22,23,28,36,57,2000,2100,2100,2100,107,0,8,51.94354485967914,5.757999999332242,2072.103900005459,7683.0
1782346900,2,,Aggregated,0.600000,0.000000,8,14,22,23,28,36,57,2000,2100,2100,2100,107,0,8,51.94354485967914,5.757999999332242,2072.103900005459,7683.0
1782346901,2,,Aggregated,0.600000,0.000000,8,14,22,23,28,36,57,2000,2100,2100,2100,107,0,8,51.94354485967914,5.757999999332242,2072.103900005459,7683.0
1782346902,2,,Aggregated,0.600000,0.000000,8,14,22,24,29,36,57,2000,2100,2100,2100,109,0,8,51.3464330274098,5.757999999332242,2072.103900005459,7692.155963302752
1782346903,2,,Aggregated,0.600000,0.000000,8,14,22,24,29,36,57,2000,2100,2100,2100,109,0,8,51.3464330274098,5.757999999332242,2072.103900005459,7692.155963302752
1782346904,2,,Aggregated,0.500000,0.000000,8,14,22,24,29,36,57,2000,2100,2100,2100,110,0,8,50.93671545440554,5.757999999332242,2072.103900005459,7675.545454545455
1782346905,2,,Aggregated,0.500000,0.000000,8,14,22,24,29,36,57,2000,2100,2100,2100,110,0,8,50.93671545440554,5.757999999332242,2072.103900005459,7675.545454545455
1782346906,2,,Aggregated,0.600000,0.000000,8,14,22,23,28,36,57,2000,2100,2100,2100,111,0,8,50.53243693678802,5.757999999332242,2072.103900005459,7659.2342342342345
1782346907,2,,Aggregated,0.600000,0.000000,8,14,22,23,28,36,57,2000,2100,2100,2100,111,0,8,50.53243693678802,5.757999999332242,2072.103900005459,7659.2342342342345
1782346908,2,,Aggregated,0.500000,0.000000,8,14,22,23,28,36,57,2000,2100,2100,2100,112,0,8,50.276121428396436,5.757999999332242,2072.103900005459,7684.589285714285
1782346909,2,,Aggregated,0.600000,0.000000,8,14,22,23,28,36,57,2000,2100,2100,2100,113,0,8,49.89780530953456,5.757999999332242,2072.103900005459,7661.601769911505
1782346910,2,,Aggregated,0.600000,0.000000,8,14,22,23,28,36,57,2000,2100,2100,2100,113,0,8,49.89780530953456,5.757999999332242,2072.103900005459,7661.601769911505
1782346911,2,,Aggregated,0.600000,0.000000,8,14,22,23,28,36,57,2000,2100,2100,2100,114,0,8,49.55828421033833,5.757999999332242,2072.103900005459,7686.491228070176
1782346912,2,,Aggregated,0.600000,0.000000,8,13,22,23,28,36,57,2000,2100,2100,2100,115,0,8,49.190626956292164,5.757999999332242,2072.103900005459,7663.886956521739
1782346913,2,,Aggregated,0.700000,0.000000,8,14,22,23,29,40,57,2000,2100,2100,2100,116,0,8,49.10732499975611,5.757999999332242,2072.103900005459,7688.327586206897
1782346914,2,,Aggregated,0.700000,0.000000,8,14,22,23,29,40,57,2000,2100,2100,2100,116,0,8,49.10732499975611,5.757999999332242,2072.103900005459,7688.327586206897
1782346915,2,,Aggregated,0.600000,0.000000,8,14,22,23,29,40,57,2000,2100,2100,2100,117,0,8,48.80024871768273,5.757999999332242,2072.103900005459,7712.350427350428
1782346916,2,,Aggregated,0.600000,0.000000,8,13,22,23,29,40,57,2000,2100,2100,2100,118,0,8,48.43718898275441,5.757999999332242,2072.103900005459,7696.6949152542375
1782346917,2,,Aggregated,0.600000,0.000000,8,13,22,23,29,40,57,2000,2100,2100,2100,118,0,8,48.43718898275441,5.757999999332242,2072.103900005459,7696.6949152542375
1782346918,2,,Aggregated,0.600000,0.000000,8,13,22,23,29,40,57,2000,2100,2100,2100,118,0,8,48.43718898275441,5.757999999332242,2072.103900005459,7696.6949152542375
1782346919,2,,Aggregated,0.700000,0.000000,8,13,22,23,29,40,57,2000,2100,2100,2100,120,0,8,47.75608999965092,5.757999999332242,2072.103900005459,7666.166666666667
1782346920,2,,Aggregated,0.700000,0.000000,8,13,22,23,29,40,57,2000,2100,2100,2100,120,0,8,47.75608999965092,5.757999999332242,2072.103900005459,7666.166666666667
1782346921,2,,Aggregated,0.600000,0.000000,8,13,20,23,28,36,57,2000,2100,2100,2100,121,0,8,47.422326445913384,5.757999999332242,2072.103900005459,7651.280991735537
1782346922,2,,Aggregated,0.600000,0.000000,8,13,20,23,28,36,57,2000,2100,2100,2100,121,0,8,47.422326445913384,5.757999999332242,2072.103900005459,7651.280991735537
1782346923,2,,Aggregated,0.600000,0.000000,8,13,20,23,28,36,57,2000,2100,2100,2100,122,0,8,47.091568032407,5.757999999332242,2072.103900005459,7630.262295081967
1782346924,2,,Aggregated,0.600000,0.000000,8,13,20,23,28,36,57,2000,2100,2100,2100,122,0,8,47.091568032407,5.757999999332242,2072.103900005459,7630.262295081967
1782346925,2,,Aggregated,0.600000,0.000000,8,13,20,23,28,36,57,2000,2100,2100,2100,123,0,8,46.76069512161638,5.757999999332242,2072.103900005459,7615.910569105691
1782346926,2,,Aggregated,0.600000,0.000000,8,13,20,23,28,36,57,2000,2100,2100,2100,123,0,8,46.76069512161638,5.757999999332242,2072.103900005459,7615.910569105691
1782346927,2,,Aggregated,0.600000,0.000000,8,13,20,23,28,36,57,2000,2100,2100,2100,123,0,8,46.76069512161638,5.757999999332242,2072.103900005459,7615.910569105691
1782346928,2,,Aggregated,0.500000,0.000000,8,13,22,23,28,36,57,2000,2100,2100,2100,124,0,8,46.560098386767244,5.757999999332242,2072.103900005459,7639.1612903225805
1782346929,2,,Aggregated,0.500000,0.000000,8,13,22,23,28,36,57,2000,2100,2100,2100,124,0,8,46.560098386767244,5.757999999332242,2072.103900005459,7639.1612903225805
1782346930,2,,Aggregated,0.500000,0.000000,8,13,20,23,28,36,57,2000,2100,2100,2100,125,0,8,46.257785599678755,5.757999999332242,2072.103900005459,7618.744
1782346931,2,,Aggregated,0.500000,0.000000,8,13,20,23,28,36,57,2000,2100,2100,2100,125,0,8,46.257785599678755,5.757999999332242,2072.103900005459,7618.744
1782346932,2,,Aggregated,0.500000,0.000000,8,13,20,23,28,36,57,2000,2100,2100,2100,126,0,8,45.97959365047346,5.757999999332242,2072.103900005459,7641.603174603175
1782346933,2,,Aggregated,0.500000,0.000000,8,13,20,23,28,36,57,2000,2100,2100,2100,126,0,8,45.97959365047346,5.757999999332242,2072.103900005459,7641.603174603175
1782346934,2,,Aggregated,0.400000,0.000000,8,13,20,23,28,36,57,2000,2100,2100,2100,127,0,8,45.672508661131516,5.757999999332242,2072.103900005459,7621.488188976378
1782346935,2,,Aggregated,0.500000,0.000000,8,13,20,23,28,36,57,2000,2100,2100,2100,128,0,8,45.367479687229206,5.757999999332242,2072.103900005459,7607.765625
1782346936,2,,Aggregated,0.500000,0.000000,8,13,20,23,28,36,57,2000,2100,2100,2100,128,0,8,45.367479687229206,5.757999999332242,2072.103900005459,7607.765625
1782346937,2,,Aggregated,0.500000,0.000000,8,13,20,23,28,36,57,2000,2100,2100,2100,129,0,8,45.064311627638816,5.757999999332242,2072.103900005459,7594.2558139534885
1782346938,2,,Aggregated,0.500000,0.000000,8,13,20,23,28,36,57,2000,2100,2100,2100,129,0,8,45.064311627638816,5.757999999332242,2072.103900005459,7594.2558139534885
1782346939,2,,Aggregated,0.500000,0.000000,8,13,20,23,28,36,57,2000,2100,2100,2100,129,0,8,45.064311627638816,5.757999999332242,2072.103900005459,7594.2558139534885
1782346940,2,,Aggregated,0.600000,0.000000,8,13,20,23,28,36,57,2000,2100,2100,2100,131,0,8,44.5983557249726,5.757999999332242,2072.103900005459,7603.229007633588
1782346941,2,,Aggregated,0.600000,0.000000,8,13,20,23,28,36,57,2000,2100,2100,2100,131,0,8,44.5983557249726,5.757999999332242,2072.103900005459,7603.229007633588
1782346942,2,,Aggregated,0.600000,0.000000,8,13,20,23,28,36,57,2000,2100,2100,2100,131,0,8,44.5983557249726,5.757999999332242,2072.103900005459,7603.229007633588
1782346943,2,,Aggregated,0.600000,0.000000,8,13,20,23,28,36,57,2000,2100,2100,2100,132,0,8,44.31481969676855,5.757999999332242,2072.103900005459,7584.166666666667
1782346944,2,,Aggregated,0.600000,0.000000,8,13,20,23,28,36,57,2000,2100,2100,2100,133,0,8,44.074557894487214,5.757999999332242,2072.103900005459,7606.082706766917
1782346945,2,,Aggregated,0.500000,0.000000,8,13,20,23,28,36,57,2000,2100,2100,2100,134,0,8,43.79077238784825,5.757999999332242,2072.103900005459,7593.089552238806
1782346947,2,,Aggregated,0.600000,0.000000,8,13,20,23,28,36,57,2000,2100,2100,2100,135,0,8,43.51399999981772,5.757999999332242,2072.103900005459,7580.288888888889
1782346948,2,,Aggregated,0.600000,0.000000,8,13,20,23,28,36,57,2000,2100,2100,2100,135,0,8,43.51399999981772,5.757999999332242,2072.103900005459,7580.288888888889
1782346949,2,,Aggregated,0.600000,0.000000,8,13,20,23,28,36,57,2000,2100,2100,2100,137,0,8,43.09601824801589,5.757999999332242,2072.103900005459,7583.394160583942
1782346950,2,,Aggregated,0.600000,0.000000,8,13,20,23,28,36,57,2000,2100,2100,2100,137,0,8,43.09601824801589,5.757999999332242,2072.103900005459,7583.394160583942
1782346951,2,,Aggregated,0.600000,0.000000,8,13,20,23,28,36,57,2000,2100,2100,2100,137,0,8,43.09601824801589,5.757999999332242,2072.103900005459,7583.394160583942
1782346952,2,,Aggregated,0.600000,0.000000,8,13,20,23,28,36,57,2000,2100,2100,2100,137,0,8,43.09601824801589,5.757999999332242,2072.103900005459,7583.394160583942
1782346953,2,,Aggregated,0.800000,0.000000,8,13,20,23,28,36,57,2000,2100,2100,2100,139,0,8,42.64342230202365,5.757999999332242,2072.103900005459,7586.410071942446
1782346954,2,,Aggregated,0.800000,0.000000,8,13,20,23,28,36,57,2000,2100,2100,2100,139,0,8,42.64342230202365,5.757999999332242,2072.103900005459,7586.410071942446
1782346955,2,,Aggregated,0.800000,0.000000,8,13,20,23,28,36,57,2000,2100,2100,2100,139,0,8,42.64342230202365,5.757999999332242,2072.103900005459,7586.410071942446
1782346956,2,,Aggregated,0.700000,0.000000,8,13,20,23,28,36,57,2000,2100,2100,2100,140,0,8,42.492204285580165,5.757999999332242,2072.103900005459,7607.214285714285
1782346957,2,,Aggregated,0.700000,0.000000,8,13,20,22,27,33,57,2000,2100,2100,2100,141,0,8,42.233723404108055,5.757999999332242,2072.103900005459,7589.340425531915
1782346958,2,,Aggregated,0.700000,0.000000,8,13,20,22,27,33,57,2000,2100,2100,2100,141,0,8,42.233723404108055,5.757999999332242,2072.103900005459,7589.340425531915
1782346959,2,,Aggregated,0.700000,0.000000,8,13,20,22,27,33,57,2000,2100,2100,2100,141,0,8,42.233723404108055,5.757999999332242,2072.103900005459,7589.340425531915
1782346960,2,,Aggregated,0.600000,0.000000,8,13,20,23,27,33,57,2000,2100,2100,2100,143,0,8,41.9290559439105,5.757999999332242,2072.103900005459,7630.034965034965
1782346961,2,,Aggregated,0.600000,0.000000,8,13,20,23,27,33,57,2000,2100,2100,2100,143,0,8,41.9290559439105,5.757999999332242,2072.103900005459,7630.034965034965
1782346962,2,,Aggregated,0.600000,0.000000,8,13,20,23,27,33,57,2000,2100,2100,2100,143,0,8,41.9290559439105,5.757999999332242,2072.103900005459,7630.034965034965
1782346963,2,,Aggregated,0.500000,0.000000,8,13,20,23,27,33,57,2000,2100,2100,2100,145,0,8,41.65229931020114,5.757999999332242,2072.103900005459,7669.606896551724
1782346964,2,,Aggregated,0.500000,0.000000,8,13,20,23,27,33,57,2000,2100,2100,2100,145,0,8,41.65229931020114,5.757999999332242,2072.103900005459,7669.606896551724
1782346965,2,,Aggregated,0.600000,0.000000,8,13,20,23,27,33,57,2000,2100,2100,2100,146,0,8,41.418395890241925,5.757999999332242,2072.103900005459,7657.246575342466
1782346966,2,,Aggregated,0.600000,0.000000,8,13,20,23,27,33,57,2000,2100,2100,2100,146,0,8,41.418395890241925,5.757999999332242,2072.103900005459,7657.246575342466
1782346967,2,,Aggregated,0.600000,0.000000,8,14,21,23,27,33,57,2000,2100,2100,2100,147,0,8,41.28864557805216,5.757999999332242,2072.103900005459,7676.578231292517
1782346968,2,,Aggregated,0.600000,0.000000,8,14,21,23,27,33,57,2000,2100,2100,2100,147,0,8,41.28864557805216,5.757999999332242,2072.103900005459,7676.578231292517
1782346969,2,,Aggregated,0.600000,0.000000,8,14,21,23,27,33,57,2000,2100,2100,2100,147,0,8,41.28864557805216,5.757999999332242,2072.103900005459,7676.578231292517
1782346970,2,,Aggregated,0.600000,0.000000,8,13,20,23,27,33,57,2000,2100,2100,2100,149,0,8,40.83301610720223,5.757999999332242,2072.103900005459,7647.040268456376
1782346971,2,,Aggregated,0.600000,0.000000,8,13,20,23,27,33,57,2000,2100,2100,2100,149,0,8,40.83301610720223,5.757999999332242,2072.103900005459,7647.040268456376
1782346972,2,,Aggregated,0.600000,0.000000,8,13,20,23,27,33,57,2000,2100,2100,2100,149,0,8,40.83301610720223,5.757999999332242,2072.103900005459,7647.040268456376
1782346973,2,,Aggregated,0.600000,0.000000,8,13,20,23,27,33,57,2000,2100,2100,2100,149,0,8,40.83301610720223,5.757999999332242,2072.103900005459,7647.040268456376
1782346974,2,,Aggregated,0.600000,0.000000,8,13,21,23,27,33,51,2000,2100,2100,2100,151,0,8,40.505509271358896,5.757999999332242,2072.103900005459,7648.973509933775
1782346975,2,,Aggregated,0.600000,0.000000,8,13,21,23,27,33,51,2000,2100,2100,2100,151,0,8,40.505509271358896,5.757999999332242,2072.103900005459,7648.973509933775
1782346976,2,,Aggregated,0.600000,0.000000,8,13,21,23,27,33,51,2000,2100,2100,2100,151,0,8,40.505509271358896,5.757999999332242,2072.103900005459,7648.973509933775
1782346977,2,,Aggregated,0.600000,0.000000,8,13,21,23,27,33,51,2000,2100,2100,2100,151,0,8,40.505509271358896,5.757999999332242,2072.103900005459,7648.973509933775
1782346978,2,,Aggregated,0.500000,0.000000,8,13,20,23,27,33,51,2000,2100,2100,2100,153,0,8,40.101826797230736,5.757999999332242,2072.103900005459,7655.941176470588
1782346979,2,,Aggregated,0.500000,0.000000,8,13,20,23,27,33,51,2000,2100,2100,2100,153,0,8,40.101826797230736,5.757999999332242,2072.103900005459,7655.941176470588
1782346980,2,,Aggregated,0.500000,0.000000,8,13,21,23,27,33,51,2000,2100,2100,2100,154,0,8,40.00780584403826,5.757999999332242,2072.103900005459,7674.402597402597
1782346981,2,,Aggregated,0.500000,0.000000,8,13,21,23,27,33,51,2000,2100,2100,2100,154,0,8,40.00780584403826,5.757999999332242,2072.103900005459,7674.402597402597
1782346982,2,,Aggregated,0.600000,0.000000,8,13,21,23,27,33,51,2000,2100,2100,2100,155,0,8,39.832189032101944,5.757999999332242,2072.103900005459,7692.625806451613
1782346983,2,,Aggregated,0.600000,0.000000,8,13,21,23,27,33,51,2000,2100,2100,2100,155,0,8,39.832189032101944,5.757999999332242,2072.103900005459,7692.625806451613
1782346984,2,,Aggregated,0.500000,0.000000,9,13,21,23,27,33,51,2000,2100,2100,2100,156,0,8,39.65991474340113,5.757999999332242,2072.103900005459,7710.615384615385
1782346985,2,,Aggregated,0.600000,0.000000,9,13,21,23,27,33,51,2000,2100,2100,2100,157,0,9,39.58680063676479,5.757999999332242,2072.103900005459,7728.375796178344
1782346986,2,,Aggregated,0.600000,0.000000,9,13,21,23,27,33,51,2000,2100,2100,2100,158,0,8,39.380258860615825,5.757999999332242,2072.103900005459,7711.658227848101
1782346987,2,,Aggregated,0.600000,0.000000,9,13,21,23,27,33,51,2000,2100,2100,2100,158,0,8,39.380258860615825,5.757999999332242,2072.103900005459,7711.658227848101
1782346988,2,,Aggregated,0.600000,0.000000,8,13,21,23,27,33,51,2000,2100,2100,2100,159,0,8,39.174831446390904,5.757999999332242,2072.103900005459,7700.044025157233
1782346989,2,,Aggregated,0.700000,0.000000,9,13,22,23,27,33,51,2000,2100,2100,2100,160,0,8,39.10058874985225,5.757999999332242,2072.103900005459,7717.5375
1782346990,2,,Aggregated,0.700000,0.000000,8,13,21,23,27,32,51,2000,2100,2100,2100,161,0,8,38.89374347812726,5.757999999332242,2072.103900005459,7706.031055900621
1782346991,2,,Aggregated,0.700000,0.000000,8,13,21,23,27,32,51,2000,2100,2100,2100,161,0,8,38.89374347812726,5.757999999332242,2072.103900005459,7706.031055900621
1782346992,2,,Aggregated,0.700000,0.000000,8,13,21,23,27,32,51,2000,2100,2100,2100,161,0,8,38.89374347812726,5.757999999332242,2072.103900005459,7706.031055900621
1782346993,2,,Aggregated,0.700000,0.000000,8,13,21,23,27,32,51,2000,2100,2100,2100,161,0,8,38.89374347812726,5.757999999332242,2072.103900005459,7706.031055900621
1782346994,2,,Aggregated,0.600000,0.000000,9,13,22,23,27,32,51,2000,2100,2100,2100,163,0,9,38.657454601080126,5.757999999332242,2072.103900005459,7711.871165644172
1782346995,2,,Aggregated,0.600000,0.000000,9,13,22,23,27,32,51,2000,2100,2100,2100,163,0,9,38.657454601080126,5.757999999332242,2072.103900005459,7711.871165644172
1782346996,2,,Aggregated,0.600000,0.000000,9,13,22,23,27,32,51,2000,2100,2100,2100,163,0,9,38.657454601080126,5.757999999332242,2072.103900005459,7711.871165644172
1782346997,2,,Aggregated,0.600000,0.000000,9,13,22,23,27,32,51,2000,2100,2100,2100,163,0,9,38.657454601080126,5.757999999332242,2072.103900005459,7711.871165644172
1782346998,2,,Aggregated,0.600000,0.000000,9,13,22,23,27,32,51,2000,2100,2100,2100,164,0,8,38.4649304876625,5.757999999332242,2072.103900005459,7700.609756097561
1782346999,2,,Aggregated,0.500000,0.000000,8,13,21,23,27,32,51,2000,2100,2100,2100,165,0,8,38.282638787694104,5.757999999332242,2072.103900005459,7684.769696969697
1782347000,2,,Aggregated,0.500000,0.000000,8,13,21,23,27,32,51,2000,2100,2100,2100,165,0,8,38.282638787694104,5.757999999332242,2072.103900005459,7684.769696969697
1782347001,2,,Aggregated,0.500000,0.000000,8,13,21,23,27,32,51,2000,2100,2100,2100,165,0,8,38.282638787694104,5.757999999332242,2072.103900005459,7684.769696969697
1782347002,2,,Aggregated,0.500000,0.000000,9,13,22,23,27,32,51,2000,2100,2100,2100,166,0,8,38.20255542152417,5.757999999332242,2072.103900005459,7701.722891566265
1782347003,2,,Aggregated,0.400000,0.000000,9,13,22,23,27,32,51,2000,2100,2100,2100,167,0,9,38.050460478897044,5.757999999332242,2072.103900005459,7718.473053892216
1782347004,2,,Aggregated,0.400000,0.000000,9,13,22,23,27,32,51,2000,2100,2100,2100,167,0,9,38.050460478897044,5.757999999332242,2072.103900005459,7718.473053892216
1782347005,2,,Aggregated,0.500000,0.000000,9,13,22,23,27,32,51,2000,2100,2100,2100,168,0,9,37.89442261889538,5.757999999332242,2072.103900005459,7735.023809523809
1782347006,2,,Aggregated,0.500000,0.000000,9,13,22,23,27,32,51,2000,2100,2100,2100,168,0,9,37.89442261889538,5.757999999332242,2072.103900005459,7735.023809523809
1782347007,2,,Aggregated,0.500000,0.000000,9,13,21,23,27,32,51,2000,2100,2100,2100,170,0,8,37.52245352931341,5.757999999332242,2072.103900005459,7713.023529411765
1782347008,2,,Aggregated,0.500000,0.000000,9,13,21,23,27,32,51,2000,2100,2100,2100,170,0,8,37.52245352931341,5.757999999332242,2072.103900005459,7713.023529411765
1782347009,2,,Aggregated,0.500000,0.000000,9,13,21,23,27,32,51,2000,2100,2100,2100,170,0,8,37.52245352931341,5.757999999332242,2072.103900005459,7713.023529411765
1782347010,2,,Aggregated,0.600000,0.000000,9,13,22,23,27,32,51,2000,2100,2100,2100,171,0,9,37.446709356601936,5.757999999332242,2072.103900005459,7729.315789473684
1782347011,2,,Aggregated,0.600000,0.000000,9,13,22,23,27,32,51,2000,2100,2100,2100,171,0,9,37.446709356601936,5.757999999332242,2072.103900005459,7729.315789473684
1782347012,2,,Aggregated,0.600000,0.000000,8,13,21,23,27,32,51,2000,2100,2100,2100,173,0,8,37.092231791833214,5.757999999332242,2072.103900005459,7698.768786127168
1782347013,2,,Aggregated,0.600000,0.000000,8,13,21,23,27,32,51,2000,2100,2100,2100,173,0,8,37.092231791833214,5.757999999332242,2072.103900005459,7698.768786127168
1782347014,2,,Aggregated,0.600000,0.000000,8,13,21,23,27,32,51,2000,2100,2100,2100,173,0,8,37.092231791833214,5.757999999332242,2072.103900005459,7698.768786127168
1782347015,2,,Aggregated,0.700000,0.000000,9,13,22,23,27,32,51,2000,2100,2100,2100,174,0,8,37.02039022981149,5.757999999332242,2072.103900005459,7714.862068965517
1782347016,2,,Aggregated,0.700000,0.000000,9,13,22,23,27,32,51,2000,2100,2100,2100,175,0,9,36.87377942850747,5.757999999332242,2072.103900005459,7730.771428571428
1782347017,2,,Aggregated,0.700000,0.000000,9,13,22,23,27,32,51,2000,2100,2100,2100,175,0,9,36.87377942850747,5.757999999332242,2072.103900005459,7730.771428571428
1782347018,2,,Aggregated,0.700000,0.000000,9,13,22,23,27,32,51,2000,2100,2100,2100,175,0,9,36.87377942850747,5.757999999332242,2072.103900005459,7730.771428571428
1782347019,2,,Aggregated,0.700000,0.000000,9,13,22,23,27,32,51,2000,2100,2100,2100,176,0,9,36.7359857954067,5.757999999332242,2072.103900005459,7746.5
1782347020,2,,Aggregated,0.500000,0.000000,9,13,21,23,27,32,51,2000,2100,2100,2100,177,0,9,36.568432768333594,5.757999999332242,2072.103900005459,7731.474576271186
1782347021,2,,Aggregated,0.500000,0.000000,9,13,21,23,27,32,51,2000,2100,2100,2100,177,0,9,36.568432768333594,5.757999999332242,2072.103900005459,7731.474576271186
1782347022,2,,Aggregated,0.500000,0.000000,9,13,21,23,27,32,51,2000,2100,2100,2100,177,0,9,36.568432768333594,5.757999999332242,2072.103900005459,7731.474576271186
1782347023,2,,Aggregated,0.600000,0.000000,9,13,21,23,27,32,51,2000,2100,2100,2100,179,0,9,36.346806703919384,5.757999999332242,2072.103900005459,7762.3966480446925
1782347024,2,,Aggregated,0.600000,0.000000,9,13,21,23,27,32,51,2000,2100,2100,2100,179,0,9,36.346806703919384,5.757999999332242,2072.103900005459,7762.3966480446925
1782347025,2,,Aggregated,0.600000,0.000000,9,13,21,23,27,32,51,2000,2100,2100,2100,179,0,9,36.346806703919384,5.757999999332242,2072.103900005459,7762.3966480446925
1782347026,2,,Aggregated,0.600000,0.000000,9,13,21,23,27,32,51,2000,2100,2100,2100,180,0,9,36.1870688889111,5.757999999332242,2072.103900005459,7751.855555555556
1782347027,2,,Aggregated,0.600000,0.000000,9,13,21,23,27,32,51,2000,2100,2100,2100,180,0,9,36.1870688889111,5.757999999332242,2072.103900005459,7751.855555555556
1782347028,2,,Aggregated,0.400000,0.000000,9,13,21,23,27,31,51,2000,2100,2100,2100,181,0,9,36.02445027627757,5.757999999332242,2072.103900005459,7737.132596685083
1782347029,2,,Aggregated,0.400000,0.000000,9,13,21,23,27,31,51,2000,2100,2100,2100,181,0,9,36.02445027627757,5.757999999332242,2072.103900005459,7737.132596685083
1782347030,2,,Aggregated,0.500000,0.000000,9,13,21,23,27,32,51,2000,2100,2100,2100,182,0,9,36.049645054955256,5.757999999332242,2072.103900005459,7752.307692307692
1782347031,2,,Aggregated,0.500000,0.000000,9,13,21,23,27,32,51,2000,2100,2100,2100,183,0,9,35.89047650273672,5.757999999332242,2072.103900005459,7741.994535519126
1782347032,2,,Aggregated,0.500000,0.000000,9,13,21,23,27,32,51,2000,2100,2100,2100,183,0,9,35.89047650273672,5.757999999332242,2072.103900005459,7741.994535519126
1782347033,2,,Aggregated,0.500000,0.000000,9,13,21,23,27,32,51,2000,2100,2100,2100,184,0,8,35.72853913042111,5.757999999332242,2072.103900005459,7727.565217391304
1782347034,2,,Aggregated,0.500000,0.000000,9,13,21,23,27,32,51,2000,2100,2100,2100,184,0,8,35.72853913042111,5.757999999332242,2072.103900005459,7727.565217391304
1782347035,2,,Aggregated,0.500000,0.000000,9,13,21,23,27,32,51,2000,2100,2100,2100,184,0,8,35.72853913042111,5.757999999332242,2072.103900005459,7727.565217391304
1782347036,2,,Aggregated,0.500000,0.000000,9,13,21,23,27,32,51,2000,2100,2100,2100,186,0,8,35.52137526882385,5.757999999332242,2072.103900005459,7728.268817204301
1782347037,2,,Aggregated,0.500000,0.000000,9,13,21,23,27,32,51,2000,2100,2100,2100,186,0,8,35.52137526882385,5.757999999332242,2072.103900005459,7728.268817204301
1782347038,2,,Aggregated,0.500000,0.000000,9,13,21,23,27,32,51,2000,2100,2100,2100,187,0,9,35.39232887703686,5.757999999332242,2072.103900005459,7743.085561497326
1782347039,2,,Aggregated,0.500000,0.000000,9,13,21,23,27,32,51,2000,2100,2100,2100,187,0,9,35.39232887703686,5.757999999332242,2072.103900005459,7743.085561497326
1782347040,2,,Aggregated,0.600000,0.000000,9,13,21,23,27,32,51,2000,2100,2100,2100,188,0,8,35.23925851066529,5.757999999332242,2072.103900005459,7728.95744680851
1782347041,2,,Aggregated,0.600000,0.000000,8,13,21,23,27,32,51,2000,2100,2100,2100,189,0,8,35.092042328046986,5.757999999332242,2072.103900005459,7719.0952380952385
1782347042,2,,Aggregated,0.600000,0.000000,8,13,21,23,27,32,51,2000,2100,2100,2100,189,0,8,35.092042328046986,5.757999999332242,2072.103900005459,7719.0952380952385
1782347043,2,,Aggregated,0.600000,0.000000,8,13,21,23,27,32,51,2000,2100,2100,2100,189,0,8,35.092042328046986,5.757999999332242,2072.103900005459,7719.0952380952385
1782347044,2,,Aggregated,0.600000,0.000000,8,13,21,23,27,32,51,2000,2100,2100,2100,190,0,8,34.93879315788754,5.757999999332242,2072.103900005459,7709.336842105263
1782347045,2,,Aggregated,0.500000,0.000000,8,13,21,23,27,32,51,2000,2100,2100,2100,191,0,8,34.79624712042491,5.757999999332242,2072.103900005459,7695.607329842932
1782347046,2,,Aggregated,0.500000,0.000000,8,13,21,23,27,32,51,2000,2100,2100,2100,191,0,8,34.79624712042491,5.757999999332242,2072.103900005459,7695.607329842932
1782347047,2,,Aggregated,0.500000,0.000000,8,13,21,23,27,32,51,2000,2100,2100,2100,191,0,8,34.79624712042491,5.757999999332242,2072.103900005459,7695.607329842932
1782347048,2,,Aggregated,0.700000,0.000000,8,13,21,23,27,32,51,2000,2100,2100,2100,192,0,8,34.645850000022925,5.757999999332242,2072.103900005459,7686.072916666667
1782347049,2,,Aggregated,0.500000,0.000000,8,13,20,23,27,32,51,2000,2100,2100,2100,193,0,8,34.51084559586549,5.757999999332242,2072.103900005459,7672.606217616581
1782347050,2,,Aggregated,0.500000,0.000000,8,13,20,23,27,32,51,2000,2100,2100,2100,193,0,8,34.51084559586549,5.757999999332242,2072.103900005459,7672.606217616581
1782347051,2,,Aggregated,0.500000,0.000000,8,13,20,23,27,32,51,2000,2100,2100,2100,193,0,8,34.51084559586549,5.757999999332242,2072.103900005459,7672.606217616581
1782347052,2,,Aggregated,0.500000,0.000000,8,13,21,23,27,33,51,2000,2100,2100,2100,194,0,8,34.50602319590524,5.757999999332242,2072.103900005459,7687.1752577319585
1782347053,2,,Aggregated,0.500000,0.000000,8,13,21,23,27,33,51,2000,2100,2100,2100,195,0,8,34.36063076925422,5.757999999332242,2072.103900005459,7677.830769230769
1782347054,2,,Aggregated,0.500000,0.000000,8,13,21,23,27,33,51,2000,2100,2100,2100,195,0,8,34.36063076925422,5.757999999332242,2072.103900005459,7677.830769230769
1782347055,2,,Aggregated,0.500000,0.000000,8,13,21,23,27,33,51,2000,2100,2100,2100,195,0,8,34.36063076925422,5.757999999332242,2072.103900005459,7677.830769230769
1782347056,2,,Aggregated,0.600000,0.000000,8,13,20,23,27,33,51,2000,2100,2100,2100,197,0,8,34.085563451806934,5.757999999332242,2072.103900005459,7651.527918781726
1782347057,2,,Aggregated,0.600000,0.000000,8,13,20,23,27,33,51,2000,2100,2100,2100,197,0,8,34.085563451806934,5.757999999332242,2072.103900005459,7651.527918781726
1782347058,2,,Aggregated,0.600000,0.000000,8,13,20,23,27,33,51,2000,2100,2100,2100,197,0,8,34.085563451806934,5.757999999332242,2072.103900005459,7651.527918781726
1782347059,2,,Aggregated,0.600000,0.000000,8,13,20,23,27,33,51,2000,2100,2100,2100,197,0,8,34.085563451806934,5.757999999332242,2072.103900005459,7651.527918781726
1782347060,2,,Aggregated,0.600000,0.000000,8,13,21,23,27,33,51,2000,2100,2100,2100,199,0,8,33.89806231159434,5.757999999332242,2072.103900005459,7652.949748743718
1782347061,2,,Aggregated,0.600000,0.000000,8,13,21,23,27,33,51,2000,2100,2100,2100,199,0,8,33.89806231159434,5.757999999332242,2072.103900005459,7652.949748743718
1782347062,2,,Aggregated,0.400000,0.000000,8,13,21,23,27,33,51,2000,2100,2100,2100,200,0,8,33.78664900003059,5.757999999332242,2072.103900005459,7667.18
1782347064,2,,Aggregated,0.600000,0.000000,8,13,21,23,27,33,43,57,2100,2100,2100,201,0,8,33.81081144279101,5.757999999332242,2072.103900005459,7681.268656716418
1782347065,2,,Aggregated,0.600000,0.000000,8,13,21,23,27,33,43,57,2100,2100,2100,201,0,8,33.81081144279101,5.757999999332242,2072.103900005459,7681.268656716418
1782347066,2,,Aggregated,0.600000,0.000000,8,13,21,23,27,33,43,57,2100,2100,2100,202,0,8,33.76247722773391,5.757999999332242,2072.103900005459,7695.217821782178
1782347067,2,,Aggregated,0.600000,0.000000,8,13,21,23,27,33,43,57,2100,2100,2100,202,0,8,33.76247722773391,5.757999999332242,2072.103900005459,7695.217821782178
1782347068,2,,Aggregated,0.600000,0.000000,8,13,21,23,27,33,43,57,2100,2100,2100,203,0,8,33.63360098520554,5.757999999332242,2072.103900005459,7682.369458128079
1782347069,2,,Aggregated,0.600000,0.000000,8,13,21,23,27,33,43,57,2100,2100,2100,203,0,8,33.63360098520554,5.757999999332242,2072.103900005459,7682.369458128079
1782347070,2,,Aggregated,0.500000,0.000000,8,13,21,23,27,33,43,57,2100,2100,2100,205,0,8,33.4223907317032,5.757999999332242,2072.103900005459,7687.243902439024
1782347071,2,,Aggregated,0.500000,0.000000,8,13,21,23,27,33,43,57,2100,2100,2100,205,0,8,33.4223907317032,5.757999999332242,2072.103900005459,7687.243902439024
1782347072,2,,Aggregated,0.500000,0.000000,8,13,21,23,27,33,43,57,2100,2100,2100,205,0,8,33.4223907317032,5.757999999332242,2072.103900005459,7687.243902439024
1782347073,2,,Aggregated,0.500000,0.000000,8,13,21,23,27,33,43,57,2100,2100,2100,205,0,8,33.4223907317032,5.757999999332242,2072.103900005459,7687.243902439024
1782347074,2,,Aggregated,0.600000,0.000000,8,13,21,23,27,33,43,57,2100,2100,2100,207,0,8,33.16651449275427,5.757999999332242,2072.103900005459,7669.63768115942
1782347075,2,,Aggregated,0.600000,0.000000,8,13,21,23,27,33,43,57,2100,2100,2100,207,0,8,33.16651449275427,5.757999999332242,2072.103900005459,7669.63768115942
1782347076,2,,Aggregated,0.600000,0.000000,8,13,21,23,27,33,43,57,2100,2100,2100,207,0,8,33.16651449275427,5.757999999332242,2072.103900005459,7669.63768115942
1782347077,2,,Aggregated,0.600000,0.000000,8,13,21,23,27,33,43,57,2100,2100,2100,208,0,8,33.11428509613716,5.757999999332242,2072.103900005459,7683.240384615385
1782347078,2,,Aggregated,0.600000,0.000000,8,13,21,23,27,33,43,57,2100,2100,2100,208,0,8,33.11428509613716,5.757999999332242,2072.103900005459,7683.240384615385
1782347079,2,,Aggregated,0.500000,0.000000,8,13,21,23,27,33,43,57,2100,2100,2100,209,0,8,33.04056842104976,5.757999999332242,2072.103900005459,7696.712918660287
1782347080,2,,Aggregated,0.500000,0.000000,8,13,21,23,27,33,43,57,2100,2100,2100,209,0,8,33.04056842104976,5.757999999332242,2072.103900005459,7696.712918660287
1782347081,2,,Aggregated,0.500000,0.000000,8,13,21,23,27,33,43,57,2100,2100,2100,210,0,8,32.91526095237627,5.757999999332242,2072.103900005459,7687.990476190476
1782347082,2,,Aggregated,0.600000,0.000000,8,13,21,23,27,33,43,57,2100,2100,2100,211,0,8,32.79341232225104,5.757999999332242,2072.103900005459,7679.350710900474
1782347083,2,,Aggregated,0.400000,0.000000,8,13,21,23,27,33,43,57,2100,2100,2100,212,0,8,32.75561132074969,5.757999999332242,2072.103900005459,7692.6509433962265
1782347084,2,,Aggregated,0.500000,0.000000,8,13,21,23,27,33,43,57,2100,2100,2100,213,0,8,32.663864319253996,5.757999999332242,2072.103900005459,7705.826291079812
1782347085,2,,Aggregated,0.500000,0.000000,8,13,21,23,27,33,43,57,2100,2100,2100,213,0,8,32.663864319253996,5.757999999332242,2072.103900005459,7705.826291079812
1782347086,2,,Aggregated,0.600000,0.000000,8,13,21,23,27,33,43,57,2100,2100,2100,214,0,8,32.643098598136675,5.757999999332242,2072.103900005459,7718.878504672897
1782347087,2,,Aggregated,0.600000,0.000000,8,13,21,23,27,33,43,57,2100,2100,2100,215,0,8,32.523741395358904,5.757999999332242,2072.103900005459,7710.2558139534885
1782347088,2,,Aggregated,0.600000,0.000000,8,13,21,23,27,33,43,57,2100,2100,2100,215,0,8,32.523741395358904,5.757999999332242,2072.103900005459,7710.2558139534885
1782347089,2,,Aggregated,0.600000,0.000000,8,13,21,23,27,33,43,57,2100,2100,2100,216,0,8,32.40433564816932,5.757999999332242,2072.103900005459,7701.712962962963
1782347090,2,,Aggregated,0.600000,0.000000,8,13,21,23,27,33,43,57,2100,2100,2100,217,0,8,32.36037096775685,5.757999999332242,2072.103900005459,7714.6036866359445
1782347091,2,,Aggregated,0.600000,0.000000,8,13,21,23,27,33,43,57,2100,2100,2100,217,0,8,32.36037096775685,5.757999999332242,2072.103900005459,7714.6036866359445
1782347092,2,,Aggregated,0.600000,0.000000,8,13,21,23,27,33,43,57,2100,2100,2100,217,0,8,32.36037096775685,5.757999999332242,2072.103900005459,7714.6036866359445
1782347093,2,,Aggregated,0.700000,0.000000,8,13,21,23,27,33,43,57,2100,2100,2100,218,0,8,32.270681651392174,5.757999999332242,2072.103900005459,7727.376146788991
1782347094,2,,Aggregated,0.700000,0.000000,8,13,21,23,27,33,43,57,2100,2100,2100,218,0,8,32.270681651392174,5.757999999332242,2072.103900005459,7727.376146788991
1782347095,2,,Aggregated,0.600000,0.000000,8,13,22,23,27,33,43,57,2100,2100,2100,219,0,8,32.22589086761542,5.757999999332242,2072.103900005459,7740.03196347032
1782347096,2,,Aggregated,0.600000,0.000000,8,13,22,23,27,33,43,57,2100,2100,2100,219,0,8,32.22589086761542,5.757999999332242,2072.103900005459,7740.03196347032
1782347097,2,,Aggregated,0.600000,0.000000,8,13,22,23,27,33,43,57,2100,2100,2100,219,0,8,32.22589086761542,5.757999999332242,2072.103900005459,7740.03196347032
1782347098,2,,Aggregated,0.600000,0.000000,8,13,22,23,27,33,43,57,2100,2100,2100,220,0,8,32.10760818183189,5.757999999332242,2072.103900005459,7727.972727272727
1782347099,2,,Aggregated,0.600000,0.000000,8,13,22,23,27,33,43,57,2100,2100,2100,220,0,8,32.10760818183189,5.757999999332242,2072.103900005459,7727.972727272727
1782347100,2,,Aggregated,0.500000,0.000000,9,13,22,23,27,32,43,57,2100,2100,2100,222,0,8,32.00783558559697,5.757999999332242,2072.103900005459,7752.936936936937
1782347101,2,,Aggregated,0.500000,0.000000,9,13,22,23,27,32,43,57,2100,2100,2100,222,0,8,32.00783558559697,5.757999999332242,2072.103900005459,7752.936936936937
1782347102,2,,Aggregated,0.400000,0.000000,9,13,22,23,27,32,43,57,2100,2100,2100,223,0,9,31.950665919296547,5.757999999332242,2072.103900005459,7765.251121076233
1782347103,2,,Aggregated,0.400000,0.000000,9,13,22,23,27,32,43,57,2100,2100,2100,224,0,8,31.835911160734604,5.757999999332242,2072.103900005459,7756.767857142857
1782347104,2,,Aggregated,0.400000,0.000000,9,13,22,23,27,32,43,57,2100,2100,2100,224,0,8,31.835911160734604,5.757999999332242,2072.103900005459,7756.767857142857
1782347105,2,,Aggregated,0.400000,0.000000,9,13,22,23,27,32,43,57,2100,2100,2100,224,0,8,31.835911160734604,5.757999999332242,2072.103900005459,7756.767857142857
1782347106,2,,Aggregated,0.400000,0.000000,9,13,22,23,27,32,43,57,2100,2100,2100,224,0,8,31.835911160734604,5.757999999332242,2072.103900005459,7756.767857142857
1782347107,2,,Aggregated,0.500000,0.000000,9,13,22,23,27,32,43,57,2100,2100,2100,226,0,9,31.7033721239407,5.757999999332242,2072.103900005459,7781.0353982300885
1782347108,2,,Aggregated,0.500000,0.000000,9,13,22,23,27,32,43,57,2100,2100,2100,226,0,9,31.7033721239407,5.757999999332242,2072.103900005459,7781.0353982300885
1782347109,2,,Aggregated,0.500000,0.000000,9,13,22,23,27,32,43,57,2100,2100,2100,226,0,9,31.7033721239407,5.757999999332242,2072.103900005459,7781.0353982300885
1782347110,2,,Aggregated,0.500000,0.000000,9,13,22,23,27,32,43,57,2100,2100,2100,226,0,9,31.7033721239407,5.757999999332242,2072.103900005459,7781.0353982300885
1782347111,2,,Aggregated,0.500000,0.000000,9,13,22,23,27,32,43,57,2100,2100,2100,226,0,9,31.7033721239407,5.757999999332242,2072.103900005459,7781.0353982300885
1782347112,2,,Aggregated,0.600000,0.000000,9,13,22,23,27,32,43,57,2100,2100,2100,228,0,9,31.57172894740749,5.757999999332242,2072.103900005459,7781.140350877193
1782347113,2,,Aggregated,0.600000,0.000000,9,13,22,23,27,32,43,57,2100,2100,2100,228,0,9,31.57172894740749,5.757999999332242,2072.103900005459,7781.140350877193
1782347114,2,,Aggregated,0.500000,0.000000,9,13,22,23,27,32,43,57,2100,2100,2100,230,0,9,31.407047391321218,5.757999999332242,2072.103900005459,7804.773913043478
1782347115,2,,Aggregated,0.500000,0.000000,9,13,22,23,27,32,43,57,2100,2100,2100,230,0,9,31.407047391321218,5.757999999332242,2072.103900005459,7804.773913043478
1782347116,2,,Aggregated,0.500000,0.000000,9,13,22,23,27,32,43,57,2100,2100,2100,230,0,9,31.407047391321218,5.757999999332242,2072.103900005459,7804.773913043478
1782347117,2,,Aggregated,0.500000,0.000000,9,13,22,23,27,32,43,57,2100,2100,2100,230,0,9,31.407047391321218,5.757999999332242,2072.103900005459,7804.773913043478
1782347118,2,,Aggregated,0.500000,0.000000,9,13,22,23,27,32,43,57,2100,2100,2100,230,0,9,31.407047391321218,5.757999999332242,2072.103900005459,7804.773913043478
1782347119,2,,Aggregated,0.600000,0.000000,9,13,22,23,26,32,43,57,2100,2100,2100,232,0,9,31.195312068967755,5.757999999332242,2072.103900005459,7788.051724137931
1782347120,2,,Aggregated,0.600000,0.000000,9,13,22,23,26,32,43,57,2100,2100,2100,232,0,9,31.195312068967755,5.757999999332242,2072.103900005459,7788.051724137931
1782347121,2,,Aggregated,0.600000,0.000000,9,13,22,23,26,32,43,57,2100,2100,2100,232,0,9,31.195312068967755,5.757999999332242,2072.103900005459,7788.051724137931
1782347122,2,,Aggregated,0.600000,0.000000,9,13,22,23,26,32,43,57,2100,2100,2100,232,0,9,31.195312068967755,5.757999999332242,2072.103900005459,7788.051724137931
1782347123,2,,Aggregated,0.600000,0.000000,9,13,21,23,26,32,43,57,2100,2100,2100,234,0,9,31.05323547011084,5.757999999332242,2072.103900005459,7791.418803418804
1782347124,2,,Aggregated,0.600000,0.000000,9,13,21,23,26,32,43,57,2100,2100,2100,234,0,9,31.05323547011084,5.757999999332242,2072.103900005459,7791.418803418804
1782347125,2,,Aggregated,0.600000,0.000000,9,13,21,23,26,32,43,57,2100,2100,2100,234,0,9,31.05323547011084,5.757999999332242,2072.103900005459,7791.418803418804
1782347126,2,,Aggregated,0.600000,0.000000,9,14,21,23,26,32,43,57,2100,2100,2100,235,0,9,30.978970212813596,5.757999999332242,2072.103900005459,7802.940425531915
1782347127,2,,Aggregated,0.400000,0.000000,9,14,21,23,26,32,43,57,2100,2100,2100,236,0,9,30.938309322078506,5.757999999332242,2072.103900005459,7814.364406779661
1782347128,2,,Aggregated,0.500000,0.000000,9,14,21,23,27,33,43,57,2100,2100,2100,237,0,9,30.961445991615697,5.757999999332242,2072.103900005459,7825.691983122363
1782347129,2,,Aggregated,0.500000,0.000000,9,14,21,23,27,33,43,57,2100,2100,2100,237,0,9,30.961445991615697,5.757999999332242,2072.103900005459,7825.691983122363
1782347130,2,,Aggregated,0.600000,0.000000,9,14,21,23,27,33,43,57,2100,2100,2100,238,0,9,30.886778151321746,5.757999999332242,2072.103900005459,7836.924369747899
1782347131,2,,Aggregated,0.600000,0.000000,9,14,21,23,27,33,43,57,2100,2100,2100,238,0,9,30.886778151321746,5.757999999332242,2072.103900005459,7836.924369747899
1782347132,2,,Aggregated,0.500000,0.000000,9,14,21,23,27,33,43,57,2100,2100,2100,239,0,9,30.782560251103266,5.757999999332242,2072.103900005459,7828.673640167364
1782347133,2,,Aggregated,0.500000,0.000000,9,14,21,23,27,33,43,57,2100,2100,2100,239,0,9,30.782560251103266,5.757999999332242,2072.103900005459,7828.673640167364
1782347134,2,,Aggregated,0.700000,0.000000,9,14,21,23,27,33,43,57,2100,2100,2100,240,0,9,30.685242083382036,5.757999999332242,2072.103900005459,7820.491666666667
1782347135,2,,Aggregated,0.500000,0.000000,9,14,21,23,26,32,43,57,2100,2100,2100,241,0,9,30.58644730294137,5.757999999332242,2072.103900005459,7812.377593360996
1782347136,2,,Aggregated,0.500000,0.000000,9,14,21,23,26,32,43,57,2100,2100,2100,241,0,9,30.58644730294137,5.757999999332242,2072.103900005459,7812.377593360996
1782347137,2,,Aggregated,0.500000,0.000000,9,14,21,23,26,32,43,57,2100,2100,2100,241,0,9,30.58644730294137,5.757999999332242,2072.103900005459,7812.377593360996
1782347138,2,,Aggregated,0.600000,0.000000,9,13,21,23,26,32,43,57,2100,2100,2100,242,0,9,30.492653719027825,5.757999999332242,2072.103900005459,7801.115702479339
1782347139,2,,Aggregated,0.600000,0.000000,9,13,21,23,26,32,43,57,2100,2100,2100,242,0,9,30.492653719027825,5.757999999332242,2072.103900005459,7801.115702479339
1782347140,2,,Aggregated,0.600000,0.000000,9,13,21,23,26,32,43,57,2100,2100,2100,243,0,9,30.39089876546624,5.757999999332242,2072.103900005459,7793.148148148148
1782347141,2,,Aggregated,0.500000,0.000000,9,14,21,23,26,32,43,57,2100,2100,2100,244,0,9,30.366581967234094,5.757999999332242,2072.103900005459,7804.237704918033
1782347142,2,,Aggregated,0.500000,0.000000,9,14,21,23,26,32,43,57,2100,2100,2100,244,0,9,30.366581967234094,5.757999999332242,2072.103900005459,7804.237704918033
1782347143,2,,Aggregated,0.500000,0.000000,9,14,21,23,26,32,43,57,2100,2100,2100,244,0,9,30.366581967234094,5.757999999332242,2072.103900005459,7804.237704918033
1782347144,2,,Aggregated,0.500000,0.000000,9,13,21,23,26,32,43,57,2100,2100,2100,246,0,9,30.204275203265375,5.757999999332242,2072.103900005459,7804.1463414634145
1782347145,2,,Aggregated,0.500000,0.000000,9,13,21,23,26,32,43,57,2100,2100,2100,246,0,9,30.204275203265375,5.757999999332242,2072.103900005459,7804.1463414634145
1782347146,2,,Aggregated,0.500000,0.000000,9,13,21,23,26,32,43,57,2100,2100,2100,246,0,9,30.204275203265375,5.757999999332242,2072.103900005459,7804.1463414634145
1782347147,2,,Aggregated,0.600000,0.000000,9,14,21,23,26,32,43,57,2100,2100,2100,247,0,9,30.173231578962962,5.757999999332242,2072.103900005459,7815.056680161943
1782347148,2,,Aggregated,0.500000,0.000000,9,13,21,23,26,32,43,57,2100,2100,2100,248,0,9,30.103522580658694,5.757999999332242,2072.103900005459,7825.879032258064
1782347149,2,,Aggregated,0.500000,0.000000,9,13,21,23,26,32,43,57,2100,2100,2100,248,0,9,30.103522580658694,5.757999999332242,2072.103900005459,7825.879032258064
1782347150,2,,Aggregated,0.500000,0.000000,9,13,21,23,26,32,43,57,2100,2100,2100,248,0,9,30.103522580658694,5.757999999332242,2072.103900005459,7825.879032258064
1782347151,2,,Aggregated,0.500000,0.000000,9,13,21,23,26,32,43,57,2100,2100,2100,248,0,9,30.103522580658694,5.757999999332242,2072.103900005459,7825.879032258064
1782347152,2,,Aggregated,0.500000,0.000000,9,14,21,23,27,32,43,57,2100,2100,2100,249,0,9,30.110686747003093,5.757999999332242,2072.103900005459,7836.614457831325
1782347153,2,,Aggregated,0.500000,0.000000,9,14,21,23,27,32,43,57,2100,2100,2100,250,0,9,30.045000800018897,5.757999999332242,2072.103900005459,7847.264
1782347154,2,,Aggregated,0.500000,0.000000,9,14,21,23,27,32,43,57,2100,2100,2100,250,0,9,30.045000800018897,5.757999999332242,2072.103900005459,7847.264
1782347155,2,,Aggregated,0.600000,0.000000,9,14,21,23,26,32,41,57,2100,2100,2100,252,0,9,29.888148809544557,5.757999999332242,2072.103900005459,7846.833333333333
1782347156,2,,Aggregated,0.600000,0.000000,9,14,21,23,26,32,41,57,2100,2100,2100,252,0,9,29.888148809544557,5.757999999332242,2072.103900005459,7846.833333333333
1782347157,2,,Aggregated,0.600000,0.000000,9,14,21,23,26,32,41,57,2100,2100,2100,252,0,9,29.888148809544557,5.757999999332242,2072.103900005459,7846.833333333333
1782347158,2,,Aggregated,0.600000,0.000000,9,13,21,23,26,32,41,57,2100,2100,2100,253,0,9,29.79577233201112,5.757999999332242,2072.103900005459,7839.0
1782347159,2,,Aggregated,0.600000,0.000000,9,14,21,23,26,32,41,57,2100,2100,2100,254,0,9,29.771130314950675,5.757999999332242,2072.103900005459,7849.472440944882
1782347160,2,,Aggregated,0.600000,0.000000,9,14,21,23,26,32,41,57,2100,2100,2100,254,0,9,29.771130314950675,5.757999999332242,2072.103900005459,7849.472440944882
1782347161,2,,Aggregated,0.600000,0.000000,9,14,21,23,26,32,41,57,2100,2100,2100,254,0,9,29.771130314950675,5.757999999332242,2072.103900005459,7849.472440944882
1782347162,2,,Aggregated,0.600000,0.000000,9,14,21,23,26,32,41,57,2100,2100,2100,254,0,9,29.771130314950675,5.757999999332242,2072.103900005459,7849.472440944882
1782347163,2,,Aggregated,0.600000,0.000000,9,14,22,23,27,32,41,57,2100,2100,2100,256,0,9,29.67353515623472,5.757999999332242,2072.103900005459,7852.0703125
1782347164,2,,Aggregated,0.600000,0.000000,9,14,22,23,27,32,41,57,2100,2100,2100,256,0,9,29.67353515623472,5.757999999332242,2072.103900005459,7852.0703125
1782347165,2,,Aggregated,0.500000,0.000000,9,14,22,23,27,32,41,57,2100,2100,2100,257,0,9,29.65746926068911,5.757999999332242,2072.103900005459,7862.369649805448
1782347166,2,,Aggregated,0.500000,0.000000,9,14,22,23,27,32,41,57,2100,2100,2100,257,0,9,29.65746926068911,5.757999999332242,2072.103900005459,7862.369649805448
1782347167,2,,Aggregated,0.600000,0.000000,9,14,22,23,27,32,41,57,2100,2100,2100,258,0,9,29.593700387571754,5.757999999332242,2072.103900005459,7872.589147286822
1782347168,2,,Aggregated,0.600000,0.000000,9,14,22,23,27,32,41,57,2100,2100,2100,258,0,9,29.593700387571754,5.757999999332242,2072.103900005459,7872.589147286822
1782347169,2,,Aggregated,0.500000,0.000000,9,14,22,23,27,32,41,57,2100,2100,2100,259,0,9,29.535450193049787,5.757999999332242,2072.103900005459,7882.72972972973
1782347170,2,,Aggregated,0.500000,0.000000,9,14,22,23,27,32,41,57,2100,2100,2100,259,0,9,29.535450193049787,5.757999999332242,2072.103900005459,7882.72972972973
1782347171,2,,Aggregated,0.500000,0.000000,9,14,22,23,27,32,41,57,2100,2100,2100,260,0,9,29.509545384616313,5.757999999332242,2072.103900005459,7892.792307692308
1782347172,2,,Aggregated,0.500000,0.000000,9,14,22,23,26,32,41,57,2100,2100,2100,261,0,9,29.41855977012725,5.757999999332242,2072.103900005459,7885.022988505747
1782347173,2,,Aggregated,0.500000,0.000000,9,14,22,23,26,32,41,57,2100,2100,2100,262,0,9,29.354151526736167,5.757999999332242,2072.103900005459,7895.0
1782347174,2,,Aggregated,0.500000,0.000000,9,14,22,23,26,32,41,57,2100,2100,2100,262,0,9,29.354151526736167,5.757999999332242,2072.103900005459,7895.0
1782347176,2,,Aggregated,0.600000,0.000000,9,14,22,23,26,32,41,57,2100,2100,2100,263,0,9,29.288929277567764,5.757999999332242,2072.103900005459,7904.901140684411
1782347177,2,,Aggregated,0.600000,0.000000,9,14,22,23,26,32,41,57,2100,2100,2100,263,0,9,29.288929277567764,5.757999999332242,2072.103900005459,7904.901140684411
1782347178,2,,Aggregated,0.600000,0.000000,9,14,22,23,26,32,41,57,2100,2100,2100,264,0,9,29.20264393940835,5.757999999332242,2072.103900005459,7897.174242424242
1782347179,2,,Aggregated,0.600000,0.000000,9,14,22,23,26,32,41,57,2100,2100,2100,264,0,9,29.20264393940835,5.757999999332242,2072.103900005459,7897.174242424242
1782347180,2,,Aggregated,0.600000,0.000000,9,14,22,23,26,32,41,57,2100,2100,2100,266,0,9,29.110160150375485,5.757999999332242,2072.103900005459,7916.736842105263
1782347181,2,,Aggregated,0.600000,0.000000,9,14,22,23,26,32,41,57,2100,2100,2100,266,0,9,29.110160150375485,5.757999999332242,2072.103900005459,7916.736842105263
1782347182,2,,Aggregated,0.600000,0.000000,9,14,22,23,26,32,41,57,2100,2100,2100,266,0,9,29.110160150375485,5.757999999332242,2072.103900005459,7916.736842105263
1782347183,2,,Aggregated,0.700000,0.000000,9,14,22,23,26,32,41,57,2100,2100,2100,267,0,9,29.03300674157701,5.757999999332242,2072.103900005459,7909.0524344569285
1782347184,2,,Aggregated,0.700000,0.000000,9,14,22,23,26,32,41,57,2100,2100,2100,267,0,9,29.03300674157701,5.757999999332242,2072.103900005459,7909.0524344569285
1782347185,2,,Aggregated,0.600000,0.000000,9,14,22,23,26,32,41,57,2100,2100,2100,268,0,9,28.96618470150492,5.757999999332242,2072.103900005459,7918.7164179104475
1782347186,2,,Aggregated,0.600000,0.000000,9,14,21,23,26,32,41,57,2100,2100,2100,269,0,9,28.88321226766635,5.757999999332242,2072.103900005459,7908.189591078067
1782347187,2,,Aggregated,0.500000,0.000000,9,14,21,23,26,32,41,57,2100,2100,2100,270,0,9,28.79664296299409,5.509500006155577,2072.103900005459,7900.622222222222
1782347188,2,,Aggregated,0.500000,0.000000,9,14,21,23,26,32,41,57,2100,2100,2100,270,0,9,28.79664296299409,5.509500006155577,2072.103900005459,7900.622222222222
1782347189,2,,Aggregated,0.600000,0.000000,9,13,21,23,26,32,41,57,2100,2100,2100,271,0,9,28.716760147632506,5.509500006155577,2072.103900005459,7890.239852398524
1782347190,2,,Aggregated,0.600000,0.000000,9,13,21,23,26,32,41,57,2100,2100,2100,271,0,9,28.716760147632506,5.509500006155577,2072.103900005459,7890.239852398524
1782347191,2,,Aggregated,0.700000,0.000000,9,14,21,23,26,32,41,57,2100,2100,2100,273,0,9,28.6174223443735,5.509500006155577,2072.103900005459,7892.377289377289
1782347192,2,,Aggregated,0.700000,0.000000,9,14,21,23,26,32,41,57,2100,2100,2100,273,0,9,28.6174223443735,5.509500006155577,2072.103900005459,7892.377289377289
1782347193,2,,Aggregated,0.700000,0.000000,9,14,21,23,26,32,41,57,2100,2100,2100,273,0,9,28.6174223443735,5.509500006155577,2072.103900005459,7892.377289377289
1782347194,2,,Aggregated,0.600000,0.000000,9,13,21,23,26,32,41,57,2100,2100,2100,274,0,9,28.55926204386106,5.509500006155577,2072.103900005459,7901.890510948905
1782347195,2,,Aggregated,0.600000,0.000000,9,13,21,23,26,32,41,57,2100,2100,2100,275,0,9,28.475321818259545,5.475700003444217,2072.103900005459,7891.654545454546
1782347196,2,,Aggregated,0.700000,0.000000,9,14,22,23,26,32,41,57,2100,2100,2100,276,0,9,28.45738659430092,5.475700003444217,2072.103900005459,7901.101449275362
1782347197,2,,Aggregated,0.700000,0.000000,9,14,22,23,26,32,41,57,2100,2100,2100,276,0,9,28.45738659430092,5.475700003444217,2072.103900005459,7901.101449275362
1782347198,2,,Aggregated,0.700000,0.000000,9,14,22,23,26,32,41,57,2100,2100,2100,276,0,9,28.45738659430092,5.475700003444217,2072.103900005459,7901.101449275362
1782347199,2,,Aggregated,0.600000,0.000000,9,13,21,23,26,32,41,57,2100,2100,2100,277,0,9,28.378227797938074,5.475700003444217,2072.103900005459,7893.750902527076
1782347200,2,,Aggregated,0.600000,0.000000,9,13,21,23,26,32,41,57,2100,2100,2100,277,0,9,28.378227797938074,5.475700003444217,2072.103900005459,7893.750902527076
1782347201,2,,Aggregated,0.600000,0.000000,9,14,22,23,26,32,41,57,2100,2100,2100,278,0,9,28.358804676382345,5.475700003444217,2072.103900005459,7903.122302158274
1782347202,2,,Aggregated,0.500000,0.000000,9,14,22,23,26,32,41,57,2100,2100,2100,279,0,9,28.282351613010942,5.475700003444217,2072.103900005459,7895.817204301075
1782347203,2,,Aggregated,0.500000,0.000000,9,14,22,23,26,32,41,57,2100,2100,2100,279,0,9,28.282351613010942,5.475700003444217,2072.103900005459,7895.817204301075
1782347204,2,,Aggregated,0.600000,0.000000,9,14,22,23,26,32,41,57,2100,2100,2100,281,0,9,28.22315124566464,5.475700003444217,2072.103900005459,7895.085409252669
1782347205,2,,Aggregated,0.600000,0.000000,9,14,22,23,26,32,41,57,2100,2100,2100,281,0,9,28.22315124566464,5.475700003444217,2072.103900005459,7895.085409252669
1782347206,2,,Aggregated,0.600000,0.000000,9,14,22,23,26,32,41,57,2100,2100,2100,281,0,9,28.22315124566464,5.475700003444217,2072.103900005459,7895.085409252669
1782347207,2,,Aggregated,0.700000,0.000000,9,14,22,23,26,32,41,57,2100,2100,2100,282,0,9,28.146456737679774,5.475700003444217,2072.103900005459,7885.127659574468
1782347208,2,,Aggregated,0.700000,0.000000,9,13,22,23,26,32,41,57,2100,2100,2100,283,0,9,28.070654063689187,5.475700003444217,2072.103900005459,7875.240282685512
1782347209,2,,Aggregated,0.500000,0.000000,9,13,22,23,26,32,41,57,2100,2100,2100,284,0,9,27.99515387332448,5.475700003444217,2072.103900005459,7868.161971830986
1782347210,2,,Aggregated,0.500000,0.000000,9,13,22,23,26,32,41,57,2100,2100,2100,284,0,9,27.99515387332448,5.475700003444217,2072.103900005459,7868.161971830986
1782347211,2,,Aggregated,0.700000,0.000000,9,13,21,23,26,32,41,57,2100,2100,2100,285,0,9,27.923343508844386,5.475700003444217,2072.103900005459,7858.403508771929
1782347212,2,,Aggregated,0.700000,0.000000,9,13,21,23,26,32,41,57,2100,2100,2100,285,0,9,27.923343508844386,5.475700003444217,2072.103900005459,7858.403508771929
1782347213,2,,Aggregated,0.700000,0.000000,9,13,22,23,26,32,41,57,2100,2100,2100,286,0,9,27.910065734348873,5.475700003444217,2072.103900005459,7867.636363636364
1782347214,2,,Aggregated,0.700000,0.000000,9,14,22,23,26,32,41,57,2100,2100,2100,287,0,9,27.873227526219797,5.475700003444217,2072.103900005459,7876.804878048781
1782347215,2,,Aggregated,0.700000,0.000000,9,14,22,23,26,32,41,57,2100,2100,2100,287,0,9,27.873227526219797,5.475700003444217,2072.103900005459,7876.804878048781
1782347216,2,,Aggregated,0.700000,0.000000,9,14,21,23,26,32,41,57,2100,2100,2100,289,0,9,27.76933806237586,5.475700003444217,2072.103900005459,7878.916955017301
1782347217,2,,Aggregated,0.700000,0.000000,9,14,21,23,26,32,41,57,2100,2100,2100,289,0,9,27.76933806237586,5.475700003444217,2072.103900005459,7878.916955017301
1782347218,2,,Aggregated,0.700000,0.000000,9,14,21,23,26,32,41,57,2100,2100,2100,289,0,9,27.76933806237586,5.475700003444217,2072.103900005459,7878.916955017301
1782347219,2,,Aggregated,0.700000,0.000000,9,14,21,23,26,32,41,57,2100,2100,2100,289,0,9,27.76933806237586,5.475700003444217,2072.103900005459,7878.916955017301
1782347220,2,,Aggregated,0.800000,0.000000,9,14,21,23,26,32,41,57,2100,2100,2100,290,0,9,27.696333103537246,5.475700003444217,2072.103900005459,7871.972413793103
1782347221,2,,Aggregated,0.600000,0.000000,9,14,21,23,26,32,41,57,2100,2100,2100,291,0,9,27.62531718223986,5.475700003444217,2072.103900005459,7865.07560137457
1782347222,2,,Aggregated,0.600000,0.000000,9,14,21,23,26,32,41,57,2100,2100,2100,291,0,9,27.62531718223986,5.475700003444217,2072.103900005459,7865.07560137457
1782347223,2,,Aggregated,0.600000,0.000000,9,14,21,23,26,32,41,57,2100,2100,2100,291,0,9,27.62531718223986,5.475700003444217,2072.103900005459,7865.07560137457
1782347224,2,,Aggregated,0.600000,0.000000,9,14,22,23,26,32,41,57,2100,2100,2100,292,0,9,27.642817808343466,5.475700003444217,2072.103900005459,7874.095890410959
1782347225,2,,Aggregated,0.500000,0.000000,9,14,21,23,26,32,41,57,2100,2100,2100,293,0,9,27.595695563282703,5.475700003444217,2072.103900005459,7883.054607508532
1782347226,2,,Aggregated,0.500000,0.000000,9,14,21,23,26,32,41,57,2100,2100,2100,293,0,9,27.595695563282703,5.475700003444217,2072.103900005459,7883.054607508532
1782347227,2,,Aggregated,0.500000,0.000000,9,14,21,23,26,32,41,57,2100,2100,2100,294,0,9,27.527017006937644,5.475700003444217,2072.103900005459,7876.190476190476
1782347228,2,,Aggregated,0.500000,0.000000,9,14,21,23,26,32,41,57,2100,2100,2100,294,0,9,27.527017006937644,5.475700003444217,2072.103900005459,7876.190476190476
1782347229,2,,Aggregated,0.500000,0.000000,9,14,22,23,26,32,41,57,2100,2100,2100,295,0,9,27.512493559457283,5.475700003444217,2072.103900005459,7885.081355932203
1782347230,2,,Aggregated,0.500000,0.000000,9,14,22,23,26,32,41,57,2100,2100,2100,295,0,9,27.512493559457283,5.475700003444217,2072.103900005459,7885.081355932203
1782347231,2,,Aggregated,0.600000,0.000000,9,14,22,23,26,32,41,57,2100,2100,2100,296,0,9,27.46987871634357,5.475700003444217,2072.103900005459,7893.9121621621625
1782347232,2,,Aggregated,0.500000,0.000000,9,14,21,23,26,32,41,57,2100,2100,2100,297,0,9,27.39773771056991,5.475700003444217,2072.103900005459,7887.080808080808
1782347233,2,,Aggregated,0.500000,0.000000,9,14,21,23,26,32,41,57,2100,2100,2100,297,0,9,27.39773771056991,5.475700003444217,2072.103900005459,7887.080808080808
1782347234,2,,Aggregated,0.500000,0.000000,9,14,21,23,26,32,41,57,2100,2100,2100,297,0,9,27.39773771056991,5.475700003444217,2072.103900005459,7887.080808080808
1782347235,2,,Aggregated,0.600000,0.000000,9,14,22,23,26,32,41,57,2100,2100,2100,298,0,9,27.390941610870783,5.475700003444217,2072.103900005459,7895.845637583892
1782347236,2,,Aggregated,0.600000,0.000000,9,14,22,23,26,32,41,57,2100,2100,2100,299,0,9,27.332847491772043,5.475700003444217,2072.103900005459,7886.451505016722
1782347237,2,,Aggregated,0.600000,0.000000,9,14,22,23,26,32,41,57,2100,2100,2100,299,0,9,27.332847491772043,5.475700003444217,2072.103900005459,7886.451505016722
1782347238,2,,Aggregated,0.600000,0.000000,9,14,21,23,26,32,40,51,2100,2100,2100,301,0,9,27.2243468439606,5.475700003444217,2072.103900005459,7888.415282392027
1782347239,2,,Aggregated,0.600000,0.000000,9,14,21,23,26,32,40,51,2100,2100,2100,301,0,9,27.2243468439606,5.475700003444217,2072.103900005459,7888.415282392027
1782347240,2,,Aggregated,0.600000,0.000000,9,14,21,23,26,32,40,51,2100,2100,2100,301,0,9,27.2243468439606,5.475700003444217,2072.103900005459,7888.415282392027
1782347241,2,,Aggregated,0.600000,0.000000,9,14,22,23,26,32,40,51,2100,2100,2100,302,0,9,27.211100662347633,5.475700003444217,2072.103900005459,7897.059602649007
1782347242,2,,Aggregated,0.600000,0.000000,9,14,22,23,26,32,40,51,2100,2100,2100,302,0,9,27.211100662347633,5.475700003444217,2072.103900005459,7897.059602649007
1782347243,2,,Aggregated,0.600000,0.000000,9,14,22,23,26,32,40,51,2100,2100,2100,303,0,9,27.146717491854563,5.475700003444217,2072.103900005459,7890.353135313531
1782347244,2,,Aggregated,0.600000,0.000000,9,14,22,23,26,32,40,51,2100,2100,2100,304,0,9,27.080292434316345,5.475700003444217,2072.103900005459,7883.690789473684
1782347245,2,,Aggregated,0.600000,0.000000,9,14,22,23,26,32,40,51,2100,2100,2100,304,0,9,27.080292434316345,5.475700003444217,2072.103900005459,7883.690789473684
1782347246,2,,Aggregated,0.600000,0.000000,9,14,22,23,26,32,40,51,2100,2100,2100,304,0,9,27.080292434316345,5.475700003444217,2072.103900005459,7883.690789473684
1782347247,2,,Aggregated,0.600000,0.000000,9,14,22,23,26,32,40,51,2100,2100,2100,305,0,9,27.064499672221736,5.475700003444217,2072.103900005459,7892.265573770492
1782347248,2,,Aggregated,0.700000,0.000000,9,14,22,23,26,32,40,51,2100,2100,2100,306,0,9,27.03916045761111,5.475700003444217,2072.103900005459,7900.78431372549
1782347249,2,,Aggregated,0.700000,0.000000,9,14,22,23,26,32,40,51,2100,2100,2100,306,0,9,27.03916045761111,5.475700003444217,2072.103900005459,7900.78431372549
1782347250,2,,Aggregated,0.700000,0.000000,9,14,22,23,26,32,40,51,2100,2100,2100,306,0,9,27.03916045761111,5.475700003444217,2072.103900005459,7900.78431372549
1782347251,2,,Aggregated,0.500000,0.000000,9,14,22,23,26,32,40,51,2100,2100,2100,307,0,9,26.974468078261015,5.475700003444217,2072.103900005459,7894.153094462541
1782347252,2,,Aggregated,0.500000,0.000000,9,14,22,23,26,32,40,51,2100,2100,2100,308,0,9,26.905641558541546,5.475700003444217,2072.103900005459,7887.564935064935
1782347253,2,,Aggregated,0.500000,0.000000,9,14,22,23,26,32,40,51,2100,2100,2100,308,0,9,26.905641558541546,5.475700003444217,2072.103900005459,7887.564935064935
1782347254,2,,Aggregated,0.500000,0.000000,9,14,22,23,26,32,40,51,2100,2100,2100,308,0,9,26.905641558541546,5.475700003444217,2072.103900005459,7887.564935064935
1782347255,2,,Aggregated,0.500000,0.000000,9,14,21,23,26,32,40,51,2100,2100,2100,309,0,9,26.842097087470705,5.475700003444217,2072.103900005459,7878.501618122978
1782347256,2,,Aggregated,0.500000,0.000000,9,14,22,23,26,32,40,51,2100,2100,2100,310,0,9,26.82743838717391,5.475700003444217,2072.103900005459,7886.9548387096775
1782347257,2,,Aggregated,0.500000,0.000000,9,14,22,23,26,32,40,51,2100,2100,2100,310,0,9,26.82743838717391,5.475700003444217,2072.103900005459,7886.9548387096775
1782347258,2,,Aggregated,0.500000,0.000000,9,14,22,23,26,32,40,51,2100,2100,2100,310,0,9,26.82743838717391,5.475700003444217,2072.103900005459,7886.9548387096775
1782347259,2,,Aggregated,0.500000,0.000000,9,14,22,23,26,32,40,51,2100,2100,2100,312,0,9,26.695149359068473,5.475700003444217,2072.103900005459,7873.99358974359
1782347260,2,,Aggregated,0.500000,0.000000,9,14,22,23,26,32,40,51,2100,2100,2100,312,0,9,26.695149359068473,5.475700003444217,2072.103900005459,7873.99358974359
1782347261,2,,Aggregated,0.500000,0.000000,9,14,22,23,26,32,40,51,2100,2100,2100,312,0,9,26.695149359068473,5.475700003444217,2072.103900005459,7873.99358974359
1782347262,2,,Aggregated,0.500000,0.000000,9,14,21,23,26,32,40,51,2100,2100,2100,313,0,9,26.634128434598793,5.475700003444217,2072.103900005459,7867.575079872205
1782347263,2,,Aggregated,0.600000,0.000000,9,14,22,23,26,32,40,51,2100,2100,2100,314,0,9,26.665484076529886,5.475700003444217,2072.103900005459,7875.955414012738
1782347264,2,,Aggregated,0.600000,0.000000,9,14,22,23,26,32,40,51,2100,2100,2100,314,0,9,26.665484076529886,5.475700003444217,2072.103900005459,7875.955414012738
1782347265,2,,Aggregated,0.600000,0.000000,9,14,22,23,26,32,40,51,2100,2100,2100,315,0,9,26.59870952389495,5.475700003444217,2072.103900005459,7867.101587301588
1782347266,2,,Aggregated,0.600000,0.000000,9,14,22,23,26,32,40,51,2100,2100,2100,316,0,9,26.536404430483838,5.475700003444217,2072.103900005459,7860.765822784811
1782347267,2,,Aggregated,0.600000,0.000000,9,14,22,23,26,32,40,51,2100,2100,2100,316,0,9,26.536404430483838,5.475700003444217,2072.103900005459,7860.765822784811
1782347268,2,,Aggregated,0.600000,0.000000,9,14,22,23,26,32,40,51,2100,2100,2100,316,0,9,26.536404430483838,5.475700003444217,2072.103900005459,7860.765822784811
1782347269,2,,Aggregated,0.600000,0.000000,9,14,22,23,26,32,40,51,2100,2100,2100,316,0,9,26.536404430483838,5.475700003444217,2072.103900005459,7860.765822784811
1782347270,2,,Aggregated,0.600000,0.000000,9,14,22,23,26,32,40,51,2100,2100,2100,317,0,9,26.524497791903485,5.475700003444217,2072.103900005459,7869.08832807571
1782347271,2,,Aggregated,0.600000,0.000000,9,14,22,23,26,32,40,51,2100,2100,2100,318,0,9,26.459539937210174,5.475700003444217,2072.103900005459,7862.786163522012
1782347272,2,,Aggregated,0.600000,0.000000,9,14,22,23,26,32,40,51,2100,2100,2100,318,0,9,26.459539937210174,5.475700003444217,2072.103900005459,7862.786163522012
1782347273,2,,Aggregated,0.600000,0.000000,9,14,22,23,26,33,40,51,2100,2100,2100,319,0,9,26.499514106679694,5.475700003444217,2072.103900005459,7871.050156739812
1782347274,2,,Aggregated,0.500000,0.000000,9,14,22,23,26,33,40,51,2100,2100,2100,320,0,9,26.437367187600103,5.475700003444217,2072.103900005459,7864.78125
1782347275,2,,Aggregated,0.400000,0.000000,9,14,22,23,26,32,40,51,2100,2100,2100,321,0,9,26.373535202592365,5.475700003444217,2072.103900005459,7856.127725856698
1782347276,2,,Aggregated,0.400000,0.000000,9,14,22,23,26,32,40,51,2100,2100,2100,321,0,9,26.373535202592365,5.475700003444217,2072.103900005459,7856.127725856698
1782347277,2,,Aggregated,0.400000,0.000000,9,14,22,23,26,32,40,51,2100,2100,2100,321,0,9,26.373535202592365,5.475700003444217,2072.103900005459,7856.127725856698
1782347278,2,,Aggregated,0.600000,0.000000,9,14,22,23,26,33,41,51,2100,2100,2100,322,0,9,26.429886335502697,5.475700003444217,2072.103900005459,7864.335403726708
1782347279,2,,Aggregated,0.600000,0.000000,9,14,22,23,26,33,41,51,2100,2100,2100,322,0,9,26.429886335502697,5.475700003444217,2072.103900005459,7864.335403726708
1782347280,2,,Aggregated,0.500000,0.000000,9,14,22,23,26,33,41,51,2100,2100,2100,323,0,9,26.390244582132365,5.475700003444217,2072.103900005459,7872.492260061919
1782347281,2,,Aggregated,0.500000,0.000000,9,14,22,23,26,33,41,51,2100,2100,2100,323,0,9,26.390244582132365,5.475700003444217,2072.103900005459,7872.492260061919
1782347282,2,,Aggregated,0.700000,0.000000,9,14,22,23,26,33,41,51,2100,2100,2100,325,0,9,26.368328615476806,5.475700003444217,2072.103900005459,7888.655384615385
1782347283,2,,Aggregated,0.700000,0.000000,9,14,22,23,26,33,41,51,2100,2100,2100,325,0,9,26.368328615476806,5.475700003444217,2072.103900005459,7888.655384615385
1782347284,2,,Aggregated,0.700000,0.000000,9,14,22,23,26,33,41,51,2100,2100,2100,325,0,9,26.368328615476806,5.475700003444217,2072.103900005459,7888.655384615385
1782347285,2,,Aggregated,0.700000,0.000000,9,14,22,23,26,33,41,51,2100,2100,2100,327,0,9,26.244287767671107,5.475700003444217,2072.103900005459,7871.519877675841
1782347286,2,,Aggregated,0.700000,0.000000,9,14,22,23,26,33,41,51,2100,2100,2100,327,0,9,26.244287767671107,5.475700003444217,2072.103900005459,7871.519877675841
1782347287,2,,Aggregated,0.700000,0.000000,9,14,22,23,26,33,41,51,2100,2100,2100,327,0,9,26.244287767671107,5.475700003444217,2072.103900005459,7871.519877675841
1782347288,2,,Aggregated,0.600000,0.000000,9,14,22,23,26,33,41,51,2100,2100,2100,328,0,9,26.23110731716091,5.475700003444217,2072.103900005459,7879.530487804878
1782347289,2,,Aggregated,0.600000,0.000000,9,14,22,23,26,33,41,51,2100,2100,2100,328,0,9,26.23110731716091,5.475700003444217,2072.103900005459,7879.530487804878
1782347290,2,,Aggregated,0.600000,0.000000,9,14,22,23,26,33,41,51,2100,2100,2100,329,0,9,26.171779635359318,5.475700003444217,2072.103900005459,7873.407294832827
1782347291,2,,Aggregated,0.600000,0.000000,9,14,22,23,26,33,41,51,2100,2100,2100,330,0,9,26.115822727363344,5.475700003444217,2072.103900005459,7867.321212121212
1782347292,2,,Aggregated,0.600000,0.000000,9,14,22,23,26,33,41,51,2100,2100,2100,330,0,9,26.115822727363344,5.475700003444217,2072.103900005459,7867.321212121212
1782347293,2,,Aggregated,0.600000,0.000000,9,14,22,23,26,33,41,51,2100,2100,2100,330,0,9,26.115822727363344,5.475700003444217,2072.103900005459,7867.321212121212
1782347294,2,,Aggregated,0.600000,0.000000,9,14,22,23,26,33,41,51,2100,2100,2100,331,0,9,26.105245015191954,5.475700003444217,2072.103900005459,7875.271903323262
1782347295,2,,Aggregated,0.500000,0.000000,9,14,22,23,26,33,41,51,2100,2100,2100,332,0,9,26.04505993983903,5.475700003444217,2072.103900005459,7866.873493975903
1782347296,2,,Aggregated,0.500000,0.000000,9,14,22,23,26,33,41,51,2100,2100,2100,332,0,9,26.04505993983903,5.475700003444217,2072.103900005459,7866.873493975903
1782347297,2,,Aggregated,0.600000,0.000000,9,14,22,23,26,33,41,51,2100,2100,2100,333,0,9,25.98997567574142,5.475700003444217,2072.103900005459,7860.861861861862
1782347298,2,,Aggregated,0.600000,0.000000,9,14,22,23,26,33,41,51,2100,2100,2100,333,0,9,25.98997567574142,5.475700003444217,2072.103900005459,7860.861861861862
1782347299,2,,Aggregated,0.600000,0.000000,9,14,22,23,26,33,41,51,2100,2100,2100,333,0,9,25.98997567574142,5.475700003444217,2072.103900005459,7860.861861861862
1782347300,2,,Aggregated,0.600000,0.000000,9,14,22,23,26,33,41,51,2100,2100,2100,335,0,9,25.872761791106313,5.475700003444217,2072.103900005459,7846.623880597015
1782347301,2,,Aggregated,0.600000,0.000000,9,14,22,23,26,33,41,51,2100,2100,2100,335,0,9,25.872761791106313,5.475700003444217,2072.103900005459,7846.623880597015
1782347302,2,,Aggregated,0.500000,0.000000,9,14,22,23,26,33,41,51,2100,2100,2100,336,0,9,25.896335416724643,5.475700003444217,2072.103900005459,7854.517857142857
1782347303,2,,Aggregated,0.600000,0.000000,9,14,22,23,26,33,41,51,2100,2100,2100,337,0,9,25.83821127602267,5.475700003444217,2072.103900005459,7846.305637982196
1782347305,2,,Aggregated,0.500000,0.000000,9,14,22,23,26,33,41,51,2100,2100,2100,338,0,9,25.786149704197012,5.475700003444217,2072.103900005459,7838.142011834319
1782347306,2,,Aggregated,0.500000,0.000000,9,14,22,23,26,33,41,51,2100,2100,2100,338,0,9,25.786149704197012,5.475700003444217,2072.103900005459,7838.142011834319
1782347307,2,,Aggregated,0.600000,0.000000,9,14,22,23,26,33,41,51,2100,2100,2100,339,0,9,25.747556047272663,5.475700003444217,2072.103900005459,7845.991150442478
1782347308,2,,Aggregated,0.700000,0.000000,9,14,22,23,26,33,41,51,2100,2100,2100,340,0,9,25.689237353007602,5.475700003444217,2072.103900005459,7840.164705882353
1782347309,2,,Aggregated,0.700000,0.000000,9,14,22,23,26,33,41,51,2100,2100,2100,340,0,9,25.689237353007602,5.475700003444217,2072.103900005459,7840.164705882353
1782347310,2,,Aggregated,0.700000,0.000000,9,14,22,23,26,33,41,51,2100,2100,2100,341,0,9,25.686261290398424,5.475700003444217,2072.103900005459,7847.961876832845
1782347311,2,,Aggregated,0.700000,0.000000,9,14,22,23,26,33,41,51,2100,2100,2100,341,0,9,25.686261290398424,5.475700003444217,2072.103900005459,7847.961876832845
1782347312,2,,Aggregated,0.700000,0.000000,9,14,22,23,26,33,41,51,2100,2100,2100,341,0,9,25.686261290398424,5.475700003444217,2072.103900005459,7847.961876832845
1782347313,2,,Aggregated,0.800000,0.000000,9,14,22,23,26,33,41,51,2100,2100,2100,342,0,9,25.628715204752368,5.475700003444217,2072.103900005459,7842.163742690059
1782347314,2,,Aggregated,0.600000,0.000000,9,14,22,23,26,33,41,51,2100,2100,2100,343,0,9,25.61786239073271,5.475700003444217,2072.103900005459,7849.909620991254
1782347315,2,,Aggregated,0.600000,0.000000,9,14,22,23,26,33,41,51,2100,2100,2100,343,0,9,25.61786239073271,5.475700003444217,2072.103900005459,7849.909620991254
1782347316,2,,Aggregated,0.600000,0.000000,9,14,22,23,26,33,41,51,2100,2100,2100,344,0,9,25.564884593095908,5.475700003444217,2072.103900005459,7844.139534883721
1782347317,2,,Aggregated,0.600000,0.000000,9,14,22,23,26,33,41,51,2100,2100,2100,345,0,9,25.508189565279398,5.475700003444217,2072.103900005459,7838.402898550725
1782347318,2,,Aggregated,0.600000,0.000000,9,14,22,23,26,33,41,51,2100,2100,2100,346,0,9,25.476449711046065,5.475700003444217,2072.103900005459,7846.092485549133
1782347319,2,,Aggregated,0.600000,0.000000,9,14,22,23,26,33,41,51,2100,2100,2100,346,0,9,25.476449711046065,5.475700003444217,2072.103900005459,7846.092485549133
1782347320,2,,Aggregated,0.600000,0.000000,9,14,22,23,26,33,41,51,2100,2100,2100,346,0,9,25.476449711046065,5.475700003444217,2072.103900005459,7846.092485549133
1782347321,2,,Aggregated,0.500000,0.000000,9,14,22,23,26,33,41,51,2100,2100,2100,348,0,9,25.459281609261687,5.475700003444217,2072.103900005459,7848.022988505747
1782347322,2,,Aggregated,0.500000,0.000000,9,14,22,23,26,33,41,51,2100,2100,2100,348,0,9,25.459281609261687,5.475700003444217,2072.103900005459,7848.022988505747
1782347323,2,,Aggregated,0.500000,0.000000,9,14,22,23,26,33,41,51,2100,2100,2100,348,0,9,25.459281609261687,5.475700003444217,2072.103900005459,7848.022988505747
1782347324,2,,Aggregated,0.700000,0.000000,9,14,22,23,26,33,41,51,2100,2100,2100,349,0,9,25.425113180586713,5.475700003444217,2072.103900005459,7855.618911174785
1782347325,2,,Aggregated,0.700000,0.000000,9,14,22,23,26,33,41,51,2100,2100,2100,350,0,9,25.38880257150075,5.475700003444217,2072.103900005459,7863.171428571429
1782347326,2,,Aggregated,0.600000,0.000000,9,14,22,23,26,33,40,51,2100,2100,2100,351,0,9,25.40183561261872,5.475700003444217,2072.103900005459,7870.680911680912
1782347327,2,,Aggregated,0.600000,0.000000,9,14,22,23,26,33,40,51,2100,2100,2100,351,0,9,25.40183561261872,5.475700003444217,2072.103900005459,7870.680911680912
1782347328,2,,Aggregated,0.600000,0.000000,9,14,22,23,26,33,40,51,2100,2100,2100,351,0,9,25.40183561261872,5.475700003444217,2072.103900005459,7870.680911680912
1782347329,2,,Aggregated,0.600000,0.000000,9,14,22,23,26,33,40,51,2100,2100,2100,353,0,9,25.322100000086447,5.475700003444217,2072.103900005459,7870.240793201133
1782347330,2,,Aggregated,0.600000,0.000000,9,14,22,23,26,33,40,51,2100,2100,2100,353,0,9,25.322100000086447,5.475700003444217,2072.103900005459,7870.240793201133
1782347331,2,,Aggregated,0.600000,0.000000,9,14,22,23,26,33,40,51,2100,2100,2100,353,0,9,25.322100000086447,5.475700003444217,2072.103900005459,7870.240793201133
1782347332,2,,Aggregated,0.600000,0.000000,9,14,22,23,26,33,40,51,2100,2100,2100,354,0,9,25.276324293865738,5.475700003444217,2072.103900005459,7864.576271186441
1782347333,2,,Aggregated,0.600000,0.000000,9,14,22,23,26,33,40,51,2100,2100,2100,354,0,9,25.276324293865738,5.475700003444217,2072.103900005459,7864.576271186441
1782347334,2,,Aggregated,0.600000,0.000000,9,14,22,23,26,33,40,51,2100,2100,2100,356,0,9,25.22207668547442,5.475700003444217,2072.103900005459,7866.359550561798
1782347335,2,,Aggregated,0.600000,0.000000,9,14,22,23,26,33,40,51,2100,2100,2100,356,0,9,25.22207668547442,5.475700003444217,2072.103900005459,7866.359550561798
1782347336,2,,Aggregated,0.600000,0.000000,9,14,22,23,26,33,40,51,2100,2100,2100,357,0,9,25.19143585444047,5.475700003444217,2072.103900005459,7873.733893557423
1782347337,2,,Aggregated,0.600000,0.000000,9,14,22,23,26,33,40,51,2100,2100,2100,357,0,9,25.19143585444047,5.475700003444217,2072.103900005459,7873.733893557423
1782347338,2,,Aggregated,0.600000,0.000000,9,14,22,23,26,33,40,51,2100,2100,2100,357,0,9,25.19143585444047,5.475700003444217,2072.103900005459,7873.733893557423
1782347339,2,,Aggregated,0.600000,0.000000,9,14,22,23,26,33,40,51,2100,2100,2100,358,0,9,25.13927905037027,5.475700003444217,2072.103900005459,7868.122905027933
1782347340,2,,Aggregated,0.600000,0.000000,9,14,22,23,26,33,40,51,2100,2100,2100,359,0,9,25.08764902514767,5.475700003444217,2072.103900005459,7860.376044568246
1782347341,2,,Aggregated,0.600000,0.000000,9,14,22,23,26,33,40,51,2100,2100,2100,359,0,9,25.08764902514767,5.475700003444217,2072.103900005459,7860.376044568246
1782347342,2,,Aggregated,0.600000,0.000000,9,14,22,23,26,33,40,51,2100,2100,2100,360,0,9,25.085487777849064,5.475700003444217,2072.103900005459,7867.705555555555
1782347343,2,,Aggregated,0.600000,0.000000,9,14,22,23,26,33,40,51,2100,2100,2100,361,0,9,25.03161551255473,5.475700003444217,2072.103900005459,7860.002770083102
1782347344,2,,Aggregated,0.600000,0.000000,9,14,22,23,26,33,40,51,2100,2100,2100,361,0,9,25.03161551255473,5.475700003444217,2072.103900005459,7860.002770083102
1782347345,2,,Aggregated,0.600000,0.000000,9,14,22,23,26,33,40,51,2100,2100,2100,361,0,9,25.03161551255473,5.475700003444217,2072.103900005459,7860.002770083102
1782347346,2,,Aggregated,0.700000,0.000000,9,14,22,23,26,33,40,51,2100,2100,2100,362,0,9,24.999851657543008,5.475700003444217,2072.103900005459,7867.292817679558
1782347347,2,,Aggregated,0.700000,0.000000,9,14,22,23,26,33,40,51,2100,2100,2100,362,0,9,24.999851657543008,5.475700003444217,2072.103900005459,7867.292817679558
1782347348,2,,Aggregated,0.500000,0.000000,9,14,22,23,26,33,40,51,2100,2100,2100,363,0,9,24.993403856825346,5.475700003444217,2072.103900005459,7874.542699724518
1782347349,2,,Aggregated,0.500000,0.000000,9,14,22,23,26,33,40,51,2100,2100,2100,363,0,9,24.993403856825346,5.475700003444217,2072.103900005459,7874.542699724518
1782347350,2,,Aggregated,0.600000,0.000000,9,14,22,23,26,33,40,51,2100,2100,2100,365,0,9,24.9101747945868,5.475700003444217,2072.103900005459,7876.227397260274
1782347351,2,,Aggregated,0.600000,0.000000,9,14,22,23,26,33,40,51,2100,2100,2100,365,0,9,24.9101747945868,5.475700003444217,2072.103900005459,7876.227397260274
1782347352,2,,Aggregated,0.500000,0.000000,9,14,22,23,26,33,40,51,2100,2100,2100,366,0,9,24.877405737784674,5.475700003444217,2072.103900005459,7883.393442622951
1782347353,2,,Aggregated,0.500000,0.000000,9,14,22,23,26,33,40,51,2100,2100,2100,366,0,9,24.877405737784674,5.475700003444217,2072.103900005459,7883.393442622951
1782347354,2,,Aggregated,0.500000,0.000000,9,14,22,23,26,33,40,51,2100,2100,2100,366,0,9,24.877405737784674,5.475700003444217,2072.103900005459,7883.393442622951
1782347355,2,,Aggregated,0.600000,0.000000,9,14,22,23,26,33,40,51,2100,2100,2100,368,0,9,24.77521956528938,5.475700003444217,2072.103900005459,7870.309782608696
1782347356,2,,Aggregated,0.600000,0.000000,9,14,22,23,26,33,40,51,2100,2100,2100,368,0,9,24.77521956528938,5.475700003444217,2072.103900005459,7870.309782608696
1782347357,2,,Aggregated,0.600000,0.000000,9,14,22,23,26,33,40,51,2100,2100,2100,368,0,9,24.77521956528938,5.475700003444217,2072.103900005459,7870.309782608696
1782347358,2,,Aggregated,0.600000,0.000000,9,14,22,23,26,33,40,51,2100,2100,2100,368,0,9,24.77521956528938,5.475700003444217,2072.103900005459,7870.309782608696
1782347359,2,,Aggregated,0.600000,0.000000,9,14,22,23,26,33,40,51,2100,2100,2100,369,0,9,24.72637398381794,5.475700003444217,2072.103900005459,7864.875338753388
1782347360,2,,Aggregated,0.600000,0.000000,9,14,22,23,26,33,40,51,2100,2100,2100,370,0,9,24.750041891978046,5.475700003444217,2072.103900005459,7871.994594594595
1782347361,2,,Aggregated,0.600000,0.000000,9,14,22,23,26,33,40,51,2100,2100,2100,371,0,9,24.7791091645128,5.475700003444217,2072.103900005459,7879.075471698113
1782347362,2,,Aggregated,0.600000,0.000000,9,14,22,23,26,33,40,51,2100,2100,2100,372,0,9,24.731816935571416,5.475700003444217,2072.103900005459,7871.569892473119
1782347363,2,,Aggregated,0.500000,0.000000,9,14,22,23,26,33,40,51,2100,2100,2100,373,0,9,24.701550670327673,5.475700003444217,2072.103900005459,7878.613941018767
1782347364,2,,Aggregated,0.500000,0.000000,9,14,22,23,26,33,40,51,2100,2100,2100,373,0,9,24.701550670327673,5.475700003444217,2072.103900005459,7878.613941018767
1782347365,2,,Aggregated,0.600000,0.000000,9,14,22,23,26,34,40,51,2100,2100,2100,374,0,9,24.733028877081406,5.475700003444217,2072.103900005459,7885.620320855615
1782347366,2,,Aggregated,0.700000,0.000000,9,14,22,23,26,34,40,51,2100,2100,2100,375,0,9,24.685868000068393,5.475700003444217,2072.103900005459,7878.157333333334
1782347367,2,,Aggregated,0.700000,0.000000,9,14,22,23,26,34,40,51,2100,2100,2100,375,0,9,24.685868000068393,5.475700003444217,2072.103900005459,7878.157333333334
1782347368,2,,Aggregated,0.600000,0.000000,9,14,22,23,26,34,40,51,2100,2100,2100,376,0,9,24.636628723473745,5.475700003444217,2072.103900005459,7872.803191489362
1782347369,2,,Aggregated,0.600000,0.000000,9,14,22,23,26,34,40,51,2100,2100,2100,376,0,9,24.636628723473745,5.475700003444217,2072.103900005459,7872.803191489362
1782347370,2,,Aggregated,0.700000,0.000000,9,14,22,23,26,34,40,51,2100,2100,2100,377,0,9,24.606260477530643,5.475700003444217,2072.103900005459,7879.7692307692305
1782347371,2,,Aggregated,0.700000,0.000000,9,14,22,23,26,34,40,51,2100,2100,2100,378,0,9,24.60203835986374,5.475700003444217,2072.103900005459,7886.6984126984125
1782347372,2,,Aggregated,0.700000,0.000000,9,14,22,23,26,34,40,51,2100,2100,2100,379,0,9,24.553948021172864,5.475700003444217,2072.103900005459,7881.3641160949865
1782347373,2,,Aggregated,0.700000,0.000000,9,14,22,23,26,34,40,51,2100,2100,2100,379,0,9,24.553948021172864,5.475700003444217,2072.103900005459,7881.3641160949865
1782347374,2,,Aggregated,0.700000,0.000000,9,14,22,23,26,34,40,51,2100,2100,2100,379,0,9,24.553948021172864,5.475700003444217,2072.103900005459,7881.3641160949865
1782347375,2,,Aggregated,0.700000,0.000000,9,14,22,23,26,34,40,51,2100,2100,2100,380,0,9,24.50732684217081,5.475700003444217,2072.103900005459,7874.010526315789
1782347376,2,,Aggregated,0.700000,0.000000,9,14,22,23,26,34,40,51,2100,2100,2100,380,0,9,24.50732684217081,5.475700003444217,2072.103900005459,7874.010526315789
1782347377,2,,Aggregated,0.700000,0.000000,9,14,22,23,26,33,40,51,2100,2100,2100,382,0,9,24.465263612619882,5.475700003444217,2072.103900005459,7873.586387434555
1782347378,2,,Aggregated,0.700000,0.000000,9,14,22,23,26,33,40,51,2100,2100,2100,382,0,9,24.465263612619882,5.475700003444217,2072.103900005459,7873.586387434555
1782347379,2,,Aggregated,0.700000,0.000000,9,14,22,23,26,33,40,51,2100,2100,2100,382,0,9,24.465263612619882,5.475700003444217,2072.103900005459,7873.586387434555
1782347380,2,,Aggregated,0.700000,0.000000,9,14,22,23,26,33,40,51,2100,2100,2100,383,0,9,24.41774281990312,5.475700003444217,2072.103900005459,7868.342036553525
1782347381,2,,Aggregated,0.700000,0.000000,9,14,22,23,26,33,40,51,2100,2100,2100,383,0,9,24.41774281990312,5.475700003444217,2072.103900005459,7868.342036553525
1782347382,2,,Aggregated,0.500000,0.000000,9,14,22,23,26,33,40,51,2100,2100,2100,385,0,9,24.365208052021647,5.475700003444217,2072.103900005459,7869.971428571429
1782347383,2,,Aggregated,0.500000,0.000000,9,14,22,23,26,33,40,51,2100,2100,2100,385,0,9,24.365208052021647,5.475700003444217,2072.103900005459,7869.971428571429
1782347384,2,,Aggregated,0.500000,0.000000,9,14,22,23,26,33,40,51,2100,2100,2100,385,0,9,24.365208052021647,5.475700003444217,2072.103900005459,7869.971428571429
1782347385,2,,Aggregated,0.600000,0.000000,9,14,22,23,26,33,40,51,2100,2100,2100,387,0,9,24.305908785606054,5.475700003444217,2072.103900005459,7869.573643410853
1782347386,2,,Aggregated,0.600000,0.000000,9,14,22,23,26,33,40,51,2100,2100,2100,387,0,9,24.305908785606054,5.475700003444217,2072.103900005459,7869.573643410853
1782347387,2,,Aggregated,0.600000,0.000000,9,14,22,23,26,33,40,51,2100,2100,2100,387,0,9,24.305908785606054,5.475700003444217,2072.103900005459,7869.573643410853
1782347388,2,,Aggregated,0.700000,0.000000,9,14,22,23,26,33,40,51,2100,2100,2100,388,0,9,24.308497165021464,5.475700003444217,2072.103900005459,7876.350515463918
1782347389,2,,Aggregated,0.700000,0.000000,9,14,22,23,26,33,40,51,2100,2100,2100,388,0,9,24.308497165021464,5.475700003444217,2072.103900005459,7876.350515463918
1782347390,2,,Aggregated,0.600000,0.000000,9,14,22,23,26,33,40,51,2100,2100,2100,389,0,9,24.261319023215243,5.475700003444217,2072.103900005459,7871.179948586118
1782347391,2,,Aggregated,0.600000,0.000000,9,14,22,23,26,33,40,51,2100,2100,2100,389,0,9,24.261319023215243,5.475700003444217,2072.103900005459,7871.179948586118
1782347392,2,,Aggregated,0.600000,0.000000,9,14,22,23,26,33,40,51,2100,2100,2100,389,0,9,24.261319023215243,5.475700003444217,2072.103900005459,7871.179948586118
1782347393,2,,Aggregated,0.700000,0.000000,9,14,22,23,26,33,40,51,2100,2100,2100,390,0,9,24.215314615475318,5.475700003444217,2072.103900005459,7866.035897435898
1782347394,2,,Aggregated,0.600000,0.000000,9,14,22,23,26,33,40,51,2100,2100,2100,391,0,9,24.211533759679536,5.475700003444217,2072.103900005459,7872.769820971867
1782347395,2,,Aggregated,0.600000,0.000000,9,14,22,23,26,33,40,51,2100,2100,2100,391,0,9,24.211533759679536,5.475700003444217,2072.103900005459,7872.769820971867
1782347396,2,,Aggregated,0.600000,0.000000,9,14,22,23,26,33,40,51,2100,2100,2100,391,0,9,24.211533759679536,5.475700003444217,2072.103900005459,7872.769820971867
1782347397,2,,Aggregated,0.500000,0.000000,9,14,22,23,26,33,40,51,2100,2100,2100,393,0,9,24.183188549690357,5.475700003444217,2072.103900005459,7872.3638676844785
1782347398,2,,Aggregated,0.500000,0.000000,9,14,22,23,26,33,40,51,2100,2100,2100,393,0,9,24.183188549690357,5.475700003444217,2072.103900005459,7872.3638676844785
1782347399,2,,Aggregated,0.500000,0.000000,9,14,22,23,26,33,40,51,2100,2100,2100,393,0,9,24.183188549690357,5.475700003444217,2072.103900005459,7872.3638676844785
1782347400,2,,Aggregated,0.500000,0.000000,9,14,22,23,26,33,40,51,2100,2100,2100,393,0,9,24.183188549690357,5.475700003444217,2072.103900005459,7872.3638676844785
1782347401,2,,Aggregated,0.500000,0.000000,9,14,22,23,26,33,40,51,2100,2100,2100,394,0,9,24.138215989915082,5.475700003444217,2072.103900005459,7867.269035532995
1782347402,2,,Aggregated,0.500000,0.000000,9,14,22,23,26,33,40,51,2100,2100,2100,395,0,9,24.096513417777103,5.475700003444217,2072.103900005459,7860.230379746836
1782347403,2,,Aggregated,0.500000,0.000000,9,14,22,23,26,33,40,51,2100,2100,2100,395,0,9,24.096513417777103,5.475700003444217,2072.103900005459,7860.230379746836
1782347404,2,,Aggregated,0.600000,0.000000,9,14,22,23,26,33,40,51,2100,2100,2100,397,0,9,24.05858740559999,5.475700003444217,2072.103900005459,7861.851385390428
1782347405,2,,Aggregated,0.600000,0.000000,9,14,22,23,26,33,40,51,2100,2100,2100,397,0,9,24.05858740559999,5.475700003444217,2072.103900005459,7861.851385390428
1782347406,2,,Aggregated,0.600000,0.000000,9,14,22,23,26,33,40,51,2100,2100,2100,397,0,9,24.05858740559999,5.475700003444217,2072.103900005459,7861.851385390428
1782347407,2,,Aggregated,0.600000,0.000000,9,14,22,23,26,33,40,51,2100,2100,2100,399,0,9,23.986804260689073,5.475700003444217,2072.103900005459,7863.456140350877
1782347408,2,,Aggregated,0.600000,0.000000,9,14,22,23,26,33,40,51,2100,2100,2100,399,0,9,23.986804260689073,5.475700003444217,2072.103900005459,7863.456140350877
1782347409,2,,Aggregated,0.600000,0.000000,9,14,22,23,26,33,40,51,2100,2100,2100,399,0,9,23.986804260689073,5.475700003444217,2072.103900005459,7863.456140350877
1782347410,2,,Aggregated,0.600000,0.000000,9,14,22,23,26,33,40,51,2100,2100,2100,399,0,9,23.986804260689073,5.475700003444217,2072.103900005459,7863.456140350877
1782347411,2,,Aggregated,0.600000,0.000000,9,14,22,23,26,33,39,45,2100,2100,2100,401,0,9,23.949067830467367,5.475700003444217,2072.103900005459,7865.044887780548
1782347412,2,,Aggregated,0.600000,0.000000,9,14,22,23,26,33,39,45,2100,2100,2100,401,0,9,23.949067830467367,5.475700003444217,2072.103900005459,7865.044887780548
1782347413,2,,Aggregated,0.600000,0.000000,9,14,22,23,26,33,39,45,2100,2100,2100,402,0,9,23.92131019905945,5.475700003444217,2072.103900005459,7871.5970149253735
1782347414,2,,Aggregated,0.600000,0.000000,9,14,22,23,26,33,39,45,2100,2100,2100,403,0,9,23.93406277920582,5.475700003444217,2072.103900005459,7878.116625310174
1782347415,2,,Aggregated,0.600000,0.000000,9,14,22,23,26,33,39,45,2100,2100,2100,403,0,9,23.93406277920582,5.475700003444217,2072.103900005459,7878.116625310174
1782347416,2,,Aggregated,0.600000,0.000000,9,14,22,23,26,33,39,45,2100,2100,2100,403,0,9,23.93406277920582,5.475700003444217,2072.103900005459,7878.116625310174
1782347417,2,,Aggregated,0.600000,0.000000,9,14,22,23,26,33,39,45,2100,2100,2100,404,0,9,23.891808168357755,5.475700003444217,2072.103900005459,7873.133663366337
1782347418,2,,Aggregated,0.600000,0.000000,9,14,22,23,26,33,39,45,2100,2100,2100,405,0,9,23.89409432101802,5.475700003444217,2072.103900005459,7879.617283950617
1782347419,2,,Aggregated,0.600000,0.000000,9,14,22,23,26,33,39,45,2100,2100,2100,405,0,9,23.89409432101802,5.475700003444217,2072.103900005459,7879.617283950617
1782347420,2,,Aggregated,0.600000,0.000000,9,14,22,23,26,33,39,45,2100,2100,2100,405,0,9,23.89409432101802,5.475700003444217,2072.103900005459,7879.617283950617
1782347421,2,,Aggregated,0.600000,0.000000,9,14,22,23,26,33,39,45,2100,2100,2100,406,0,9,23.866999014814066,5.475700003444217,2072.103900005459,7886.068965517241
1782347422,2,,Aggregated,0.600000,0.000000,9,14,22,23,26,33,39,45,2100,2100,2100,407,0,9,23.826130221165084,5.475700003444217,2072.103900005459,7879.191646191646
1782347423,2,,Aggregated,0.600000,0.000000,9,14,22,23,26,33,39,45,2100,2100,2100,407,0,9,23.826130221165084,5.475700003444217,2072.103900005459,7879.191646191646
1782347424,2,,Aggregated,0.600000,0.000000,9,14,22,23,26,33,39,45,2100,2100,2100,408,0,9,23.825215686313232,5.475700003444217,2072.103900005459,7885.612745098039
1782347425,2,,Aggregated,0.600000,0.000000,9,14,22,23,26,33,39,45,2100,2100,2100,408,0,9,23.825215686313232,5.475700003444217,2072.103900005459,7885.612745098039
1782347426,2,,Aggregated,0.600000,0.000000,9,14,22,23,26,33,39,45,2100,2100,2100,410,0,9,23.758610731743918,5.475700003444217,2072.103900005459,7887.058536585366
1782347427,2,,Aggregated,0.600000,0.000000,9,14,22,23,26,33,39,45,2100,2100,2100,410,0,9,23.758610731743918,5.475700003444217,2072.103900005459,7887.058536585366
1782347428,2,,Aggregated,0.500000,0.000000,9,14,22,23,26,33,39,45,2100,2100,2100,411,0,9,23.719016545043026,5.475700003444217,2072.103900005459,7882.138686131387
1782347429,2,,Aggregated,0.500000,0.000000,9,14,22,23,26,33,39,45,2100,2100,2100,411,0,9,23.719016545043026,5.475700003444217,2072.103900005459,7882.138686131387
1782347430,2,,Aggregated,0.600000,0.000000,9,14,22,23,26,33,39,45,2100,2100,2100,412,0,9,23.680799757324706,5.475700003444217,2072.103900005459,7877.242718446602
1782347431,2,,Aggregated,0.600000,0.000000,9,14,22,23,26,33,39,45,2100,2100,2100,412,0,9,23.680799757324706,5.475700003444217,2072.103900005459,7877.242718446602
1782347432,2,,Aggregated,0.600000,0.000000,9,14,22,23,26,33,39,45,2100,2100,2100,413,0,9,23.68130193708324,5.475700003444217,2072.103900005459,7883.590799031477
1782347433,2,,Aggregated,0.600000,0.000000,9,14,22,23,26,33,39,45,2100,2100,2100,414,0,9,23.64040845413515,5.475700003444217,2072.103900005459,7878.714975845411
1782347434,2,,Aggregated,0.500000,0.000000,9,14,22,23,26,33,39,45,2100,2100,2100,415,0,9,23.611477831345617,5.475700003444217,2072.103900005459,7885.02891566265
1782347435,2,,Aggregated,0.500000,0.000000,9,14,22,23,26,33,39,45,2100,2100,2100,415,0,9,23.611477831345617,5.475700003444217,2072.103900005459,7885.02891566265
1782347436,2,,Aggregated,0.500000,0.000000,9,14,22,23,26,33,39,45,2100,2100,2100,415,0,9,23.611477831345617,5.475700003444217,2072.103900005459,7885.02891566265
1782347437,2,,Aggregated,0.700000,0.000000,9,14,22,23,26,33,39,45,2100,2100,2100,416,0,9,23.57051586540575,5.475700003444217,2072.103900005459,7878.302884615385
1782347438,2,,Aggregated,0.700000,0.000000,9,14,22,23,26,33,39,45,2100,2100,2100,417,0,9,23.57002757796074,5.475700003444217,2072.103900005459,7884.587529976019
1782347439,2,,Aggregated,0.700000,0.000000,9,14,22,23,26,33,39,45,2100,2100,2100,417,0,9,23.57002757796074,5.475700003444217,2072.103900005459,7884.587529976019
1782347440,2,,Aggregated,0.600000,0.000000,9,14,22,23,26,33,39,45,2100,2100,2100,418,0,9,23.528769617238385,5.475700003444217,2072.103900005459,7879.755980861244
1782347441,2,,Aggregated,0.600000,0.000000,9,14,22,23,26,33,39,45,2100,2100,2100,419,0,9,23.494064439144925,5.475700003444217,2072.103900005459,7874.947494033413
1782347442,2,,Aggregated,0.600000,0.000000,9,14,22,23,26,33,39,45,2100,2100,2100,419,0,9,23.494064439144925,5.475700003444217,2072.103900005459,7874.947494033413
1782347443,2,,Aggregated,0.600000,0.000000,9,14,22,23,26,33,39,45,2100,2100,2100,420,0,9,23.452889761912438,5.475700003444217,2072.103900005459,7868.309523809524
1782347444,2,,Aggregated,0.600000,0.000000,9,14,22,23,26,33,39,45,2100,2100,2100,420,0,9,23.452889761912438,5.475700003444217,2072.103900005459,7868.309523809524
1782347445,2,,Aggregated,0.500000,0.000000,9,14,22,23,26,33,39,45,2100,2100,2100,421,0,9,23.461507125895203,5.475700003444217,2072.103900005459,7874.558194774347
1782347446,2,,Aggregated,0.600000,0.000000,9,14,22,23,26,33,39,45,2100,2100,2100,422,0,9,23.435657109006726,5.475700003444217,2072.103900005459,7880.777251184834
1782347448,2,,Aggregated,0.600000,0.000000,9,14,22,23,26,33,39,45,2100,2100,2100,422,0,9,23.435657109006726,5.475700003444217,2072.103900005459,7880.777251184834
1782347449,2,,Aggregated,0.600000,0.000000,9,14,22,23,26,33,39,45,2100,2100,2100,422,0,9,23.435657109006726,5.475700003444217,2072.103900005459,7880.777251184834
1782347450,2,,Aggregated,0.600000,0.000000,9,14,22,23,26,33,39,45,2100,2100,2100,422,0,9,23.435657109006726,5.475700003444217,2072.103900005459,7880.777251184834
1782347451,2,,Aggregated,0.600000,0.000000,9,14,22,23,26,33,39,45,2100,2100,2100,423,0,9,23.39788132386935,5.475700003444217,2072.103900005459,7874.172576832151
1782347452,2,,Aggregated,0.500000,0.000000,9,14,22,23,26,33,39,45,2100,2100,2100,424,0,9,23.35753608490192,5.475700003444217,2072.103900005459,7867.5990566037735
1782347453,2,,Aggregated,0.500000,0.000000,9,14,22,23,26,33,39,45,2100,2100,2100,424,0,9,23.35753608490192,5.475700003444217,2072.103900005459,7867.5990566037735
1782347454,2,,Aggregated,0.500000,0.000000,9,14,22,23,26,33,39,45,2100,2100,2100,425,0,9,23.31796682352433,5.475700003444217,2072.103900005459,7861.056470588235
1782347455,2,,Aggregated,0.500000,0.000000,9,14,22,23,26,33,39,45,2100,2100,2100,426,0,9,23.316034507027585,5.475700003444217,2072.103900005459,7867.24882629108
1782347456,2,,Aggregated,0.500000,0.000000,9,14,22,23,26,33,39,45,2100,2100,2100,426,0,9,23.316034507027585,5.475700003444217,2072.103900005459,7867.24882629108
1782347457,2,,Aggregated,0.500000,0.000000,9,14,22,23,26,33,39,45,2100,2100,2100,427,0,9,23.276793911001555,5.475700003444217,2072.103900005459,7860.737704918033
1782347458,2,,Aggregated,0.500000,0.000000,9,14,22,23,26,33,39,45,2100,2100,2100,427,0,9,23.276793911001555,5.475700003444217,2072.103900005459,7860.737704918033
1782347459,2,,Aggregated,0.500000,0.000000,9,14,22,23,26,33,39,45,2100,2100,2100,428,0,9,23.237625700943187,5.475700003444217,2072.103900005459,7854.257009345794
1782347460,2,,Aggregated,0.500000,0.000000,9,14,22,23,26,33,39,45,2100,2100,2100,428,0,9,23.237625700943187,5.475700003444217,2072.103900005459,7854.257009345794
1782347461,2,,Aggregated,0.500000,0.000000,9,14,22,23,26,33,39,45,2100,2100,2100,429,0,9,23.237704662017936,5.475700003444217,2072.103900005459,7860.421911421911
1782347462,2,,Aggregated,0.500000,0.000000,9,14,22,23,26,33,39,45,2100,2100,2100,429,0,9,23.237704662017936,5.475700003444217,2072.103900005459,7860.421911421911
1782347463,2,,Aggregated,0.600000,0.000000,9,14,22,23,26,33,39,45,2100,2100,2100,430,0,9,23.199423488387215,5.475700003444217,2072.103900005459,7853.972093023256
1782347464,2,,Aggregated,0.600000,0.000000,9,14,22,23,26,33,39,45,2100,2100,2100,430,0,9,23.199423488387215,5.475700003444217,2072.103900005459,7853.972093023256
1782347465,2,,Aggregated,0.600000,0.000000,9,14,22,23,26,33,39,45,2100,2100,2100,430,0,9,23.199423488387215,5.475700003444217,2072.103900005459,7853.972093023256
1782347466,2,,Aggregated,0.600000,0.000000,9,14,22,23,26,33,39,45,2100,2100,2100,431,0,9,23.199040835269233,5.475700003444217,2072.103900005459,7860.109048723898
1782347467,2,,Aggregated,0.500000,0.000000,9,14,22,23,26,33,39,45,2100,2100,2100,432,0,9,23.16110509258983,5.475700003444217,2072.103900005459,7855.490740740741
1782347468,2,,Aggregated,0.400000,0.000000,9,14,22,23,26,33,39,45,2100,2100,2100,433,0,9,23.123672979203775,5.475700003444217,2072.103900005459,7850.89376443418
1782347469,2,,Aggregated,0.400000,0.000000,9,14,22,23,26,33,39,45,2100,2100,2100,433,0,9,23.123672979203775,5.475700003444217,2072.103900005459,7850.89376443418
1782347470,2,,Aggregated,0.500000,0.000000,9,14,22,23,26,33,39,45,2100,2100,2100,434,0,9,23.08487027648084,5.475700003444217,2072.103900005459,7846.317972350231
1782347471,2,,Aggregated,0.600000,0.000000,9,14,22,23,26,33,39,45,2100,2100,2100,435,0,9,23.04588620687752,5.475700003444217,2072.103900005459,7841.7632183908045
1782347472,2,,Aggregated,0.600000,0.000000,9,14,22,23,26,33,39,45,2100,2100,2100,435,0,9,23.04588620687752,5.475700003444217,2072.103900005459,7841.7632183908045
1782347473,2,,Aggregated,0.600000,0.000000,9,14,22,23,26,33,39,45,2100,2100,2100,436,0,9,23.043101605478757,5.475700003444217,2072.103900005459,7847.857798165138
1782347474,2,,Aggregated,0.600000,0.000000,9,14,22,23,26,33,39,45,2100,2100,2100,437,0,9,23.016304576618158,5.475700003444217,2072.103900005459,7853.924485125858
1782347475,2,,Aggregated,0.600000,0.000000,9,14,22,23,26,33,39,45,2100,2100,2100,438,0,9,22.994492465729046,5.475700003444217,2072.103900005459,7859.963470319634
1782347476,2,,Aggregated,0.600000,0.000000,9,14,22,23,26,33,39,45,2100,2100,2100,438,0,9,22.994492465729046,5.475700003444217,2072.103900005459,7859.963470319634
1782347477,2,,Aggregated,0.600000,0.000000,9,14,22,23,26,33,39,45,2100,2100,2100,440,0,9,22.930922954533756,5.475700003444217,2072.103900005459,7861.427272727273
1782347478,2,,Aggregated,0.600000,0.000000,9,14,22,23,26,33,39,45,2100,2100,2100,440,0,9,22.930922954533756,5.475700003444217,2072.103900005459,7861.427272727273
1782347479,2,,Aggregated,0.600000,0.000000,9,14,22,23,26,33,39,45,2100,2100,2100,440,0,9,22.930922954533756,5.475700003444217,2072.103900005459,7861.427272727273
1782347480,2,,Aggregated,0.700000,0.000000,9,14,22,23,26,32,39,45,2100,2100,2100,441,0,9,22.893311564605725,5.475700003444217,2072.103900005459,7856.90022675737
1782347481,2,,Aggregated,0.700000,0.000000,9,14,22,23,26,32,39,45,2100,2100,2100,442,0,9,22.854921945677706,5.475700003444217,2072.103900005459,7850.633484162896
1782347482,2,,Aggregated,0.700000,0.000000,9,14,22,23,26,32,39,45,2100,2100,2100,442,0,9,22.854921945677706,5.475700003444217,2072.103900005459,7850.633484162896
1782347483,2,,Aggregated,0.600000,0.000000,9,14,22,23,26,32,39,45,2100,2100,2100,443,0,9,22.854322573347055,5.475700003444217,2072.103900005459,7856.611738148984
1782347484,2,,Aggregated,0.600000,0.000000,9,14,22,23,26,32,39,45,2100,2100,2100,443,0,9,22.854322573347055,5.475700003444217,2072.103900005459,7856.611738148984
1782347485,2,,Aggregated,0.700000,0.000000,9,14,22,23,26,33,39,45,2100,2100,2100,444,0,9,22.88069391890842,5.475700003444217,2072.103900005459,7862.563063063063
1782347486,2,,Aggregated,0.700000,0.000000,9,14,22,23,26,33,39,45,2100,2100,2100,444,0,9,22.88069391890842,5.475700003444217,2072.103900005459,7862.563063063063
1782347487,2,,Aggregated,0.700000,0.000000,9,14,22,23,26,33,39,45,2100,2100,2100,445,0,9,22.844294157304954,5.475700003444217,2072.103900005459,7858.074157303371
1782347488,2,,Aggregated,0.700000,0.000000,9,14,22,23,26,33,39,45,2100,2100,2100,445,0,9,22.844294157304954,5.475700003444217,2072.103900005459,7858.074157303371
1782347489,2,,Aggregated,0.600000,0.000000,9,14,22,23,26,33,39,45,2100,2100,2100,446,0,9,22.845177578485586,5.475700003444217,2072.103900005459,7863.995515695067
1782347490,2,,Aggregated,0.500000,0.000000,9,14,22,23,26,33,39,45,2100,2100,2100,447,0,9,22.808483221496026,5.475700003444217,2072.103900005459,7859.523489932886
1782347491,2,,Aggregated,0.600000,0.000000,9,14,22,23,26,33,39,45,2100,2100,2100,448,0,9,22.77215803573134,5.475700003444217,2072.103900005459,7855.071428571428
1782347492,2,,Aggregated,0.600000,0.000000,9,14,22,23,26,33,39,45,2100,2100,2100,448,0,9,22.77215803573134,5.475700003444217,2072.103900005459,7855.071428571428
1782347493,2,,Aggregated,0.700000,0.000000,9,14,22,23,26,33,39,45,2100,2100,2100,449,0,9,22.738664365262192,5.475700003444217,2072.103900005459,7848.906458797327
1782347494,2,,Aggregated,0.700000,0.000000,9,14,22,23,26,33,39,45,2100,2100,2100,449,0,9,22.738664365262192,5.475700003444217,2072.103900005459,7848.906458797327
1782347495,2,,Aggregated,0.600000,0.000000,9,14,22,23,26,33,39,45,2100,2100,2100,450,0,9,22.703659777794705,5.475700003444217,2072.103900005459,7842.768888888889
1782347496,2,,Aggregated,0.600000,0.000000,9,14,22,23,26,33,39,45,2100,2100,2100,451,0,9,22.74493126386695,5.475700003444217,2072.103900005459,7848.658536585366
1782347497,2,,Aggregated,0.600000,0.000000,9,14,22,23,26,33,39,45,2100,2100,2100,451,0,9,22.74493126386695,5.475700003444217,2072.103900005459,7848.658536585366
1782347498,2,,Aggregated,0.600000,0.000000,9,14,22,23,26,33,39,45,2100,2100,2100,451,0,9,22.74493126386695,5.475700003444217,2072.103900005459,7848.658536585366
1782347499,2,,Aggregated,0.600000,0.000000,9,14,22,23,26,33,39,45,2100,2100,2100,451,0,9,22.74493126386695,5.475700003444217,2072.103900005459,7848.658536585366
1782347500,2,,Aggregated,0.600000,0.000000,9,14,22,23,26,33,39,45,2100,2100,2100,453,0,9,22.71490242825572,5.475700003444217,2072.103900005459,7848.412803532009
1782347501,2,,Aggregated,0.600000,0.000000,9,14,22,23,26,33,39,45,2100,2100,2100,453,0,9,22.71490242825572,5.475700003444217,2072.103900005459,7848.412803532009
1782347502,2,,Aggregated,0.600000,0.000000,9,14,22,23,26,33,39,45,2100,2100,2100,453,0,9,22.71490242825572,5.475700003444217,2072.103900005459,7848.412803532009
1782347503,2,,Aggregated,0.600000,0.000000,9,14,22,23,26,33,39,45,2100,2100,2100,453,0,9,22.71490242825572,5.475700003444217,2072.103900005459,7848.412803532009
1782347504,2,,Aggregated,0.500000,0.000000,9,14,22,23,26,33,39,45,2100,2100,2100,455,0,9,22.66834461537016,5.475700003444217,2072.103900005459,7860.063736263736
1782347505,2,,Aggregated,0.500000,0.000000,9,14,22,23,26,33,39,45,2100,2100,2100,455,0,9,22.66834461537016,5.475700003444217,2072.103900005459,7860.063736263736
1782347506,2,,Aggregated,0.500000,0.000000,9,14,22,23,26,33,39,45,2100,2100,2100,455,0,9,22.66834461537016,5.475700003444217,2072.103900005459,7860.063736263736
1782347507,2,,Aggregated,0.600000,0.000000,9,14,22,23,26,33,39,45,2100,2100,2100,456,0,9,22.632788157894986,5.475700003444217,2072.103900005459,7855.688596491228
1782347508,2,,Aggregated,0.600000,0.000000,9,14,22,23,26,33,39,45,2100,2100,2100,456,0,9,22.632788157894986,5.475700003444217,2072.103900005459,7855.688596491228
1782347509,2,,Aggregated,0.500000,0.000000,9,14,22,23,26,33,39,45,2100,2100,2100,457,0,9,22.64671641138229,5.475700003444217,2072.103900005459,7861.472647702407
1782347510,2,,Aggregated,0.400000,0.000000,9,14,22,23,26,33,39,45,2100,2100,2100,458,0,9,22.62327685590867,5.475700003444217,2072.103900005459,7867.231441048035
1782347511,2,,Aggregated,0.600000,0.000000,9,14,22,23,26,33,39,45,2100,2100,2100,459,0,9,22.600450108944635,5.475700003444217,2072.103900005459,7872.965141612201
1782347512,2,,Aggregated,0.600000,0.000000,9,14,22,23,26,33,39,45,2100,2100,2100,459,0,9,22.600450108944635,5.475700003444217,2072.103900005459,7872.965141612201
1782347513,2,,Aggregated,0.500000,0.000000,9,14,22,23,26,33,39,45,2100,2100,2100,460,0,9,22.58051847828661,5.475700003444217,2072.103900005459,7878.673913043478
1782347514,2,,Aggregated,0.500000,0.000000,9,14,22,23,26,33,39,45,2100,2100,2100,460,0,9,22.58051847828661,5.475700003444217,2072.103900005459,7878.673913043478
1782347515,2,,Aggregated,0.600000,0.000000,9,14,22,23,26,33,39,45,2100,2100,2100,461,0,9,22.54443709329647,5.475700003444217,2072.103900005459,7872.618221258134
1782347516,2,,Aggregated,0.600000,0.000000,9,14,22,23,26,33,39,45,2100,2100,2100,462,0,9,22.54376082253822,5.475700003444217,2072.103900005459,7878.30303030303
1782347517,2,,Aggregated,0.600000,0.000000,9,14,22,23,26,33,39,45,2100,2100,2100,462,0,9,22.54376082253822,5.475700003444217,2072.103900005459,7878.30303030303
1782347518,2,,Aggregated,0.600000,0.000000,9,14,22,23,26,33,39,45,2100,2100,2100,462,0,9,22.54376082253822,5.475700003444217,2072.103900005459,7878.30303030303
1782347519,2,,Aggregated,0.700000,0.000000,9,14,22,23,26,33,39,45,2100,2100,2100,463,0,9,22.533511231133797,5.475700003444217,2072.103900005459,7883.963282937365
1782347520,2,,Aggregated,0.700000,0.000000,9,14,22,23,26,33,39,45,2100,2100,2100,464,0,9,22.552987715557563,5.475700003444217,2072.103900005459,7889.599137931034
1782347521,2,,Aggregated,0.500000,0.000000,9,14,22,23,26,33,39,45,2100,2100,2100,465,0,9,22.55394989250651,5.475700003444217,2072.103900005459,7895.210752688172
1782347522,2,,Aggregated,0.500000,0.000000,9,14,22,23,26,33,39,45,2100,2100,2100,465,0,9,22.55394989250651,5.475700003444217,2072.103900005459,7895.210752688172
1782347523,2,,Aggregated,0.500000,0.000000,9,14,22,23,26,33,39,45,2100,2100,2100,465,0,9,22.55394989250651,5.475700003444217,2072.103900005459,7895.210752688172
1782347524,2,,Aggregated,0.600000,0.000000,9,14,22,23,26,33,39,45,2100,2100,2100,466,0,9,22.531803218914394,5.475700003444217,2072.103900005459,7900.798283261803
1782347525,2,,Aggregated,0.600000,0.000000,9,14,22,23,26,33,39,45,2100,2100,2100,467,0,9,22.52119143471786,5.475700003444217,2072.103900005459,7906.361884368308
1782347526,2,,Aggregated,0.500000,0.000000,9,14,22,23,26,33,39,45,2100,2100,2100,468,0,9,22.48457670943119,5.385500000556931,2072.103900005459,7902.0
1782347527,2,,Aggregated,0.500000,0.000000,9,14,22,23,26,33,39,45,2100,2100,2100,468,0,9,22.48457670943119,5.385500000556931,2072.103900005459,7902.0
1782347528,2,,Aggregated,0.500000,0.000000,9,14,22,23,26,33,39,45,2100,2100,2100,468,0,9,22.48457670943119,5.385500000556931,2072.103900005459,7902.0
1782347529,2,,Aggregated,0.500000,0.000000,9,14,22,23,26,33,39,45,2100,2100,2100,468,0,9,22.48457670943119,5.385500000556931,2072.103900005459,7902.0
1782347530,2,,Aggregated,0.600000,0.000000,9,14,22,23,26,33,39,45,2100,2100,2100,469,0,9,22.51949786783014,5.385500000556931,2072.103900005459,7907.537313432836
1782347531,2,,Aggregated,0.600000,0.000000,9,14,22,23,26,33,39,45,2100,2100,2100,470,0,9,22.500864042577884,5.385500000556931,2072.103900005459,7913.051063829787
1782347532,2,,Aggregated,0.600000,0.000000,9,14,22,23,26,33,39,45,2100,2100,2100,470,0,9,22.500864042577884,5.385500000556931,2072.103900005459,7913.051063829787
1782347533,2,,Aggregated,0.600000,0.000000,9,14,22,23,26,33,39,45,2100,2100,2100,470,0,9,22.500864042577884,5.385500000556931,2072.103900005459,7913.051063829787
1782347534,2,,Aggregated,0.500000,0.000000,9,14,22,23,26,33,39,45,2100,2100,2100,471,0,9,22.467317834409744,5.385500000556931,2072.103900005459,7907.050955414013
1782347535,2,,Aggregated,0.500000,0.000000,9,14,22,23,26,33,39,45,2100,2100,2100,472,0,9,22.435674152556032,5.385500000556931,2072.103900005459,7902.724576271186
1782347536,2,,Aggregated,0.500000,0.000000,9,14,22,23,26,33,39,45,2100,2100,2100,472,0,9,22.435674152556032,5.385500000556931,2072.103900005459,7902.724576271186
1782347537,2,,Aggregated,0.500000,0.000000,9,14,22,23,26,33,39,45,2100,2100,2100,473,0,9,22.44192071883985,5.385500000556931,2072.103900005459,7908.213530655391
1782347538,2,,Aggregated,0.500000,0.000000,9,14,22,23,26,33,39,45,2100,2100,2100,474,0,9,22.409721940948273,5.385500000556931,2072.103900005459,7902.261603375528
1782347539,2,,Aggregated,0.500000,0.000000,9,14,22,23,26,33,39,45,2100,2100,2100,474,0,9,22.409721940948273,5.385500000556931,2072.103900005459,7902.261603375528
1782347540,2,,Aggregated,0.500000,0.000000,9,14,22,23,26,33,39,45,2100,2100,2100,475,0,9,22.377900421071036,5.385500000556931,2072.103900005459,7897.972631578948
1782347541,2,,Aggregated,0.600000,0.000000,9,14,22,23,26,33,39,45,2100,2100,2100,476,0,9,22.378412815149723,5.385500000556931,2072.103900005459,7903.436974789916
1782347542,2,,Aggregated,0.600000,0.000000,9,14,22,23,26,33,39,45,2100,2100,2100,476,0,9,22.378412815149723,5.385500000556931,2072.103900005459,7903.436974789916
1782347543,2,,Aggregated,0.600000,0.000000,9,14,22,23,26,33,39,45,2100,2100,2100,477,0,9,22.358173584934413,5.385500000556931,2072.103900005459,7908.878406708595
1782347544,2,,Aggregated,0.600000,0.000000,9,14,22,23,26,33,39,45,2100,2100,2100,477,0,9,22.358173584934413,5.385500000556931,2072.103900005459,7908.878406708595
1782347545,2,,Aggregated,0.600000,0.000000,9,14,22,23,26,33,39,45,2100,2100,2100,478,0,9,22.330703765733404,5.385500000556931,2072.103900005459,7902.9748953974895
1782347546,2,,Aggregated,0.600000,0.000000,9,14,22,23,26,33,39,45,2100,2100,2100,478,0,9,22.330703765733404,5.385500000556931,2072.103900005459,7902.9748953974895
1782347547,2,,Aggregated,0.700000,0.000000,9,14,22,23,26,33,40,45,2100,2100,2100,479,0,9,22.370228183770866,5.385500000556931,2072.103900005459,7908.394572025052
1782347548,2,,Aggregated,0.700000,0.000000,9,14,22,23,26,33,40,45,2100,2100,2100,479,0,9,22.370228183770866,5.385500000556931,2072.103900005459,7908.394572025052
1782347549,2,,Aggregated,0.600000,0.000000,9,14,22,23,26,33,40,45,2100,2100,2100,480,0,9,22.362066041720635,5.385500000556931,2072.103900005459,7913.791666666667
1782347550,2,,Aggregated,0.600000,0.000000,9,14,22,23,26,33,40,45,2100,2100,2100,481,0,9,22.32762120587034,5.385500000556931,2072.103900005459,7907.914760914761
1782347551,2,,Aggregated,0.600000,0.000000,9,14,22,23,26,33,40,45,2100,2100,2100,481,0,9,22.32762120587034,5.385500000556931,2072.103900005459,7907.914760914761
1782347552,2,,Aggregated,0.500000,0.000000,9,14,22,23,26,33,40,45,2100,2100,2100,482,0,9,22.296882365194186,5.385500000556931,2072.103900005459,7903.676348547718
1782347553,2,,Aggregated,0.600000,0.000000,9,14,22,23,26,33,40,45,2100,2100,2100,483,0,9,22.29575175988053,5.385500000556931,2072.103900005459,7909.0496894409935
1782347554,2,,Aggregated,0.600000,0.000000,9,14,22,23,26,33,40,45,2100,2100,2100,483,0,9,22.29575175988053,5.385500000556931,2072.103900005459,7909.0496894409935
1782347555,2,,Aggregated,0.600000,0.000000,9,14,22,23,26,33,40,45,2100,2100,2100,483,0,9,22.29575175988053,5.385500000556931,2072.103900005459,7909.0496894409935
1782347556,2,,Aggregated,0.600000,0.000000,9,14,22,23,26,33,40,45,2100,2100,2100,484,0,9,22.26351756202769,5.385500000556931,2072.103900005459,7903.219008264463
1782347557,2,,Aggregated,0.600000,0.000000,9,14,22,23,26,33,40,45,2100,2100,2100,484,0,9,22.26351756202769,5.385500000556931,2072.103900005459,7903.219008264463
1782347558,2,,Aggregated,0.500000,0.000000,9,14,22,23,26,33,40,45,2100,2100,2100,485,0,9,22.24659175261286,5.385500000556931,2072.103900005459,7908.571134020619
1782347559,2,,Aggregated,0.500000,0.000000,9,14,22,23,26,33,40,45,2100,2100,2100,485,0,9,22.24659175261286,5.385500000556931,2072.103900005459,7908.571134020619
1782347560,2,,Aggregated,0.500000,0.000000,9,14,22,23,26,33,40,45,2100,2100,2100,487,0,9,22.23844763863372,5.385500000556931,2072.103900005459,7919.209445585216
1782347561,2,,Aggregated,0.500000,0.000000,9,14,22,23,26,33,40,45,2100,2100,2100,487,0,9,22.23844763863372,5.385500000556931,2072.103900005459,7919.209445585216
1782347562,2,,Aggregated,0.500000,0.000000,9,14,22,23,26,33,40,45,2100,2100,2100,487,0,9,22.23844763863372,5.385500000556931,2072.103900005459,7919.209445585216
1782347563,2,,Aggregated,0.600000,0.000000,9,14,22,23,26,33,40,45,2100,2100,2100,488,0,9,22.218451639375537,5.385500000556931,2072.103900005459,7924.495901639344
1782347564,2,,Aggregated,0.600000,0.000000,9,14,22,23,26,33,40,45,2100,2100,2100,488,0,9,22.218451639375537,5.385500000556931,2072.103900005459,7924.495901639344
1782347565,2,,Aggregated,0.500000,0.000000,9,14,22,23,26,33,40,45,2100,2100,2100,489,0,9,22.186704908003282,5.385500000556931,2072.103900005459,7920.284253578732
1782347566,2,,Aggregated,0.500000,0.000000,9,14,22,23,26,33,40,45,2100,2100,2100,489,0,9,22.186704908003282,5.385500000556931,2072.103900005459,7920.284253578732
1782347567,2,,Aggregated,0.500000,0.000000,9,14,22,23,26,33,40,45,2100,2100,2100,490,0,9,22.152735918391453,5.385500000556931,2072.103900005459,7916.089795918368
1782347568,2,,Aggregated,0.500000,0.000000,9,14,22,23,26,33,40,45,2100,2100,2100,491,0,9,22.170988187386396,5.385500000556931,2072.103900005459,7921.3503054989815
1782347569,2,,Aggregated,0.500000,0.000000,9,14,22,23,26,33,40,45,2100,2100,2100,491,0,9,22.170988187386396,5.385500000556931,2072.103900005459,7921.3503054989815
1782347571,2,,Aggregated,0.700000,0.000000,9,14,22,23,26,33,40,45,2100,2100,2100,493,0,9,22.15909716025827,5.385500000556931,2072.103900005459,7931.807302231237
1782347572,2,,Aggregated,0.700000,0.000000,9,14,22,23,26,33,40,45,2100,2100,2100,493,0,9,22.15909716025827,5.385500000556931,2072.103900005459,7931.807302231237
1782347573,2,,Aggregated,0.600000,0.000000,9,14,22,23,26,33,40,45,2100,2100,2100,494,0,9,22.12593400811596,5.385500000556931,2072.103900005459,7927.6234817813765
1782347574,2,,Aggregated,0.600000,0.000000,9,14,22,23,26,33,40,45,2100,2100,2100,495,0,9,22.093631313158895,5.385500000556931,2072.103900005459,7923.4565656565655
1782347575,2,,Aggregated,0.600000,0.000000,9,14,22,23,26,33,40,45,2100,2100,2100,495,0,9,22.093631313158895,5.385500000556931,2072.103900005459,7923.4565656565655
1782347576,2,,Aggregated,0.700000,0.000000,9,14,22,23,26,33,40,45,2100,2100,2100,496,0,9,22.09801068550904,5.385500000556931,2072.103900005459,7928.649193548387
1782347577,2,,Aggregated,0.700000,0.000000,9,14,22,23,26,33,40,45,2100,2100,2100,497,0,9,22.066776861187908,5.385500000556931,2072.103900005459,7924.496981891348
1782347578,2,,Aggregated,0.700000,0.000000,9,14,22,23,26,33,40,45,2100,2100,2100,498,0,9,22.052237751026897,5.385500000556931,2072.103900005459,7929.666666666667
1782347579,2,,Aggregated,0.700000,0.000000,9,14,22,23,26,33,40,45,2100,2100,2100,498,0,9,22.052237751026897,5.385500000556931,2072.103900005459,7929.666666666667
1782347580,2,,Aggregated,0.700000,0.000000,9,14,22,23,26,33,40,45,2100,2100,2100,498,0,9,22.052237751026897,5.385500000556931,2072.103900005459,7929.666666666667
1782347581,2,,Aggregated,0.700000,0.000000,9,14,22,23,26,33,40,45,2100,2100,2100,499,0,9,22.0549388777763,5.385500000556931,2072.103900005459,7934.815631262525
1782347582,2,,Aggregated,0.700000,0.000000,9,14,22,23,26,33,40,45,2100,2100,2100,500,0,9,22.033161600018502,5.385500000556931,2072.103900005459,7939.944
1782347583,2,,Aggregated,0.700000,0.000000,9,14,22,23,26,33,40,45,2100,2100,2100,500,0,9,22.033161600018502,5.385500000556931,2072.103900005459,7939.944
1782347584,2,,Aggregated,0.600000,0.000000,9,14,22,23,26,33,39,43,2100,2100,2100,501,0,9,22.00286187627841,5.385500000556931,2072.103900005459,7934.249500998004
1782347585,2,,Aggregated,0.600000,0.000000,9,14,22,23,26,33,39,43,2100,2100,2100,501,0,9,22.00286187627841,5.385500000556931,2072.103900005459,7934.249500998004
1782347586,2,,Aggregated,0.600000,0.000000,9,14,22,23,26,33,39,43,2100,2100,2100,502,0,9,21.974495617563576,5.385500000556931,2072.103900005459,7930.12749003984
1782347587,2,,Aggregated,0.600000,0.000000,9,14,22,23,26,33,39,43,2100,2100,2100,503,0,9,21.975585884737708,5.385500000556931,2072.103900005459,7935.234592445328
1782347588,2,,Aggregated,0.600000,0.000000,9,14,22,23,26,33,39,43,2100,2100,2100,504,0,9,21.94885456354689,5.385500000556931,2072.103900005459,7929.583333333333
1782347589,2,,Aggregated,0.600000,0.000000,9,14,22,23,26,33,39,43,2100,2100,2100,505,0,9,21.9616819802576,5.385500000556931,2072.103900005459,7934.671287128713
1782347590,2,,Aggregated,0.600000,0.000000,9,14,22,23,26,33,39,43,2100,2100,2100,506,0,9,21.942429051446574,5.385500000556931,2072.103900005459,7939.739130434783
1782347591,2,,Aggregated,0.600000,0.000000,9,14,22,23,26,33,39,43,2100,2100,2100,506,0,9,21.942429051446574,5.385500000556931,2072.103900005459,7939.739130434783
1782347592,2,,Aggregated,0.700000,0.000000,9,14,22,23,26,33,39,43,2100,2100,2100,507,0,9,21.91041676534872,5.385500000556931,2072.103900005459,7935.646942800789
1782347593,2,,Aggregated,0.700000,0.000000,9,14,22,23,26,33,39,43,2100,2100,2100,508,0,9,21.883276378016095,5.385500000556931,2072.103900005459,7931.570866141732
1782347594,2,,Aggregated,0.700000,0.000000,9,14,22,23,26,33,39,43,2100,2100,2100,508,0,9,21.883276378016095,5.385500000556931,2072.103900005459,7931.570866141732
1782347595,2,,Aggregated,0.700000,0.000000,9,14,22,23,26,33,39,43,2100,2100,2100,508,0,9,21.883276378016095,5.385500000556931,2072.103900005459,7931.570866141732
1782347596,2,,Aggregated,0.700000,0.000000,9,14,22,23,26,33,39,43,2100,2100,2100,509,0,9,21.854057760380527,5.385500000556931,2072.103900005459,7925.98231827112
1782347597,2,,Aggregated,0.700000,0.000000,9,14,22,23,26,33,39,43,2100,2100,2100,509,0,9,21.854057760380527,5.385500000556931,2072.103900005459,7925.98231827112
1782347598,2,,Aggregated,0.700000,0.000000,9,14,22,23,26,33,39,43,2100,2100,2100,510,0,9,21.853511960844294,5.385500000556931,2072.103900005459,7931.027450980392
1782347599,2,,Aggregated,0.700000,0.000000,9,14,22,23,26,33,39,43,2100,2100,2100,511,0,9,21.826349510815827,5.385500000556931,2072.103900005459,7926.984344422701
1782347600,2,,Aggregated,0.700000,0.000000,9,14,22,23,26,33,39,43,2100,2100,2100,511,0,9,21.826349510815827,5.385500000556931,2072.103900005459,7926.984344422701
1782347601,2,,Aggregated,0.700000,0.000000,9,14,22,23,26,33,39,43,2100,2100,2100,511,0,9,21.826349510815827,5.385500000556931,2072.103900005459,7926.984344422701
1782347602,2,,Aggregated,0.600000,0.000000,9,14,22,23,26,33,39,43,2100,2100,2100,512,0,9,21.79612480473736,5.385500000556931,2072.103900005459,7921.4375
1782347603,2,,Aggregated,0.500000,0.000000,9,14,22,23,26,33,39,43,2100,2100,2100,513,0,9,21.76791013651162,5.385500000556931,2072.103900005459,7915.912280701755
1782347604,2,,Aggregated,0.500000,0.000000,9,14,22,23,26,33,39,43,2100,2100,2100,513,0,9,21.76791013651162,5.385500000556931,2072.103900005459,7915.912280701755
1782347605,2,,Aggregated,0.500000,0.000000,9,14,22,23,26,33,39,43,2100,2100,2100,513,0,9,21.76791013651162,5.385500000556931,2072.103900005459,7915.912280701755
1782347606,2,,Aggregated,0.600000,0.000000,9,14,22,23,26,33,39,43,2100,2100,2100,514,0,9,21.771969066208374,5.385500000556931,2072.103900005459,7920.937743190661
1782347607,2,,Aggregated,0.500000,0.000000,9,14,22,23,26,33,39,43,2100,2100,2100,515,0,9,21.78060912626888,5.385500000556931,2072.103900005459,7925.943689320388
1782347608,2,,Aggregated,0.500000,0.000000,9,14,22,23,26,33,39,43,2100,2100,2100,515,0,9,21.78060912626888,5.385500000556931,2072.103900005459,7925.943689320388
1782347609,2,,Aggregated,0.500000,0.000000,9,14,22,23,26,33,39,43,2100,2100,2100,515,0,9,21.78060912626888,5.385500000556931,2072.103900005459,7925.943689320388
1782347610,2,,Aggregated,0.600000,0.000000,9,14,22,23,26,33,39,43,2100,2100,2100,516,0,9,21.75254418609764,5.385500000556931,2072.103900005459,7921.949612403101
1782347611,2,,Aggregated,0.400000,0.000000,9,14,22,23,26,33,39,43,2100,2100,2100,517,0,9,21.75405377180296,5.385500000556931,2072.103900005459,7926.934235976789
1782347612,2,,Aggregated,0.400000,0.000000,9,14,22,23,26,33,39,43,2100,2100,2100,517,0,9,21.75405377180296,5.385500000556931,2072.103900005459,7926.934235976789
1782347613,2,,Aggregated,0.400000,0.000000,9,14,22,23,26,33,39,43,2100,2100,2100,517,0,9,21.75405377180296,5.385500000556931,2072.103900005459,7926.934235976789
1782347614,2,,Aggregated,0.500000,0.000000,9,14,22,23,26,33,39,43,2100,2100,2100,518,0,9,21.726665637095397,5.385500000556931,2072.103900005459,7922.953667953668
1782347615,2,,Aggregated,0.500000,0.000000,9,14,22,23,26,33,39,43,2100,2100,2100,519,0,9,21.695709441273596,5.385500000556931,2072.103900005459,7918.9884393063585
1782347616,2,,Aggregated,0.500000,0.000000,9,14,22,23,26,33,39,43,2100,2100,2100,519,0,9,21.695709441273596,5.385500000556931,2072.103900005459,7918.9884393063585
1782347617,2,,Aggregated,0.600000,0.000000,9,14,22,23,26,33,39,43,2100,2100,2100,520,0,9,21.71749403850509,5.385500000556931,2072.103900005459,7923.95
1782347618,2,,Aggregated,0.600000,0.000000,9,14,22,23,26,33,39,43,2100,2100,2100,520,0,9,21.71749403850509,5.385500000556931,2072.103900005459,7923.95
1782347619,2,,Aggregated,0.500000,0.000000,9,14,22,23,26,33,39,43,2100,2100,2100,521,0,9,21.698783877194632,5.385500000556931,2072.103900005459,7928.892514395394
1782347620,2,,Aggregated,0.400000,0.000000,9,14,22,23,26,33,39,43,2100,2100,2100,522,0,9,21.678273180106938,5.385500000556931,2072.103900005459,7933.816091954023
1782347621,2,,Aggregated,0.400000,0.000000,9,14,22,23,26,33,39,43,2100,2100,2100,522,0,9,21.678273180106938,5.385500000556931,2072.103900005459,7933.816091954023
1782347622,2,,Aggregated,0.600000,0.000000,9,14,22,23,26,33,39,43,2100,2100,2100,524,0,9,21.69359103057639,5.385500000556931,2072.103900005459,7943.606870229008
1782347623,2,,Aggregated,0.600000,0.000000,9,14,22,23,26,33,39,43,2100,2100,2100,524,0,9,21.69359103057639,5.385500000556931,2072.103900005459,7943.606870229008
1782347624,2,,Aggregated,0.600000,0.000000,9,14,22,23,26,33,39,43,2100,2100,2100,524,0,9,21.69359103057639,5.385500000556931,2072.103900005459,7943.606870229008
1782347625,2,,Aggregated,0.600000,0.000000,9,14,22,23,26,33,39,43,2100,2100,2100,524,0,9,21.69359103057639,5.385500000556931,2072.103900005459,7943.606870229008
1782347626,2,,Aggregated,0.700000,0.000000,9,14,22,23,26,33,39,43,2100,2100,2100,525,0,9,21.663811809571815,5.385500000556931,2072.103900005459,7939.647619047619
1782347627,2,,Aggregated,0.700000,0.000000,9,14,22,23,26,33,39,43,2100,2100,2100,526,0,9,21.633663117914804,5.385500000556931,2072.103900005459,7935.703422053232
1782347628,2,,Aggregated,0.600000,0.000000,9,14,22,23,26,33,39,43,2100,2100,2100,527,0,9,21.608199241022298,5.385500000556931,2072.103900005459,7931.774193548387
1782347629,2,,Aggregated,0.700000,0.000000,9,14,22,23,26,33,39,43,2100,2100,2100,528,0,9,21.613350947008616,5.385500000556931,2072.103900005459,7936.636363636364
1782347630,2,,Aggregated,0.700000,0.000000,9,14,22,23,26,33,39,43,2100,2100,2100,528,0,9,21.613350947008616,5.385500000556931,2072.103900005459,7936.636363636364
1782347631,2,,Aggregated,0.700000,0.000000,9,14,22,23,26,33,39,43,2100,2100,2100,528,0,9,21.613350947008616,5.385500000556931,2072.103900005459,7936.636363636364
1782347632,2,,Aggregated,0.600000,0.000000,9,14,22,23,26,33,39,43,2100,2100,2100,529,0,9,21.58712268434421,5.385500000556931,2072.103900005459,7932.7202268431
1782347633,2,,Aggregated,0.600000,0.000000,9,14,22,23,26,33,39,43,2100,2100,2100,529,0,9,21.58712268434421,5.385500000556931,2072.103900005459,7932.7202268431
1782347634,2,,Aggregated,0.600000,0.000000,9,14,22,23,26,33,39,43,2100,2100,2100,531,0,9,21.585703389855603,5.385500000556931,2072.103900005459,7933.659133709981
1782347635,2,,Aggregated,0.600000,0.000000,9,14,22,23,26,33,39,43,2100,2100,2100,531,0,9,21.585703389855603,5.385500000556931,2072.103900005459,7933.659133709981
1782347636,2,,Aggregated,0.600000,0.000000,9,14,22,23,26,33,39,43,2100,2100,2100,532,0,9,21.566045488739327,5.385500000556931,2072.103900005459,7938.481203007519
1782347637,2,,Aggregated,0.600000,0.000000,9,14,22,23,26,33,39,43,2100,2100,2100,532,0,9,21.566045488739327,5.385500000556931,2072.103900005459,7938.481203007519
1782347638,2,,Aggregated,0.600000,0.000000,9,14,22,23,26,33,39,43,2100,2100,2100,533,0,9,21.54958705442602,5.385500000556931,2072.103900005459,7943.285178236398
1782347639,2,,Aggregated,0.600000,0.000000,9,14,22,23,26,33,39,43,2100,2100,2100,534,0,9,21.522941385790524,5.385500000556931,2072.103900005459,7937.936329588015
1782347640,2,,Aggregated,0.600000,0.000000,9,14,22,23,26,33,39,43,2100,2100,2100,534,0,9,21.522941385790524,5.385500000556931,2072.103900005459,7937.936329588015
1782347641,2,,Aggregated,0.600000,0.000000,9,14,22,23,26,33,39,43,2100,2100,2100,534,0,9,21.522941385790524,5.385500000556931,2072.103900005459,7937.936329588015
1782347642,2,,Aggregated,0.600000,0.000000,9,14,22,23,26,33,39,43,2100,2100,2100,535,0,9,21.53126953273607,5.385500000556931,2072.103900005459,7942.723364485982
1782347643,2,,Aggregated,0.600000,0.000000,9,14,22,23,26,33,39,43,2100,2100,2100,536,0,9,21.501833955243008,5.385500000556931,2072.103900005459,7938.8470149253735
1782347644,2,,Aggregated,0.600000,0.000000,9,14,22,23,26,33,39,43,2100,2100,2100,536,0,9,21.501833955243008,5.385500000556931,2072.103900005459,7938.8470149253735
1782347645,2,,Aggregated,0.600000,0.000000,9,14,22,23,26,33,39,43,2100,2100,2100,536,0,9,21.501833955243008,5.385500000556931,2072.103900005459,7938.8470149253735
1782347646,2,,Aggregated,0.600000,0.000000,9,14,22,23,26,33,39,43,2100,2100,2100,537,0,9,21.53133519554361,5.385500000556931,2072.103900005459,7943.614525139665
1782347647,2,,Aggregated,0.600000,0.000000,9,14,22,23,26,33,39,43,2100,2100,2100,538,0,9,21.513527881054507,5.385500000556931,2072.103900005459,7948.364312267658
1782347648,2,,Aggregated,0.600000,0.000000,9,14,22,23,26,33,39,43,2100,2100,2100,538,0,9,21.513527881054507,5.385500000556931,2072.103900005459,7948.364312267658
1782347649,2,,Aggregated,0.600000,0.000000,9,14,22,23,26,33,39,43,2100,2100,2100,539,0,9,21.48661595548761,5.385500000556931,2072.103900005459,7944.499072356215
1782347650,2,,Aggregated,0.600000,0.000000,9,14,22,23,26,33,39,43,2100,2100,2100,539,0,9,21.48661595548761,5.385500000556931,2072.103900005459,7944.499072356215
1782347651,2,,Aggregated,0.500000,0.000000,9,14,22,23,26,33,39,43,2100,2100,2100,540,0,9,21.461556666677264,5.385500000556931,2072.103900005459,7939.207407407407
1782347652,2,,Aggregated,0.500000,0.000000,9,14,22,23,26,33,39,43,2100,2100,2100,541,0,9,21.43337171905749,5.385500000556931,2072.103900005459,7935.373382624769
1782347653,2,,Aggregated,0.500000,0.000000,9,14,22,23,26,33,39,43,2100,2100,2100,541,0,9,21.43337171905749,5.385500000556931,2072.103900005459,7935.373382624769
1782347654,2,,Aggregated,0.500000,0.000000,9,14,22,23,26,33,39,43,2100,2100,2100,541,0,9,21.43337171905749,5.385500000556931,2072.103900005459,7935.373382624769
1782347655,2,,Aggregated,0.500000,0.000000,9,14,22,23,26,33,39,43,2100,2100,2100,542,0,9,21.45657859780444,5.385500000556931,2072.103900005459,7940.103321033211
1782347656,2,,Aggregated,0.500000,0.000000,9,14,22,23,26,33,39,43,2100,2100,2100,543,0,9,21.440072191545664,5.385500000556931,2072.103900005459,7944.8158379373845
1782347657,2,,Aggregated,0.500000,0.000000,9,14,22,23,26,33,39,43,2100,2100,2100,543,0,9,21.440072191545664,5.385500000556931,2072.103900005459,7944.8158379373845
1782347658,2,,Aggregated,0.700000,0.000000,9,14,22,23,26,33,39,43,2100,2100,2100,544,0,9,21.43502022059853,5.385500000556931,2072.103900005459,7949.511029411765
1782347659,2,,Aggregated,0.500000,0.000000,9,14,22,23,26,33,39,43,2100,2100,2100,545,0,9,21.443309908259636,5.385500000556931,2072.103900005459,7954.188990825688
1782347660,2,,Aggregated,0.500000,0.000000,9,14,22,23,26,33,39,43,2100,2100,2100,545,0,9,21.443309908259636,5.385500000556931,2072.103900005459,7954.188990825688
1782347661,2,,Aggregated,0.500000,0.000000,9,14,22,23,26,33,39,43,2100,2100,2100,545,0,9,21.443309908259636,5.385500000556931,2072.103900005459,7954.188990825688
1782347662,2,,Aggregated,0.600000,0.000000,9,14,22,23,26,33,39,43,2100,2100,2100,546,0,9,21.41581373626107,5.385500000556931,2072.103900005459,7950.3626373626375
1782347663,2,,Aggregated,0.600000,0.000000,9,14,22,23,26,33,39,43,2100,2100,2100,546,0,9,21.41581373626107,5.385500000556931,2072.103900005459,7950.3626373626375
1782347664,2,,Aggregated,0.600000,0.000000,9,14,22,23,26,33,39,43,2100,2100,2100,547,0,9,21.391795429612753,5.385500000556931,2072.103900005459,7945.127970749543
1782347665,2,,Aggregated,0.600000,0.000000,9,14,22,23,26,33,39,43,2100,2100,2100,547,0,9,21.391795429612753,5.385500000556931,2072.103900005459,7945.127970749543
1782347666,2,,Aggregated,0.600000,0.000000,9,14,22,23,26,33,39,43,2100,2100,2100,549,0,9,21.37778178505741,5.385500000556931,2072.103900005459,7954.431693989071
1782347667,2,,Aggregated,0.600000,0.000000,9,14,22,23,26,33,39,43,2100,2100,2100,549,0,9,21.37778178505741,5.385500000556931,2072.103900005459,7954.431693989071
1782347668,2,,Aggregated,0.500000,0.000000,9,14,22,23,26,33,39,43,2100,2100,2100,550,0,9,21.350020545452768,5.385500000556931,2072.103900005459,7949.218181818182
1782347669,2,,Aggregated,0.500000,0.000000,9,14,22,23,26,33,39,43,2100,2100,2100,550,0,9,21.350020545452768,5.385500000556931,2072.103900005459,7949.218181818182
1782347670,2,,Aggregated,0.500000,0.000000,9,14,22,23,26,33,39,43,2100,2100,2100,550,0,9,21.350020545452768,5.385500000556931,2072.103900005459,7949.218181818182
1782347671,2,,Aggregated,0.600000,0.000000,9,14,22,23,26,33,39,43,2100,2100,2100,551,0,9,21.35619401089072,5.385500000556931,2072.103900005459,7953.845735027223
1782347672,2,,Aggregated,0.600000,0.000000,9,14,22,23,26,33,39,43,2100,2100,2100,551,0,9,21.35619401089072,5.385500000556931,2072.103900005459,7953.845735027223
1782347673,2,,Aggregated,0.600000,0.000000,9,14,22,23,26,33,39,43,2100,2100,2100,552,0,9,21.329070471016376,5.385500000556931,2072.103900005459,7948.652173913043
1782347674,2,,Aggregated,0.600000,0.000000,9,14,22,23,26,33,39,43,2100,2100,2100,553,0,9,21.301876311024646,5.385500000556931,2072.103900005459,7944.884267631103
1782347675,2,,Aggregated,0.600000,0.000000,9,14,22,23,26,33,39,43,2100,2100,2100,553,0,9,21.301876311024646,5.385500000556931,2072.103900005459,7944.884267631103
1782347676,2,,Aggregated,0.500000,0.000000,9,14,22,23,26,33,39,43,2100,2100,2100,554,0,9,21.273360649804207,5.385500000556931,2072.103900005459,7941.129963898917
1782347677,2,,Aggregated,0.600000,0.000000,9,14,22,23,26,33,39,43,2100,2100,2100,555,0,9,21.278925945925703,5.385500000556931,2072.103900005459,7945.738738738739
1782347678,2,,Aggregated,0.600000,0.000000,9,14,22,23,26,33,39,43,2100,2100,2100,555,0,9,21.278925945925703,5.385500000556931,2072.103900005459,7945.738738738739
1782347679,2,,Aggregated,0.500000,0.000000,9,14,22,23,26,33,39,43,2100,2100,2100,556,0,9,21.25168399278199,5.385500000556931,2072.103900005459,7941.996402877698
1782347680,2,,Aggregated,0.500000,0.000000,9,14,22,23,26,33,39,43,2100,2100,2100,556,0,9,21.25168399278199,5.385500000556931,2072.103900005459,7941.996402877698
1782347681,2,,Aggregated,0.500000,0.000000,9,14,22,23,26,33,39,43,2100,2100,2100,557,0,9,21.228451705541918,5.385500000556931,2072.103900005459,7936.870736086176
1782347682,2,,Aggregated,0.600000,0.000000,9,14,22,23,26,33,39,43,2100,2100,2100,558,0,9,21.1999535841971,5.3264999951352365,2072.103900005459,7933.1577060931895
1782347683,2,,Aggregated,0.600000,0.000000,9,14,22,23,26,33,39,43,2100,2100,2100,558,0,9,21.1999535841971,5.3264999951352365,2072.103900005459,7933.1577060931895
1782347684,2,,Aggregated,0.600000,0.000000,9,14,22,23,26,33,39,43,2100,2100,2100,558,0,9,21.1999535841971,5.3264999951352365,2072.103900005459,7933.1577060931895
1782347685,2,,Aggregated,0.700000,0.000000,9,14,22,23,26,33,39,43,2100,2100,2100,559,0,9,21.20416296955468,5.3264999951352365,2072.103900005459,7937.747763864043
1782347686,2,,Aggregated,0.600000,0.000000,9,14,22,23,26,33,39,43,2100,2100,2100,560,0,9,21.188372142829135,5.3264999951352365,2072.103900005459,7942.321428571428
1782347687,2,,Aggregated,0.500000,0.000000,9,14,22,23,26,33,39,43,2100,2100,2100,561,0,9,21.171157575736288,5.3264999951352365,2072.103900005459,7946.878787878788
1782347688,2,,Aggregated,0.500000,0.000000,9,14,22,23,26,33,39,43,2100,2100,2100,561,0,9,21.171157575736288,5.3264999951352365,2072.103900005459,7946.878787878788
1782347689,2,,Aggregated,0.600000,0.000000,9,14,22,23,26,33,39,43,2100,2100,2100,562,0,9,21.176232740194354,5.3264999951352365,2072.103900005459,7951.419928825623
1782347690,2,,Aggregated,0.600000,0.000000,9,14,22,23,26,33,39,43,2100,2100,2100,562,0,9,21.176232740194354,5.3264999951352365,2072.103900005459,7951.419928825623
1782347691,2,,Aggregated,0.600000,0.000000,9,14,22,23,26,33,39,43,2100,2100,2100,563,0,9,21.152699644740203,5.3264999951352365,2072.103900005459,7947.714031971581
1782347693,2,,Aggregated,0.600000,0.000000,9,14,22,23,26,33,39,43,2100,2100,2100,563,0,9,21.152699644740203,5.3264999951352365,2072.103900005459,7947.714031971581
1782347694,2,,Aggregated,0.600000,0.000000,9,14,22,23,26,33,39,43,2100,2100,2100,563,0,9,21.152699644740203,5.3264999951352365,2072.103900005459,7947.714031971581
1782347695,2,,Aggregated,0.600000,0.000000,9,14,22,23,26,33,39,43,2100,2100,2100,564,0,9,21.128457092177634,5.3264999951352365,2072.103900005459,7944.021276595745
1782347696,2,,Aggregated,0.500000,0.000000,9,14,22,23,26,33,39,43,2100,2100,2100,565,0,9,21.101208495551028,5.3264999951352365,2072.103900005459,7940.341592920354
1782347697,2,,Aggregated,0.500000,0.000000,9,14,22,23,26,33,39,43,2100,2100,2100,565,0,9,21.101208495551028,5.3264999951352365,2072.103900005459,7940.341592920354
1782347698,2,,Aggregated,0.500000,0.000000,9,14,22,23,26,33,39,43,2100,2100,2100,565,0,9,21.101208495551028,5.3264999951352365,2072.103900005459,7940.341592920354
1782347699,2,,Aggregated,0.600000,0.000000,9,14,22,23,26,33,39,43,2100,2100,2100,566,0,9,21.119134982314282,5.3264999951352365,2072.103900005459,7944.862190812721
1782347700,2,,Aggregated,0.500000,0.000000,9,14,22,23,26,33,39,43,2100,2100,2100,567,0,9,21.093158553771957,5.3264999951352365,2072.103900005459,7941.1940035273365
1782347701,2,,Aggregated,0.500000,0.000000,9,14,22,23,26,33,39,43,2100,2100,2100,567,0,9,21.093158553771957,5.3264999951352365,2072.103900005459,7941.1940035273365
1782347702,2,,Aggregated,0.500000,0.000000,9,14,22,23,26,33,39,43,2100,2100,2100,568,0,9,21.079806514061488,5.3264999951352365,2072.103900005459,7945.697183098591
1782347703,2,,Aggregated,0.500000,0.000000,9,14,22,23,26,33,39,43,2100,2100,2100,569,0,9,21.05646713530988,5.3264999951352365,2072.103900005459,7942.040421792619
1782347704,2,,Aggregated,0.500000,0.000000,9,14,22,23,26,33,39,43,2100,2100,2100,569,0,9,21.05646713530988,5.3264999951352365,2072.103900005459,7942.040421792619
1782347705,2,,Aggregated,0.500000,0.000000,9,14,22,23,26,33,39,43,2100,2100,2100,569,0,9,21.05646713530988,5.3264999951352365,2072.103900005459,7942.040421792619
1782347706,2,,Aggregated,0.500000,0.000000,9,14,22,23,26,33,39,43,2100,2100,2100,569,0,9,21.05646713530988,5.3264999951352365,2072.103900005459,7942.040421792619
1782347707,2,,Aggregated,0.600000,0.000000,9,14,22,23,26,33,39,43,2100,2100,2100,571,0,9,21.08921663746804,5.3264999951352365,2072.103900005459,7950.996497373029
1782347708,2,,Aggregated,0.600000,0.000000,9,14,22,23,26,33,39,43,2100,2100,2100,571,0,9,21.08921663746804,5.3264999951352365,2072.103900005459,7950.996497373029
1782347709,2,,Aggregated,0.600000,0.000000,9,14,22,23,26,33,39,43,2100,2100,2100,571,0,9,21.08921663746804,5.3264999951352365,2072.103900005459,7950.996497373029
1782347710,2,,Aggregated,0.600000,0.000000,9,14,22,23,26,33,39,43,2100,2100,2100,572,0,9,21.062532517472054,5.3264999951352365,2072.103900005459,7947.349650349651
1782347711,2,,Aggregated,0.600000,0.000000,9,14,22,23,26,33,39,43,2100,2100,2100,573,0,9,21.0354275741703,5.3264999951352365,2072.103900005459,7943.715532286213
1782347712,2,,Aggregated,0.600000,0.000000,9,14,22,23,26,33,39,43,2100,2100,2100,573,0,9,21.0354275741703,5.3264999951352365,2072.103900005459,7943.715532286213
1782347713,2,,Aggregated,0.500000,0.000000,9,14,22,23,26,33,39,43,2100,2100,2100,574,0,9,21.041271080143705,5.3264999951352365,2072.103900005459,7948.167247386759
1782347714,2,,Aggregated,0.500000,0.000000,9,14,22,23,26,33,39,43,2100,2100,2100,575,0,9,21.019243826095074,5.3264999951352365,2072.103900005459,7944.544347826087
1782347715,2,,Aggregated,0.500000,0.000000,9,14,22,23,26,33,39,43,2100,2100,2100,575,0,9,21.019243826095074,5.3264999951352365,2072.103900005459,7944.544347826087
1782347716,2,,Aggregated,0.500000,0.000000,9,14,22,23,26,33,39,43,2100,2100,2100,576,0,9,20.996729340292102,5.3264999951352365,2072.103900005459,7940.934027777777
1782347717,2,,Aggregated,0.500000,0.000000,9,14,22,23,26,33,39,43,2100,2100,2100,576,0,9,20.996729340292102,5.3264999951352365,2072.103900005459,7940.934027777777
1782347718,2,,Aggregated,0.600000,0.000000,9,14,22,23,26,33,39,43,2100,2100,2100,578,0,9,20.992600865066727,5.3264999951352365,2072.103900005459,7941.768166089965
1782347719,2,,Aggregated,0.600000,0.000000,9,14,22,23,26,33,39,43,2100,2100,2100,578,0,9,20.992600865066727,5.3264999951352365,2072.103900005459,7941.768166089965
1782347720,2,,Aggregated,0.500000,0.000000,9,14,22,23,26,33,39,43,2100,2100,2100,579,0,9,20.966034715038937,5.3264999951352365,2072.103900005459,7938.181347150259
1782347721,2,,Aggregated,0.500000,0.000000,9,14,22,23,26,33,39,43,2100,2100,2100,579,0,9,20.966034715038937,5.3264999951352365,2072.103900005459,7938.181347150259
1782347722,2,,Aggregated,0.500000,0.000000,9,14,22,23,26,33,39,43,2100,2100,2100,579,0,9,20.966034715038937,5.3264999951352365,2072.103900005459,7938.181347150259
1782347723,2,,Aggregated,0.700000,0.000000,9,14,22,23,26,33,39,43,2100,2100,2100,580,0,9,20.9413534482933,5.3264999951352365,2072.103900005459,7934.606896551724
1782347724,2,,Aggregated,0.600000,0.000000,9,14,22,23,26,33,39,43,2100,2100,2100,581,0,9,20.947426333927297,5.3264999951352365,2072.103900005459,7939.020654044751
1782347725,2,,Aggregated,0.600000,0.000000,9,14,22,23,26,33,39,43,2100,2100,2100,581,0,9,20.947426333927297,5.3264999951352365,2072.103900005459,7939.020654044751
1782347726,2,,Aggregated,0.600000,0.000000,9,14,22,23,26,33,39,43,2100,2100,2100,582,0,9,20.934023711358016,5.3264999951352365,2072.103900005459,7943.4192439862545
1782347727,2,,Aggregated,0.600000,0.000000,9,14,22,23,26,33,39,43,2100,2100,2100,582,0,9,20.934023711358016,5.3264999951352365,2072.103900005459,7943.4192439862545
1782347728,2,,Aggregated,0.600000,0.000000,9,14,22,23,26,33,39,43,2100,2100,2100,582,0,9,20.934023711358016,5.3264999951352365,2072.103900005459,7943.4192439862545
1782347729,2,,Aggregated,0.500000,0.000000,9,14,22,23,26,33,39,43,2100,2100,2100,583,0,9,20.909900171539963,5.3264999951352365,2072.103900005459,7939.854202401372
1782347730,2,,Aggregated,0.400000,0.000000,9,14,22,23,26,33,39,43,2100,2100,2100,584,0,9,20.913650342476576,5.3264999951352365,2072.103900005459,7944.236301369863
1782347731,2,,Aggregated,0.400000,0.000000,9,14,22,23,26,33,39,43,2100,2100,2100,584,0,9,20.913650342476576,5.3264999951352365,2072.103900005459,7944.236301369863
1782347732,2,,Aggregated,0.400000,0.000000,9,14,22,23,26,33,39,43,2100,2100,2100,585,0,9,20.88858615385635,5.3264999951352365,2072.103900005459,7940.682051282051
1782347733,2,,Aggregated,0.400000,0.000000,9,14,22,23,26,33,39,43,2100,2100,2100,585,0,9,20.88858615385635,5.3264999951352365,2072.103900005459,7940.682051282051
1782347734,2,,Aggregated,0.500000,0.000000,9,14,22,23,26,33,39,43,2100,2100,2100,587,0,9,20.88197614992965,5.3264999951352365,2072.103900005459,7941.504258943782
1782347735,2,,Aggregated,0.500000,0.000000,9,14,22,23,26,33,39,43,2100,2100,2100,587,0,9,20.88197614992965,5.3264999951352365,2072.103900005459,7941.504258943782
1782347736,2,,Aggregated,0.500000,0.000000,9,14,22,23,26,33,39,43,2100,2100,2100,587,0,9,20.88197614992965,5.3264999951352365,2072.103900005459,7941.504258943782
1782347737,2,,Aggregated,0.600000,0.000000,9,14,22,23,26,33,39,43,2100,2100,2100,589,0,9,20.832793378630488,5.3264999951352365,2072.103900005459,7933.132427843803
1782347738,2,,Aggregated,0.600000,0.000000,9,14,22,23,26,33,39,43,2100,2100,2100,589,0,9,20.832793378630488,5.3264999951352365,2072.103900005459,7933.132427843803
1782347739,2,,Aggregated,0.600000,0.000000,9,14,22,23,26,33,39,43,2100,2100,2100,589,0,9,20.832793378630488,5.3264999951352365,2072.103900005459,7933.132427843803
1782347740,2,,Aggregated,0.500000,0.000000,9,14,22,23,26,33,39,43,2100,2100,2100,590,0,9,20.85722847460617,5.3264999951352365,2072.103900005459,7937.481355932204
1782347741,2,,Aggregated,0.700000,0.000000,9,14,22,23,26,33,39,43,2100,2100,2100,591,0,9,20.837173773294023,5.3264999951352365,2072.103900005459,7933.97461928934
1782347742,2,,Aggregated,0.700000,0.000000,9,14,22,23,26,33,39,43,2100,2100,2100,591,0,9,20.837173773294023,5.3264999951352365,2072.103900005459,7933.97461928934
1782347743,2,,Aggregated,0.700000,0.000000,9,14,22,23,26,33,39,43,2100,2100,2100,592,0,9,20.813168581102023,5.3264999951352365,2072.103900005459,7929.165540540541
1782347744,2,,Aggregated,0.700000,0.000000,9,14,22,23,26,33,39,43,2100,2100,2100,592,0,9,20.813168581102023,5.3264999951352365,2072.103900005459,7929.165540540541
1782347745,2,,Aggregated,0.600000,0.000000,9,14,22,23,26,33,39,43,2100,2100,2100,593,0,9,20.789670320422587,5.3264999951352365,2072.103900005459,7924.3726812816185
1782347746,2,,Aggregated,0.700000,0.000000,9,14,22,23,26,33,39,43,2100,2100,2100,594,0,9,20.7963934343651,5.3264999951352365,2072.103900005459,7928.707070707071
1782347747,2,,Aggregated,0.700000,0.000000,9,14,22,23,26,33,39,43,2100,2100,2100,594,0,9,20.7963934343651,5.3264999951352365,2072.103900005459,7928.707070707071
1782347748,2,,Aggregated,0.600000,0.000000,9,14,22,23,26,33,39,43,2100,2100,2100,595,0,9,20.782045042032216,5.3264999951352365,2072.103900005459,7933.026890756302
1782347749,2,,Aggregated,0.600000,0.000000,9,14,22,23,26,33,39,43,2100,2100,2100,595,0,9,20.782045042032216,5.3264999951352365,2072.103900005459,7933.026890756302
1782347750,2,,Aggregated,0.600000,0.000000,9,14,22,23,26,33,39,43,2100,2100,2100,595,0,9,20.782045042032216,5.3264999951352365,2072.103900005459,7933.026890756302
1782347751,2,,Aggregated,0.500000,0.000000,9,14,22,23,26,33,39,43,2100,2100,2100,596,0,9,20.7582546980047,5.3264999951352365,2072.103900005459,7929.557046979866
1782347752,2,,Aggregated,0.500000,0.000000,9,14,22,23,26,33,39,43,2100,2100,2100,596,0,9,20.7582546980047,5.3264999951352365,2072.103900005459,7929.557046979866
1782347753,2,,Aggregated,0.500000,0.000000,9,14,22,23,26,33,39,43,2100,2100,2100,597,0,9,20.76528190957237,5.3264999951352365,2072.103900005459,7933.860971524288
1782347754,2,,Aggregated,0.500000,0.000000,9,14,22,23,26,33,39,43,2100,2100,2100,598,0,9,20.74099515052892,5.3264999951352365,2072.103900005459,7930.401337792642
1782347755,2,,Aggregated,0.500000,0.000000,9,14,22,23,26,33,39,43,2100,2100,2100,598,0,9,20.74099515052892,5.3264999951352365,2072.103900005459,7930.401337792642
1782347756,2,,Aggregated,0.500000,0.000000,9,14,22,23,26,33,39,43,2100,2100,2100,598,0,9,20.74099515052892,5.3264999951352365,2072.103900005459,7930.401337792642
1782347757,2,,Aggregated,0.600000,0.000000,9,14,22,23,26,33,39,43,2100,2100,2100,599,0,9,20.72130918199088,5.3264999951352365,2072.103900005459,7926.953255425709
1782347758,2,,Aggregated,0.500000,0.000000,9,14,22,23,26,33,39,43,2100,2100,2100,600,0,9,20.699648666680634,5.3264999951352365,2072.103900005459,7923.516666666666
1782347759,2,,Aggregated,0.400000,0.000000,9,14,22,23,26,33,39,43,2100,2100,2100,601,0,9,20.701827953430417,5.3264999951352365,2072.103900005459,7927.801996672213
1782347760,2,,Aggregated,0.400000,0.000000,9,14,22,23,26,33,39,43,2100,2100,2100,601,0,9,20.701827953430417,5.3264999951352365,2072.103900005459,7927.801996672213
1782347761,2,,Aggregated,0.500000,0.000000,9,14,22,23,26,33,39,43,2100,2100,2100,602,0,9,20.698364285732453,5.3264999951352365,2072.103900005459,7932.073089700997
1782347762,2,,Aggregated,0.600000,0.000000,9,14,22,23,26,33,39,43,2100,2100,2100,603,0,9,20.675547927049752,5.3264999951352365,2072.103900005459,7928.645107794361
1782347763,2,,Aggregated,0.600000,0.000000,9,14,22,23,26,33,39,43,2100,2100,2100,603,0,9,20.675547927049752,5.3264999951352365,2072.103900005459,7928.645107794361
1782347764,2,,Aggregated,0.600000,0.000000,9,14,22,23,26,33,39,43,2100,2100,2100,603,0,9,20.675547927049752,5.3264999951352365,2072.103900005459,7928.645107794361
1782347765,2,,Aggregated,0.600000,0.000000,9,14,22,23,26,33,39,43,2100,2100,2100,604,0,9,20.690883112600456,5.3264999951352365,2072.103900005459,7932.900662251655
1782347766,2,,Aggregated,0.600000,0.000000,9,14,22,23,26,33,39,43,2100,2100,2100,605,0,9,20.6694403305974,5.3264999951352365,2072.103900005459,7928.196694214876
1782347767,2,,Aggregated,0.600000,0.000000,9,14,22,23,26,33,39,43,2100,2100,2100,605,0,9,20.6694403305974,5.3264999951352365,2072.103900005459,7928.196694214876
1782347768,2,,Aggregated,0.600000,0.000000,9,14,22,23,26,33,39,43,2100,2100,2100,605,0,9,20.6694403305974,5.3264999951352365,2072.103900005459,7928.196694214876
1782347769,2,,Aggregated,0.600000,0.000000,9,14,22,23,26,33,39,43,2100,2100,2100,606,0,9,20.644479372956262,5.3264999951352365,2072.103900005459,7924.792079207921
1782347770,2,,Aggregated,0.600000,0.000000,9,14,22,23,26,33,39,43,2100,2100,2100,607,0,9,20.621481878108373,5.3264999951352365,2072.103900005459,7921.398682042834
1782347771,2,,Aggregated,0.600000,0.000000,9,14,22,23,26,33,39,43,2100,2100,2100,608,0,9,20.598388322385194,5.3264999951352365,2072.103900005459,7918.016447368421
1782347772,2,,Aggregated,0.600000,0.000000,9,14,22,23,26,33,39,43,2100,2100,2100,608,0,9,20.598388322385194,5.3264999951352365,2072.103900005459,7918.016447368421
1782347773,2,,Aggregated,0.700000,0.000000,9,14,22,23,26,33,39,43,2100,2100,2100,609,0,9,20.57571986865838,5.3264999951352365,2072.103900005459,7914.645320197044
1782347774,2,,Aggregated,0.700000,0.000000,9,14,22,23,26,33,39,43,2100,2100,2100,610,0,9,20.578912950846554,5.3264999951352365,2072.103900005459,7918.881967213115
1782347775,2,,Aggregated,0.700000,0.000000,9,14,22,23,26,33,39,43,2100,2100,2100,610,0,9,20.578912950846554,5.3264999951352365,2072.103900005459,7918.881967213115
1782347776,2,,Aggregated,0.700000,0.000000,9,14,22,23,26,33,39,43,2100,2100,2100,610,0,9,20.578912950846554,5.3264999951352365,2072.103900005459,7918.881967213115
1782347777,2,,Aggregated,0.700000,0.000000,9,14,22,23,26,33,39,43,2100,2100,2100,611,0,9,20.565772995120962,5.3264999951352365,2072.103900005459,7923.104746317512
1782347778,2,,Aggregated,0.600000,0.000000,9,14,22,23,26,33,39,43,2100,2100,2100,612,0,9,20.54359673206075,5.3264999951352365,2072.103900005459,7919.74183006536
1782347779,2,,Aggregated,0.600000,0.000000,9,14,22,23,26,33,39,43,2100,2100,2100,612,0,9,20.54359673206075,5.3264999951352365,2072.103900005459,7919.74183006536
1782347780,2,,Aggregated,0.600000,0.000000,9,14,22,23,26,33,39,43,2100,2100,2100,613,0,9,20.52137748780347,5.3264999951352365,2072.103900005459,7916.3898858075045
1782347781,2,,Aggregated,0.600000,0.000000,9,14,22,23,26,33,39,43,2100,2100,2100,613,0,9,20.52137748780347,5.3264999951352365,2072.103900005459,7916.3898858075045
1782347782,2,,Aggregated,0.700000,0.000000,9,14,22,23,26,33,39,43,2100,2100,2100,615,0,9,20.504196097601557,5.3264999951352365,2072.103900005459,7915.988617886179
1782347783,2,,Aggregated,0.700000,0.000000,9,14,22,23,26,33,39,43,2100,2100,2100,615,0,9,20.504196097601557,5.3264999951352365,2072.103900005459,7915.988617886179
1782347784,2,,Aggregated,0.500000,0.000000,9,14,22,23,26,33,39,43,2100,2100,2100,616,0,9,20.481358928611677,5.3264999951352365,2072.103900005459,7911.396103896104
1782347785,2,,Aggregated,0.500000,0.000000,9,14,22,23,26,33,39,43,2100,2100,2100,616,0,9,20.481358928611677,5.3264999951352365,2072.103900005459,7911.396103896104
1782347786,2,,Aggregated,0.500000,0.000000,9,14,22,23,26,33,39,43,2100,2100,2100,617,0,9,20.466953322574486,5.3264999951352365,2072.103900005459,7915.589951377634
1782347787,2,,Aggregated,0.600000,0.000000,9,14,22,23,26,33,39,43,2100,2100,2100,618,0,9,20.445057928852165,5.3264999951352365,2072.103900005459,7912.271844660194
1782347788,2,,Aggregated,0.600000,0.000000,9,14,22,23,26,33,39,43,2100,2100,2100,618,0,9,20.445057928852165,5.3264999951352365,2072.103900005459,7912.271844660194
1782347789,2,,Aggregated,0.600000,0.000000,9,14,22,23,26,33,39,43,2100,2100,2100,619,0,9,20.45067673672383,5.3264999951352365,2072.103900005459,7916.450726978998
1782347790,2,,Aggregated,0.600000,0.000000,9,14,22,23,26,33,39,43,2100,2100,2100,619,0,9,20.45067673672383,5.3264999951352365,2072.103900005459,7916.450726978998
1782347791,2,,Aggregated,0.700000,0.000000,9,14,22,23,26,33,39,43,2100,2100,2100,620,0,9,20.43029000004378,5.3264999951352365,2072.103900005459,7911.887096774193
1782347792,2,,Aggregated,0.700000,0.000000,9,14,22,23,26,33,39,43,2100,2100,2100,620,0,9,20.43029000004378,5.3264999951352365,2072.103900005459,7911.887096774193
1782347793,2,,Aggregated,0.700000,0.000000,9,14,22,23,26,33,39,43,2100,2100,2100,620,0,9,20.43029000004378,5.3264999951352365,2072.103900005459,7911.887096774193
1782347794,2,,Aggregated,0.700000,0.000000,9,14,22,23,26,33,39,43,2100,2100,2100,622,0,9,20.42410112544735,5.3264999951352365,2072.103900005459,7920.20578778135
1782347795,2,,Aggregated,0.700000,0.000000,9,14,22,23,26,33,39,43,2100,2100,2100,622,0,9,20.42410112544735,5.3264999951352365,2072.103900005459,7920.20578778135
1782347796,2,,Aggregated,0.700000,0.000000,9,14,22,23,26,33,39,43,2100,2100,2100,622,0,9,20.42410112544735,5.3264999951352365,2072.103900005459,7920.20578778135
1782347797,2,,Aggregated,0.700000,0.000000,9,14,22,23,26,33,39,43,2100,2100,2100,622,0,9,20.42410112544735,5.3264999951352365,2072.103900005459,7920.20578778135
1782347798,2,,Aggregated,0.600000,0.000000,9,14,22,23,26,33,39,43,2100,2100,2100,624,0,9,20.434358974398492,5.3264999951352365,2072.103900005459,7928.471153846154
1782347799,2,,Aggregated,0.600000,0.000000,9,14,22,23,26,33,39,43,2100,2100,2100,624,0,9,20.434358974398492,5.3264999951352365,2072.103900005459,7928.471153846154
1782347800,2,,Aggregated,0.600000,0.000000,9,14,22,23,26,33,39,43,2100,2100,2100,624,0,9,20.434358974398492,5.3264999951352365,2072.103900005459,7928.471153846154
1782347801,2,,Aggregated,0.600000,0.000000,9,14,22,23,26,33,39,43,2100,2100,2100,625,0,9,20.410941920033657,5.3264999951352365,2072.103900005459,7923.9248
1782347802,2,,Aggregated,0.600000,0.000000,9,14,22,23,26,33,39,43,2100,2100,2100,625,0,9,20.410941920033657,5.3264999951352365,2072.103900005459,7923.9248
1782347803,2,,Aggregated,0.400000,0.000000,9,14,22,23,26,33,39,43,2100,2100,2100,627,0,9,20.40462264755807,5.3264999951352365,2072.103900005459,7932.138755980861
1782347804,2,,Aggregated,0.400000,0.000000,9,14,22,23,26,33,39,43,2100,2100,2100,627,0,9,20.40462264755807,5.3264999951352365,2072.103900005459,7932.138755980861
1782347805,2,,Aggregated,0.400000,0.000000,9,14,22,23,26,33,39,43,2100,2100,2100,627,0,9,20.40462264755807,5.3264999951352365,2072.103900005459,7932.138755980861
1782347806,2,,Aggregated,0.700000,0.000000,9,14,22,23,26,33,39,43,2100,2100,2100,628,0,9,20.384599203842612,5.3264999951352365,2072.103900005459,7927.608280254777
1782347807,2,,Aggregated,0.500000,0.000000,9,14,22,23,26,33,39,43,2100,2100,2100,629,0,9,20.36446041337974,5.3264999951352365,2072.103900005459,7923.092209856915
1782347808,2,,Aggregated,0.500000,0.000000,9,14,22,23,26,33,39,43,2100,2100,2100,629,0,9,20.36446041337974,5.3264999951352365,2072.103900005459,7923.092209856915
1782347809,2,,Aggregated,0.600000,0.000000,9,14,22,23,26,33,39,43,2100,2100,2100,631,0,9,20.322792234573374,5.3264999951352365,2072.103900005459,7915.3359746434235
1782347810,2,,Aggregated,0.600000,0.000000,9,14,22,23,26,33,39,43,2100,2100,2100,631,0,9,20.322792234573374,5.3264999951352365,2072.103900005459,7915.3359746434235
1782347812,2,,Aggregated,0.600000,0.000000,9,14,22,23,26,33,39,43,2100,2100,2100,631,0,9,20.322792234573374,5.3264999951352365,2072.103900005459,7915.3359746434235
1782347813,2,,Aggregated,0.700000,0.000000,9,14,22,23,26,33,39,43,2100,2100,2100,632,0,9,20.30090870256215,5.3264999951352365,2072.103900005459,7912.091772151899
1782347814,2,,Aggregated,0.700000,0.000000,9,14,22,23,26,33,39,43,2100,2100,2100,633,0,9,20.278340600348482,5.3264999951352365,2072.103900005459,7908.857819905214
1782347815,2,,Aggregated,0.700000,0.000000,9,14,22,23,26,33,39,43,2100,2100,2100,633,0,9,20.278340600348482,5.3264999951352365,2072.103900005459,7908.857819905214
1782347816,2,,Aggregated,0.700000,0.000000,9,14,22,23,26,33,39,43,2100,2100,2100,634,0,9,20.28285552054289,5.3264999951352365,2072.103900005459,7912.9432176656155
1782347817,2,,Aggregated,0.600000,0.000000,9,14,22,23,26,33,39,43,2100,2100,2100,635,0,9,20.269989606332654,5.3264999951352365,2072.103900005459,7917.0157480314965
1782347818,2,,Aggregated,0.600000,0.000000,9,14,22,23,26,33,39,43,2100,2100,2100,635,0,9,20.269989606332654,5.3264999951352365,2072.103900005459,7917.0157480314965
1782347819,2,,Aggregated,0.700000,0.000000,9,14,22,23,26,33,39,43,2100,2100,2100,636,0,9,20.24931446544113,5.3264999951352365,2072.103900005459,7912.566037735849
1782347820,2,,Aggregated,0.700000,0.000000,9,14,22,23,26,33,39,43,2100,2100,2100,637,0,9,20.226999058118974,5.3264999951352365,2072.103900005459,7908.130298273156
1782347821,2,,Aggregated,0.700000,0.000000,9,14,22,23,26,33,39,43,2100,2100,2100,637,0,9,20.226999058118974,5.3264999951352365,2072.103900005459,7908.130298273156
1782347822,2,,Aggregated,0.700000,0.000000,9,14,22,23,26,33,39,43,2100,2100,2100,637,0,9,20.226999058118974,5.3264999951352365,2072.103900005459,7908.130298273156
1782347823,2,,Aggregated,0.600000,0.000000,9,14,22,23,26,33,39,43,2100,2100,2100,639,0,9,20.2109420970658,5.3264999951352365,2072.103900005459,7907.769953051643
1782347824,2,,Aggregated,0.600000,0.000000,9,14,22,23,26,33,39,43,2100,2100,2100,639,0,9,20.2109420970658,5.3264999951352365,2072.103900005459,7907.769953051643
1782347825,2,,Aggregated,0.600000,0.000000,9,14,22,23,26,33,39,43,2100,2100,2100,639,0,9,20.2109420970658,5.3264999951352365,2072.103900005459,7907.769953051643
1782347826,2,,Aggregated,0.600000,0.000000,9,14,22,23,26,33,39,43,2100,2100,2100,639,0,9,20.2109420970658,5.3264999951352365,2072.103900005459,7907.769953051643
1782347827,2,,Aggregated,0.600000,0.000000,9,14,22,23,26,33,39,43,2100,2100,2100,640,0,9,20.190642187537833,5.3264999951352365,2072.103900005459,7904.578125
1782347828,2,,Aggregated,0.600000,0.000000,9,14,22,23,26,33,39,43,2100,2100,2100,641,0,9,20.171007644340605,5.3264999951352365,2072.103900005459,7900.182527301092
1782347829,2,,Aggregated,0.500000,0.000000,9,14,22,23,26,33,39,43,2100,2100,2100,642,0,9,20.150316822464248,5.3264999951352365,2072.103900005459,7895.800623052959
1782347830,2,,Aggregated,0.500000,0.000000,9,14,22,23,26,33,39,43,2100,2100,2100,642,0,9,20.150316822464248,5.3264999951352365,2072.103900005459,7895.800623052959
1782347831,2,,Aggregated,0.500000,0.000000,9,14,22,23,26,33,39,43,2100,2100,2100,642,0,9,20.150316822464248,5.3264999951352365,2072.103900005459,7895.800623052959
1782347832,2,,Aggregated,0.500000,0.000000,9,14,22,23,26,33,39,43,2100,2100,2100,642,0,9,20.150316822464248,5.3264999951352365,2072.103900005459,7895.800623052959
1782347833,2,,Aggregated,0.500000,0.000000,9,14,22,23,26,33,39,43,2100,2100,2100,643,0,9,20.159553343738942,5.3264999951352365,2072.103900005459,7899.849144634526
1782347834,2,,Aggregated,0.500000,0.000000,9,14,22,23,26,33,39,43,2100,2100,2100,644,0,9,20.186566149108025,5.3264999951352365,2072.103900005459,7903.885093167702
1782347835,2,,Aggregated,0.500000,0.000000,9,14,22,23,26,33,39,43,2100,2100,2100,644,0,9,20.186566149108025,5.3264999951352365,2072.103900005459,7903.885093167702
1782347836,2,,Aggregated,0.500000,0.000000,9,14,22,23,26,33,39,43,2100,2100,2100,644,0,9,20.186566149108025,5.3264999951352365,2072.103900005459,7903.885093167702
1782347837,2,,Aggregated,0.500000,0.000000,9,14,22,23,26,33,39,43,2100,2100,2100,646,0,9,20.161686842142384,5.3264999951352365,2072.103900005459,7911.919504643963
1782347838,2,,Aggregated,0.500000,0.000000,9,14,22,23,26,33,39,43,2100,2100,2100,646,0,9,20.161686842142384,5.3264999951352365,2072.103900005459,7911.919504643963
1782347839,2,,Aggregated,0.500000,0.000000,9,14,22,23,26,33,39,43,2100,2100,2100,646,0,9,20.161686842142384,5.3264999951352365,2072.103900005459,7911.919504643963
1782347840,2,,Aggregated,0.500000,0.000000,9,14,22,23,26,33,39,43,2100,2100,2100,648,0,9,20.149362654356757,5.3264999951352365,2072.103900005459,7912.753086419753
1782347841,2,,Aggregated,0.500000,0.000000,9,14,22,23,26,33,39,43,2100,2100,2100,648,0,9,20.149362654356757,5.3264999951352365,2072.103900005459,7912.753086419753
1782347842,2,,Aggregated,0.500000,0.000000,9,14,22,23,26,33,39,43,2100,2100,2100,648,0,9,20.149362654356757,5.3264999951352365,2072.103900005459,7912.753086419753
1782347843,2,,Aggregated,0.400000,0.000000,9,14,22,23,26,33,39,43,2100,2100,2100,649,0,9,20.14025978431063,5.3264999951352365,2072.103900005459,7916.7380585516175
1782347844,2,,Aggregated,0.600000,0.000000,9,14,22,23,26,33,39,43,2100,2100,2100,650,0,9,20.12155676925501,5.3264999951352365,2072.103900005459,7913.581538461539
1782347845,2,,Aggregated,0.600000,0.000000,9,14,22,23,26,33,39,43,2100,2100,2100,650,0,9,20.12155676925501,5.3264999951352365,2072.103900005459,7913.581538461539
1782347846,2,,Aggregated,0.600000,0.000000,9,14,22,23,26,33,39,43,2100,2100,2100,651,0,9,20.100946697416664,5.3264999951352365,2072.103900005459,7910.4347158218125
1782347847,2,,Aggregated,0.600000,0.000000,9,14,22,23,26,33,39,43,2100,2100,2100,651,0,9,20.100946697416664,5.3264999951352365,2072.103900005459,7910.4347158218125
1782347848,2,,Aggregated,0.600000,0.000000,9,14,22,23,26,33,39,43,2100,2100,2100,651,0,9,20.100946697416664,5.3264999951352365,2072.103900005459,7910.4347158218125
1782347849,2,,Aggregated,0.700000,0.000000,9,14,22,23,26,33,39,43,2100,2100,2100,652,0,9,20.079839723956045,5.3264999951352365,2072.103900005459,7907.29754601227
1782347850,2,,Aggregated,0.500000,0.000000,9,14,22,23,26,33,39,43,2100,2100,2100,653,0,9,20.05886630937384,5.3264999951352365,2072.103900005459,7904.169984686065
1782347851,2,,Aggregated,0.500000,0.000000,9,14,22,23,26,33,39,43,2100,2100,2100,653,0,9,20.05886630937384,5.3264999951352365,2072.103900005459,7904.169984686065
1782347852,2,,Aggregated,0.600000,0.000000,9,14,22,23,26,33,39,43,2100,2100,2100,654,0,9,20.06229113153314,5.3264999951352365,2072.103900005459,7908.137614678899
1782347853,2,,Aggregated,0.600000,0.000000,9,14,22,23,26,33,39,43,2100,2100,2100,655,0,9,20.043589771031634,5.3264999951352365,2072.103900005459,7903.830534351145
1782347854,2,,Aggregated,0.600000,0.000000,9,14,22,23,26,33,39,43,2100,2100,2100,655,0,9,20.043589771031634,5.3264999951352365,2072.103900005459,7903.830534351145
1782347855,2,,Aggregated,0.500000,0.000000,9,14,22,23,26,33,39,43,2100,2100,2100,656,0,9,20.033491768328265,5.3264999951352365,2072.103900005459,7907.786585365854
1782347856,2,,Aggregated,0.500000,0.000000,9,14,22,23,26,33,39,43,2100,2100,2100,656,0,9,20.033491768328265,5.3264999951352365,2072.103900005459,7907.786585365854
1782347857,2,,Aggregated,0.500000,0.000000,9,14,22,23,26,33,39,43,2100,2100,2100,657,0,9,20.012288736718137,5.3264999951352365,2072.103900005459,7903.493150684932
1782347858,2,,Aggregated,0.500000,0.000000,9,14,22,23,26,33,39,43,2100,2100,2100,657,0,9,20.012288736718137,5.3264999951352365,2072.103900005459,7903.493150684932
1782347859,2,,Aggregated,0.600000,0.000000,9,14,22,23,26,33,39,43,2100,2100,2100,658,0,9,19.995546504589505,5.3264999951352365,2072.103900005459,7900.395136778116
1782347860,2,,Aggregated,0.600000,0.000000,9,14,22,23,26,33,39,43,2100,2100,2100,659,0,9,19.9998951441879,5.3264999951352365,2072.103900005459,7904.338391502276
1782347861,2,,Aggregated,0.600000,0.000000,9,14,22,23,26,33,39,43,2100,2100,2100,659,0,9,19.9998951441879,5.3264999951352365,2072.103900005459,7904.338391502276
1782347862,2,,Aggregated,0.600000,0.000000,9,14,22,23,26,33,39,43,2100,2100,2100,659,0,9,19.9998951441879,5.3264999951352365,2072.103900005459,7904.338391502276
1782347863,2,,Aggregated,0.600000,0.000000,9,14,22,23,26,33,39,43,2100,2100,2100,660,0,9,19.98080030305463,5.3264999951352365,2072.103900005459,7901.248484848485
1782347864,2,,Aggregated,0.600000,0.000000,9,14,22,23,26,33,39,43,2100,2100,2100,661,0,9,19.962438880506873,5.3264999951352365,2072.103900005459,7896.990922844176
1782347865,2,,Aggregated,0.600000,0.000000,9,14,22,23,26,33,39,43,2100,2100,2100,661,0,9,19.962438880506873,5.3264999951352365,2072.103900005459,7896.990922844176
1782347866,2,,Aggregated,0.600000,0.000000,9,14,22,23,26,33,39,43,2100,2100,2100,661,0,9,19.962438880506873,5.3264999951352365,2072.103900005459,7896.990922844176
1782347867,2,,Aggregated,0.500000,0.000000,9,14,22,23,26,33,39,43,2100,2100,2100,662,0,9,19.96907613295928,5.3264999951352365,2072.103900005459,7900.921450151058
1782347868,2,,Aggregated,0.500000,0.000000,9,14,22,23,26,33,39,43,2100,2100,2100,663,0,9,19.996714027185693,5.3264999951352365,2072.103900005459,7904.84012066365
1782347869,2,,Aggregated,0.400000,0.000000,9,14,22,23,26,33,39,43,2100,2100,2100,664,0,9,19.97593659642182,5.3264999951352365,2072.103900005459,7901.768072289156
1782347870,2,,Aggregated,0.400000,0.000000,9,14,22,23,26,33,39,43,2100,2100,2100,664,0,9,19.97593659642182,5.3264999951352365,2072.103900005459,7901.768072289156
1782347871,2,,Aggregated,0.600000,0.000000,9,14,22,23,26,33,39,43,2100,2100,2100,665,0,9,19.95441684214034,5.3264999951352365,2072.103900005459,7898.7052631578945
1782347872,2,,Aggregated,0.600000,0.000000,9,14,22,23,26,33,39,43,2100,2100,2100,665,0,9,19.95441684214034,5.3264999951352365,2072.103900005459,7898.7052631578945
1782347873,2,,Aggregated,0.600000,0.000000,9,14,22,23,26,33,39,43,2100,2100,2100,665,0,9,19.95441684214034,5.3264999951352365,2072.103900005459,7898.7052631578945
1782347874,2,,Aggregated,0.600000,0.000000,9,14,22,23,26,33,39,43,2100,2100,2100,667,0,9,19.913863118473863,5.3264999951352365,2072.103900005459,7892.607196401799
1782347875,2,,Aggregated,0.600000,0.000000,9,14,22,23,26,33,39,43,2100,2100,2100,667,0,9,19.913863118473863,5.3264999951352365,2072.103900005459,7892.607196401799
1782347876,2,,Aggregated,0.600000,0.000000,9,14,22,23,26,33,39,43,2100,2100,2100,667,0,9,19.913863118473863,5.3264999951352365,2072.103900005459,7892.607196401799
1782347877,2,,Aggregated,0.600000,0.000000,9,14,22,23,26,33,39,43,2100,2100,2100,667,0,9,19.913863118473863,5.3264999951352365,2072.103900005459,7892.607196401799
1782347878,2,,Aggregated,0.600000,0.000000,9,14,22,23,26,33,39,43,2100,2100,2100,668,0,9,19.91798038925154,5.3264999951352365,2072.103900005459,7896.508982035928
1782347879,2,,Aggregated,0.600000,0.000000,9,14,22,23,26,33,39,43,2100,2100,2100,669,0,9,19.8974636771645,5.3264999951352365,2072.103900005459,7892.309417040358
1782347880,2,,Aggregated,0.500000,0.000000,9,14,22,23,26,33,39,43,2100,2100,2100,670,0,9,19.876565671677497,5.3264999951352365,2072.103900005459,7889.2835820895525
1782347881,2,,Aggregated,0.500000,0.000000,9,14,22,23,26,33,39,43,2100,2100,2100,670,0,9,19.876565671677497,5.3264999951352365,2072.103900005459,7889.2835820895525
1782347882,2,,Aggregated,0.500000,0.000000,9,14,22,23,26,33,39,43,2100,2100,2100,671,0,9,19.867988226564595,5.3264999951352365,2072.103900005459,7893.172876304024
1782347883,2,,Aggregated,0.500000,0.000000,9,14,22,23,26,33,39,43,2100,2100,2100,671,0,9,19.867988226564595,5.3264999951352365,2072.103900005459,7893.172876304024
1782347884,2,,Aggregated,0.500000,0.000000,9,14,22,23,26,33,39,43,2100,2100,2100,672,0,9,19.850548958369732,5.3264999951352365,2072.103900005459,7890.1547619047615
1782347885,2,,Aggregated,0.600000,0.000000,9,14,22,23,26,33,39,43,2100,2100,2100,673,0,9,19.85670624074753,5.3264999951352365,2072.103900005459,7894.031203566122
1782347886,2,,Aggregated,0.600000,0.000000,9,14,22,23,26,33,39,43,2100,2100,2100,674,0,9,19.836275816055807,5.3264999951352365,2072.103900005459,7891.020771513353
1782347887,2,,Aggregated,0.600000,0.000000,9,14,22,23,26,33,39,43,2100,2100,2100,674,0,9,19.836275816055807,5.3264999951352365,2072.103900005459,7891.020771513353
1782347888,2,,Aggregated,0.600000,0.000000,9,14,22,23,26,33,39,43,2100,2100,2100,675,0,9,19.81568785188116,5.3264999951352365,2072.103900005459,7888.019259259259
1782347889,2,,Aggregated,0.600000,0.000000,9,14,22,23,26,33,39,43,2100,2100,2100,675,0,9,19.81568785188116,5.3264999951352365,2072.103900005459,7888.019259259259
1782347890,2,,Aggregated,0.600000,0.000000,9,14,22,23,26,33,39,43,2100,2100,2100,677,0,9,19.81937887743418,5.3264999951352365,2072.103900005459,7888.887740029542
1782347891,2,,Aggregated,0.600000,0.000000,9,14,22,23,26,33,39,43,2100,2100,2100,677,0,9,19.81937887743418,5.3264999951352365,2072.103900005459,7888.887740029542
1782347892,2,,Aggregated,0.700000,0.000000,9,14,22,23,26,33,39,43,2100,2100,2100,678,0,9,19.80991740416561,5.3264999951352365,2072.103900005459,7892.737463126844
1782347893,2,,Aggregated,0.700000,0.000000,9,14,22,23,26,33,39,43,2100,2100,2100,678,0,9,19.80991740416561,5.3264999951352365,2072.103900005459,7892.737463126844
1782347894,2,,Aggregated,0.700000,0.000000,9,14,22,23,26,33,39,43,2100,2100,2100,678,0,9,19.80991740416561,5.3264999951352365,2072.103900005459,7892.737463126844
1782347895,2,,Aggregated,0.700000,0.000000,9,14,22,23,26,33,39,43,2100,2100,2100,680,0,9,19.78445794120489,5.3264999951352365,2072.103900005459,7893.588235294118
1782347896,2,,Aggregated,0.700000,0.000000,9,14,22,23,26,33,39,43,2100,2100,2100,680,0,9,19.78445794120489,5.3264999951352365,2072.103900005459,7893.588235294118
1782347897,2,,Aggregated,0.700000,0.000000,9,14,22,23,26,33,39,43,2100,2100,2100,680,0,9,19.78445794120489,5.3264999951352365,2072.103900005459,7893.588235294118
1782347898,2,,Aggregated,0.700000,0.000000,9,14,22,23,26,33,39,43,2100,2100,2100,682,0,9,19.747745307956826,5.3264999951352365,2072.103900005459,7886.49853372434
1782347899,2,,Aggregated,0.700000,0.000000,9,14,22,23,26,33,39,43,2100,2100,2100,682,0,9,19.747745307956826,5.3264999951352365,2072.103900005459,7886.49853372434
1782347900,2,,Aggregated,0.700000,0.000000,9,14,22,23,26,33,39,43,2100,2100,2100,682,0,9,19.747745307956826,5.3264999951352365,2072.103900005459,7886.49853372434
1782347901,2,,Aggregated,0.700000,0.000000,9,14,22,23,26,33,39,43,2100,2100,2100,683,0,9,19.788741142054207,5.3264999951352365,2072.103900005459,7890.323572474378
1782347902,2,,Aggregated,0.700000,0.000000,9,14,22,23,26,33,39,43,2100,2100,2100,683,0,9,19.788741142054207,5.3264999951352365,2072.103900005459,7890.323572474378
1782347903,2,,Aggregated,0.600000,0.000000,9,14,22,23,26,33,39,43,2100,2100,2100,684,0,9,19.770325292430716,5.3264999951352365,2072.103900005459,7886.225146198831
1782347904,2,,Aggregated,0.500000,0.000000,9,14,22,23,26,33,39,43,2100,2100,2100,685,0,9,19.759580146011057,5.3264999951352365,2072.103900005459,7890.039416058394
1782347905,2,,Aggregated,0.600000,0.000000,9,14,22,23,26,33,39,43,2100,2100,2100,686,0,9,19.740067930052426,5.3264999951352365,2072.103900005459,7885.953352769679
1782347906,2,,Aggregated,0.600000,0.000000,9,14,22,23,26,33,39,43,2100,2100,2100,686,0,9,19.740067930052426,5.3264999951352365,2072.103900005459,7885.953352769679
1782347907,2,,Aggregated,0.600000,0.000000,9,14,22,23,26,33,39,43,2100,2100,2100,686,0,9,19.740067930052426,5.3264999951352365,2072.103900005459,7885.953352769679
1782347908,2,,Aggregated,0.600000,0.000000,9,14,22,23,26,33,39,43,2100,2100,2100,686,0,9,19.740067930052426,5.3264999951352365,2072.103900005459,7885.953352769679
1782347909,2,,Aggregated,0.600000,0.000000,9,14,22,23,26,33,39,43,2100,2100,2100,688,0,9,19.703661918631337,5.3264999951352365,2072.103900005459,7877.816860465116
1782347910,2,,Aggregated,0.600000,0.000000,9,14,22,23,26,33,39,43,2100,2100,2100,688,0,9,19.703661918631337,5.3264999951352365,2072.103900005459,7877.816860465116
1782347911,2,,Aggregated,0.500000,0.000000,9,14,22,23,26,33,39,43,2100,2100,2100,689,0,9,19.687437300467835,5.3264999951352365,2072.103900005459,7874.895500725689
1782347912,2,,Aggregated,0.500000,0.000000,9,14,22,23,26,33,39,43,2100,2100,2100,689,0,9,19.687437300467835,5.3264999951352365,2072.103900005459,7874.895500725689
1782347913,2,,Aggregated,0.600000,0.000000,9,14,22,23,26,33,39,43,2100,2100,2100,690,0,9,19.709984782642003,5.3264999951352365,2072.103900005459,7878.698550724637
1782347914,2,,Aggregated,0.600000,0.000000,9,14,22,23,26,33,39,43,2100,2100,2100,690,0,9,19.709984782642003,5.3264999951352365,2072.103900005459,7878.698550724637
1782347915,2,,Aggregated,0.500000,0.000000,9,14,22,23,26,33,39,43,2100,2100,2100,691,0,9,19.690435455893684,5.3264999951352365,2072.103900005459,7875.784370477569
1782347916,2,,Aggregated,0.500000,0.000000,9,14,22,23,26,33,39,43,2100,2100,2100,692,0,9,19.679543063620063,5.3264999951352365,2072.103900005459,7879.575144508671
1782347917,2,,Aggregated,0.500000,0.000000,9,14,22,23,26,33,39,43,2100,2100,2100,692,0,9,19.679543063620063,5.3264999951352365,2072.103900005459,7879.575144508671
1782347918,2,,Aggregated,0.500000,0.000000,9,14,22,23,26,33,39,43,2100,2100,2100,692,0,9,19.679543063620063,5.3264999951352365,2072.103900005459,7879.575144508671
1782347919,2,,Aggregated,0.600000,0.000000,9,14,22,23,26,33,39,43,2100,2100,2100,693,0,9,19.68293953828062,5.3264999951352365,2072.103900005459,7883.354978354978
1782347920,2,,Aggregated,0.600000,0.000000,9,14,22,23,26,33,39,43,2100,2100,2100,694,0,9,19.67271152742107,5.3264999951352365,2072.103900005459,7887.1239193083575
1782347921,2,,Aggregated,0.600000,0.000000,9,14,22,23,26,33,39,43,2100,2100,2100,694,0,9,19.67271152742107,5.3264999951352365,2072.103900005459,7887.1239193083575
1782347922,2,,Aggregated,0.500000,0.000000,9,14,22,23,26,33,39,43,2100,2100,2100,695,0,9,19.652858561197156,5.3264999951352365,2072.103900005459,7884.214388489208
1782347923,2,,Aggregated,0.600000,0.000000,9,14,22,23,26,33,39,43,2100,2100,2100,696,0,9,19.633143247172004,5.3264999951352365,2072.103900005459,7881.313218390805
1782347924,2,,Aggregated,0.500000,0.000000,9,14,22,23,26,33,39,43,2100,2100,2100,697,0,9,19.646994117691253,5.3264999951352365,2072.103900005459,7885.068866571019
1782347926,2,,Aggregated,0.500000,0.000000,9,14,22,23,26,33,39,43,2100,2100,2100,697,0,9,19.646994117691253,5.3264999951352365,2072.103900005459,7885.068866571019
1782347927,2,,Aggregated,0.500000,0.000000,9,14,22,23,26,33,39,43,2100,2100,2100,697,0,9,19.646994117691253,5.3264999951352365,2072.103900005459,7885.068866571019
1782347928,2,,Aggregated,0.700000,0.000000,9,14,22,23,26,33,39,43,2100,2100,2100,699,0,9,19.609364663854137,5.3264999951352365,2072.103900005459,7879.288984263233
1782347929,2,,Aggregated,0.700000,0.000000,9,14,22,23,26,33,39,43,2100,2100,2100,699,0,9,19.609364663854137,5.3264999951352365,2072.103900005459,7879.288984263233
1782347930,2,,Aggregated,0.700000,0.000000,9,14,22,23,26,33,39,43,2100,2100,2100,699,0,9,19.609364663854137,5.3264999951352365,2072.103900005459,7879.288984263233
1782347931,2,,Aggregated,0.700000,0.000000,9,14,22,23,26,33,39,43,2100,2100,2100,699,0,9,19.609364663854137,5.3264999951352365,2072.103900005459,7879.288984263233
1782347932,2,,Aggregated,0.600000,0.000000,9,14,22,23,26,33,39,43,2100,2100,2100,701,0,9,19.57135905853616,5.3264999951352365,2072.103900005459,7873.542082738944
1782347933,2,,Aggregated,0.600000,0.000000,9,14,22,23,26,33,39,43,2100,2100,2100,701,0,9,19.57135905853616,5.3264999951352365,2072.103900005459,7873.542082738944
1782347934,2,,Aggregated,0.600000,0.000000,9,14,22,23,26,33,39,43,2100,2100,2100,701,0,9,19.57135905853616,5.3264999951352365,2072.103900005459,7873.542082738944
1782347935,2,,Aggregated,0.600000,0.000000,9,14,22,23,26,33,39,43,2100,2100,2100,703,0,9,19.554643101052857,5.3264999951352365,2072.103900005459,7873.312944523471
1782347936,2,,Aggregated,0.600000,0.000000,9,14,22,23,26,33,39,43,2100,2100,2100,703,0,9,19.554643101052857,5.3264999951352365,2072.103900005459,7873.312944523471
1782347937,2,,Aggregated,0.600000,0.000000,9,14,22,23,26,33,39,43,2100,2100,2100,703,0,9,19.554643101052857,5.3264999951352365,2072.103900005459,7873.312944523471
1782347938,2,,Aggregated,0.600000,0.000000,9,14,22,23,26,33,39,43,2100,2100,2100,704,0,9,19.535680255743998,5.3264999951352365,2072.103900005459,7869.355113636364
1782347939,2,,Aggregated,0.600000,0.000000,9,14,22,23,26,33,39,43,2100,2100,2100,705,0,9,19.52702326246815,5.3264999951352365,2072.103900005459,7873.085106382979
1782347940,2,,Aggregated,0.600000,0.000000,9,14,22,23,26,33,39,43,2100,2100,2100,705,0,9,19.52702326246815,5.3264999951352365,2072.103900005459,7873.085106382979
1782347941,2,,Aggregated,0.500000,0.000000,9,14,22,23,26,33,39,43,2100,2100,2100,707,0,9,19.52629504956521,5.3264999951352365,2072.103900005459,7872.858557284299
1782347942,2,,Aggregated,0.500000,0.000000,9,14,22,23,26,33,39,43,2100,2100,2100,707,0,9,19.52629504956521,5.3264999951352365,2072.103900005459,7872.858557284299
1782347943,2,,Aggregated,0.500000,0.000000,9,14,22,23,26,33,39,43,2100,2100,2100,707,0,9,19.52629504956521,5.3264999951352365,2072.103900005459,7872.858557284299
1782347944,2,,Aggregated,0.800000,0.000000,9,14,22,23,26,33,39,43,2100,2100,2100,708,0,9,19.509566101761642,5.3264999951352365,2072.103900005459,7870.022598870057
1782347945,2,,Aggregated,0.700000,0.000000,9,14,22,23,26,33,39,43,2100,2100,2100,709,0,9,19.490962764532313,5.3264999951352365,2072.103900005459,7866.097320169252
1782347946,2,,Aggregated,0.600000,0.000000,9,14,22,23,26,33,39,43,2100,2100,2100,710,0,9,19.499519155010283,5.3264999951352365,2072.103900005459,7869.805633802817
1782347947,2,,Aggregated,0.600000,0.000000,9,14,22,23,26,33,39,43,2100,2100,2100,710,0,9,19.499519155010283,5.3264999951352365,2072.103900005459,7869.805633802817
1782347948,2,,Aggregated,0.600000,0.000000,9,14,22,23,26,33,39,43,2100,2100,2100,711,0,9,19.48303192694368,5.3264999951352365,2072.103900005459,7865.891701828411
1782347949,2,,Aggregated,0.600000,0.000000,9,14,22,23,26,33,39,43,2100,2100,2100,711,0,9,19.48303192694368,5.3264999951352365,2072.103900005459,7865.891701828411
1782347950,2,,Aggregated,0.700000,0.000000,9,14,22,23,26,33,39,43,2100,2100,2100,713,0,9,19.445495091244478,5.3264999951352365,2072.103900005459,7858.096774193548
1782347951,2,,Aggregated,0.700000,0.000000,9,14,22,23,26,33,39,43,2100,2100,2100,713,0,9,19.445495091244478,5.3264999951352365,2072.103900005459,7858.096774193548
1782347952,2,,Aggregated,0.700000,0.000000,9,14,22,23,26,33,39,43,2100,2100,2100,713,0,9,19.445495091244478,5.3264999951352365,2072.103900005459,7858.096774193548
1782347953,2,,Aggregated,0.700000,0.000000,9,14,22,23,26,33,39,43,2100,2100,2100,713,0,9,19.445495091244478,5.3264999951352365,2072.103900005459,7858.096774193548
1782347954,2,,Aggregated,0.600000,0.000000,9,14,22,23,26,33,39,43,2100,2100,2100,714,0,9,19.473834033700925,5.3264999951352365,2072.103900005459,7861.795518207283
1782347955,2,,Aggregated,0.600000,0.000000,9,14,22,23,26,33,39,43,2100,2100,2100,715,0,9,19.471376923157532,5.3264999951352365,2072.103900005459,7865.4839160839165
1782347956,2,,Aggregated,0.600000,0.000000,9,14,22,23,26,33,39,43,2100,2100,2100,715,0,9,19.471376923157532,5.3264999951352365,2072.103900005459,7865.4839160839165
1782347957,2,,Aggregated,0.600000,0.000000,9,14,22,23,26,33,39,43,2100,2100,2100,717,0,9,19.435563877346613,5.3264999951352365,2072.103900005459,7859.9037656903765
1782347958,2,,Aggregated,0.600000,0.000000,9,14,22,23,26,33,39,43,2100,2100,2100,717,0,9,19.435563877346613,5.3264999951352365,2072.103900005459,7859.9037656903765
1782347959,2,,Aggregated,0.600000,0.000000,9,14,22,23,26,33,39,43,2100,2100,2100,717,0,9,19.435563877346613,5.3264999951352365,2072.103900005459,7859.9037656903765
1782347960,2,,Aggregated,0.600000,0.000000,9,14,22,23,26,33,39,43,2100,2100,2100,718,0,9,19.416127994505043,5.3264999951352365,2072.103900005459,7856.041782729805
1782347961,2,,Aggregated,0.600000,0.000000,9,14,22,23,26,33,39,43,2100,2100,2100,719,0,9,19.39686286516035,5.3264999951352365,2072.103900005459,7853.272600834493
1782347962,2,,Aggregated,0.600000,0.000000,9,14,22,23,26,33,39,43,2100,2100,2100,719,0,9,19.39686286516035,5.3264999951352365,2072.103900005459,7853.272600834493
1782347963,2,,Aggregated,0.600000,0.000000,9,14,22,23,26,33,39,43,2100,2100,2100,719,0,9,19.39686286516035,5.3264999951352365,2072.103900005459,7853.272600834493
1782347964,2,,Aggregated,0.600000,0.000000,9,14,22,23,26,33,39,43,2100,2100,2100,721,0,9,19.362034535438504,5.3264999951352365,2072.103900005459,7845.599167822469
1782347965,2,,Aggregated,0.600000,0.000000,9,14,22,23,26,33,39,43,2100,2100,2100,721,0,9,19.362034535438504,5.3264999951352365,2072.103900005459,7845.599167822469
1782347966,2,,Aggregated,0.600000,0.000000,9,14,22,23,26,33,39,43,2100,2100,2100,721,0,9,19.362034535438504,5.3264999951352365,2072.103900005459,7845.599167822469
1782347967,2,,Aggregated,0.600000,0.000000,9,14,22,23,26,33,39,43,2100,2100,2100,721,0,9,19.362034535438504,5.3264999951352365,2072.103900005459,7845.599167822469
1782347968,2,,Aggregated,0.600000,0.000000,8,14,22,23,26,33,39,43,2100,2100,2100,723,0,8,19.328252420540338,5.3264999951352365,2072.103900005459,7840.120331950207
1782347969,2,,Aggregated,0.600000,0.000000,8,14,22,23,26,33,39,43,2100,2100,2100,723,0,8,19.328252420540338,5.3264999951352365,2072.103900005459,7840.120331950207
1782347970,2,,Aggregated,0.600000,0.000000,8,14,22,23,26,33,39,43,2100,2100,2100,723,0,8,19.328252420540338,5.3264999951352365,2072.103900005459,7840.120331950207
1782347971,2,,Aggregated,0.600000,0.000000,9,14,22,23,26,33,39,43,2100,2100,2100,724,0,8,19.332452486256713,5.3264999951352365,2072.103900005459,7843.792817679558
1782347972,2,,Aggregated,0.600000,0.000000,9,14,22,23,26,33,39,43,2100,2100,2100,724,0,8,19.332452486256713,5.3264999951352365,2072.103900005459,7843.792817679558
1782347973,2,,Aggregated,0.600000,0.000000,9,14,22,23,26,33,39,43,2100,2100,2100,725,0,9,19.322939310413545,5.3264999951352365,2072.103900005459,7847.455172413793
1782347974,2,,Aggregated,0.600000,0.000000,9,14,22,23,26,33,39,43,2100,2100,2100,726,0,8,19.306351239745297,5.3264999951352365,2072.103900005459,7843.652892561983
1782347975,2,,Aggregated,0.600000,0.000000,9,14,22,23,26,33,39,43,2100,2100,2100,726,0,8,19.306351239745297,5.3264999951352365,2072.103900005459,7843.652892561983
1782347976,2,,Aggregated,0.600000,0.000000,9,14,22,23,26,33,39,43,2100,2100,2100,728,0,8,19.296205769313637,5.3264999951352365,2072.103900005459,7844.582417582417
1782347977,2,,Aggregated,0.600000,0.000000,9,14,22,23,26,33,39,43,2100,2100,2100,728,0,8,19.296205769313637,5.3264999951352365,2072.103900005459,7844.582417582417
1782347978,2,,Aggregated,0.600000,0.000000,9,14,22,23,26,33,39,43,2100,2100,2100,728,0,8,19.296205769313637,5.3264999951352365,2072.103900005459,7844.582417582417
1782347979,2,,Aggregated,0.700000,0.000000,9,14,22,23,26,33,39,43,2100,2100,2100,729,0,9,19.288355692813,5.3264999951352365,2072.103900005459,7848.223593964335
1782347980,2,,Aggregated,0.700000,0.000000,9,14,22,23,26,33,39,43,2100,2100,2100,730,0,9,19.281993013781126,5.3264999951352365,2072.103900005459,7851.854794520548
1782347981,2,,Aggregated,0.700000,0.000000,9,14,22,23,26,33,39,43,2100,2100,2100,730,0,9,19.281993013781126,5.3264999951352365,2072.103900005459,7851.854794520548
1782347982,2,,Aggregated,0.700000,0.000000,9,14,22,23,26,33,39,43,2100,2100,2100,731,0,9,19.264007934422338,5.3264999951352365,2072.103900005459,7849.136798905609
1782347983,2,,Aggregated,0.600000,0.000000,9,14,22,23,26,33,39,43,2100,2100,2100,732,0,9,19.249305054731078,5.3264999951352365,2072.103900005459,7846.426229508197
1782347984,2,,Aggregated,0.600000,0.000000,9,14,22,23,26,33,39,43,2100,2100,2100,732,0,9,19.249305054731078,5.3264999951352365,2072.103900005459,7846.426229508197
1782347985,2,,Aggregated,0.600000,0.000000,9,14,22,23,26,33,39,43,2100,2100,2100,732,0,9,19.249305054731078,5.3264999951352365,2072.103900005459,7846.426229508197
1782347986,2,,Aggregated,0.600000,0.000000,9,14,22,23,26,33,39,43,2100,2100,2100,733,0,9,19.2314690314624,5.3264999951352365,2072.103900005459,7842.661664392906
1782347987,2,,Aggregated,0.600000,0.000000,9,14,22,23,26,33,39,43,2100,2100,2100,733,0,9,19.2314690314624,5.3264999951352365,2072.103900005459,7842.661664392906
1782347988,2,,Aggregated,0.600000,0.000000,9,14,22,23,26,33,39,43,2100,2100,2100,734,0,8,19.21378256139607,5.3264999951352365,2072.103900005459,7838.907356948229
1782347989,2,,Aggregated,0.600000,0.000000,9,14,22,23,26,33,39,43,2100,2100,2100,734,0,8,19.21378256139607,5.3264999951352365,2072.103900005459,7838.907356948229
1782347990,2,,Aggregated,0.600000,0.000000,9,14,22,23,26,33,39,43,2100,2100,2100,735,0,9,19.24628897967628,5.3264999951352365,2072.103900005459,7842.526530612245
1782347991,2,,Aggregated,0.500000,0.000000,9,14,22,23,26,33,39,43,2100,2100,2100,736,0,8,19.228762635955956,5.3264999951352365,2072.103900005459,7839.839673913043
1782347992,2,,Aggregated,0.500000,0.000000,9,14,22,23,26,33,39,43,2100,2100,2100,736,0,8,19.228762635955956,5.3264999951352365,2072.103900005459,7839.839673913043
1782347993,2,,Aggregated,0.400000,0.000000,9,14,22,23,26,33,39,43,2100,2100,2100,737,0,9,19.218773948528383,5.3264999951352365,2072.103900005459,7843.44776119403
1782347994,2,,Aggregated,0.400000,0.000000,9,14,22,23,26,33,39,43,2100,2100,2100,737,0,9,19.218773948528383,5.3264999951352365,2072.103900005459,7843.44776119403
1782347995,2,,Aggregated,0.600000,0.000000,9,14,22,23,26,33,39,43,2100,2100,2100,739,0,9,19.234173071820933,5.3264999951352365,2072.103900005459,7850.634641407307
1782347996,2,,Aggregated,0.600000,0.000000,9,14,22,23,26,33,39,43,2100,2100,2100,739,0,9,19.234173071820933,5.3264999951352365,2072.103900005459,7850.634641407307
1782347997,2,,Aggregated,0.600000,0.000000,9,14,22,23,26,33,39,43,2100,2100,2100,739,0,9,19.234173071820933,5.3264999951352365,2072.103900005459,7850.634641407307
1782347998,2,,Aggregated,0.500000,0.000000,9,14,22,23,26,33,39,43,2100,2100,2100,740,0,9,19.215766486593417,5.3264999951352365,2072.103900005459,7846.9
1782347999,2,,Aggregated,0.500000,0.000000,9,14,22,23,26,33,39,43,2100,2100,2100,740,0,9,19.215766486593417,5.3264999951352365,2072.103900005459,7846.9
1782348000,2,,Aggregated,0.600000,0.000000,9,14,22,23,26,33,39,43,2100,2100,2100,741,0,9,19.200142105374713,5.3264999951352365,2072.103900005459,7844.225371120108
1782348001,2,,Aggregated,0.600000,0.000000,9,14,22,23,26,33,39,43,2100,2100,2100,741,0,9,19.200142105374713,5.3264999951352365,2072.103900005459,7844.225371120108
1782348002,2,,Aggregated,0.600000,0.000000,9,14,22,23,26,33,39,43,2100,2100,2100,742,0,8,19.182627358600687,5.3264999951352365,2072.103900005459,7841.557951482479
1782348003,2,,Aggregated,0.700000,0.000000,8,14,22,23,26,33,39,43,2100,2100,2100,743,0,8,19.1662783312064,5.3264999951352365,2072.103900005459,7838.897711978466
1782348004,2,,Aggregated,0.700000,0.000000,8,14,22,23,26,33,39,43,2100,2100,2100,743,0,8,19.1662783312064,5.3264999951352365,2072.103900005459,7838.897711978466
1782348005,2,,Aggregated,0.600000,0.000000,8,14,22,23,26,33,39,43,2100,2100,2100,745,0,8,19.15246644307353,5.3264999951352365,2072.103900005459,7839.818791946309
1782348006,2,,Aggregated,0.600000,0.000000,8,14,22,23,26,33,39,43,2100,2100,2100,745,0,8,19.15246644307353,5.3264999951352365,2072.103900005459,7839.818791946309
1782348007,2,,Aggregated,0.600000,0.000000,8,14,22,23,26,33,39,43,2100,2100,2100,745,0,8,19.15246644307353,5.3264999951352365,2072.103900005459,7839.818791946309
1782348008,2,,Aggregated,0.700000,0.000000,9,14,22,23,26,33,39,43,2100,2100,2100,746,0,8,19.147370241406602,5.3264999951352365,2072.103900005459,7843.383378016086
1782348009,2,,Aggregated,0.600000,0.000000,9,14,22,23,26,33,39,43,2100,2100,2100,747,0,9,19.139786747105713,5.3264999951352365,2072.103900005459,7846.938420348059
1782348010,2,,Aggregated,0.600000,0.000000,9,14,22,23,26,33,39,43,2100,2100,2100,748,0,9,19.14444839584415,5.3264999951352365,2072.103900005459,7850.483957219251
1782348011,2,,Aggregated,0.600000,0.000000,9,14,22,23,26,33,39,43,2100,2100,2100,748,0,9,19.14444839584415,5.3264999951352365,2072.103900005459,7850.483957219251
1782348012,2,,Aggregated,0.600000,0.000000,9,14,22,23,26,33,40,43,2100,2100,2100,750,0,9,19.1618908001207,5.3264999951352365,2072.103900005459,7851.368
1782348013,2,,Aggregated,0.600000,0.000000,9,14,22,23,26,33,40,43,2100,2100,2100,750,0,9,19.1618908001207,5.3264999951352365,2072.103900005459,7851.368
1782348014,2,,Aggregated,0.600000,0.000000,9,14,22,23,26,33,39,43,2100,2100,2100,751,0,9,19.144285486136177,5.3264999951352365,2072.103900005459,7848.723035952064
1782348015,2,,Aggregated,0.600000,0.000000,9,14,22,23,26,33,39,43,2100,2100,2100,751,0,9,19.144285486136177,5.3264999951352365,2072.103900005459,7848.723035952064
1782348016,2,,Aggregated,0.700000,0.000000,9,14,22,23,26,33,39,43,2100,2100,2100,752,0,9,19.130965957561358,5.3264999951352365,2072.103900005459,7846.085106382979
1782348017,2,,Aggregated,0.700000,0.000000,9,14,22,23,26,33,39,43,2100,2100,2100,753,0,9,19.1139045153873,5.3264999951352365,2072.103900005459,7843.454183266932
1782348018,2,,Aggregated,0.700000,0.000000,9,14,22,23,26,33,39,43,2100,2100,2100,753,0,9,19.1139045153873,5.3264999951352365,2072.103900005459,7843.454183266932
1782348019,2,,Aggregated,0.700000,0.000000,8,14,22,23,26,33,39,43,2100,2100,2100,755,0,8,19.079551390844045,5.3264999951352365,2072.103900005459,7838.213245033113
1782348020,2,,Aggregated,0.700000,0.000000,8,14,22,23,26,33,39,43,2100,2100,2100,755,0,8,19.079551390844045,5.3264999951352365,2072.103900005459,7838.213245033113
1782348021,2,,Aggregated,0.700000,0.000000,8,14,22,23,26,33,39,43,2100,2100,2100,755,0,8,19.079551390844045,5.3264999951352365,2072.103900005459,7838.213245033113
1782348022,2,,Aggregated,0.800000,0.000000,9,14,22,23,26,33,39,43,2100,2100,2100,756,0,8,19.088193386355115,5.3264999951352365,2072.103900005459,7841.7328042328045
1782348023,2,,Aggregated,0.800000,0.000000,9,14,22,23,26,33,39,43,2100,2100,2100,756,0,8,19.088193386355115,5.3264999951352365,2072.103900005459,7841.7328042328045
1782348024,2,,Aggregated,0.700000,0.000000,8,14,22,23,26,33,39,43,2100,2100,2100,757,0,8,19.0732793924511,5.3264999951352365,2072.103900005459,7839.121532364597
1782348025,2,,Aggregated,0.600000,0.000000,9,14,22,23,26,33,39,43,2100,2100,2100,758,0,8,19.066982322016877,5.3264999951352365,2072.103900005459,7842.630606860158
1782348026,2,,Aggregated,0.600000,0.000000,9,14,22,23,26,33,39,43,2100,2100,2100,758,0,8,19.066982322016877,5.3264999951352365,2072.103900005459,7842.630606860158
1782348027,2,,Aggregated,0.600000,0.000000,9,14,22,23,26,33,39,43,2100,2100,2100,759,0,9,19.072005797212217,5.3264999951352365,2072.103900005459,7846.130434782609
1782348028,2,,Aggregated,0.600000,0.000000,9,14,22,23,26,33,39,43,2100,2100,2100,759,0,9,19.072005797212217,5.3264999951352365,2072.103900005459,7846.130434782609
1782348029,2,,Aggregated,0.600000,0.000000,9,14,22,23,26,33,39,43,2100,2100,2100,759,0,9,19.072005797212217,5.3264999951352365,2072.103900005459,7846.130434782609
1782348030,2,,Aggregated,0.600000,0.000000,9,14,22,23,26,33,39,43,2100,2100,2100,761,0,9,19.075932194598973,5.3264999951352365,2072.103900005459,7847.0131406044675
1782348031,2,,Aggregated,0.600000,0.000000,9,14,22,23,26,33,39,43,2100,2100,2100,761,0,9,19.075932194598973,5.3264999951352365,2072.103900005459,7847.0131406044675
1782348032,2,,Aggregated,0.600000,0.000000,9,14,22,23,26,33,39,43,2100,2100,2100,761,0,9,19.075932194598973,5.3264999951352365,2072.103900005459,7847.0131406044675
1782348033,2,,Aggregated,0.600000,0.000000,9,14,22,23,26,33,39,43,2100,2100,2100,761,0,9,19.075932194598973,5.3264999951352365,2072.103900005459,7847.0131406044675
1782348034,2,,Aggregated,0.600000,0.000000,9,14,22,23,26,33,39,43,2100,2100,2100,762,0,8,19.06203031508216,5.3264999951352365,2072.103900005459,7844.412073490814
1782348035,2,,Aggregated,0.500000,0.000000,9,14,22,23,26,33,39,43,2100,2100,2100,763,0,9,19.066629226859686,5.3264999951352365,2072.103900005459,7847.89121887287
1782348036,2,,Aggregated,0.500000,0.000000,9,14,22,23,26,33,39,43,2100,2100,2100,763,0,9,19.066629226859686,5.3264999951352365,2072.103900005459,7847.89121887287
1782348037,2,,Aggregated,0.500000,0.000000,9,14,22,23,26,33,39,43,2100,2100,2100,764,0,9,19.05818913625346,5.3264999951352365,2072.103900005459,7851.361256544503
1782348038,2,,Aggregated,0.500000,0.000000,9,14,22,23,26,33,39,43,2100,2100,2100,765,0,9,19.052303268099006,5.3264999951352365,2072.103900005459,7854.822222222222
1782348039,2,,Aggregated,0.500000,0.000000,9,14,22,23,26,33,39,43,2100,2100,2100,765,0,9,19.052303268099006,5.3264999951352365,2072.103900005459,7854.822222222222
1782348040,2,,Aggregated,0.500000,0.000000,9,14,22,23,26,33,39,43,2100,2100,2100,766,0,9,19.05732415156778,5.3264999951352365,2072.103900005459,7858.274151436031
1782348041,2,,Aggregated,0.500000,0.000000,9,14,22,23,26,33,39,43,2100,2100,2100,766,0,9,19.05732415156778,5.3264999951352365,2072.103900005459,7858.274151436031
1782348042,2,,Aggregated,0.500000,0.000000,9,14,22,23,26,33,39,43,2100,2100,2100,768,0,9,19.031266797005248,5.3264999951352365,2072.103900005459,7859.1171875
1782348043,2,,Aggregated,0.500000,0.000000,9,14,22,23,26,33,39,43,2100,2100,2100,768,0,9,19.031266797005248,5.3264999951352365,2072.103900005459,7859.1171875
1782348044,2,,Aggregated,0.500000,0.000000,9,14,22,23,26,33,39,43,2100,2100,2100,768,0,9,19.031266797005248,5.3264999951352365,2072.103900005459,7859.1171875
1782348045,2,,Aggregated,0.500000,0.000000,9,14,22,23,26,33,39,43,2100,2100,2100,768,0,9,19.031266797005248,5.3264999951352365,2072.103900005459,7859.1171875
1782348046,2,,Aggregated,0.700000,0.000000,9,14,22,23,26,33,39,43,2100,2100,2100,770,0,9,19.003872857270338,5.3264999951352365,2072.103900005459,7852.927272727273
1782348048,2,,Aggregated,0.700000,0.000000,9,14,22,23,26,33,39,43,2100,2100,2100,770,0,9,19.003872857270338,5.3264999951352365,2072.103900005459,7852.927272727273
1782348049,2,,Aggregated,0.500000,0.000000,9,14,22,23,26,33,39,43,2100,2100,2100,771,0,9,19.009485992346846,5.3264999951352365,2072.103900005459,7856.359273670558
1782348050,2,,Aggregated,0.700000,0.000000,9,14,22,23,26,33,39,43,2100,2100,2100,772,0,9,18.996561269557155,5.3264999951352365,2072.103900005459,7853.779792746114
1782348051,2,,Aggregated,0.700000,0.000000,9,14,22,23,26,33,39,43,2100,2100,2100,772,0,9,18.996561269557155,5.3264999951352365,2072.103900005459,7853.779792746114
1782348052,2,,Aggregated,0.600000,0.000000,9,14,22,23,26,33,39,43,2100,2100,2100,773,0,9,18.98967050465511,5.3264999951352365,2072.103900005459,7857.201811125485
1782348053,2,,Aggregated,0.600000,0.000000,9,14,22,23,26,33,39,43,2100,2100,2100,773,0,9,18.98967050465511,5.3264999951352365,2072.103900005459,7857.201811125485
1782348054,2,,Aggregated,0.600000,0.000000,9,14,22,23,26,33,39,43,2100,2100,2100,775,0,9,18.978843871098494,5.3264999951352365,2072.103900005459,7858.04
1782348055,2,,Aggregated,0.600000,0.000000,9,14,22,23,26,33,39,43,2100,2100,2100,775,0,9,18.978843871098494,5.3264999951352365,2072.103900005459,7858.04
1782348056,2,,Aggregated,0.600000,0.000000,9,14,22,23,26,33,39,43,2100,2100,2100,775,0,9,18.978843871098494,5.3264999951352365,2072.103900005459,7858.04
1782348057,2,,Aggregated,0.600000,0.000000,9,14,22,23,26,33,39,43,2100,2100,2100,775,0,9,18.978843871098494,5.3264999951352365,2072.103900005459,7858.04
1782348058,2,,Aggregated,0.600000,0.000000,9,14,22,23,26,33,39,43,2100,2100,2100,775,0,9,18.978843871098494,5.3264999951352365,2072.103900005459,7858.04
1782348059,2,,Aggregated,0.700000,0.000000,9,14,22,23,26,33,39,43,2100,2100,2100,777,0,9,18.954846975674144,5.3264999951352365,2072.103900005459,7858.873873873874
1782348060,2,,Aggregated,0.700000,0.000000,9,14,22,23,26,33,39,43,2100,2100,2100,777,0,9,18.954846975674144,5.3264999951352365,2072.103900005459,7858.873873873874
1782348061,2,,Aggregated,0.700000,0.000000,9,14,22,23,26,33,39,43,2100,2100,2100,777,0,9,18.954846975674144,5.3264999951352365,2072.103900005459,7858.873873873874
1782348062,2,,Aggregated,0.700000,0.000000,9,14,22,23,26,33,39,43,2100,2100,2100,777,0,9,18.954846975674144,5.3264999951352365,2072.103900005459,7858.873873873874
1782348063,2,,Aggregated,0.500000,0.000000,9,14,22,23,26,33,39,43,2100,2100,2100,779,0,9,18.922046341590192,5.3264999951352365,2072.103900005459,7853.754813863928
1782348064,2,,Aggregated,0.500000,0.000000,9,14,22,23,26,33,39,43,2100,2100,2100,779,0,9,18.922046341590192,5.3264999951352365,2072.103900005459,7853.754813863928
1782348065,2,,Aggregated,0.500000,0.000000,9,14,22,23,26,33,39,43,2100,2100,2100,779,0,9,18.922046341590192,5.3264999951352365,2072.103900005459,7853.754813863928
1782348066,2,,Aggregated,0.500000,0.000000,9,14,22,23,26,33,39,43,2100,2100,2100,780,0,9,18.906760000129744,5.3264999951352365,2072.103900005459,7851.205128205128
1782348067,2,,Aggregated,0.400000,0.000000,9,14,22,23,26,33,39,43,2100,2100,2100,781,0,9,18.910920742768976,5.3264999951352365,2072.103900005459,7854.595390524968
1782348068,2,,Aggregated,0.400000,0.000000,9,14,22,23,26,33,39,43,2100,2100,2100,781,0,9,18.910920742768976,5.3264999951352365,2072.103900005459,7854.595390524968
1782348069,2,,Aggregated,0.500000,0.000000,9,14,22,23,26,33,39,43,2100,2100,2100,782,0,9,18.895444245656172,5.3264999951352365,2072.103900005459,7852.05115089514
1782348070,2,,Aggregated,0.600000,0.000000,9,14,22,23,26,33,39,43,2100,2100,2100,783,0,9,18.886372669353367,5.3264999951352365,2072.103900005459,7855.431673052362
1782348071,2,,Aggregated,0.600000,0.000000,9,14,22,23,26,33,39,43,2100,2100,2100,783,0,9,18.886372669353367,5.3264999951352365,2072.103900005459,7855.431673052362
1782348072,2,,Aggregated,0.600000,0.000000,9,14,22,23,26,33,39,43,2100,2100,2100,783,0,9,18.886372669353367,5.3264999951352365,2072.103900005459,7855.431673052362
1782348073,2,,Aggregated,0.600000,0.000000,9,14,22,23,26,33,39,43,2100,2100,2100,784,0,9,18.872450765433758,5.3264999951352365,2072.103900005459,7852.892857142857
1782348074,2,,Aggregated,0.600000,0.000000,9,14,22,23,26,33,39,43,2100,2100,2100,784,0,9,18.872450765433758,5.3264999951352365,2072.103900005459,7852.892857142857
1782348075,2,,Aggregated,0.600000,0.000000,9,14,22,23,26,33,39,43,2100,2100,2100,785,0,9,18.85658853516245,5.3264999951352365,2072.103900005459,7850.36050955414
1782348076,2,,Aggregated,0.600000,0.000000,9,14,22,23,26,33,39,43,2100,2100,2100,785,0,9,18.85658853516245,5.3264999951352365,2072.103900005459,7850.36050955414
1782348077,2,,Aggregated,0.500000,0.000000,9,14,22,23,26,33,39,43,2100,2100,2100,786,0,9,18.84079910954542,5.3264999951352365,2072.103900005459,7846.844783715012
1782348078,2,,Aggregated,0.500000,0.000000,9,14,22,23,26,33,39,43,2100,2100,2100,786,0,9,18.84079910954542,5.3264999951352365,2072.103900005459,7846.844783715012
1782348079,2,,Aggregated,0.500000,0.000000,9,14,22,23,26,33,39,43,2100,2100,2100,787,0,9,18.85006048297909,5.3264999951352365,2072.103900005459,7850.214739517154
1782348080,2,,Aggregated,0.500000,0.000000,9,14,22,23,26,33,39,43,2100,2100,2100,787,0,9,18.85006048297909,5.3264999951352365,2072.103900005459,7850.214739517154
1782348081,2,,Aggregated,0.500000,0.000000,9,14,22,23,26,33,39,43,2100,2100,2100,788,0,9,18.83308857881284,5.3264999951352365,2072.103900005459,7847.6954314720815
1782348082,2,,Aggregated,0.500000,0.000000,9,14,22,23,26,33,39,43,2100,2100,2100,789,0,9,18.826746134473577,5.3264999951352365,2072.103900005459,7851.055766793409
1782348083,2,,Aggregated,0.500000,0.000000,9,14,22,23,26,33,39,43,2100,2100,2100,790,0,9,18.838806582411788,5.3264999951352365,2072.103900005459,7854.407594936709
1782348084,2,,Aggregated,0.500000,0.000000,9,14,22,23,26,33,39,43,2100,2100,2100,790,0,9,18.838806582411788,5.3264999951352365,2072.103900005459,7854.407594936709
1782348085,2,,Aggregated,0.500000,0.000000,9,14,22,23,26,33,39,43,2100,2100,2100,790,0,9,18.838806582411788,5.3264999951352365,2072.103900005459,7854.407594936709
1782348086,2,,Aggregated,0.600000,0.000000,9,14,22,23,26,33,39,43,2100,2100,2100,791,0,9,18.823922882565576,5.3264999951352365,2072.103900005459,7851.892541087232
1782348087,2,,Aggregated,0.600000,0.000000,9,14,22,23,26,33,39,43,2100,2100,2100,792,0,9,18.83459406579075,5.3264999951352365,2072.103900005459,7855.234848484848
1782348088,2,,Aggregated,0.600000,0.000000,9,14,22,23,26,33,39,43,2100,2100,2100,792,0,9,18.83459406579075,5.3264999951352365,2072.103900005459,7855.234848484848
1782348089,2,,Aggregated,0.600000,0.000000,9,14,22,23,26,33,39,43,2100,2100,2100,792,0,9,18.83459406579075,5.3264999951352365,2072.103900005459,7855.234848484848
1782348090,2,,Aggregated,0.600000,0.000000,9,14,22,23,26,33,39,43,2100,2100,2100,793,0,9,18.82688612876076,5.3264999951352365,2072.103900005459,7858.568726355612
1782348091,2,,Aggregated,0.600000,0.000000,9,14,22,23,26,33,39,43,2100,2100,2100,794,0,9,18.8267782117146,5.3264999951352365,2072.103900005459,7861.894206549118
1782348092,2,,Aggregated,0.600000,0.000000,9,14,22,23,26,33,39,43,2100,2100,2100,795,0,9,18.81167522024615,5.3264999951352365,2072.103900005459,7859.382389937107
1782348093,2,,Aggregated,0.600000,0.000000,9,14,22,23,26,33,39,43,2100,2100,2100,795,0,9,18.81167522024615,5.3264999951352365,2072.103900005459,7859.382389937107
1782348094,2,,Aggregated,0.600000,0.000000,9,14,22,23,26,33,39,43,2100,2100,2100,795,0,9,18.81167522024615,5.3264999951352365,2072.103900005459,7859.382389937107
1782348095,2,,Aggregated,0.500000,0.000000,9,14,22,23,26,33,39,43,2100,2100,2100,796,0,9,18.795891331782098,5.3264999951352365,2072.103900005459,7855.899497487437
1782348096,2,,Aggregated,0.500000,0.000000,9,14,22,23,26,33,39,43,2100,2100,2100,797,0,9,18.781648431739193,5.3264999951352365,2072.103900005459,7853.401505646173
1782348097,2,,Aggregated,0.500000,0.000000,9,14,22,23,26,33,39,43,2100,2100,2100,798,0,9,18.767405012655665,5.3264999951352365,2072.103900005459,7850.909774436091
1782348098,2,,Aggregated,0.700000,0.000000,9,14,22,23,26,33,39,43,2100,2100,2100,799,0,9,18.77130387997175,5.3264999951352365,2072.103900005459,7854.224030037547
1782348099,2,,Aggregated,0.700000,0.000000,9,14,22,23,26,33,39,43,2100,2100,2100,799,0,9,18.77130387997175,5.3264999951352365,2072.103900005459,7854.224030037547
1782348100,2,,Aggregated,0.600000,0.000000,9,14,22,23,26,33,39,43,2100,2100,2100,800,0,9,18.75517925011991,5.3264999951352365,2072.103900005459,7851.7375
1782348101,2,,Aggregated,0.600000,0.000000,9,14,22,23,26,33,39,43,2100,2100,2100,800,0,9,18.75517925011991,5.3264999951352365,2072.103900005459,7851.7375
1782348102,2,,Aggregated,0.600000,0.000000,9,14,22,23,26,33,39,43,2100,2100,2100,800,0,9,18.75517925011991,5.3264999951352365,2072.103900005459,7851.7375
1782348103,2,,Aggregated,0.600000,0.000000,9,14,22,23,26,33,39,43,2100,2100,2100,801,0,9,18.74006741585045,5.3264999951352365,2072.103900005459,7848.285892634207
1782348104,2,,Aggregated,0.600000,0.000000,9,14,22,23,26,33,39,43,2100,2100,2100,802,0,9,18.748915835527995,5.3264999951352365,2072.103900005459,7851.59102244389
1782348105,2,,Aggregated,0.600000,0.000000,9,14,22,23,26,33,39,43,2100,2100,2100,802,0,9,18.748915835527995,5.3264999951352365,2072.103900005459,7851.59102244389
1782348106,2,,Aggregated,0.500000,0.000000,9,14,22,23,26,33,39,43,2100,2100,2100,804,0,9,18.726944403097512,5.3264999951352365,2072.103900005459,7851.445273631841
1782348107,2,,Aggregated,0.500000,0.000000,9,14,22,23,26,33,39,43,2100,2100,2100,804,0,9,18.726944403097512,5.3264999951352365,2072.103900005459,7851.445273631841
1782348108,2,,Aggregated,0.700000,0.000000,9,14,22,23,26,33,39,43,2100,2100,2100,805,0,9,18.718619627441694,5.3264999951352365,2072.103900005459,7854.734161490684
1782348109,2,,Aggregated,0.700000,0.000000,9,14,22,23,26,33,39,43,2100,2100,2100,805,0,9,18.718619627441694,5.3264999951352365,2072.103900005459,7854.734161490684
1782348110,2,,Aggregated,0.700000,0.000000,9,14,22,23,26,33,39,43,2100,2100,2100,806,0,9,18.72543746908975,5.3264999951352365,2072.103900005459,7858.014888337469
1782348111,2,,Aggregated,0.700000,0.000000,9,14,22,23,26,33,39,43,2100,2100,2100,806,0,9,18.72543746908975,5.3264999951352365,2072.103900005459,7858.014888337469
1782348112,2,,Aggregated,0.700000,0.000000,9,14,22,23,26,33,39,43,2100,2100,2100,806,0,9,18.72543746908975,5.3264999951352365,2072.103900005459,7858.014888337469
1782348113,2,,Aggregated,0.700000,0.000000,9,14,22,23,26,33,39,43,2100,2100,2100,807,0,9,18.743216356991713,5.3264999951352365,2072.103900005459,7861.2874845105325
1782348114,2,,Aggregated,0.600000,0.000000,9,14,22,23,26,33,39,43,2100,2100,2100,808,0,9,18.735773267436155,5.3264999951352365,2072.103900005459,7864.55198019802
1782348115,2,,Aggregated,0.600000,0.000000,9,14,22,23,26,33,39,43,2100,2100,2100,808,0,9,18.735773267436155,5.3264999951352365,2072.103900005459,7864.55198019802
1782348116,2,,Aggregated,0.600000,0.000000,9,14,22,23,26,33,39,43,2100,2100,2100,810,0,9,18.725688642088144,5.3264999951352365,2072.103900005459,7864.375308641976
1782348117,2,,Aggregated,0.600000,0.000000,9,14,22,23,26,33,39,43,2100,2100,2100,810,0,9,18.725688642088144,5.3264999951352365,2072.103900005459,7864.375308641976
1782348118,2,,Aggregated,0.600000,0.000000,9,14,22,23,26,33,39,43,2100,2100,2100,810,0,9,18.725688642088144,5.3264999951352365,2072.103900005459,7864.375308641976
1782348119,2,,Aggregated,0.600000,0.000000,9,14,22,23,26,33,39,43,2100,2100,2100,810,0,9,18.725688642088144,5.3264999951352365,2072.103900005459,7864.375308641976
1782348120,2,,Aggregated,0.600000,0.000000,9,14,22,23,26,33,39,43,2100,2100,2100,811,0,9,18.71013674487701,5.3264999951352365,2072.103900005459,7861.909987669544
1782348121,2,,Aggregated,0.500000,0.000000,9,14,22,23,26,33,39,43,2100,2100,2100,812,0,9,18.716673399135715,5.3264999951352365,2072.103900005459,7865.15763546798
1782348122,2,,Aggregated,0.500000,0.000000,9,14,22,23,26,33,39,43,2100,2100,2100,812,0,9,18.716673399135715,5.3264999951352365,2072.103900005459,7865.15763546798
1782348123,2,,Aggregated,0.500000,0.000000,9,14,22,23,26,33,39,43,2100,2100,2100,812,0,9,18.716673399135715,5.3264999951352365,2072.103900005459,7865.15763546798
1782348124,2,,Aggregated,0.600000,0.000000,9,14,22,23,26,33,39,43,2100,2100,2100,814,0,9,18.69671965613113,5.3264999951352365,2072.103900005459,7865.936117936118
1782348125,2,,Aggregated,0.600000,0.000000,9,14,22,23,26,33,39,43,2100,2100,2100,814,0,9,18.69671965613113,5.3264999951352365,2072.103900005459,7865.936117936118
1782348126,2,,Aggregated,0.600000,0.000000,9,14,22,23,26,33,39,43,2100,2100,2100,814,0,9,18.69671965613113,5.3264999951352365,2072.103900005459,7865.936117936118
1782348127,2,,Aggregated,0.600000,0.000000,9,14,22,23,26,33,39,43,2100,2100,2100,816,0,9,18.69302156873185,5.3264999951352365,2072.103900005459,7872.389705882353
1782348128,2,,Aggregated,0.600000,0.000000,9,14,22,23,26,33,39,43,2100,2100,2100,816,0,9,18.69302156873185,5.3264999951352365,2072.103900005459,7872.389705882353
1782348129,2,,Aggregated,0.600000,0.000000,9,14,22,23,26,33,39,43,2100,2100,2100,816,0,9,18.69302156873185,5.3264999951352365,2072.103900005459,7872.389705882353
1782348130,2,,Aggregated,0.600000,0.000000,9,14,22,23,26,33,39,43,2100,2100,2100,816,0,9,18.69302156873185,5.3264999951352365,2072.103900005459,7872.389705882353
1782348131,2,,Aggregated,0.600000,0.000000,9,14,22,23,26,33,39,43,2100,2100,2100,817,0,9,18.684263647591806,5.3264999951352365,2072.103900005459,7875.604651162791
1782348132,2,,Aggregated,0.500000,0.000000,9,14,22,23,26,33,39,43,2100,2100,2100,818,0,9,18.67645268958703,5.3264999951352365,2072.103900005459,7878.81173594132
1782348133,2,,Aggregated,0.500000,0.000000,9,14,22,23,26,33,39,43,2100,2100,2100,818,0,9,18.67645268958703,5.3264999951352365,2072.103900005459,7878.81173594132
1782348134,2,,Aggregated,0.600000,0.000000,9,14,22,23,26,33,39,43,2100,2100,2100,819,0,9,18.68161611731681,5.3264999951352365,2072.103900005459,7882.010989010989
1782348135,2,,Aggregated,0.600000,0.000000,9,14,22,23,26,33,39,43,2100,2100,2100,819,0,9,18.68161611731681,5.3264999951352365,2072.103900005459,7882.010989010989
1782348136,2,,Aggregated,0.700000,0.000000,9,14,22,23,26,33,39,43,2100,2100,2100,820,0,9,18.67517646351189,5.3264999951352365,2072.103900005459,7885.2024390243905
1782348137,2,,Aggregated,0.700000,0.000000,9,14,22,23,26,33,39,43,2100,2100,2100,821,0,9,18.6661110841421,5.3264999951352365,2072.103900005459,7888.386114494519
1782348138,2,,Aggregated,0.700000,0.000000,9,14,22,23,26,33,39,43,2100,2100,2100,821,0,9,18.6661110841421,5.3264999951352365,2072.103900005459,7888.386114494519
1782348139,2,,Aggregated,0.700000,0.000000,9,14,22,23,26,33,39,43,2100,2100,2100,823,0,9,18.636908019537614,5.3264999951352365,2072.103900005459,7882.523693803159
1782348140,2,,Aggregated,0.700000,0.000000,9,14,22,23,26,33,39,43,2100,2100,2100,823,0,9,18.636908019537614,5.3264999951352365,2072.103900005459,7882.523693803159
1782348141,2,,Aggregated,0.600000,0.000000,9,14,22,23,26,33,39,43,2100,2100,2100,824,0,9,18.655286529218696,5.3264999951352365,2072.103900005459,7885.699029126214
1782348142,2,,Aggregated,0.600000,0.000000,9,14,22,23,26,33,39,43,2100,2100,2100,824,0,9,18.655286529218696,5.3264999951352365,2072.103900005459,7885.699029126214
1782348143,2,,Aggregated,0.600000,0.000000,9,14,22,23,26,33,39,43,2100,2100,2100,825,0,9,18.647546303126905,5.3264999951352365,2072.103900005459,7888.866666666667
1782348144,2,,Aggregated,0.700000,0.000000,9,14,22,23,26,33,39,43,2100,2100,2100,826,0,9,18.633711864496625,5.3264999951352365,2072.103900005459,7886.416464891041
1782348145,2,,Aggregated,0.700000,0.000000,9,14,22,23,26,33,39,43,2100,2100,2100,826,0,9,18.633711864496625,5.3264999951352365,2072.103900005459,7886.416464891041
1782348146,2,,Aggregated,0.700000,0.000000,9,14,22,23,26,33,39,43,2100,2100,2100,826,0,9,18.633711864496625,5.3264999951352365,2072.103900005459,7886.416464891041
1782348147,2,,Aggregated,0.700000,0.000000,9,14,22,23,26,33,39,43,2100,2100,2100,828,0,9,18.623022946951167,5.3264999951352365,2072.103900005459,7887.130434782609
1782348148,2,,Aggregated,0.700000,0.000000,9,14,22,23,26,33,39,43,2100,2100,2100,828,0,9,18.623022946951167,5.3264999951352365,2072.103900005459,7887.130434782609
1782348149,2,,Aggregated,0.500000,0.000000,9,14,22,23,26,33,39,43,2100,2100,2100,829,0,9,18.608212665949548,5.3264999951352365,2072.103900005459,7883.75271411339
1782348150,2,,Aggregated,0.500000,0.000000,9,14,22,23,26,33,39,43,2100,2100,2100,829,0,9,18.608212665949548,5.3264999951352365,2072.103900005459,7883.75271411339
1782348151,2,,Aggregated,0.500000,0.000000,9,14,22,23,26,33,39,43,2100,2100,2100,829,0,9,18.608212665949548,5.3264999951352365,2072.103900005459,7883.75271411339
1782348152,2,,Aggregated,0.600000,0.000000,9,14,22,23,26,33,39,43,2100,2100,2100,830,0,9,18.594156144667593,5.3264999951352365,2072.103900005459,7880.383132530121
1782348153,2,,Aggregated,0.600000,0.000000,9,14,22,23,26,33,39,43,2100,2100,2100,831,0,9,18.599219976023015,5.3264999951352365,2072.103900005459,7883.534296028881
1782348154,2,,Aggregated,0.600000,0.000000,9,14,22,23,26,33,39,43,2100,2100,2100,832,0,9,18.585905168352976,5.3264999951352365,2072.103900005459,7881.108173076923
1782348155,2,,Aggregated,0.600000,0.000000,9,14,22,23,26,33,39,43,2100,2100,2100,832,0,9,18.585905168352976,5.3264999951352365,2072.103900005459,7881.108173076923
1782348156,2,,Aggregated,0.600000,0.000000,9,14,22,23,26,33,39,43,2100,2100,2100,833,0,9,18.572561464671157,5.3264999951352365,2072.103900005459,7878.68787515006
1782348157,2,,Aggregated,0.600000,0.000000,9,14,22,23,26,33,39,43,2100,2100,2100,834,0,9,18.565926738693356,5.3264999951352365,2072.103900005459,7881.829736211032
1782348158,2,,Aggregated,0.600000,0.000000,9,14,22,23,26,33,39,43,2100,2100,2100,834,0,9,18.565926738693356,5.3264999951352365,2072.103900005459,7881.829736211032
1782348159,2,,Aggregated,0.700000,0.000000,9,14,22,23,26,33,39,43,2100,2100,2100,835,0,9,18.551244790511397,5.3264999951352365,2072.103900005459,7878.482634730539
1782348160,2,,Aggregated,0.600000,0.000000,9,14,22,23,26,33,39,43,2100,2100,2100,836,0,9,18.560287081427262,5.3264999951352365,2072.103900005459,7881.617224880383
1782348161,2,,Aggregated,0.600000,0.000000,9,14,22,23,26,33,39,43,2100,2100,2100,836,0,9,18.560287081427262,5.3264999951352365,2072.103900005459,7881.617224880383
1782348162,2,,Aggregated,0.600000,0.000000,9,14,22,23,26,33,39,43,2100,2100,2100,836,0,9,18.560287081427262,5.3264999951352365,2072.103900005459,7881.617224880383
1782348163,2,,Aggregated,0.700000,0.000000,9,14,22,23,26,33,39,43,2100,2100,2100,837,0,9,18.545206212759236,5.3264999951352365,2072.103900005459,7878.2783751493425
1782348165,2,,Aggregated,0.700000,0.000000,9,14,22,23,26,33,39,43,2100,2100,2100,837,0,9,18.545206212759236,5.3264999951352365,2072.103900005459,7878.2783751493425
1782348166,2,,Aggregated,0.600000,0.000000,9,14,22,23,26,33,39,43,2100,2100,2100,838,0,9,18.531362291265083,5.3264999951352365,2072.103900005459,7875.875894988067
1782348167,2,,Aggregated,0.600000,0.000000,9,14,22,23,26,33,39,43,2100,2100,2100,838,0,9,18.531362291265083,5.3264999951352365,2072.103900005459,7875.875894988067
1782348168,2,,Aggregated,0.500000,0.000000,9,14,22,23,26,33,39,43,2100,2100,2100,839,0,9,18.537269845146035,5.3264999951352365,2072.103900005459,7879.002383790226
1782348169,2,,Aggregated,0.600000,0.000000,9,14,22,23,26,33,39,43,2100,2100,2100,840,0,9,18.52473071437652,5.3264999951352365,2072.103900005459,7875.678571428572
1782348170,2,,Aggregated,0.600000,0.000000,9,14,22,23,26,33,39,43,2100,2100,2100,840,0,9,18.52473071437652,5.3264999951352365,2072.103900005459,7875.678571428572
1782348171,2,,Aggregated,0.500000,0.000000,9,14,22,23,26,33,39,43,2100,2100,2100,841,0,9,18.537096789630457,5.3264999951352365,2072.103900005459,7878.797859690844
1782348172,2,,Aggregated,0.600000,0.000000,9,14,22,23,26,33,39,43,2100,2100,2100,842,0,9,18.523586460898272,5.3264999951352365,2072.103900005459,7876.406175771972
1782348173,2,,Aggregated,0.600000,0.000000,9,14,22,23,26,33,39,43,2100,2100,2100,842,0,9,18.523586460898272,5.3264999951352365,2072.103900005459,7876.406175771972
1782348174,2,,Aggregated,0.600000,0.000000,9,14,22,23,26,33,39,43,2100,2100,2100,842,0,9,18.523586460898272,5.3264999951352365,2072.103900005459,7876.406175771972
1782348175,2,,Aggregated,0.600000,0.000000,9,14,22,23,26,33,39,43,2100,2100,2100,844,0,9,18.496038744164924,5.3264999951352365,2072.103900005459,7870.718009478673
1782348176,2,,Aggregated,0.600000,0.000000,9,14,22,23,26,33,39,43,2100,2100,2100,844,0,9,18.496038744164924,5.3264999951352365,2072.103900005459,7870.718009478673
1782348177,2,,Aggregated,0.500000,0.000000,9,14,22,23,26,33,39,43,2100,2100,2100,845,0,9,18.501596331443796,5.3264999951352365,2072.103900005459,7873.828402366864
1782348178,2,,Aggregated,0.500000,0.000000,9,14,22,23,26,33,39,43,2100,2100,2100,845,0,9,18.501596331443796,5.3264999951352365,2072.103900005459,7873.828402366864
1782348179,2,,Aggregated,0.700000,0.000000,9,14,22,23,26,33,39,43,2100,2100,2100,846,0,9,18.489362766042746,5.3264999951352365,2072.103900005459,7871.45390070922
1782348180,2,,Aggregated,0.700000,0.000000,9,14,22,23,26,33,39,43,2100,2100,2100,846,0,9,18.489362766042746,5.3264999951352365,2072.103900005459,7871.45390070922
1782348181,2,,Aggregated,0.600000,0.000000,9,14,22,23,26,33,39,43,2100,2100,2100,847,0,9,18.47401428579606,5.3264999951352365,2072.103900005459,7869.085005903188
1782348182,2,,Aggregated,0.600000,0.000000,9,14,22,23,26,33,39,43,2100,2100,2100,847,0,9,18.47401428579606,5.3264999951352365,2072.103900005459,7869.085005903188
1782348183,2,,Aggregated,0.600000,0.000000,9,14,22,23,26,33,39,43,2100,2100,2100,847,0,9,18.47401428579606,5.3264999951352365,2072.103900005459,7869.085005903188
1782348184,2,,Aggregated,0.600000,0.000000,9,14,22,23,26,33,39,43,2100,2100,2100,848,0,9,18.49895554253309,5.3264999951352365,2072.103900005459,7872.186320754717
1782348185,2,,Aggregated,0.600000,0.000000,9,14,22,23,26,33,39,43,2100,2100,2100,848,0,9,18.49895554253309,5.3264999951352365,2072.103900005459,7872.186320754717
1782348186,2,,Aggregated,0.500000,0.000000,9,14,22,23,26,33,39,43,2100,2100,2100,849,0,9,18.491300589001728,5.3264999951352365,2072.103900005459,7875.280329799764
1782348187,2,,Aggregated,0.600000,0.000000,9,14,22,23,26,33,39,43,2100,2100,2100,850,0,9,18.477482705955694,5.3264999951352365,2072.103900005459,7872.0
1782348188,2,,Aggregated,0.500000,0.000000,9,14,22,23,26,33,39,43,2100,2100,2100,851,0,9,18.462930434856023,5.3264999951352365,2072.103900005459,7869.641598119859
1782348189,2,,Aggregated,0.500000,0.000000,9,14,22,23,26,33,39,43,2100,2100,2100,851,0,9,18.462930434856023,5.3264999951352365,2072.103900005459,7869.641598119859
1782348190,2,,Aggregated,0.500000,0.000000,9,14,22,23,26,33,39,43,2100,2100,2100,851,0,9,18.462930434856023,5.3264999951352365,2072.103900005459,7869.641598119859
1782348191,2,,Aggregated,0.500000,0.000000,9,14,22,23,26,33,39,43,2100,2100,2100,853,0,9,18.45497116068111,5.3264999951352365,2072.103900005459,7869.461899179367
1782348192,2,,Aggregated,0.500000,0.000000,9,14,22,23,26,33,39,43,2100,2100,2100,853,0,9,18.45497116068111,5.3264999951352365,2072.103900005459,7869.461899179367
1782348193,2,,Aggregated,0.500000,0.000000,9,14,22,23,26,33,39,43,2100,2100,2100,854,0,9,18.441910304518515,5.3264999951352365,2072.103900005459,7866.2037470726
1782348194,2,,Aggregated,0.500000,0.000000,9,14,22,23,26,33,39,43,2100,2100,2100,854,0,9,18.441910304518515,5.3264999951352365,2072.103900005459,7866.2037470726
1782348195,2,,Aggregated,0.500000,0.000000,9,14,22,23,26,33,39,43,2100,2100,2100,854,0,9,18.441910304518515,5.3264999951352365,2072.103900005459,7866.2037470726
1782348196,2,,Aggregated,0.600000,0.000000,9,14,22,23,26,33,39,43,2100,2100,2100,856,0,9,18.432359696324006,5.3264999951352365,2072.103900005459,7866.941588785046
1782348197,2,,Aggregated,0.600000,0.000000,9,14,22,23,26,33,39,43,2100,2100,2100,856,0,9,18.432359696324006,5.3264999951352365,2072.103900005459,7866.941588785046
1782348198,2,,Aggregated,0.600000,0.000000,9,14,22,23,26,33,39,43,2100,2100,2100,856,0,9,18.432359696324006,5.3264999951352365,2072.103900005459,7866.941588785046
1782348199,2,,Aggregated,0.600000,0.000000,9,14,22,23,26,33,39,43,2100,2100,2100,857,0,9,18.424309801697852,5.3264999951352365,2072.103900005459,7870.012835472578
1782348200,2,,Aggregated,0.600000,0.000000,9,14,22,23,26,33,39,43,2100,2100,2100,858,0,9,18.412183683050053,5.3264999951352365,2072.103900005459,7867.675990675991
1782348201,2,,Aggregated,0.600000,0.000000,9,14,22,23,26,33,39,43,2100,2100,2100,858,0,9,18.412183683050053,5.3264999951352365,2072.103900005459,7867.675990675991
1782348202,2,,Aggregated,0.600000,0.000000,9,14,22,23,26,33,39,43,2100,2100,2100,858,0,9,18.412183683050053,5.3264999951352365,2072.103900005459,7867.675990675991
1782348203,2,,Aggregated,0.600000,0.000000,9,14,22,23,26,33,39,43,2100,2100,2100,859,0,9,18.399938533251806,5.3264999951352365,2072.103900005459,7864.43888242142
1782348204,2,,Aggregated,0.500000,0.000000,9,14,22,23,26,33,39,43,2100,2100,2100,860,0,9,18.405772093099714,5.3264999951352365,2072.103900005459,7867.502325581396
1782348205,2,,Aggregated,0.500000,0.000000,9,14,22,23,26,33,39,43,2100,2100,2100,860,0,9,18.405772093099714,5.3264999951352365,2072.103900005459,7867.502325581396
1782348206,2,,Aggregated,0.500000,0.000000,9,14,22,23,26,33,39,43,2100,2100,2100,861,0,9,18.391927642348282,5.3264999951352365,2072.103900005459,7864.27293844367
1782348207,2,,Aggregated,0.500000,0.000000,9,14,22,23,26,33,39,43,2100,2100,2100,861,0,9,18.391927642348282,5.3264999951352365,2072.103900005459,7864.27293844367
1782348208,2,,Aggregated,0.600000,0.000000,9,14,22,23,26,33,39,43,2100,2100,2100,863,0,9,18.363284936345327,5.3264999951352365,2072.103900005459,7859.639629200464
1782348209,2,,Aggregated,0.600000,0.000000,9,14,22,23,26,33,39,43,2100,2100,2100,863,0,9,18.363284936345327,5.3264999951352365,2072.103900005459,7859.639629200464
1782348210,2,,Aggregated,0.600000,0.000000,9,14,22,23,26,33,39,43,2100,2100,2100,863,0,9,18.363284936345327,5.3264999951352365,2072.103900005459,7859.639629200464
1782348211,2,,Aggregated,0.700000,0.000000,9,14,22,23,26,33,39,43,2100,2100,2100,864,0,8,18.35168842600339,5.3264999951352365,2072.103900005459,7857.331018518518
1782348212,2,,Aggregated,0.700000,0.000000,9,14,22,23,26,33,39,43,2100,2100,2100,864,0,8,18.35168842600339,5.3264999951352365,2072.103900005459,7857.331018518518
1782348213,2,,Aggregated,0.600000,0.000000,9,14,22,23,26,33,39,43,2100,2100,2100,865,0,9,18.3569669364928,5.3264999951352365,2072.103900005459,7860.384971098266
1782348214,2,,Aggregated,0.600000,0.000000,9,14,22,23,26,33,39,43,2100,2100,2100,865,0,9,18.3569669364928,5.3264999951352365,2072.103900005459,7860.384971098266
1782348215,2,,Aggregated,0.600000,0.000000,8,14,22,23,26,33,39,43,2100,2100,2100,867,0,8,18.328651787847846,5.3264999951352365,2072.103900005459,7855.782006920415
1782348216,2,,Aggregated,0.600000,0.000000,8,14,22,23,26,33,39,43,2100,2100,2100,867,0,8,18.328651787847846,5.3264999951352365,2072.103900005459,7855.782006920415
1782348217,2,,Aggregated,0.600000,0.000000,8,14,22,23,26,33,39,43,2100,2100,2100,867,0,8,18.328651787847846,5.3264999951352365,2072.103900005459,7855.782006920415
1782348218,2,,Aggregated,0.600000,0.000000,8,14,22,23,26,33,39,43,2100,2100,2100,867,0,8,18.328651787847846,5.3264999951352365,2072.103900005459,7855.782006920415
1782348219,2,,Aggregated,0.600000,0.000000,9,14,22,23,26,33,39,43,2100,2100,2100,869,0,9,18.330687226779382,5.3264999951352365,2072.103900005459,7861.865362485616
1782348220,2,,Aggregated,0.600000,0.000000,9,14,22,23,26,33,39,43,2100,2100,2100,869,0,9,18.330687226779382,5.3264999951352365,2072.103900005459,7861.865362485616
