Timestamp,User Count,Type,Name,Requests/s,Failures/s,50%,66%,75%,80%,90%,95%,98%,99%,99.9%,99.99%,100%,Total Request Count,Total Failure Count,Total Median Response Time,Total Average Response Time,Total Min Response Time,Total Max Response Time,Total Average Content Size
1782375933,0,,Aggregated,0.000000,0.000000,N/A,N/A,N/A,N/A,N/A,N/A,N/A,N/A,N/A,N/A,N/A,0,0,0,0.0,0,0,0
1782375934,2,,Aggregated,0.000000,0.000000,N/A,N/A,N/A,N/A,N/A,N/A,N/A,N/A,N/A,N/A,N/A,0,0,0,0.0,0,0,0
1782375935,2,,Aggregated,0.000000,0.000000,N/A,N/A,N/A,N/A,N/A,N/A,N/A,N/A,N/A,N/A,N/A,0,0,0,0.0,0,0,0
1782375936,2,,Aggregated,0.000000,0.000000,2100,2100,2100,2100,2100,2100,2100,2100,2100,2100,2100,1,0,2050.1350999984425,2050.1350999984425,2050.1350999984425,2050.1350999984425,5865.0
1782375937,2,,Aggregated,0.000000,0.000000,2100,2100,2100,2100,2100,2100,2100,2100,2100,2100,2100,2,0,2091.01340000052,2070.5742499994813,2050.1350999984425,2091.01340000052,8182.0
1782375938,2,,Aggregated,0.333333,0.000000,2100,2100,2100,2100,2100,2100,2100,2100,2100,2100,2100,3,0,2091.01340000052,1383.2530333311297,8.610599994426593,2091.01340000052,7409.666666666667
1782375939,2,,Aggregated,0.500000,0.000000,2100,2100,2100,2100,2100,2100,2100,2100,2100,2100,2100,4,0,21,1042.7418499966734,8.610599994426593,2091.01340000052,8182.0
1782375940,2,,Aggregated,0.400000,0.000000,21,2100,2100,2100,2100,2100,2100,2100,2100,2100,2100,5,0,21,836.029219996999,8.610599994426593,2091.01340000052,7718.6
1782375941,2,,Aggregated,0.400000,0.000000,21,2100,2100,2100,2100,2100,2100,2100,2100,2100,2100,5,0,21,836.029219996999,8.610599994426593,2091.01340000052,7718.6
1782375942,2,,Aggregated,0.400000,0.000000,21,2100,2100,2100,2100,2100,2100,2100,2100,2100,2100,5,0,21,836.029219996999,8.610599994426593,2091.01340000052,7718.6
1782375943,2,,Aggregated,0.571429,0.000000,42,42,2100,2100,2100,2100,2100,2100,2100,2100,2100,6,0,21,703.6377833307293,8.610599994426593,2091.01340000052,8182.0
1782375944,2,,Aggregated,0.571429,0.000000,42,42,2100,2100,2100,2100,2100,2100,2100,2100,2100,6,0,21,703.6377833307293,8.610599994426593,2091.01340000052,8182.0
1782375945,2,,Aggregated,0.555556,0.000000,22,42,2100,2100,2100,2100,2100,2100,2100,2100,2100,7,0,22,606.3200999986813,8.610599994426593,2091.01340000052,8513.0
1782375946,2,,Aggregated,0.555556,0.000000,22,42,2100,2100,2100,2100,2100,2100,2100,2100,2100,7,0,22,606.3200999986813,8.610599994426593,2091.01340000052,8513.0
1782375947,2,,Aggregated,0.700000,0.000000,22,31,42,2100,2100,2100,2100,2100,2100,2100,2100,9,0,22,476.13895555453684,8.610599994426593,2091.01340000052,8439.444444444445
1782375948,2,,Aggregated,0.700000,0.000000,22,31,42,2100,2100,2100,2100,2100,2100,2100,2100,9,0,22,476.13895555453684,8.610599994426593,2091.01340000052,8439.444444444445
1782375949,2,,Aggregated,0.700000,0.000000,22,31,42,2100,2100,2100,2100,2100,2100,2100,2100,9,0,22,476.13895555453684,8.610599994426593,2091.01340000052,8439.444444444445
1782375950,2,,Aggregated,0.500000,0.000000,22,31,42,2100,2100,2100,2100,2100,2100,2100,2100,10,0,21,429.6412799987593,8.610599994426593,2091.01340000052,8182.0
1782375951,2,,Aggregated,0.500000,0.000000,22,31,42,2100,2100,2100,2100,2100,2100,2100,2100,10,0,21,429.6412799987593,8.610599994426593,2091.01340000052,8182.0
1782375952,2,,Aggregated,0.600000,0.000000,21,31,42,42,2100,2100,2100,2100,2100,2100,2100,11,0,21,391.35257272705945,8.465500010061078,2091.01340000052,7971.363636363636
1782375953,2,,Aggregated,0.600000,0.000000,21,31,42,42,2100,2100,2100,2100,2100,2100,2100,11,0,21,391.35257272705945,8.465500010061078,2091.01340000052,7971.363636363636
1782375954,2,,Aggregated,0.500000,0.000000,21,22,42,42,2100,2100,2100,2100,2100,2100,2100,12,0,11,359.32579166668194,7.031200002529658,2091.01340000052,7795.833333333333
1782375955,2,,Aggregated,0.500000,0.000000,11,22,31,42,2100,2100,2100,2100,2100,2100,2100,13,0,11,332.27167692250356,7.031200002529658,2091.01340000052,7647.307692307692
1782375956,2,,Aggregated,0.500000,0.000000,11,22,31,42,2100,2100,2100,2100,2100,2100,2100,13,0,11,332.27167692250356,7.031200002529658,2091.01340000052,7647.307692307692
1782375957,2,,Aggregated,0.500000,0.000000,11,22,31,42,2100,2100,2100,2100,2100,2100,2100,14,0,10,309.06527142776343,7.031200002529658,2091.01340000052,7520.0
1782375958,2,,Aggregated,0.600000,0.000000,11,22,34,42,2100,2100,2100,2100,2100,2100,2100,15,0,11,290.7229666656349,7.031200002529658,2091.01340000052,7718.6
1782375959,2,,Aggregated,0.600000,0.000000,11,22,34,42,2100,2100,2100,2100,2100,2100,2100,15,0,11,290.7229666656349,7.031200002529658,2091.01340000052,7718.6
1782375960,2,,Aggregated,0.600000,0.000000,11,22,34,42,2100,2100,2100,2100,2100,2100,2100,15,0,11,290.7229666656349,7.031200002529658,2091.01340000052,7718.6
1782375961,2,,Aggregated,0.600000,0.000000,11,22,34,42,2100,2100,2100,2100,2100,2100,2100,15,0,11,290.7229666656349,7.031200002529658,2091.01340000052,7718.6
1782375962,2,,Aggregated,0.500000,0.000000,11,22,31,34,2100,2100,2100,2100,2100,2100,2100,17,0,11,258.0354941164842,7.031200002529658,2091.01340000052,7773.117647058823
1782375963,2,,Aggregated,0.500000,0.000000,11,22,31,34,2100,2100,2100,2100,2100,2100,2100,17,0,11,258.0354941164842,7.031200002529658,2091.01340000052,7773.117647058823
1782375964,2,,Aggregated,0.500000,0.000000,14,22,34,42,2100,2100,2100,2100,2100,2100,2100,19,0,14,233.83838420896177,7.031200002529658,2091.01340000052,8060.0526315789475
1782375965,2,,Aggregated,0.500000,0.000000,14,22,34,42,2100,2100,2100,2100,2100,2100,2100,19,0,14,233.83838420896177,7.031200002529658,2091.01340000052,8060.0526315789475
1782375966,2,,Aggregated,0.500000,0.000000,14,22,34,42,2100,2100,2100,2100,2100,2100,2100,19,0,14,233.83838420896177,7.031200002529658,2091.01340000052,8060.0526315789475
1782375967,2,,Aggregated,0.600000,0.000000,14,22,34,42,2100,2100,2100,2100,2100,2100,2100,20,0,11,222.51646999866352,7.031200002529658,2091.01340000052,7950.3
1782375968,2,,Aggregated,0.600000,0.000000,14,22,34,39,43,2100,2100,2100,2100,2100,2100,21,0,14,213.7860904747088,7.031200002529658,2091.01340000052,7813.952380952381
1782375969,2,,Aggregated,0.600000,0.000000,18,22,34,39,43,2100,2100,2100,2100,2100,2100,22,0,14,204.99266818065237,7.031200002529658,2091.01340000052,7936.0
1782375970,2,,Aggregated,0.600000,0.000000,18,22,34,39,43,2100,2100,2100,2100,2100,2100,22,0,14,204.99266818065237,7.031200002529658,2091.01340000052,7936.0
1782375971,2,,Aggregated,0.700000,0.000000,18,22,34,39,43,2100,2100,2100,2100,2100,2100,24,0,14,189.58201249855242,6.6836000041803345,2091.01340000052,7924.083333333333
1782375972,2,,Aggregated,0.700000,0.000000,18,22,34,39,43,2100,2100,2100,2100,2100,2100,24,0,14,189.58201249855242,6.6836000041803345,2091.01340000052,7924.083333333333
1782375973,2,,Aggregated,0.700000,0.000000,18,22,34,39,43,2100,2100,2100,2100,2100,2100,24,0,14,189.58201249855242,6.6836000041803345,2091.01340000052,7924.083333333333
1782375974,2,,Aggregated,0.900000,0.000000,18,22,33,34,43,2100,2100,2100,2100,2100,2100,26,0,14,176.00933845992236,6.6836000041803345,2091.01340000052,7914.0
1782375975,2,,Aggregated,0.900000,0.000000,18,22,33,34,43,2100,2100,2100,2100,2100,2100,26,0,14,176.00933845992236,6.6836000041803345,2091.01340000052,7914.0
1782375976,2,,Aggregated,0.900000,0.000000,18,22,33,34,43,2100,2100,2100,2100,2100,2100,26,0,14,176.00933845992236,6.6836000041803345,2091.01340000052,7914.0
1782375977,2,,Aggregated,0.700000,0.000000,18,22,34,39,45,2100,2100,2100,2100,2100,2100,27,0,18,171.16451110956,6.6836000041803345,2091.01340000052,8009.740740740741
1782375978,2,,Aggregated,0.700000,0.000000,18,22,34,39,45,2100,2100,2100,2100,2100,2100,28,0,14,165.29584999859384,6.6836000041803345,2091.01340000052,7933.142857142857
1782375979,2,,Aggregated,0.700000,0.000000,18,22,34,39,45,2100,2100,2100,2100,2100,2100,28,0,14,165.29584999859384,6.6836000041803345,2091.01340000052,7933.142857142857
1782375980,2,,Aggregated,0.700000,0.000000,18,22,34,39,45,2100,2100,2100,2100,2100,2100,28,0,14,165.29584999859384,6.6836000041803345,2091.01340000052,7933.142857142857
1782375982,2,,Aggregated,0.700000,0.000000,18,22,34,39,45,2100,2100,2100,2100,2100,2100,28,0,14,165.29584999859384,6.6836000041803345,2091.01340000052,7933.142857142857
1782375983,2,,Aggregated,0.600000,0.000000,14,22,33,39,45,2100,2100,2100,2100,2100,2100,29,0,14,159.8627758608802,6.6836000041803345,2091.01340000052,7835.0
1782375984,2,,Aggregated,0.600000,0.000000,14,21,33,39,45,2100,2100,2100,2100,2100,2100,30,0,11,154.774656665298,6.6836000041803345,2091.01340000052,7769.333333333333
1782375985,2,,Aggregated,0.600000,0.000000,14,21,33,39,45,2100,2100,2100,2100,2100,2100,30,0,11,154.774656665298,6.6836000041803345,2091.01340000052,7769.333333333333
1782375986,2,,Aggregated,0.600000,0.000000,14,21,33,39,45,2100,2100,2100,2100,2100,2100,30,0,11,154.774656665298,6.6836000041803345,2091.01340000052,7769.333333333333
1782375987,2,,Aggregated,0.600000,0.000000,14,22,34,37,43,2100,2100,2100,2100,2100,2100,31,0,14,150.97154515998199,6.6836000041803345,2091.01340000052,7857.387096774193
1782375988,2,,Aggregated,0.600000,0.000000,14,22,34,37,43,2100,2100,2100,2100,2100,2100,31,0,14,150.97154515998199,6.6836000041803345,2091.01340000052,7857.387096774193
1782375989,2,,Aggregated,0.400000,0.000000,14,22,34,37,43,2100,2100,2100,2100,2100,2100,32,0,11,146.54990937333423,6.6836000041803345,2091.01340000052,7795.125
1782375990,2,,Aggregated,0.500000,0.000000,11,21,33,37,43,2100,2100,2100,2100,2100,2100,33,0,11,142.38367575594702,6.6836000041803345,2091.01340000052,7736.636363636364
1782375991,2,,Aggregated,0.400000,0.000000,14,21,33,37,43,2100,2100,2100,2100,2100,2100,34,0,11,138.63294999806814,6.6836000041803345,2091.01340000052,7817.882352941177
1782375992,2,,Aggregated,0.400000,0.000000,14,21,33,37,43,2100,2100,2100,2100,2100,2100,34,0,11,138.63294999806814,6.6836000041803345,2091.01340000052,7817.882352941177
1782375993,2,,Aggregated,0.400000,0.000000,14,21,33,37,43,2100,2100,2100,2100,2100,2100,34,0,11,138.63294999806814,6.6836000041803345,2091.01340000052,7817.882352941177
1782375994,2,,Aggregated,0.600000,0.000000,11,21,33,37,43,2100,2100,2100,2100,2100,2100,35,0,11,134.8832771410733,6.6836000041803345,2091.01340000052,7762.085714285714
1782375995,2,,Aggregated,0.600000,0.000000,11,21,33,37,43,2100,2100,2100,2100,2100,2100,35,0,11,134.8832771410733,6.6836000041803345,2091.01340000052,7762.085714285714
1782375996,2,,Aggregated,0.500000,0.000000,11,20,33,34,43,2100,2100,2100,2100,2100,2100,36,0,10,131.33552777597086,6.6836000041803345,2091.01340000052,7709.388888888889
1782375997,2,,Aggregated,0.500000,0.000000,11,20,33,34,43,2100,2100,2100,2100,2100,2100,36,0,10,131.33552777597086,6.6836000041803345,2091.01340000052,7709.388888888889
1782375998,2,,Aggregated,0.500000,0.000000,11,21,33,37,43,2100,2100,2100,2100,2100,2100,37,0,11,128.8532189170616,6.6836000041803345,2091.01340000052,7784.783783783784
1782375999,2,,Aggregated,0.500000,0.000000,11,21,33,37,43,2100,2100,2100,2100,2100,2100,37,0,11,128.8532189170616,6.6836000041803345,2091.01340000052,7784.783783783784
1782376000,2,,Aggregated,0.500000,0.000000,11,21,33,37,43,2100,2100,2100,2100,2100,2100,37,0,11,128.8532189170616,6.6836000041803345,2091.01340000052,7784.783783783784
1782376001,2,,Aggregated,0.600000,0.000000,14,21,33,37,43,2100,2100,2100,2100,2100,2100,38,0,11,125.86093947174959,6.6836000041803345,2091.01340000052,7856.210526315789
1782376002,2,,Aggregated,0.500000,0.000000,14,21,33,37,43,2100,2100,2100,2100,2100,2100,39,0,14,123.22703589579294,6.6836000041803345,2091.01340000052,7923.974358974359
1782376003,2,,Aggregated,0.500000,0.000000,14,21,33,37,43,2100,2100,2100,2100,2100,2100,39,0,14,123.22703589579294,6.6836000041803345,2091.01340000052,7923.974358974359
1782376004,2,,Aggregated,0.500000,0.000000,14,21,33,37,43,2100,2100,2100,2100,2100,2100,40,0,11,120.34399249860144,6.6836000041803345,2091.01340000052,7853.05
1782376005,2,,Aggregated,0.500000,0.000000,14,22,33,37,42,45,2100,2100,2100,2100,2100,41,0,14,118.40770487665063,6.6836000041803345,2091.01340000052,7917.585365853659
1782376006,2,,Aggregated,0.500000,0.000000,14,22,33,37,42,45,2100,2100,2100,2100,2100,41,0,14,118.40770487665063,6.6836000041803345,2091.01340000052,7917.585365853659
1782376007,2,,Aggregated,0.400000,0.000000,15,21,33,37,42,45,2100,2100,2100,2100,2100,42,0,14,116.05695952242795,6.6836000041803345,2091.01340000052,7979.047619047619
1782376008,2,,Aggregated,0.400000,0.000000,15,21,33,37,42,45,2100,2100,2100,2100,2100,42,0,14,116.05695952242795,6.6836000041803345,2091.01340000052,7979.047619047619
1782376009,2,,Aggregated,0.500000,0.000000,15,22,33,37,42,45,2100,2100,2100,2100,2100,44,0,15,111.78621818048255,6.6836000041803345,2091.01340000052,8093.590909090909
1782376010,2,,Aggregated,0.500000,0.000000,15,22,33,37,42,45,2100,2100,2100,2100,2100,44,0,15,111.78621818048255,6.6836000041803345,2091.01340000052,8093.590909090909
1782376011,2,,Aggregated,0.700000,0.000000,15,21,31,37,42,45,2100,2100,2100,2100,2100,45,0,15,109.44941110986595,6.629900002735667,2091.01340000052,8044.066666666667
1782376012,2,,Aggregated,0.700000,0.000000,15,21,31,37,42,45,2100,2100,2100,2100,2100,45,0,15,109.44941110986595,6.629900002735667,2091.01340000052,8044.066666666667
1782376013,2,,Aggregated,0.700000,0.000000,15,22,33,37,42,45,2100,2100,2100,2100,2100,46,0,15,107.9737217378747,6.629900002735667,2091.01340000052,8097.434782608696
1782376014,2,,Aggregated,0.600000,0.000000,15,22,33,37,42,45,2100,2100,2100,2100,2100,47,0,15,106.15410638150779,6.629900002735667,2091.01340000052,8148.531914893617
1782376015,2,,Aggregated,0.600000,0.000000,15,22,33,37,42,45,2100,2100,2100,2100,2100,47,0,15,106.15410638150779,6.629900002735667,2091.01340000052,8148.531914893617
1782376016,2,,Aggregated,0.600000,0.000000,15,22,33,37,42,45,2100,2100,2100,2100,2100,47,0,15,106.15410638150779,6.629900002735667,2091.01340000052,8148.531914893617
1782376017,2,,Aggregated,0.600000,0.000000,16,22,31,37,42,45,2100,2100,2100,2100,2100,49,0,16,102.51911224325767,6.629900002735667,2091.01340000052,8244.469387755102
1782376018,2,,Aggregated,0.600000,0.000000,16,22,31,37,42,45,2100,2100,2100,2100,2100,49,0,16,102.51911224325767,6.629900002735667,2091.01340000052,8244.469387755102
1782376019,2,,Aggregated,0.600000,0.000000,16,22,31,37,42,45,2100,2100,2100,2100,2100,50,0,15,100.60134999832371,6.629900002735667,2091.01340000052,8196.88
1782376020,2,,Aggregated,0.600000,0.000000,16,22,33,37,42,45,2100,2100,2100,2100,2100,51,0,16,99.38450391985266,6.629900002735667,2091.01340000052,8242.019607843138
1782376021,2,,Aggregated,0.600000,0.000000,16,22,33,37,42,45,2100,2100,2100,2100,2100,51,0,16,99.38450391985266,6.629900002735667,2091.01340000052,8242.019607843138
1782376022,2,,Aggregated,0.600000,0.000000,16,22,33,37,42,45,2100,2100,2100,2100,2100,51,0,16,99.38450391985266,6.629900002735667,2091.01340000052,8242.019607843138
1782376023,2,,Aggregated,0.600000,0.000000,16,22,33,37,42,45,2100,2100,2100,2100,2100,51,0,16,99.38450391985266,6.629900002735667,2091.01340000052,8242.019607843138
1782376024,2,,Aggregated,0.700000,0.000000,15,21,31,37,42,45,2100,2100,2100,2100,2100,53,0,15,96.03820188505847,6.629900002735667,2091.01340000052,8225.075471698114
1782376025,2,,Aggregated,0.700000,0.000000,15,21,31,37,42,45,2100,2100,2100,2100,2100,53,0,15,96.03820188505847,6.629900002735667,2091.01340000052,8225.075471698114
1782376026,2,,Aggregated,0.600000,0.000000,15,21,31,37,42,45,2100,2100,2100,2100,2100,55,0,15,92.80994545287368,6.629900002735667,2091.01340000052,8125.109090909091
1782376027,2,,Aggregated,0.600000,0.000000,15,21,31,37,42,45,2100,2100,2100,2100,2100,55,0,15,92.80994545287368,6.629900002735667,2091.01340000052,8125.109090909091
1782376028,2,,Aggregated,0.600000,0.000000,15,21,31,37,42,45,2100,2100,2100,2100,2100,55,0,15,92.80994545287368,6.629900002735667,2091.01340000052,8125.109090909091
1782376029,2,,Aggregated,0.700000,0.000000,15,20,31,34,42,45,2100,2100,2100,2100,2100,56,0,14,91.2871767840053,6.629900002735667,2091.01340000052,8084.75
1782376030,2,,Aggregated,0.700000,0.000000,15,21,31,35,42,45,2100,2100,2100,2100,2100,57,0,15,90.29774034927853,6.629900002735667,2091.01340000052,8127.105263157895
1782376031,2,,Aggregated,0.600000,0.000000,15,21,31,35,42,45,2100,2100,2100,2100,2100,58,0,14,88.96543792948721,6.629900002735667,2091.01340000052,8168.0
1782376032,2,,Aggregated,0.600000,0.000000,15,21,31,35,42,45,2100,2100,2100,2100,2100,58,0,14,88.96543792948721,6.629900002735667,2091.01340000052,8168.0
1782376033,2,,Aggregated,0.600000,0.000000,15,21,31,35,42,45,2100,2100,2100,2100,2100,58,0,14,88.96543792948721,6.629900002735667,2091.01340000052,8168.0
1782376034,2,,Aggregated,0.700000,0.000000,15,20,31,35,42,45,2100,2100,2100,2100,2100,59,0,15,87.78224237138895,6.629900002735667,2091.01340000052,8207.50847457627
1782376035,2,,Aggregated,0.700000,0.000000,15,20,31,35,42,45,2100,2100,2100,2100,2100,59,0,15,87.78224237138895,6.629900002735667,2091.01340000052,8207.50847457627
1782376036,2,,Aggregated,0.700000,0.000000,15,21,33,37,42,45,2100,2100,2100,2100,2100,60,0,15,86.9599149984424,6.629900002735667,2091.01340000052,8245.7
1782376037,2,,Aggregated,0.700000,0.000000,15,21,33,37,42,45,2100,2100,2100,2100,2100,60,0,15,86.9599149984424,6.629900002735667,2091.01340000052,8245.7
1782376038,2,,Aggregated,0.700000,0.000000,15,21,33,37,42,45,2100,2100,2100,2100,2100,60,0,15,86.9599149984424,6.629900002735667,2091.01340000052,8245.7
1782376039,2,,Aggregated,0.600000,0.000000,15,21,31,35,41,43,2100,2100,2100,2100,2100,61,0,15,85.6945032772005,6.629900002735667,2091.01340000052,8206.672131147541
1782376040,2,,Aggregated,0.500000,0.000000,15,20,31,35,41,43,2100,2100,2100,2100,2100,62,0,15,84.59859999857144,6.629900002735667,2091.01340000052,8243.645161290322
1782376041,2,,Aggregated,0.500000,0.000000,15,20,31,35,41,43,2100,2100,2100,2100,2100,62,0,15,84.59859999857144,6.629900002735667,2091.01340000052,8243.645161290322
1782376042,2,,Aggregated,0.500000,0.000000,15,20,31,35,41,43,2100,2100,2100,2100,2100,62,0,15,84.59859999857144,6.629900002735667,2091.01340000052,8243.645161290322
1782376043,2,,Aggregated,0.400000,0.000000,15,21,33,36,41,43,2100,2100,2100,2100,2100,64,0,15,82.64669687378046,6.629900002735667,2091.01340000052,8241.71875
1782376044,2,,Aggregated,0.400000,0.000000,15,21,33,36,41,43,2100,2100,2100,2100,2100,64,0,15,82.64669687378046,6.629900002735667,2091.01340000052,8241.71875
1782376045,2,,Aggregated,0.400000,0.000000,15,21,33,36,41,43,2100,2100,2100,2100,2100,64,0,15,82.64669687378046,6.629900002735667,2091.01340000052,8241.71875
1782376046,2,,Aggregated,0.500000,0.000000,15,20,31,36,41,43,2100,2100,2100,2100,2100,65,0,15,81.47895076813606,6.629900002735667,2091.01340000052,8205.153846153846
1782376047,2,,Aggregated,0.600000,0.000000,15,20,31,35,41,43,2100,2100,2100,2100,2100,66,0,14,80.37458939273192,6.629900002735667,2091.01340000052,8157.909090909091
1782376048,2,,Aggregated,0.600000,0.000000,15,20,31,35,41,43,2100,2100,2100,2100,2100,66,0,14,80.37458939273192,6.629900002735667,2091.01340000052,8157.909090909091
1782376049,2,,Aggregated,0.600000,0.000000,15,20,31,35,41,43,2100,2100,2100,2100,2100,66,0,14,80.37458939273192,6.629900002735667,2091.01340000052,8157.909090909091
1782376050,2,,Aggregated,0.600000,0.000000,15,20,31,35,41,43,2100,2100,2100,2100,2100,66,0,14,80.37458939273192,6.629900002735667,2091.01340000052,8157.909090909091
1782376051,2,,Aggregated,0.600000,0.000000,15,20,33,36,42,43,2100,2100,2100,2100,2100,68,0,14,78.73613676351584,6.629900002735667,2091.01340000052,8158.617647058823
1782376052,2,,Aggregated,0.600000,0.000000,15,20,33,36,42,43,2100,2100,2100,2100,2100,68,0,14,78.73613676351584,6.629900002735667,2091.01340000052,8158.617647058823
1782376053,2,,Aggregated,0.600000,0.000000,15,20,33,36,42,43,2100,2100,2100,2100,2100,68,0,14,78.73613676351584,6.629900002735667,2091.01340000052,8158.617647058823
1782376054,2,,Aggregated,0.600000,0.000000,15,20,31,36,42,43,2100,2100,2100,2100,2100,70,0,14,76.8725385702315,6.629900002735667,2091.01340000052,8159.285714285715
1782376055,2,,Aggregated,0.600000,0.000000,15,20,31,36,42,43,2100,2100,2100,2100,2100,70,0,14,76.8725385702315,6.629900002735667,2091.01340000052,8159.285714285715
1782376056,2,,Aggregated,0.500000,0.000000,15,20,33,36,41,43,2100,2100,2100,2100,2100,71,0,15,76.372578871907,6.629900002735667,2091.01340000052,8192.239436619719
1782376057,2,,Aggregated,0.600000,0.000000,15,20,33,36,41,43,2100,2100,2100,2100,2100,72,0,14,75.4040319431321,6.629900002735667,2091.01340000052,8159.916666666667
1782376058,2,,Aggregated,0.600000,0.000000,15,20,33,36,41,43,2100,2100,2100,2100,2100,72,0,14,75.4040319431321,6.629900002735667,2091.01340000052,8159.916666666667
1782376059,2,,Aggregated,0.600000,0.000000,15,20,33,36,41,43,2100,2100,2100,2100,2100,72,0,14,75.4040319431321,6.629900002735667,2091.01340000052,8159.916666666667
1782376060,2,,Aggregated,0.600000,0.000000,15,20,31,36,41,43,2100,2100,2100,2100,2100,74,0,14,73.64883243103945,6.422499995096587,2091.01340000052,8150.0
1782376061,2,,Aggregated,0.600000,0.000000,15,20,31,36,41,43,2100,2100,2100,2100,2100,74,0,14,73.64883243103945,6.422499995096587,2091.01340000052,8150.0
1782376062,2,,Aggregated,0.600000,0.000000,15,20,31,36,41,43,2100,2100,2100,2100,2100,74,0,14,73.64883243103945,6.422499995096587,2091.01340000052,8150.0
1782376063,2,,Aggregated,0.600000,0.000000,15,20,33,37,42,45,2100,2100,2100,2100,2100,75,0,15,73.46842133187845,6.422499995096587,2091.01340000052,8181.32
1782376064,2,,Aggregated,0.600000,0.000000,15,20,33,37,42,45,2100,2100,2100,2100,2100,75,0,15,73.46842133187845,6.422499995096587,2091.01340000052,8181.32
1782376065,2,,Aggregated,0.600000,0.000000,15,20,33,36,42,45,2100,2100,2100,2100,2100,76,0,14,72.67734999856513,6.422499995096587,2091.01340000052,8211.815789473685
1782376066,2,,Aggregated,0.600000,0.000000,15,20,33,36,42,45,2100,2100,2100,2100,2100,76,0,14,72.67734999856513,6.422499995096587,2091.01340000052,8211.815789473685
1782376067,2,,Aggregated,0.600000,0.000000,15,20,33,36,42,45,2100,2100,2100,2100,2100,76,0,14,72.67734999856513,6.422499995096587,2091.01340000052,8211.815789473685
1782376068,2,,Aggregated,0.600000,0.000000,15,20,31,36,42,45,2100,2100,2100,2100,2100,77,0,15,71.98796103755315,6.422499995096587,2091.01340000052,8241.51948051948
1782376069,2,,Aggregated,0.500000,0.000000,15,20,31,36,42,45,2100,2100,2100,2100,2100,78,0,15,71.41995512677404,6.422499995096587,2091.01340000052,8270.461538461539
1782376070,2,,Aggregated,0.500000,0.000000,15,20,31,36,42,45,2100,2100,2100,2100,2100,78,0,15,71.41995512677404,6.422499995096587,2091.01340000052,8270.461538461539
1782376071,2,,Aggregated,0.500000,0.000000,15,20,31,36,42,45,2100,2100,2100,2100,2100,78,0,15,71.41995512677404,6.422499995096587,2091.01340000052,8270.461538461539
1782376072,2,,Aggregated,0.500000,0.000000,15,20,31,36,42,45,2100,2100,2100,2100,2100,79,0,15,70.62045696060338,6.422499995096587,2091.01340000052,8240.012658227848
1782376073,2,,Aggregated,0.500000,0.000000,15,20,31,36,42,45,2100,2100,2100,2100,2100,80,0,14,69.83316249843483,6.422499995096587,2091.01340000052,8200.6
1782376074,2,,Aggregated,0.500000,0.000000,15,20,31,36,42,45,2100,2100,2100,2100,2100,80,0,14,69.83316249843483,6.422499995096587,2091.01340000052,8200.6
1782376075,2,,Aggregated,0.500000,0.000000,15,20,31,36,42,45,2100,2100,2100,2100,2100,80,0,14,69.83316249843483,6.422499995096587,2091.01340000052,8200.6
1782376076,2,,Aggregated,0.500000,0.000000,15,20,31,36,42,45,2100,2100,2100,2100,2100,82,0,14,68.84175975449956,6.266299998969771,2091.01340000052,8200.146341463415
1782376077,2,,Aggregated,0.500000,0.000000,15,20,31,36,42,45,2100,2100,2100,2100,2100,82,0,14,68.84175975449956,6.266299998969771,2091.01340000052,8200.146341463415
1782376078,2,,Aggregated,0.500000,0.000000,15,20,31,36,42,45,2100,2100,2100,2100,2100,82,0,14,68.84175975449956,6.266299998969771,2091.01340000052,8200.146341463415
1782376079,2,,Aggregated,0.600000,0.000000,14,20,31,36,42,45,2100,2100,2100,2100,2100,83,0,14,68.08300240804071,5.86489999841433,2091.01340000052,8162.638554216867
1782376080,2,,Aggregated,0.600000,0.000000,14,20,31,36,42,45,2100,2100,2100,2100,2100,83,0,14,68.08300240804071,5.86489999841433,2091.01340000052,8162.638554216867
1782376081,2,,Aggregated,0.500000,0.000000,14,20,31,36,42,45,2100,2100,2100,2100,2100,84,0,14,67.36208452223634,5.86489999841433,2091.01340000052,8126.023809523809
1782376082,2,,Aggregated,0.500000,0.000000,14,20,31,36,42,45,2100,2100,2100,2100,2100,84,0,14,67.36208452223634,5.86489999841433,2091.01340000052,8126.023809523809
1782376083,2,,Aggregated,0.500000,0.000000,14,20,28,36,42,45,2100,2100,2100,2100,2100,85,0,14,66.64752352791017,5.86489999841433,2091.01340000052,8099.423529411764
1782376084,2,,Aggregated,0.500000,0.000000,14,20,28,36,42,45,2100,2100,2100,2100,2100,85,0,14,66.64752352791017,5.86489999841433,2091.01340000052,8099.423529411764
1782376085,2,,Aggregated,0.500000,0.000000,14,20,28,35,42,45,2100,2100,2100,2100,2100,86,0,13,65.93850348686236,5.6717999977990985,2091.01340000052,8073.441860465116
1782376086,2,,Aggregated,0.500000,0.000000,14,20,28,35,42,45,2100,2100,2100,2100,2100,86,0,13,65.93850348686236,5.6717999977990985,2091.01340000052,8073.441860465116
1782376087,2,,Aggregated,0.500000,0.000000,13,20,28,35,42,45,2100,2100,2100,2100,2100,87,0,13,65.27217241233595,5.6717999977990985,2091.01340000052,8048.057471264367
1782376088,2,,Aggregated,0.600000,0.000000,13,20,28,35,42,45,2100,2100,2100,2100,2100,88,0,13,64.60005681682642,5.6717999977990985,2091.01340000052,8023.25
1782376089,2,,Aggregated,0.600000,0.000000,13,20,28,35,42,45,2100,2100,2100,2100,2100,88,0,13,64.60005681682642,5.6717999977990985,2091.01340000052,8023.25
1782376090,2,,Aggregated,0.500000,0.000000,13,19,28,35,42,45,2100,2100,2100,2100,2100,89,0,13,63.94589999873777,5.6717999977990985,2091.01340000052,7999.0
1782376091,2,,Aggregated,0.600000,0.000000,13,20,28,35,42,45,2100,2100,2100,2100,2100,90,0,13,63.60244555431159,5.6717999977990985,2091.01340000052,8026.777777777777
1782376092,2,,Aggregated,0.600000,0.000000,13,20,28,35,42,45,2100,2100,2100,2100,2100,90,0,13,63.60244555431159,5.6717999977990985,2091.01340000052,8026.777777777777
1782376093,2,,Aggregated,0.600000,0.000000,13,20,28,35,42,45,2100,2100,2100,2100,2100,90,0,13,63.60244555431159,5.6717999977990985,2091.01340000052,8026.777777777777
1782376094,2,,Aggregated,0.600000,0.000000,13,19,28,34,41,45,2100,2100,2100,2100,2100,92,0,13,62.43336195541855,5.6717999977990985,2091.01340000052,8021.695652173913
1782376095,2,,Aggregated,0.600000,0.000000,13,19,28,34,41,45,2100,2100,2100,2100,2100,92,0,13,62.43336195541855,5.6717999977990985,2091.01340000052,8021.695652173913
1782376096,2,,Aggregated,0.600000,0.000000,13,19,28,34,41,45,2100,2100,2100,2100,2100,92,0,13,62.43336195541855,5.6717999977990985,2091.01340000052,8021.695652173913
1782376097,2,,Aggregated,0.700000,0.000000,13,20,28,35,41,45,2100,2100,2100,2100,2100,93,0,13,62.186204300071765,5.6717999977990985,2091.01340000052,8048.333333333333
1782376098,2,,Aggregated,0.700000,0.000000,13,20,28,35,41,45,2100,2100,2100,2100,2100,94,0,13,61.592946807572744,5.6717999977990985,2091.01340000052,8025.106382978724
1782376099,2,,Aggregated,0.700000,0.000000,13,20,28,35,41,45,2100,2100,2100,2100,2100,94,0,13,61.592946807572744,5.6717999977990985,2091.01340000052,8025.106382978724
1782376100,2,,Aggregated,0.700000,0.000000,13,20,28,35,41,45,2100,2100,2100,2100,2100,94,0,13,61.592946807572744,5.6717999977990985,2091.01340000052,8025.106382978724
1782376101,2,,Aggregated,0.700000,0.000000,13,20,28,35,41,45,2100,2100,2100,2100,2100,94,0,13,61.592946807572744,5.6717999977990985,2091.01340000052,8025.106382978724
1782376102,2,,Aggregated,0.600000,0.000000,13,20,30,34,41,45,2100,2100,2100,2100,2100,96,0,13,60.70012395745531,5.6717999977990985,2091.01340000052,8028.375
1782376103,2,,Aggregated,0.600000,0.000000,13,20,30,34,41,45,2100,2100,2100,2100,2100,96,0,13,60.70012395745531,5.6717999977990985,2091.01340000052,8028.375
1782376104,2,,Aggregated,0.600000,0.000000,13,20,30,34,41,45,2100,2100,2100,2100,2100,96,0,13,60.70012395745531,5.6717999977990985,2091.01340000052,8028.375
1782376105,2,,Aggregated,0.600000,0.000000,13,20,30,34,41,45,2100,2100,2100,2100,2100,96,0,13,60.70012395745531,5.6717999977990985,2091.01340000052,8028.375
1782376106,2,,Aggregated,0.500000,0.000000,13,20,30,35,41,45,2100,2100,2100,2100,2100,97,0,13,60.465264947516076,5.6717999977990985,2091.01340000052,8053.845360824742
1782376107,2,,Aggregated,0.400000,0.000000,13,20,30,35,41,45,2100,2100,2100,2100,2100,98,0,13,59.92397040735137,5.6717999977990985,2091.01340000052,8031.510204081633
1782376108,2,,Aggregated,0.400000,0.000000,13,20,30,35,41,45,2100,2100,2100,2100,2100,98,0,13,59.92397040735137,5.6717999977990985,2091.01340000052,8031.510204081633
1782376109,2,,Aggregated,0.400000,0.000000,13,20,30,35,41,45,2100,2100,2100,2100,2100,98,0,13,59.92397040735137,5.6717999977990985,2091.01340000052,8031.510204081633
1782376110,2,,Aggregated,0.400000,0.000000,13,20,30,35,41,45,2100,2100,2100,2100,2100,99,0,13,59.40581010016636,5.6717999977990985,2091.01340000052,8009.626262626262
1782376111,2,,Aggregated,0.400000,0.000000,13,20,31,36,42,45,2100,2100,2100,2100,2100,100,0,13,59.22881099904771,5.6717999977990985,2091.01340000052,8034.52
1782376112,2,,Aggregated,0.400000,0.000000,13,20,31,36,42,45,2100,2100,2100,2100,2100,100,0,13,59.22881099904771,5.6717999977990985,2091.01340000052,8034.52
1782376113,2,,Aggregated,0.400000,0.000000,13,20,31,36,42,45,2100,2100,2100,2100,2100,100,0,13,59.22881099904771,5.6717999977990985,2091.01340000052,8034.52
1782376114,2,,Aggregated,0.600000,0.000000,13,20,30,35,41,43,60,2100,2100,2100,2100,102,0,13,58.427905881555986,5.6717999977990985,2091.01340000052,8082.843137254902
1782376115,2,,Aggregated,0.600000,0.000000,13,20,30,35,41,43,60,2100,2100,2100,2100,102,0,13,58.427905881555986,5.6717999977990985,2091.01340000052,8082.843137254902
1782376116,2,,Aggregated,0.600000,0.000000,13,20,30,35,41,43,60,2100,2100,2100,2100,102,0,13,58.427905881555986,5.6717999977990985,2091.01340000052,8082.843137254902
1782376117,2,,Aggregated,0.600000,0.000000,13,20,30,35,41,43,60,2100,2100,2100,2100,103,0,13,57.94205339721549,5.6717999977990985,2091.01340000052,8053.757281553398
1782376118,2,,Aggregated,0.600000,0.000000,13,20,30,35,41,43,60,2100,2100,2100,2100,103,0,13,57.94205339721549,5.6717999977990985,2091.01340000052,8053.757281553398
1782376119,2,,Aggregated,0.500000,0.000000,13,20,30,35,41,43,60,2100,2100,2100,2100,104,0,13,57.449209614507986,5.6717999977990985,2091.01340000052,8025.2307692307695
1782376120,2,,Aggregated,0.500000,0.000000,13,20,30,35,41,43,60,2100,2100,2100,2100,104,0,13,57.449209614507986,5.6717999977990985,2091.01340000052,8025.2307692307695
1782376121,2,,Aggregated,0.500000,0.000000,13,20,28,35,41,43,60,2100,2100,2100,2100,105,0,13,56.955943808619246,5.656299996189773,2091.01340000052,7997.247619047619
1782376122,2,,Aggregated,0.500000,0.000000,13,20,28,35,41,43,60,2100,2100,2100,2100,105,0,13,56.955943808619246,5.656299996189773,2091.01340000052,7997.247619047619
1782376123,2,,Aggregated,0.500000,0.000000,13,20,28,35,41,43,60,2100,2100,2100,2100,105,0,13,56.955943808619246,5.656299996189773,2091.01340000052,7997.247619047619
1782376124,2,,Aggregated,0.500000,0.000000,13,19,28,34,41,43,60,2100,2100,2100,2100,106,0,11,56.483462263301746,5.656299996189773,2091.01340000052,7969.792452830188
1782376125,2,,Aggregated,0.500000,0.000000,11,19,28,34,41,43,60,2100,2100,2100,2100,107,0,11,56.032053270283654,5.656299996189773,2091.01340000052,7950.121495327103
1782376126,2,,Aggregated,0.600000,0.000000,13,20,30,35,42,45,60,2100,2100,2100,2100,108,0,11,55.995279628944076,5.656299996189773,2091.01340000052,7973.722222222223
1782376127,2,,Aggregated,0.600000,0.000000,13,20,30,35,42,45,60,2100,2100,2100,2100,108,0,11,55.995279628944076,5.656299996189773,2091.01340000052,7973.722222222223
1782376128,2,,Aggregated,0.600000,0.000000,13,20,30,35,42,45,60,2100,2100,2100,2100,108,0,11,55.995279628944076,5.656299996189773,2091.01340000052,7973.722222222223
1782376129,2,,Aggregated,0.600000,0.000000,13,20,28,35,42,45,60,2100,2100,2100,2100,109,0,13,55.72419449470194,5.656299996189773,2091.01340000052,7996.8899082568805
1782376130,2,,Aggregated,0.500000,0.000000,13,20,30,36,42,52,76,2100,2100,2100,2100,110,0,13,55.91269636285936,5.656299996189773,2091.01340000052,8019.636363636364
1782376131,2,,Aggregated,0.500000,0.000000,13,20,30,36,42,52,76,2100,2100,2100,2100,110,0,13,55.91269636285936,5.656299996189773,2091.01340000052,8019.636363636364
1782376132,2,,Aggregated,0.500000,0.000000,13,20,30,35,42,52,76,2100,2100,2100,2100,111,0,13,55.469363062329975,5.656299996189773,2091.01340000052,8000.225225225226
1782376133,2,,Aggregated,0.500000,0.000000,13,20,30,35,42,52,76,2100,2100,2100,2100,111,0,13,55.469363062329975,5.656299996189773,2091.01340000052,8000.225225225226
1782376134,2,,Aggregated,0.500000,0.000000,13,20,31,35,42,52,76,2100,2100,2100,2100,112,0,13,55.281687499180926,5.656299996189773,2091.01340000052,8022.535714285715
1782376135,2,,Aggregated,0.500000,0.000000,13,20,31,35,42,52,76,2100,2100,2100,2100,112,0,13,55.281687499180926,5.656299996189773,2091.01340000052,8022.535714285715
1782376136,2,,Aggregated,0.500000,0.000000,13,20,30,35,42,52,76,2100,2100,2100,2100,113,0,13,54.96653008768727,5.656299996189773,2091.01340000052,8044.451327433629
1782376137,2,,Aggregated,0.500000,0.000000,13,20,30,35,42,52,76,2100,2100,2100,2100,113,0,13,54.96653008768727,5.656299996189773,2091.01340000052,8044.451327433629
1782376138,2,,Aggregated,0.500000,0.000000,13,20,30,35,42,52,76,2100,2100,2100,2100,114,0,13,54.55881140280103,5.656299996189773,2091.01340000052,8018.508771929824
1782376140,2,,Aggregated,0.500000,0.000000,13,20,30,35,42,52,76,2100,2100,2100,2100,115,0,13,54.13867217329148,5.656299996189773,2091.01340000052,7999.782608695652
1782376141,2,,Aggregated,0.500000,0.000000,13,20,30,35,42,52,76,2100,2100,2100,2100,115,0,13,54.13867217329148,5.656299996189773,2091.01340000052,7999.782608695652
1782376142,2,,Aggregated,0.600000,0.000000,13,20,30,34,42,52,76,2100,2100,2100,2100,116,0,11,53.7294448270053,5.656299996189773,2091.01340000052,7974.672413793103
1782376143,2,,Aggregated,0.600000,0.000000,11,20,28,34,42,52,76,2100,2100,2100,2100,117,0,11,53.32558974300304,5.656299996189773,2091.01340000052,7956.641025641025
1782376144,2,,Aggregated,0.600000,0.000000,11,20,28,34,42,52,76,2100,2100,2100,2100,117,0,11,53.32558974300304,5.656299996189773,2091.01340000052,7956.641025641025
1782376145,2,,Aggregated,0.600000,0.000000,11,20,28,34,42,52,76,2100,2100,2100,2100,118,0,11,52.9305279655461,5.656299996189773,2091.01340000052,7938.9152542372885
1782376146,2,,Aggregated,0.600000,0.000000,11,20,30,34,42,52,76,2100,2100,2100,2100,119,0,11,52.765659663259804,5.656299996189773,2091.01340000052,7960.428571428572
1782376147,2,,Aggregated,0.600000,0.000000,11,20,30,34,42,52,76,2100,2100,2100,2100,119,0,11,52.765659663259804,5.656299996189773,2091.01340000052,7960.428571428572
1782376148,2,,Aggregated,0.600000,0.000000,11,20,30,34,42,52,76,2100,2100,2100,2100,119,0,11,52.765659663259804,5.656299996189773,2091.01340000052,7960.428571428572
1782376149,2,,Aggregated,0.700000,0.000000,12,20,28,34,41,45,76,2100,2100,2100,2100,121,0,12,52.10351322266208,5.656299996189773,2091.01340000052,8002.388429752066
1782376150,2,,Aggregated,0.700000,0.000000,12,20,28,34,41,45,76,2100,2100,2100,2100,121,0,12,52.10351322266208,5.656299996189773,2091.01340000052,8002.388429752066
1782376151,2,,Aggregated,0.700000,0.000000,12,20,28,34,41,45,76,2100,2100,2100,2100,121,0,12,52.10351322266208,5.656299996189773,2091.01340000052,8002.388429752066
1782376152,2,,Aggregated,0.700000,0.000000,12,20,28,34,41,45,76,2100,2100,2100,2100,121,0,12,52.10351322266208,5.656299996189773,2091.01340000052,8002.388429752066
1782376153,2,,Aggregated,0.600000,0.000000,13,20,30,34,41,45,76,2100,2100,2100,2100,122,0,12,51.95758524544053,5.656299996189773,2091.01340000052,8022.852459016393
1782376154,2,,Aggregated,0.600000,0.000000,13,20,30,34,41,45,76,2100,2100,2100,2100,123,0,13,51.640843902052026,5.656299996189773,2091.01340000052,8042.983739837398
1782376155,2,,Aggregated,0.600000,0.000000,13,20,30,34,41,45,76,2100,2100,2100,2100,123,0,13,51.640843902052026,5.656299996189773,2091.01340000052,8042.983739837398
1782376156,2,,Aggregated,0.500000,0.000000,13,20,30,34,41,45,76,2100,2100,2100,2100,124,0,12,51.280499999613255,5.656299996189773,2091.01340000052,8025.419354838709
1782376157,2,,Aggregated,0.600000,0.000000,12,20,28,34,41,45,76,2100,2100,2100,2100,125,0,12,50.967576799564995,5.656299996189773,2091.01340000052,8045.208
1782376158,2,,Aggregated,0.600000,0.000000,12,20,28,34,41,45,76,2100,2100,2100,2100,125,0,12,50.967576799564995,5.656299996189773,2091.01340000052,8045.208
1782376159,2,,Aggregated,0.500000,0.000000,13,20,30,34,42,48,76,2100,2100,2100,2100,126,0,12,50.94567460279601,5.656299996189773,2091.01340000052,8064.68253968254
1782376160,2,,Aggregated,0.500000,0.000000,13,20,30,34,42,48,76,2100,2100,2100,2100,126,0,12,50.94567460279601,5.656299996189773,2091.01340000052,8064.68253968254
1782376161,2,,Aggregated,0.600000,0.000000,13,20,30,34,42,48,76,2100,2100,2100,2100,127,0,13,50.64580551136421,5.656299996189773,2091.01340000052,8083.850393700787
1782376162,2,,Aggregated,0.500000,0.000000,13,20,30,34,42,48,76,2100,2100,2100,2100,128,0,13,50.34867031201884,5.656299996189773,2091.01340000052,8102.71875
1782376163,2,,Aggregated,0.500000,0.000000,13,20,30,34,42,48,76,2100,2100,2100,2100,128,0,13,50.34867031201884,5.656299996189773,2091.01340000052,8102.71875
1782376164,2,,Aggregated,0.600000,0.000000,13,20,30,34,42,52,95,2100,2100,2100,2100,129,0,13,50.69745736387955,5.656299996189773,2091.01340000052,8121.294573643411
1782376165,2,,Aggregated,0.600000,0.000000,13,20,30,34,42,52,95,2100,2100,2100,2100,129,0,13,50.69745736387955,5.656299996189773,2091.01340000052,8121.294573643411
1782376166,2,,Aggregated,0.600000,0.000000,13,20,30,34,42,52,95,2100,2100,2100,2100,129,0,13,50.69745736387955,5.656299996189773,2091.01340000052,8121.294573643411
1782376167,2,,Aggregated,0.600000,0.000000,13,20,30,34,42,52,95,2100,2100,2100,2100,130,0,13,50.356773076502854,5.656299996189773,2091.01340000052,8097.953846153846
1782376168,2,,Aggregated,0.600000,0.000000,13,20,30,34,42,52,95,2100,2100,2100,2100,130,0,13,50.356773076502854,5.656299996189773,2091.01340000052,8097.953846153846
1782376169,2,,Aggregated,0.500000,0.000000,13,20,30,34,42,52,95,2100,2100,2100,2100,131,0,13,50.02130457977249,5.656299996189773,2091.01340000052,8080.908396946565
1782376170,2,,Aggregated,0.500000,0.000000,13,20,31,34,42,52,95,2100,2100,2100,2100,132,0,13,49.88526969662582,5.656299996189773,2091.01340000052,8099.227272727273
1782376171,2,,Aggregated,0.500000,0.000000,13,20,30,34,42,52,95,2100,2100,2100,2100,133,0,13,49.565933082389286,5.656299996189773,2091.01340000052,8082.428571428572
1782376172,2,,Aggregated,0.500000,0.000000,13,20,30,34,42,52,95,2100,2100,2100,2100,133,0,13,49.565933082389286,5.656299996189773,2091.01340000052,8082.428571428572
1782376173,2,,Aggregated,0.600000,0.000000,13,20,30,34,42,52,95,2100,2100,2100,2100,134,0,13,49.32911865642979,5.656299996189773,2091.01340000052,8100.462686567164
1782376174,2,,Aggregated,0.600000,0.000000,13,20,30,34,42,52,95,2100,2100,2100,2100,134,0,13,49.32911865642979,5.656299996189773,2091.01340000052,8100.462686567164
1782376175,2,,Aggregated,0.600000,0.000000,13,19,30,34,42,52,95,2100,2100,2100,2100,136,0,12,48.69663161737074,5.656299996189773,2091.01340000052,8056.14705882353
1782376176,2,,Aggregated,0.600000,0.000000,13,19,30,34,42,52,95,2100,2100,2100,2100,136,0,12,48.69663161737074,5.656299996189773,2091.01340000052,8056.14705882353
1782376177,2,,Aggregated,0.600000,0.000000,13,19,30,34,42,52,95,2100,2100,2100,2100,136,0,12,48.69663161737074,5.656299996189773,2091.01340000052,8056.14705882353
1782376178,2,,Aggregated,0.600000,0.000000,13,20,30,34,42,52,95,2100,2100,2100,2100,137,0,13,48.58890510917077,5.656299996189773,2091.01340000052,8073.978102189781
1782376179,2,,Aggregated,0.700000,0.000000,13,20,30,34,42,52,95,2100,2100,2100,2100,138,0,12,48.3248485503229,5.656299996189773,2091.01340000052,8091.550724637681
1782376180,2,,Aggregated,0.700000,0.000000,13,20,30,34,42,52,95,2100,2100,2100,2100,138,0,12,48.3248485503229,5.656299996189773,2091.01340000052,8091.550724637681
1782376181,2,,Aggregated,0.700000,0.000000,12,19,30,34,42,52,95,2100,2100,2100,2100,139,0,12,48.03062877657558,5.656299996189773,2091.01340000052,8075.53237410072
1782376182,2,,Aggregated,0.600000,0.000000,13,19,30,34,42,52,95,2100,2100,2100,2100,140,0,12,47.795787142448326,5.656299996189773,2091.01340000052,8092.842857142857
1782376183,2,,Aggregated,0.600000,0.000000,13,19,30,34,42,52,95,2100,2100,2100,2100,140,0,12,47.795787142448326,5.656299996189773,2091.01340000052,8092.842857142857
1782376184,2,,Aggregated,0.600000,0.000000,13,19,30,34,42,52,95,2100,2100,2100,2100,140,0,12,47.795787142448326,5.656299996189773,2091.01340000052,8092.842857142857
1782376185,2,,Aggregated,0.600000,0.000000,12,18,28,34,41,48,95,2100,2100,2100,2100,142,0,12,47.21764788690718,5.656299996189773,2091.01340000052,8055.985915492958
1782376186,2,,Aggregated,0.600000,0.000000,12,18,28,34,41,48,95,2100,2100,2100,2100,142,0,12,47.21764788690718,5.656299996189773,2091.01340000052,8055.985915492958
1782376187,2,,Aggregated,0.600000,0.000000,12,18,28,34,41,48,95,2100,2100,2100,2100,142,0,12,47.21764788690718,5.656299996189773,2091.01340000052,8055.985915492958
1782376188,2,,Aggregated,0.600000,0.000000,12,18,28,34,41,48,95,2100,2100,2100,2100,142,0,12,47.21764788690718,5.656299996189773,2091.01340000052,8055.985915492958
1782376189,2,,Aggregated,0.600000,0.000000,12,19,30,34,42,49,95,2100,2100,2100,2100,144,0,12,46.94954999963051,5.656299996189773,2091.01340000052,8052.333333333333
1782376190,2,,Aggregated,0.600000,0.000000,12,19,30,34,42,49,95,2100,2100,2100,2100,144,0,12,46.94954999963051,5.656299996189773,2091.01340000052,8052.333333333333
1782376191,2,,Aggregated,0.600000,0.000000,12,19,30,34,42,49,95,2100,2100,2100,2100,144,0,12,46.94954999963051,5.656299996189773,2091.01340000052,8052.333333333333
1782376192,2,,Aggregated,0.500000,0.000000,12,18,28,34,42,49,95,2100,2100,2100,2100,145,0,12,46.66785379271585,5.656299996189773,2091.01340000052,8037.248275862069
1782376193,2,,Aggregated,0.500000,0.000000,12,19,30,34,42,49,95,2100,2100,2100,2100,146,0,12,46.57231232843901,5.656299996189773,2091.01340000052,8054.109589041096
1782376194,2,,Aggregated,0.500000,0.000000,12,19,30,34,42,49,95,2100,2100,2100,2100,146,0,12,46.57231232843901,5.656299996189773,2091.01340000052,8054.109589041096
1782376195,2,,Aggregated,0.600000,0.000000,12,20,31,34,42,49,95,2100,2100,2100,2100,147,0,12,46.497127890874324,5.656299996189773,2091.01340000052,8070.741496598639
1782376196,2,,Aggregated,0.600000,0.000000,12,20,31,34,42,49,95,2100,2100,2100,2100,147,0,12,46.497127890874324,5.656299996189773,2091.01340000052,8070.741496598639
1782376197,2,,Aggregated,0.600000,0.000000,13,19,31,34,42,49,95,2100,2100,2100,2100,148,0,12,46.27205135103715,5.656299996189773,2091.01340000052,8087.148648648648
1782376198,2,,Aggregated,0.500000,0.000000,12,19,30,34,42,49,95,2100,2100,2100,2100,149,0,12,46.04254429495812,5.656299996189773,2091.01340000052,8103.335570469799
1782376199,2,,Aggregated,0.500000,0.000000,12,19,30,34,42,49,95,2100,2100,2100,2100,149,0,12,46.04254429495812,5.656299996189773,2091.01340000052,8103.335570469799
1782376200,2,,Aggregated,0.500000,0.000000,12,19,30,34,42,49,95,2100,2100,2100,2100,149,0,12,46.04254429495812,5.656299996189773,2091.01340000052,8103.335570469799
1782376201,2,,Aggregated,0.500000,0.000000,12,19,30,34,42,49,95,2100,2100,2100,2100,149,0,12,46.04254429495812,5.656299996189773,2091.01340000052,8103.335570469799
1782376202,2,,Aggregated,0.600000,0.000000,12,18,30,34,41,49,76,2100,2100,2100,2100,151,0,12,45.52763311226315,5.656299996189773,2091.01340000052,8068.536423841059
1782376203,2,,Aggregated,0.600000,0.000000,12,18,30,34,41,49,76,2100,2100,2100,2100,151,0,12,45.52763311226315,5.656299996189773,2091.01340000052,8068.536423841059
1782376204,2,,Aggregated,0.500000,0.000000,12,18,30,34,41,49,76,2100,2100,2100,2100,152,0,12,45.26966315758105,5.656299996189773,2091.01340000052,8048.921052631579
1782376205,2,,Aggregated,0.500000,0.000000,12,18,30,34,41,49,76,2100,2100,2100,2100,152,0,12,45.26966315758105,5.656299996189773,2091.01340000052,8048.921052631579
1782376206,2,,Aggregated,0.600000,0.000000,12,18,30,34,41,49,76,2100,2100,2100,2100,154,0,12,44.95312467496389,5.656299996189773,2091.01340000052,8050.649350649351
1782376207,2,,Aggregated,0.600000,0.000000,12,18,30,34,41,49,76,2100,2100,2100,2100,154,0,12,44.95312467496389,5.656299996189773,2091.01340000052,8050.649350649351
1782376208,2,,Aggregated,0.600000,0.000000,12,18,30,34,41,49,76,2100,2100,2100,2100,154,0,12,44.95312467496389,5.656299996189773,2091.01340000052,8050.649350649351
1782376209,2,,Aggregated,0.600000,0.000000,12,18,30,34,41,49,76,2100,2100,2100,2100,155,0,12,44.70569032221852,5.656299996189773,2091.01340000052,8036.548387096775
1782376210,2,,Aggregated,0.500000,0.000000,12,18,30,33,41,49,76,2100,2100,2100,2100,156,0,12,44.464883332973564,5.656299996189773,2091.01340000052,8017.641025641025
1782376211,2,,Aggregated,0.600000,0.000000,12,18,28,33,41,49,76,2100,2100,2100,2100,157,0,12,44.21971592318806,5.656299996189773,2091.01340000052,8003.929936305733
1782376212,2,,Aggregated,0.600000,0.000000,12,18,28,33,41,49,76,2100,2100,2100,2100,157,0,12,44.21971592318806,5.656299996189773,2091.01340000052,8003.929936305733
1782376213,2,,Aggregated,0.600000,0.000000,12,18,28,33,41,49,76,2100,2100,2100,2100,158,0,11,43.984834176799154,5.656299996189773,2091.01340000052,7990.392405063291
1782376214,2,,Aggregated,0.600000,0.000000,12,18,28,33,41,49,76,2100,2100,2100,2100,158,0,11,43.984834176799154,5.656299996189773,2091.01340000052,7990.392405063291
1782376215,2,,Aggregated,0.600000,0.000000,11,18,28,33,41,49,76,2100,2100,2100,2100,159,0,11,43.75500188636705,5.656299996189773,2091.01340000052,7972.132075471698
1782376216,2,,Aggregated,0.600000,0.000000,11,18,28,33,41,49,76,2100,2100,2100,2100,160,0,11,43.518836874591216,5.656299996189773,2091.01340000052,7958.9625
1782376217,2,,Aggregated,0.600000,0.000000,11,18,28,33,41,49,76,2100,2100,2100,2100,160,0,11,43.518836874591216,5.656299996189773,2091.01340000052,7958.9625
1782376218,2,,Aggregated,0.600000,0.000000,11,18,28,33,41,48,76,2100,2100,2100,2100,161,0,11,43.285526086501086,5.656299996189773,2091.01340000052,7945.95652173913
1782376219,2,,Aggregated,0.600000,0.000000,11,18,28,33,41,48,76,2100,2100,2100,2100,161,0,11,43.285526086501086,5.656299996189773,2091.01340000052,7945.95652173913
1782376220,2,,Aggregated,0.600000,0.000000,11,18,28,33,41,49,76,2100,2100,2100,2100,162,0,11,43.40204938228981,5.656299996189773,2091.01340000052,7961.716049382716
1782376221,2,,Aggregated,0.600000,0.000000,11,18,28,33,41,49,76,2100,2100,2100,2100,163,0,11,43.17836809769113,5.656299996189773,2091.01340000052,7944.079754601227
1782376222,2,,Aggregated,0.600000,0.000000,11,18,28,33,41,49,76,2100,2100,2100,2100,163,0,11,43.17836809769113,5.656299996189773,2091.01340000052,7944.079754601227
1782376223,2,,Aggregated,0.700000,0.000000,11,18,28,33,41,49,76,2100,2100,2100,2100,164,0,11,43.008851219094986,5.656299996189773,2091.01340000052,7959.658536585366
1782376224,2,,Aggregated,0.600000,0.000000,11,18,28,33,41,49,76,2100,2100,2100,2100,165,0,11,42.79554424204186,5.656299996189773,2091.01340000052,7946.963636363636
1782376225,2,,Aggregated,0.600000,0.000000,11,18,28,33,41,49,76,2100,2100,2100,2100,166,0,10,42.577512650200056,5.656299996189773,2091.01340000052,7934.421686746988
1782376226,2,,Aggregated,0.600000,0.000000,11,18,28,33,41,49,76,2100,2100,2100,2100,166,0,10,42.577512650200056,5.656299996189773,2091.01340000052,7934.421686746988
1782376227,2,,Aggregated,0.600000,0.000000,11,18,28,33,41,49,76,2100,2100,2100,2100,166,0,10,42.577512650200056,5.656299996189773,2091.01340000052,7934.421686746988
1782376228,2,,Aggregated,0.700000,0.000000,11,18,28,33,42,52,76,2100,2100,2100,2100,167,0,11,42.700941915781385,5.656299996189773,2091.01340000052,7949.7784431137725
1782376229,2,,Aggregated,0.700000,0.000000,11,18,28,33,42,52,76,2100,2100,2100,2100,167,0,11,42.700941915781385,5.656299996189773,2091.01340000052,7949.7784431137725
1782376230,2,,Aggregated,0.600000,0.000000,11,18,28,33,42,52,76,2100,2100,2100,2100,168,0,10,42.4856773805957,5.656299996189773,2091.01340000052,7937.369047619048
1782376231,2,,Aggregated,0.600000,0.000000,11,18,28,33,42,52,76,2100,2100,2100,2100,168,0,10,42.4856773805957,5.656299996189773,2091.01340000052,7937.369047619048
1782376232,2,,Aggregated,0.600000,0.000000,11,18,28,33,42,52,76,2100,2100,2100,2100,169,0,11,42.39801420083135,5.656299996189773,2091.01340000052,7952.526627218935
1782376233,2,,Aggregated,0.600000,0.000000,11,18,28,33,42,52,76,2100,2100,2100,2100,170,0,10,42.19409411735422,5.656299996189773,2091.01340000052,7935.670588235294
1782376234,2,,Aggregated,0.600000,0.000000,11,18,28,33,42,52,76,2100,2100,2100,2100,170,0,10,42.19409411735422,5.656299996189773,2091.01340000052,7935.670588235294
1782376235,2,,Aggregated,0.600000,0.000000,11,18,28,33,42,52,76,2100,2100,2100,2100,170,0,10,42.19409411735422,5.656299996189773,2091.01340000052,7935.670588235294
1782376236,2,,Aggregated,0.600000,0.000000,11,18,28,33,42,52,76,2100,2100,2100,2100,170,0,10,42.19409411735422,5.656299996189773,2091.01340000052,7935.670588235294
1782376237,2,,Aggregated,0.500000,0.000000,11,18,28,33,42,52,76,2100,2100,2100,2100,172,0,11,42.04231569747208,5.656299996189773,2091.01340000052,7965.476744186047
1782376238,2,,Aggregated,0.500000,0.000000,11,18,28,33,42,52,76,2100,2100,2100,2100,172,0,11,42.04231569747208,5.656299996189773,2091.01340000052,7965.476744186047
1782376239,2,,Aggregated,0.500000,0.000000,11,18,28,33,42,52,76,2100,2100,2100,2100,172,0,11,42.04231569747208,5.656299996189773,2091.01340000052,7965.476744186047
1782376240,2,,Aggregated,0.500000,0.000000,11,18,28,33,42,52,76,2100,2100,2100,2100,172,0,11,42.04231569747208,5.656299996189773,2091.01340000052,7965.476744186047
1782376241,2,,Aggregated,0.600000,0.000000,11,18,28,33,42,52,76,2100,2100,2100,2100,174,0,11,41.66789770107275,5.656299996189773,2091.01340000052,7963.494252873563
1782376242,2,,Aggregated,0.600000,0.000000,11,18,28,33,42,52,76,2100,2100,2100,2100,174,0,11,41.66789770107275,5.656299996189773,2091.01340000052,7963.494252873563
1782376243,2,,Aggregated,0.600000,0.000000,11,18,28,33,42,52,76,2100,2100,2100,2100,176,0,10,41.27467897714351,5.656299996189773,2091.01340000052,7939.647727272727
1782376244,2,,Aggregated,0.600000,0.000000,11,18,28,33,42,52,76,2100,2100,2100,2100,176,0,10,41.27467897714351,5.656299996189773,2091.01340000052,7939.647727272727
1782376245,2,,Aggregated,0.600000,0.000000,11,18,28,33,42,52,76,2100,2100,2100,2100,176,0,10,41.27467897714351,5.656299996189773,2091.01340000052,7939.647727272727
1782376246,2,,Aggregated,0.600000,0.000000,10,17,28,33,42,52,76,2100,2100,2100,2100,177,0,10,41.08095084732046,5.656299996189773,2091.01340000052,7927.926553672316
1782376247,2,,Aggregated,0.600000,0.000000,10,17,28,33,42,52,76,2100,2100,2100,2100,178,0,10,40.890056741446145,5.656299996189773,2091.01340000052,7911.966292134832
1782376248,2,,Aggregated,0.600000,0.000000,10,17,28,33,42,52,76,2100,2100,2100,2100,178,0,10,40.890056741446145,5.656299996189773,2091.01340000052,7911.966292134832
1782376249,2,,Aggregated,0.600000,0.000000,10,17,28,33,42,52,76,2100,2100,2100,2100,178,0,10,40.890056741446145,5.656299996189773,2091.01340000052,7911.966292134832
1782376250,2,,Aggregated,0.600000,0.000000,10,17,28,33,42,52,76,2100,2100,2100,2100,179,0,10,40.755755865803984,5.656299996189773,2091.01340000052,7926.418994413408
1782376251,2,,Aggregated,0.600000,0.000000,10,17,28,33,42,52,76,2100,2100,2100,2100,179,0,10,40.755755865803984,5.656299996189773,2091.01340000052,7926.418994413408
1782376252,2,,Aggregated,0.600000,0.000000,10,17,28,33,42,52,76,2100,2100,2100,2100,180,0,10,40.56492444433388,5.656299996189773,2091.01340000052,7914.966666666666
1782376253,2,,Aggregated,0.500000,0.000000,10,17,26,33,41,49,76,2100,2100,2100,2100,181,0,10,40.378688397648155,5.656299996189773,2091.01340000052,7899.342541436464
1782376254,2,,Aggregated,0.500000,0.000000,10,17,26,33,41,49,76,2100,2100,2100,2100,181,0,10,40.378688397648155,5.656299996189773,2091.01340000052,7899.342541436464
1782376255,2,,Aggregated,0.500000,0.000000,10,17,26,33,41,49,76,2100,2100,2100,2100,181,0,10,40.378688397648155,5.656299996189773,2091.01340000052,7899.342541436464
1782376256,2,,Aggregated,0.500000,0.000000,10,17,26,33,41,49,76,2100,2100,2100,2100,182,0,10,40.191245054782,5.656299996189773,2091.01340000052,7883.89010989011
1782376257,2,,Aggregated,0.500000,0.000000,10,17,26,33,41,49,76,2100,2100,2100,2100,182,0,10,40.191245054782,5.656299996189773,2091.01340000052,7883.89010989011
1782376258,2,,Aggregated,0.500000,0.000000,10,17,26,33,41,49,76,2100,2100,2100,2100,183,0,10,40.03792732226906,5.656299996189773,2091.01340000052,7898.180327868852
1782376259,2,,Aggregated,0.500000,0.000000,10,17,26,33,41,49,76,2100,2100,2100,2100,183,0,10,40.03792732226906,5.656299996189773,2091.01340000052,7898.180327868852
1782376260,2,,Aggregated,0.400000,0.000000,10,17,26,33,41,49,76,2100,2100,2100,2100,184,0,10,39.889542391155494,5.656299996189773,2091.01340000052,7912.315217391304
1782376261,2,,Aggregated,0.400000,0.000000,10,17,26,33,41,49,76,2100,2100,2100,2100,184,0,10,39.889542391155494,5.656299996189773,2091.01340000052,7912.315217391304
1782376262,2,,Aggregated,0.400000,0.000000,10,17,26,33,41,49,76,2100,2100,2100,2100,184,0,10,39.889542391155494,5.656299996189773,2091.01340000052,7912.315217391304
1782376263,2,,Aggregated,0.500000,0.000000,10,17,23,33,41,49,76,2100,2100,2100,2100,186,0,10,39.592016128897015,5.656299996189773,2091.01340000052,7915.215053763441
1782376264,2,,Aggregated,0.500000,0.000000,10,17,23,33,41,49,76,2100,2100,2100,2100,186,0,10,39.592016128897015,5.656299996189773,2091.01340000052,7915.215053763441
1782376265,2,,Aggregated,0.500000,0.000000,10,17,23,33,41,49,76,2100,2100,2100,2100,186,0,10,39.592016128897015,5.656299996189773,2091.01340000052,7915.215053763441
1782376266,2,,Aggregated,0.500000,0.000000,10,17,23,33,41,49,76,2100,2100,2100,2100,187,0,10,39.41461711220523,5.656299996189773,2091.01340000052,7904.2513368983955
1782376267,2,,Aggregated,0.500000,0.000000,10,17,23,33,41,49,76,2100,2100,2100,2100,187,0,10,39.41461711220523,5.656299996189773,2091.01340000052,7904.2513368983955
1782376268,2,,Aggregated,0.500000,0.000000,10,17,23,33,41,49,76,2100,2100,2100,2100,188,0,10,39.27581489358303,5.656299996189773,2091.01340000052,7918.053191489362
1782376269,2,,Aggregated,0.500000,0.000000,10,17,23,33,41,49,76,2100,2100,2100,2100,188,0,10,39.27581489358303,5.656299996189773,2091.01340000052,7918.053191489362
1782376270,2,,Aggregated,0.500000,0.000000,10,16,23,33,41,49,76,2100,2100,2100,2100,189,0,10,39.131932804208844,5.656299996189773,2091.01340000052,7931.708994708994
1782376271,2,,Aggregated,0.500000,0.000000,10,16,23,33,41,49,76,2100,2100,2100,2100,189,0,10,39.131932804208844,5.656299996189773,2091.01340000052,7931.708994708994
1782376272,2,,Aggregated,0.500000,0.000000,10,16,23,33,41,49,76,2100,2100,2100,2100,189,0,10,39.131932804208844,5.656299996189773,2091.01340000052,7931.708994708994
1782376273,2,,Aggregated,0.500000,0.000000,11,16,23,33,41,49,76,2100,2100,2100,2100,190,0,10,38.99942368420613,5.656299996189773,2091.01340000052,7945.221052631579
1782376274,2,,Aggregated,0.500000,0.000000,10,16,23,32,41,49,76,2100,2100,2100,2100,191,0,10,38.82772984287607,5.656299996189773,2091.01340000052,7934.3298429319375
1782376275,2,,Aggregated,0.500000,0.000000,10,16,23,32,41,49,76,2100,2100,2100,2100,191,0,10,38.82772984287607,5.656299996189773,2091.01340000052,7934.3298429319375
1782376276,2,,Aggregated,0.500000,0.000000,10,16,23,32,41,49,76,2100,2100,2100,2100,191,0,10,38.82772984287607,5.656299996189773,2091.01340000052,7934.3298429319375
1782376277,2,,Aggregated,0.500000,0.000000,11,16,23,32,41,49,76,2100,2100,2100,2100,193,0,11,38.62203212428978,5.656299996189773,2091.01340000052,7960.906735751295
1782376278,2,,Aggregated,0.500000,0.000000,11,16,23,32,41,49,76,2100,2100,2100,2100,193,0,11,38.62203212428978,5.656299996189773,2091.01340000052,7960.906735751295
1782376279,2,,Aggregated,0.400000,0.000000,11,16,23,32,41,49,76,2100,2100,2100,2100,194,0,11,38.4926103092532,5.656299996189773,2091.01340000052,7973.98969072165
1782376280,2,,Aggregated,0.400000,0.000000,11,16,23,32,41,49,76,2100,2100,2100,2100,194,0,11,38.4926103092532,5.656299996189773,2091.01340000052,7973.98969072165
1782376281,2,,Aggregated,0.400000,0.000000,11,16,23,32,41,49,76,2100,2100,2100,2100,194,0,11,38.4926103092532,5.656299996189773,2091.01340000052,7973.98969072165
1782376282,2,,Aggregated,0.600000,0.000000,11,16,23,32,41,49,76,2100,2100,2100,2100,195,0,11,38.33782410253592,5.656299996189773,2091.01340000052,7959.184615384615
1782376284,2,,Aggregated,0.500000,0.000000,11,16,23,32,41,49,76,2100,2100,2100,2100,196,0,11,38.20823979594006,5.656299996189773,2091.01340000052,7972.142857142857
1782376285,2,,Aggregated,0.500000,0.000000,11,16,23,32,41,49,76,2100,2100,2100,2100,196,0,11,38.20823979594006,5.656299996189773,2091.01340000052,7972.142857142857
1782376286,2,,Aggregated,0.600000,0.000000,11,16,22,32,41,49,76,2100,2100,2100,2100,197,0,11,38.0581695431912,5.656299996189773,2091.01340000052,7961.446700507614
1782376287,2,,Aggregated,0.600000,0.000000,11,16,22,32,41,49,76,2100,2100,2100,2100,197,0,11,38.0581695431912,5.656299996189773,2091.01340000052,7961.446700507614
1782376288,2,,Aggregated,0.500000,0.000000,11,15,22,32,41,49,76,2100,2100,2100,2100,198,0,10,37.893677777828266,5.488800001330674,2091.01340000052,7950.858585858586
1782376289,2,,Aggregated,0.600000,0.000000,11,15,22,32,41,49,76,2100,2100,2100,2100,199,0,11,37.76663316590138,5.488800001330674,2091.01340000052,7963.663316582914
1782376290,2,,Aggregated,0.600000,0.000000,11,15,22,32,41,49,76,2100,2100,2100,2100,199,0,11,37.76663316590138,5.488800001330674,2091.01340000052,7963.663316582914
1782376291,2,,Aggregated,0.600000,0.000000,11,15,22,32,41,49,76,2100,2100,2100,2100,199,0,11,37.76663316590138,5.488800001330674,2091.01340000052,7963.663316582914
1782376292,2,,Aggregated,0.500000,0.000000,11,15,22,32,41,48,63,95,2100,2100,2100,201,0,11,37.66728656723243,5.488800001330674,2091.01340000052,7961.965174129353
1782376293,2,,Aggregated,0.500000,0.000000,11,15,22,32,41,48,63,95,2100,2100,2100,201,0,11,37.66728656723243,5.488800001330674,2091.01340000052,7961.965174129353
1782376294,2,,Aggregated,0.500000,0.000000,11,15,22,32,41,48,63,95,2100,2100,2100,201,0,11,37.66728656723243,5.488800001330674,2091.01340000052,7961.965174129353
1782376295,2,,Aggregated,0.600000,0.000000,11,15,22,32,41,48,63,95,2100,2100,2100,202,0,10,37.513440099111435,5.488800001330674,2091.01340000052,7951.584158415842
1782376296,2,,Aggregated,0.600000,0.000000,10,15,22,32,41,48,63,95,2100,2100,2100,203,0,10,37.364613300641274,5.488800001330674,2091.01340000052,7941.305418719212
1782376297,2,,Aggregated,0.600000,0.000000,10,15,22,32,41,48,63,95,2100,2100,2100,203,0,10,37.364613300641274,5.488800001330674,2091.01340000052,7941.305418719212
1782376298,2,,Aggregated,0.600000,0.000000,11,15,23,32,41,48,63,95,2100,2100,2100,204,0,10,37.32629803933235,5.488800001330674,2091.01340000052,7953.843137254902
1782376299,2,,Aggregated,0.600000,0.000000,11,15,22,32,41,48,63,95,2100,2100,2100,205,0,11,37.202578536717496,5.488800001330674,2091.01340000052,7966.258536585366
1782376300,2,,Aggregated,0.600000,0.000000,11,15,22,32,41,48,63,95,2100,2100,2100,205,0,11,37.202578536717496,5.488800001330674,2091.01340000052,7966.258536585366
1782376301,2,,Aggregated,0.600000,0.000000,11,15,22,32,41,48,63,95,2100,2100,2100,205,0,11,37.202578536717496,5.488800001330674,2091.01340000052,7966.258536585366
1782376302,2,,Aggregated,0.600000,0.000000,11,15,22,31,41,48,63,95,2100,2100,2100,206,0,10,37.05622766998221,5.488800001330674,2091.01340000052,7956.058252427184
1782376303,2,,Aggregated,0.600000,0.000000,10,15,22,31,41,48,63,95,2100,2100,2100,207,0,10,36.909802415540916,5.488800001330674,2091.01340000052,7945.95652173913
1782376304,2,,Aggregated,0.600000,0.000000,10,15,22,31,41,48,63,95,2100,2100,2100,207,0,10,36.909802415540916,5.488800001330674,2091.01340000052,7945.95652173913
1782376305,2,,Aggregated,0.500000,0.000000,10,15,22,31,41,48,63,95,2100,2100,2100,208,0,10,36.77100817311349,5.488800001330674,2091.01340000052,7935.951923076923
1782376306,2,,Aggregated,0.500000,0.000000,10,15,22,31,41,48,63,95,2100,2100,2100,209,0,10,36.623488516774046,5.488800001330674,2091.01340000052,7926.043062200957
1782376307,2,,Aggregated,0.600000,0.000000,10,15,22,31,41,48,63,95,2100,2100,2100,210,0,10,36.50830714288445,5.488800001330674,2091.01340000052,7938.295238095238
1782376308,2,,Aggregated,0.600000,0.000000,10,15,22,30,39,48,63,95,2100,2100,2100,211,0,10,36.38077203797616,5.488800001330674,2091.01340000052,7928.469194312796
1782376309,2,,Aggregated,0.600000,0.000000,10,15,22,30,39,48,63,95,2100,2100,2100,211,0,10,36.38077203797616,5.488800001330674,2091.01340000052,7928.469194312796
1782376310,2,,Aggregated,0.600000,0.000000,10,15,22,30,39,48,63,95,2100,2100,2100,212,0,10,36.2440099056842,5.488800001330674,2091.01340000052,7918.735849056604
1782376311,2,,Aggregated,0.600000,0.000000,10,15,21,30,39,48,63,95,2100,2100,2100,213,0,10,36.106303755831775,5.488800001330674,2091.01340000052,7909.093896713615
1782376312,2,,Aggregated,0.600000,0.000000,10,15,21,30,39,48,63,95,2100,2100,2100,213,0,10,36.106303755831775,5.488800001330674,2091.01340000052,7909.093896713615
1782376313,2,,Aggregated,0.600000,0.000000,10,15,21,30,39,48,63,95,2100,2100,2100,213,0,10,36.106303755831775,5.488800001330674,2091.01340000052,7909.093896713615
1782376314,2,,Aggregated,0.600000,0.000000,10,15,21,30,39,48,63,95,2100,2100,2100,213,0,10,36.106303755831775,5.488800001330674,2091.01340000052,7909.093896713615
1782376315,2,,Aggregated,0.800000,0.000000,10,15,21,30,39,48,63,95,2100,2100,2100,215,0,10,35.84771720925346,5.488800001330674,2091.01340000052,7886.460465116279
1782376316,2,,Aggregated,0.800000,0.000000,10,15,21,30,39,48,63,95,2100,2100,2100,215,0,10,35.84771720925346,5.488800001330674,2091.01340000052,7886.460465116279
1782376317,2,,Aggregated,0.800000,0.000000,10,15,21,30,39,48,63,95,2100,2100,2100,215,0,10,35.84771720925346,5.488800001330674,2091.01340000052,7886.460465116279
1782376318,2,,Aggregated,0.700000,0.000000,10,15,21,30,39,48,63,95,2100,2100,2100,216,0,10,35.746774074006545,5.488800001330674,2091.01340000052,7898.555555555556
1782376319,2,,Aggregated,0.700000,0.000000,10,15,21,30,39,48,63,95,2100,2100,2100,216,0,10,35.746774074006545,5.488800001330674,2091.01340000052,7898.555555555556
1782376320,2,,Aggregated,0.500000,0.000000,10,15,20,30,39,48,63,95,2100,2100,2100,217,0,10,35.61145944695454,5.488800001330674,2091.01340000052,7885.599078341013
1782376321,2,,Aggregated,0.500000,0.000000,10,15,20,30,39,48,63,95,2100,2100,2100,217,0,10,35.61145944695454,5.488800001330674,2091.01340000052,7885.599078341013
1782376322,2,,Aggregated,0.500000,0.000000,10,15,20,30,39,48,63,95,2100,2100,2100,217,0,10,35.61145944695454,5.488800001330674,2091.01340000052,7885.599078341013
1782376323,2,,Aggregated,0.600000,0.000000,10,15,21,30,39,48,63,95,2100,2100,2100,218,0,10,35.54874082562383,5.488800001330674,2091.01340000052,7897.587155963302
1782376324,2,,Aggregated,0.400000,0.000000,10,15,21,30,39,48,63,95,2100,2100,2100,219,0,10,35.4148009131486,5.488800001330674,2091.01340000052,7888.3059360730595
1782376325,2,,Aggregated,0.400000,0.000000,10,15,21,30,39,48,63,95,2100,2100,2100,219,0,10,35.4148009131486,5.488800001330674,2091.01340000052,7888.3059360730595
1782376326,2,,Aggregated,0.500000,0.000000,10,15,22,30,39,48,63,95,2100,2100,2100,220,0,10,35.40545909080802,5.488800001330674,2091.01340000052,7900.172727272728
1782376327,2,,Aggregated,0.600000,0.000000,10,15,21,30,39,47,63,95,2100,2100,2100,221,0,10,35.318960180931214,5.488800001330674,2091.01340000052,7911.932126696833
1782376328,2,,Aggregated,0.600000,0.000000,10,15,21,30,39,47,63,95,2100,2100,2100,221,0,10,35.318960180931214,5.488800001330674,2091.01340000052,7911.932126696833
1782376329,2,,Aggregated,0.600000,0.000000,10,15,21,30,39,47,63,95,2100,2100,2100,221,0,10,35.318960180931214,5.488800001330674,2091.01340000052,7911.932126696833
1782376330,2,,Aggregated,0.600000,0.000000,10,15,21,30,39,47,63,95,2100,2100,2100,222,0,10,35.23217522514814,5.488800001330674,2091.01340000052,7923.585585585585
1782376331,2,,Aggregated,0.500000,0.000000,10,15,21,30,39,47,63,95,2100,2100,2100,223,0,10,35.1458968609157,5.488800001330674,2091.01340000052,7935.134529147982
1782376332,2,,Aggregated,0.500000,0.000000,10,15,21,30,39,47,63,95,2100,2100,2100,223,0,10,35.1458968609157,5.488800001330674,2091.01340000052,7935.134529147982
1782376333,2,,Aggregated,0.500000,0.000000,10,15,21,30,39,47,63,95,2100,2100,2100,223,0,10,35.1458968609157,5.488800001330674,2091.01340000052,7935.134529147982
1782376334,2,,Aggregated,0.600000,0.000000,10,15,21,30,39,47,63,95,2100,2100,2100,224,0,10,35.024818303489674,5.488800001330674,2091.01340000052,7925.892857142857
1782376335,2,,Aggregated,0.500000,0.000000,10,15,20,30,39,47,63,95,2100,2100,2100,225,0,10,34.93597822218564,5.488800001330674,2091.01340000052,7937.328888888889
1782376336,2,,Aggregated,0.500000,0.000000,10,15,20,30,39,47,63,95,2100,2100,2100,225,0,10,34.93597822218564,5.488800001330674,2091.01340000052,7937.328888888889
1782376337,2,,Aggregated,0.500000,0.000000,10,15,20,28,39,47,63,95,2100,2100,2100,226,0,10,34.85189601762243,5.488800001330674,2091.01340000052,7948.66371681416
1782376338,2,,Aggregated,0.500000,0.000000,10,15,20,28,39,47,63,95,2100,2100,2100,226,0,10,34.85189601762243,5.488800001330674,2091.01340000052,7948.66371681416
1782376339,2,,Aggregated,0.400000,0.000000,10,15,21,30,39,47,63,95,2100,2100,2100,227,0,10,34.86104713646964,5.488800001330674,2091.01340000052,7959.898678414097
1782376340,2,,Aggregated,0.400000,0.000000,10,15,21,30,39,47,63,95,2100,2100,2100,227,0,10,34.86104713646964,5.488800001330674,2091.01340000052,7959.898678414097
1782376341,2,,Aggregated,0.500000,0.000000,10,15,21,30,39,47,63,95,2100,2100,2100,228,0,10,34.73712807004759,5.488800001330674,2091.01340000052,7950.710526315789
1782376342,2,,Aggregated,0.500000,0.000000,10,15,20,30,39,47,63,95,2100,2100,2100,229,0,10,34.61848034924527,5.488800001330674,2091.01340000052,7941.602620087337
1782376343,2,,Aggregated,0.500000,0.000000,10,15,20,30,39,47,63,95,2100,2100,2100,229,0,10,34.61848034924527,5.488800001330674,2091.01340000052,7941.602620087337
1782376344,2,,Aggregated,0.500000,0.000000,10,15,20,30,39,47,63,95,2100,2100,2100,229,0,10,34.61848034924527,5.488800001330674,2091.01340000052,7941.602620087337
1782376345,2,,Aggregated,0.600000,0.000000,10,15,20,30,39,47,63,95,2100,2100,2100,230,0,10,34.496129999941964,5.488800001330674,2091.01340000052,7929.191304347826
1782376346,2,,Aggregated,0.600000,0.000000,10,15,20,28,39,47,63,95,2100,2100,2100,231,0,10,34.40908528133638,5.488800001330674,2091.01340000052,7940.316017316018
1782376347,2,,Aggregated,0.600000,0.000000,10,15,20,28,39,47,63,95,2100,2100,2100,231,0,10,34.40908528133638,5.488800001330674,2091.01340000052,7940.316017316018
1782376348,2,,Aggregated,0.600000,0.000000,10,15,20,28,39,47,63,95,2100,2100,2100,231,0,10,34.40908528133638,5.488800001330674,2091.01340000052,7940.316017316018
1782376349,2,,Aggregated,0.600000,0.000000,10,15,20,28,39,47,63,95,2100,2100,2100,232,0,10,34.311138361992,5.488800001330674,2091.01340000052,7951.3448275862065
1782376350,2,,Aggregated,0.500000,0.000000,10,15,20,28,39,47,63,95,2100,2100,2100,233,0,10,34.197099999933855,5.488800001330674,2091.01340000052,7939.051502145922
1782376351,2,,Aggregated,0.500000,0.000000,10,15,20,28,39,47,63,95,2100,2100,2100,233,0,10,34.197099999933855,5.488800001330674,2091.01340000052,7939.051502145922
1782376352,2,,Aggregated,0.500000,0.000000,10,15,20,28,39,47,63,95,2100,2100,2100,233,0,10,34.197099999933855,5.488800001330674,2091.01340000052,7939.051502145922
1782376353,2,,Aggregated,0.600000,0.000000,10,15,20,28,39,47,63,95,2100,2100,2100,234,0,10,34.07870256404181,5.488800001330674,2091.01340000052,7926.863247863248
1782376354,2,,Aggregated,0.400000,0.000000,10,15,20,28,39,47,63,95,2100,2100,2100,235,0,10,33.98481744677175,5.488800001330674,2091.01340000052,7937.808510638298
1782376355,2,,Aggregated,0.400000,0.000000,10,15,20,28,39,47,63,95,2100,2100,2100,235,0,10,33.98481744677175,5.488800001330674,2091.01340000052,7937.808510638298
1782376356,2,,Aggregated,0.400000,0.000000,10,15,20,28,39,47,63,95,2100,2100,2100,235,0,10,33.98481744677175,5.488800001330674,2091.01340000052,7937.808510638298
1782376357,2,,Aggregated,0.500000,0.000000,10,15,20,28,39,47,63,95,2100,2100,2100,237,0,10,33.77782573831613,5.488800001330674,2091.01340000052,7917.033755274261
1782376358,2,,Aggregated,0.500000,0.000000,10,15,20,28,39,47,63,95,2100,2100,2100,237,0,10,33.77782573831613,5.488800001330674,2091.01340000052,7917.033755274261
1782376359,2,,Aggregated,0.500000,0.000000,10,15,20,28,39,47,63,95,2100,2100,2100,237,0,10,33.77782573831613,5.488800001330674,2091.01340000052,7917.033755274261
1782376360,2,,Aggregated,0.600000,0.000000,10,15,20,28,39,47,63,95,2100,2100,2100,238,0,10,33.66176428562157,5.488800001330674,2091.01340000052,7908.411764705882
1782376361,2,,Aggregated,0.600000,0.000000,10,15,20,28,39,47,63,95,2100,2100,2100,239,0,10,33.55491966517909,5.488800001330674,2091.01340000052,7896.60669456067
1782376362,2,,Aggregated,0.600000,0.000000,10,15,20,28,39,47,63,95,2100,2100,2100,239,0,10,33.55491966517909,5.488800001330674,2091.01340000052,7896.60669456067
1782376363,2,,Aggregated,0.600000,0.000000,10,15,20,28,39,47,63,95,2100,2100,2100,239,0,10,33.55491966517909,5.488800001330674,2091.01340000052,7896.60669456067
1782376364,2,,Aggregated,0.600000,0.000000,10,15,20,28,39,47,63,95,2100,2100,2100,240,0,10,33.44803291656717,5.488800001330674,2091.01340000052,7888.141666666666
1782376365,2,,Aggregated,0.600000,0.000000,10,15,20,28,39,45,63,95,2100,2100,2100,241,0,10,33.33344813263579,5.488800001330674,2091.01340000052,7876.51867219917
1782376366,2,,Aggregated,0.600000,0.000000,10,15,20,28,39,45,63,95,2100,2100,2100,241,0,10,33.33344813263579,5.488800001330674,2091.01340000052,7876.51867219917
1782376367,2,,Aggregated,0.500000,0.000000,10,15,20,28,39,45,63,95,2100,2100,2100,242,0,10,33.34724710726762,5.488800001330674,2091.01340000052,7887.355371900827
1782376368,2,,Aggregated,0.600000,0.000000,10,15,20,28,39,45,63,95,2100,2100,2100,243,0,10,33.30442798335906,5.488800001330674,2091.01340000052,7898.102880658436
1782376369,2,,Aggregated,0.600000,0.000000,10,15,20,28,39,45,63,95,2100,2100,2100,243,0,10,33.30442798335906,5.488800001330674,2091.01340000052,7898.102880658436
1782376370,2,,Aggregated,0.500000,0.000000,10,15,20,28,39,45,63,95,2100,2100,2100,245,0,10,33.11485224468776,5.488800001330674,2091.01340000052,7900.420408163265
1782376371,2,,Aggregated,0.500000,0.000000,10,15,20,28,39,45,63,95,2100,2100,2100,245,0,10,33.11485224468776,5.488800001330674,2091.01340000052,7900.420408163265
1782376372,2,,Aggregated,0.500000,0.000000,10,15,20,28,39,45,63,95,2100,2100,2100,245,0,10,33.11485224468776,5.488800001330674,2091.01340000052,7900.420408163265
1782376373,2,,Aggregated,0.700000,0.000000,10,15,20,28,39,45,63,95,2100,2100,2100,246,0,10,33.00478211356795,5.488800001330674,2091.01340000052,7888.983739837398
1782376374,2,,Aggregated,0.700000,0.000000,10,15,20,28,39,45,63,95,2100,2100,2100,246,0,10,33.00478211356795,5.488800001330674,2091.01340000052,7888.983739837398
1782376375,2,,Aggregated,0.600000,0.000000,10,15,20,28,39,45,63,95,2100,2100,2100,247,0,10,32.8959263155382,5.488800001330674,2091.01340000052,7880.789473684211
1782376376,2,,Aggregated,0.600000,0.000000,10,15,20,28,39,45,63,95,2100,2100,2100,247,0,10,32.8959263155382,5.488800001330674,2091.01340000052,7880.789473684211
1782376377,2,,Aggregated,0.600000,0.000000,10,15,20,28,39,45,63,95,2100,2100,2100,248,0,10,32.827718144906086,5.488800001330674,2091.01340000052,7891.346774193548
1782376378,2,,Aggregated,0.600000,0.000000,10,15,20,28,39,45,63,95,2100,2100,2100,248,0,10,32.827718144906086,5.488800001330674,2091.01340000052,7891.346774193548
1782376379,2,,Aggregated,0.600000,0.000000,10,15,20,28,39,45,63,95,2100,2100,2100,249,0,10,32.7207590359236,5.488800001330674,2091.01340000052,7880.084337349397
1782376380,2,,Aggregated,0.600000,0.000000,10,15,20,28,39,45,63,95,2100,2100,2100,249,0,10,32.7207590359236,5.488800001330674,2091.01340000052,7880.084337349397
1782376381,2,,Aggregated,0.600000,0.000000,10,15,20,28,39,45,63,95,2100,2100,2100,249,0,10,32.7207590359236,5.488800001330674,2091.01340000052,7880.084337349397
1782376382,2,,Aggregated,0.600000,0.000000,10,14,20,26,38,45,62,95,2100,2100,2100,251,0,10,32.565068127204796,5.488800001330674,2091.01340000052,7882.490039840637
1782376383,2,,Aggregated,0.600000,0.000000,10,14,20,26,38,45,62,95,2100,2100,2100,251,0,10,32.565068127204796,5.488800001330674,2091.01340000052,7882.490039840637
1782376384,2,,Aggregated,0.600000,0.000000,10,14,20,26,38,45,62,95,2100,2100,2100,251,0,10,32.565068127204796,5.488800001330674,2091.01340000052,7882.490039840637
1782376385,2,,Aggregated,0.600000,0.000000,10,14,20,26,38,45,62,95,2100,2100,2100,251,0,10,32.565068127204796,5.488800001330674,2091.01340000052,7882.490039840637
1782376386,2,,Aggregated,0.500000,0.000000,10,15,20,26,38,45,62,95,2100,2100,2100,252,0,10,32.50112579339729,5.488800001330674,2091.01340000052,7892.873015873016
1782376387,2,,Aggregated,0.500000,0.000000,10,14,19,26,38,45,62,95,2100,2100,2100,253,0,10,32.39810316179918,5.488800001330674,2091.01340000052,7881.782608695652
1782376388,2,,Aggregated,0.500000,0.000000,10,14,19,26,38,45,62,95,2100,2100,2100,253,0,10,32.39810316179918,5.488800001330674,2091.01340000052,7881.782608695652
1782376390,2,,Aggregated,0.600000,0.000000,10,15,19,26,38,45,62,95,2100,2100,2100,254,0,10,32.34480511785327,5.488800001330674,2091.01340000052,7892.086614173229
1782376391,2,,Aggregated,0.400000,0.000000,10,15,19,26,38,45,62,95,2100,2100,2100,255,0,10,32.27064823503515,5.488800001330674,2091.01340000052,7902.309803921568
1782376392,2,,Aggregated,0.400000,0.000000,10,15,19,26,38,45,62,95,2100,2100,2100,255,0,10,32.27064823503515,5.488800001330674,2091.01340000052,7902.309803921568
1782376393,2,,Aggregated,0.400000,0.000000,10,15,19,26,38,45,62,95,2100,2100,2100,255,0,10,32.27064823503515,5.488800001330674,2091.01340000052,7902.309803921568
1782376394,2,,Aggregated,0.400000,0.000000,10,15,19,26,38,45,62,95,2100,2100,2100,255,0,10,32.27064823503515,5.488800001330674,2091.01340000052,7902.309803921568
1782376395,2,,Aggregated,0.500000,0.000000,10,15,19,24,38,45,62,95,2100,2100,2100,256,0,10,32.20313789040574,5.488800001330674,2091.01340000052,7912.453125
1782376396,2,,Aggregated,0.400000,0.000000,10,15,19,24,38,45,62,95,2100,2100,2100,257,0,10,32.1308159530874,5.488800001330674,2091.01340000052,7922.517509727626
1782376397,2,,Aggregated,0.400000,0.000000,10,15,19,24,38,45,62,95,2100,2100,2100,257,0,10,32.1308159530874,5.488800001330674,2091.01340000052,7922.517509727626
1782376398,2,,Aggregated,0.500000,0.000000,10,15,19,24,38,45,62,95,2100,2100,2100,258,0,10,32.059546511429865,5.488800001330674,2091.01340000052,7932.503875968992
1782376399,2,,Aggregated,0.500000,0.000000,10,15,19,24,38,45,62,95,2100,2100,2100,258,0,10,32.059546511429865,5.488800001330674,2091.01340000052,7932.503875968992
1782376400,2,,Aggregated,0.400000,0.000000,10,14,19,24,38,45,62,95,2100,2100,2100,259,0,10,31.958133590512848,5.488800001330674,2091.01340000052,7921.517374517374
1782376401,2,,Aggregated,0.400000,0.000000,10,14,19,24,38,45,62,95,2100,2100,2100,259,0,10,31.958133590512848,5.488800001330674,2091.01340000052,7921.517374517374
1782376402,2,,Aggregated,0.500000,0.000000,10,14,19,24,38,45,62,95,2100,2100,2100,260,0,10,31.8689830767443,5.488800001330674,2091.01340000052,7913.607692307693
1782376403,2,,Aggregated,0.500000,0.000000,10,14,19,24,38,45,62,95,2100,2100,2100,260,0,10,31.8689830767443,5.488800001330674,2091.01340000052,7913.607692307693
1782376404,2,,Aggregated,0.500000,0.000000,10,14,19,24,38,45,62,95,2100,2100,2100,260,0,10,31.8689830767443,5.488800001330674,2091.01340000052,7913.607692307693
1782376405,2,,Aggregated,0.500000,0.000000,10,14,18,23,38,45,62,95,2100,2100,2100,262,0,10,31.683133587593083,5.488800001330674,2091.01340000052,7897.969465648855
1782376406,2,,Aggregated,0.500000,0.000000,10,14,18,23,38,45,62,95,2100,2100,2100,262,0,10,31.683133587593083,5.488800001330674,2091.01340000052,7897.969465648855
1782376407,2,,Aggregated,0.500000,0.000000,10,14,18,23,38,45,62,95,2100,2100,2100,262,0,10,31.683133587593083,5.488800001330674,2091.01340000052,7897.969465648855
1782376408,2,,Aggregated,0.600000,0.000000,10,14,18,23,38,45,62,95,2100,2100,2100,264,0,10,31.512030302826933,5.488800001330674,2091.01340000052,7900.121212121212
1782376409,2,,Aggregated,0.600000,0.000000,10,14,18,23,38,45,62,95,2100,2100,2100,264,0,10,31.512030302826933,5.488800001330674,2091.01340000052,7900.121212121212
1782376410,2,,Aggregated,0.600000,0.000000,10,14,18,23,38,45,62,95,2100,2100,2100,264,0,10,31.512030302826933,5.488800001330674,2091.01340000052,7900.121212121212
1782376411,2,,Aggregated,0.600000,0.000000,10,14,18,23,38,45,62,95,2100,2100,2100,264,0,10,31.512030302826933,5.488800001330674,2091.01340000052,7900.121212121212
1782376412,2,,Aggregated,0.500000,0.000000,10,14,18,24,38,45,62,95,2100,2100,2100,265,0,10,31.506023773394155,5.488800001330674,2091.01340000052,7909.928301886793
1782376413,2,,Aggregated,0.500000,0.000000,10,14,18,23,38,45,62,95,2100,2100,2100,266,0,10,31.40766578926696,5.342799995560199,2091.01340000052,7902.2406015037595
1782376414,2,,Aggregated,0.500000,0.000000,10,14,18,23,38,45,62,95,2100,2100,2100,266,0,10,31.40766578926696,5.342799995560199,2091.01340000052,7902.2406015037595
1782376415,2,,Aggregated,0.500000,0.000000,10,14,18,23,38,45,62,95,2100,2100,2100,266,0,10,31.40766578926696,5.342799995560199,2091.01340000052,7902.2406015037595
1782376416,2,,Aggregated,0.600000,0.000000,10,14,18,23,38,45,62,95,2100,2100,2100,267,0,10,31.31841872642183,5.342799995560199,2091.01340000052,7894.610486891385
1782376417,2,,Aggregated,0.600000,0.000000,10,14,18,23,38,45,62,95,2100,2100,2100,268,0,10,31.23030746254658,5.342799995560199,2091.01340000052,7887.037313432836
1782376418,2,,Aggregated,0.500000,0.000000,10,14,18,23,38,45,62,95,2100,2100,2100,269,0,10,31.135333828878206,5.342799995560199,2091.01340000052,7879.520446096654
1782376419,2,,Aggregated,0.500000,0.000000,10,14,18,23,38,45,62,95,2100,2100,2100,269,0,10,31.135333828878206,5.342799995560199,2091.01340000052,7879.520446096654
1782376420,2,,Aggregated,0.500000,0.000000,10,14,18,23,38,45,62,95,2100,2100,2100,269,0,10,31.135333828878206,5.342799995560199,2091.01340000052,7879.520446096654
1782376421,2,,Aggregated,0.500000,0.000000,10,14,18,23,38,45,62,95,2100,2100,2100,270,0,10,31.06664703691085,5.342799995560199,2091.01340000052,7889.222222222223
1782376422,2,,Aggregated,0.500000,0.000000,10,14,18,23,37,45,62,95,2100,2100,2100,271,0,10,30.974782656715423,5.342799995560199,2091.01340000052,7881.752767527675
1782376423,2,,Aggregated,0.500000,0.000000,10,14,18,23,37,45,62,95,2100,2100,2100,271,0,10,30.974782656715423,5.342799995560199,2091.01340000052,7881.752767527675
1782376424,2,,Aggregated,0.500000,0.000000,10,14,18,23,37,45,62,95,2100,2100,2100,271,0,10,30.974782656715423,5.342799995560199,2091.01340000052,7881.752767527675
1782376425,2,,Aggregated,0.500000,0.000000,10,14,18,23,37,45,62,95,2100,2100,2100,271,0,10,30.974782656715423,5.342799995560199,2091.01340000052,7881.752767527675
1782376426,2,,Aggregated,0.500000,0.000000,9,14,18,23,37,45,62,95,2100,2100,2100,273,0,9,30.795927838684186,5.342799995560199,2091.01340000052,7866.978021978022
1782376427,2,,Aggregated,0.500000,0.000000,9,14,18,23,37,45,62,95,2100,2100,2100,273,0,9,30.795927838684186,5.342799995560199,2091.01340000052,7866.978021978022
1782376428,2,,Aggregated,0.500000,0.000000,9,14,18,23,37,45,62,95,2100,2100,2100,273,0,9,30.795927838684186,5.342799995560199,2091.01340000052,7866.978021978022
1782376429,2,,Aggregated,0.500000,0.000000,10,14,18,23,37,45,62,95,2100,2100,2100,274,0,9,30.79916094875908,5.342799995560199,2091.01340000052,7876.58394160584
1782376430,2,,Aggregated,0.500000,0.000000,9,14,18,23,37,45,62,95,2100,2100,2100,275,0,9,30.71412036348854,5.342799995560199,2091.01340000052,7869.269090909091
1782376431,2,,Aggregated,0.500000,0.000000,9,14,18,23,37,45,62,95,2100,2100,2100,275,0,9,30.71412036348854,5.342799995560199,2091.01340000052,7869.269090909091
1782376432,2,,Aggregated,0.500000,0.000000,9,14,18,23,37,45,62,95,2100,2100,2100,276,0,9,30.623921738984738,5.342799995560199,2091.01340000052,7862.007246376812
1782376433,2,,Aggregated,0.600000,0.000000,9,14,18,23,37,45,62,95,2100,2100,2100,277,0,9,30.538136100899578,5.342799995560199,2091.01340000052,7854.797833935018
1782376434,2,,Aggregated,0.600000,0.000000,9,14,18,23,37,45,62,95,2100,2100,2100,277,0,9,30.538136100899578,5.342799995560199,2091.01340000052,7854.797833935018
1782376435,2,,Aggregated,0.600000,0.000000,9,14,18,23,37,45,62,95,2100,2100,2100,277,0,9,30.538136100899578,5.342799995560199,2091.01340000052,7854.797833935018
1782376436,2,,Aggregated,0.600000,0.000000,9,14,18,23,37,45,62,95,2100,2100,2100,278,0,9,30.450231294740636,5.342799995560199,2091.01340000052,7847.640287769784
1782376437,2,,Aggregated,0.600000,0.000000,9,14,18,23,37,45,62,95,2100,2100,2100,279,0,9,30.361949820578428,5.342799995560199,2091.01340000052,7840.534050179212
1782376438,2,,Aggregated,0.600000,0.000000,9,14,18,23,37,45,62,95,2100,2100,2100,279,0,9,30.361949820578428,5.342799995560199,2091.01340000052,7840.534050179212
1782376439,2,,Aggregated,0.500000,0.000000,9,14,18,23,37,45,62,95,2100,2100,2100,280,0,9,30.2798660712142,5.342799995560199,2091.01340000052,7833.478571428572
1782376440,2,,Aggregated,0.500000,0.000000,9,14,18,23,37,45,62,95,2100,2100,2100,280,0,9,30.2798660712142,5.342799995560199,2091.01340000052,7833.478571428572
1782376441,2,,Aggregated,0.500000,0.000000,9,14,18,23,37,45,62,95,2100,2100,2100,280,0,9,30.2798660712142,5.342799995560199,2091.01340000052,7833.478571428572
1782376442,2,,Aggregated,0.500000,0.000000,9,14,18,23,37,43,62,95,2100,2100,2100,282,0,9,30.110831205505658,5.342799995560199,2091.01340000052,7814.0
1782376443,2,,Aggregated,0.500000,0.000000,9,14,18,23,37,43,62,95,2100,2100,2100,282,0,9,30.110831205505658,5.342799995560199,2091.01340000052,7814.0
1782376444,2,,Aggregated,0.500000,0.000000,9,14,18,23,37,43,62,95,2100,2100,2100,283,0,9,30.036581625313293,5.342799995560199,2091.01340000052,7804.363957597173
1782376445,2,,Aggregated,0.500000,0.000000,9,14,18,23,37,45,62,95,2100,2100,2100,284,0,9,30.133523943552806,5.342799995560199,2091.01340000052,7813.852112676056
1782376446,2,,Aggregated,0.500000,0.000000,9,14,18,23,37,45,62,95,2100,2100,2100,284,0,9,30.133523943552806,5.342799995560199,2091.01340000052,7813.852112676056
1782376447,2,,Aggregated,0.600000,0.000000,9,14,18,23,37,45,62,95,2100,2100,2100,285,0,9,30.052502456033324,5.342799995560199,2091.01340000052,7807.014035087719
1782376448,2,,Aggregated,0.600000,0.000000,9,14,18,23,37,45,62,95,2100,2100,2100,285,0,9,30.052502456033324,5.342799995560199,2091.01340000052,7807.014035087719
1782376449,2,,Aggregated,0.700000,0.000000,9,14,18,23,37,45,62,95,2100,2100,2100,286,0,9,29.993305244614124,5.342799995560199,2091.01340000052,7816.426573426574
1782376450,2,,Aggregated,0.600000,0.000000,9,14,18,23,37,45,62,95,2100,2100,2100,287,0,9,29.914168292536473,5.342799995560199,2091.01340000052,7809.6271777003485
1782376451,2,,Aggregated,0.600000,0.000000,9,14,18,23,37,45,62,95,2100,2100,2100,288,0,9,29.93438993043027,5.342799995560199,2091.01340000052,7818.965277777777
1782376452,2,,Aggregated,0.600000,0.000000,9,14,18,23,37,45,62,95,2100,2100,2100,288,0,9,29.93438993043027,5.342799995560199,2091.01340000052,7818.965277777777
1782376453,2,,Aggregated,0.600000,0.000000,9,14,18,23,37,45,62,95,2100,2100,2100,288,0,9,29.93438993043027,5.342799995560199,2091.01340000052,7818.965277777777
1782376454,2,,Aggregated,0.700000,0.000000,9,14,18,23,37,45,62,95,2100,2100,2100,289,0,9,29.854705882203124,5.342799995560199,2091.01340000052,7809.512110726643
1782376455,2,,Aggregated,0.700000,0.000000,9,14,18,23,37,45,62,95,2100,2100,2100,290,0,9,29.798113792966088,5.342799995560199,2091.01340000052,7818.786206896551
1782376456,2,,Aggregated,0.700000,0.000000,9,14,18,23,37,45,62,95,2100,2100,2100,290,0,9,29.798113792966088,5.342799995560199,2091.01340000052,7818.786206896551
1782376457,2,,Aggregated,0.700000,0.000000,9,14,18,23,37,45,62,95,2100,2100,2100,290,0,9,29.798113792966088,5.342799995560199,2091.01340000052,7818.786206896551
1782376458,2,,Aggregated,0.600000,0.000000,9,14,18,23,37,45,62,95,2100,2100,2100,291,0,9,29.839850171707983,5.342799995560199,2091.01340000052,7827.996563573884
1782376459,2,,Aggregated,0.600000,0.000000,9,14,18,23,37,45,62,95,2100,2100,2100,292,0,9,29.78243082179688,5.342799995560199,2091.01340000052,7837.143835616438
1782376460,2,,Aggregated,0.600000,0.000000,9,14,18,23,37,45,62,95,2100,2100,2100,292,0,9,29.78243082179688,5.342799995560199,2091.01340000052,7837.143835616438
1782376461,2,,Aggregated,0.600000,0.000000,9,14,18,23,37,45,62,95,2100,2100,2100,292,0,9,29.78243082179688,5.342799995560199,2091.01340000052,7837.143835616438
1782376462,2,,Aggregated,0.600000,0.000000,9,14,18,23,37,45,62,95,2100,2100,2100,293,0,9,29.722657679054098,5.342799995560199,2091.01340000052,7846.22866894198
1782376463,2,,Aggregated,0.600000,0.000000,9,14,18,23,37,45,62,95,2100,2100,2100,294,0,9,29.675884693763994,5.342799995560199,2091.01340000052,7855.251700680272
1782376464,2,,Aggregated,0.600000,0.000000,9,14,18,23,37,45,62,95,2100,2100,2100,294,0,9,29.675884693763994,5.342799995560199,2091.01340000052,7855.251700680272
1782376465,2,,Aggregated,0.600000,0.000000,9,14,18,23,37,45,62,95,2100,2100,2100,294,0,9,29.675884693763994,5.342799995560199,2091.01340000052,7855.251700680272
1782376466,2,,Aggregated,0.600000,0.000000,9,14,18,23,37,45,62,95,2100,2100,2100,294,0,9,29.675884693763994,5.342799995560199,2091.01340000052,7855.251700680272
1782376467,2,,Aggregated,0.400000,0.000000,9,14,18,23,37,45,62,95,2100,2100,2100,296,0,9,29.51893175668374,5.342799995560199,2091.01340000052,7839.175675675676
1782376468,2,,Aggregated,0.400000,0.000000,9,14,18,23,37,45,62,95,2100,2100,2100,296,0,9,29.51893175668374,5.342799995560199,2091.01340000052,7839.175675675676
1782376469,2,,Aggregated,0.400000,0.000000,9,14,18,23,37,45,62,95,2100,2100,2100,296,0,9,29.51893175668374,5.342799995560199,2091.01340000052,7839.175675675676
1782376470,2,,Aggregated,0.600000,0.000000,9,14,18,23,37,45,62,95,2100,2100,2100,297,0,9,29.53661414135133,5.342799995560199,2091.01340000052,7848.131313131313
1782376471,2,,Aggregated,0.400000,0.000000,9,14,18,23,37,45,62,95,2100,2100,2100,298,0,9,29.46594899324755,5.342799995560199,2091.01340000052,7841.476510067114
1782376472,2,,Aggregated,0.400000,0.000000,9,14,18,23,37,45,62,95,2100,2100,2100,298,0,9,29.46594899324755,5.342799995560199,2091.01340000052,7841.476510067114
1782376473,2,,Aggregated,0.400000,0.000000,9,14,18,23,37,45,62,95,2100,2100,2100,299,0,9,29.452859531709596,5.342799995560199,2091.01340000052,7850.364548494983
1782376474,2,,Aggregated,0.400000,0.000000,9,14,18,23,37,45,62,95,2100,2100,2100,299,0,9,29.452859531709596,5.342799995560199,2091.01340000052,7850.364548494983
1782376475,2,,Aggregated,0.500000,0.000000,9,14,18,23,37,45,62,95,2100,2100,2100,300,0,9,29.37376166659912,5.342799995560199,2091.01340000052,7843.746666666667
1782376476,2,,Aggregated,0.500000,0.000000,9,14,18,23,37,43,60,76,2100,2100,2100,301,0,9,29.299508637815954,5.342799995560199,2091.01340000052,7837.172757475083
1782376477,2,,Aggregated,0.500000,0.000000,9,14,18,23,37,43,60,76,2100,2100,2100,301,0,9,29.299508637815954,5.342799995560199,2091.01340000052,7837.172757475083
1782376478,2,,Aggregated,0.700000,0.000000,9,14,18,23,37,43,60,76,2100,2100,2100,303,0,9,29.2592310230824,5.342799995560199,2091.01340000052,7836.881188118812
1782376479,2,,Aggregated,0.700000,0.000000,9,14,18,23,37,43,60,76,2100,2100,2100,303,0,9,29.2592310230824,5.342799995560199,2091.01340000052,7836.881188118812
1782376480,2,,Aggregated,0.600000,0.000000,9,14,18,23,37,43,60,76,2100,2100,2100,304,0,9,29.18103618417502,5.342799995560199,2091.01340000052,7830.394736842105
1782376481,2,,Aggregated,0.700000,0.000000,9,14,18,23,37,43,60,76,2100,2100,2100,305,0,9,29.135680000000008,5.342799995560199,2091.01340000052,7839.144262295082
1782376482,2,,Aggregated,0.700000,0.000000,9,14,18,23,37,43,60,76,2100,2100,2100,305,0,9,29.135680000000008,5.342799995560199,2091.01340000052,7839.144262295082
1782376483,2,,Aggregated,0.700000,0.000000,9,14,18,23,37,43,60,76,2100,2100,2100,305,0,9,29.135680000000008,5.342799995560199,2091.01340000052,7839.144262295082
1782376484,2,,Aggregated,0.700000,0.000000,9,14,18,23,37,43,60,76,2100,2100,2100,306,0,9,29.144911437945552,5.342799995560199,2091.01340000052,7847.83660130719
1782376485,2,,Aggregated,0.700000,0.000000,9,14,18,23,37,43,60,76,2100,2100,2100,307,0,9,29.09055244304044,5.342799995560199,2091.01340000052,7856.472312703583
1782376486,2,,Aggregated,0.700000,0.000000,9,14,18,23,37,43,60,76,2100,2100,2100,307,0,9,29.09055244304044,5.342799995560199,2091.01340000052,7856.472312703583
1782376487,2,,Aggregated,0.700000,0.000000,9,14,18,23,37,43,60,76,2100,2100,2100,307,0,9,29.09055244304044,5.342799995560199,2091.01340000052,7856.472312703583
1782376488,2,,Aggregated,0.700000,0.000000,9,14,18,23,37,43,60,76,2100,2100,2100,307,0,9,29.09055244304044,5.342799995560199,2091.01340000052,7856.472312703583
1782376489,2,,Aggregated,0.600000,0.000000,9,14,18,24,37,43,60,76,2100,2100,2100,309,0,9,29.00656763756946,5.342799995560199,2091.01340000052,7858.57928802589
1782376490,2,,Aggregated,0.600000,0.000000,9,14,18,24,37,43,60,76,2100,2100,2100,309,0,9,29.00656763756946,5.342799995560199,2091.01340000052,7858.57928802589
1782376491,2,,Aggregated,0.600000,0.000000,9,14,18,24,37,43,60,76,2100,2100,2100,309,0,9,29.00656763756946,5.342799995560199,2091.01340000052,7858.57928802589
1782376492,2,,Aggregated,0.600000,0.000000,9,14,18,26,37,43,60,76,2100,2100,2100,310,0,9,29.000342258058804,5.342799995560199,2091.01340000052,7867.096774193548
1782376493,2,,Aggregated,0.600000,0.000000,9,14,18,26,37,43,60,76,2100,2100,2100,310,0,9,29.000342258058804,5.342799995560199,2091.01340000052,7867.096774193548
1782376494,2,,Aggregated,0.500000,0.000000,9,14,18,26,37,43,60,76,2100,2100,2100,311,0,9,28.997863987110737,5.342799995560199,2091.01340000052,7875.559485530546
1782376495,2,,Aggregated,0.500000,0.000000,9,14,18,26,37,43,60,76,2100,2100,2100,311,0,9,28.997863987110737,5.342799995560199,2091.01340000052,7875.559485530546
1782376496,2,,Aggregated,0.600000,0.000000,9,14,18,26,37,43,60,76,2100,2100,2100,313,0,9,28.84931725236184,5.342799995560199,2091.01340000052,7862.712460063898
1782376497,2,,Aggregated,0.600000,0.000000,9,14,18,26,37,43,60,76,2100,2100,2100,313,0,9,28.84931725236184,5.342799995560199,2091.01340000052,7862.712460063898
1782376498,2,,Aggregated,0.600000,0.000000,9,14,18,26,37,43,60,76,2100,2100,2100,313,0,9,28.84931725236184,5.342799995560199,2091.01340000052,7862.712460063898
1782376499,2,,Aggregated,0.600000,0.000000,9,14,18,26,37,43,60,76,2100,2100,2100,313,0,9,28.84931725236184,5.342799995560199,2091.01340000052,7862.712460063898
1782376500,2,,Aggregated,0.600000,0.000000,9,14,18,26,37,43,60,76,2100,2100,2100,315,0,9,28.7102536507605,5.342799995560199,2091.01340000052,7850.028571428571
1782376501,2,,Aggregated,0.600000,0.000000,9,14,18,26,37,43,60,76,2100,2100,2100,315,0,9,28.7102536507605,5.342799995560199,2091.01340000052,7850.028571428571
1782376502,2,,Aggregated,0.600000,0.000000,9,14,18,26,37,43,60,76,2100,2100,2100,315,0,9,28.7102536507605,5.342799995560199,2091.01340000052,7850.028571428571
1782376503,2,,Aggregated,0.600000,0.000000,9,14,18,26,37,43,60,76,2100,2100,2100,315,0,9,28.7102536507605,5.342799995560199,2091.01340000052,7850.028571428571
1782376504,2,,Aggregated,0.600000,0.000000,9,14,18,26,37,43,60,76,2100,2100,2100,316,0,9,28.75658955691748,5.342799995560199,2091.01340000052,7858.411392405063
1782376505,2,,Aggregated,0.500000,0.000000,9,14,18,26,37,43,60,76,2100,2100,2100,317,0,9,28.68747760249597,5.342799995560199,2091.01340000052,7849.668769716089
1782376506,2,,Aggregated,0.500000,0.000000,9,14,18,26,37,43,60,76,2100,2100,2100,317,0,9,28.68747760249597,5.342799995560199,2091.01340000052,7849.668769716089
1782376507,2,,Aggregated,0.500000,0.000000,9,14,18,26,37,43,60,76,2100,2100,2100,318,0,9,28.63966918235781,5.342799995560199,2091.01340000052,7858.0
1782376508,2,,Aggregated,0.500000,0.000000,9,14,18,26,37,43,60,76,2100,2100,2100,318,0,9,28.63966918235781,5.342799995560199,2091.01340000052,7858.0
1782376509,2,,Aggregated,0.400000,0.000000,9,14,18,26,37,43,60,76,2100,2100,2100,319,0,9,28.57258369903289,5.342799995560199,2091.01340000052,7849.313479623825
1782376510,2,,Aggregated,0.500000,0.000000,9,14,18,26,37,43,60,76,2100,2100,2100,320,0,9,28.505852812440935,5.342799995560199,2091.01340000052,7840.68125
1782376511,2,,Aggregated,0.500000,0.000000,9,14,18,26,37,43,60,76,2100,2100,2100,321,0,9,28.52655109027154,5.342799995560199,2091.01340000052,7848.9626168224295
1782376512,2,,Aggregated,0.500000,0.000000,9,14,18,26,37,43,60,76,2100,2100,2100,321,0,9,28.52655109027154,5.342799995560199,2091.01340000052,7848.9626168224295
1782376513,2,,Aggregated,0.500000,0.000000,9,14,18,26,37,43,60,76,2100,2100,2100,321,0,9,28.52655109027154,5.342799995560199,2091.01340000052,7848.9626168224295
1782376514,2,,Aggregated,0.600000,0.000000,9,14,18,26,37,43,60,76,2100,2100,2100,322,0,9,28.45725714276409,5.342799995560199,2091.01340000052,7842.801242236025
1782376516,2,,Aggregated,0.600000,0.000000,9,14,18,26,37,43,60,76,2100,2100,2100,323,0,9,28.403730340503465,5.342799995560199,2091.01340000052,7851.024767801858
1782376517,2,,Aggregated,0.600000,0.000000,9,14,18,26,37,43,60,76,2100,2100,2100,323,0,9,28.403730340503465,5.342799995560199,2091.01340000052,7851.024767801858
1782376518,2,,Aggregated,0.600000,0.000000,9,14,18,26,37,43,60,76,2100,2100,2100,324,0,9,28.335316357967073,5.342799995560199,2091.01340000052,7844.895061728395
1782376519,2,,Aggregated,0.600000,0.000000,9,14,18,26,37,43,60,76,2100,2100,2100,324,0,9,28.335316357967073,5.342799995560199,2091.01340000052,7844.895061728395
1782376520,2,,Aggregated,0.600000,0.000000,9,14,18,26,37,43,60,76,2100,2100,2100,325,0,9,28.271227384550283,5.342799995560199,2091.01340000052,7838.803076923077
1782376521,2,,Aggregated,0.600000,0.000000,9,14,18,26,37,43,60,76,2100,2100,2100,325,0,9,28.271227384550283,5.342799995560199,2091.01340000052,7838.803076923077
1782376522,2,,Aggregated,0.600000,0.000000,9,14,18,24,37,43,60,76,2100,2100,2100,326,0,9,28.201985582746808,5.342799995560199,2091.01340000052,7832.748466257669
1782376523,2,,Aggregated,0.600000,0.000000,9,14,18,26,37,43,60,76,2100,2100,2100,327,0,9,28.278524464732165,5.342799995560199,2091.01340000052,7840.9021406727825
1782376524,2,,Aggregated,0.600000,0.000000,9,14,18,26,37,43,60,76,2100,2100,2100,327,0,9,28.278524464732165,5.342799995560199,2091.01340000052,7840.9021406727825
1782376525,2,,Aggregated,0.500000,0.000000,9,14,18,26,37,43,60,76,2100,2100,2100,328,0,9,28.21050762186798,5.342799995560199,2091.01340000052,7834.878048780488
1782376526,2,,Aggregated,0.500000,0.000000,9,14,18,26,37,43,60,76,2100,2100,2100,328,0,9,28.21050762186798,5.342799995560199,2091.01340000052,7834.878048780488
1782376527,2,,Aggregated,0.600000,0.000000,9,14,18,26,37,43,60,76,2100,2100,2100,329,0,9,28.163139209638516,5.342799995560199,2091.01340000052,7842.975683890578
1782376528,2,,Aggregated,0.600000,0.000000,9,14,18,26,37,43,60,76,2100,2100,2100,330,0,9,28.134611818126302,5.342799995560199,2091.01340000052,7851.024242424242
1782376529,2,,Aggregated,0.600000,0.000000,9,14,18,26,37,43,60,76,2100,2100,2100,330,0,9,28.134611818126302,5.342799995560199,2091.01340000052,7851.024242424242
1782376530,2,,Aggregated,0.600000,0.000000,9,14,18,26,37,43,60,76,2100,2100,2100,330,0,9,28.134611818126302,5.342799995560199,2091.01340000052,7851.024242424242
1782376531,2,,Aggregated,0.600000,0.000000,9,14,18,25,37,43,60,76,2100,2100,2100,332,0,9,28.073397289112307,5.342799995560199,2091.01340000052,7866.975903614458
1782376532,2,,Aggregated,0.600000,0.000000,9,14,18,25,37,43,60,76,2100,2100,2100,332,0,9,28.073397289112307,5.342799995560199,2091.01340000052,7866.975903614458
1782376533,2,,Aggregated,0.600000,0.000000,9,14,18,25,37,43,60,76,2100,2100,2100,332,0,9,28.073397289112307,5.342799995560199,2091.01340000052,7866.975903614458
1782376534,2,,Aggregated,0.600000,0.000000,9,14,18,25,37,43,60,76,2100,2100,2100,333,0,9,28.05068528521058,5.342799995560199,2091.01340000052,7874.87987987988
1782376535,2,,Aggregated,0.600000,0.000000,9,14,18,25,37,43,60,76,2100,2100,2100,334,0,9,27.986588323264716,5.342799995560199,2091.01340000052,7868.862275449102
1782376536,2,,Aggregated,0.600000,0.000000,9,14,18,25,37,43,60,76,2100,2100,2100,334,0,9,27.986588323264716,5.342799995560199,2091.01340000052,7868.862275449102
1782376537,2,,Aggregated,0.600000,0.000000,9,14,18,25,37,43,60,76,2100,2100,2100,335,0,9,27.92029283574171,5.342799995560199,2091.01340000052,7862.880597014925
1782376538,2,,Aggregated,0.600000,0.000000,9,14,18,24,37,43,60,76,2100,2100,2100,336,0,9,27.854664880881803,5.342799995560199,2091.01340000052,7856.934523809524
1782376539,2,,Aggregated,0.600000,0.000000,9,14,18,24,37,43,60,76,2100,2100,2100,336,0,9,27.854664880881803,5.342799995560199,2091.01340000052,7856.934523809524
1782376540,2,,Aggregated,0.600000,0.000000,9,14,18,24,37,43,60,76,2100,2100,2100,336,0,9,27.854664880881803,5.342799995560199,2091.01340000052,7856.934523809524
1782376541,2,,Aggregated,0.600000,0.000000,9,14,18,24,37,43,60,76,2100,2100,2100,337,0,9,27.792038278894648,5.342799995560199,2091.01340000052,7851.023738872404
1782376542,2,,Aggregated,0.600000,0.000000,9,14,18,24,37,43,60,76,2100,2100,2100,338,0,9,27.729584319479475,5.342799995560199,2091.01340000052,7842.846153846154
1782376543,2,,Aggregated,0.600000,0.000000,9,14,18,24,37,43,60,76,2100,2100,2100,338,0,9,27.729584319479475,5.342799995560199,2091.01340000052,7842.846153846154
1782376544,2,,Aggregated,0.500000,0.000000,9,14,18,25,37,45,60,76,2100,2100,2100,339,0,9,27.779586725601458,5.342799995560199,2091.01340000052,7850.6814159292035
1782376545,2,,Aggregated,0.500000,0.000000,9,14,18,25,37,45,60,76,2100,2100,2100,339,0,9,27.779586725601458,5.342799995560199,2091.01340000052,7850.6814159292035
1782376546,2,,Aggregated,0.600000,0.000000,9,14,18,25,37,45,60,76,2100,2100,2100,340,0,9,27.720999411694184,5.342799995560199,2091.01340000052,7842.552941176471
1782376547,2,,Aggregated,0.600000,0.000000,9,14,18,25,37,45,60,76,2100,2100,2100,340,0,9,27.720999411694184,5.342799995560199,2091.01340000052,7842.552941176471
1782376548,2,,Aggregated,0.500000,0.000000,9,14,18,24,37,43,60,76,2100,2100,2100,341,0,9,27.65686363627031,5.342799995560199,2091.01340000052,7836.75366568915
1782376549,2,,Aggregated,0.500000,0.000000,9,14,18,24,37,43,60,76,2100,2100,2100,341,0,9,27.65686363627031,5.342799995560199,2091.01340000052,7836.75366568915
1782376550,2,,Aggregated,0.400000,0.000000,9,14,18,24,37,43,60,76,2100,2100,2100,342,0,9,27.594425438509095,5.342799995560199,2091.01340000052,7830.988304093567
1782376551,2,,Aggregated,0.400000,0.000000,9,14,18,24,37,43,60,76,2100,2100,2100,343,0,9,27.53213236142193,5.342799995560199,2091.01340000052,7825.2565597667635
1782376552,2,,Aggregated,0.400000,0.000000,9,14,18,24,37,43,60,76,2100,2100,2100,343,0,9,27.53213236142193,5.342799995560199,2091.01340000052,7825.2565597667635
1782376553,2,,Aggregated,0.500000,0.000000,9,14,18,24,37,43,60,76,2100,2100,2100,344,0,9,27.479253197588,5.342799995560199,2091.01340000052,7819.558139534884
1782376554,2,,Aggregated,0.500000,0.000000,9,14,18,25,37,45,60,76,2100,2100,2100,345,0,9,27.557700869468704,5.342799995560199,2091.01340000052,7827.324637681159
1782376555,2,,Aggregated,0.500000,0.000000,9,14,18,25,37,45,60,76,2100,2100,2100,345,0,9,27.557700869468704,5.342799995560199,2091.01340000052,7827.324637681159
1782376556,2,,Aggregated,0.500000,0.000000,9,14,18,24,37,45,60,76,2100,2100,2100,346,0,9,27.496721387172595,5.342799995560199,2091.01340000052,7819.404624277457
1782376557,2,,Aggregated,0.500000,0.000000,9,14,18,24,37,45,60,76,2100,2100,2100,347,0,9,27.460971181436914,5.342799995560199,2091.01340000052,7827.126801152738
1782376558,2,,Aggregated,0.500000,0.000000,9,14,18,24,37,45,60,76,2100,2100,2100,347,0,9,27.460971181436914,5.342799995560199,2091.01340000052,7827.126801152738
1782376559,2,,Aggregated,0.600000,0.000000,9,14,18,24,37,45,60,76,2100,2100,2100,348,0,9,27.39759109179682,5.342799995560199,2091.01340000052,7819.252873563219
1782376560,2,,Aggregated,0.600000,0.000000,9,14,18,24,37,45,60,76,2100,2100,2100,348,0,9,27.39759109179682,5.342799995560199,2091.01340000052,7819.252873563219
1782376561,2,,Aggregated,0.700000,0.000000,9,14,18,24,37,45,60,76,2100,2100,2100,349,0,9,27.335684813592746,5.342799995560199,2091.01340000052,7811.4240687679085
1782376562,2,,Aggregated,0.700000,0.000000,9,14,18,24,37,45,60,76,2100,2100,2100,349,0,9,27.335684813592746,5.342799995560199,2091.01340000052,7811.4240687679085
1782376563,2,,Aggregated,0.600000,0.000000,9,14,18,24,37,45,60,76,2100,2100,2100,350,0,9,27.278413714125886,5.342799995560199,2091.01340000052,7803.64
1782376564,2,,Aggregated,0.600000,0.000000,9,14,18,23,37,45,58,76,2100,2100,2100,351,0,9,27.219837036848126,5.342799995560199,2091.01340000052,7798.116809116809
1782376565,2,,Aggregated,0.600000,0.000000,9,14,18,23,37,45,58,76,2100,2100,2100,351,0,9,27.219837036848126,5.342799995560199,2091.01340000052,7798.116809116809
1782376566,2,,Aggregated,0.700000,0.000000,9,14,18,24,37,45,58,76,2100,2100,2100,352,0,9,27.238931249815902,5.342799995560199,2091.01340000052,7805.789772727273
1782376567,2,,Aggregated,0.700000,0.000000,9,14,18,24,37,45,58,76,2100,2100,2100,353,0,9,27.20141614715222,5.342799995560199,2091.01340000052,7813.41926345609
1782376568,2,,Aggregated,0.600000,0.000000,9,14,18,25,37,45,58,76,2100,2100,2100,354,0,9,27.19411468911077,5.342799995560199,2091.01340000052,7821.005649717514
1782376569,2,,Aggregated,0.600000,0.000000,9,14,18,25,37,45,58,76,2100,2100,2100,354,0,9,27.19411468911077,5.342799995560199,2091.01340000052,7821.005649717514
1782376570,2,,Aggregated,0.600000,0.000000,9,14,18,25,37,45,58,76,2100,2100,2100,355,0,9,27.162304506874907,5.342799995560199,2091.01340000052,7828.549295774648
1782376571,2,,Aggregated,0.600000,0.000000,9,14,18,25,37,45,58,76,2100,2100,2100,355,0,9,27.162304506874907,5.342799995560199,2091.01340000052,7828.549295774648
1782376572,2,,Aggregated,0.600000,0.000000,9,14,18,24,37,45,58,76,2100,2100,2100,356,0,9,27.104740449267616,5.342799995560199,2091.01340000052,7820.848314606742
1782376573,2,,Aggregated,0.700000,0.000000,9,14,18,24,37,45,58,76,2100,2100,2100,357,0,9,27.048395518053724,5.342799995560199,2091.01340000052,7813.190476190476
1782376574,2,,Aggregated,0.700000,0.000000,9,14,18,24,37,45,58,76,2100,2100,2100,358,0,9,26.991908100435925,5.342799995560199,2091.01340000052,7807.748603351955
1782376575,2,,Aggregated,0.700000,0.000000,9,14,18,24,37,45,58,76,2100,2100,2100,358,0,9,26.991908100435925,5.342799995560199,2091.01340000052,7807.748603351955
1782376576,2,,Aggregated,0.800000,0.000000,9,14,18,25,37,45,58,76,2100,2100,2100,359,0,9,27.022503063953053,5.342799995560199,2091.01340000052,7815.2451253481895
1782376577,2,,Aggregated,0.800000,0.000000,9,14,18,25,37,45,58,76,2100,2100,2100,359,0,9,27.022503063953053,5.342799995560199,2091.01340000052,7815.2451253481895
1782376578,2,,Aggregated,0.800000,0.000000,9,14,18,25,37,45,58,76,2100,2100,2100,360,0,9,26.97973722214455,5.342799995560199,2091.01340000052,7822.7
1782376579,2,,Aggregated,0.800000,0.000000,9,14,18,25,37,45,58,76,2100,2100,2100,360,0,9,26.97973722214455,5.342799995560199,2091.01340000052,7822.7
1782376580,2,,Aggregated,0.600000,0.000000,9,14,18,24,37,43,58,76,2100,2100,2100,361,0,9,26.922191966654296,5.342799995560199,2091.01340000052,7817.27700831025
1782376581,2,,Aggregated,0.600000,0.000000,9,14,18,24,37,43,58,76,2100,2100,2100,361,0,9,26.922191966654296,5.342799995560199,2091.01340000052,7817.27700831025
1782376582,2,,Aggregated,0.600000,0.000000,9,14,18,25,37,43,58,76,2100,2100,2100,362,0,9,26.96450635347353,5.342799995560199,2091.01340000052,7824.685082872928
1782376583,2,,Aggregated,0.600000,0.000000,9,14,18,25,37,43,58,76,2100,2100,2100,362,0,9,26.96450635347353,5.342799995560199,2091.01340000052,7824.685082872928
1782376584,2,,Aggregated,0.600000,0.000000,9,14,18,25,38,43,58,76,2100,2100,2100,363,0,9,26.99364407702231,5.342799995560199,2091.01340000052,7832.052341597796
1782376585,2,,Aggregated,0.500000,0.000000,9,14,18,25,38,43,58,76,2100,2100,2100,364,0,9,26.938001922954445,5.342799995560199,2091.01340000052,7824.510989010989
1782376586,2,,Aggregated,0.500000,0.000000,9,14,18,25,38,43,58,76,2100,2100,2100,364,0,9,26.938001922954445,5.342799995560199,2091.01340000052,7824.510989010989
1782376587,2,,Aggregated,0.500000,0.000000,9,14,18,25,38,43,58,76,2100,2100,2100,365,0,9,26.884031232744647,5.342799995560199,2091.01340000052,7817.010958904109
1782376588,2,,Aggregated,0.500000,0.000000,9,14,18,25,38,43,58,76,2100,2100,2100,365,0,9,26.884031232744647,5.342799995560199,2091.01340000052,7817.010958904109
1782376589,2,,Aggregated,0.500000,0.000000,9,14,18,25,38,43,58,76,2100,2100,2100,365,0,9,26.884031232744647,5.342799995560199,2091.01340000052,7817.010958904109
1782376590,2,,Aggregated,0.500000,0.000000,9,14,18,25,38,45,58,76,2100,2100,2100,367,0,9,26.90821498624818,5.342799995560199,2091.01340000052,7831.626702997275
1782376591,2,,Aggregated,0.500000,0.000000,9,14,18,25,38,45,58,76,2100,2100,2100,367,0,9,26.90821498624818,5.342799995560199,2091.01340000052,7831.626702997275
1782376592,2,,Aggregated,0.500000,0.000000,9,14,18,25,38,45,58,76,2100,2100,2100,368,0,9,26.866708423767705,5.342799995560199,2091.01340000052,7838.875
1782376593,2,,Aggregated,0.500000,0.000000,9,14,18,25,38,45,58,76,2100,2100,2100,368,0,9,26.866708423767705,5.342799995560199,2091.01340000052,7838.875
1782376594,2,,Aggregated,0.600000,0.000000,9,14,18,25,38,45,58,76,2100,2100,2100,369,0,9,26.826739024241874,5.342799995560199,2091.01340000052,7846.084010840108
1782376595,2,,Aggregated,0.600000,0.000000,9,14,18,25,38,45,58,76,2100,2100,2100,369,0,9,26.826739024241874,5.342799995560199,2091.01340000052,7846.084010840108
1782376596,2,,Aggregated,0.600000,0.000000,9,14,18,26,38,45,58,76,2100,2100,2100,370,0,9,26.835873243092195,5.342799995560199,2091.01340000052,7853.254054054054
1782376597,2,,Aggregated,0.600000,0.000000,9,14,18,26,38,45,58,76,2100,2100,2100,370,0,9,26.835873243092195,5.342799995560199,2091.01340000052,7853.254054054054
1782376598,2,,Aggregated,0.600000,0.000000,9,14,18,25,38,45,58,76,2100,2100,2100,371,0,9,26.808764150774426,5.342799995560199,2091.01340000052,7860.385444743935
1782376599,2,,Aggregated,0.600000,0.000000,9,14,18,25,38,45,58,76,2100,2100,2100,371,0,9,26.808764150774426,5.342799995560199,2091.01340000052,7860.385444743935
1782376600,2,,Aggregated,0.600000,0.000000,9,14,18,25,38,45,58,76,2100,2100,2100,371,0,9,26.808764150774426,5.342799995560199,2091.01340000052,7860.385444743935
1782376601,2,,Aggregated,0.500000,0.000000,9,14,18,25,38,45,58,76,2100,2100,2100,372,0,9,26.77636532243141,5.342799995560199,2091.01340000052,7867.478494623656
1782376602,2,,Aggregated,0.500000,0.000000,9,14,18,25,38,45,58,76,2100,2100,2100,372,0,9,26.77636532243141,5.342799995560199,2091.01340000052,7867.478494623656
1782376603,2,,Aggregated,0.500000,0.000000,9,14,18,26,38,45,58,76,2100,2100,2100,373,0,9,26.83040589799832,5.342799995560199,2091.01340000052,7874.533512064343
1782376604,2,,Aggregated,0.400000,0.000000,9,14,18,26,38,45,58,76,2100,2100,2100,374,0,9,26.801479679039296,5.342799995560199,2091.01340000052,7881.550802139038
1782376605,2,,Aggregated,0.400000,0.000000,9,14,18,26,38,45,58,76,2100,2100,2100,374,0,9,26.801479679039296,5.342799995560199,2091.01340000052,7881.550802139038
1782376606,2,,Aggregated,0.400000,0.000000,9,14,18,26,38,45,58,76,2100,2100,2100,375,0,9,26.750222933207016,5.342799995560199,2091.01340000052,7876.173333333333
1782376607,2,,Aggregated,0.500000,0.000000,9,14,18,25,38,45,58,76,2100,2100,2100,376,0,9,26.700636436021824,5.342799995560199,2091.01340000052,7870.824468085107
1782376608,2,,Aggregated,0.500000,0.000000,9,14,18,26,38,45,60,82,2100,2100,2100,377,0,9,26.84677082215206,5.342799995560199,2091.01340000052,7877.79575596817
1782376609,2,,Aggregated,0.500000,0.000000,9,14,18,26,38,45,60,82,2100,2100,2100,377,0,9,26.84677082215206,5.342799995560199,2091.01340000052,7877.79575596817
1782376610,2,,Aggregated,0.500000,0.000000,9,14,18,26,38,45,60,82,2100,2100,2100,377,0,9,26.84677082215206,5.342799995560199,2091.01340000052,7877.79575596817
1782376611,2,,Aggregated,0.600000,0.000000,9,14,19,26,38,45,60,82,2100,2100,2100,379,0,9,26.776331398309893,5.342799995560199,2091.01340000052,7879.401055408971
1782376612,2,,Aggregated,0.600000,0.000000,9,14,19,26,38,45,60,82,2100,2100,2100,379,0,9,26.776331398309893,5.342799995560199,2091.01340000052,7879.401055408971
1782376613,2,,Aggregated,0.600000,0.000000,9,14,19,26,38,45,60,82,2100,2100,2100,379,0,9,26.776331398309893,5.342799995560199,2091.01340000052,7879.401055408971
1782376614,2,,Aggregated,0.600000,0.000000,9,14,19,26,38,45,60,82,2100,2100,2100,379,0,9,26.776331398309893,5.342799995560199,2091.01340000052,7879.401055408971
1782376615,2,,Aggregated,0.700000,0.000000,9,14,19,26,38,45,60,82,2100,2100,2100,380,0,9,26.72381842092268,5.342799995560199,2091.01340000052,7874.1
1782376616,2,,Aggregated,0.700000,0.000000,9,14,18,25,38,45,60,82,2100,2100,2100,381,0,9,26.67140708651132,5.342799995560199,2091.01340000052,7868.826771653543
1782376617,2,,Aggregated,0.700000,0.000000,9,14,18,25,38,45,60,82,2100,2100,2100,381,0,9,26.67140708651132,5.342799995560199,2091.01340000052,7868.826771653543
1782376618,2,,Aggregated,0.700000,0.000000,9,14,18,25,38,45,60,82,2100,2100,2100,381,0,9,26.67140708651132,5.342799995560199,2091.01340000052,7868.826771653543
1782376619,2,,Aggregated,0.700000,0.000000,9,14,18,25,38,45,60,82,2100,2100,2100,381,0,9,26.67140708651132,5.342799995560199,2091.01340000052,7868.826771653543
1782376620,2,,Aggregated,0.600000,0.000000,9,14,18,25,38,45,60,82,2100,2100,2100,383,0,9,26.56126840722622,5.342799995560199,2091.01340000052,7858.362924281984
1782376621,2,,Aggregated,0.600000,0.000000,9,14,18,25,38,45,60,82,2100,2100,2100,383,0,9,26.56126840722622,5.342799995560199,2091.01340000052,7858.362924281984
1782376622,2,,Aggregated,0.600000,0.000000,9,14,19,26,38,45,60,82,2100,2100,2100,384,0,9,26.602107291561577,5.342799995560199,2091.01340000052,7865.239583333333
1782376623,2,,Aggregated,0.600000,0.000000,9,14,18,26,38,45,60,82,2100,2100,2100,385,0,9,26.576159480436065,5.342799995560199,2091.01340000052,7872.08051948052
1782376624,2,,Aggregated,0.600000,0.000000,9,14,18,26,38,45,60,82,2100,2100,2100,385,0,9,26.576159480436065,5.342799995560199,2091.01340000052,7872.08051948052
1782376625,2,,Aggregated,0.600000,0.000000,9,14,18,26,38,45,60,82,2100,2100,2100,385,0,9,26.576159480436065,5.342799995560199,2091.01340000052,7872.08051948052
1782376626,2,,Aggregated,0.600000,0.000000,9,14,18,25,38,45,60,82,2100,2100,2100,387,0,9,26.4899082686716,5.342799995560199,2091.01340000052,7873.6821705426355
1782376627,2,,Aggregated,0.600000,0.000000,9,14,18,25,38,45,60,82,2100,2100,2100,387,0,9,26.4899082686716,5.342799995560199,2091.01340000052,7873.6821705426355
1782376628,2,,Aggregated,0.600000,0.000000,9,14,18,25,38,45,60,82,2100,2100,2100,387,0,9,26.4899082686716,5.342799995560199,2091.01340000052,7873.6821705426355
1782376629,2,,Aggregated,0.600000,0.000000,9,14,18,25,38,45,60,82,2100,2100,2100,387,0,9,26.4899082686716,5.342799995560199,2091.01340000052,7873.6821705426355
1782376630,2,,Aggregated,0.600000,0.000000,9,14,18,25,38,45,60,82,2100,2100,2100,389,0,9,26.382145758307956,5.2549000101862475,2091.01340000052,7863.354755784062
1782376631,2,,Aggregated,0.600000,0.000000,9,14,18,25,38,45,60,82,2100,2100,2100,389,0,9,26.382145758307956,5.2549000101862475,2091.01340000052,7863.354755784062
1782376632,2,,Aggregated,0.600000,0.000000,9,14,18,25,38,45,60,82,2100,2100,2100,389,0,9,26.382145758307956,5.2549000101862475,2091.01340000052,7863.354755784062
1782376633,2,,Aggregated,0.600000,0.000000,9,14,18,25,38,45,60,82,2100,2100,2100,389,0,9,26.382145758307956,5.2549000101862475,2091.01340000052,7863.354755784062
1782376634,2,,Aggregated,0.600000,0.000000,9,14,18,25,38,45,60,82,2100,2100,2100,390,0,9,26.330583333298982,5.2549000101862475,2091.01340000052,7856.235897435898
1782376635,2,,Aggregated,0.600000,0.000000,9,14,18,25,38,45,60,82,2100,2100,2100,391,0,9,26.278464450075738,5.2549000101862475,2091.01340000052,7851.143222506394
1782376636,2,,Aggregated,0.600000,0.000000,9,14,18,25,38,45,60,82,2100,2100,2100,391,0,9,26.278464450075738,5.2549000101862475,2091.01340000052,7851.143222506394
1782376637,2,,Aggregated,0.600000,0.000000,9,14,18,25,38,45,60,82,2100,2100,2100,391,0,9,26.278464450075738,5.2549000101862475,2091.01340000052,7851.143222506394
1782376638,2,,Aggregated,0.500000,0.000000,9,14,18,25,38,45,60,82,2100,2100,2100,393,0,9,26.219579134764132,5.2549000101862475,2091.01340000052,7852.826972010178
1782376639,2,,Aggregated,0.500000,0.000000,9,14,18,25,38,45,60,82,2100,2100,2100,393,0,9,26.219579134764132,5.2549000101862475,2091.01340000052,7852.826972010178
1782376640,2,,Aggregated,0.500000,0.000000,9,14,18,25,38,45,60,82,2100,2100,2100,393,0,9,26.219579134764132,5.2549000101862475,2091.01340000052,7852.826972010178
1782376641,2,,Aggregated,0.600000,0.000000,9,14,19,26,38,47,63,95,2100,2100,2100,395,0,9,26.609858480920202,5.2549000101862475,2091.01340000052,7866.225316455696
1782376642,2,,Aggregated,0.600000,0.000000,9,14,19,26,38,47,63,95,2100,2100,2100,395,0,9,26.609858480920202,5.2549000101862475,2091.01340000052,7866.225316455696
1782376643,2,,Aggregated,0.600000,0.000000,9,14,19,26,38,47,63,95,2100,2100,2100,395,0,9,26.609858480920202,5.2549000101862475,2091.01340000052,7866.225316455696
1782376644,2,,Aggregated,0.400000,0.000000,9,14,19,26,38,47,63,95,2100,2100,2100,396,0,9,26.638630050405887,5.2549000101862475,2091.01340000052,7872.873737373738
1782376645,2,,Aggregated,0.400000,0.000000,9,14,19,26,38,47,63,95,2100,2100,2100,396,0,9,26.638630050405887,5.2549000101862475,2091.01340000052,7872.873737373738
1782376646,2,,Aggregated,0.600000,0.000000,9,14,19,26,38,47,63,95,2100,2100,2100,398,0,9,26.534585929547386,5.2549000101862475,2091.01340000052,7862.78391959799
1782376647,2,,Aggregated,0.600000,0.000000,9,14,19,26,38,47,63,95,2100,2100,2100,398,0,9,26.534585929547386,5.2549000101862475,2091.01340000052,7862.78391959799
1782376648,2,,Aggregated,0.600000,0.000000,9,14,19,26,38,47,63,95,2100,2100,2100,398,0,9,26.534585929547386,5.2549000101862475,2091.01340000052,7862.78391959799
1782376649,2,,Aggregated,0.600000,0.000000,9,14,19,26,38,47,63,95,2100,2100,2100,398,0,9,26.534585929547386,5.2549000101862475,2091.01340000052,7862.78391959799
1782376650,2,,Aggregated,0.600000,0.000000,9,14,19,26,38,47,63,95,2100,2100,2100,399,0,9,26.5620338344943,5.2549000101862475,2091.01340000052,7869.390977443609
1782376651,2,,Aggregated,0.500000,0.000000,9,14,19,26,38,47,63,95,2100,2100,2100,400,0,9,26.529587249897304,5.2549000101862475,2091.01340000052,7875.965
1782376652,2,,Aggregated,0.500000,0.000000,9,14,19,26,38,47,63,95,2100,2100,2100,400,0,9,26.529587249897304,5.2549000101862475,2091.01340000052,7875.965
1782376653,2,,Aggregated,0.500000,0.000000,9,14,19,26,38,47,63,95,2100,2100,2100,400,0,9,26.529587249897304,5.2549000101862475,2091.01340000052,7875.965
1782376654,2,,Aggregated,0.500000,0.000000,9,14,19,26,38,45,62,82,2100,2100,2100,402,0,9,26.457461691447023,5.2549000101862475,2091.01340000052,7877.487562189055
1782376655,2,,Aggregated,0.500000,0.000000,9,14,19,26,38,45,62,82,2100,2100,2100,402,0,9,26.457461691447023,5.2549000101862475,2091.01340000052,7877.487562189055
1782376656,2,,Aggregated,0.500000,0.000000,9,14,19,26,38,45,62,82,2100,2100,2100,402,0,9,26.457461691447023,5.2549000101862475,2091.01340000052,7877.487562189055
1782376657,2,,Aggregated,0.500000,0.000000,9,14,19,26,38,45,62,82,2100,2100,2100,402,0,9,26.457461691447023,5.2549000101862475,2091.01340000052,7877.487562189055
1782376658,2,,Aggregated,0.600000,0.000000,9,14,19,26,38,45,62,82,2100,2100,2100,403,0,9,26.483100496176757,5.2549000101862475,2091.01340000052,7883.992555831265
1782376659,2,,Aggregated,0.400000,0.000000,9,14,19,26,38,45,62,82,2100,2100,2100,404,0,9,26.434622772195315,5.2549000101862475,2091.01340000052,7878.995049504951
1782376660,2,,Aggregated,0.400000,0.000000,9,14,19,26,38,45,62,82,2100,2100,2100,404,0,9,26.434622772195315,5.2549000101862475,2091.01340000052,7878.995049504951
1782376661,2,,Aggregated,0.400000,0.000000,9,14,19,26,38,45,62,82,2100,2100,2100,404,0,9,26.434622772195315,5.2549000101862475,2091.01340000052,7878.995049504951
1782376662,2,,Aggregated,0.600000,0.000000,9,14,19,26,38,45,62,82,2100,2100,2100,405,0,9,26.40357333322395,5.2549000101862475,2091.01340000052,7885.464197530864
1782376663,2,,Aggregated,0.500000,0.000000,9,14,19,26,38,45,62,82,2100,2100,2100,406,0,9,26.378306157531714,5.2549000101862475,2091.01340000052,7891.901477832513
1782376664,2,,Aggregated,0.500000,0.000000,9,14,19,26,38,45,62,82,2100,2100,2100,406,0,9,26.378306157531714,5.2549000101862475,2091.01340000052,7891.901477832513
1782376665,2,,Aggregated,0.500000,0.000000,9,14,19,26,38,45,62,82,2100,2100,2100,407,0,9,26.40929385736248,5.2549000101862475,2091.01340000052,7898.307125307126
1782376666,2,,Aggregated,0.500000,0.000000,9,14,19,26,38,45,62,82,2100,2100,2100,407,0,9,26.40929385736248,5.2549000101862475,2091.01340000052,7898.307125307126
1782376667,2,,Aggregated,0.400000,0.000000,9,14,19,26,38,45,62,82,2100,2100,2100,408,0,9,26.362320833190918,5.2549000101862475,2091.01340000052,7893.323529411765
1782376668,2,,Aggregated,0.400000,0.000000,9,14,19,26,38,45,62,82,2100,2100,2100,408,0,9,26.362320833190918,5.2549000101862475,2091.01340000052,7893.323529411765
1782376669,2,,Aggregated,0.500000,0.000000,9,14,19,26,38,45,62,82,2100,2100,2100,409,0,9,26.374739608669046,5.2549000101862475,2091.01340000052,7899.694376528118
1782376670,2,,Aggregated,0.500000,0.000000,9,14,19,26,38,45,62,82,2100,2100,2100,409,0,9,26.374739608669046,5.2549000101862475,2091.01340000052,7899.694376528118
1782376671,2,,Aggregated,0.500000,0.000000,9,14,19,26,38,45,62,82,2100,2100,2100,410,0,9,26.32802560962396,5.2549000101862475,2091.01340000052,7892.834146341464
1782376672,2,,Aggregated,0.500000,0.000000,9,14,19,26,38,45,62,82,2100,2100,2100,410,0,9,26.32802560962396,5.2549000101862475,2091.01340000052,7892.834146341464
1782376673,2,,Aggregated,0.500000,0.000000,9,14,19,26,38,45,62,82,2100,2100,2100,411,0,9,26.345637712735,5.2549000101862475,2091.01340000052,7899.175182481752
1782376674,2,,Aggregated,0.500000,0.000000,9,14,19,26,38,45,62,82,2100,2100,2100,411,0,9,26.345637712735,5.2549000101862475,2091.01340000052,7899.175182481752
1782376675,2,,Aggregated,0.500000,0.000000,9,14,19,26,38,45,62,82,2100,2100,2100,412,0,9,26.326113592059627,5.2549000101862475,2091.01340000052,7905.485436893204
1782376676,2,,Aggregated,0.500000,0.000000,9,14,19,26,38,45,62,82,2100,2100,2100,413,0,9,26.281915496193104,5.2549000101862475,2091.01340000052,7900.544794188862
1782376677,2,,Aggregated,0.500000,0.000000,9,14,19,26,38,45,62,82,2100,2100,2100,413,0,9,26.281915496193104,5.2549000101862475,2091.01340000052,7900.544794188862
1782376678,2,,Aggregated,0.500000,0.000000,9,14,19,26,38,45,62,82,2100,2100,2100,413,0,9,26.281915496193104,5.2549000101862475,2091.01340000052,7900.544794188862
1782376680,2,,Aggregated,0.600000,0.000000,9,14,19,26,38,45,62,82,2100,2100,2100,414,0,9,26.236213526392135,5.2549000101862475,2091.01340000052,7895.628019323672
1782376681,2,,Aggregated,0.500000,0.000000,9,14,19,27,38,45,62,82,2100,2100,2100,415,0,9,26.263140722708105,5.2549000101862475,2091.01340000052,7901.901204819277
1782376682,2,,Aggregated,0.500000,0.000000,9,14,19,27,38,45,62,82,2100,2100,2100,415,0,9,26.263140722708105,5.2549000101862475,2091.01340000052,7901.901204819277
1782376683,2,,Aggregated,0.500000,0.000000,9,14,19,27,38,45,62,82,2100,2100,2100,415,0,9,26.263140722708105,5.2549000101862475,2091.01340000052,7901.901204819277
1782376684,2,,Aggregated,0.600000,0.000000,9,14,19,26,38,45,62,82,2100,2100,2100,416,0,9,26.21649062481223,5.2549000101862475,2091.01340000052,7897.004807692308
1782376685,2,,Aggregated,0.500000,0.000000,9,14,19,26,38,45,62,82,2100,2100,2100,417,0,9,26.170305035762965,5.2549000101862475,2091.01340000052,7892.131894484412
1782376686,2,,Aggregated,0.500000,0.000000,9,14,19,26,38,45,62,82,2100,2100,2100,417,0,9,26.170305035762965,5.2549000101862475,2091.01340000052,7892.131894484412
1782376687,2,,Aggregated,0.500000,0.000000,9,14,19,26,38,45,62,82,2100,2100,2100,417,0,9,26.170305035762965,5.2549000101862475,2091.01340000052,7892.131894484412
1782376688,2,,Aggregated,0.500000,0.000000,9,14,19,26,38,45,62,82,2100,2100,2100,417,0,9,26.170305035762965,5.2549000101862475,2091.01340000052,7892.131894484412
1782376689,2,,Aggregated,0.500000,0.000000,9,14,19,26,38,45,62,82,2100,2100,2100,418,0,9,26.124309569192853,5.2549000101862475,2091.01340000052,7887.282296650717
1782376690,2,,Aggregated,0.400000,0.000000,9,14,19,26,38,45,62,82,2100,2100,2100,419,0,9,26.0774775654167,5.2549000101862475,2091.01340000052,7882.45584725537
1782376691,2,,Aggregated,0.400000,0.000000,9,14,19,27,38,45,62,82,2100,2100,2100,420,0,9,26.0875499997859,5.2549000101862475,2091.01340000052,7888.685714285714
1782376692,2,,Aggregated,0.500000,0.000000,9,14,19,26,38,45,62,82,2100,2100,2100,421,0,9,26.039941092447606,5.2549000101862475,2091.01340000052,7883.878859857482
1782376693,2,,Aggregated,0.500000,0.000000,9,14,19,26,38,45,62,82,2100,2100,2100,422,0,9,25.99482606614772,5.2549000101862475,2091.01340000052,7877.251184834123
1782376694,2,,Aggregated,0.500000,0.000000,9,14,19,26,38,45,62,82,2100,2100,2100,422,0,9,25.99482606614772,5.2549000101862475,2091.01340000052,7877.251184834123
1782376695,2,,Aggregated,0.500000,0.000000,9,14,19,26,38,45,62,82,2100,2100,2100,422,0,9,25.99482606614772,5.2549000101862475,2091.01340000052,7877.251184834123
1782376696,2,,Aggregated,0.700000,0.000000,9,14,19,27,38,45,62,82,2100,2100,2100,423,0,9,26.02232174920887,5.2549000101862475,2091.01340000052,7883.449172576832
1782376697,2,,Aggregated,0.600000,0.000000,9,14,19,27,38,45,62,82,2100,2100,2100,424,0,9,25.976198820538933,5.2549000101862475,2091.01340000052,7878.688679245283
1782376698,2,,Aggregated,0.600000,0.000000,9,14,19,27,38,45,62,82,2100,2100,2100,424,0,9,25.976198820538933,5.2549000101862475,2091.01340000052,7878.688679245283
1782376699,2,,Aggregated,0.600000,0.000000,9,14,19,27,38,45,62,82,2100,2100,2100,424,0,9,25.976198820538933,5.2549000101862475,2091.01340000052,7878.688679245283
1782376700,2,,Aggregated,0.700000,0.000000,9,14,19,28,38,45,62,82,2100,2100,2100,425,0,9,26.00587364683366,5.2549000101862475,2091.01340000052,7884.854117647059
1782376701,2,,Aggregated,0.700000,0.000000,9,14,19,28,38,45,62,82,2100,2100,2100,425,0,9,26.00587364683366,5.2549000101862475,2091.01340000052,7884.854117647059
1782376702,2,,Aggregated,0.600000,0.000000,9,14,19,27,38,45,62,82,2100,2100,2100,426,0,9,25.960481689936543,5.2549000101862475,2091.01340000052,7880.112676056338
1782376703,2,,Aggregated,0.600000,0.000000,9,14,19,27,38,45,62,82,2100,2100,2100,426,0,9,25.960481689936543,5.2549000101862475,2091.01340000052,7880.112676056338
1782376704,2,,Aggregated,0.600000,0.000000,9,14,19,27,38,45,62,82,2100,2100,2100,426,0,9,25.960481689936543,5.2549000101862475,2091.01340000052,7880.112676056338
1782376705,2,,Aggregated,0.500000,0.000000,9,14,19,27,38,45,62,82,2100,2100,2100,427,0,9,25.916018032600267,5.2549000101862475,2091.01340000052,7873.571428571428
1782376706,2,,Aggregated,0.500000,0.000000,9,14,19,27,38,45,62,82,2100,2100,2100,427,0,9,25.916018032600267,5.2549000101862475,2091.01340000052,7873.571428571428
1782376707,2,,Aggregated,0.400000,0.000000,9,14,19,28,38,45,62,82,2100,2100,2100,428,0,9,25.94855724278077,5.2549000101862475,2091.01340000052,7879.705607476635
1782376708,2,,Aggregated,0.400000,0.000000,9,14,19,28,38,45,62,82,2100,2100,2100,428,0,9,25.94855724278077,5.2549000101862475,2091.01340000052,7879.705607476635
1782376709,2,,Aggregated,0.400000,0.000000,9,14,19,28,38,45,62,82,2100,2100,2100,430,0,9,25.85785465097044,5.2549000101862475,2091.01340000052,7870.3348837209305
